variant,geo,period,rM,e,k,pcm,tech,pk_py,pk_w,fin,gap,cu,r,lnrM,lne,ln1k,lntech,lnpkpy,lnpkw,d_lnrM,d_lne,d_ln1k,d_lntech,d_lnpkpy,d_lnpkw,d_pcm,d_fin,d_gap,d_rM,d_cu,gap_prev_period
all,AT,2,0.030882304671747435,0.21332190377383306,5.907577204527414,0.07091026237951292,0.10357477601925255,1.024358125296008,57.03363196226464,0.05127214638013602,0.3603692838223961,86.22999999999999,0.036109879970819284,-3.477571923458034,-1.544952968791935,1.9326189546660988,-2.267461453519175,0.024066197209810822,4.0436411282583755,0.13250365997438518,0.1623833324782724,0.029879672503887234,0.08587337637024195,0.01117969112163201,-0.05094468716699119,0.005601751142043171,-0.0033134830772328927,0.7600532073367046,0.003832502399566756,0.7362499999999841,1.0
all,AT,3,0.03743656005640338,0.26944416127713383,6.197353626272787,0.08121583562410215,0.11124090948555158,1.0573802124637992,55.68291538898935,0.050018887211753384,0.4136354139891,85.22,0.04347729329739458,-3.285107510429244,-1.31139410387755,1.9737134065516944,-2.1960570737638587,0.05579435125637089,4.019673374371487,0.19246441302878958,0.23355886491438493,0.04109445188559557,0.07140437975531633,0.03172815404656007,-0.023967753886888765,0.010305573244589222,-0.0012532591683826338,0.053266130166703896,0.006554255384655948,-1.009999999999991,1.0
all,AT,4,0.02918069386159884,0.21978324684318534,6.531803317823614,0.06528038864738889,0.11816968498872893,1.1146698721739963,55.2741998010859,0.04522500666070434,-1.41439251318647,83.91,0.03364817281675541,-3.534247957499923,-1.5151134599212146,2.0191344975787087,-2.1356336790813266,0.10855828230439378,4.012306249950995,-0.24914044707067884,-0.20371935604366453,0.045421091027014304,0.060423394682532106,0.05276393104802289,-0.007367124420492033,-0.015935446976713258,-0.004793880551049047,-1.8280279271755702,-0.008255866194804541,-1.3100000000000023,1.0
all,AT,5,0.02844019316126796,0.21341084991881495,6.503846711190916,0.06519085161846387,0.12230904996237592,1.1206440844557453,53.185125770438944,0.04244660729289512,0.6928954265877053,85.99499999999999,0.032813019647527544,-3.5599518821831024,-1.5445360983009764,2.0154157838821263,-2.1012042409696923,0.11390359542142416,3.9737787664735866,-0.02570392468317939,-0.02942263837976178,-0.0037187136965823875,0.03442943811163435,0.005345313117030376,-0.03852748347740809,-8.95370289250158e-05,-0.0027783993678092145,2.1072879397741753,-0.0007405007003308817,2.0849999999999937,1.0
all,BE,2,0.015372850550145365,0.08147804287908449,4.30012586886913,0.026506227075275477,0.10637103460740503,1.017645102570134,40.436455739104005,0.05693953565821338,0.5638834386070867,81.105,0.018947827427319475,-4.175152276679274,-2.507421707559965,1.667730569119309,-2.240821970269626,0.01749123511574345,3.6997317478560556,-0.1008699169118783,-0.11288356871931748,-0.012013651807438741,0.02627800023347948,0.011924574401643469,-0.04130111293487504,-0.0036445476251029778,-0.002444630859473787,0.6587727063812343,-0.0016315628003228649,0.04999999999999716,1.0
all,BE,3,0.016518070399904206,0.09065829026726974,4.4884310377921315,0.0289000187472079,0.11128977810628989,1.0674917323892963,40.34020172454946,0.052175727232999604,1.1757487069721646,80.28,0.020198213920173035,-4.1033003215913,-2.4006578923802233,1.702642429211077,-2.1956178658321104,0.06531172125626832,3.6973485331221263,0.0718519550879737,0.10676381517974187,0.03491186009176794,0.045204104437515547,0.047820486140524865,-0.0023832147339293286,0.002393791671932422,-0.004763808425213775,0.6118652683650779,0.0011452198497588408,-0.8250000000000028,1.0
all,BE,4,0.010555106210900916,0.05759570670490596,4.456667659622722,0.018645194407561363,0.11513296607742499,1.0859364994792275,38.71832637196168,0.05731742697111808,-0.35678813032930223,78.32000000000001,0.01292349151962157,-4.551145535117519,-2.8543072504314253,1.6968382846860943,-2.1616675917740387,0.08244274786778055,3.6563130376095723,-0.447845213526219,-0.453649358051202,-0.0058041445249825685,0.03395027405807172,0.017131026611512237,-0.04103549551255403,-0.010254824339646536,0.005141699738118476,-1.5325368373014667,-0.00596296418900329,-1.9599999999999937,1.0
all,BE,5,0.01808549360272188,0.10117447018685842,4.594233279407513,0.03233297050640603,0.11920514029036075,1.0714762958893251,38.52314435810712,0.06238841169306899,0.1758584424739307,80.7,0.02202205766092622,-4.012645120463012,-2.290908824835269,1.721736295627743,-2.1269094020393866,0.06903741332498585,3.651259212832789,0.5385004146545072,0.5633984255961564,0.024898010941648785,0.034758189734652056,-0.013405334542794703,-0.005053824776783067,0.013687776098844667,0.005070984721950909,0.5326465728032329,0.007530387391820964,2.3799999999999955,1.0
all,CZ,2,0.046828371754612894,0.398765186570104,7.5154612818845905,0.08710157216773164,0.7788472650955308,0.9807427915548951,9.736919176579283,0.03129596224098996,-0.024655341536572402,84.28,0.053059309550472326,-3.0612660256712525,-0.9193825401660477,2.141883485505205,-0.24994031768062824,-0.019445043850768087,2.2759247613130245,-0.08520837297595474,-0.13649063963052044,-0.05128226665456559,0.15551446403248187,-0.009440891427600986,-0.2035569727366333,-0.012210706019950737,-0.0035087536222439195,1.199196650482407,-0.0041651003348914875,3.2549999999999955,1.0
all,CZ,3,0.053249235223725336,0.42809107789859224,7.0393845301247655,0.08975167581538711,0.8622993403913682,1.0146324632274215,8.162405418963424,0.03649512718901162,3.188346400002446,85.71000000000001,0.06081370836705873,-2.932771836491505,-0.8484193072103129,2.0843525292811926,-0.1481528059651595,0.014526441723175314,2.09953890727213,0.1284941891797473,0.07096323295573481,-0.057530956224012275,0.10178751171546874,0.0339714855739434,-0.17638585404089424,0.002650103647655472,0.00519916494802166,3.2130017415390184,0.006420863469112442,1.4300000000000068,1.0
all,CZ,4,0.051373411985274356,0.40287332520831437,6.8420589491660335,0.08455338182748227,0.9604746590843548,0.9467467554305415,7.137040925775797,0.04421542837791968,-0.807128915042291,82.09,0.058881884561579216,-2.96863451690577,-0.9091330959552333,2.0595014209505367,-0.040327680167525026,-0.05472363926653138,1.9652982542832356,-0.03586268041426477,-0.060713788744920394,-0.024851108330655958,0.10782512579763448,-0.0692500809897067,-0.13424065298889465,-0.005198293987904834,0.007720301188908062,-3.995475315044737,-0.0018758232384509799,-3.6200000000000045,1.0
all,CZ,5,0.054570977416459554,0.40291027831683407,6.383233678261173,0.0890950192327497,1.0103240123990695,0.9377483603725916,6.338935241995406,0.04022978609565782,2.1637312181158115,84.88000000000001,0.06312008906849059,-2.908253086702701,-0.9090413762717253,1.999211710430976,0.010271083761967822,-0.06427363849131267,1.8467108114422133,0.06038143020306874,9.171968350796256e-05,-0.06028971051956078,0.05059876392949285,-0.009549999224781287,-0.1185874428410223,0.004541637405267432,-0.003985642282261864,2.9708601331581024,0.003197565431185198,2.7900000000000063,1.0
all,DE,2,0.034670184662216656,0.21471619381859977,5.193107879595349,0.07366104266349685,0.12261968642630369,0.9614933017690912,42.365459635282456,0.04702180337018512,-0.2238583635074003,84.115,0.04134637654308283,-3.3618751930168207,-1.5384381516105903,1.8234370414062306,-2.0986676939310502,-0.03926768041637108,3.7463333990022294,0.0039146168643280355,-0.011775153623436507,-0.01568977048776432,0.08963081353001057,-0.026096081354968638,-0.1087481122845424,-0.004443722126979924,-7.848648800942021e-05,0.5466712901342237,0.00013545518900567183,0.09499999999998465,1.0
all,DE,3,0.040469923592229784,0.2611154013816591,5.452085356340856,0.0820561246852891,0.12737522387276415,0.9880770440423875,42.77768704108475,0.0486556737341476,-0.1927509756269071,83.6,0.047892757415835034,-3.2071962081062813,-1.342792818491761,1.8644033896145205,-2.0606180298528503,-0.011994604474548443,3.756016635831816,0.15467898491053944,0.19564533311882926,0.040966348208289816,0.038049664078199985,0.02727307594182264,0.009683236829586495,0.008395082021792247,0.0016338703639624808,0.031107387880493192,0.005799738930013128,-0.5150000000000006,1.0
all,DE,4,0.03437357865264482,0.22126672004656334,5.437116201444399,0.07024240911020493,0.12840298963001234,1.0377674008595679,42.36111937312639,0.04764422873620866,-0.15767213160645524,83.275,0.040695602567365145,-3.370467072136962,-1.508386427117505,1.8620806450194567,-2.0525816042745,0.03707167568281721,3.746230945623121,-0.16327086403068058,-0.1655936086257439,-0.0023227445950637637,0.008036425578350048,0.04906628015736565,-0.00978569020869502,-0.011813715575084163,-0.00101144499793894,0.03507884402045186,-0.006096344939584962,-0.32499999999998863,1.0
all,DE,5,0.03241774087818892,0.20318516396908262,5.267715098734357,0.06686090488588314,0.12833693345060343,1.0714189664495462,41.0476653375309,0.041628590807369,1.1568619813683338,85.505,0.038571783052181535,-3.4290494480702236,-1.5936375779064895,1.8354118701637345,-2.0530961808940917,0.0689839067996785,3.714733960652104,-0.058582375933261766,-0.0852511507889846,-0.026668774855722166,-0.0005145766195915336,0.03191223111686129,-0.03149698497101694,-0.0033815042243217908,-0.006015637928839662,1.3145341129747892,-0.001955837774455904,2.2299999999999898,1.0
all,DK,2,0.03437179667314023,0.23029140408652396,5.70001065921831,0.07695284460364481,0.9018311771950162,1.0770993525437151,6.321539157150841,0.04731648890319218,0.5391877414994976,81.82000000000001,0.04040192516378658,-3.3705189150281103,-1.4684097977043495,1.9021091173237608,-0.10332794140932854,0.07427164326375332,1.8439627160321845,-0.04250286059666397,-0.057066954904750666,-0.014564094308087139,-0.01408738667296533,0.05819935610291525,-0.0034028942972410547,-0.00675867342369757,-0.0013363867937033272,0.30239454201573074,-0.001492390454852971,-1.269999999999996,1.0
all,DK,3,0.030381730481506348,0.20345766967941264,5.696711031758356,0.06541948750374516,0.9307958845831541,1.1089506472780495,6.130181442675363,0.05530369536977645,0.7667956056994278,83.115,0.03571493595956773,-3.493913822228498,-1.5922973071402375,1.9016165150882602,-0.07171526893984465,0.10341420537442421,1.813224348641455,-0.12339490720038748,-0.123887509435888,-0.0004926022355005166,0.03161267246948389,0.029142562110670886,-0.03073836739072955,-0.011533357099899652,0.007987206466584275,0.2276078641999303,-0.003990066191633879,1.2949999999999875,1.0
all,DK,4,0.03435936888594143,0.22942971912009996,5.677355450902186,0.0729819028695028,1.0314576531052604,1.024743944558987,5.5035100572012485,0.05917142273629363,-2.1126842303555926,78.195,0.040411371298522694,-3.3708805497314693,-1.472158531151786,1.8987220185796836,0.03097299898335092,0.024442771196255285,1.7053860808987817,0.12303327249702845,0.12013877598845157,-0.0028944965085766494,0.10268826792319556,-0.07897143417816893,-0.10783826774267324,0.007562415365757649,0.003867727366517179,-2.8794798360550207,0.003977638404435085,-4.920000000000002,1.0
all,DK,5,0.037266223652401925,0.25067707915778725,5.726656328152808,0.07883179484419726,1.0647250575163145,1.0501205254018555,5.379211819070667,0.05629416353148238,1.8798562849903682,80.41,0.04377372497899586,-3.2896678946814295,-1.3835897053698352,1.9060781893115946,0.06271660387534195,0.04890494367901732,1.6825418614097476,0.08121265505003983,0.0885688257819508,0.0073561707319109715,0.03174360489199103,0.024462172482762036,-0.022844219489034145,0.00584989197469446,-0.0028772592048112514,3.9925405153459606,0.0029068547664604927,2.2150000000000034,1.0
all,EE,3,0.06104144272777145,0.4654494619237099,6.62513861278624,0.1312453557509013,0.028255322431377846,0.9364162023685015,238.61357967868722,0.05483741301760342,5.372030626498858,72.405,0.0702550526302064,-2.7962022565091837,-0.7647517554548753,2.0314505010543087,-3.5664734344850713,-0.06569524068668661,5.474845422037097,-0.08808919431803153,-0.17039302602481243,-0.08230383170678035,0.2546736747096343,-0.05143243001200665,-0.34110545915259394,-0.008873044260552382,0.00514971272121896,2.758396039244082,-0.005621033331346871,-0.05500000000000682,1.0
all,EE,4,0.058013297190349464,0.45781393876999865,6.891534543672793,0.12788249153582026,0.03666390798124756,0.8145661010433003,188.299744539398,0.052532279711229576,-3.448578625746335,71.01500000000001,0.06643134934153722,-2.8470830328096346,-0.7812924246357894,2.0657906081738453,-3.3059624415633326,-0.2050996988697876,5.238035078994093,-0.05088077630045085,-0.016540669180914125,0.03434010711953661,0.2605109929217386,-0.139404458183101,-0.23681034304300397,-0.0033628642150810295,-0.002305133306373844,-8.820609252245193,-0.003028145537421985,-1.3899999999999864,1.0
all,EE,5,0.05160669425424983,0.3776653236839722,6.318146010735251,0.11375000460328191,0.04084120251383812,0.7861051722870831,155.85655222357468,0.049673491559324025,1.7278231650423166,73.38499999999999,0.059774706542437564,-2.964103881299804,-0.9737468626286366,1.9903570186711674,-3.198063841607936,-0.24066468852326434,5.048936047187646,-0.11702084849016936,-0.19245443799284723,-0.07543358950267787,0.10789859995539652,-0.035564989653476736,-0.18909903180644694,-0.014132486932538352,-0.0028587881519055516,5.176401790788652,-0.006406602936099633,2.369999999999976,1.0
all,EL,2,0.07571156966728504,0.5549133497352289,6.329307161029669,0.15543854047820013,0.03826293228815484,0.9799180156682702,167.09318133185138,0.04331860653853993,0.36663358604805857,77.015,0.08767363245568162,-2.5808242944535866,-0.5889433040279206,1.9918809904256662,-3.263273676815464,-0.020286368298358663,5.118551628855248,-0.1578105592954473,-0.23447861808591525,-0.07666805879046801,0.1351287037252944,0.000998635849193373,-0.21935538926644949,-0.024406019076689656,-0.022640901035379538,1.383736938650485,-0.012942465001605938,1.4200000000000017,1.0
all,EL,3,0.073636852622601,0.5088577457392364,5.910367942356286,0.15191015991933438,0.04236131972089237,0.9424167604527062,139.47983793129012,0.04580049882282724,5.295862132612836,74.35,0.08609578129519464,-2.608609663582231,-0.6755867794118314,1.9330228841703994,-3.16151960385009,-0.05930768138228213,4.937920059857321,-0.027785369128644266,-0.08664347538391082,-0.058858106255266884,0.10175407296537387,-0.03902131308392347,-0.18063156899792698,-0.003528380558865757,0.0024818922842873084,4.929228546564778,-0.002074717044684038,-2.6650000000000063,1.0
all,EL,4,0.052243635419011836,0.39246395168677173,6.5121868633198385,0.12188353969090068,0.04815331169595366,0.8697677384088907,136.09944797316555,0.04595814791042596,-6.379477665076151,66.65,0.060266076499945226,-2.95183720571913,-0.9353105888137359,2.016526616905394,-3.033365364370988,-0.13952907032173595,4.913385853610734,-0.3432275421368991,-0.2597238094019044,0.08350373273499478,0.1281542394791022,-0.08022138893945382,-0.024534206246586976,-0.030026620228433692,0.0001576490875987227,-11.675339797688988,-0.021393217203589165,-7.699999999999989,1.0
all,EL,5,0.06065955714339488,0.43813300209058814,6.222819003687627,0.12914870690774496,0.04333502776641167,0.8547248512714759,143.55844622447734,0.05318826556718752,-2.2566836541530315,69.2,0.07040747960545721,-2.80247807738477,-0.8252327569593029,1.977245320425467,-3.1387940156573317,-0.1569756732161611,4.966742243042216,0.14935912833436005,0.11007783185443298,-0.039281296479927175,-0.10542865128634382,-0.01744660289442515,0.05335638943148169,0.007265167216844282,0.007230117656761556,4.122794010923119,0.008415921724383046,2.549999999999997,1.0
all,ES,2,0.053099194433996216,0.3858239452602046,6.266097901726071,0.11364766578625934,0.06591095435832657,1.0517721884691844,94.7294953597017,0.045776731582843205,2.944396182868696,79.48,0.06157323924893111,-2.935593521583855,-0.9523741139248786,1.9832194076589766,-2.7194506243026213,0.05047653998018402,4.551025412729811,-0.02313290101994614,0.039994943571219466,0.06312784459116605,-0.00810988602816387,0.05833101121210057,0.07760363683688087,-0.004908917127515233,-0.000422190490482352,4.4879379060530065,-0.001242656114697531,0.14500000000001023,1.0
all,ES,3,0.04821393622382492,0.3837287696528806,6.958876617571435,0.10941627990229305,0.07175179495255507,1.0956579245780986,97.26980701010079,0.04978420907944652,2.476713203925512,78.39499999999998,0.05514234419445668,-3.0321071664421764,-0.9578193049912405,2.074287861450936,-2.6345424078949713,0.09135502719732176,4.577488632815443,-0.09651364485832126,-0.005445191066361876,0.09106845379195927,0.08490821640765,0.04087848721713774,0.026463220085632067,-0.004231385883966293,0.004007477496603316,-0.4676829789431838,-0.0048852582101712935,-1.0850000000000222,1.0
all,ES,4,0.04503530961807442,0.35550723249868554,6.893966656687683,0.10821697692860716,0.08845281006799735,0.953673234997007,78.0058534196545,0.04001101967671894,-5.652132851608188,73.075,0.0515678781465843,-3.1003084387156745,-1.0342096853643958,2.066098753351279,-2.4252860887510157,-0.047434187175053426,4.356783867715668,-0.06820127227349815,-0.07639038037315538,-0.008189108099657005,0.2092563191439556,-0.13878921437237518,-0.2207047650997751,-0.0011993029736858951,-0.009773189402727582,-8.1288460555337,-0.003178626605750502,-5.319999999999979,1.0
all,ES,5,0.04931569848475081,0.36866150705300094,6.475540616483346,0.11223025873777823,0.08856280089364349,0.9103706657850822,73.13720162531999,0.039006647449885,-0.5464003526814791,78.905,0.05693138671921556,-3.009512820938255,-0.9978763810013428,2.011636439936912,-2.4240433640082193,-0.09390343736701293,4.292337151465903,0.0907956177774194,0.03633330436305304,-0.054462313414366914,0.0012427247427964083,-0.0464692501919595,-0.0644467162497655,0.004013281809171071,-0.001004372226833937,5.105732498926709,0.0042803888666763865,5.829999999999998,1.0
all,FI,2,0.051595415527508424,0.33157926012180045,5.426525626971972,0.09726151887543741,0.09140219601596446,1.0693503961448023,59.424645843951154,0.02965751748622026,1.5267285790518788,83.50500000000001,0.06110341734566235,-2.964322456807808,-1.1038884025449207,1.8604340542628874,-2.3924857743777914,0.06705135770337074,4.084709053513752,0.20146996631730563,0.18859048083934438,-0.01287948547796125,0.02608040642549403,0.05240679675113743,-0.04160171267513313,0.012567191287272891,-0.007021121190040017,2.497589500412736,0.00941471192522638,-2.454999999999984,1.0
all,FI,3,0.044912836972054865,0.29489102471854445,5.565851649541268,0.08485889853153071,0.09611792075565324,1.153263227168392,57.86197517151419,0.029964958660886436,2.8280936203403737,81.87,0.05298219271490089,-3.103031623713872,-1.2211493986239097,1.8818822250899625,-2.342179500103423,0.14259551286185249,4.058060436046462,-0.13870916690606405,-0.11726099607898899,0.021448170827075064,0.05030627427436851,0.07554415515848174,-0.026648617467289526,-0.012402620343906698,0.00030744117466617593,1.301365041288495,-0.00668257855545356,-1.6350000000000051,1.0
all,FI,4,0.029236744524018844,0.19268715412114026,5.5905817237224245,0.0582945211322835,0.10422641030941095,1.134002490797551,53.593409379484555,0.029207064080549138,-1.970496223024469,78.38499999999999,0.03446638715672718,-3.5323289866867795,-1.6466873683622754,1.885641618324504,-2.2611897239140597,0.12575340177365163,3.9814261011786622,-0.4292973629729073,-0.42553796973836566,0.0037593932345414416,0.0809897761893632,-0.016842111088200856,-0.07663433486780002,-0.026564377399247212,-0.0007578945803372976,-4.798589843364843,-0.01567609244803602,-3.4850000000000136,1.0
all,FI,5,0.03386766078143062,0.23717156219955857,6.0028917476815495,0.07059285637848536,0.10933793553319728,1.1481430380482602,54.84964699825002,0.03219357759914997,-0.19751803887410607,80.85499999999999,0.03950955175747747,-3.3852946791542786,-1.438971508592442,1.946323170561837,-2.2133118668605625,0.1381458877387522,4.004595750934805,0.1470343075325009,0.20771585976983342,0.06068155223733296,0.04787785705349723,0.012392485965100564,0.023169649756142885,0.012298335246201865,0.0029865135186008286,1.772978184150363,0.004630916257411778,2.469999999999999,1.0
all,FR,2,0.03440093747400359,0.19410759162240496,4.642508776660226,0.06572469800494296,0.0885693274833901,1.1521321841573025,52.37371728156624,0.036424310963738674,1.0744283064851556,85.19000000000001,0.04181092615231284,-3.36967146282285,-1.6393426776585511,1.730328785164299,-2.423969672241408,0.1416142988833058,3.95840488689831,0.05992867692951398,0.069851082002933,0.009922405073419016,-0.008828468493370156,0.10535176434651294,0.020217525998922348,0.0019318620547464221,-0.0009964169802562234,2.1275455013354643,0.0020010438614486703,1.825000000000017,1.0
all,FR,3,0.03037226350617281,0.18400145359139822,5.058206809446457,0.0615465727298364,0.08533313114680742,1.3691051159643934,59.22857898051552,0.03713625613765838,0.6289305154646164,83.2,0.03637681504990389,-3.4942254717115615,-1.6928116214511046,1.8014138502604569,-2.4611924925468416,0.3141573263859605,4.081404178451444,-0.12455400888871138,-0.053468943792553514,0.07108506509615786,-0.03722282030543367,0.1725430275026547,0.12299929155313372,-0.00417812527510656,0.0007119451739197036,-0.4454977910205392,-0.004028673967830784,-1.990000000000009,1.0
all,FR,4,0.02145404075950175,0.13521518215321296,5.302550818699629,0.04658566010557372,0.0845322769382686,1.546971084015142,62.735679874383756,0.042408750536810494,-0.8576126753307143,81.28,0.025500025700153958,-3.841842270953118,-2.000887827645136,1.8409544433079819,-2.4706218419523047,0.4362988797647461,4.13893034279505,-0.3476167992415564,-0.3080762061940314,0.039540593047525,-0.009429349405463139,0.12214155337878557,0.05752616434360647,-0.014960912624262683,0.005272494399152117,-1.4865431907953308,-0.008918222746671058,-1.9200000000000017,1.0
all,FR,5,0.018899848603155658,0.11922866853075033,5.308445693625452,0.0414504407279461,0.08495268254017756,1.6211323164747404,62.47445921334067,0.039242238328837595,1.0505511738863542,84.17499999999998,0.022460184282175825,-3.9686013673636684,-2.126712045459946,1.8418893219037225,-2.4656608534913413,0.48312486587184394,4.134757820634584,-0.1267590964105505,-0.1258242178148099,0.0009348785957405958,0.004960988460963378,0.04682598610709787,-0.004172522160466485,-0.00513521937762762,-0.003166512207972899,1.9081638492170685,-0.0025541921563460926,2.894999999999982,1.0
all,HU,2,0.02719027208611153,0.2660646697251482,8.785288976973899,0.0890483474738742,4.272877415515998,0.9829103425548518,2.0939039962017927,0.046280615338130285,2.484644808104332,81.405,0.03028524962838439,-3.6048960135429735,-1.3240158804816635,2.28088013306131,1.4522874680959161,-0.017237370975493525,0.7390302643112765,0.32732334904072236,0.1966126485272437,-0.13071070051347844,0.06757821935146158,-0.03102077611624385,-0.18939122605285819,0.01814323430918649,-0.009109629887526512,3.1497211957907787,0.007590147622541742,2.1424999999999983,1.0
all,HU,3,0.032825145685260675,0.3032686353414933,8.23891209042428,0.10009296757669815,4.782750905178795,0.9685620896093203,1.717758585276752,0.057986968548428,3.069338967613652,81.995,0.03680930589051543,-3.4165604205621305,-1.1931362809719048,2.2234241395902257,1.5650158841404012,-0.03194268914577039,0.5410202928945832,0.18833559298084301,0.1308795995097587,-0.05745599347108454,0.11272841604448502,-0.014705318170276867,-0.1980099714166933,0.011044620102823949,0.011706353210297712,0.5846941595093198,0.0056348735991491455,0.5900000000000034,1.0
all,HU,4,0.03313072391150475,0.32728169412480473,8.878495109222625,0.10655340630340092,5.021869706534512,0.9936428454504801,1.7683298501645204,0.057560415296021364,-3.018485591449718,77.945,0.03686229367686846,-3.4072942122750445,-1.116934028996963,2.2903601832780813,1.6138023158616939,-0.006377447305007924,0.5700355136491599,0.00926620828708602,0.0762022519749419,0.06693604368785566,0.04878643172129271,0.02556524184076247,0.029015220754576743,0.006460438726702766,-0.00042655325240663344,-6.08782455906337,0.0003055782262440729,-4.050000000000011,1.0
all,HU,5,0.04622449823851523,0.4451541485147762,8.630264588656242,0.13790085602226793,4.60201986863907,1.0370690102070654,1.8735692085427824,0.0482186601346589,1.8778022320903112,82.995,0.051580591063209565,-3.0742453565322703,-0.8093346556421254,2.2649107008901446,1.5264953089960902,0.03639847496669979,0.627845279344749,0.3330488557427742,0.30759937335483756,-0.02544948238793676,-0.08730700686560366,0.04277592227170771,0.057809765695589044,0.03134744971886701,-0.009341755161362465,4.896287823540029,0.013093774327010484,5.050000000000011,1.0
all,IE,2,0.06728109936558474,0.42095075721867403,5.256597487079654,0.11896818079193015,0.05383786772461336,1.1738010712559315,97.04856556195914,0.11073271780970587,2.3533887002060467,77.87,0.0800804623624581,-2.698875923296592,-0.8652394183672656,1.8336365049293266,-2.9217781983561215,0.16024726178091342,4.5752115291035125,-0.08322644453373096,0.08372823539276075,0.16695467992649204,0.1755434736467869,0.0990238621432275,0.027628334674306032,0.0052441552140766595,0.014578971561433285,-0.6945959640347512,-0.005839183834089337,-0.3850000000000051,1.0
all,IE,3,0.054860716079340524,0.35286553025397893,5.432025599951314,0.09841303678103908,0.0677119331798864,1.1216547732098818,81.58187212010526,0.12649906685251608,1.4169100660916902,75.16,0.0649602112068731,-2.9029577407080587,-1.0416682287473806,1.8612895119606778,-2.692492849015082,0.11480507099335942,4.40160708189903,-0.20408181741146647,-0.17642881038011504,0.027653007031351207,0.2292853493410396,-0.045442190787554,-0.17360444720448243,-0.020555144010891077,0.015766349042810213,-0.9364786341143565,-0.012420383286244216,-2.710000000000008,1.0
all,IE,4,0.06392701343495358,0.3989278627046944,5.240364460489112,0.11403076499047188,0.08914448874841542,0.9071312106634298,58.723948670194105,0.11962858081316805,-2.504640219363134,77.44,0.07612597667824429,-2.7500132614694026,-0.9189746736640305,1.8310385878053717,-2.417496756568045,-0.09746817487186782,4.0728476277911785,0.15294447923865606,0.12269355508335011,-0.03025092415530617,0.27499609244703693,-0.21227324586522722,-0.32875945410785157,0.015617728209432802,-0.006870486039348034,-3.921550285454824,0.009066297355613054,2.280000000000001,1.0
all,IE,5,0.07108900456850807,0.5247831944781144,6.382058556923297,0.13386371753138954,0.09861791379944627,0.9525580642425808,64.50965773424163,0.08844555578147414,3.767357601230234,77.88499999999999,0.08222788772579127,-2.6438226015511015,-0.6447700645820036,1.9990525369690977,-2.3165023523396724,-0.04860421400452571,4.166814944906786,0.10619065991830112,0.27420460908202693,0.16801394916372603,0.10099440422837258,0.048863960867342106,0.09396731711560768,0.01983295254091766,-0.0311830250316939,6.271997820593368,0.007161991133554493,0.4449999999999932,1.0
all,IT,2,0.055652000825223744,0.3570744454232741,5.416201396687852,0.09774942066637454,0.07670826080704025,0.9889584167816869,70.6080207233151,0.05027085115902012,0.5498187813433059,76.63,0.06592709895197663,-2.8886372481742213,-1.0298109883445743,1.858826259829647,-2.56774587357873,-0.011102993964617823,4.257143746025266,-0.010757108988868946,0.02046545663921262,0.031222565628081567,0.047887397098100415,0.0025306453056420427,-0.010785678095907691,-0.003955690640866802,0.00384717595918032,2.7710937620085816,-0.0006018861116302218,-0.23999999999999488,1.0
all,IT,3,0.043070032066446655,0.29281258971102897,5.798522677189788,0.08114560527605953,0.08125027026067275,1.0321784428782443,71.27951347992139,0.05366184792204528,-0.40522738020908344,74.55499999999999,0.05049779159489955,-3.1449278353970858,-1.228222500172396,1.9167053352246894,-2.510221131492619,0.03167156187794107,4.266608957661165,-0.25629058722286446,-0.1984115118278218,0.057879075395042445,0.057524742086111136,0.04277455584255889,0.009465211635899529,-0.01660381539031501,0.0033909967630251572,-0.9550461615523893,-0.012581968758777089,-2.075000000000003,1.0
all,IT,4,0.03116854839833206,0.22984260597347766,6.374183841868535,0.06591400647221046,0.08868300429653013,1.0787320847408108,71.85007377271813,0.0553078645402119,-4.528036289541372,72.16,0.03605835847779711,-3.4683457567611167,-1.4703605261684636,1.997985230592653,-2.4226870168587267,0.07578635585308677,4.274581639284675,-0.3234179213640309,-0.24213802599606749,0.08127989536796365,0.08753411463389238,0.0441147939751457,0.00797268162351017,-0.01523159880384907,0.0016460166181666222,-4.122808909332289,-0.011901483668114596,-2.394999999999996,1.0
all,IT,5,0.03567901212927064,0.2583311275659337,6.240422650435489,0.07483560574842797,0.08748100542258777,1.066697458025369,71.34902908608277,0.05267922335243121,-2.500237666866524,76.78999999999999,0.04139641528092749,-3.333192658613523,-1.3535130767878027,1.9796795818257202,-2.4363335900687453,0.06456738761971367,4.267583736066878,0.13515309814759346,0.11684744938066083,-0.018305648766932858,-0.013646573210018609,-0.011218968233373094,-0.006997903217797585,0.00892159927621751,-0.002628641187780688,2.0277986226748483,0.00451046373093858,4.6299999999999955,1.0
all,JP,2,0.021481130805421307,0.13570290796993578,5.317307463892344,0.04657749831399345,15.487818758639877,1.0035570525517647,0.34344656228743703,0.05746896244083386,-1.1276681152727952,,0.025520981980342236,-3.8405803661544633,-1.9972872829682982,1.8432930831861654,2.7400538284151237,0.0035507412024428837,-1.0687237477261413,0.44670684007746786,0.5387941463214658,0.09208730624399863,0.1260509285652187,0.0032259361330369274,-0.015597964087007199,0.01764045994888173,0.005956068094600767,0.17244447253866002,0.007738976397499786,,1.0
all,JP,3,0.019259999071574527,0.1285004297214804,5.671881407882919,0.04180992923812055,16.226702978055396,1.0865655400222638,0.34953807021084804,0.05535010466480987,0.3027750769285339,,0.0226556975508845,-3.9497249208170118,-2.05182303051642,1.8979018903005918,2.7866582172089056,0.08302184105082733,-1.0511427955985455,-0.10914455466254847,-0.05453574754812163,0.054608807114426394,0.046604388793781926,0.07947109984838445,0.017580952127595806,-0.0047675690758729045,-0.00211885777602399,1.430443192201329,-0.0022211317338467797,,1.0
all,JP,4,0.01900163096118759,0.1330894745438316,6.004107953452939,0.042046633815912955,16.671935796757925,1.1504672916296275,0.3601212754876342,0.04619349476643686,-0.14304545040390698,,0.02216640266557705,-3.963230463437239,-2.0167336360180603,1.9464968274191792,2.813726814601325,0.14016820038869773,-1.0213144279075408,-0.013505542620227295,0.03508939449835946,0.04859493711858742,0.027068597392419402,0.057146359337870406,0.02982836769100472,0.00023670457779240844,-0.009156609898373011,-0.4458205273324409,-0.0002583681103869376,,1.0
all,JP,5,0.02173317024091395,0.15215540613813566,6.001068157635571,0.047684359043944635,16.676897968789547,1.1776577204210743,0.35987409621458416,0.04127838598962906,1.6986724201741854,,0.02535472054996374,-3.828915602998222,-1.8828528716362423,1.9460627313619798,2.8140244065413085,0.1635274830944861,-1.022001041440004,0.1343148604390172,0.13388076438181806,-0.0004340960571993513,0.0002975919399834659,0.023359282705788353,-0.0006866135324632427,0.00563772522803168,-0.0049151087768078,1.8417178705780923,0.0027315392797263617,,1.0
all,LT,2,0.07049076125149423,0.6444144954862644,8.14182914250489,0.19995860897537154,0.017916412374526323,0.8573079988275654,459.03989271224253,0.024879200651607557,1.0819436692463433,62.675,0.07914861442155072,-2.6522736238292977,-0.4394131333850407,2.212860490444257,-4.02203809379289,-0.15395803308600717,6.129137118511005,0.42653262160772565,0.3408240669093214,-0.085708554698404,0.10549770061038988,-0.06058021143594906,-0.23734129085973432,0.05686125416200552,0.0011565440756737752,,0.024476607769961287,13.555,1.0
all,LT,3,0.07269570271554268,0.5588556103448924,6.687601735300461,0.18234997787309484,0.02046543160164556,0.8676603198711588,331.9698305892533,0.03554772420224714,3.8203601337270228,69.97,0.08356592280233686,-2.6214730060171916,-0.5818641391118994,2.0396088669052923,-3.8890180795144658,-0.14195497746788352,5.805044093068287,0.03080061781210608,-0.1424510057268587,-0.1732516235389645,0.13302001427842436,0.012003055618123648,-0.3240930254427177,-0.0176086311022767,0.010668523550639582,2.7384164644806797,0.0022049414640484544,7.295000000000002,1.0
all,LT,4,0.07721979215735586,0.620301383479407,7.032932570128885,0.19753341203283678,0.02506190970366088,0.7876659313633494,281.36690787235545,0.02985007769408552,-5.58919766392138,70.98499999999999,0.08819953515749965,-2.5610994797146023,-0.47754981666635044,2.0835496630482515,-3.6864061271638615,-0.2386812239847022,5.639659539585818,0.0603735263025893,0.10431432244554895,0.043940796142959204,0.20261195235060425,-0.09672624651681869,-0.16538455348246917,0.015183434159741938,-0.005697646508161618,-9.409557797648402,0.004524089441813178,1.0149999999999864,1.0
all,LT,5,0.07102386228015158,0.49670295153805494,5.993465795746568,0.16715502608259336,0.026371499546429877,0.7811948710039357,229.78743699750902,0.027011234370494443,0.10817218099641188,76.39500000000001,0.08287407794844749,-2.6447393699530553,-0.699763114591229,1.9449762553618264,-3.635471414612574,-0.24693064553632296,5.437154694631762,-0.08363989023845297,-0.22221329792487854,-0.13857340768642512,0.050934712551287564,-0.008249421551620756,-0.2025048449540554,-0.03037838595024342,-0.002838843323591078,5.697369844917792,-0.006195929877204284,5.410000000000025,1.0
all,LU,2,0.09897575247836463,0.5368543553999383,4.42409976137631,0.11919469106166983,0.10963947827619687,0.9614607413867391,40.42359832291529,0.2332498006105511,0.8821377236051138,84.905,0.12134770560258032,-2.3128803833074048,-0.6220284402543238,1.6908519430530808,-2.210557766075867,-0.039301545377908885,3.6994137313410724,-0.03176261665221913,-0.07589057494185536,-0.04412795828963656,0.006743391907528373,-0.007866762388154154,-0.06012860284898336,-0.03185259134642879,0.0020815369575163667,1.6073296307554963,-0.0031941882348147377,2.8900000000000006,1.0
all,LU,3,0.11511679740515463,0.5994735645192778,4.2075246882470605,0.11419739853895126,0.11432646296162016,0.8966096168137128,36.88372671774424,0.2828088063411734,0.4869742281161134,79.96000000000001,0.1424765411819914,-2.1618080364116565,-0.5117034013679247,1.6501046350437318,-2.168697213004519,-0.10913472144980219,3.607770443413578,0.15107234689574822,0.11032503888639911,-0.040747308009349004,0.04186055307134806,-0.0698331760718933,-0.09164328792749421,-0.004997292522718563,0.0495590057306223,-0.39516349548900037,0.01614104492679,-4.944999999999993,1.0
all,LU,4,0.11331554485250346,0.6025282815247992,4.317260595702706,0.10758408979888659,0.12610952509297318,0.8309185276666735,34.23672571795801,0.27740892972841047,-1.1671411372134914,73.725,0.13956263889294543,-2.1775789195429005,-0.5066206744288648,1.6709582451140357,-2.0706045028372153,-0.18522353024872848,3.533298919304864,-0.015770883131243973,0.005082726939059867,0.02085361007030384,0.09809271016730348,-0.0760888087989263,-0.07447152410871416,-0.0066133087400646745,-0.005399876612762922,-1.6541153653296048,-0.0018012525526511641,-6.235000000000014,1.0
all,LU,5,0.09905961040799001,0.5350596640741625,4.401390757246561,0.08568109336040948,0.131435537176002,0.8283304748861097,33.53428263134256,0.26430278156750886,0.5764599470885517,77.58500000000001,0.12156604436750514,-2.3120334847190382,-0.625377016670257,1.686656468048781,-2.0292387591466388,-0.18834307996719052,3.512568277682597,-0.13445456517613774,-0.1187563422413922,0.01569822293474532,0.04136574369057655,-0.003119549718462039,-0.020730641622267232,-0.02190299643847711,-0.01310614816090161,1.743601084302043,-0.014255934444513452,3.8600000000000136,1.0
all,LV,2,0.044793845426567176,0.565528609577374,11.625140891385934,0.128074889690241,0.01596612736909425,0.977942413591777,733.0739127913062,0.0374455013511231,0.5370420921571982,66.255,0.0486470327423234,-3.1056845278698075,-0.5699943930569157,2.5356901348128917,-4.137285840269728,-0.022304492488920375,6.597246532807554,0.8843019420323728,0.6587089739506634,-0.2255929680817097,-0.015276856318353182,-0.022441514844299973,-0.22988889183040673,0.050564325533076535,0.0005727093960439175,2.432638224187033,0.026293881002112936,11.469999999999992,1.0
all,LV,3,0.038319005634168325,0.4022630579541978,9.497742603098958,0.10185278402414819,0.016961632550474698,1.2253647972275488,569.2426480414799,0.05018418574264218,7.875299759070908,67.42,0.042353543864512185,-3.2618092752201164,-0.9106490313513924,2.351160243868724,-4.076801394378639,0.20323859332010255,6.344306789693965,-0.1561247473503089,-0.34065463829447673,-0.18452989094416772,0.060484445891089145,0.22554308580902294,-0.2529397431135889,-0.026222105666092815,0.012738684391519081,7.3382576669137105,-0.006474839792398851,1.1650000000000063,1.0
all,LV,4,0.038880619940022954,0.43568281307120377,10.205654995812461,0.09984079719138014,0.021050786968842147,1.1629546004174482,485.82978984108195,0.04219238914508856,-6.36181063142819,69.05499999999999,0.04269033327600935,-3.2472593545575803,-0.8308407933404689,2.416418561217111,-3.8608173338593605,0.150963836160175,6.185858335892372,0.014549920662536131,0.07980823801092352,0.06525831734838716,0.2159840605192782,-0.05227475715992755,-0.15844845380159267,-0.0020119868327680424,-0.00799179659755362,-14.237110390499097,0.0005616143058546283,1.634999999999991,1.0
all,LV,5,0.030020230534275813,0.2703606526234651,8.005948582399421,0.07856929811369288,0.02050199399319906,1.224635859491059,392.45356976685895,0.04181500777521144,1.2613845491363533,74.185,0.03376997114593468,-3.5058837734500177,-1.3079984608474928,2.1978853126025246,-3.887233129607066,0.2026435422485857,5.972418236637604,-0.25862441889243737,-0.47715766750702393,-0.21853324861458656,-0.026415795747705584,0.05167970608841069,-0.21344009925476826,-0.02127149907768726,-0.000377381369877125,7.623195180564544,-0.00886038940574714,5.13000000000001,1.0
all,MT,3,0.06201812827532168,0.49072121219125076,6.9125447000392475,0.14615033333950037,0.049399887204073956,0.9904705332741198,139.798526692326,0.09048565305770102,,78.41,0.0709899513833834,-2.780328545137674,-0.7118791083892769,2.068449436748397,-3.007807138109208,-0.009575162630706355,4.9402022910626755,0.12238511467995528,0.1342005382804412,0.011815423600486152,0.04809032441477834,-0.012612978600569067,-0.0383691503110688,-0.0030803772841542787,0.0417243794435767,,0.007144020109241173,7.134999999999991,1.0
all,MT,4,0.08059678206293801,0.5520484565371264,5.84950989862141,0.14527517535686355,0.04626693595074429,0.9852816779655832,126.8255496106768,0.10307811590864754,,77.005,0.09437516409147903,-2.5182965550440137,-0.5941194529760441,1.9241771020679694,-3.0733276993334364,-0.014827711213204349,4.842812517058004,0.2620319900936603,0.11775965541323286,-0.14427233468042777,-0.06552056122422822,-0.0052525485824979935,-0.09738977400467164,-0.0008751579826368205,0.01259246285094652,,0.018578653787616327,-1.4050000000000011,1.0
all,MT,5,0.11775066799114663,0.6875332946825281,4.838890822549066,0.1513509062590332,0.04191160851171701,0.963321158992013,116.09053881630791,0.0936791992166601,,79.135,0.14208489505046207,-2.1391858731407956,-0.3746450219849071,1.7645408511558884,-3.1721924376404718,-0.03736842434817961,4.754370393706284,0.37911068190321817,0.21947443099113695,-0.159636250912081,-0.09886473830703535,-0.022540713134975257,-0.08844212335171964,0.006075730902169646,-0.009398916691987447,,0.03715388592820862,2.1300000000000097,1.0
all,NL,2,0.0388403473165308,0.22855258285564442,4.8844114084008305,0.07502336301123584,0.09656976223330561,1.0599527116932679,50.50807431057066,0.07535758206800422,0.6977928406915248,83.28,0.04679224654633937,-3.2482956933608174,-1.475988973215322,1.7723067201454954,-2.3374896071239184,0.05822429551872366,3.922133210838729,0.03295266588709733,0.048687377592216974,0.01573471170511942,0.05199212895538485,0.04638447701116041,-0.03550956381259862,0.0015548264864623657,0.001005796926538835,0.29393226342557227,0.0012590347839665644,-1.1750000000000114,1.0
all,NL,3,0.042433547162697406,0.2602358756117594,5.132786274359082,0.08254016470968423,0.10249608755651182,1.0923570639447706,50.081946993375674,0.07120310427618234,0.4041428751997689,81.475,0.05070070361428684,-3.159816022915826,-1.3461668453450282,1.8136491775707977,-2.2779306513125466,0.08833780551027444,3.9136606036993786,0.0884796704449915,0.1298221278702938,0.04134245742530229,0.05955895581137183,0.030113509991550783,-0.008472607139350163,0.007516801698448386,-0.004154477791821876,-0.2936499654917559,0.0035931998461666073,-1.8050000000000068,1.0
all,NL,4,0.03431279657819475,0.20942296449937908,5.103348761507366,0.06589743508314277,0.10817852778196287,1.1005336739535356,47.214428995947614,0.0891071089791704,-2.257677416303004,78.92,0.041036381067854406,-3.3722369163050865,-1.5633993184624404,1.808837597842646,-2.2239723815983394,0.09579522029274391,3.854699544941757,-0.21242089338926062,-0.21723247311741223,-0.004811579728151605,0.05395826971420714,0.007457414782469474,-0.058961058757621476,-0.016642729626541453,0.017904004702988058,-2.6618202915027727,-0.008120750584502658,-2.5549999999999926,1.0
all,NL,5,0.03955881293928905,0.22743961305306643,4.749404396995387,0.06943691472804805,0.1078192039708826,1.045667253337672,44.06598334475812,0.07721081746565797,0.5850074346876821,82.825,0.04788802848562473,-3.229966779268099,-1.4808705129551802,1.749096266312919,-2.2272994919307525,0.04465520159000823,3.7856881320806433,0.14227013703698743,0.08252880550726016,-0.05974133152972705,-0.0033271103324130635,-0.051140018702735685,-0.0690114128611139,0.00353947964490528,-0.01189629151351243,2.842684850990686,0.0052460163610942995,3.905000000000001,1.0
all,PL,3,0.1272233340261394,0.5404480616791824,3.2480262431115157,0.1535470850835977,0.05344687618692474,0.9107994879306676,61.0120867610554,0.049499253905080795,-1.9473014116738316,76.42,0.1663927632436395,-2.0618112012981107,-0.615356739620607,1.4464544616775037,-2.929067086868657,-0.09343250701200395,4.111071988169315,0.3660810902799416,0.3475322984653878,-0.018548791814554155,0.04534519741066312,-0.06184932683419345,-0.06570158101147339,0.032374603407147554,0.0022520336755237347,1.8153547944423598,0.03900074978388822,6.189999999999998,1.0
all,PL,4,0.1387109438057691,0.5790238609507614,3.1743199567695495,0.16768727648125129,0.06484780314667898,0.8135975333368688,49.09165026021816,0.051106898733711034,-1.1282439946578204,74.64500000000001,0.18240878954748593,-1.9753630520647842,-0.5464115916351995,1.4289514604295848,-2.735712244712083,-0.20628946604089207,3.8936889645393102,0.08644814923332644,0.06894514798540752,-0.017503001247918926,0.19335484215657406,-0.11285695902888812,-0.21738302363000495,0.014140191397653573,0.0016076448286302392,0.8190574170160112,0.011487609779629704,-1.7749999999999915,1.0
all,PL,5,0.1380366739535993,0.5537314668736342,3.0114807971957487,0.16144203024150194,0.07486623065302828,0.7766955713701351,40.48919905537455,0.05179477136754407,0.1437292178794885,80.19,0.1838734842305027,-1.9802358758441305,-0.5910754265826288,1.389160449261502,-2.5920523492315857,-0.2527068054266148,3.701035248553642,-0.00487282377934628,-0.044663834947429315,-0.03979101116808281,0.1436598954804973,-0.046417339385722706,-0.19265371598566805,-0.006245246239749341,0.0006878726338330338,1.2719732125373089,-0.0006742698521697843,5.5449999999999875,1.0
all,PT,3,0.039424449974733954,0.2990373954610381,6.585074633956413,0.0884445927558289,0.0,,,0.07359058120852208,0.5300116905010366,80.48999999999998,0.045411390467623575,-3.233369097410215,-1.2071866449802893,2.026182452429926,-inf,,,-0.020774163924219824,0.06416360205911675,0.08493776598333658,-inf,,,0.0037669646965429043,0.010648247364939273,-1.5374692515160862,-0.0008275763269399508,-2.390000000000015,1.0
all,PT,4,0.04242567665877809,0.3441461210488482,7.1117414771425365,0.09881428463013113,0.0,,,0.061050217498448175,-4.558947299444196,76.515,0.048391258618574594,-3.1600015184597976,-1.066688941307347,2.093312577152451,-inf,,,0.07336757895041757,0.14049770367294223,0.06713012472252489,,,,0.010369691874302228,-0.012540363710073901,-5.088958989945233,0.0030012266840441365,-3.97499999999998,1.0
all,PT,5,0.04725132013766033,0.3812472124927217,7.068498644736477,0.10793684324093207,0.0,,,0.0485450461046335,-1.1491389341980445,79.48499999999999,0.053936094728774635,-3.0522746860113013,-0.9643072625817453,2.0879674234295558,-inf,,,0.10772683244849635,0.10238167872560178,-0.005345153722895013,,,,0.00912255861080094,-0.012505171393814678,3.409808365246152,0.004825643478882237,2.9699999999999847,1.0
all,RO,3,0.047259343488325424,0.3879128795167795,7.208173260227503,0.11859128361385582,0.021026208191065574,1.2698169339748362,342.2977679774166,0.02903173829482338,4.153551139968576,80.21000000000001,0.05381569858443389,-3.052104898806841,-0.9469745018990314,2.1051303969078092,-3.861985610276378,0.23887274360389116,5.835681024852936,1.1442148077235488,1.134062208541468,-0.010152599182080557,0.12882325393635607,0.09499247900768698,-0.11113879303029783,0.07378398411622157,-0.012729234868461819,4.897554186979471,0.03220847686545926,0.9037500000000165,1.0
all,RO,4,0.06431261142818898,0.599189806162407,8.316832155563429,0.13990306805815192,0.024692671956735135,1.181801613409454,337.3039025666685,0.04388597664748352,-0.9908783671412783,78.16,0.07204543688687856,-2.7439995327839046,-0.5121768593363784,2.2318226734475264,-3.7012487612805485,0.16704006514212347,5.820984312017478,0.30810536602293626,0.4347976425626531,0.12669227653971715,0.16073684899582963,-0.07183267846176769,-0.014696712835458037,0.0213117844442961,0.01485423835266014,-5.144429507109854,0.017053267939863552,-2.0500000000000114,1.0
all,RO,5,0.07013262837929943,0.5902228916618204,7.415810234142493,0.15744651609805976,0.030393832195001434,1.0926490435016465,248.13753160469986,0.03844832584360364,3.103792619642136,76.33,0.07958980516308603,-2.6573671384631687,-0.5272550309465432,2.1301121075166254,-3.4935155794769024,0.08860506294046537,5.513983155373968,0.08663239432073588,-0.015078171610164892,-0.101710565930901,0.20773318180364608,-0.0784350022016581,-0.30700115664350935,0.017543448039907844,-0.0054376508038798815,4.094670986783415,0.005820016951110452,-1.8299999999999983,1.0
all,SE,2,0.04103118128917464,0.2544311406926438,5.200921657592416,0.07018244087225128,0.754710054538975,1.1436112234756124,6.886106635197469,0.04218762507937102,0.3768157978673251,84.41499999999999,0.04892039477680264,-3.1934229820778888,-1.368725046624431,1.8246979354534576,-0.2814216372161593,0.13419099557981667,1.9295058505933305,-0.31852698987981043,-0.27144690238987024,0.04708008748994019,0.09018198957904416,0.11379603685602296,-0.03400922019570407,-0.020381863607746867,-0.005773892909052093,0.7466453851867608,-0.015390826238420245,-0.6975000000000193,1.0
all,SE,3,0.038742333081494586,0.25459142595020084,5.571401505806767,0.06872872710444905,0.826110413501934,1.2409741976224469,6.730431928150497,0.041075005040990424,0.7249914888644048,84.14,0.045696118954064634,-3.2508223987202842,-1.3680952699765632,1.882727128743721,-0.19102684187403302,0.21589671440474797,1.9066393211143808,-0.05739941664239545,0.0006297766478677858,0.05802919329026346,0.0903947953421263,0.0817057188249313,-0.022866529478949627,-0.0014537137678022338,-0.001112620038380599,0.3481756909970797,-0.0022888482076800568,-0.2749999999999915,1.0
all,SE,4,0.03343814230024777,0.22988309308237911,5.874876331891072,0.06469309851515606,0.8770196503003007,1.2950716096105632,6.70293240713251,0.043701621614765415,-1.1333740177822016,81.635,0.039129860799704985,-3.3980580455310294,-1.470184390228753,1.9278736553022762,-0.13122588058924817,0.25856599061925245,1.9025451033525034,-0.1472356468107452,-0.10208912025218986,0.04514652655855511,0.05980096128478485,0.042669276214504476,-0.004094217761877461,-0.004035628589292989,0.002626616573774991,-1.8583655066466065,-0.0053041907812468175,-2.5049999999999955,1.0
all,SE,5,0.03250136224899482,0.22728699616622,5.993152915405857,0.06436508624319562,0.898957641662103,1.3350849222125134,6.664106518514022,0.0413376580682958,0.5935397923148776,84.625,0.03792444467451538,-3.4264732751711824,-1.4815417597636258,1.9449315154075566,-0.10651936279286482,0.288994901973251,1.8967358889075676,-0.028415229640152972,-0.011357369534872763,0.01705786010528043,0.024706517796383345,0.030428911353998556,-0.005809214444935762,-0.0003280122719604428,-0.0023639635464696163,1.7269138100970793,-0.0009367800512529514,2.989999999999995,1.0
all,SI,3,0.017843321626753214,0.11477654395223631,5.432465117937863,0.041811776715060374,0.04865248110472306,1.0165436123473266,111.91787678133414,0.06216468388576536,4.731373434857939,81.39000000000001,0.021127893407588954,-4.026125979321024,-2.1647681369465963,1.8613578423744281,-3.023052472581198,0.016408257590221013,4.717765359317146,0.7150144796925151,0.7418406977133576,0.02682621802084384,0.10298477862827538,0.0394134502400222,-0.06917237487899275,0.02041309890268175,0.0023920246266746423,5.379594385922674,0.009114635828302112,0.4399999999999977,1.0
all,SI,4,0.006765868884180723,0.04660545283056862,5.888317469399506,0.017843842718664998,0.05206144826019592,1.0700361388254722,113.08501901819861,0.058175383540222766,-2.1027613644009038,78.715,0.007914901510111932,-4.995864587442674,-3.066037731164571,1.9298268562781031,-2.9553305607439606,0.0676924225067108,4.728139916507899,-0.9697386081216504,-0.9012695942179745,0.06846901390367499,0.06772191183723741,0.05128416491648979,0.010374557190753642,-0.023967933996395376,-0.003989300345542596,-6.834134799258843,-0.011077452742572491,-2.6750000000000114,1.0
all,SI,5,0.008265839767858819,0.05365498537396171,5.491171723724387,0.02090798460089865,0.049998430908163825,1.1244858775934816,110.28426450461879,0.050483246504544124,0.649706766039136,84.35,0.00977113593846419,-4.795623947564047,-2.925180890197218,1.870443057366829,-2.9957636558831346,0.11732593350642889,4.703061255199549,0.2002406398786274,0.14085684096735296,-0.05938379891127421,-0.040433095139174036,0.04963351099971809,-0.025078661308350014,0.0030641418822336536,-0.007692137035678642,2.7524681304400396,0.0014999708836780958,5.634999999999991,1.0
all,SK,3,0.04754097197883797,0.5625181217448757,10.832280627229723,0.11619759796710534,0.05821660166760595,0.9826194917325376,187.29108019565234,0.0337464405951969,-0.11149527977299716,81.02,0.05192979586688713,-3.046163371763976,-0.5753319289871655,2.4708314427768108,-2.8435847129006464,-0.017533322549835844,5.232663985228213,0.42247132330088366,0.26027983307971303,-0.16219149022117074,0.021870152308857804,-0.011689284454417146,-0.19657561880929197,0.025606189156557713,-0.0014466702692177216,1.473406347511905,0.016381428067077083,-1.4699999999999989,1.0
all,SK,4,0.05088027297825105,0.5488390261765881,9.786872672856752,0.11642726283961284,0.06212977170106309,0.9712903239624975,157.69484903317874,0.0344810987242986,-1.32132371855676,77.9,0.05607910151919694,-2.9782799948260807,-0.5999500932609821,2.3783299015650985,-2.778529989449531,-0.029129860568806277,5.060661830361217,0.06788337693789526,-0.02461816427381669,-0.09250154121171228,0.0650547234511154,-0.011596538018970433,-0.17200215486699655,0.00022966487250750123,0.0007346581291017007,-1.2098284387837628,0.0033393009994130765,-3.1199999999999903,1.0
all,SK,5,0.04560847234229649,0.44613045599942935,8.781745212844937,0.09735156608528159,0.06442950673499803,0.9973175934344194,136.9171056745525,0.03080082960152214,0.954094812977728,84.905,0.0508020268393668,-3.087661782739732,-0.8071438674916404,2.2805179152480917,-2.742183571688953,-0.00268601066462086,4.919375674631607,-0.10938178791365116,-0.2071937742306582,-0.09781198631700683,0.03634641776057812,0.026443849904185416,-0.14128615572960967,-0.019075696754331253,-0.0036802691227764625,2.2754185315344877,-0.00527180063595456,7.0049999999999955,1.0
all,UK,2,0.07788238334808495,0.3347055794517467,3.2975775144916235,0.1100094824185251,0.03922383894872751,1.0804656686008456,84.06133133446531,0.06767752284597453,0.4527961067311524,,0.10150044327414307,-2.5525554961204455,-1.0945040008955926,1.458051495224853,-3.2384705805786242,0.07739212283747143,4.431546667358587,-0.23295086308454716,-0.23626632093517874,-0.003315457850631587,0.09606376487128498,0.08262059551735654,-0.1027252610790379,-0.02176187607620264,-0.003695700753572187,2.6463371599190304,-0.020430064067300246,,1.0
all,UK,3,0.06687994474807793,0.3020975078964324,3.5170119238938877,0.10111997781739221,0.04226801577331709,1.1775041002610938,83.11112107850718,0.08742799249316448,0.425839100525924,,0.08589607156121402,-2.7048561363412307,-1.197005439890559,1.5078506964506715,-3.163724607229459,0.16339702907739956,4.420178520566813,-0.15230064022078516,-0.10250143899496633,0.0497992012258186,0.07474597334916533,0.08600490623992813,-0.011368146791774336,-0.008889504601132886,0.019750469647189947,-0.026957006205228395,-0.01100243860000702,,1.0
all,UK,4,0.06229476482393374,0.28340811881248246,3.5494692790556397,0.09336939855620868,0.04326326029975416,1.182845200559468,82.026894726968,0.09102671359371614,-2.846039283101182,,0.07984520967255282,-2.775877888438152,-1.2608673042442893,1.5150105841938624,-3.140451496069251,0.16792272314551138,4.407047177964323,-0.07102175209692119,-0.06386186435373031,0.007159887743190874,0.023273111160207804,0.0045256940681118185,-0.013131342602489937,-0.007750579261183527,0.0035987211005516634,-3.2718783836271057,-0.0045851799241441865,,1.0
all,UK,5,0.06443372425591033,0.2933849401173748,3.553282361145893,0.09716405727834172,0.04253552243475418,1.2262732634266311,83.52780889196661,0.08475922431554295,0.9858486689748999,,0.08256730265105122,-2.742118114368329,-1.2262697434339291,1.5158483709343997,-3.1574157301622403,0.20397970291147569,4.4251796170334465,0.03375977406982278,0.03459756081036014,0.0008377867405373607,-0.016964234092989194,0.03605697976596431,0.018132439069123762,0.0037946587221330402,-0.006267489278173194,3.8318879520760816,0.0021389594319765892,,1.0
all,US,2,0.043806625465981144,0.2278747734143692,4.201833535233835,0.07912438318036634,0.09180771528164018,1.1919998226091635,45.67283395482728,0.06335867645165039,-0.1112056739825444,77.52218833333333,0.05423222302919905,-3.1279702066927353,-1.4789590403255741,1.6490111663671614,-2.388058940424919,0.17563241982533107,3.8215036781472778,-0.31251384060004694,-0.33597993226172296,-0.02346609166167557,0.09291329541158833,0.10440231791348578,-0.14060155689109077,-0.02424975027716067,0.0058750730284445885,-0.15573490044727265,-0.016070761028935364,-5.7445266666666726,1.0
all,US,3,0.04623936285351969,0.2677421405959145,4.790350992596652,0.08835580456683924,0.10100478160690865,1.3310433657852556,47.4078256211575,0.05999810175135537,0.21706476884680467,77.55102500000001,0.05589196720860375,-3.073923833832332,-1.317730923601761,1.756192910230571,-2.2925874206188452,0.285963120238529,3.858787312566714,0.05404637286040348,0.1612281167238132,0.1071817438634095,0.0954715198060736,0.11033070041319792,0.03728363441943605,0.009231421386472899,-0.0033605747002950145,0.3282704428293491,0.002432737387538547,0.028836666666677502,1.0
all,US,4,0.0545399361569424,0.32399599644206606,4.940527607325124,0.10184405443968213,0.10867156304541452,1.3301135399675994,45.45880635244191,0.05936242203378106,-1.7694128105015128,76.45093,0.06557923003237348,-2.908822072138493,-1.1270241199264417,1.7817979522120513,-2.2194251285985183,0.2852643069866795,3.816806560984247,0.1651017616938386,0.19070680367531923,0.025605041981480392,0.07316229202032698,-0.000698813251849506,-0.04198075158246661,0.013488249872842889,-0.0006356797175743126,-1.9864775793483174,0.00830057330342271,-1.1000950000000103,1.0
all,US,5,0.05456718155522655,0.3206469308817963,4.876186413573052,0.10261408418833111,0.1084343971135425,1.394342581415388,44.96844713615825,0.06550620011206053,-0.19759838656587836,77.207965,0.06575772615855359,-2.9083226473636157,-1.137414664985244,1.7709079823783718,-2.221609923765244,0.33242303638916804,3.805961069080294,0.0004994247748775216,-0.010390545058802214,-0.010889969833679514,-0.0021847951667255394,0.04715872940248855,-0.010845491903953342,0.0007700297486489815,0.006143778078279469,1.5718144239356344,2.7245398284150846e-05,0.7570350000000019,1.0
intangibles,AT,3,0.06081841603225612,0.27854945820848215,3.5800182967729475,0.07828588892219554,0.06502949572323138,1.061686299362547,55.04378300241838,0.050018887211753384,0.4136354139891,85.22,0.07780671357450003,-2.7998626406061558,-1.278159647559451,1.521702993046705,-2.732914331656264,0.059858492520245055,4.008128923138495,0.23213130102283275,0.2597924519654078,0.02766115094257504,0.07684085177693012,0.030148282616166304,-0.041571784627651986,0.010723114315666235,-0.0012532591683826338,0.053266130166703896,0.012599020485449634,-1.009999999999991,1.0
intangibles,AT,4,0.04487722875223799,0.21160351744238862,3.7151645350167954,0.0585736989195134,0.06886773876809853,1.120534491445963,53.96544950828129,0.04522500666070434,-1.41439251318647,83.91,0.05695670149947531,-3.103824767618965,-1.5530409560624843,1.550783811556481,-2.675567443301299,0.11380579597692826,3.9883440178688816,-0.30396212701280945,-0.2748813085030333,0.029080818509775952,0.05734688835496504,0.05394730345668321,-0.019784905269613073,-0.019712190002682137,-0.004793880551049047,-1.8280279271755702,-0.01594118728001813,-1.3100000000000023,1.0
intangibles,AT,5,0.04183291341198539,0.19491827031042083,3.6594476552659976,0.05595653918374745,0.0719391946284958,1.1310212757307747,50.893743308563856,0.04244660729289512,0.6928954265877053,85.99499999999999,0.05326439634405773,-3.1740718470892975,-1.6351749348897258,1.5388969121995717,-2.631934035821864,0.12312100839009633,3.929739994754752,-0.07024707947033226,-0.0821339788272415,-0.01188689935690923,0.043633407479434894,0.009315212413168072,-0.0586040231141296,-0.002617159735765956,-0.0027783993678092145,2.1072879397741753,-0.0030443153402526027,2.0849999999999937,1.0
intangibles,BE,3,0.020793014466349336,0.08609878404934626,3.1407552612770706,0.024449232049794968,0.08373015616099881,1.0388812503926539,37.5449806288925,0.052175727232999604,1.1757487069721646,80.28,0.02741340120030155,-3.873138191646717,-2.4522599901877085,1.4208782014590087,-2.480156077713209,0.03814441337412516,3.62553969760798,0.2546561794215547,0.26540795377236526,0.010751774350810095,0.059499902397012416,0.021121835945408778,-0.04497645994587307,0.005119923576641681,-0.004763808425213775,0.6118652683650779,0.004674623632160788,-0.8250000000000028,1.0
intangibles,BE,4,0.009653397215437686,0.039549132499485586,3.0969134095340776,0.01141000471004501,0.0858698181226619,1.0581112199550655,36.07514672469623,0.05731742697111808,-0.35678813032930223,78.32000000000001,0.012770499936398172,-4.64044538253332,-3.2302115192824705,1.4102338632508498,-2.454922872354466,0.056485450741964836,3.5856041718643104,-0.7673071908866032,-0.7779515290947621,-0.01064433820815891,0.02523320535874296,0.018341037367839673,-0.039935525743669764,-0.013039227339749958,0.005141699738118476,-1.5325368373014667,-0.01113961725091165,-1.9599999999999937,1.0
intangibles,BE,5,0.023350628271707797,0.09720825013291565,3.162982211947401,0.02749721882079474,0.08854651149545183,1.0308973836358832,35.71163385204327,0.06238841169306899,0.1758584424739307,80.7,0.030733100478951468,-3.757131388517955,-2.330899693207015,1.4262316953109402,-2.424227311402265,0.030429669175263716,3.5754765139073177,0.8833139940153654,0.8993118260754556,0.015997832060090422,0.03069556095220083,-0.02605578156670112,-0.010127657956992664,0.01608721411074973,0.005070984721950909,0.5326465728032329,0.01369723105627011,2.3799999999999955,1.0
intangibles,CZ,3,0.08469498273959257,0.4659556383176504,4.50157309495299,0.09145196237571464,0.643078423299005,1.0385959227705146,7.010877454142511,0.03649512718901162,3.188346400002446,85.71000000000001,0.1035095128945177,-2.4686989147386935,-0.7636648461312282,1.7050340686074652,-0.4414885974864198,0.03786972672281635,1.9474628649881316,0.15537621273636093,0.10056686448806273,-0.05480934824829853,0.1350693571991094,0.041480959716134684,-0.20865693344174296,0.003870214755335319,0.00519916494802166,3.2130017415390184,0.012188197172700255,1.4300000000000068,1.0
intangibles,CZ,4,0.06816736065275222,0.3766279391786166,4.525047993235021,0.0744253414066052,0.7088670945145064,1.0363331612412627,6.386866267875188,0.04421542837791968,-0.807128915042291,82.09,0.08323181096458603,-2.685789411494242,-0.9764974775697787,1.7092919339244634,-0.3440872248674133,0.035688676349885436,1.8542437361850752,-0.21709049675554848,-0.21283263143855047,0.004257865316998233,0.0974013726190065,-0.002181050372930912,-0.09321912880305638,-0.017026620969109438,0.007720301188908062,-3.995475315044737,-0.016527622086840346,-3.6200000000000045,1.0
intangibles,CZ,5,0.07609923637070407,0.3813769369729726,4.011573770795305,0.07882768469917276,0.7289230301021787,1.0339806905685556,5.54122548413031,0.04022978609565782,2.1637312181158115,84.88000000000001,0.09506915708479259,-2.575717048715381,-0.9639670570385744,1.6117499916768068,-0.3161871353979753,0.033416101413371195,1.712215682818354,0.1100723627788609,0.012530420531204234,-0.09754194224765667,0.02790008946943795,-0.0022725749365142406,-0.1420280533667213,0.0044023432925675565,-0.003985642282261864,2.9708601331581024,0.007931875717951842,2.7900000000000063,1.0
intangibles,DE,3,0.05854637455127804,0.2193719874966977,2.746978172056752,0.06524746222571126,0.06637471517022545,0.9741075904177923,41.3743769125603,0.0486556737341476,-0.1927509756269071,83.6,0.07985938502468944,-2.8379361114144395,-1.5169864170650798,1.32094969434936,-2.7124390906499505,-0.026233518998863007,3.7226617740686723,0.2660508511115389,0.277992184127444,0.011941333015905276,0.03902545952177894,0.004531443386992188,-0.023275986416438244,0.010854043767843824,0.0016338703639624808,0.031107387880493192,0.013676424066719595,-0.5150000000000006,1.0
intangibles,DE,4,0.05353242935284916,0.19595902579405478,2.6605666539515127,0.0588312536129112,0.06718062879560605,0.995163134314215,39.64216315020615,0.04764422873620866,-0.15767213160645524,83.275,0.0736531165280199,-2.927467652590575,-1.6298496936771991,1.297617958913376,-2.700370334978649,-0.0048486011779081345,3.679893277857016,-0.08953154117613549,-0.11286327661211937,-0.02333173543598388,0.012068755671301279,0.021384917820954873,-0.04276849621165635,-0.00641620861280006,-0.00101144499793894,0.03507884402045186,-0.005013945198428883,-0.32499999999998863,1.0
intangibles,DE,5,0.05557017936083594,0.19698672892405497,2.544828020887851,0.06125152487406444,0.06801849425080327,1.0158674569238122,37.42527956961072,0.041628590807369,1.1568619813683338,85.505,0.07740669597599345,-2.8901085640396595,-1.6246189183810718,1.2654896456585878,-2.6879756365078107,0.015742884862544857,3.62234640040767,0.03735908855091541,0.005230775296127366,-0.032128313254788265,0.012394698470838517,0.02059148604045299,-0.057546877449345946,0.0024202712611532395,-0.006015637928839662,1.3145341129747892,0.0020377500079867827,2.2299999999999898,1.0
intangibles,DK,3,0.05021704310977637,0.2353124640977985,3.6859083993335986,0.0674918510109726,0.6084614917902803,1.182847046569782,6.062373479679323,0.05530369536977645,0.7667956056994278,83.115,0.06384110471663981,-2.9914008057241444,-1.4468410135603726,1.5445597921637717,-0.49682165238568843,0.16792428379678898,1.8021013867145883,-0.07908981334825516,-0.08264581125717552,-0.003555997908920361,0.034599306149354914,0.06328741225974467,-0.040038052778256006,-0.008967649092290517,0.007987206466584275,0.2276078641999303,-0.004132939119897788,1.2949999999999875,1.0
intangibles,DK,4,0.04897499709838072,0.23548057543144862,3.808179466727,0.06585909405550114,0.6751562017607406,1.1300609125372856,5.64162830720383,0.05917142273629363,-2.1126842303555926,78.195,0.06183547216954985,-3.0164453743984825,-1.4461268511718914,1.5703185232265908,-0.3928112048648629,0.122271536171685,1.7301727307931691,-0.02504456867433813,0.0007141623884812098,0.025758731062819118,0.10401044752082556,-0.045652747625103976,-0.07192865592141917,-0.001632756955471465,0.003867727366517179,-2.8794798360550207,-0.001242046011395652,-4.920000000000002,1.0
intangibles,DK,5,0.061367009091226825,0.2889421193507292,3.708427600263105,0.08043551873299042,0.6859873558580687,1.1309692263572795,5.408421385397192,0.05629416353148238,1.8798562849903682,80.41,0.07791499538247139,-2.7908828994502457,-1.2415288899914554,1.5493540094587903,-0.376896083119895,0.12307498753063086,1.6879572546025532,0.22556247494823678,0.20459796118043605,-0.020964513767800508,0.015915121744967897,0.0008034513589458558,-0.04221547619061594,0.014576424677489278,-0.0028772592048112514,3.9925405153459606,0.012392011992846105,2.2150000000000034,1.0
intangibles,EE,4,0.08656816104966077,0.4657412340334461,4.380052300825341,0.12185386489725157,0.02832213185195672,0.7685405052780878,155.02604111569605,0.052532279711229576,-3.448578625746335,71.01500000000001,0.10633234537991378,-2.446823186331229,-0.7641250908617874,1.6826980954694413,-3.56411173573145,-0.2632620104593475,5.043593110005657,-0.20186472612303819,-0.11650615883581628,0.08535856728722191,0.36005605415867725,-0.1564137404841429,-0.2716322703494196,-0.014215463172413886,-0.002305133306373844,-8.820609252245193,-0.01936377962325174,-1.3899999999999864,1.0
intangibles,EE,5,0.06367217659149324,0.31850610913989885,4.002280842122994,0.09211641651419716,0.031099322554697682,0.7733735844253036,130.02748592635533,0.049673491559324025,1.7278231650423166,73.38499999999999,0.07958114927560869,-2.754007600026391,-1.1441136231808766,1.6098939768455138,-3.470569242841346,-0.25699305551856066,4.8677458583101005,-0.30718441369516203,-0.37998853231908924,-0.07280411862392744,0.09354249289010408,0.006268954940786831,-0.17584725169555604,-0.029737448383054407,-0.0028587881519055516,5.176401790788652,-0.022895984458167526,2.369999999999976,1.0
intangibles,EL,3,0.12569204986248467,0.4694878296154997,2.7352229526779936,0.13294073628260025,0.019787389439368697,1.0164833125163901,138.00901312102422,0.04580049882282724,5.295862132612836,74.35,0.1716451776466101,-2.073920412303491,-0.7561129026815159,1.3178075096219752,-3.9227104411882814,0.016348937341958,4.927318995495628,-0.17061919083132682,-0.1889574827532815,-0.018338291921954797,0.1785964883630995,-0.015322276773395,-0.2166448337508875,-0.017111080719974414,0.0024818922842873084,4.929228546564778,-0.02338362433084709,-2.6650000000000063,1.0
intangibles,EL,4,0.057834929657258415,0.23447308029827843,3.0541776688899547,0.06914160111556765,0.022457176620419066,0.9314540363082585,137.1653029332326,0.04595814791042596,-6.379477665076151,66.65,0.07677126405796098,-2.8501623665014684,-1.4504144938547758,1.3997478726466923,-3.796145044589699,-0.07100843389571555,4.921186789236038,-0.7762419541979773,-0.69430159117326,0.08194036302471708,0.12656539659858224,-0.08735737123767355,-0.0061322062595898785,-0.0637991351670326,0.0001576490875987227,-11.675339797688988,-0.06785712020522625,-7.699999999999989,1.0
intangibles,EL,5,0.08827860131149413,0.3480075221919363,2.942150385504859,0.09488295801905601,0.019599260212997745,0.8818120493860052,150.09055028509016,0.05318826556718752,-2.2566836541530315,69.2,0.11828339023948971,-2.4272575414946687,-1.0555311839472044,1.3717263575474647,-3.932263457692806,-0.12577634161774487,5.0112387805289496,0.4229048250067997,0.3948833099075715,-0.028021515099227567,-0.13611841310310702,-0.054767907722029316,0.09005199129291164,0.02574135690348836,0.007230117656761556,4.122794010923119,0.03044367165423572,2.549999999999997,1.0
intangibles,ES,3,0.08546207729729013,0.39550342578980086,3.627823688558313,0.10266863344610135,0.0382427911664685,1.0674864686192238,94.98175327940822,0.04978420907944652,2.476713203925512,78.39499999999998,0.10901947275915519,-2.4596825418151247,-0.927595829890828,1.532086711924297,-3.263800202707703,0.06530679027376929,4.5536848024095224,-0.1557818602492289,-0.08555291953288036,0.07022894071634855,0.08948294368047094,0.022606014959660692,0.004553719645747023,-0.013260720994706543,0.004007477496603316,-0.4676829789431838,-0.014406450346252084,-1.0850000000000222,1.0
intangibles,ES,4,0.058036547609420536,0.28925815536687477,3.9840689579530086,0.08112446188265164,0.04790247125836366,1.0376561956900672,83.16882198612116,0.04001101967671894,-5.652132851608188,73.075,0.0726037019990472,-2.846682335688113,-1.2404357184333048,1.6062466172548082,-3.0385881838634465,0.03696451185390826,4.420872541852442,-0.3869997938729881,-0.3128398885424768,0.07415990533051131,0.22521201884425635,-0.028342278419861026,-0.13281226055708029,-0.021544171563449704,-0.009773189402727582,-8.1288460555337,-0.0274255296878696,-5.319999999999979,1.0
intangibles,ES,5,0.06858255431446633,0.33308086617362576,3.8566413062770386,0.09226927286689328,0.048281606632810586,1.0103608054251851,79.91001683061778,0.039006647449885,-0.5464003526814791,78.905,0.08636552889466438,-2.679717086877389,-1.0993699771206447,1.580347109756744,-3.0307046059077587,0.01030750015486107,4.380901212006019,0.16696524881072383,0.14106574131266014,-0.025899507498064134,0.007883577955687837,-0.02665701169904719,-0.03997132984642349,0.011144810984241638,-0.001004372226833937,5.105732498926709,0.010546006705045796,5.829999999999998,1.0
intangibles,FI,3,0.08441924335346397,0.3291254995137745,2.8987023152496603,0.08650898742560711,0.05358142829616016,1.1712162367427659,54.09756621674455,0.029964958660886436,2.8280936203403737,81.87,0.11354235920752956,-2.4719599015503966,-1.1113161434645,1.3606437580858963,-2.926552757957812,0.15804272746792505,3.9907891980890144,-0.08197281008885238,-0.10761287865141922,-0.025640068562567064,0.010061841363854018,0.10611241993968064,-0.0449223350414063,-0.011947138393227585,0.00030744117466617593,1.301365041288495,-0.007211623336973075,-1.6350000000000051,1.0
intangibles,FI,4,0.04773834375337618,0.18342826092741651,2.8423675080776967,0.05130795230447198,0.056035098626953266,1.2151527661240582,50.724814089179866,0.029207064080549138,-1.970496223024469,78.38499999999999,0.06453361868447115,-3.042020351732002,-1.6959316365522823,1.3460887151797198,-2.8817770233841604,0.19486980232416473,3.9264152206323155,-0.5700604501816056,-0.5846154930877823,-0.014555042906176485,0.04477573457365169,0.03682707485623968,-0.06437397745669893,-0.035201035121135135,-0.0007578945803372976,-4.798589843364843,-0.03668089960008779,-3.4850000000000136,1.0
intangibles,FI,5,0.06303839062141886,0.24103252078597845,2.8235830326556854,0.06719088572679992,0.05624817098829276,1.209550449344368,50.19450295324841,0.03219357759914997,-0.19751803887410607,80.85499999999999,0.08536406331896616,-2.764011363240965,-1.4228234135745452,1.3411879496664199,-2.877981754189941,0.19024876110701336,3.9159055177784623,0.2780089884910373,0.27310822297773707,-0.004900765513299987,0.003795269194219575,-0.004621041217151373,-0.01050970285385322,0.01588293342232794,0.0029865135186008286,1.772978184150363,0.015300046868042677,2.469999999999999,1.0
intangibles,FR,3,0.036751475480346255,0.1134304194863677,2.086418109853233,0.03516264462430575,0.043492360214157644,1.2002164318211,47.93336484008822,0.03713625613765838,0.6289305154646164,83.2,0.05436610186169582,-3.303576905004178,-2.1765656742220645,1.1270112307821134,-3.1351699835725158,0.18250190038198874,3.869811813922269,-0.28172391057637736,-0.2507180067214354,0.031005903854941952,0.028196104255417964,0.10387189472957922,0.017100874353790818,-0.010478795289789039,0.0007119451739197036,-0.4454977910205392,-0.011959398225894417,-1.990000000000009,1.0
intangibles,FR,4,0.017475540863320014,0.05480234260567019,2.1359454356400853,0.01767206333015692,0.04472452884682946,1.2866272864020019,47.78041654336543,0.042408750536810494,-0.8576126753307143,81.28,0.02565718285272929,-4.046953040650524,-2.9040223376631955,1.1429307029873284,-3.1072331840904783,0.25202428791692905,3.866615859803686,-0.7433761356463462,-0.727456663441131,0.015919472205214946,0.027936799482037422,0.0695223875349403,-0.0031959541185830886,-0.017490581294148832,0.005272494399152117,-1.4865431907953308,-0.01927593461702624,-1.9200000000000017,1.0
intangibles,FR,5,0.013839808803944578,0.04385156204845998,2.1685092380728226,0.01433829730480385,0.04752401074619428,1.29944848589865,45.60748307677571,0.039242238328837595,1.0505511738863542,84.17499999999998,0.020221985352218898,-4.2802061436319265,-3.1269449382565657,1.1532612053753608,-3.0465202062647037,0.26193993283513345,3.8200718056178586,-0.23325310298140245,-0.2229226005933702,0.010330502388032459,0.06071297782577467,0.009915644918204403,-0.0465440541858273,-0.0033337660253530705,-0.003166512207972899,1.9081638492170685,-0.003635732059375436,2.894999999999982,1.0
intangibles,HU,3,0.05315785109983473,0.3154859496558562,4.934889073362807,0.09721479677810219,3.7140942531257224,0.9384758709545726,1.325515342738208,0.057986968548428,3.069338967613652,81.995,0.06392969425772178,-2.9344894692078074,-1.1536411315714212,1.7808483376363862,1.312134840402182,-0.06349813351030371,0.2818013217370693,0.1668414565698284,0.11402618401271769,-0.05281527255711094,0.13993807554583038,-0.03290748752600123,-0.22103923756731014,0.00967326396284647,0.011706353210297712,0.5846941595093198,0.008168565969444805,0.5900000000000034,1.0
intangibles,HU,4,0.045966261243578686,0.28920589250695283,5.291699274266162,0.09012307320504455,4.100273119312931,0.9127917279211898,1.290833982350895,0.057560415296021364,-3.018485591449718,77.945,0.05465274527473202,-3.079847602826536,-1.2406164137081666,1.8392311891183692,1.4110535859581856,-0.09124754278779058,0.25528850743023995,-0.1453581336187284,-0.08697528213674532,0.05838285148198308,0.09891874555600366,-0.02774940927748687,-0.026512814306829335,-0.007091723573057637,-0.00042655325240663344,-6.08782455906337,-0.0071915898562560435,-4.050000000000011,1.0
intangibles,HU,5,0.06995652777369599,0.4421949752579244,5.320996615046295,0.12891938265587508,3.8168083205510563,0.9940224763215323,1.3932840430302833,0.0482186601346589,1.8778022320903112,82.995,0.08310378811509113,-2.659881261657249,-0.8160043736764393,1.84387688798081,1.3394145551982728,-0.005995460587717038,0.3316635814272302,0.41996634116928666,0.42461204003172726,0.004645698862440817,-0.07163903075991285,0.08525208220007355,0.07637507399699023,0.03879630945083053,-0.009341755161362465,4.896287823540029,0.0239902665301173,5.050000000000011,1.0
intangibles,IE,3,0.12378825063129087,0.4228669266432095,2.4160505903160274,0.10328052530052594,0.04193023276843042,0.771760266607002,57.960515204310994,0.12649906685251608,1.4169100660916902,75.16,0.17502403647429302,-2.0891828292832364,-0.8606977436550939,1.2284850856281426,-3.1717481664571254,-0.25908131266664625,4.059762006376243,-0.1811054508995833,-0.13017284045024546,0.05093261044933817,0.3488353307067742,-0.12413003378537438,-0.2780509267451947,-0.020080432750756633,0.015766349042810213,-0.9364786341143565,-0.024577112379521204,-2.710000000000008,1.0
intangibles,IE,4,0.11113185180447846,0.44660571441434854,3.01870127387143,0.10796536413140856,0.06373813376418606,0.7253196773034662,47.309645897704705,0.11962858081316805,-2.504640219363134,77.44,0.14794630998435454,-2.197037928515888,-0.8060791442832228,1.3909587842326654,-2.7529722493016244,-0.32114278709870775,3.8567142048909857,-0.10785509923265169,0.05461859937187108,0.16247369860452276,0.418775917155501,-0.0620614744320615,-0.20304780148525703,0.004684838830882623,-0.006870486039348034,-3.921550285454824,-0.01265639882681241,2.280000000000001,1.0
intangibles,IE,5,0.1112037655389806,0.6085578793719206,4.4724574875893115,0.1326912251533568,0.09366480147930555,0.7272640187884165,47.56912916512713,0.08844555578147414,3.767357601230234,77.88499999999999,0.13606789579568213,-2.1963910349783684,-0.4966632529647329,1.6997277820136356,-2.368032811547093,-0.3184657053561528,3.8621840038887165,0.0006468935375196772,0.3094158913184899,0.3087689977809702,0.38493943775453143,0.002677081742554932,0.005469798997730813,0.024725861021948237,-0.0311830250316939,6.271997820593368,7.191373450214644e-05,0.4449999999999932,1.0
intangibles,IT,3,0.05529988132542978,0.22856413594658617,3.133175885161988,0.05814760473486609,0.04419405805033294,1.0934748154309166,70.83853305572458,0.05366184792204528,-0.40522738020908344,74.55499999999999,0.07294966651218471,-2.8949845164700787,-1.475938425552246,1.4190460909178324,-3.11916493218583,0.08936052971346674,4.260403104847661,-0.4127689171120519,-0.3789106049987532,0.03385831211329826,0.051869759412146,0.05364525362166591,-0.007811203118989418,-0.02502463119234183,0.0033909967630251572,-0.9550461615523893,-0.028258008220933113,-2.075000000000003,1.0
intangibles,IT,4,0.034068143218503946,0.14624156730436755,3.2926192474422016,0.03915364846433889,0.047242188453755773,1.1455856907653172,69.67858337623099,0.0553078645402119,-4.528036289541372,72.16,0.044414964596338334,-3.3793925478110016,-1.9224954539898576,1.4568970938211443,-3.0524679624398963,0.13591602654333543,4.243893001916097,-0.4844080313409229,-0.44655702843761147,0.03785100290331189,0.06669696974593364,0.04655549682986869,-0.016510102931563964,-0.018993956270527197,0.0016460166181666222,-4.122808909332289,-0.021231738106925836,-2.394999999999996,1.0
intangibles,IT,5,0.04551433143141876,0.18863669760576088,3.144556048021922,0.05161930009004584,0.046109586407248826,1.1281566431613592,68.21136326699482,0.05267922335243121,-2.500237666866524,76.78999999999999,0.059988340078855486,-3.089728026105223,-1.667932348677098,1.4217956774281248,-3.076734402501239,0.12058501148544232,4.222611167788482,0.2896645217057787,0.2545631053127595,-0.03510141639301945,-0.02426644006134282,-0.01533101505789311,-0.021281834127615085,0.012465651625706946,-0.002628641187780688,2.0277986226748483,0.011446188212914814,4.6299999999999955,1.0
intangibles,LT,3,0.13433669263631753,0.6957166479550063,4.178902608823952,0.2086302349692918,0.015630036194405547,0.8459457971258025,271.9377081103572,0.03554772420224714,3.8203601337270228,69.97,0.16648309689868518,-2.0074059987979944,-0.36281281654870573,1.6445931822492885,-4.1585608188505025,-0.16729999101970766,5.605573025768061,-0.047696551331577464,-0.1994416168232261,-0.1517450654916488,0.2431886076993397,-0.007289690487887968,-0.4276457923750563,-0.02523880122021757,0.010668523550639582,2.7384164644806797,-0.006562661002066983,7.295000000000002,1.0
intangibles,LT,4,0.13693864036373676,0.7562136698825903,4.522281131709309,0.22175115246694535,0.01978678008668067,0.7769006359931041,229.64636515382364,0.02985007769408552,-5.58919766392138,70.98499999999999,0.16721951772970833,-1.9882223340391325,-0.27943131061570914,1.7087910234234234,-3.9227412366639856,-0.25244281839679583,5.436540582881785,0.019183664758861907,0.08338150593299659,0.06419784117413485,0.235819582186517,-0.08514282737708817,-0.16903244288627572,0.01312091749765354,-0.005697646508161618,-9.409557797648402,0.0026019477274192293,1.0149999999999864,1.0
intangibles,LT,5,0.11717562463620496,0.574515621234468,3.9030301568109076,0.18308400558316656,0.02188450625536859,0.7954321271633757,180.43932836713023,0.027011234370494443,0.10817218099641188,76.39500000000001,0.14719733083074457,-2.1440814043900085,-0.554227991054348,1.5898534133356605,-3.8219763694633886,-0.2288697558206089,5.195394590338246,-0.15585907035087598,-0.2747966804386388,-0.11893761008776282,0.10076486720059696,0.023573062576186937,-0.2411459925435393,-0.038667146883778786,-0.002838843323591078,5.697369844917792,-0.019763015727531807,5.410000000000025,1.0
intangibles,LU,3,0.16675689194152685,0.6525808616630027,2.9133666624815096,0.10705638986557199,0.08124543753792704,0.8952869933318146,35.98454853631646,0.2828088063411734,0.4869742281161134,79.96000000000001,0.22399544488065082,-1.7912182640568364,-0.4268202215431605,1.3643980425136757,-2.5102806127283097,-0.11061094916807938,3.583089638995739,0.23426966738511346,0.1919350267048578,-0.04233464068025605,0.07664288584708734,-0.10775577266652617,-0.13257255105478372,0.0009969533207216802,0.0495590057306223,-0.39516349548900037,0.03482743699013183,-4.944999999999993,1.0
intangibles,LU,4,0.16563492538547073,0.6635486235791571,3.00609123972451,0.10012107559809456,0.09195779484171135,0.8053463881490295,32.696791628765695,0.27740892972841047,-1.1671411372134914,73.725,0.22073469188512299,-1.7979691571815204,-0.41015314442978146,1.387816012751739,-2.3864255589123893,-0.21648279827697528,3.487276957761318,-0.006750893124684021,0.01666707711337906,0.023417970238063246,0.12385505381592044,-0.1058718491088959,-0.09581268123442133,-0.006935314267477427,-0.005399876612762922,-1.6541153653296048,-0.0011219665560561198,-6.235000000000014,1.0
intangibles,LU,5,0.14675081593074618,0.6123956774475736,3.173030818013114,0.08115101961649411,0.09912058371717225,0.8056614278822158,32.05963397205089,0.26430278156750886,0.5764599470885517,77.58500000000001,0.19300022992876037,-1.9190192602843033,-0.49037667360435877,1.4286425866799446,-2.3114181526837125,-0.21609168938964743,3.4675977301496355,-0.12105010310278286,-0.08022352917457731,0.040826573928205656,0.07500740622867674,0.0003911088873278512,-0.019679227611682393,-0.018970055981600453,-0.01310614816090161,1.743601084302043,-0.018884109454724546,3.8600000000000136,1.0
intangibles,LV,3,0.07533498736059778,0.5164604784781327,5.855519547724187,0.11775071038055714,0.01634050882068159,0.9550898096437272,365.5799399688141,0.05018418574264218,7.875299759070908,67.42,0.08820062408960119,-2.5858106125048628,-0.660756511301432,1.925054101203431,-4.11410805045851,-0.04594990141127628,5.901484969280375,-0.01084788268042658,-0.34996508505762586,-0.3391172023771991,0.15242728495540536,0.013360199539924032,-0.5347694060425789,-0.028295312662756908,0.012738684391519081,7.3382576669137105,-0.0008216737572501187,1.1650000000000063,1.0
intangibles,LV,4,0.06453648801133696,0.4804480339859926,6.44459527921001,0.09919886869270735,0.02056612229592904,0.9082383133701631,315.3714273290381,0.04219238914508856,-6.36181063142819,69.05499999999999,0.07455053625103464,-2.74052450952938,-0.7330362062934733,2.007488303235907,-3.8841101056826055,-0.09624847515858469,5.753751078570581,-0.15471389702451743,-0.07227969499204134,0.08243420203247598,0.22999794477590463,-0.05029857374730841,-0.1477338907097936,-0.01855184168784979,-0.00799179659755362,-14.237110390499097,-0.010798499349260818,1.634999999999991,1.0
intangibles,MT,4,0.14021110234289982,0.6063567864371593,3.324598953328639,0.13526750912914845,0.028209904439008806,0.885963396112734,118.44134015552564,0.10307811590864754,,77.005,0.18238494174765518,-1.964606118195274,-0.5002867096649688,1.4643194085303053,-3.5680821414603643,-0.12107964287300055,4.77441781822785,-0.045949480861087855,-0.1119101143705919,-0.06596063350950376,0.07735525629027906,-0.056985231265950356,-0.1569768269975258,-0.04002465568271368,0.01259246285094652,,-0.006592938451346536,-1.4050000000000011,1.0
intangibles,MT,5,0.21157474540851248,0.8806722372891207,3.162463887590658,0.16321314057385936,0.031026221970456985,0.8538935968415426,102.5262561797515,0.0936791992166601,,79.135,0.278476614624702,-1.5531769367422414,-0.12706975712720883,1.4261071796150326,-3.472922562028679,-0.15794868681838947,4.630118923626877,0.41142918145303264,0.37321695253776,-0.03821222891527265,0.09515957943168507,-0.036869043945388924,-0.1442988946009729,0.027945631444710906,-0.009398916691987447,,0.07136364306561266,2.1300000000000097,1.0
intangibles,NL,3,0.09476049431570548,0.344233116208533,2.632664843027103,0.0992164091250276,0.058067070019079965,1.0138280687285004,45.364052913906704,0.07120310427618234,0.4041428751997689,81.475,0.13075462952311287,-2.356402683203412,-1.066436187721999,1.2899664954814127,-2.8461565568883476,0.01373333332553687,3.814720005381879,0.1438411932360797,0.13649410326467382,-0.0073470899714060955,0.028149669983352776,0.01742665332593554,-0.03729377880290974,0.008027596165680148,-0.004154477791821876,-0.2936499654917559,0.01269551184817308,-1.8050000000000068,1.0
intangibles,NL,4,0.08795268162615767,0.3219041415270902,2.659969606104129,0.09071984413532946,0.06092249226257868,1.0241207361447398,43.67109519595466,0.0891071089791704,-2.257677416303004,78.92,0.1210179773439444,-2.4309563179148106,-1.1335014748791508,1.2974548430356594,-2.7981528413753938,0.023834426058251222,3.7766864460919676,-0.07455363471139842,-0.06706528715715177,0.007488347554246655,0.04800371551295379,0.010101092732714352,-0.038033559289911256,-0.008496564989698141,0.017904004702988058,-2.6618202915027727,-0.006807812689547804,-2.5549999999999926,1.0
intangibles,NL,5,0.0928824555475666,0.33856384267125383,2.645078509986957,0.09228484420174515,0.06214302767017737,1.0222472886636447,42.587844118929546,0.07721081746565797,0.5850074346876821,82.825,0.1279976535263308,-2.3764205040913438,-1.0830425997716133,1.2933779043197304,-2.7783166528347345,0.022003427936910545,3.7515688632345583,0.05453581382346684,0.05045887510753744,-0.004076938715928957,0.019836188540659272,-0.0018309981213406774,-0.025117582857409282,0.0015650000664156893,-0.01189629151351243,2.842684850990686,0.004929773921408934,3.905000000000001,1.0
intangibles,PL,4,0.17648856680296482,0.6687049349666725,2.788941952898442,0.17217099211377135,0.05590928969702562,0.8272670360023904,50.08286661356003,0.051106898733711034,-1.1282439946578204,74.64500000000001,0.23977011578592117,-1.7344991820272395,-0.4024123700082477,1.332086812018992,-2.884024728423755,-0.18962773885678055,3.91367896583976,0.05417704209365648,0.0641944759885531,0.010017433894896843,0.25673624307802134,-0.11782153172439783,-0.24313832975424177,0.014345531065735245,0.0016076448286302392,0.8190574170160112,0.009307232936928811,-1.7749999999999915,1.0
intangibles,PL,5,0.16787697189463813,0.6208192859549008,2.698061020212679,0.16332679185244225,0.06758120948762236,0.8036994787268167,40.223859814092634,0.05179477136754407,0.1437292178794885,80.19,0.23009831182615864,-1.7845238779998995,-0.4767152443023429,1.3078086336975565,-2.6944253007324046,-0.21852986235541697,3.694460347270813,-0.050024695972660016,-0.07430287429409521,-0.024278178321435417,0.1895994276913502,-0.02890212349863641,-0.2192186185689473,-0.008844200261329094,0.0006878726338330338,1.2719732125373089,-0.008611594908326692,5.5449999999999875,1.0
intangibles,PT,4,0.06700134569499872,0.3655014764323103,4.455136350486659,0.09118134628723926,0.0,,,0.061050217498448175,-4.558947299444196,76.515,0.08204046917495232,-2.703042574792891,-1.0064849603139776,1.6965576144789136,-inf,,,-0.1476920975092546,-0.0420958661857036,0.10559623132355145,,,,-0.0051516837770442525,-0.012540363710073901,-5.088958989945233,-0.01066366178092816,-3.97499999999998,1.0
intangibles,PT,5,0.07655403044779942,0.41245367339104877,4.387746026935738,0.10327949458282874,0.0,,,0.0485450461046335,-1.1491389341980445,79.48499999999999,0.09400126417050016,-2.5697585070848556,-0.8856313864450878,1.6841271206397679,-inf,,,0.13328406770803536,0.12085357386888984,-0.01243049383914574,,,,0.012098148295589486,-0.012505171393814678,3.409808365246152,0.009552684752800703,2.9699999999999847,1.0
intangibles,RO,4,0.06565505002163684,0.5076202785400061,6.731625798361561,0.11096760771076666,0.022992856391140806,1.5067527972692716,292.3424167520958,0.04388597664748352,-0.9908783671412783,78.16,0.07540827338672894,-2.7233407577852837,-0.6780215940974705,2.045319163687813,-3.772571702986106,0.40995686987126034,5.67792577534938,-0.03730980203789347,0.21473552983301047,0.2520453318709035,0.20519354769691622,0.10309787306777424,0.09586620392826717,-0.009075042370179004,0.01485423835266014,-5.144429507109854,-0.002495847185302824,-2.0500000000000114,1.0
intangibles,RO,5,0.07591875415520347,0.5519291390076522,6.269997316859592,0.13482576086525594,0.028015342366544627,1.500150772168122,225.9882057619985,0.03844832584360364,3.103792619642136,76.33,0.08802701358795684,-2.578091534783452,-0.5943356123082993,1.9837559224751524,-3.5750029772098424,0.4055656178356405,5.420482811016691,0.14524922300183185,0.0836859817891712,-0.06156324121266077,0.1975687257762635,-0.0043912520356198526,-0.25744296433268943,0.023858153154489276,-0.0054376508038798815,4.094670986783415,0.010263704133566628,-1.8299999999999983,1.0
intangibles,SE,3,0.047815739955643304,0.2429345767527617,4.080640328438337,0.06008152427874634,0.7112166285027507,1.2056195081099976,5.730983814502986,0.041075005040990424,0.7249914888644048,84.14,0.05953344504776114,-3.040400405913083,-1.4149631033610037,1.6254373025520792,-0.3407782141463919,0.18699354944508442,1.7458872113644235,0.027680182532542563,0.0796051718438322,0.05192498931128964,0.12689591237138764,0.08174696476215482,-0.06265265630617356,0.002591901098185509,-0.001112620038380599,0.3481756909970797,0.0013053982314414,-0.2749999999999915,1.0
intangibles,SE,4,0.04570820998432787,0.23998285849125273,4.250322832015002,0.06225407905622068,0.7703631923879474,1.2368787598650877,5.522587670659157,0.043701621614765415,-1.1333740177822016,81.635,0.0564622660386202,-3.0854773476693698,-1.427187781144,1.6582895665253699,-0.2608931969138032,0.21259107718014883,1.708846531362071,-0.045076941756286626,-0.012224677782996185,0.03285226397329066,0.07988501723258873,0.025597527735064407,-0.03704068000235239,0.002172554777474335,0.002626616573774991,-1.8583655066466065,-0.0021075299713154347,-2.5049999999999955,1.0
intangibles,SE,5,0.04887746793184029,0.2573010827904922,4.2642064672682904,0.0663946903740253,0.8147008484710327,1.2442987176571905,5.2329676024862035,0.0413376580682958,0.5935397923148776,84.625,0.06033973372666516,-3.0184387671823143,-1.357508351423106,1.660930415759208,-0.20493429021397483,0.2185720922252539,1.6549785363688432,0.06703858048705547,0.0696794297208938,0.002640849233838116,0.055958906699828365,0.005981015045105065,-0.05386799499322792,0.004140611317804625,-0.0023639635464696163,1.7269138100970793,0.0031692579475124244,2.989999999999995,1.0
intangibles,SI,4,-0.0017159330215780052,-0.008127475035664227,3.7364756860906168,-0.00297971264145754,0.03524923606292095,1.0630190574025078,105.9845110803723,0.058175383540222766,-2.1027613644009038,78.715,-0.002175171396382832,,,1.5552933330131125,-3.345311421932574,0.06111302714125945,4.663292961551944,,,0.049277875613470634,0.07180551517492884,0.042194209772614885,-0.011707195832856065,-0.03522898301350164,-0.003989300345542596,-6.834134799258843,-0.02234904033454469,-2.6750000000000114,1.0
intangibles,SI,5,0.004706718949826301,0.02066468907171998,3.3904659045942394,0.007778500535177821,0.03395459494159829,1.1204733894163312,100.25035106805733,0.050483246504544124,0.649706766039136,84.35,0.0060949408291404335,-5.358764227326812,-3.879328877261808,1.4794353500650037,-3.382731089758681,0.11375126512929612,4.607670568106306,,,-0.07585798294810875,-0.03741966782610717,0.05263823798803667,-0.05562239344563835,0.010758213176635362,-0.007692137035678642,2.7524681304400396,0.0064226519714043065,5.634999999999991,1.0
intangibles,SK,4,0.07344470892582598,0.5725897191984956,6.7962010820516845,0.11138513245689712,0.04697818453876835,0.9842238322012733,144.8014838595145,0.0344810987242986,-1.32132371855676,77.9,0.08425143875019633,-2.6112224153650847,-0.5575858410750196,2.0536365742900653,-3.058071943776705,-0.015901936048397788,4.97536372754769,-0.011970942545661778,-0.057396388294102985,-0.045425445748441096,0.10336541576476632,-0.006126900688317165,-0.16177489257977484,-0.004272404504690894,0.0007346581291017007,-1.2098284387837628,-0.0008844858932734317,-3.1199999999999903,1.0
intangibles,SK,5,0.06288911168682329,0.4626195240112941,6.356114780489475,0.09164758087446633,0.05122042568528298,1.0164268565989032,124.6726018207797,0.03080082960152214,0.954094812977728,84.905,0.07278338104140852,-2.7663822353981105,-0.7708503251223238,1.9955319102757867,-2.971616887326063,0.016293395372264364,4.825691115801261,-0.15515982003302575,-0.21326448404730414,-0.058104664014278606,0.08645505645064233,0.03219533142066215,-0.14967261174642932,-0.01973755158243079,-0.0036802691227764625,2.2754185315344877,-0.010555597239002693,7.0049999999999955,1.0
intangibles,UK,3,0.0744369302318539,0.25343102575959736,2.4046410158266616,0.08256454162071913,0.035658541251914574,1.0485482015909109,67.44932049636202,0.08742799249316448,0.425839100525924,,0.10539245737371465,-2.597803086211897,-1.372663580706826,1.2251395055050713,-3.333766574509084,0.047406542254433914,4.211376508420099,0.04064059891169203,0.017183840698441255,-0.023456758213250772,0.0903023854943088,0.004412396198299397,-0.1258387824056335,0.002455800170691247,0.019750469647189947,-0.026957006205228395,0.002964513602570412,,1.0
intangibles,UK,4,0.07145478286802785,0.24130573826359528,2.3770410961750543,0.07786186572538577,0.03730764953066951,1.0059035395230302,63.711849420438355,0.09102671359371614,-2.846039283101182,,0.1015151730661642,-2.6386904367762782,-1.4216905260139499,1.2169999107623284,-3.2885568921074593,0.005886181914297147,4.1543705644378575,-0.0408873505643812,-0.049026945307123926,-0.00813959474274295,0.04520968240162482,-0.041520360340136765,-0.0570059439822419,-0.004702675895333366,0.0035987211005516634,-3.2718783836271057,-0.002982147363826043,,1.0
intangibles,UK,5,0.07045733891399501,0.2408808106522772,2.418817888457476,0.0784422220817999,0.03716496320533724,1.0548159886820687,65.06200526484716,0.08475922431554295,0.9858486689748999,,0.09958617050161278,-2.652747874111301,-1.4234530294362195,1.229294844675081,-3.2923888108406927,0.05336633340455197,4.17534074234777,-0.014057437335022627,-0.00176250342226969,0.012294933912752715,-0.003831918733233408,0.04748015149025482,0.020970177909912735,0.0005803563564141384,-0.006267489278173194,3.8318879520760816,-0.0009974439540328395,,1.0
intangibles,US,3,0.07177058419129144,0.28783111694535973,3.0104329676096584,0.09177311898403617,0.06828395431657709,1.2654511938961726,44.02276023494066,0.05999810175135537,0.21706476884680467,77.55102500000001,0.09561120278785121,-2.6342805778033047,-1.2453813703408974,1.3888992074624074,-2.6840804694847513,0.23542873360280797,3.7847067782429145,0.09966620805490445,0.19012044837404418,0.09045424031913973,0.1082053034735484,0.10057517230674581,0.013990037859404225,0.011217112266745335,-0.0033605747002950145,0.3282704428293491,0.006808193796619677,0.028836666666677502,1.0
intangibles,US,4,0.08116925193220817,0.34421711860695803,3.2407329181060462,0.10274781092275047,0.07589904126544288,1.2879647095515736,42.71304791843414,0.05936242203378106,-1.7694128105015128,76.45093,0.10621582441546151,-2.511218774314005,-1.0664826619644898,1.444736112349515,-2.5783512262091737,0.2530632278903109,3.754504445417291,0.12306180348929985,0.17889870837640753,0.055836904887107686,0.10572924327557764,0.01763449428750291,-0.030202332825623568,0.010974691938714295,-0.0006356797175743126,-1.9864775793483174,0.00939866774091673,-1.1000950000000103,1.0
intangibles,US,5,0.08338044732020178,0.34432068618008166,3.1295135400006204,0.10593314427728656,0.07870211191555498,1.3042134578394378,39.801663995855606,0.06550620011206053,-0.19759838656587836,77.207965,0.11002370872631323,-2.484341441705765,-1.0661818285950375,1.4181596131107275,-2.542085288905427,0.26560014477009747,3.6839087203575183,0.02687733260823988,0.00030083336945230243,-0.026576499238787576,0.03626593730374683,0.012536916879786586,-0.07059572505977263,0.0031853333545360935,0.006143778078279469,1.5718144239356344,0.0022111953879936086,0.7570350000000019,1.0
main,AT,2,0.04808453104220534,0.2066925349504261,3.298524504044875,0.06500643929516321,0.05686692930678332,1.042703698502732,58.0110165922442,0.05127214638013602,0.3603692838223961,86.22999999999999,0.062662118985918,-3.0347947535489275,-1.5765229283291444,1.4582718252197833,-2.8670413140784214,0.041817049851074796,4.060632933755454,0.1619397766511499,0.1859120993083443,0.0239723226571944,0.0914347952648642,0.019769377086714494,-0.06001015460733061,0.0058426340892074255,-0.0033134830772328927,0.7600532073367046,0.007189001751352633,0.7362499999999841,1.0
main,AT,3,0.06087273622022355,0.26792304139138357,3.4013635336203665,0.07529935112048963,0.06109214199949376,1.0750472486863625,55.670908199985355,0.050018887211753384,0.4136354139891,85.22,0.07876930493995442,-2.7989698856183067,-1.3170554986966918,1.481914386921615,-2.79537202992167,0.07236461288013726,4.019457716055256,0.23582486793062074,0.2594674296324526,0.023642561701831655,0.07166928415675144,0.030547563029062468,-0.041175217700198274,0.01029291182532642,-0.0012532591683826338,0.053266130166703896,0.012788205178018208,-1.009999999999991,1.0
main,AT,4,0.04518781223995703,0.2043050559934226,3.5212424737121304,0.05655342114410354,0.0645141993256313,1.1350657525852594,54.60126765542842,0.04522500666070434,-1.41439251318647,83.91,0.058020729193931954,-3.096927869212459,-1.5881410295772536,1.5087868396352055,-2.7408699348252425,0.1266905810485646,4.000057099613735,-0.29795798359415215,-0.27108553088056175,0.026872452713590622,0.05450209509642745,0.05432596816842733,-0.019400616441521024,-0.01874592997638609,-0.004793880551049047,-1.8280279271755702,-0.015684923980266524,-1.3100000000000023,1.0
main,AT,5,0.04211512950397511,0.18793681031795184,3.462453577406501,0.053952323062774254,0.06729541222735225,1.1453292833034816,51.4771794081682,0.04244660729289512,0.6928954265877053,85.99499999999999,0.05427850687855954,-3.1673482322112245,-1.6716494879816493,1.495698744229575,-2.6986632136394304,0.13569217933310843,3.9411385911757733,-0.07042036299876564,-0.08350845840439569,-0.013088095405630495,0.042206721185812146,0.009001598284543832,-0.05891850843796176,-0.0026010980813292867,-0.0027783993678092145,2.1072879397741753,-0.0030726827359819145,2.0849999999999937,1.0
main,BE,2,0.014493154408730646,0.05398193063638185,2.72465021167947,0.015802759164994684,0.0687949422696847,1.026129739171847,39.62836121394962,0.05693953565821338,0.5638834386070867,81.105,0.019812425978565328,-4.234078850777215,-2.9191059062596865,1.3149729445175287,-2.676625050267115,0.02579419018881771,3.679545054188592,0.023148602380108407,0.013774385778225096,-0.009374216601883756,0.04206968246729703,0.0089432975802064,-0.05445093711440707,-0.00017069298285197348,-0.002444630859473787,0.6587727063812343,0.00033164292422716533,0.04999999999999716,1.0
main,BE,3,0.01799606172645361,0.0675557762979,2.753920014543808,0.019183625753236604,0.07271018613575662,1.0487892324115804,37.9129436536444,0.052175727232999604,1.1757487069721646,80.28,0.024530769209392143,-4.017602337999446,-2.6948017067899293,1.3228006312095173,-2.6212737923488008,0.0476363868353039,3.6352925749876266,0.2164765127777688,0.22430419946975722,0.007827686691988633,0.05535125791831419,0.02184219664648619,-0.04425247920096531,0.00338086658824192,-0.004763808425213775,0.6118652683650779,0.003502907317722964,-0.8250000000000028,1.0
main,BE,4,0.005968824883513388,0.02196858662644083,2.6805547247869024,0.0063379816708743755,0.07356817979438109,1.0688203322617007,36.44988877294273,0.05731742697111808,-0.35678813032930223,78.32000000000001,0.00819553744726748,-5.121205207884989,-3.818141726633123,1.3030634812518658,-2.6095426864833393,0.06655554706774824,3.595938406953241,-1.1036028698855427,-1.1233400198431935,-0.019737149957651523,0.011731105865461444,0.018919160232444346,-0.039354168034385406,-0.012845644082362228,0.005141699738118476,-1.5325368373014667,-0.012027236842940221,-1.9599999999999937,1.0
main,BE,5,0.022148161857154448,0.08218662388566081,2.710765002338663,0.023248063595799118,0.0750945169151056,1.041467938527942,36.087426479456674,0.06238841169306899,0.1758584424739307,80.7,0.030318608885224575,-3.810000772067514,-2.498762716613203,1.3112380554543108,-2.5890077333287644,0.04063119730644856,3.5859445077013996,1.311204435817475,1.3193790100199196,0.00817457420244505,0.020534953154574875,-0.025924349761299682,-0.009993899251841576,0.01691008192492474,0.005070984721950909,0.5326465728032329,0.01617933697364106,2.3799999999999955,1.0
main,CZ,2,0.07286148565361765,0.3964366520226877,4.440963061161576,0.08239834137507876,0.48491934721012475,0.9767151498551595,9.237244424757398,0.03129596224098996,-0.024655341536572402,84.28,0.08926817146706821,-2.619195097085068,-0.9252390185840021,1.6939560785010659,-0.7237726962852166,-0.023560225381307334,2.2232436187475884,-0.16007980116936826,-0.17946468872932553,-0.019384887559957154,0.21989064250897605,-0.002448224705932464,-0.2344724210508753,-0.015980900731080827,-0.0035087536222439195,1.199196650482407,-0.01264908340865288,3.2549999999999955,1.0
main,CZ,3,0.08564371362062663,0.4364419224161886,4.096018189373272,0.08565937824488801,0.5467394224115997,1.0189398340430518,7.503952373516992,0.03649512718901162,3.188346400002446,85.71000000000001,0.10655273053925776,-2.4575594530454308,-0.8290999654386753,1.6284594876067557,-0.6037829659103449,0.01876270837872211,2.015429864871015,0.16163564403963715,0.09613905314532689,-0.06549659089431015,0.1199897303748717,0.04232293376002944,-0.20781375387657341,0.0032610368698092473,0.00519916494802166,3.2130017415390184,0.01278222796700898,1.4300000000000068,1.0
main,CZ,4,0.07255813556644672,0.3690680319604413,4.086514821242328,0.07293143026198319,0.5977954440686368,1.017249707988127,6.839682077585818,0.04421542837791968,-0.807128915042291,82.09,0.09031364086628767,-2.623367168565375,-0.9967742834789045,1.6265928850864706,-0.5145066503245445,0.017102620839534653,1.9227412506691213,-0.16580771551994422,-0.16767431804022925,-0.0018666025202851433,0.0892763155858004,-0.0016600875391874562,-0.09268861420189367,-0.012727947982904816,0.007720301188908062,-3.995475315044737,-0.013085578054179911,-3.6200000000000045,1.0
main,CZ,5,0.0799871007539412,0.36942622474342696,3.6185725105835167,0.07635756423767266,0.615112034445399,1.0130820599657124,5.923463123552509,0.04022978609565782,2.1637312181158115,84.88000000000001,0.10209170153781297,-2.5258898978846496,-0.9958042209284568,1.5300856769561926,-0.48595085793661075,0.012997228861986775,1.7789212649442412,0.09747727068072543,0.0009700625504477367,-0.09650720813027802,0.02855579238793371,-0.004105391977547878,-0.14381998572488008,0.0034261339756894715,-0.003985642282261864,2.9708601331581024,0.007428965187494488,2.7900000000000063,1.0
main,DE,2,0.046453754933085616,0.1592142206104877,2.4273703135479168,0.052128773948433516,0.05775847486413121,0.9512570935400391,42.03850995992098,0.04702180337018512,-0.2238583635074003,84.115,0.0655912366242032,-3.0692979788176,-1.8375046841183722,1.2317932946992278,-2.8514851894530464,-0.04997091276173089,3.7385861019914888,0.04507459274025738,0.02505928174085459,-0.02001531099940279,0.08268372059242113,-0.026439203505035494,-0.11122464187067083,-0.0020061458387276854,-7.848648800942021e-05,0.5466712901342237,0.002047394711000919,0.09499999999998465,1.0
main,DE,3,0.06118314132844405,0.2114775287198088,2.4564673229926637,0.06289942587560413,0.0597502690028985,0.9562777687678468,41.10126137372879,0.0486556737341476,-0.1927509756269071,83.6,0.08609010457430799,-2.7938835959017463,-1.553636533328102,1.2402470625736446,-2.817581586040091,-0.04470685502867231,3.7160388113896143,0.27541438291585374,0.2838681507902703,0.008453767874416762,0.03390360341295562,0.005264057733058582,-0.022547290601874437,0.01077065192717061,0.0016338703639624808,0.031107387880493192,0.014729386395358438,-0.5150000000000006,1.0
main,DE,4,0.054234833342345405,0.18208824640785445,2.3574040000909124,0.054666937442366885,0.059906701742846,0.9773022393063174,39.394889378300505,0.04764422873620866,-0.15767213160645524,83.275,0.0772410017124058,-2.9144318953748214,-1.7032638390441706,1.2111680563306506,-2.8149668979346707,-0.02295932032070731,3.6736360966800143,-0.1205482994730751,-0.14962730571606864,-0.029079006242993977,0.0026146881054200932,0.021747534707965,-0.0424027147096,-0.00823248843323724,-0.00101144499793894,0.03507884402045186,-0.006948307986098648,-0.32499999999998863,1.0
main,DE,5,0.05670905215764286,0.18271537818632597,2.2219790533335657,0.05681395692482701,0.0597189510429168,0.9984378624454363,37.220880351132685,0.041628590807369,1.1568619813683338,85.505,0.0822309183843132,-2.869821430944532,-1.699825647348819,1.1699957835957127,-2.8181058710515283,-0.0015633589636050616,3.6168699035709433,0.044610464430289376,0.0034381916953516445,-0.041172272734937954,-0.003138973116857624,0.02139596135710225,-0.05676619310907105,0.0021470194824601274,-0.006015637928839662,1.3145341129747892,0.002474218815297455,2.2299999999999898,1.0
main,DK,2,0.054735464273160124,0.23436425299184033,3.281762402201132,0.07011085661654037,0.5172360440751012,1.1032425160388004,6.359040501711737,0.04731648890319218,0.5391877414994976,81.82000000000001,0.07141414406925022,-2.9052434382626293,-1.4508787372102654,1.454364701052364,-0.6592559437255995,0.09825358558575326,1.8498775014601025,-0.08203905911016207,-0.091650782142491,-0.009611723032328934,-0.03331848524695202,0.10238783284819676,0.0213299297635674,-0.009249684606465594,-0.0013363867937033272,0.30239454201573074,-0.0046797840872684765,-1.269999999999996,1.0
main,DK,3,0.04910238773019501,0.20743694770602844,3.224579644595719,0.0594966510695647,0.5248031433644387,1.1829576614554875,6.149632614687817,0.05530369536977645,0.7667956056994278,83.115,0.06432991911168497,-3.0138476154211875,-1.572927851965128,1.4409197634560595,-0.6447320517275914,0.16801779522265678,1.8163923425849384,-0.10860417715855819,-0.12204911475486258,-0.013444937596304385,0.014523891998008076,0.06976420963690352,-0.03348515887516412,-0.010614205546975675,0.007987206466584275,0.2276078641999303,-0.005633076542965111,1.2949999999999875,1.0
main,DK,4,0.05384870315543895,0.2326252388755261,3.3199784812650583,0.06506051490113961,0.5789052693783512,1.132749194823364,5.736126008311279,0.05917142273629363,-2.1126842303555926,78.195,0.07006829718573526,-2.921576958205681,-1.4583265371507121,1.4632504210549688,-0.5466164255403473,0.12464759374902377,1.7467840710321911,0.09227065721550654,0.11460131481441582,0.022330657598909287,0.09811562618724412,-0.043370201473633005,-0.06960827155274729,0.005563863831574908,0.003867727366517179,-2.8794798360550207,0.004746315425243938,-4.920000000000002,1.0
main,DK,5,0.06306555351526777,0.26563057103521637,3.211975575080126,0.07394606511701758,0.5835761707520363,1.1352450651970485,5.506667379593184,0.05629416353148238,1.8798562849903682,80.41,0.08270005945751625,-2.7635805615803988,-1.3256487662143428,1.4379317953660564,-0.5385802946406837,0.12684854409992957,1.7059596088907885,0.1579963966252822,0.13267777093636934,-0.02531862568891241,0.008036130899663596,0.0022009503509057976,-0.04082446214140267,0.008885550215877974,-0.0028772592048112514,3.9925405153459606,0.009216850359828818,2.2150000000000034,1.0
main,EE,3,0.10651698824052006,0.4846913065057535,3.5503662327674825,0.1260325719366119,0.016554091467604233,0.9007914482728016,218.77339534559434,0.05483741301760342,5.372030626498858,72.405,0.13651867856120872,-2.2394507925581686,-0.7242430721163854,1.515207720441783,-4.101121989126186,-0.10448151512223458,5.3880364696702525,-0.1995978582271416,-0.18557603036988435,0.014021827857257252,0.4494054852232958,-0.0749410102227915,-0.42414089761690565,-0.008417922945522127,0.00514971272121896,2.758396039244082,-0.0235308468034765,-0.05500000000000682,1.0
main,EE,4,0.09013375086105167,0.4482744395852645,3.9734359804499317,0.11728395299049535,0.023879149410449167,0.7705374468481037,166.77413998187896,0.052532279711229576,-3.448578625746335,71.01500000000001,0.112817833681192,-2.4064605911580137,-0.8023496457628436,1.60411094539517,-3.7347496104200433,-0.26066702469158193,5.1166404418254485,-0.1670097985998451,-0.07810657364645823,0.08890322495338698,0.36637237870614303,-0.15618550956934735,-0.271396027844804,-0.00874861894611656,-0.002305133306373844,-8.820609252245193,-0.016383237379468382,-1.3899999999999864,1.0
main,EE,5,0.0641959364591113,0.29755136679034644,3.635049867679205,0.08605601227444297,0.026245051181385697,0.7757149293504976,139.93644830073006,0.049673491559324025,1.7278231650423166,73.38499999999999,0.08185619939797907,-2.7458153653188555,-1.2121684074205743,1.5336469578982812,-3.6402778341412465,-0.253970185376207,4.941188378837959,-0.3393547741608418,-0.4098187616577307,-0.07046398749688887,0.09447177627879677,0.006696839315374903,-0.17545206298748983,-0.03122794071605238,-0.0028587881519055516,5.176401790788652,-0.025937814401940373,2.369999999999976,1.0
main,EL,2,0.1572272059647465,0.5465821218413487,2.476383864277938,0.1446136042276282,0.013776801907632369,1.0134874377220946,181.81556910262125,0.04331860653853993,0.36663358604805857,77.015,0.22071784981554976,-1.85006334802771,-0.604070713960611,1.245992634067099,-4.284769122506579,0.013397291886967082,5.20299281670488,-0.286423768773723,-0.29305389515181185,-0.0066301263780887965,0.24182249291820224,0.026704539931596872,-0.24415322668498973,-0.03196089660342505,-0.022640901035379538,1.383736938650485,-0.05214544845142613,1.4200000000000017,1.0
main,EL,3,0.13225136568116913,0.45092062038887076,2.409572506615529,0.12768322307438215,0.01642222268866086,0.9986299866140858,146.48873104734042,0.04580049882282724,5.295862132612836,74.35,0.18713718684574102,-2.0230508817853705,-0.7964639629776241,1.2265869188077463,-4.109119819401362,-0.0013709527122775205,4.986948504319972,-0.17298753375766052,-0.19239324901701316,-0.01940571525935275,0.1756493031052173,-0.014768244599244602,-0.2160443123849074,-0.01693038115324605,0.0024818922842873084,4.929228546564778,-0.024975840283577383,-2.6650000000000063,1.0
main,EL,4,0.06933402938288852,0.25754744977539057,2.714589388035087,0.07594578882167947,0.018873452557892363,0.911820825257449,145.0699973637743,0.04595814791042596,-6.379477665076151,66.65,0.0948752879203629,-2.668819448823044,-1.356551304881766,1.3122681439412784,-3.9699989708957166,-0.09231177174279262,4.977216366378716,-0.6457685670376736,-0.5600873419041418,0.08568122513353216,0.139120848505645,-0.0909408190305151,-0.00973213794125627,-0.05173743425270268,0.0001576490875987227,-11.675339797688988,-0.06291733629828061,-7.699999999999989,1.0
main,EL,5,0.09786209864922157,0.35677990120045877,2.6457413659123152,0.09727471456486372,0.01666731590998154,0.8630616369854346,158.71267509929828,0.05318826556718752,-2.2566836541530315,69.2,0.13485063422948468,-2.3241959479268135,-1.03063621057912,1.2935597373476937,-4.094305608381919,-0.147269168681527,5.067095492643617,0.3446235008962306,0.32591509430264587,-0.018708406593584748,-0.12430663748620274,-0.05495739693873439,0.08987912626490058,0.02132892574318425,0.007230117656761556,4.122794010923119,0.028528069266333056,2.549999999999997,1.0
main,ES,2,0.10097273178688075,0.41351593435542183,3.0953228365477323,0.11127055550461926,0.03209851568076391,1.0334953914491867,96.21098551685643,0.045776731582843205,2.944396182868696,79.48,0.13359379818895512,-2.2929047809007734,-0.883059229939402,1.4098455509613714,-3.4389454903899352,0.032946640961080666,4.566543545713875,-0.04246538660527266,0.001275522659409667,0.043740909264682326,0.009345167789499342,0.03588883314601243,0.04604030802348369,-0.009652486775882499,-0.000422190490482352,4.4879379060530065,-0.004380191130045175,0.14500000000001023,1.0
main,ES,3,0.08680157947181316,0.38127557708470766,3.392495844024569,0.09897522982889438,0.03513653438755581,1.0574049891175392,96.67571846400321,0.04978420907944652,2.476713203925512,78.39499999999998,0.11238792753608644,-2.444130460801515,-0.9642328658754782,1.479897594926037,-3.3485138240931343,0.055817783095900145,4.571362269211318,-0.15122567990074165,-0.08117363593607618,0.07005204396466547,0.090431666296801,0.02287114213481948,0.004818723497442612,-0.012295325675724875,0.004007477496603316,-0.4676829789431838,-0.01417115231506759,-1.0850000000000222,1.0
main,ES,4,0.061411034732531004,0.28953368476347546,3.7146850077434372,0.08120173601863488,0.04388635203573849,1.0277311907397109,84.64139666125509,0.04001101967671894,-5.652132851608188,73.075,0.07794299763235073,-2.790165741205661,-1.2394836337689743,1.5506821074366863,-3.126151894805169,0.027353645231842857,4.438423469170149,-0.3460352804041458,-0.2752507678934961,0.07078451251064943,0.22236192928796505,-0.028464137864057288,-0.13293880004116865,-0.0177734938102595,-0.009773189402727582,-8.1288460555337,-0.025390544739282157,-5.319999999999979,1.0
main,ES,5,0.07118782100155115,0.326965482027185,3.592997473824359,0.09057520363086673,0.044194660415229826,1.000764806228258,81.33061103157847,0.039006647449885,-0.5464003526814791,78.905,0.09100075477625245,-2.6424335285445,-1.117900673206578,1.5245328553379225,-3.119151302281305,0.0007645139130080489,4.3985224651417125,0.14773221266116066,0.12158296056239637,-0.026149252098763842,0.007000592523864313,-0.026589131318834808,-0.03990100402843666,0.009373467612231845,-0.001004372226833937,5.105732498926709,0.009776786269020142,5.829999999999998,1.0
main,FI,2,0.09645015497581567,0.3448134237633852,2.5750427135119187,0.09262531474615907,0.04516257539973598,1.0789769100694293,57.04907641471867,0.02965751748622026,1.5267285790518788,83.50500000000001,0.13390590453279064,-2.3387289328321494,-1.0647518089220513,1.2739771239100979,-3.097486512988909,0.07601328666744403,4.043911887127412,0.26671424667161636,0.2061232815409091,-0.0605909651307075,-0.00179170867796552,0.05644754904290924,-0.08365888538040434,0.013519838971133846,-0.007021121190040017,2.497589500412736,0.022579762877415324,-2.454999999999984,1.0
main,FI,3,0.08805673574912821,0.3035483189880564,2.447190228046372,0.07978615375957199,0.044771642017047926,1.202543733726199,54.668778829948316,0.029964958660886436,2.8280936203403737,81.87,0.12403952725423537,-2.4297739478275218,-1.1922144752630428,1.237559472564479,-3.106180330675281,0.18443909133951916,4.001292775542895,-0.09104501499537232,-0.12746266634099146,-0.03641765134561892,-0.008693817686372007,0.10842580467207513,-0.04261911158451692,-0.012839160986587078,0.00030744117466617593,1.301365041288495,-0.00839341922668746,-1.6350000000000051,1.0
main,FI,4,0.05069209211444954,0.17029241218120741,2.3593486691520145,0.04763363572129318,0.04594973192909916,1.2498434361020236,51.35135664057911,0.029207064080549138,-1.970496223024469,78.38499999999999,0.0721777219313723,-2.981985354624194,-1.7702382479067857,1.2117471067174082,-3.080207264167009,0.2230182923512523,3.9386913555110534,-0.5522114067966721,-0.5780237726437429,-0.025812365847070806,0.025973066508272247,0.03857920101173315,-0.06260142003184166,-0.03215251803827881,-0.0007578945803372976,-4.798589843364843,-0.037364643634678674,-3.4850000000000136,1.0
main,FI,5,0.0674812403720848,0.2231987404711501,2.307567247437282,0.062219492276227036,0.04545017510359016,1.2430120455102909,50.771066421692645,0.03219357759914997,-0.19751803887410607,80.85499999999999,0.0967246959840621,-2.6959056401442463,-1.499692691541306,1.1962129486029405,-3.0911386057018206,0.21753750315763817,3.927326633696209,0.2860797144799476,0.2705455563654797,-0.015534158114467678,-0.01093134153481179,-0.005480789193614138,-0.01136472181484427,0.014585856554933857,0.0029865135186008286,1.772978184150363,0.016789148257635264,2.469999999999999,1.0
main,FR,2,0.0485855646442246,0.12359234073569779,1.5438078499390104,0.03870222288786009,0.03240305497341886,1.0980140926390203,47.64768448799073,0.036424310963738674,1.0744283064851556,85.19000000000001,0.08005681584050789,-3.024428815977376,-2.090766704036437,0.9336621119409387,-3.429502571325759,0.09350317783103904,3.8638340347534896,0.06372344675153352,0.06884083628146564,0.005117389529932015,0.03660024343455026,0.07944902428482024,-0.028452717986224396,0.0007044916826105807,-0.0009964169802562234,2.1275455013354643,0.002999456859816556,1.825000000000017,1.0
main,FR,3,0.0352686883141777,0.09202622800526858,1.6092897809379225,0.028527493472361595,0.033023248017797296,1.2238637325280464,48.69795454110212,0.03713625613765838,0.6289305154646164,83.2,0.05718437356361889,-3.3447597252704284,-2.385681655548889,0.9590780697215396,-3.410543480161207,0.2020128482585816,3.8856370279970665,-0.32033090929305263,-0.29491495151245184,0.025415957780600906,0.018959091164552078,0.10850967042754256,0.021802993243576818,-0.010174729415498497,0.0007119451739197036,-0.4454977910205392,-0.013316876330046905,-1.990000000000009,1.0
main,FR,4,0.014793329009826106,0.038935208726655485,1.6319436754765428,0.012555402591843632,0.033557114243114146,1.3150817956842291,48.65717689274976,0.042408750536810494,-0.8576126753307143,81.28,0.023858181695692433,-4.213578942406357,-3.2458563290671982,0.9677226133391592,-3.394506389068566,0.2738988657365,3.884799318671704,-0.868819217135929,-0.8601746735183093,0.008644543617619571,0.016037091092640843,0.07188601747791842,-0.0008377093253626455,-0.015972090880517965,0.005272494399152117,-1.4865431907953308,-0.02047535930435159,-1.9200000000000017,1.0
main,FR,5,0.008527926545808655,0.02238543024232926,1.624955799288791,0.007319441751145927,0.034946528372913725,1.3291572067571167,46.47880344417072,0.039242238328837595,1.0505511738863542,84.17499999999998,0.01377602409377959,-4.764409024892101,-3.799344967356456,0.9650640575356454,-3.3539361464830963,0.2845450622441969,3.838996368756408,-0.5508300824857439,-0.5534886382892577,-0.002658555803513818,0.04057024258546971,0.010646196507696881,-0.045802949915295876,-0.005235960840697705,-0.003166512207972899,1.9081638492170685,-0.006265402464017451,2.894999999999982,1.0
main,HU,2,0.040882934387415706,0.24197499795550112,4.918728720949741,0.07525330212165227,2.417815847954879,0.9747392916401912,2.0668653053418793,0.046280615338130285,2.484644808104332,81.405,0.04919462155432288,-3.197042555148703,-1.4189208723962001,1.778121682752503,0.8828645904647766,-0.0255852369297703,0.7260331142521447,0.37764402223552374,0.2585402800356902,-0.11910374219983355,0.06555472925475148,-0.021425460952959594,-0.1913360815078795,0.018041618645891516,-0.009109629887526512,3.1497211957907787,0.012858726568991997,2.1424999999999983,1.0
main,HU,3,0.052015032991529736,0.28949728262292473,4.565646428986543,0.08920657014583479,2.7462624223262644,0.944060505689315,1.6585482233014932,0.057986968548428,3.069338967613652,81.995,0.06340773144082155,-2.956222506189947,-1.2396093684624503,1.716613137727497,1.0102408680842456,-0.05756501988076617,0.5059426554377862,0.24082004895875597,0.17931150393374984,-0.061508545025006134,0.127376277619469,-0.03197978295099587,-0.22009045881435851,0.013953268024182522,0.011706353210297712,0.5846941595093198,0.01113209860411403,0.5900000000000034,1.0
main,HU,4,0.04832101810424692,0.2853855477906069,4.90603341955505,0.08893256770200929,3.037053037870112,0.9184781517371776,1.6156050824930897,0.057560415296021364,-3.018485591449718,77.945,0.05817032282191217,-3.029888655539325,-1.2539142136567245,1.7759744418826007,1.1108876498130333,-0.08503716150461339,0.479709550587967,-0.07366614934937799,-0.014304845194274218,0.05936130415510377,0.10064678172878772,-0.027472141623847222,-0.026233104849819167,-0.00027400244382549954,-0.00042655325240663344,-6.08782455906337,-0.003694014887282819,-4.050000000000011,1.0
main,HU,5,0.07079538671453942,0.42211409143498985,4.962451948133779,0.12306491733969399,2.840369551152106,1.0013671089780918,1.7457575889502521,0.0482186601346589,1.8778022320903112,82.995,0.08506159774377939,-2.6479614398045896,-0.8624796426358066,1.7854817971687829,1.0439341673528753,0.0013661753354434164,0.5571886098348037,0.38192721573473554,0.39143457102091794,0.009507355286182184,-0.06695348246015809,0.08640333684005681,0.07747905924683668,0.0341323496376847,-0.009341755161362465,4.896287823540029,0.0224743686102925,5.050000000000011,1.0
main,IE,2,0.1534116785458826,0.44932153536384517,1.928861346298752,0.11507948300186488,0.024963809088838725,0.8841806289488444,77.83917393337234,0.11073271780970587,2.3533887002060467,77.87,0.23294651853853465,-1.8746302616177324,-0.8000165331313583,1.074613728486374,-3.6903281393983742,-0.12309390582721334,4.35464482545469,0.006149256272842019,0.0507818040221546,0.04463254774931236,0.31325790990752056,-0.10763516242184523,-0.25149938140889283,0.003519821001753118,0.014578971561433285,-0.6945959640347512,0.0009404731578577241,-0.3850000000000051,1.0
main,IE,3,0.13189421799467027,0.40942590837704734,2.1041990665094343,0.0999977066650679,0.03574679984940033,0.7844121215111732,59.194035240831184,0.12649906685251608,1.4169100660916902,75.16,0.19457565346050001,-2.0257550564996887,-0.8929993239833505,1.1327557325163382,-3.331294528550889,-0.24282073155245482,4.080820780746686,-0.1511247948819563,-0.09298279085199213,0.05814200402996428,0.3590336108474852,-0.11972682572524147,-0.2738240447080038,-0.015081776336796984,0.015766349042810213,-0.9364786341143565,-0.021517460551212342,-2.710000000000008,1.0
main,IE,4,0.1218146750004133,0.45451528274405084,2.731203015913384,0.10987747451709495,0.0562424159405973,0.739876821671008,48.50091553173955,0.11962858081316805,-2.504640219363134,77.44,0.16641578091991427,-2.105254446559953,-0.7885237405304728,1.3167307060294804,-2.878084074710397,-0.30127156384079967,3.881582674708354,-0.0794993900602643,0.10447558345287766,0.18397497351314218,0.4532104538404922,-0.058450832288344856,-0.19923810603833214,0.009879767852027058,-0.006870486039348034,-3.921550285454824,-0.010079542994256965,2.280000000000001,1.0
main,IE,5,0.11241310132016996,0.5827751704083928,4.184228204402604,0.12706950969110065,0.08556893762268283,0.7410358979156852,48.7136733599796,0.08844555578147414,3.767357601230234,77.88499999999999,0.13927901202788184,-2.1855747885271217,-0.5399538095350437,1.645620978992078,-2.458432939930368,-0.29970620962913797,3.885959757826197,-0.08032034196716875,0.24856993099542912,0.32889027296259754,0.4196511347800289,0.001565354211661707,0.004377083117843128,0.017192035174005693,-0.0311830250316939,6.271997820593368,-0.009401573680243344,0.4449999999999932,1.0
main,IT,2,0.08665452814721555,0.3188624843334875,2.6796978894372225,0.07943555445703547,0.03665208227620997,1.0233178286726599,73.11421101718635,0.05027085115902012,0.5498187813433059,76.63,0.11899195263405363,-2.445826006283835,-1.14299535273462,1.302830653549215,-3.3062850370871364,0.02305012168200789,4.292022753021366,-0.08077271244164042,-0.042689217854696926,0.03808349458694327,0.06742767291504714,0.024989940446359972,-0.014646173753336988,-0.008684932625158959,0.00384717595918032,2.7710937620085816,-0.007289765435492132,-0.23999999999999488,1.0
main,IT,3,0.057558073137367584,0.21934038340739656,2.8107666127724737,0.055801046231276734,0.03867173207623558,1.0808079917347837,72.61897712919239,0.05366184792204528,-0.40522738020908344,74.55499999999999,0.07803578653975983,-2.854960873246582,-1.5171304936466938,1.337830379599888,-3.2526463831522814,0.07770890191370151,4.285226280637644,-0.4091348669627468,-0.3741351409120739,0.03499972605067314,0.05363865393485501,0.05465878023169363,-0.006796472383721941,-0.023634508225758737,0.0033909967630251572,-0.9550461615523893,-0.02909645500984797,-2.075000000000003,1.0
main,IT,4,0.036414645383217,0.14441368226254295,2.9658132254969365,0.03866426388182911,0.04148027841614502,1.133124703943484,71.4809880860033,0.0553078645402119,-4.528036289541372,72.16,0.04869277708421633,-3.312784239565991,-1.9350733045014616,1.3777109350645296,-3.182537183585838,0.12497904125257826,4.2694315134469925,-0.45782336631940934,-0.4179428108547678,0.03988055546464153,0.07010919956644335,0.04727013933887675,-0.01579476719065198,-0.017136782349447627,0.0016460166181666222,-4.122808909332289,-0.02114342775415058,-2.394999999999996,1.0
main,IT,5,0.04740035786483658,0.1806000866894412,2.810099645332368,0.04942012974905819,0.04016764044854297,1.1158781283551023,69.97539391591302,0.05267922335243121,-2.500237666866524,76.78999999999999,0.0642682144704091,-3.0491255004185396,-1.7114701579913871,1.3376553424271522,-3.2146935714812166,0.10964165401304683,4.248143664766351,0.26365873914745164,0.2236031465100745,-0.040055592637377346,-0.03215638789537856,-0.01533738723953143,-0.021287848680641375,0.010755865867229084,-0.002628641187780688,2.0277986226748483,0.01098571248161958,4.6299999999999955,1.0
main,JP,2,0.019496846506486514,0.0831589398486964,3.2652507840706337,0.02810726305520095,9.012811530401862,1.0077297876855984,0.3624870706086411,0.05746896244083386,-1.1276681152727952,,0.025467856942071102,-3.937502544106216,-2.4870015644057597,1.450500979700456,2.1986470684937562,0.007700065940365373,-1.0147664726100076,1.3764297222095512,1.4844001438874908,0.1079704216779398,0.15624982069124682,0.005840532147166472,-0.012532126649919872,0.021205915624106213,0.005956068094600767,0.17244447253866002,0.014574314602994977,,1.0
main,JP,3,0.01987515154270918,0.09166457673434582,3.6120190096347327,0.028417417995117624,9.840152184100322,1.0870841741106019,0.36719689212774004,0.05535010466480987,0.3027750769285339,,0.02537765623321441,-3.918284993680411,-2.3896192695052645,1.5286657241751465,2.2864711768084205,0.08349904222524651,-1.0018570839760306,0.019217550425804752,0.09738229490049521,0.07816474447469046,0.08782410831466425,0.07579897628488114,0.01290938863397706,0.0003101549399166757,-0.00211885777602399,1.430443192201329,0.00037830503622266615,,1.0
main,JP,4,0.018591327654299463,0.09211885246365092,3.9549367412900907,0.02729068685092547,10.430112497352239,1.1478420063315007,0.37914881004318096,0.04619349476643686,-0.14304545040390698,,0.023292117798476338,-3.9850600621389005,-2.3846756610802013,1.6003844010586994,2.344697054894325,0.13788366327938875,-0.9698265123257276,-0.06677506845848935,0.00494360842506314,0.07171867688355293,0.058225878085904625,0.05438462105414224,0.032030571650302986,-0.0011267311441921536,-0.009156609898373011,-0.4458205273324409,-0.0012838238884097172,,1.0
main,JP,5,0.022347673970077066,0.11066286833324182,3.951874118148333,0.032521309328300836,10.70805791854533,1.147222141229874,0.3690714001280473,0.04127838598962906,1.6986724201741854,,0.028002629897809946,-3.8010330362657228,-2.201266921612765,1.5997661146529578,2.3709965345475994,0.1373434909122175,-0.9967651573776299,0.18402702587317776,0.1834087394674362,-0.0006182864057415749,0.026299479653274282,-0.0005401723671712433,-0.026938645051902355,0.005230622477375366,-0.0049151087768078,1.8417178705780923,0.0037563463157776027,,1.0
main,LT,2,0.14503024941760806,0.8237730628745547,4.6800085925697985,0.22684620749797682,0.010629821373461098,0.7442749890297543,447.63924602572297,0.024879200651607557,1.0819436692463433,62.675,0.17601956205431235,-1.930812941645836,-0.19386019613754732,1.7369527455082887,-4.544091890771248,-0.29534470352663245,6.10398765361663,0.3660303616873133,0.3965164070014725,0.030486045314159327,0.2738401631431442,-0.14604483690318096,-0.26607253889538907,0.06771085842425786,0.0011565440756737752,,0.04445441888462273,13.555,1.0
main,LT,3,0.1356297850382074,0.6579887762664499,3.8513589849094867,0.19731646986332316,0.013414218113396673,0.7393263026685647,292.04332308925945,0.03554772420224714,3.8203601337270228,69.97,0.17084586994995837,-1.9978262739220822,-0.4185674051481188,1.579258868773963,-4.311440081305828,-0.3020159092505716,5.676902158007064,-0.06701333227624628,-0.22470720901057148,-0.15769387673432567,0.23265180946541975,-0.006671205723939144,-0.42708549560956577,-0.029529737634653663,0.010668523550639582,2.7384164644806797,-0.009400464379400647,7.295000000000002,1.0
main,LT,4,0.14439630182515384,0.7434763918001164,4.148860340622676,0.21801608894380237,0.016879859258110187,0.6798964630892885,246.9683230413056,0.02985007769408552,-5.58919766392138,70.98499999999999,0.1792001491398799,-1.9351936634804976,-0.29641826637675533,1.638775397103742,-4.081634127638766,-0.385814752567551,5.50926008160732,0.06263261044158464,0.12214913877136346,0.05951652832977894,0.22980595366706158,-0.0837988433169794,-0.16764207639974416,0.02069961908047921,-0.005697646508161618,-9.409557797648402,0.008766516786946427,1.0149999999999864,1.0
main,LT,5,0.12029204508450692,0.5486307517751645,3.5608232147831833,0.17483513399561304,0.018577315092991115,0.6957214464838901,193.94538008467694,0.027011234370494443,0.10817218099641188,76.39500000000001,0.15407413361535566,-2.1178327838362225,-0.6003296470457117,1.5175031367905107,-3.9858140612594757,-0.36280591932646783,5.267576573466552,-0.18263912035572494,-0.30391138066895634,-0.12127226031323124,0.09582006637929075,0.02300883324108316,-0.24168350814076867,-0.043180954948189326,-0.002838843323591078,5.697369844917792,-0.024104256740646923,5.410000000000025,1.0
main,LU,2,0.13969747827975448,0.5036175101685715,2.605057989379311,0.09916813073394028,0.06261740112711152,0.9548001482354316,41.741117198620664,0.2332498006105511,0.8821377236051138,84.905,0.19332295565848998,-1.9682760638502554,-0.6859382074232152,1.2823378564270407,-2.7707120662269555,-0.046253229264613185,3.7314866669501963,-0.1212497963244259,-0.11344948609451888,0.00780031022990757,0.0919810183408476,-0.013674243416081817,-0.07840164505299452,-0.03362050719627159,0.0020815369575163667,1.6073296307554963,-0.018007965221942535,2.8900000000000006,1.0
main,LU,3,0.1798544113310424,0.6135405845694678,2.4113179656192965,0.10065180252549188,0.06686789134746765,0.8489842887143647,36.20240694775615,0.2828088063411734,0.4869742281161134,79.96000000000001,0.2544420077805428,-1.7156075813067644,-0.4885088645016823,1.227098716805082,-2.705036377023918,-0.16371459847881184,3.5891256068908524,0.25266848254349106,0.1974293429215329,-0.0552391396219587,0.06567568920303746,-0.11746136921419865,-0.1423610600593439,0.0014836717915516079,0.0495590057306223,-0.39516349548900037,0.040156933051287924,-4.944999999999993,1.0
main,LU,4,0.18345010014268046,0.6440455883742922,2.5107399116892184,0.0971783148225451,0.07667664229254995,0.7603512940657513,32.750752102467644,0.27740892972841047,-1.1671411372134914,73.725,0.2565162505984064,-1.695812582295574,-0.43998576598216005,1.2558268163134143,-2.5681581503321684,-0.273974723462809,3.4889259267784145,0.019794999011190306,0.048523098519522245,0.028728099508332328,0.13687822669174965,-0.11026012498399715,-0.10019968011243785,-0.0034734877029467814,-0.005399876612762922,-1.6541153653296048,0.003595688811638048,-6.235000000000014,1.0
main,LU,5,0.1573043188291917,0.5689995938481276,2.6171899035141792,0.07540042966109857,0.08158771839632473,0.7611437718089061,32.13484619028219,0.26430278156750886,0.5764599470885517,77.58500000000001,0.21740860037864077,-1.8495730132923238,-0.5638755586554851,1.2856974546368387,-2.5060765381887813,-0.27293301411705717,3.469940992450575,-0.15376043099674974,-0.12388979267332506,0.029870638323424403,0.062081612143387144,0.0010417093457518178,-0.018984934327839653,-0.021777885161446534,-0.01310614816090161,1.743601084302043,-0.026145781313488742,3.8600000000000136,1.0
main,LV,2,0.07582379950868845,0.7070229594450154,8.324551974792552,0.14089586697721576,0.012478647882886594,0.8968275684783272,677.4177919493329,0.0374455013511231,0.5370420921571982,66.255,0.0849322536018684,-2.579343057927307,-0.34669213915030883,2.2326509187769985,-4.383736264627772,-0.10889166675296098,6.518288205095339,0.9848407574899949,0.7301579194404109,-0.2546828380495838,2.7079064811807996e-05,-0.12954819678248303,-0.2733447326077183,0.05635661214874063,0.0005727093960439175,2.432638224187033,0.0475037090335265,11.469999999999992,1.0
main,LV,3,0.07174883099435894,0.4701095463224843,5.552156178815587,0.10718290235735388,0.014284677346789587,0.9087368304531255,396.753035642657,0.05018418574264218,7.875299759070908,67.42,0.08467152781404112,-2.634583717236683,-0.754789534154441,1.8797941830822418,-4.248567830408559,-0.09569974217545504,5.983314010650485,-0.05524065930937594,-0.4080973950041322,-0.35285673569475673,0.13516843421921276,0.01319192457750594,-0.5349741944448541,-0.03371296461986188,0.012738684391519081,7.3382576669137105,-0.004074968514329508,1.1650000000000063,1.0
main,LV,4,0.06774145404826935,0.480383854397847,6.0914311059155635,0.09918561743120381,0.017923041023897406,0.8635484654097446,342.0278734410082,0.04219238914508856,-6.36181063142819,69.05499999999999,0.07886223221523961,-2.692056966687523,-0.7331697980050246,1.9588871686824987,-4.021668185838493,-0.14670525626547484,5.834892235031053,-0.05747324945083987,0.02161973614941648,0.0790929856002569,0.22689964457006617,-0.0510055140900198,-0.1484217756194317,-0.007997284926150067,-0.00799179659755362,-14.237110390499097,-0.004007376946089589,1.634999999999991,1.0
main,LV,5,0.052099543196813695,0.2799044198307489,4.372492783158745,0.07550231099396812,0.01715474441527053,0.8761409113604607,257.03410311944083,0.04181500777521144,1.2613845491363533,74.185,0.06401483860850248,-2.9545990980767294,-1.273307091836031,1.6812920062406984,-4.065480501338784,-0.13222834326454014,5.549208773054562,-0.26254213138920646,-0.5401372938310064,-0.27759516244180027,-0.043812315500290744,0.014476913000934705,-0.2856834619764914,-0.023683306437235693,-0.000377381369877125,7.623195180564544,-0.015641910851455658,5.13000000000001,1.0
main,MT,3,0.14689876940736718,0.5708132319903728,2.885759113525601,0.1475456291595485,0.01998418769303331,0.9477869338361629,144.43548460861635,0.09048565305770102,,78.41,0.19780349278460618,-1.91801157291454,-0.5606932121653586,1.3573183607491812,-3.9128139334776235,-0.05362555532531257,4.972832934556836,0.1768723401422696,0.12812437022938594,-0.04874796991288366,-0.010011065191564139,-0.04731752424727197,-0.05755749890623463,-0.007343351197604847,0.0417243794435767,,0.02381423807572558,7.134999999999991,1.0
main,MT,4,0.1746641158756163,0.6441448410638964,2.6879060008102167,0.143697357922017,0.021818607551101387,0.8970745331260475,123.69918342822712,0.10307811590864754,,77.005,0.23964559804908783,-1.7448904872013962,-0.4398316696815939,1.3050588175198023,-3.824992115870074,-0.1086163288189014,4.817852678149711,0.17312108571314377,0.12086154248376474,-0.05225954322937887,0.08782181760754959,-0.054990773493588836,-0.15498025640712498,-0.0038482712375315087,0.01259246285094652,,0.02776534646824913,-1.4050000000000011,1.0
main,MT,5,0.2208919692302191,0.7921635975007212,2.5862037006655894,0.14681001980301275,0.024276982298620544,0.8654068600231796,107.1730646530915,0.0936791992166601,,79.135,0.30630363621274254,-1.5100815239918413,-0.23298734599789658,1.2770941779939446,-3.718226608051397,-0.14455552422579912,4.6744449545005295,0.2348089632095549,0.2068443236836973,-0.027964639525857704,0.10676550781867711,-0.03593919540689772,-0.1434077236491813,0.003112661880995765,-0.009398916691987447,,0.04622785335460278,2.1300000000000097,1.0
main,NL,2,0.0856576484464194,0.2798967287445236,2.267620975138077,0.0849895192430776,0.04753292900270036,1.0049756111219934,47.691850442058694,0.07535758206800422,0.6977928406915248,83.28,0.12343188381712708,-2.457396759349883,-1.2733345697583087,1.1840621895915744,-3.04633256596078,0.004963273676272485,3.864760533026419,0.1902608019941674,0.1640423124161723,-0.02621848957799533,0.0576927999196335,0.001180452652263255,-0.09766976766987989,0.01032123309274395,0.001005796926538835,0.29393226342557227,0.014840745269722788,-1.1750000000000114,1.0
main,NL,3,0.10256546537387587,0.33123619692621165,2.2295100082544916,0.09547037889097372,0.04852767993322624,1.023162456147971,45.96918237629622,0.07120310427618234,0.4041428751997689,81.475,0.14856905584628444,-2.2772539977027426,-1.1049235722066288,1.1723304254961138,-3.0256209235648694,0.022898278025228248,3.8279712236320367,0.1801427616471405,0.16841099755167988,-0.011731764095460617,0.020711642395910612,0.017935004348955765,-0.0367893093943823,0.01048085964789612,-0.004154477791821876,-0.2936499654917559,0.016907816927456465,-1.8050000000000068,1.0
main,NL,4,0.09563005464142084,0.309552321480507,2.236977356556154,0.08723882278500501,0.05045646094824131,1.0357012166757318,44.345379279998916,0.0891071089791704,-2.257677416303004,78.92,0.13837972949224014,-2.347268129237174,-1.1726281495118014,1.1746399797253726,-2.9866444740147977,0.03507870134960558,3.792008515729012,-0.07001413153443137,-0.06770457730517254,0.0023095542292588256,0.038976449550071735,0.01218042332437733,-0.03596270790302469,-0.008231556105968707,0.017904004702988058,-2.6618202915027727,-0.00693541073245503,-2.5549999999999926,1.0
main,NL,5,0.10040909137900135,0.3212784517772124,2.199694842019073,0.08757323769043851,0.05078137758724506,1.0361047307439097,43.342081746760826,0.07721081746565797,0.5850074346876821,82.825,0.14605591904844167,-2.2985025242403765,-1.1354470808509673,1.1630554433894091,-2.9802255745338946,0.03546823017954519,3.7691240278748546,0.048765604996797496,0.03718106866083404,-0.011584536335963458,0.0064188994809031286,0.0003895288299396102,-0.02288448785415742,0.00033441490543349717,-0.01189629151351243,2.842684850990686,0.004779036737580511,3.905000000000001,1.0
main,PL,3,0.17573272114303637,0.6007335750235282,2.4184503097437697,0.15118327551938163,0.036914210153228835,0.9210085693549004,65.78061665613936,0.049499253905080795,-1.9473014116738316,76.42,0.24839607934188848,-1.7387910681002077,-0.5096037455241301,1.2291873225760777,-3.299158703063754,-0.08228593836740103,4.1863252152402195,0.47956842275482137,0.486767156310978,0.0071987335561569665,0.048365944281580475,-0.060477076624894516,-0.033957915117997395,0.042976884621545225,0.0022520336755237347,1.8153547944423598,0.06694529185363994,6.189999999999998,1.0
main,PL,4,0.18832042045264297,0.6480891242579225,2.4414171479661593,0.16686305374311747,0.04745160718380194,0.8197944966306505,51.65646870053894,0.051106898733711034,-1.1282439946578204,74.64500000000001,0.2654561203511731,-1.6696104028226895,-0.43372705465220257,1.235883348170487,-3.048044883397559,-0.19870158399780105,3.9446154287795743,0.0691806652775182,0.07587669087192755,0.006696025594409294,0.25111381966619506,-0.11641564563040002,-0.24170978646064523,0.01567977822373584,0.0016076448286302392,0.8190574170160112,0.012587699309606598,-1.7749999999999915,1.0
main,PL,5,0.1801607809712555,0.6011587326852957,2.3367902239567333,0.15815444111493324,0.05677928869365195,0.7960634702880522,41.467527727583104,0.05179477136754407,0.1437292178794885,80.19,0.2572583223441397,-1.713905599164233,-0.5088962650339494,1.2050093341302832,-2.8685836554259256,-0.22807635977376398,3.7249106565560175,-0.04429519634154344,-0.07516921038174679,-0.030874014040203734,0.17946122797163344,-0.029374775775962925,-0.21970477222355678,-0.008708612628184231,0.0006878726338330338,1.2719732125373089,-0.008159639481387454,5.5449999999999875,1.0
main,PT,3,0.08158885132738698,0.3661989708572681,3.4883457102226147,0.09253823295555809,0.0,,,0.07359058120852208,0.5300116905010366,80.48999999999998,0.10497783226706005,-2.5060626522361082,-1.0045784570753642,1.501484195160744,-inf,,,-0.07109486041800084,0.0239148496893955,0.09500971010739656,-inf,,,0.0007327519383251158,0.010648247364939273,-1.5374692515160862,-0.006011717130276956,-2.390000000000015,1.0
main,PT,4,0.07444187643131987,0.3734271884341709,4.016359156108794,0.09315856700237476,0.0,,,0.061050217498448175,-4.558947299444196,76.515,0.09297654266456633,-2.597736640227023,-0.9850322373646567,1.6127044028623665,-inf,,,-0.09167398799091497,0.01954621971070747,0.11122020770162244,,,,0.0006203340468166757,-0.012540363710073901,-5.088958989945233,-0.00714697489606711,-3.97499999999998,1.0
main,PT,5,0.08056651674023045,0.401670960590509,3.9855818129212577,0.10057947467728238,0.0,,,0.0485450461046335,-1.1491389341980445,79.48499999999999,0.10078101001171061,-2.518672140841625,-0.9121220315158045,1.6065501093258205,-inf,,,0.07906449938539817,0.07291020584885222,-0.006154293536545952,,,,0.00742090767490762,-0.012505171393814678,3.409808365246152,0.006124640308910578,2.9699999999999847,1.0
main,RO,3,0.06177809916073122,0.350503675431185,4.673591130074458,0.10274191196377541,0.012019978390610761,1.4711666576667413,386.4145558402098,0.02903173829482338,4.153551139968576,80.21000000000001,0.07499664940214847,-2.7842063598392537,-1.0483840863108749,1.7358222735283786,-4.421185147662818,0.38605573069249777,5.956910772022769,2.300116695540562,2.3985431596872115,0.09842646414664946,0.23362900538822817,0.15422507741813363,-0.09323217293498676,0.09076977904027814,-0.012729234868461819,4.897554186979471,0.05558502111824335,0.9037500000000165,1.0
main,RO,4,0.06384210756069456,0.4601876686396474,6.20821549010029,0.10059866960754624,0.014580278912106705,1.6308681203236186,425.27456264925985,0.04388597664748352,-0.9908783671412783,78.16,0.07412559524930622,-2.751342313216732,-0.7761208973947112,1.9752214158220207,-4.228085422810475,0.4891124621989973,6.052734990099985,0.03286404662252185,0.27226318891616363,0.23939914229364212,0.1930997248523436,0.10305673150649952,0.0958242180772162,-0.0021432423562291747,0.01485423835266014,-5.144429507109854,0.0020640083999633324,-2.0500000000000114,1.0
main,RO,5,0.07645386155387866,0.5163490259215578,5.753733760820907,0.12613421791260526,0.017671150895701638,1.623443513651426,328.6871730825517,0.03844832584360364,3.103792619642136,76.33,0.08974155694125972,-2.571067837040594,-0.6609723353358404,1.9100955017047536,-4.03582186202106,0.4845495190090174,5.795106456734279,0.1802744761761379,0.11514856205887081,-0.06512591411726709,0.19226356078941453,-0.004562943189979907,-0.2576285333657058,0.025535548305059025,-0.0054376508038798815,4.094670986783415,0.012611753993184108,-1.8299999999999983,1.0
main,SE,2,0.04614945112832848,0.2007537175564623,3.3500781189839803,0.051444128348056034,0.5436397395593561,1.120280264252559,6.159840968828952,0.04218762507937102,0.3768157978673251,84.41499999999999,0.05992508545363335,-3.075870211314651,-1.6056764079881864,1.4701938033264648,-0.6094684949633193,0.11357888994299743,1.8180509604636237,-0.3012564979832013,-0.2771422574479272,0.024114240535274334,0.1351735263763013,0.08823251622576099,-0.10448625708123793,-0.015819901262168992,-0.005773892909052093,0.7466453851867608,-0.016224114985393376,-0.6975000000000193,1.0
main,SE,3,0.04781212532931477,0.2199900817857243,3.6011358054155154,0.05440699144833499,0.6194042268849507,1.2200533452705404,5.806424491180115,0.041075005040990424,0.7249914888644048,84.14,0.06108908235421042,-3.0404760036757117,-1.5141728164381973,1.5263031872375141,-0.4789971873059209,0.19889458342081814,1.7589649754307306,0.03539420763893952,0.0915035915499891,0.05610938391104936,0.13047130765739845,0.08531569347782071,-0.059085985032893085,0.002962863100278955,-0.001112620038380599,0.3481756909970797,0.001662674200986286,-0.2749999999999915,1.0
main,SE,4,0.044354521188854606,0.20947032495725407,3.722637497660322,0.05433880674563448,0.664617026095674,1.254284449858363,5.606924383003827,0.043701621614765415,-1.1333740177822016,81.635,0.0562693319155857,-3.115540632043513,-1.5631731966349067,1.5523674354086061,-0.40854430482874265,0.22656525050561624,1.724002330873287,-0.07506462836780115,-0.04900038019670938,0.026064248171091986,0.07045288247717824,0.027670667084798095,-0.03496264455744358,-6.81847027005078e-05,0.002626616573774991,-1.8583655066466065,-0.0034576041404601604,-2.5049999999999955,1.0
main,SE,5,0.047835067688106976,0.22361472339121133,3.6747027692992624,0.05770216806558037,0.69149815127306,1.2618797648202933,5.313137944789632,0.0413376580682958,0.5935397923148776,84.625,0.06085246547269806,-3.039996274819936,-1.497830692860017,1.5421655819599192,-0.3688948013833419,0.23260248606221887,1.670182610766169,0.07554435722357677,0.06534250377488982,-0.01020185344868696,0.03964950344540075,0.006037235556602627,-0.053819720107117996,0.0033633613199458914,-0.0023639635464696163,1.7269138100970793,0.0034805464992523696,2.989999999999995,1.0
main,SI,3,0.017244527914258186,0.07252767454750896,3.205837057884394,0.025142288558083054,0.02808608341134364,1.0102864645724532,114.44353990993636,0.06216468388576536,4.731373434857939,81.39000000000001,0.02262363096999435,-4.060260408192269,-2.6237870720605745,1.4364733361316948,-3.572481077585697,0.010233918927826255,4.740081600156643,,,0.04231872385512592,0.15896054587256225,0.033177892083251184,-0.09984027124242001,0.03193710544604286,0.0023920246266746423,5.379594385922674,0.021664168424510487,0.4399999999999977,1.0
main,SI,4,-0.0014845753536877695,-0.00657376444988986,3.42804363790646,-0.002410087874444039,0.030291420533528506,1.054143959928523,113.14631378975514,0.058175383540222766,-2.1027613644009038,78.715,-0.0019176431645148257,,,1.4879578697902558,-3.4968907572701746,0.052729025164787106,4.728681793464514,,,0.05148453365856098,0.0755903203155226,0.04249510623696085,-0.011399806692129033,-0.027552376432527094,-0.003989300345542596,-6.834134799258843,-0.018729103267945954,-2.6750000000000114,1.0
main,SI,5,0.0021486431296769692,0.008816857834998564,3.103453809160066,0.003318798223873534,0.02911808099287085,1.1110322750910497,107.01621154529153,0.050483246504544124,0.649706766039136,84.35,0.002840982459276493,-6.1429187385473885,-4.73108972697247,1.4118290115749186,-3.5363959577952446,0.10528956072252918,4.67298033275454,,,-0.07612885821533721,-0.039505200525070006,0.05256053555774207,-0.05570146070997328,0.005728886098317573,-0.007692137035678642,2.7524681304400396,0.0036332184833647386,5.634999999999991,1.0
main,SK,3,0.07486841248562218,0.5832825615583974,6.790769727759511,0.11124549968155388,0.0379603459141969,0.9966518789326809,180.2213538764453,0.0337464405951969,-0.11149527977299716,81.02,0.08589343843806653,-2.5920232065756403,-0.5390835418491167,2.0529396647265234,-3.2712131926845402,-0.003353738566876887,5.1941858391327145,0.5242673325046772,0.3453364434021582,-0.17893088910251942,0.011178672630693942,-0.011027700650533727,-0.2130173081522848,0.031678551987610395,-0.0014466702692177216,1.473406347511905,0.030547140595821358,-1.4699999999999989,1.0
main,SK,4,0.07443867077343506,0.5509582198227454,6.401505347934907,0.10717718505158585,0.04178545329642103,0.9908307234694724,153.3445881527021,0.0344810987242986,-1.32132371855676,77.9,0.08606697798049669,-2.59777970371578,-0.5960962987971872,2.0016834049185928,-3.1752070072826615,-0.009211573097721734,5.032687599117193,-0.005756497140139594,-0.05701275694807051,-0.05125625980793069,0.09600618540187877,-0.0058578345308448465,-0.16149824001552116,-0.004068314629968026,0.0007346581291017007,-1.2098284387837628,-0.0004297417121871122,-3.1199999999999903,1.0
main,SK,5,0.06309790068994633,0.4367501583255951,5.921785884315237,0.08652271116880868,0.0450454726655283,1.0236609354363035,132.07956196627737,0.03080082960152214,0.954094812977728,84.905,0.07375311550564422,-2.7630677795613723,-0.8283939674595191,1.9346738121018534,-3.1000827957485653,0.023385354047748875,4.883404483179037,-0.16528807584559235,-0.23229766866233192,-0.06700959281673935,0.07512421153409621,0.032596927145470606,-0.14928311593815646,-0.020654473882777177,-0.0036802691227764625,2.2754185315344877,-0.01134077008348873,7.0049999999999955,1.0
main,UK,2,0.07531723197915273,0.2280124315393898,2.0273607453139273,0.0733232152291755,0.026796359259249093,0.9912070902947722,75.8651534022134,0.06767752284597453,0.4527961067311524,,0.11246761685922015,-2.586046326012504,-1.4783551272185225,1.1076911987939817,-3.619489249229056,-0.008831795449475363,4.328957467017122,-0.22062402515426305,-0.25586047231779885,-0.0352364471635358,0.14142419657167205,0.03459730083104364,-0.19625193850675693,-0.016025851347645767,-0.003695700753572187,2.6463371599190304,-0.018592401895336452,,1.0
main,UK,3,0.07838445082628602,0.2317259107881625,1.9562739592538403,0.07549329664165538,0.029153999221295506,0.9990246810390774,67.12345798622997,0.08742799249316448,0.425839100525924,,0.11845268894574823,-2.5461297025933995,-1.4622000247579574,1.0839296778354424,-3.535163181040356,-0.0009757948939432204,4.206533580292983,0.039916623419104624,0.016155102460565063,-0.02376152095853934,0.08432606818869992,0.007856000555532143,-0.12242388672413895,0.002170081412479888,0.019750469647189947,-0.026957006205228395,0.0030672188471332906,,1.0
main,UK,4,0.07753743947190628,0.224648216217642,1.8972870106065027,0.07248700081669106,0.02980266438563126,0.9623144377676038,63.66539983873308,0.09102671359371614,-2.846039283101182,,0.11840497244843787,-2.5569943693131427,-1.4932195837706193,1.0637747855425232,-3.5131574805537165,-0.03841402333671306,4.153641241359609,-0.010864666719743177,-0.031019559012661846,-0.020154892292919113,0.022005700486639412,-0.03743822844276984,-0.05289233893337375,-0.003006295824964325,0.0035987211005516634,-3.2718783836271057,-0.0008470113543797425,,1.0
main,UK,5,0.0750743795458928,0.21928072876975002,1.9208463672444231,0.0714082104665694,0.02950311831465118,1.0101782969524815,65.08314612646672,0.08475922431554295,0.9858486689748999,,0.11415839002487338,-2.589275929603866,-1.5174025035265568,1.0718734260773093,-3.5232593156414085,0.010126846909412651,4.175665623629624,-0.03228156029072338,-0.02418291975593756,0.008098640534786039,-0.010101835087692024,0.04854087024612571,0.022024382270014797,-0.001078790350121664,-0.006267489278173194,3.8318879520760816,-0.002463059926013478,,1.0
main,US,2,0.06542069824686013,0.21435534890238528,2.276567732333448,0.07255423597896554,0.051035777797289836,1.1710223348347366,44.55295274850525,0.06335867645165039,-0.1112056739825444,77.52218833333333,0.09415724639243403,-2.726916583635368,-1.5401201321912512,1.1867964514441172,-2.975228366774703,0.15787715773406005,3.796678431148161,-0.3447017775289556,-0.37566729251007236,-0.030965514981116327,0.12319167376894846,0.0921864916831842,-0.188745461629916,-0.02520751439660668,0.0058750730284445885,-0.15573490044727265,-0.026925124509001266,-5.7445266666666726,1.0
main,US,3,0.07527614201564328,0.2690797839462978,2.574569269110255,0.08579437584918992,0.056644201943223164,1.3007405772364207,45.38469939150462,0.05999810175135537,0.21706476884680467,77.55102500000001,0.10451448604421858,-2.5865920334820847,-1.3127473487598775,1.2738446847222074,-2.8709656454976895,0.2629337770616495,3.8151750304357694,0.1403245501532835,0.22737278343137368,0.08704823327809019,0.10426272127701353,0.10505661932758945,0.018496599287608273,0.013240139870224377,-0.0033605747002950145,0.3282704428293491,0.009855443768783154,0.028836666666677502,1.0
main,US,4,0.08679270086608509,0.32746615890297215,2.7729688745166357,0.09774769806547853,0.06284712368825049,1.3269765841335701,44.137661072421146,0.05936242203378106,-1.7694128105015128,76.45093,0.11809225913509531,-2.4442327522562626,-1.1163705608398855,1.3278621914163768,-2.7670501096987574,0.2829031094774049,3.7873134105805257,0.1423592812258221,0.19637678791999202,0.05401750669416949,0.10391553579893209,0.01996933241575538,-0.027861619855243713,0.011953322216288614,-0.0006356797175743126,-1.9864775793483174,0.01151655885044181,-1.1000950000000103,1.0
main,US,5,0.08853804258738258,0.3245712741428575,2.665896203008125,0.09985707217734698,0.06487417019451748,1.3438332102862167,41.133172050503944,0.06550620011206053,-0.19759838656587836,77.207965,0.12174940411281583,-2.4243229595870495,-1.125250123988774,1.2990728355982752,-2.735305728413842,0.29552613491055696,3.7168149018190872,0.01990979266921311,-0.008879563148888492,-0.028789355818101603,0.03174438128491541,0.01262302543315208,-0.07049850876143848,0.0021093741118684423,0.006143778078279469,1.5718144239356344,0.0017453417212974914,0.7570350000000019,1.0
no_fin,AT,2,0.048174559400093526,0.2099958073287646,3.3590602580240083,0.06525962719353957,0.05604281932634691,1.0211131891174483,59.94315027921566,0.05127214638013602,0.3603692838223961,86.22999999999999,0.06251623704193272,-3.032924210544111,-1.5606677135650946,1.4722564969790164,-2.8816392496005845,0.02089339407359665,4.09339661771824,0.21097709080564808,0.23388427149618884,0.022907180690540985,0.08768989892946166,0.006690095975916353,-0.057813303391378135,0.008433908324043296,-0.0033134830772328927,0.7600532073367046,0.009163156804899299,0.7362499999999841,1.0
no_fin,AT,3,0.06167299513848316,0.27678342997972716,3.4879193779745234,0.07636598954612119,0.06049106996605178,1.0441101767853258,57.652195517618814,0.050018887211753384,0.4136354139891,85.22,0.07935488180362088,-2.785909123970096,-1.284519919820474,1.5013892041496224,-2.805259528706777,0.04316501721147558,4.054428329556583,0.24701508657401483,0.2761477937446206,0.02913270717060601,0.07637972089380751,0.02227162313787893,-0.03896828816165776,0.011106362352581611,-0.0012532591683826338,0.053266130166703896,0.01349843573838963,-1.009999999999991,1.0
no_fin,AT,4,0.04732884594087383,0.21800888966374446,3.606258304630855,0.059285821236859874,0.06414356945730951,1.0900621069932286,56.24854185668321,0.04522500666070434,-1.41439251318647,83.91,0.060452932443523434,-3.0506353186092214,-1.523219438750402,1.527415879858819,-2.746631435231765,0.08623467351068714,4.02978011820068,-0.2647261946391253,-0.23869951892992813,0.0260266757091967,0.058628093475011855,0.04306965629921156,-0.02464821135590256,-0.01708016830926131,-0.004793880551049047,-1.8280279271755702,-0.014344149197609325,-1.3100000000000023,1.0
no_fin,AT,5,0.04380060031817224,0.19823578640357858,3.525869165344142,0.05618822650211688,0.06673385743486383,1.0975141800463244,52.86706657081375,0.04244660729289512,0.6928954265877053,85.99499999999999,0.056223239464482454,-3.128107755799318,-1.6182981163535348,1.5098096394457832,-2.7070428471306784,0.09304778619928034,3.9677805848952086,-0.07747243719009678,-0.09507867760313271,-0.017606240413035934,0.039588588101086675,0.0068131126885931925,-0.06199953330547148,-0.0030975947347429977,-0.0027783993678092145,2.1072879397741753,-0.003528245622701591,2.0849999999999937,1.0
no_fin,BE,2,0.011838672320676393,0.043764999882318203,2.6967827723284534,0.012681909627556135,0.0662899252394412,1.0122523076642378,40.70805505841315,0.05693953565821338,0.5638834386070867,81.105,0.016228596656500692,-4.436383790891893,-3.1289208704866835,1.3074629204052093,-2.7137173505098136,0.012177855664988836,3.706425985849483,-2.182581467025102e-05,-0.009187036729409126,-0.00916521091473843,0.04381443135772667,0.004368702311313888,-0.0558995320816269,-0.00034694686388565474,-0.002444630859473787,0.6587727063812343,-2.583914878069582e-07,0.04999999999999716,1.0
no_fin,BE,3,0.015727302341030102,0.058702489434531116,2.73252120176932,0.01663730496919793,0.07033177502878353,1.0335973167201231,38.892424404068706,0.052175727232999604,1.1757487069721646,80.28,0.021482903553143883,-4.1523570743288305,-2.835273143600474,1.3170839307283562,-2.6545315904084874,0.033045257990318135,3.6607994862623623,0.2840267165630621,0.29364772688620944,0.009621010323146884,0.059185760101326146,0.0208674023253293,-0.045626499587120506,0.003955395341641793,-0.004763808425213775,0.6118652683650779,0.003888630020353709,-0.8250000000000028,1.0
no_fin,BE,4,-0.0007080817686241692,-0.0025896542328666975,2.6572813305142677,-0.0007532671771022306,0.0713454475479693,1.071142700910124,37.259560745581666,0.05731742697111808,-0.35678813032930223,78.32000000000001,-0.0009745502680235659,,,1.2967200655258826,-2.6402217416082805,0.06872602340228376,3.6179085762038365,,,-0.020363865202473574,0.014309848800206915,0.035680765411965625,-0.042890910058525744,-0.01739057214630016,0.005141699738118476,-1.5325368373014667,-0.016435384109654273,-1.9599999999999937,1.0
no_fin,BE,5,0.01116993403885942,0.04114628280548391,2.6836639018940365,0.01186228870548698,0.07274946250856958,1.0639780878733687,36.879020539576175,0.06238841169306899,0.1758584424739307,80.7,0.015332129621911408,-4.494529571123529,-3.1906216887343555,1.3039078823891732,-2.6207337611561843,0.06201479660341436,3.6076428402981997,,,0.007187816863290619,0.01948798045209621,-0.006711226798869402,-0.010265735905636841,0.01261555588258921,0.005070984721950909,0.5326465728032329,0.011878015807483589,2.3799999999999955,1.0
no_fin,CZ,2,0.0731123339909733,0.40053054514146263,4.4782896848965805,0.08265289098553674,0.4797289096271957,0.9643332889944751,9.4163855607933,0.03129596224098996,-0.024655341536572402,84.28,0.08943828410481944,-2.615758198812619,-0.914965247862685,1.7007929509499342,-0.7345341062337684,-0.03631830865288029,2.242451316527608,-0.13402005043721488,-0.15061236999258,-0.016592319555364776,0.2248861223460884,-0.004417322953754056,-0.23588840119996446,-0.013388718813842765,-0.0035087536222439195,1.199196650482407,-0.01048545987728021,3.2549999999999955,1.0
no_fin,CZ,3,0.0834350060609308,0.43003503326023207,4.154131983237189,0.08382794372334383,0.5425397530774481,1.0144512612897658,7.668601212834226,0.03649512718901162,3.188346400002446,85.71000000000001,0.10351982917141665,-2.483687320740728,-0.8438886009150348,1.6397987198256931,-0.6114939186900756,0.014347837029886474,2.0371342275394597,0.13207087807189088,0.07107664694765015,-0.06099423112424107,0.12304018754369273,0.05066614568276677,-0.20531708898814838,0.001175052737807089,0.00519916494802166,3.2130017415390184,0.01032267206995749,1.4300000000000068,1.0
no_fin,CZ,4,0.06743130792618279,0.3484068075076945,4.166840422094381,0.06837640543701475,0.5960574049182578,1.0145841885666491,6.993825958778203,0.04421542837791968,-0.807128915042291,82.09,0.08361414698299739,-2.696645859624373,-1.054384494849977,1.6422613647743962,-0.517418299578027,0.014478862120732348,1.9450277539704255,-0.21295853888364524,-0.21049589393494217,0.0024626449487030744,0.09407561911204865,0.00013102509084587412,-0.09210647356903423,-0.015451538286329086,0.007720301188908062,-3.995475315044737,-0.016003698134748,-3.6200000000000045,1.0
no_fin,CZ,5,0.07554485538067608,0.35269203174091435,3.6686439462180873,0.07254977809621868,0.6125823175179271,0.9989399744065777,6.032643094465763,0.04022978609565782,2.1637312181158115,84.88000000000001,0.09613689333479628,-2.583028688138898,-1.042160034167398,1.5408686539714997,-0.49007194964594514,-0.001060587817901695,1.797185238826813,0.11361717148547523,0.012224460682578986,-0.10139271080289647,0.027346349932081848,-0.015539449938634042,-0.14784251514361246,0.004173372659203936,-0.003985642282261864,2.9708601331581024,0.008113547454493289,2.7900000000000063,1.0
no_fin,DE,2,0.04552631662262001,0.15821017555100658,2.4751367404144218,0.05124418390012487,0.057194991324593616,0.9643291630454952,43.28561623929774,0.04702180337018512,-0.2238583635074003,84.115,0.06391977177168678,-3.0894647329163747,-1.8438309049142547,1.2456338280021197,-2.8612889486857145,-0.036322587212848687,3.7678203913527586,0.060975679130309324,0.045698096272165145,-0.015277582858144179,0.08414645409044841,-0.01492612521872948,-0.10595809034315051,-0.0008695766428800586,-7.848648800942021e-05,0.5466712901342237,0.002693058193229493,0.09499999999998465,1.0
no_fin,DE,3,0.058772592730520636,0.2069528112283984,2.521246921627259,0.06083730417314371,0.05938955249796122,0.9916875384173032,42.440314136327615,0.0486556737341476,-0.1927509756269071,83.6,0.08208351568152922,-2.83407964276576,-1.5752644767849575,1.2588151659808027,-2.823636951955627,-0.008347202748505629,3.748098715611122,0.2553850901506145,0.2685664281292972,0.013181337978682928,0.03765199673008768,0.027975384464343056,-0.019721675741636524,0.00959312027301884,0.0016338703639624808,0.031107387880493192,0.013246276107900627,-0.5150000000000006,1.0
no_fin,DE,4,0.05083415105499334,0.1731990626153017,2.4071398660308443,0.051527557288943704,0.05945209809476654,1.0116544253686022,40.536604360086514,0.04764422873620866,-0.15767213160645524,83.275,0.07195222224493805,-2.979186885404426,-1.7533136950202857,1.2258731903841404,-2.822584364714233,0.0115870356402622,3.7022053772811003,-0.14510724263866592,-0.17804921823532815,-0.03294197559666223,0.0010525872413937876,0.01993423838876783,-0.04589333833002174,-0.009309746884200006,-0.00101144499793894,0.03507884402045186,-0.007938441675527298,-0.32499999999998863,1.0
no_fin,DE,5,0.055693564337677456,0.18100625062299844,2.2500389008240442,0.05593335681919903,0.05902856886204286,1.0300997866305863,38.13880538235618,0.041628590807369,1.1568619813683338,85.505,0.0804458316506028,-2.887890680238203,-1.7092237144838696,1.1786669657543336,-2.8297337342713966,0.029655677772828806,3.6412322777718256,0.09129620516622294,0.04408998053641611,-0.04720622462980684,-0.0071493695571636096,0.018068642132566606,-0.060973099509274764,0.004405799530255328,-0.006015637928839662,1.3145341129747892,0.004859413282684119,2.2299999999999898,1.0
no_fin,DK,2,0.04998499775759797,0.2185972835019538,3.3732578435241782,0.06497148782904429,0.51541294914844,1.097675375858188,6.561059299389136,0.04731648890319218,0.5391877414994976,81.82000000000001,0.06480301644346773,-2.996032363424493,-1.5205241301149277,1.4755082333095653,-0.6627868566160793,0.09319464897176379,1.8811520684851546,-0.06701255712371168,-0.06704249018679564,-2.9933063083964484e-05,-0.03303286885272483,0.10283342525221333,0.03395021747720395,-0.007116121910247214,-0.0013363867937033272,0.30239454201573074,-0.003464405487723976,-1.269999999999996,1.0
no_fin,DK,3,0.041438126710125464,0.18007330561032017,3.345594743459265,0.05121208158575284,0.5248565179225524,1.1616222631520585,6.377719326041833,0.05530369536977645,0.7667956056994278,83.115,0.05382400422596572,-3.1835538869241704,-1.714391257606413,1.4691626293177573,-0.6446303529386825,0.14981753084141988,1.8528105610409704,-0.1875215234996772,-0.19386712749148538,-0.0063456039918079465,0.01815650367739674,0.0566228818696561,-0.028341507444184177,-0.013759406243291444,0.007987206466584275,0.2276078641999303,-0.008546871047472503,1.2949999999999875,1.0
no_fin,DK,4,0.04550331401556503,0.2027478917174371,3.4556730889553315,0.05633767584243421,0.578093400503715,1.1250396616958953,5.979458613917406,0.05917142273629363,-2.1126842303555926,78.195,0.05867102775590641,-3.0899701201706855,-1.5957919844750212,1.494178135695664,-0.5480198307974511,0.11781828987574199,1.7883300310744685,0.0935837667534849,0.11859927313139185,0.025015506377906727,0.09661052214123145,-0.0319992409656779,-0.06448052996650189,0.005125594256681368,0.003867727366517179,-2.8794798360550207,0.004065187305439567,-4.920000000000002,1.0
no_fin,DK,5,0.05605675399188257,0.2412968883182495,3.3045105386086226,0.06710077660287639,0.5766014300877982,1.137422854955442,5.734058358501296,0.05629416353148238,1.8798562849903682,80.41,0.07302046263706229,-2.881390637314294,-1.4217272019243545,1.4596634353899394,-0.5506040135731444,0.12876504972370878,1.7464235450343073,0.2085794828563916,0.1740647825506667,-0.03451470030572468,-0.002584182775693278,0.010946759847966794,-0.04190648604016123,0.010763100760442179,-0.0028772592048112514,3.9925405153459606,0.010553439976317538,2.2150000000000034,1.0
no_fin,EE,3,0.09284319272401884,0.4335122241052709,3.669294661094952,0.11321439338778493,0.016633195042203376,0.8701869325095346,225.08184752013418,0.05483741301760342,5.372030626498858,72.405,0.11814592834468812,-2.376843308636629,-0.8358352845310384,1.5410080241055908,-4.096354879023325,-0.1390472254601877,5.416464102813486,-0.2648699848702507,-0.24275991982256873,0.022110065047682204,0.4611503531282626,-0.09906444903822878,-0.42455281532451483,-0.01338559721932002,0.00514971272121896,2.758396039244082,-0.028155767844346855,-0.05500000000000682,1.0
no_fin,EE,4,0.07795452917787773,0.397312703804752,4.0967237952032045,0.10461073483831276,0.024159539305838067,0.7673170306359988,169.96610198547233,0.052532279711229576,-3.448578625746335,71.01500000000001,0.09698303416743881,-2.551629581537338,-0.9230316413273224,1.6285979402100157,-3.7230759745642956,-0.26485522450723703,5.135599017081964,-0.1747862729007088,-0.08719635679628401,0.0875899161044249,0.37327890445902945,-0.12580799904704934,-0.2808650857315218,-0.008603658549472162,-0.002305133306373844,-8.820609252245193,-0.014888663546141101,-1.3899999999999864,1.0
no_fin,EE,5,0.05308891589821049,0.25237519947134546,3.753820928557565,0.07343156654121316,0.026596242721252366,0.7805198757811461,142.5805818761701,0.049673491559324025,1.7278231650423166,73.38499999999999,0.06723155000585566,-2.9357871126701958,-1.3768384119726456,1.5589487006975502,-3.6269853242520953,-0.24779507390419342,4.959907326731583,-0.3841575311328578,-0.45380677064532315,-0.06964923951246549,0.09609065031220032,0.01706015060304361,-0.1756916903503809,-0.031179168297099602,-0.0028587881519055516,5.176401790788652,-0.024865613279667242,2.369999999999976,1.0
no_fin,EL,2,0.15451460582024,0.557643557659446,2.6090022344437798,0.1439495221715895,0.013870627725980135,1.0253897604455204,190.31443172316375,0.04331860653853993,0.36663358604805857,77.015,0.21373824456625332,-1.8674666510592548,-0.5840353062677947,1.28343134479146,-4.277981787858295,0.025072794405296635,5.2486776081222,-0.21799812358108173,-0.23074502979710682,-0.012746906216025033,0.24340982376101472,0.03512581419847884,-0.2538882172613022,-0.02317330058477121,-0.022640901035379538,1.383736938650485,-0.03763739917807185,1.4200000000000017,1.0
no_fin,EL,3,0.12913541015959054,0.4600375236002589,2.5624428886834885,0.12708661408310154,0.016604883888947486,1.0099128120822352,154.0566094395228,0.04580049882282724,5.295862132612836,74.35,0.17953083974355946,-2.046893734001382,-0.7764472197818552,1.270446514219527,-4.098058416713408,0.009864002455924923,5.037320128630729,-0.1794270829421274,-0.1924119135140605,-0.012984830571933115,0.17992337114488688,-0.015208791949371712,-0.211357479491471,-0.01686290808848795,0.0024818922842873084,4.929228546564778,-0.025379195660649445,-2.6650000000000063,1.0
no_fin,EL,4,0.06604957850647732,0.25546510324589433,2.867777948361041,0.07410778261464318,0.01902935042953437,0.9196354397118585,151.98906776387474,0.04595814791042596,-6.379477665076151,66.65,0.08908120079237473,-2.7173496294652417,-1.364669460874427,1.352680168590815,-3.961772732280075,-0.08377794865402295,5.023808595653635,-0.6704558954638595,-0.5882222410925718,0.08223365437128805,0.13628568443333267,-0.09364195110994787,-0.013511532977094731,-0.05297883146845836,0.0001576490875987227,-11.675339797688988,-0.06308583165311323,-7.699999999999989,1.0
no_fin,EL,5,0.08753958458360857,0.32896088938290513,2.757852986710445,0.08869126885278879,0.0166552630268415,0.8655968949542302,165.56896257002973,0.05318826556718752,-2.2566836541530315,69.2,0.11928151753124745,-2.4356641926772027,-1.1118164125388337,1.3238477801383688,-4.095029014795841,-0.14433595805643912,5.109387800291046,0.28168543678803903,0.2528530483355933,-0.028832388452446178,-0.13325628251576616,-0.060558009402416166,0.08557920463741109,0.014583486238145607,0.007230117656761556,4.122794010923119,0.021490006077131252,2.549999999999997,1.0
no_fin,ES,2,0.09758624112998934,0.4036951457578327,3.1368039293581593,0.10735592493528703,0.031599940824679755,1.0170710726349863,99.03642776091162,0.045776731582843205,2.944396182868696,79.48,0.12869632748784374,-2.3270187675293785,-0.9070952755754395,1.419923491953939,-3.4546000310277405,0.01692699922144825,4.595487739635874,-0.06413374692152862,-0.017578357842327308,0.046555389079201426,0.014632259072659526,0.024285537324346688,0.04425053303576654,-0.011393281266114233,-0.000422190490482352,4.4879379060530065,-0.006463624180977526,0.14500000000001023,1.0
no_fin,ES,3,0.08020188143899305,0.3565327074836923,3.445440693992885,0.0918530689334199,0.03470352888423596,1.0289821550841993,99.40173315743677,0.04978420907944652,2.476713203925512,78.39499999999998,0.10347956593921527,-2.5232083050457685,-1.0313292972388886,1.4918790078068802,-3.3609139002480632,0.028570114703675712,4.599169549702037,-0.19618953751639,-0.1242340216634491,0.07195551585294124,0.09368613077967725,0.011643115482227462,0.0036818100661628606,-0.015502856001867127,0.004007477496603316,-0.4676829789431838,-0.01738435969099629,-1.0850000000000222,1.0
no_fin,ES,4,0.060075364236484005,0.28725399028341647,3.7815605270848445,0.07968670751192486,0.04326910895223733,0.9976612139380568,87.3924351216814,0.04001101967671894,-5.652132851608188,73.075,0.07596175923299496,-2.8121554343487043,-1.2473884710236756,1.5647669633250287,-3.1403163176951323,-0.002341525293883362,4.470408724243581,-0.28894712930293576,-0.216059173784787,0.07288795551814853,0.22059758255293094,-0.030911639997559075,-0.12876082545845602,-0.012166361421495048,-0.009773189402727582,-8.1288460555337,-0.020126517202509048,-5.319999999999979,1.0
no_fin,ES,5,0.0684639575675841,0.317658974803456,3.6397986048334907,0.08756837119489885,0.043532595959127805,0.9849552971419812,83.65324749884704,0.039006647449885,-0.5464003526814791,78.905,0.08727377783529534,-2.6814478390849175,-1.1467768779194532,1.534670961165464,-3.134245289103103,-0.01515902245211733,4.426680249140074,0.13070759526378684,0.10061159310422241,-0.03009600215956465,0.006071028592029126,-0.012817497158233968,-0.043728475103506526,0.007881663682973994,-0.001004372226833937,5.105732498926709,0.008388593331100092,5.829999999999998,1.0
no_fin,FI,2,0.09106474368054505,0.3309734379239287,2.634484923001408,0.08857375334890732,0.04563730124035093,1.0751736049553322,57.75725347518287,0.02965751748622026,1.5267285790518788,83.50500000000001,0.1256311755798011,-2.3961845564224076,-1.1057171547890758,1.290467401633332,-3.087029887192535,0.07248214152274267,4.0562489428165875,0.3141680287407689,0.25530899463519385,-0.05885903410557458,-0.00010141086587900361,0.0569691185071545,-0.08272750448208566,0.016469380126867827,-0.007021121190040017,2.497589500412736,0.024551392721062354,-2.454999999999984,1.0
no_fin,FI,3,0.0822160809976766,0.2885737902788794,2.5099433927899626,0.07560852712200074,0.045376939061466545,1.2008253215364983,55.32418549735286,0.029964958660886436,2.8280936203403737,81.87,0.11497223049246189,-2.4984043634784183,-1.242804453540959,1.2555999099374593,-3.0927512531731955,0.1830090883370499,4.013210163684193,-0.10221980705601075,-0.1370872987518832,-0.034867491695872666,-0.005721365980660753,0.11052694681430723,-0.04303877913239429,-0.012965226226906587,0.00030744117466617593,1.301365041288495,-0.00884866268286845,-1.6350000000000051,1.0
no_fin,FI,4,0.04574978433685612,0.15663604912385407,2.423754918067838,0.04381252202028068,0.04660360816707926,1.2493656421071322,52.012339817863946,0.029207064080549138,-1.970496223024469,78.38499999999999,0.06462536618542306,-3.0845682012202174,-1.853830323169629,1.2307378780505889,-3.0660773123698712,0.22263593618515293,3.951480994618933,-0.586163837741799,-0.6110258696286699,-0.024862031886870417,0.026673940803324303,0.039626847848103025,-0.06172916906526016,-0.03179600510172006,-0.0007578945803372976,-4.798589843364843,-0.036466296660820484,-3.4850000000000136,1.0
no_fin,FI,5,0.060086721072886574,0.20230076687191312,2.3668132202873515,0.056770812330007955,0.04601758651953773,1.2469279069880723,51.43447349007962,0.03219357759914997,-0.19751803887410607,80.85499999999999,0.08547390437820525,-2.811966409059951,-1.5979997440498628,1.2139666650100884,-3.078731639914921,0.22068285186552533,3.9403086381172563,0.27260179216026614,0.25583057911976614,-0.016771213040500443,-0.012654327545049693,-0.001953084319627596,-0.011172356501676806,0.012958290309727276,0.0029865135186008286,1.772978184150363,0.014336936736030453,2.469999999999999,1.0
no_fin,FR,2,0.04817119389534669,0.1230715540858647,1.5548786345889876,0.038978278896035536,0.03210698987723476,1.098065367368451,48.435576775589524,0.036424310963738674,1.0744283064851556,85.19000000000001,0.07915187163041641,-3.0329940736077767,-2.0949893522196636,0.9380047213881134,-3.438681519366067,0.09354987443776376,3.8802346010471385,0.07795618838691576,0.07792195297336457,-3.42354135508538e-05,0.02616916605419073,0.07976575951211355,-0.02643723502644768,0.0010054727856452852,-0.0009964169802562234,2.1275455013354643,0.003612601016952474,1.825000000000017,1.0
no_fin,FR,3,0.03524627654533899,0.09213021492659279,1.6138992244494599,0.028939257726654673,0.03255004630292027,1.2253675898447136,49.55111849333763,0.03713625613765838,0.6289305154646164,83.2,0.05708548187574763,-3.3453953852225533,-2.3845523230018357,0.9608430622207175,-3.424976487811819,0.20324087232631277,3.9030048335451983,-0.3124013116147766,-0.2895629707821721,0.022838340832604054,0.01370503155424796,0.10969099788854901,0.022770232498059872,-0.010039021169380862,0.0007119451739197036,-0.4454977910205392,-0.012924917350007697,-1.990000000000009,1.0
no_fin,FR,4,0.010665757874861797,0.028063960601079106,1.6312204843148805,0.009217699041916175,0.03304191134863066,1.3171452640070167,49.39580694856892,0.042408750536810494,-0.8576126753307143,81.28,0.017204271814221416,-4.540716867711887,-3.5732690666887637,0.9674478010231237,-3.4099784824677535,0.275466715848734,3.899865541007776,-1.1953214824893337,-1.188716743686928,0.006604738802406196,0.01499800534406548,0.07222584352242123,-0.003139292537422289,-0.0197215586847385,0.005272494399152117,-1.4865431907953308,-0.02458051867047719,-1.9200000000000017,1.0
no_fin,FR,5,0.008461222383219079,0.022115881698629814,1.6137927473093794,0.00737078632910943,0.034186462365438264,1.326139714976122,47.18923583946043,0.039242238328837595,1.0505511738863542,84.17499999999998,0.013704288692276535,-4.772261626059435,-3.8114592996512595,0.9608023264081752,-3.375925550545716,0.28227225195677247,3.8541658123344655,-0.23154475834754784,-0.23819023296249586,-0.006645474614948466,0.03405293192203729,0.006805536108038468,-0.045699728673310513,-0.001846912712806745,-0.003166512207972899,1.9081638492170685,-0.0022045354916427184,2.894999999999982,1.0
no_fin,HU,2,0.037747997821318324,0.23023167896603508,5.099175910093193,0.07163773924090837,2.421539476776429,1.0156463158166331,2.1378723229994683,0.046280615338130285,2.484644808104332,81.405,0.045150762206559635,-3.276822842539532,-1.468669177192682,1.8081536653468495,0.8844034853408681,0.015525174196715367,0.7598110928587054,0.49927513457561856,0.38227520838774476,-0.11699992618787447,0.06481459861041083,-0.0038115886930637135,-0.18759347994529751,0.023489235229044197,-0.009109629887526512,3.1497211957907787,0.014836077759113407,2.1424999999999983,1.0
no_fin,HU,3,0.04648159058735801,0.2703718155279053,4.816750505122356,0.0830423403112074,2.7603671092878033,1.004706822102489,1.7403503880171765,0.057986968548428,3.069338967613652,81.995,0.05613157983590375,-3.0686989461255947,-1.3079571727610573,1.7607417733645374,1.0153636814954545,0.0046957796516809555,0.5540864653773974,0.20812389641393736,0.1607120044316248,-0.047411891982312104,0.13096019615458643,-0.010829394545034413,-0.20572462748130804,0.01140460107029903,0.011706353210297712,0.5846941595093198,0.008733592766039688,0.5900000000000034,1.0
no_fin,HU,4,0.04616265961705692,0.2849483621077066,5.1727024498046745,0.08835287048000301,3.0587244074554985,0.9834664520130028,1.6916747508653316,0.057560415296021364,-3.018485591449718,77.945,0.055086942439240144,-3.0755840410881894,-1.2554473007165723,1.820136740371617,1.1179979687452164,-0.01667175255026259,0.525719015084972,-0.006885094962594707,0.052509872044484984,0.05939496700707969,0.10263428724976187,-0.021367532201943547,-0.028367450292425378,0.00531053016879561,-0.00042655325240663344,-6.08782455906337,-0.00031893097030109147,-4.050000000000011,1.0
no_fin,HU,5,0.06806847558757571,0.4217731782244344,5.19630709493102,0.12191689469661726,2.843900745274799,1.0691795391944756,1.8260980871272898,0.0482186601346589,1.8778022320903112,82.995,0.08116786989665653,-2.6872410865493666,-0.8632876018060845,1.823953484743282,1.0451766116395806,0.06689156854366171,0.6021814976672533,0.38834295453882284,0.39215969891048774,0.003816744371664793,-0.07282135710563575,0.08356332109392431,0.07646248258228128,0.03356402421661425,-0.009341755161362465,4.896287823540029,0.021905815970518792,5.050000000000011,1.0
no_fin,IE,2,0.11151208924213706,0.3321317626924649,1.9784372703418274,0.09027347040200365,0.024958222759623946,0.8448853217528564,79.78303911738902,0.11073271780970587,2.3533887002060467,77.87,0.16787581171834695,-2.1936222702630914,-1.1022235132202167,1.0913987570428747,-3.69055194155671,-0.16855437473687324,4.37931093947682,-0.13031971321721247,-0.08193557416429353,0.04838413905291894,0.3318313079904991,-0.11840910927706204,-0.2691647371393042,-0.006762745014465346,0.014578971561433285,-0.6945959640347512,-0.015521650944623558,-0.3850000000000051,1.0
no_fin,IE,3,0.08672409659267649,0.2809222408859074,2.239263963801615,0.07360672648617739,0.03646475740268632,0.7667549139568117,61.67930938830464,0.12649906685251608,1.4169100660916902,75.16,0.12545293695924245,-2.445023503099848,-1.2696773707691698,1.1753461323306784,-3.311409035449291,-0.26558806719603767,4.121948532504723,-0.2514012328367565,-0.16745385754895303,0.08394737528780372,0.3791429061074192,-0.09703369245916443,-0.25736240697209745,-0.01666674391582626,0.015766349042810213,-0.9364786341143565,-0.024787992649460563,-2.710000000000008,1.0
no_fin,IE,4,0.0921480715522315,0.37089904487314584,3.025033173514785,0.09046694341618851,0.058159226413448784,0.7314273760133425,51.958989152913965,0.11962858081316805,-2.504640219363134,77.44,0.1226099099079295,-2.384358522353525,-0.9918253696499351,1.39253315270359,-2.844570746852059,-0.3127573443619907,3.950454737281251,0.06066498074632287,0.2778520011192347,0.2171870203729116,0.466838288597232,-0.04716927716595304,-0.17149379522347186,0.01686021693001112,-0.006870486039348034,-3.921550285454824,0.005423974959555003,2.280000000000001,1.0
no_fin,IE,5,0.10105771023687338,0.5587531527429505,4.529050197488798,0.12186313434998028,0.0882244645833714,0.7454442018086691,51.19259719771385,0.08844555578147414,3.767357601230234,77.88499999999999,0.12337093394388955,-2.292063536837226,-0.5820474905773011,1.7100160462599248,-2.427870978202365,-0.29377499424694753,3.93559493560975,0.09229498551629911,0.40977787907263397,0.31748289355633474,0.41669976864969405,0.01898235011504318,-0.014859801671500694,0.03139619093379177,-0.0311830250316939,6.271997820593368,0.008909638684641882,0.4449999999999932,1.0
no_fin,IT,2,0.08317106575079619,0.30974503150661725,2.7241921659955652,0.07553590765875143,0.035999488395909385,1.0360933030217487,75.69035398156242,0.05027085115902012,0.5498187813433059,76.63,0.11370160863575492,-2.4868557590584013,-1.1720057989352946,1.3148499601231067,-3.3242505518517467,0.03545720061386188,4.3266507280384054,-0.14232112387605955,-0.11038392388973084,0.03193719998632871,0.06602313943928273,0.03760858809804791,-0.021925838035580902,-0.012863224546925386,0.00384717595918032,2.7710937620085816,-0.01272075067560166,-0.23999999999999488,1.0
no_fin,IT,3,0.0518062332566942,0.20031307640822563,2.8665825290886584,0.05005713121069409,0.038126926465965126,1.0918600722790461,75.11592829888495,0.05366184792204528,-0.40522738020908344,74.55499999999999,0.06987870552323118,-2.960244803815337,-1.607873754326324,1.3523710494890127,-3.2668345150763485,0.08788273017361567,4.31903263080699,-0.47338904475693555,-0.4358679553910294,0.037521089365905924,0.057416036775398194,0.05242552955975379,-0.00761809723141571,-0.025478776448057336,0.0033909967630251572,-0.9550461615523893,-0.03136483249410199,-2.075000000000003,1.0
no_fin,IT,4,0.0289474423580123,0.11624926299750467,3.015873373535824,0.030722973916428323,0.040972280764017814,1.1367155952845596,73.58904762549919,0.0553078645402119,-4.528036289541372,72.16,0.03854580368578721,-3.5422734257394435,-2.1520185743411795,1.390254851398264,-3.1948595198486416,0.12814304740576707,4.298496205225455,-0.5820286219241066,-0.5441448200148555,0.037883801909251336,0.0719749952277069,0.0402603172321514,-0.020536425581534345,-0.01933415729426577,0.0016460166181666222,-4.122808909332289,-0.0228587908986819,-2.394999999999996,1.0
no_fin,IT,5,0.04038981719753788,0.15534411087528166,2.8461206723349877,0.04207268683437428,0.03955617377404118,1.120224401786455,71.96970743371483,0.05267922335243121,-2.500237666866524,76.78999999999999,0.05458099945840866,-3.2091775753507568,-1.862112552614248,1.3470650227365089,-3.230033496469441,0.11352902397577823,4.276245300397025,0.3330958503886867,0.2899060217269316,-0.043189828661755136,-0.03517397662079924,-0.01461402342998884,-0.022250904828430507,0.01134971291794596,-0.002628641187780688,2.0277986226748483,0.011442374839525583,4.6299999999999955,1.0
no_fin,JP,2,0.004025668156809496,0.017654809710858078,3.385560116522426,0.006020831225197927,9.1688000858371,1.0278503049147543,0.3694498917081067,0.05746896244083386,-1.1276681152727952,,0.0052147382126514165,-5.515064380196566,-4.0367470278610575,1.4783173523355084,2.2158064255622207,0.027469538642470002,-0.9957401588640298,,,0.10748116428019805,0.1518462879675342,0.022567866819889024,-0.010061893549637824,0.01619376106802151,0.005956068094600767,0.17244447253866002,0.011057706674834807,,1.0
no_fin,JP,3,0.00638864221749124,0.030351323125406636,3.750825307184805,0.009459474398792585,9.995754722902946,1.1138230410852894,0.37535972828587116,0.05535010466480987,0.3027750769285339,,0.008091905284756364,-5.053233518696569,-3.494915166861596,1.5583183518349728,2.3021604751469407,0.10779827887388746,-0.9798704373933776,0.4618308614999975,0.5418318609994617,0.08000099949946438,0.08635404958471993,0.08032874023141745,0.01586972147065213,0.0034386431735946577,-0.00211885777602399,1.430443192201329,0.002362974060681744,,1.0
no_fin,JP,4,0.008851716842881241,0.04512158080980215,4.097494826225716,0.013372497167990171,10.595380278431225,1.1658927306039883,0.386690515017697,0.04619349476643686,-0.14304545040390698,,0.011011992137489664,-4.727143845230711,-3.0983946367278294,1.6287492085028812,2.36041808333016,0.15348708592951268,-0.950130608681864,0.3260896734658578,0.3965205301337664,0.07043085666790838,0.05825760818321912,0.045688807055625225,0.029739828711513594,0.003913022769197586,-0.009156609898373011,-0.4458205273324409,0.002463074625390001,,1.0
no_fin,JP,5,0.01426546831301218,0.07242243523910645,4.076765350426433,0.02132954057935681,10.866477978154533,1.15392077176131,0.37518888280768997,0.04127838598962906,1.6986724201741854,,0.01776468082263577,-4.249913465341903,-2.6252391485998623,1.624674316742041,2.3856826355802876,0.1431655104095348,-0.9803256923325161,0.477230379888808,0.47315548812796715,-0.0040748917608401936,0.025264552250127803,-0.010321575519977894,-0.030195083650652044,0.007957043411366639,-0.0049151087768078,1.8417178705780923,0.005413751470130939,,1.0
no_fin,LT,2,0.14821079404218365,0.842954736829399,4.687539441894346,0.23061291378250068,0.010397994936883355,0.7413639900585467,458.8994070830855,0.024879200651607557,1.0819436692463433,62.675,0.17982883072846018,-1.9091197344797017,-0.17084201538811244,1.7382777190915892,-4.566142285952512,-0.29926355963856494,6.128831029360479,0.36174176186084295,0.39287195555037785,0.03113019368953518,0.2748377123003145,-0.14825806400639055,-0.2679255425534537,0.0689795433371431,0.0011565440756737752,,0.04498757869725824,13.555,1.0
no_fin,LT,3,0.1313898008213204,0.6408325200349703,3.8773383933084054,0.19384635958229274,0.013304220518082477,0.7511474378136178,296.41751109489707,0.03554772420224714,3.8203601337270228,69.97,0.16527639711327052,-2.029586795264403,-0.4449871353974373,1.5845996598669654,-4.319673961906986,-0.28615332449780345,5.691768970944355,-0.12046706078470115,-0.27414512000932484,-0.15367805922462385,0.24646832404552566,0.013110235140761484,-0.43706205841612444,-0.03676655420020794,0.010668523550639582,2.7384164644806797,-0.01682099322086325,7.295000000000002,1.0
no_fin,LT,4,0.14322520876940792,0.7458559722205451,4.207574690439939,0.21923437589089617,0.016863007994915746,0.6813555974079694,250.77123328198672,0.02985007769408552,-5.58919766392138,70.98499999999999,0.17726505816170296,-1.943337001056106,-0.293222764146648,1.650114236909458,-4.082632932184272,-0.38367093964727794,5.524541102347648,0.08624979420829693,0.1517643712507893,0.06551457704249253,0.23704102972271368,-0.09751761514947449,-0.16722786859670702,0.025388016308603434,-0.005697646508161618,-9.409557797648402,0.011835407948087517,1.0149999999999864,1.0
no_fin,LT,5,0.11763560315342714,0.541692901287989,3.604838048745173,0.1733934601057499,0.018654048803794634,0.6977352444996681,195.61308921016155,0.027011234370494443,0.10817218099641188,76.39500000000001,0.15026830441843278,-2.1401635414332176,-0.6130560409121993,1.5271075005210182,-3.9816920624165673,-0.35991555404883463,5.276138673614151,-0.19682654037711167,-0.31983327676555134,-0.12300673638843973,0.100940869767705,0.023755385598443313,-0.24840242873349716,-0.04584091578514626,-0.002838843323591078,5.697369844917792,-0.02558960561598078,5.410000000000025,1.0
no_fin,LU,2,0.10077737513465983,0.40255306205578,2.9944785376468106,0.12556612910063508,0.06239890455837965,0.991195919827345,48.21188226423814,0.2332498006105511,0.8821377236051138,84.905,0.134431774011686,-2.294841401567388,-0.9099283596180028,1.3849130419493856,-2.774207558915021,-0.008843065072624882,3.875605510680432,-0.1247411852351914,-0.10469976970708184,0.020041415528109674,0.10320056901092345,0.010478678470768877,-0.07135837264856892,-0.018411048052193096,0.0020815369575163667,1.6073296307554963,-0.013388799887532513,2.8900000000000006,1.0
no_fin,LU,3,0.0906557559257897,0.3433629094254836,2.787546702567442,0.0989596867633067,0.06781614274041932,0.9404798986295605,41.29261751752527,0.2828088063411734,0.4869742281161134,79.96000000000001,0.12317745532630275,-2.400685847649364,-1.0689673461790237,1.3317185014703408,-2.690955018859041,-0.061365003537443834,3.720683731386543,-0.10584444608197607,-0.1590389865610209,-0.053194540479044816,0.08325254005597982,-0.05252193846481895,-0.15492177929388884,-0.02660644233732838,0.0495590057306223,-0.39516349548900037,-0.010121619208870128,-4.944999999999993,1.0
no_fin,LU,4,0.08683033805653605,0.34262328460723435,2.945893708074119,0.08621114014999723,0.08030598737887872,0.9133981293119057,36.69765685367008,0.27740892972841047,-1.1671411372134914,73.725,0.11630537913441033,-2.4437992016022245,-1.0711237309905184,1.3726754706117061,-2.5219110981829393,-0.0905834262824865,3.6027129070732413,-0.04311335395286031,-0.002156384811494716,0.040956969141365374,0.16904392067610186,-0.029218422745042667,-0.11797082431330175,-0.012748546613309472,-0.005399876612762922,-1.6541153653296048,-0.003825417869253653,-6.235000000000014,1.0
no_fin,LU,5,0.07341879231048005,0.30330376612380217,3.131146217185971,0.06955646559286921,0.08721630738657826,0.9218041650529264,35.967313914238126,0.26430278156750886,0.5764599470885517,77.58500000000001,0.09686668877328503,-2.6115753501023993,-1.1930204472074166,1.4185549028949822,-2.439363954237668,-0.08142248031482575,3.5826105791960074,-0.16777614850017475,-0.12189671621689824,0.04587943228327607,0.08254714394527118,0.009160945967660747,-0.020102327877233872,-0.01665467455712802,-0.01310614816090161,1.743601084302043,-0.013411545746055992,3.8600000000000136,1.0
no_fin,LV,2,0.07515608429120808,0.7231130007625634,8.621483178403889,0.14114310861890406,0.012460766330083035,0.8876742283733204,702.777672055902,0.0374455013511231,0.5370420921571982,66.255,0.08387338765259118,-2.5881882041015394,-0.3241897747586461,2.263998429342893,-4.385170264297138,-0.11915046323949184,6.555040585825201,1.0400125010347554,0.790156856107964,-0.24985564492679124,-0.006044519373795687,-0.13096597358486514,-0.2599788552228075,0.06021038640892565,0.0005727093960439175,2.432638224187033,0.04859214649957709,11.469999999999992,1.0
no_fin,LV,3,0.0670248341811914,0.4504349556741786,5.720418799642183,0.10152659404647921,0.014321608312940626,0.8887196193508646,407.8691777726209,0.05018418574264218,7.875299759070908,67.42,0.07874160467103453,-2.702692068847637,-0.7975415948791502,1.9051504739684868,-4.245985811400009,-0.11797348202041834,6.010946480273131,-0.11450386474609742,-0.47335182012050414,-0.3588479553744064,0.13918445289712977,0.001176981219073503,-0.5440941055520696,-0.03961651457242485,0.012738684391519081,7.3382576669137105,-0.008131250110016683,1.1650000000000063,1.0
no_fin,LV,4,0.06522387100703599,0.47460312921554576,6.27652501895124,0.09655083493810736,0.01802225552466392,0.8179394395907439,350.6025550890046,0.04219238914508856,-6.36181063142819,69.05499999999999,0.07561558789019984,-2.7299297573151917,-0.7452763416276931,1.9846534156874986,-4.016147866784403,-0.20096697985023784,5.859653260221573,-0.02723768846755492,0.052265253251457144,0.07950294171901184,0.22983794461560603,-0.0829934978298195,-0.1512932200515582,-0.004975759108371849,-0.00799179659755362,-14.237110390499097,-0.001800963174155415,1.634999999999991,1.0
no_fin,LV,5,0.048323845241555044,0.26487218221583864,4.4811901017361,0.07114442595273408,0.017253104613032404,0.8352293462498623,262.01374963427287,0.04181500777521144,1.2613845491363533,74.185,0.05910755317281051,-3.029830149847226,-1.328507900616041,1.701322249231185,-4.0597631741316915,-0.1800489256776279,5.56839698190422,-0.2999003925320345,-0.5832315589883479,-0.2833311664563136,-0.04361530734728891,0.020918054172609946,-0.2912562783173529,-0.025406408985373274,-0.000377381369877125,7.623195180564544,-0.01690002576548094,5.13000000000001,1.0
no_fin,MT,3,0.12868513113104946,0.5292955458180584,3.1131056957857712,0.1372724603456393,0.02034546542092536,0.9616004423495864,153.00610835511497,0.09048565305770102,,78.41,0.17002170743337391,-2.050386702281579,-0.636208315384931,1.4141783868966484,-3.894897221362258,-0.03915625518717076,5.030477844485138,0.027230495112971376,-0.013811899037883157,-0.04104239415085442,-0.012647169431529104,-0.029286412545770135,-0.04369369616190166,-0.028156541223668313,0.0417243794435767,,0.0034568799543299444,7.134999999999991,1.0
no_fin,MT,4,0.15153797013716663,0.5964687113106092,2.936100706448077,0.13234187748180237,0.022392085163790824,0.9117685832952714,131.61550188362224,0.10307811590864754,,77.005,0.20314994986400933,-1.886919057466559,-0.5167284926160435,1.3701905648505157,-3.7990477234629436,-0.09236906749363087,4.87988480742213,0.16346764481502007,0.11947982276888747,-0.04398782204613272,0.09584949789931452,-0.05321281230646011,-0.15059303706300842,-0.004930582863836935,0.01259246285094652,,0.022852839006117176,-1.4050000000000011,1.0
no_fin,MT,5,0.2045954488484521,0.7790690379961897,2.8078512615071,0.1417508083079059,0.024790921432357303,0.883383987232645,114.01633564944355,0.0936791992166601,,79.135,0.2774609355831863,-1.5867206698544785,-0.24965561316637835,1.3370650566881,-3.697277764107562,-0.12399530627712868,4.73634173329928,0.3001983876120806,0.2670728794496651,-0.03312550816241577,0.1017699593553818,-0.03162623878349781,-0.1435430741228494,0.009408930826103529,-0.009398916691987447,,0.053057478711285466,2.1300000000000097,1.0
no_fin,NL,2,0.07222186357608248,0.23098361739248816,2.1982505844529663,0.07102660125846368,0.04537428571741744,0.9868440327244773,48.43066608970014,0.07535758206800422,0.6977928406915248,83.28,0.1050761087139519,-2.628012459310631,-1.4654084913541516,1.1626039679564792,-3.09280972828593,-0.013243273591124398,3.880133209979449,0.2619756968273057,0.23756614205815496,-0.0244095547691503,0.06263821928466351,-0.008282439387576706,-0.10034728265205439,0.012586678608333943,0.001005796926538835,0.29393226342557227,0.016644992723705176,-1.1750000000000114,1.0
no_fin,NL,3,0.09032460993552584,0.2880377980978495,2.18891826162828,0.0837685142585152,0.04696338075686961,0.9909157652065226,46.63269265803554,0.07120310427618234,0.4041428751997689,81.475,0.1315891064308567,-2.4043453204130487,-1.2446635640625412,1.1596817563505075,-3.0583871137863747,-0.009125748056437904,3.8423018543393055,0.22366713889758216,0.22074492729161044,-0.002922211605971725,0.034422614499555415,0.004117525534686493,-0.03783135564014373,0.012741913000051522,-0.004154477791821876,-0.2936499654917559,0.018102746359443353,-1.8050000000000068,1.0
no_fin,NL,4,0.06868658606451954,0.22114789315080022,2.2196663980805336,0.06367619852381551,0.04927074540214222,1.032242143170794,45.055909876152455,0.0891071089791704,-2.257677416303004,78.92,0.0996311397703902,-2.678201352609901,-1.5089236015013332,1.1692777511085675,-3.0104247736155547,0.0317332743923389,3.807904160270625,-0.2738560321968522,-0.264260037438792,0.009595994758059945,0.04796234017082002,0.04085902244877681,-0.03439769406868054,-0.02009231573469969,0.017904004702988058,-2.6618202915027727,-0.0216380238710063,-2.5549999999999926,1.0
no_fin,NL,5,0.07853251511853233,0.25094056476524296,2.195371552617259,0.06959194999949479,0.049757533698244295,1.0338576103461539,44.155665579726836,0.07721081746565797,0.5850074346876821,82.825,0.11430437115124266,-2.5442425346215,-1.3825391616543954,1.161703372967105,-3.0005933957215816,0.03329705900808001,3.7877212445185577,0.1339588179884008,0.1263844398469378,-0.007574378141462557,0.009831377893973148,0.0015637846157411095,-0.02018291575206721,0.0059157514756792845,-0.01189629151351243,2.842684850990686,0.009845929054012797,3.905000000000001,1.0
no_fin,PL,3,0.17052107935451793,0.5942159994084013,2.484707003132499,0.14863478308744393,0.03676177647706618,0.9047448206851959,67.85106955951758,0.049499253905080795,-1.9473014116738316,76.42,0.23914932370668507,-1.768896357322625,-0.52051239035113,1.2483839669714951,-3.303296656300357,-0.10010234113583025,4.217315149745692,0.47942312538665144,0.49511990209510914,0.015696776708457483,0.05861406952413706,-0.06819103271075633,-0.03248715869093477,0.04307711077119508,0.0022520336755237347,1.8153547944423598,0.06494458065894566,6.189999999999998,1.0
no_fin,PL,4,0.18083056420710675,0.6366309957760555,2.5205939801576727,0.1632979231397284,0.04766694446544158,0.8097963670744015,53.091364141606995,0.051106898733711034,-1.1282439946578204,74.64500000000001,0.25257181473401435,-1.710194795493303,-0.45156507575605065,1.2586297197372522,-3.043517109460995,-0.21097246159517477,3.97201428115353,0.05870156182932207,0.0689473145950793,0.010245752765757121,0.2597795468393622,-0.11087012045934452,-0.2453008685921625,0.014663140052284473,0.0016076448286302392,0.8190574170160112,0.010309484852588813,-1.7749999999999915,1.0
no_fin,PL,5,0.17305037690480043,0.5896196839195104,2.4072140983771195,0.15512320470003435,0.057278218772806394,0.7731367947665398,42.357085778492795,0.05179477136754407,0.1437292178794885,80.19,0.24493861361023786,-1.7541725308921736,-0.5282775534548023,1.2258949774373713,-2.8598348536567277,-0.25729927998856755,3.7461357218248965,-0.04397773539887062,-0.07671247769875167,-0.03273474229988094,0.18368225580426722,-0.04632681839339278,-0.22587855932863343,-0.008174718439694056,0.0006878726338330338,1.2719732125373089,-0.007780187302306313,5.5449999999999875,1.0
no_fin,PT,3,0.06502860563707528,0.2910309299262738,3.47542934490273,0.07361320874563605,0.0,,,0.07359058120852208,0.5300116905010366,80.48999999999998,0.08373956166109864,-2.732928019172025,-1.2343257290524179,1.4986022901196074,-inf,,,-0.15300635014093578,-0.05507931122050014,0.09792703892043608,-inf,,,-0.004957977736007285,0.010648247364939273,-1.5374692515160862,-0.01075133406939445,-2.390000000000015,1.0
no_fin,PT,4,0.06634885709806934,0.3330391901806204,4.019516608829595,0.08269818250774069,0.0,,,0.061050217498448175,-4.558947299444196,76.515,0.08285553278945026,-2.712828743701648,-1.0994951076963184,1.6133336360053296,-inf,,,0.020099275470377265,0.13483062135609947,0.1147313458857222,,,,0.00908497376210464,-0.012540363710073901,-5.088958989945233,0.0013202514609940569,-3.97499999999998,1.0
no_fin,PT,5,0.07664191664701143,0.38236463333576276,3.988975355311298,0.09515644758167771,0.0,,,0.0485450461046335,-1.1491389341980445,79.48499999999999,0.09585535113087285,-2.5686111371900218,-0.9613805881286345,1.6072305490613874,-inf,,,0.14421760651162607,0.13811451956768395,-0.0061030869439422375,,,,0.01245826507393702,-0.012505171393814678,3.409808365246152,0.010293059548942093,2.9699999999999847,1.0
no_fin,RO,3,0.06453116491828538,0.3635774689599952,4.634137697969448,0.10592755422707839,0.011508948636067431,1.4640708527084632,400.4515310298703,0.02903173829482338,4.153551139968576,80.21000000000001,0.0784563370051142,-2.740606994845163,-1.0117628851554885,1.7288441096896743,-4.4646304039419284,0.38122081102682565,5.992592738035875,2.769531228168789,2.881940273698468,0.11240904552967912,0.23851798266812008,0.15357849493358883,-0.07843499562464018,0.09821588199238801,-0.012729234868461819,4.897554186979471,0.06048561676157059,0.9037500000000165,1.0
no_fin,RO,4,0.06209850925788199,0.45083842843769556,6.260052355934323,0.09732147663761877,0.014090796970715474,1.6400622446091055,443.6742153365334,0.04388597664748352,-0.9908783671412783,78.16,0.07201831595071495,-2.7790332958399877,-0.7966462554680843,1.982387040371903,-4.262233391809883,0.4947341951458135,6.095090543864455,-0.03842630099482491,0.2151166296874042,0.2535429306822288,0.20239701213204508,0.11351338411898787,0.10249780582857948,-0.008606077589459624,0.01485423835266014,-5.144429507109854,-0.0024326556604033905,-2.0500000000000114,1.0
no_fin,RO,5,0.07486772615184126,0.5050186910880287,5.745479221097041,0.12305126956712174,0.017098889209571325,1.6443469574170373,339.5963620172339,0.03844832584360364,3.103792619642136,76.33,0.08789844530872754,-2.592032373818594,-0.6831598383362042,1.9088725354823899,-4.068741776088019,0.4973433190247625,5.827757741827497,0.18700092202139373,0.11348641713188012,-0.07351450488951317,0.19349161572186446,0.00260912387894896,-0.2673328020369574,0.025729792929502976,-0.0054376508038798815,4.094670986783415,0.012769216893959268,-1.8299999999999983,1.0
no_fin,SE,2,0.03908024658490397,0.17167715838200046,3.3929394869354894,0.043894443108595034,0.5439036651285208,1.1133903862407704,6.235326653340503,0.04218762507937102,0.3768157978673251,84.41499999999999,0.05059835550944637,-3.2421381420806865,-1.7621395520657133,1.479998590014973,-0.6089831339686073,0.10740976213395316,1.8302309680308086,-0.2585174534038921,-0.23342422382640815,0.025093229577483722,0.13577298801762683,0.07591495791871747,-0.10391295944646006,-0.011452205787444707,-0.005773892909052093,0.7466453851867608,-0.011529014771552472,-0.6975000000000193,1.0
no_fin,SE,3,0.04173193836844464,0.19466821407884705,3.6647297415267985,0.047896295524026335,0.6212463773168019,1.2130661458655436,5.891619097247168,0.041075005040990424,0.7249914888644048,84.14,0.053119391553753274,-3.1764885352191454,-1.6364586358184399,1.5400298994007058,-0.4760275328691024,0.19315115927940324,1.7735308490644779,0.06564960686154109,0.1256809162472734,0.060031309385732756,0.13295560109950488,0.08574139714545008,-0.05670011896633076,0.004001852415431301,-0.001112620038380599,0.3481756909970797,0.0026516917835406675,-0.2749999999999915,1.0
no_fin,SE,4,0.03703554568306941,0.17702212836912323,3.7797899316506602,0.045915783322302714,0.6656178536318756,1.2509690001130305,5.684735711716755,0.043701621614765415,-1.1333740177822016,81.635,0.046833853618901106,-3.2958771333721746,-1.7314805351879416,1.564396598184233,-0.4070395664696805,0.2239184510922355,1.7377846374176893,-0.11938859815302916,-0.09502189936950178,0.024366698783527152,0.0689879663994219,0.030767291812832248,-0.035746211646788595,-0.0019805122017236207,0.002626616573774991,-1.8583655066466065,-0.004696392685375229,-2.5049999999999955,1.0
no_fin,SE,5,0.04193955445185055,0.19906163740008234,3.746393708798662,0.05111462235462131,0.6925074837517071,1.2488913463736406,5.408578499962407,0.0413376580682958,0.5935397923148776,84.625,0.05313420128070696,-3.1715258770304446,-1.6141407665370315,1.557385110493413,-0.36743623411736626,0.2222562348642905,1.6879863041665526,0.12435125634172994,0.11733976865091011,-0.007011487690819829,0.039603332352314224,-0.0016622162279449904,-0.049798333251136695,0.005198839032318596,-0.0023639635464696163,1.7269138100970793,0.004904008768781137,2.989999999999995,1.0
no_fin,SI,3,0.009832349534171256,0.0417746848657189,3.2486981082736683,0.014535446244950826,0.027712603730190785,0.9835885920099413,117.52186176454443,0.06216468388576536,4.731373434857939,81.39000000000001,0.012858900234321135,-4.6220773566819595,-3.175464748138495,1.4466126085434645,-3.585867960963599,-0.01654756690790687,4.7666243738482414,,,0.0454534244004976,0.15981534586755375,0.017380175052289563,-0.09690235894016741,0.03363020062904278,0.0023920246266746423,5.379594385922674,0.022055165557149113,0.4399999999999977,1.0
no_fin,SI,4,-0.00792974638952194,-0.0354167399064477,3.466314326678342,-0.013095603840098885,0.029888160627948898,1.0192510030182882,115.95647006632416,0.058175383540222766,-2.1027613644009038,78.715,-0.010217405742423375,,,1.496563533090462,-3.510292842621021,0.01906804679158891,4.7532148626305135,,,0.049950924546997566,0.07557511834257769,0.035615613699495785,-0.013409511217727932,-0.02763105008504971,-0.003989300345542596,-6.834134799258843,-0.017762095923693197,-2.6750000000000114,1.0
no_fin,SI,5,-0.0034035763337410567,-0.014002840792706996,3.11415505916264,-0.00531488311120026,0.028628551874971212,1.075415313829987,109.24043834584397,0.050483246504544124,0.649706766039136,84.35,-0.0044965136695769405,,,1.414433481128815,-3.5533507418369616,0.07270692541664366,4.693551309283685,,,-0.08213005196164702,-0.0430578992159405,0.053638878625054745,-0.05966355334682838,0.007780720728898625,-0.007692137035678642,2.7524681304400396,0.004526170055780884,5.634999999999991,1.0
no_fin,SK,3,0.07331581081016036,0.5808868398070913,6.923077347002346,0.10958170413010902,0.03792785989362536,1.0164047985167823,183.84358595533735,0.0337464405951969,-0.11149527977299716,81.02,0.08390587172315965,-2.612978993347244,-0.543199309073996,2.069779684273248,-3.2720693473981766,0.016271693543619365,5.21408531975952,0.5291838576679591,0.3592868426946323,-0.16989701497332677,0.0180769918365411,-0.00039133216843845534,-0.20948893764349208,0.03201860604349403,-0.0014466702692177216,1.473406347511905,0.03012652598769417,-1.4699999999999989,1.0
no_fin,SK,4,0.07235427095397533,0.5477878100264163,6.5709118868029925,0.10517092130976151,0.041994016254861974,1.0127863653227176,156.60263852216985,0.0344810987242986,-1.32132371855676,77.9,0.08336556926392398,-2.626180795802099,-0.6018672749994809,2.024313520802618,-3.1702281409709347,0.012705309958070218,5.053711632215337,-0.013201802454855027,-0.058667965925484844,-0.045466163470629706,0.10184120642724181,-0.0035663835855491467,-0.16037368754418324,-0.004410782820347514,0.0007346581291017007,-1.2098284387837628,-0.0009615398561850369,-3.1199999999999903,1.0
no_fin,SK,5,0.06243177519361236,0.44314785864520007,6.098114017596288,0.08626066581097279,0.045397248080169296,1.0352558839866983,134.98505318702684,0.03080082960152214,0.954094812977728,84.905,0.07266965776082307,-2.7736809153678137,-0.8138517979312596,1.959829117436554,-3.092303790746241,0.034648627065830974,4.9051640551757005,-0.14750011956571463,-0.21198452293177872,-0.06448440336606409,0.07792435022469357,0.021943317107760756,-0.14854757703963628,-0.01891025549878872,-0.0036802691227764625,2.2754185315344877,-0.00992249576036297,7.0049999999999955,1.0
no_fin,UK,2,0.06633163539347166,0.20283795286961026,2.05793686023869,0.06678454511030793,0.026501541428503233,0.9762037110925791,77.87199242260344,0.06767752284597453,0.4527961067311524,,0.09856373963100311,-2.713088340336707,-1.5953478804469574,1.1177404598897498,-3.630552380568272,-0.02408399396637214,4.355066355785302,-0.14614393261464143,-0.18367275391575677,-0.03752882130111557,0.13259676339748694,0.03011363360323424,-0.1903541122560517,-0.009184053964779698,-0.003695700753572187,2.6463371599190304,-0.010438129108793229,,1.0
no_fin,UK,3,0.06114802007468858,0.18539323424287865,2.031876322674587,0.06185729264693728,0.02895596357559513,0.9883254969369849,70.16297681352746,0.08742799249316448,0.425839100525924,,0.09124238132704995,-2.794457795546671,-1.6852761192731165,1.1091816762735545,-3.5419791004745664,-0.011743185150038719,4.250820776090976,-0.08136945520996397,-0.08992823882615908,-0.008558783616195331,0.08857328009370535,0.012340808816333421,-0.10424557969432602,-0.004927252463370647,0.019750469647189947,-0.026957006205228395,-0.005183615318783079,,1.0
no_fin,UK,4,0.05834519334832139,0.1746257631388396,1.9929759954058601,0.05749668765741214,0.029762290103853856,0.9693267253766933,66.96749008265549,0.09102671359371614,-2.846039283101182,,0.0876206053366327,-2.841378299849681,-1.745110091256567,1.096268208593114,-3.514513119563487,-0.03115354603173711,4.204207278985431,-0.04692050430300965,-0.05983397198345042,-0.012913467680440549,0.027465980911079324,-0.01941036088169839,-0.046613497105545854,-0.0043606049895251395,0.0035987211005516634,-3.2718783836271057,-0.00280282672636719,,1.0
no_fin,UK,5,0.05753507529189078,0.17276573294340306,2.0027897255181544,0.05759227500093242,0.02931279016080554,1.026240376749174,68.31534155284466,0.08475922431554295,0.9858486689748999,,0.08626254206427275,-2.85536051207994,-1.7558187470028406,1.0995417650770993,-3.529731333948537,0.025902004638634436,4.2241343614536415,-0.013982212230259083,-0.010708655746273665,0.003273556483985418,-0.01521821438505011,0.057055550670371546,0.019927082468210955,9.558734352027587e-05,-0.006267489278173194,3.8318879520760816,-0.0008101180564306087,,1.0
no_fin,US,2,0.05988426834421296,0.19868122369509564,2.317753212798426,0.06744275480036206,0.05035255482142278,1.1546593811178665,45.9698599772022,0.06335867645165039,-0.1112056739825444,77.52218833333333,0.08572147483088177,-2.8153414403376416,-1.6160536296362469,1.1992878107013947,-2.988705919865082,0.14380539235674566,3.8279859638531364,-0.3927877445731278,-0.42335690205697607,-0.030569157483848253,0.12296423002586021,0.08664790539756193,-0.18903435070779784,-0.02729843259011981,0.0058750730284445885,-0.15573490044727265,-0.028810560055671737,-5.7445266666666726,1.0
no_fin,US,3,0.07330370112531925,0.26684292717725844,2.640238120051626,0.08503853946389184,0.05595519641941294,1.2851007778049404,47.112120650747315,0.05999810175135537,0.21706476884680467,77.55102500000001,0.10106775034823023,-2.613144178522243,-1.3210950814166307,1.2920490971056122,-2.8832039724080056,0.25083714157934767,3.852530306573515,0.20219726181539865,0.2949585482196162,0.09276128640421755,0.1055019474570762,0.107031749222602,0.02454434272037842,0.017595784663529776,-0.0033605747002950145,0.3282704428293491,0.013419432781106293,0.028836666666677502,1.0
no_fin,US,4,0.08318268452055153,0.32065847304765416,2.854870456464178,0.09562673927116443,0.0622838298887542,1.311350371423105,45.85098421520098,0.05936242203378106,-1.7694128105015128,76.45093,0.11231979802151756,-2.4867160715580563,-1.1373786691374361,1.3493374024206202,-2.776053439225714,0.27105742416537054,3.8253966644524753,0.1264281069641866,0.18371641227919455,0.05728830531500795,0.10715053318229151,0.020220282586022875,-0.027133642121039525,0.010588199807272589,-0.0006356797175743126,-1.9864775793483174,0.009878983395232271,-1.1000950000000103,1.0
no_fin,US,5,0.08181826530840555,0.30630797621948547,2.743760333525637,0.09471108164280659,0.06420719809104969,1.3513995413662867,42.77442327515472,0.06550620011206053,-0.19759838656587836,77.207965,0.11163802190619555,-2.50325476802065,-1.1831642249356547,1.320090543084995,-2.7456399547728947,0.3011407527591493,3.7559403369323605,-0.01653869646259354,-0.045785555798218525,-0.029246859335625208,0.03041348445281944,0.03008332859377877,-0.06945632752011477,-0.0009156576283578383,0.006143778078279469,1.5718144239356344,-0.001364419212145973,0.7570350000000019,1.0
no_mi,AT,2,0.09770005276338868,0.49767836448540936,4.093941614245528,0.12611258213249626,0.05686692930678332,1.042703698502732,71.99191059077495,0.05127214638013602,0.3603692838223961,86.22999999999999,0.12156459749051074,-2.3258531798783904,-0.6978012650582814,1.6280519148201091,-2.8670413140784214,0.041817049851074796,4.276553759798091,0.0822605741277358,0.11260102602637645,0.030340451898641208,0.0914347952648642,0.019769377086714494,-0.053465213479610085,0.0017938923746177865,-0.0033134830772328927,0.7600532073367046,0.007715184573064138,0.7362499999999841,1.0
no_mi,AT,3,0.10754965875972272,0.556674396028434,4.175975474474571,0.12743171492161703,0.06109214199949376,1.0750472486863625,68.36875046799318,0.050018887211753384,0.4136354139891,85.22,0.13330403864464166,-2.2298025961258467,-0.5857747772548235,1.6440278188710233,-2.79537202992167,0.07236461288013726,4.224915855731097,0.0960505837525436,0.11202648780345792,0.015975904050914203,0.07166928415675144,0.030547563029062468,-0.05163790406699409,0.0013191327891207694,-0.0012532591683826338,0.053266130166703896,0.00984960599633404,-1.009999999999991,1.0
no_mi,AT,4,0.08700618568342529,0.4578859089352899,4.262682248838284,0.10470080429631383,0.0645141993256313,1.1350657525852594,66.12138283289394,0.04522500666070434,-1.41439251318647,83.91,0.10741732134973897,-2.441776063045539,-0.7811352330284744,1.6606408300170645,-2.7408699348252425,0.1266905810485646,4.1914921867222406,-0.2119734669196922,-0.1953604557736509,0.01661301114604119,0.05450209509642745,0.05432596816842733,-0.033423669008856294,-0.022730910625303205,-0.004793880551049047,-1.8280279271755702,-0.020543473076297433,-1.3100000000000023,1.0
no_mi,AT,5,0.08237199543542052,0.42433834500207224,4.151487987622597,0.10159930786806302,0.06729541222735225,1.1453292833034816,61.730533541709136,0.04244660729289512,0.6928954265877053,85.99499999999999,0.10221355481870852,-2.496509761053249,-0.8572241584742774,1.6392856025789717,-2.6986632136394304,0.13569217933310843,4.122778679519419,-0.05473369800771,-0.07608892544580292,-0.021355227438092816,0.042206721185812146,0.009001598284543832,-0.06871350720282177,-0.003101496428250805,-0.0027783993678092145,2.1072879397741753,-0.004634190248004766,2.0849999999999937,1.0
no_mi,BE,2,0.09675570202585274,0.46258139436030304,3.780921275696012,0.09758561210151868,0.0687949422696847,1.026129739171847,54.99420358972158,0.05693953565821338,0.5638834386070867,81.105,0.12234621157912065,-2.3355660131411558,-0.7709327497076338,1.5646332634335218,-2.676625050267115,0.02579419018881771,4.007227790400841,-0.027201481178085185,-0.05090046205371701,-0.023698980875631825,0.04206968246729703,0.0089432975802064,-0.071840689127189,-0.005862178241856503,-0.002444630859473787,0.6587727063812343,-0.002668020960222478,0.04999999999999716,1.0
no_mi,BE,3,0.10138952573462577,0.4914872105563145,3.8475146421211193,0.09989677469449115,0.07271018613575662,1.0487892324115804,52.9508199605916,0.052175727232999604,1.1757487069721646,80.28,0.1277414789214056,-2.28878548966321,-0.7103193609820715,1.5784661286811383,-2.6212737923488008,0.0476363868353039,3.969363557491096,0.04678052347794592,0.06061338872556232,0.01383286524761651,0.05535125791831419,0.02184219664648619,-0.037864232909745166,0.0023111625929724683,-0.004763808425213775,0.6118652683650779,0.0046338237087730355,-0.8250000000000028,1.0
no_mi,BE,4,0.09657271643345965,0.46856594213337005,3.8519494888208974,0.09407271428530617,0.07356817979438109,1.0688203322617007,52.36907772481838,0.05731742697111808,-0.35678813032930223,78.32000000000001,0.12164384384926102,-2.3374590162339737,-0.7580784355895205,1.5793805806444532,-2.6095426864833393,0.06655554706774824,3.9583162973824275,-0.04867352657076385,-0.04775907460744899,0.0009144519633148551,0.011731105865461444,0.018919160232444346,-0.01104726010866841,-0.0058240604091849835,0.005141699738118476,-1.5325368373014667,-0.004816809301166125,-1.9599999999999937,1.0
no_mi,BE,5,0.11247781435018771,0.5488624172450091,3.8797393549645656,0.10847719785800902,0.0750945169151056,1.041467938527942,51.657291774629094,0.06238841169306899,0.1758584424739307,80.7,0.14146888928058468,-2.1849992825613875,-0.5999074749906598,1.5850918075707277,-2.5890077333287644,0.04063119730644856,3.944631362263873,0.15245973367258614,0.1581709605988607,0.00571122692627446,0.020534953154574875,-0.025924349761299682,-0.01368493511855462,0.014404483572702853,0.005070984721950909,0.5326465728032329,0.01590509791672806,2.3799999999999955,1.0
no_mi,CZ,2,0.118570138393698,0.7956826405847074,5.710649505550362,0.12861043525743934,0.48491934721012475,0.9767151498551595,11.853379213454264,0.03129596224098996,-0.024655341536572402,84.28,0.13933312485932786,-2.13225060832301,-0.22855486536961245,1.9036957429533978,-0.7237726962852166,-0.023560225381307334,2.4726129926214755,-0.03557312953732383,-0.015392819515273992,0.020180310022049897,0.21989064250897605,-0.002448224705932464,-0.1871389438484301,-0.008041292365723679,-0.0035087536222439195,1.199196650482407,-0.004293830596447529,3.2549999999999955,1.0
no_mi,CZ,3,0.13021425601703615,0.7977184888065921,5.126199336439978,0.12510207179945015,0.5467394224115997,1.0189398340430518,9.399368643641651,0.03649512718901162,3.188346400002446,85.71000000000001,0.15561597129786775,-2.0385740619832093,-0.2259995146896841,1.8125745472935255,-0.6037829659103449,0.01876270837872211,2.240642521450213,0.09367654633980083,0.0025553506799283476,-0.09112119565987231,0.1199897303748717,0.04232293376002944,-0.23197047117126246,-0.0035083634579891887,0.00519916494802166,3.2130017415390184,0.011644117623338154,1.4300000000000068,1.0
no_mi,CZ,4,0.11455839421763614,0.6937135524198347,5.055545358831839,0.11080862037735963,0.5977954440686368,1.017249707988127,8.466092637397207,0.04421542837791968,-0.807128915042291,82.09,0.1372183420742026,-2.166670592823032,-0.36569615235410263,1.8009744404689292,-0.5145066503245445,0.017102620839534653,2.13606908432533,-0.12809653083982253,-0.13969663766441853,-0.011600106824596335,0.0892763155858004,-0.0016600875391874562,-0.1045734371248832,-0.014293451422090528,0.007720301188908062,-3.995475315044737,-0.01565586179940001,-3.6200000000000045,1.0
no_mi,CZ,5,0.12327237376969964,0.6659211724878659,4.402030902170794,0.11314395620683922,0.615112034445399,1.0130820599657124,7.207433437640314,0.04022978609565782,2.1637312181158115,84.88000000000001,0.15127589680469464,-2.0933589509342077,-0.40658397507463045,1.6867749758595771,-0.48595085793661075,0.012997228861986775,1.9751129153355476,0.07331164188882422,-0.04088782272052782,-0.11419946460935204,0.02855579238793371,-0.004105391977547878,-0.16095616898978227,0.00233533582947959,-0.003985642282261864,2.9708601331581024,0.008713979552063503,2.7900000000000063,1.0
no_mi,DE,2,0.09877987013414888,0.385324523409104,2.9008405547183913,0.1055685321788816,0.05775847486413121,0.9512570935400391,50.232296097267785,0.04702180337018512,-0.2238583635074003,84.115,0.13283202442214567,-2.314861438568347,-0.9536693818044518,1.3611920567638953,-2.8514851894530464,-0.04997091276173089,3.9166581683888726,0.042798691243677744,0.02424959038086061,-0.018549100862816914,0.08268372059242113,-0.026439203505035494,-0.10793554192868005,-0.004512164342855063,-7.848648800942021e-05,0.5466712901342237,0.004138457195723463,0.09499999999998465,1.0
no_mi,DE,3,0.11550006461334235,0.45663746071689837,2.9535688767411177,0.11295823022088328,0.0597502690028985,0.9562777687678468,49.420845708786054,0.0486556737341476,-0.1927509756269071,83.6,0.1546053197922166,-2.158484189597568,-0.7838655055077901,1.3746186840897778,-2.817581586040091,-0.04470685502867231,3.9003723130968857,0.1563772489707791,0.16980387629666172,0.013426627325882512,0.03390360341295562,0.005264057733058582,-0.016285855291986895,0.00738969804200168,0.0016338703639624808,0.031107387880493192,0.01672019447919347,-0.5150000000000006,1.0
no_mi,DE,4,0.10796806671703864,0.41199548351010495,2.81590127560455,0.10355042308995825,0.059906701742846,0.9773022393063174,47.073140916743114,0.04764422873620866,-0.15767213160645524,83.275,0.1463103437181593,-2.2259197741253756,-0.8867428920468119,1.3391768820785637,-2.8149668979346707,-0.02295932032070731,3.8517025818195356,-0.06743558452780762,-0.10287738653902179,-0.03544180201121416,0.0026146881054200932,0.021747534707965,-0.04866973127735008,-0.009407807130925025,-0.00101144499793894,0.03507884402045186,-0.00753199789630371,-0.32499999999998863,1.0
no_mi,DE,5,0.10642715463283543,0.38294015531283826,2.5981433181592517,0.10183280397435106,0.0597189510429168,0.9984378624454363,43.544722578472246,0.041628590807369,1.1568619813683338,85.505,0.147389927505672,-2.240294521921199,-0.9598765544570739,1.2804179674641254,-2.8181058710515283,-0.0015633589636050616,3.773788515208626,-0.014374747795823595,-0.07313366241026198,-0.05875891461443827,-0.003138973116857624,0.02139596135710225,-0.0779140666109095,-0.001717619115607194,-0.006015637928839662,1.3145341129747892,-0.0015409120842032054,2.2299999999999898,1.0
no_mi,DK,2,0.08472006884328294,0.40007666219192356,3.7223363679271118,0.10551850776450365,0.5172360440751012,1.1032425160388004,7.21320256127448,0.04731648890319218,0.5391877414994976,81.82000000000001,0.1074799863975532,-2.4684027650915477,-0.9160990947579114,1.5523036703336366,-0.6592559437255995,0.09825358558575326,1.9759130359325003,-0.05958922848644832,-0.07184687931692113,-0.012257650830472144,-0.03331848524695202,0.10238783284819676,0.01792836381496321,-0.011227787959875918,-0.0013363867937033272,0.30239454201573074,-0.005201851529573545,-1.269999999999996,1.0
no_mi,DK,3,0.07542508120774126,0.3466887768296787,3.596465410157175,0.08915452913105189,0.5248031433644387,1.1829576614554875,6.863326656078405,0.05530369536977645,0.7667956056994278,83.115,0.09639708360618642,-2.5846154172688314,-1.0593277982322618,1.5252876190365696,-0.6447320517275914,0.16801779522265678,1.9261922594830732,-0.11621265217728372,-0.14322870347435035,-0.027016051297066968,0.014523891998008076,0.06976420963690352,-0.049720776449427184,-0.016363978633451765,0.007987206466584275,0.2276078641999303,-0.00929498763554168,1.2949999999999875,1.0
no_mi,DK,4,0.07788087344346756,0.36400208931988515,3.673831625477445,0.09199846068534304,0.5789052693783512,1.132749194823364,6.3476495555891885,0.05917142273629363,-2.1126842303555926,78.195,0.09907968748365817,-2.552574883293628,-1.0105956714720752,1.5419792118215527,-0.5466164255403473,0.12464759374902377,1.848084595656539,0.032040533975203456,0.04873212676018657,0.01669159278498311,0.09811562618724412,-0.043370201473633005,-0.07810766382653411,0.0028439315542911486,0.003867727366517179,-2.8794798360550207,0.002455792235726298,-4.920000000000002,1.0
no_mi,DK,5,0.08609093290690609,0.3897259526002523,3.5269105519123607,0.09880390944149864,0.5835761707520363,1.1352450651970485,6.049267672062982,0.05629416353148238,1.8798562849903682,80.41,0.11050066251012099,-2.4523511819566988,-0.9423114724980937,1.510039709458605,-0.5385802946406837,0.12684854409992957,1.799937218776096,0.10022370133692915,0.06828419897398152,-0.031939502362947625,0.008036130899663596,0.0022009503509057976,-0.048147376880443016,0.006805448756155602,-0.0028772592048112514,3.9925405153459606,0.00821005946343853,2.2150000000000034,1.0
no_mi,EE,3,0.13862209998482367,0.7032218516340949,4.072941844850739,0.15939506508118959,0.016554091467604233,0.9007914482728016,251.0126262215652,0.05483741301760342,5.372030626498858,72.405,0.17265698318849085,-1.976003753387427,-0.35208285852899274,1.6239208948584345,-4.101121989126186,-0.10448151512223458,5.525503241538171,-0.17745908088763773,-0.17071602162265903,0.006743059264978868,0.4494054852232958,-0.0749410102227915,-0.43233244396757,-0.006537274074245758,0.00514971272121896,2.758396039244082,-0.02691752738921044,-0.05500000000000682,1.0
no_mi,EE,4,0.12220185060135222,0.688203963751128,4.631698377434497,0.15446772093076738,0.023879149410449167,0.7705374468481037,194.3340569457462,0.052532279711229576,-3.448578625746335,71.01500000000001,0.14858566073819449,-2.1020810883220595,-0.37367002604346894,1.7284110622785909,-3.7347496104200433,-0.26066702469158193,5.269578621238467,-0.12607733493463247,-0.021587167514476202,0.10449016742015638,0.36637237870614303,-0.15618550956934735,-0.2559246202997043,-0.004927344150422203,-0.002305133306373844,-8.820609252245193,-0.016420249383471447,-1.3899999999999864,1.0
no_mi,EE,5,0.09974086312235557,0.526190408332744,4.275575043773664,0.12938324372524349,0.026245051181385697,0.7757149293504976,164.24894549539047,0.049673491559324025,1.7278231650423166,73.38499999999999,0.12306892124347402,-2.3051798251783677,-0.6420921387200655,1.6630876864583022,-3.6402778341412465,-0.253970185376207,5.101383237224723,-0.2030987368563082,-0.2684221126765966,-0.06532337582028869,0.09447177627879677,0.006696839315374903,-0.16819538401374423,-0.025084477205523897,-0.0028587881519055516,5.176401790788652,-0.02246098747899665,2.369999999999976,1.0
no_mi,EL,2,0.3017454726827236,1.5186340429830079,4.032831245093133,0.24672591911046554,0.013776801907632369,1.0134874377220946,296.0165305591778,0.04331860653853993,0.36663358604805857,77.015,0.3765677140174847,-1.1981714226540061,0.417811274892635,1.6159826975466411,-4.284769122506579,0.013397291886967082,5.6904152992484125,-0.17958592921876226,-0.19251838316653552,-0.012932453947773315,0.24182249291820224,0.026704539931596872,-0.2527028681071375,-0.02386322413300579,-0.022640901035379538,1.383736938650485,-0.059359892314973906,1.4200000000000017,1.0
no_mi,EL,3,0.2739905973163087,1.337690041124521,3.8822479830584236,0.23509639039435098,0.01642222268866086,0.9986299866140858,236.552498719741,0.04580049882282724,5.295862132612836,74.35,0.34456584096688553,-1.2946614895467237,0.2909442765167199,1.5856057660634433,-4.109119819401362,-0.0013709527122775205,5.466170165199304,-0.09649006689271755,-0.12686699837591509,-0.030376931483197867,0.1756493031052173,-0.014768244599244602,-0.2242451340491085,-0.011629528716114557,0.0024818922842873084,4.929228546564778,-0.02775487536641491,-2.6650000000000063,1.0
no_mi,EL,4,0.1864498017712593,0.9856155358035519,4.286224637625126,0.18407008064272248,0.018873452557892363,0.911820825257449,229.01527332924633,0.04595814791042596,-6.379477665076151,66.65,0.22994957547293954,-1.6795932355315957,-0.01448892353941847,1.6651043119921771,-3.9699989708957166,-0.09231177174279262,5.433788697091077,-0.384931745984872,-0.3054332000561384,0.07949854592873384,0.139120848505645,-0.0909408190305151,-0.03238146810822684,-0.0510263097516285,0.0001576490875987227,-11.675339797688988,-0.0875407955450494,-7.699999999999989,1.0
no_mi,EL,5,0.20282556299030438,0.9898284099948153,3.8801955503120276,0.18401501999721412,0.01666731590998154,0.8630616369854346,232.91124776515602,0.05318826556718752,-2.2566836541530315,69.2,0.2550975581411658,-1.5954089649607248,-0.010223674113269958,1.5851852908474549,-4.094305608381919,-0.147269168681527,5.450657470121565,0.08418427057087086,0.004265249426148513,-0.07991902114472227,-0.12430663748620274,-0.05495739693873439,0.01686877303048817,-5.506064550836465e-05,0.007230117656761556,4.122794010923119,0.016375761219045076,2.549999999999997,1.0
no_mi,ES,2,0.15493391547605448,0.747979495806201,3.8277324787664293,0.1627578987735741,0.03209851568076391,1.0334953914491867,119.0063061490163,0.045776731582843205,2.944396182868696,79.48,0.19541059882200906,-1.8647566047440374,-0.2903797134071716,1.5743768913368656,-3.4389454903899352,0.032946640961080666,4.779176484556334,-0.08246167106943436,-0.0559051511869155,0.026556519882518614,0.009345167789499342,0.03588883314601243,0.020164555706410958,-0.01996215264218218,-0.000422190490482352,4.4879379060530065,-0.013317662175030887,0.14500000000001023,1.0
no_mi,ES,3,0.13439959657158534,0.6933700088849697,4.15901852812229,0.14681859161092528,0.03513653438755581,1.0574049891175392,118.51519073557033,0.04978420907944652,2.476713203925512,78.39499999999998,0.16671481605493396,-2.006937852597107,-0.36619149892365804,1.6407463536734488,-3.3485138240931343,0.055817783095900145,4.775041144220665,-0.14218124785306951,-0.07581178551648643,0.06636946233658314,0.090431666296801,0.02287114213481948,-0.004135340335669646,-0.015939307162648825,0.004007477496603316,-0.4676829789431838,-0.020534318904469134,-1.0850000000000222,1.0
no_mi,ES,4,0.10977673110180847,0.6230203550109479,4.675340746238383,0.13882803519943263,0.04388635203573849,1.0277311907397109,106.56332890412284,0.04001101967671894,-5.652132851608188,73.075,0.13325667343331252,-2.2093066931136383,-0.4731760881586809,1.7361306049549576,-3.126151894805169,0.027353645231842857,4.6687394460199965,-0.20236884051653137,-0.10698458923502285,0.09538425128150885,0.22236192928796505,-0.028464137864057288,-0.10630169820066815,-0.007990556411492655,-0.009773189402727582,-8.1288460555337,-0.024622865469776878,-5.319999999999979,1.0
no_mi,ES,5,0.1220190897668837,0.6756272469861544,4.5370618505426785,0.14821657746811737,0.044194660415229826,1.000764806228258,102.73939040994722,0.039006647449885,-0.5464003526814791,78.905,0.14891294614053863,-2.1035777729905347,-0.39211376480525206,1.7114640081852825,-3.119151302281305,0.0007645139130080489,4.6321955916941615,0.10572892012310353,0.08106232335342883,-0.024666596769675087,0.007000592523864313,-0.026589131318834808,-0.03654385432583496,0.00938854226868474,-0.001004372226833937,5.105732498926709,0.01224235866507524,5.829999999999998,1.0
no_mi,FI,2,0.15160070485683477,0.6226226723834379,3.106990617038464,0.13861650951052873,0.04516257539973598,1.0789769100694293,68.84140235890143,0.02965751748622026,1.5267285790518788,83.50500000000001,0.2003941270273009,-1.8865051563332578,-0.4738146059880678,1.4126905503451899,-3.097486512988909,0.07601328666744403,4.231805342415647,0.1463083013175035,0.0633408052585771,-0.08296749605892662,-0.00179170867796552,0.05644754904290924,-0.10987671041166536,0.005448904256426829,-0.007021121190040017,2.497589500412736,0.020634171326220613,-2.454999999999984,1.0
no_mi,FI,3,0.14456347792890825,0.5708935133461658,2.9490853535421517,0.12451887648300544,0.044771642017047926,1.202543733726199,65.87619289492065,0.029964958660886436,2.8280936203403737,81.87,0.19358324527991858,-1.9340365742651835,-0.5605525782306758,1.3734839960345075,-3.106180330675281,0.18443909133951916,4.1877771151593635,-0.047531417931925724,-0.08673797224260804,-0.03920655431068232,-0.008693817686372007,0.10842580467207513,-0.04402822725628397,-0.014097633027523288,0.00030744117466617593,1.301365041288495,-0.007037226927926521,-1.6350000000000051,1.0
no_mi,FI,4,0.10755205086888887,0.4141884618481201,2.8510512677534687,0.09587459224256581,0.04594973192909916,1.2498434361020236,62.06154182153127,0.029207064080549138,-1.970496223024469,78.38499999999999,0.1452756976111785,-2.229780354469373,-0.881434186883495,1.348346167585878,-3.080207264167009,0.2230182923512523,4.128126502758215,-0.29574378020418934,-0.3208816086528191,-0.02513782844862944,0.025973066508272247,0.03857920101173315,-0.059650612401148884,-0.028644284240439633,-0.0007578945803372976,-4.798589843364843,-0.03701142706001938,-3.4850000000000136,1.0
no_mi,FI,5,0.12303776170718622,0.4625001700888544,2.759009946796206,0.10783201484222522,0.04545017510359016,1.2430120455102909,60.71471617574084,0.03219357759914997,-0.19751803887410607,80.85499999999999,0.16763265773141373,-2.09526396497686,-0.7711083542700395,1.3241556107068204,-3.0911386057018206,0.21753750315763817,4.106186109797348,0.134516389492513,0.11032583261345541,-0.02419055687905769,-0.01093134153481179,-0.005480789193614138,-0.02194039296086636,0.011957422599659415,0.0029865135186008286,1.772978184150363,0.015485710838297348,2.469999999999999,1.0
no_mi,FR,2,0.1263690513763432,0.36303264687123177,1.8727971201593827,0.09371142596174864,0.03240305497341886,1.0980140926390203,57.80238559580791,0.036424310963738674,1.0744283064851556,85.19000000000001,0.1938451543754703,-2.068548673955374,-1.0132625124769263,1.055286161478448,-3.429502571325759,0.09350317783103904,4.057030048110487,-0.029633376023399993,-0.03509561283523377,-0.005462236811833554,0.03660024343455026,0.07944902428482024,-0.045712998949845485,-0.006669589584865479,-0.0009964169802562234,2.1275455013354643,-0.003800778435838481,1.825000000000017,1.0
no_mi,FR,3,0.11060684681736699,0.3268872775788632,1.9553982143493929,0.08339673547199528,0.033023248017797296,1.2238637325280464,59.172269369257414,0.03713625613765838,0.6289305154646164,83.2,0.16717171734128147,-2.2017732856855323,-1.118139884397617,1.0836334012879154,-3.410543480161207,0.2020128482585816,4.080453009329122,-0.13322461173015832,-0.10487737192069058,0.028347239809467517,0.018959091164552078,0.10850967042754256,0.02342296121863452,-0.010314690489753364,0.0007119451739197036,-0.4454977910205392,-0.0157622045589762,-1.990000000000009,1.0
no_mi,FR,4,0.092226060726533,0.2772591414300044,2.006299295945514,0.07272495390146383,0.033557114243114146,1.3150817956842291,59.80512464324274,0.042408750536810494,-0.8576126753307143,81.28,0.13819430729518334,-2.3835125340579983,-1.2828026815007931,1.1007098525572052,-3.394506389068566,0.2738988657365,4.0910913536601585,-0.18173924837246602,-0.16466279710317622,0.017076451269289805,0.016037091092640843,0.07188601747791842,0.01063834433103672,-0.010671781570531447,0.005272494399152117,-1.4865431907953308,-0.01838078609083399,-1.9200000000000017,1.0
no_mi,FR,5,0.08435176062034148,0.2522347989922007,1.9902730795090737,0.06733585815925897,0.034946528372913725,1.3291572067571167,56.93235279328901,0.039242238328837595,1.0505511738863542,84.17499999999998,0.1267337641196542,-2.472759597412007,-1.3773948832403387,1.0953647141716683,-3.3539361464830963,0.2845450622441969,4.041863769937739,-0.08924706335400856,-0.09459220173954552,-0.005345138385536963,0.04057024258546971,0.010646196507696881,-0.049227583722419865,-0.0053890957422048635,-0.003166512207972899,1.9081638492170685,-0.007874300106191515,2.894999999999982,1.0
no_mi,HU,2,0.0820901887381125,0.6033595423391995,6.349959253523732,0.1453493803784792,2.417815847954879,0.9747392916401912,2.6763512571254924,0.046280615338130285,2.484644808104332,81.405,0.0950178604696372,-2.4999367734637756,-0.505242003992665,1.994694769471111,0.8828645904647766,-0.0255852369297703,0.9844543956569208,0.19220456417318754,0.04259014728741228,-0.14961441688577515,0.06555472925475148,-0.021425460952959594,-0.21827948677421516,0.012209299366020054,-0.009109629887526512,3.1497211957907787,0.0143544498595371,2.1424999999999983,1.0
no_mi,HU,3,0.08735220253929556,0.5742363604538718,5.573805167597811,0.14494176004680992,2.7462624223262644,0.944060505689315,2.0255979232115715,0.057986968548428,3.069338967613652,81.995,0.1030241178489838,-2.4378070276164117,-0.5547141896255781,1.8830928379908334,1.0102408680842456,-0.05756501988076617,0.7058649276964457,0.06212974584736397,-0.04947218563291311,-0.11160193148027764,0.127376277619469,-0.03197978295099587,-0.2785894679604751,-0.0004076203316692728,0.011706353210297712,0.5846941595093198,0.00526201380118306,0.5900000000000034,1.0
no_mi,HU,4,0.0780460681357429,0.5354258550107706,5.860382179401048,0.13967952757630983,3.037053037870112,0.9184781517371776,1.930435297914626,0.057560415296021364,-3.018485591449718,77.945,0.09136364124728347,-2.550456009513286,-0.6246928580443566,1.9257631514689295,1.1108876498130333,-0.08503716150461339,0.6577455204467505,-0.11264898189687456,-0.06997866841877853,0.042670313478096134,0.10064678172878772,-0.027472141623847222,-0.04811940724969521,-0.005262232470500089,-0.00042655325240663344,-6.08782455906337,-0.009306134403552657,-4.050000000000011,1.0
no_mi,HU,5,0.09726162928705928,0.6609910626834378,5.796010590492782,0.16499361780974903,2.840369551152106,1.0013671089780918,2.039378030567413,0.0482186601346589,1.8778022320903112,82.995,0.11404241803278689,-2.330350722274926,-0.4140149601243737,1.9163357621505523,1.0439341673528753,0.0013661753354434164,0.7126448743918833,0.22010528723836043,0.21067789791998287,-0.009427389318377166,-0.06695348246015809,0.08640333684005681,0.05489935394513279,0.025314090233439196,-0.009341755161362465,4.896287823540029,0.019215561151316382,5.050000000000011,1.0
no_mi,IE,2,0.25830197720490106,0.9174617711250822,2.551896044517286,0.1776096982053631,0.024963809088838725,0.8841806289488444,103.04954417287749,0.11073271780970587,2.3533887002060467,77.87,0.3595216086863085,-1.3536259242255468,-0.08614436627016238,1.2674815579553844,-3.6903281393983742,-0.12309390582721334,4.635209883967903,-0.0807290289939282,-0.0655281537761075,0.015200875217820764,0.31325790990752056,-0.10763516242184523,-0.30675873887099936,-0.006858216194341182,0.014578971561433285,-0.6945959640347512,-0.021717282020176976,-0.3850000000000051,1.0
no_mi,IE,3,0.22230380517737947,0.8294892066604284,2.7313315712187958,0.15607662202795514,0.03574679984940033,0.7844121215111732,76.83942577358562,0.12649906685251608,1.4169100660916902,75.16,0.3036940719322068,-1.5037103408513355,-0.18694518129834428,1.3167651595529912,-3.331294528550889,-0.24282073155245482,4.3417178648581904,-0.15008441662578864,-0.1008008150281819,0.04928360159760681,0.3590336108474852,-0.11972682572524147,-0.29349201910971257,-0.02153307617740796,0.015766349042810213,-0.9364786341143565,-0.03599817202752159,-2.710000000000008,1.0
no_mi,IE,4,0.19407793381586175,0.8787456309225761,3.5277977441593995,0.1644650653971635,0.0562424159405973,0.739876821671008,62.666175290599355,0.11962858081316805,-2.504640219363134,77.44,0.24909183990987635,-1.639495479886648,-0.12925980779272223,1.5102356720939256,-2.878084074710397,-0.30127156384079967,4.137821833023641,-0.13578513903531242,0.057685373505622056,0.1934705125409344,0.4532104538404922,-0.058450832288344856,-0.20389603183454952,0.008388443369208354,-0.006870486039348034,-3.921550285454824,-0.028225871361517718,2.280000000000001,1.0
no_mi,IE,5,0.15871719387717728,0.9963603553797212,5.277582982917093,0.17224120091066614,0.08556893762268283,0.7410358979156852,61.47840867156666,0.08844555578147414,3.767357601230234,77.88499999999999,0.18879103532901725,-1.8406313153071465,-0.0036462842422318523,1.8369850310649145,-2.458432939930368,-0.29970620962913797,4.1186860346588725,-0.20113583542049862,0.12561352355049038,0.3267493589709889,0.4196511347800289,0.001565354211661707,-0.01913579836476842,0.007776135513502647,-0.0311830250316939,6.271997820593368,-0.035360739938684466,0.4449999999999932,1.0
no_mi,IT,2,0.20650140241172132,1.0786507187683718,4.223454689270168,0.1704944859865246,0.03665208227620997,1.0233178286726599,115.20647776859487,0.05027085115902012,0.5498187813433059,76.63,0.2553953571489049,-1.5774480752640558,0.07571092559347291,1.6531590008575288,-3.3062850370871364,0.02305012168200789,4.746725977311072,-0.06759098309346179,-0.028916189225081365,0.038674793868380464,0.06742767291504714,0.024989940446359972,-0.0195274235859495,-0.0151936745508916,0.00384717595918032,2.7710937620085816,-0.014440147568991951,-0.23999999999999488,1.0
no_mi,IT,3,0.16781393504445113,0.9045729591145347,4.390332804453506,0.14733118703695894,0.03867173207623558,1.0808079917347837,113.47030599695704,0.05366184792204528,-0.40522738020908344,74.55499999999999,0.20603744622661538,-1.784899442840203,-0.10029231502885978,1.6846071278113433,-3.2526463831522814,0.07770890191370151,4.731541181520484,-0.20745136757614713,-0.1760032406223327,0.03144812695381449,0.05363865393485501,0.05465878023169363,-0.015184795790587735,-0.023163298949565675,0.0033909967630251572,-0.9550461615523893,-0.03868746736727019,-2.075000000000003,1.0
no_mi,IT,4,0.13902803847305834,0.7805633856536235,4.6144314069775625,0.13431829891109265,0.04148027841614502,1.133124703943484,111.21625151837073,0.0553078645402119,-4.528036289541372,72.16,0.16915700263163952,-1.973079650559795,-0.24773933072435989,1.7253403198354353,-3.182537183585838,0.12497904125257826,4.711476517886025,-0.18818020771959199,-0.14744701569550012,0.04073319202409209,0.07010919956644335,0.04727013933887675,-0.020064663634459023,-0.01301288812586629,0.0016460166181666222,-4.122808909332289,-0.0287858965713928,-2.394999999999996,1.0
no_mi,IT,5,0.14804295223244487,0.7727005482038357,4.219434877187567,0.14082007749091974,0.04016764044854297,1.1158781283551023,105.14173635164548,0.05267922335243121,-2.500237666866524,76.78999999999999,0.1831289190837977,-1.910252829536268,-0.2578636945775526,1.6523891349587154,-3.2146935714812166,0.10964165401304683,4.655309309917724,0.06282682102352699,-0.010124363853192708,-0.07295118487671992,-0.03215638789537856,-0.01533738723953143,-0.05616720796830066,0.006501778579827089,-0.002628641187780688,2.0277986226748483,0.00901491375938654,4.6299999999999955,1.0
no_mi,JP,2,0.05986805216174709,0.29327276054575,3.8986521183853995,0.08302012815556985,9.012811530401862,1.0077297876855984,0.43273467809245786,0.05746896244083386,-1.1276681152727952,,0.07522414199582571,-2.81561226903635,-1.2266521796411596,1.5889600893951905,2.1986470684937562,0.007700065940365373,-0.8376304914625985,0.08861715461861186,0.18379006105787998,0.09517290643926835,0.15624982069124682,0.005840532147166472,-0.03510613896606962,0.009835358636141003,0.005956068094600767,0.17244447253866002,0.005077057178539117,,1.0
no_mi,JP,3,0.052948356114418484,0.2765975248387595,4.223911470283373,0.07332745086985673,9.840152184100322,1.0870841741106019,0.42925667343009044,0.05535010466480987,0.3027750769285339,,0.06548374102646691,-2.938438253414421,-1.2851918083137175,1.6532464451007034,2.2864711768084205,0.08349904222524651,-0.8457002326041654,-0.12282598437807124,-0.05853962867255791,0.06428635570551289,0.08782410831466425,0.07579897628488114,-0.008069741141566888,-0.009692677285713117,-0.00211885777602399,1.430443192201329,-0.006919696047328609,,1.0
no_mi,JP,4,0.04599186087604791,0.25501798559571404,4.544850343912151,0.06574408904327332,10.430112497352239,1.1478420063315007,0.43569981298688826,0.04619349476643686,-0.14304545040390698,,0.056111415403878345,-3.0792908356255437,-1.3664212045630595,1.712869631062484,2.344697054894325,0.13788366327938875,-0.8308017750833261,-0.14085258221112262,-0.081229396249342,0.05962318596178062,0.058225878085904625,0.05438462105414224,0.014898457520839292,-0.00758336182658341,-0.009156609898373011,-0.4458205273324409,-0.006956495238370573,,1.0
no_mi,JP,5,0.047935208666558024,0.2634239455455107,4.495416685841784,0.06805413194898918,10.70805791854533,1.147222141229874,0.4198925354667031,0.04127838598962906,1.6986724201741854,,0.05859833780818552,-3.03790499934785,-1.3339905843687094,1.7039144149791405,2.3709965345475994,0.1373434909122175,-0.8677564683809296,0.041385836277693766,0.03243062019435006,-0.008955216083343487,0.026299479653274282,-0.0005401723671712433,-0.03695469329760348,0.0023100429057158617,-0.0049151087768078,1.8417178705780923,0.0019433477905101137,,1.0
no_mi,LT,2,0.19623130620995247,1.4095792748966678,6.183253794318252,0.29379406607152614,0.010629821373461098,0.7442749890297543,591.4626500855848,0.024879200651607557,1.0819436692463433,62.675,0.22796723566351426,-1.628461181837797,0.3432912732658304,1.9717524551036274,-4.544091890771248,-0.29534470352663245,6.382598537021681,0.18198939364450317,0.14866322249851854,-0.03332617114598446,0.2738401631431442,-0.14604483690318096,-0.3354623059456392,0.04898476875908353,0.0011565440756737752,,0.032650891338973975,13.555,1.0
no_mi,LT,3,0.17935134703460526,1.0215732776224786,4.695933119617826,0.2512502332243083,0.013414218113396673,0.7393263026685647,358.65809233638186,0.03554772420224714,3.8203601337270228,69.97,0.21754425618941062,-1.7184085643846834,0.021343868015929038,1.7397524324006122,-4.311440081305828,-0.3020159092505716,5.8823695456425344,-0.08994738254688639,-0.3219474052499014,-0.23200002270301523,0.23265180946541975,-0.006671205723939144,-0.5002289913791467,-0.042543832847217855,0.010668523550639582,2.7384164644806797,-0.01687995917534721,7.295000000000002,1.0
no_mi,LT,4,0.18068066711831945,1.0712112061752568,4.92875387975942,0.2644162568854885,0.016879859258110187,0.6798964630892885,293.14095128455045,0.02985007769408552,-5.58919766392138,70.98499999999999,0.21733915555701155,-1.7110240759382183,0.06878997666876283,1.7798140526069812,-4.081634127638766,-0.385814752567551,5.680653555748254,0.0073844884464651095,0.04744610865283379,0.04006162020636905,0.22980595366706158,-0.0837988433169794,-0.2017159898942804,0.013166023661180193,-0.005697646508161618,-9.409557797648402,0.0013293200837141972,1.0149999999999864,1.0
no_mi,LT,5,0.16113697888833325,0.8445623329967474,4.241269501409871,0.22596169045570966,0.018577315092991115,0.6957214464838901,231.07412716731764,0.027011234370494443,0.10817218099641188,76.39500000000001,0.1991296079430935,-1.8255004751746506,-0.16893673492321692,1.6565637402514337,-3.9858140612594757,-0.36280591932646783,5.442738555873634,-0.11447639923643238,-0.23772671159197975,-0.12325031235554751,0.09582006637929075,0.02300883324108316,-0.2379149998746204,-0.03845456642977882,-0.002838843323591078,5.697369844917792,-0.0195436882299862,5.410000000000025,1.0
no_mi,LU,2,0.15947044537006416,0.6021132937367482,2.7757045974223944,0.11127399279170218,0.06261740112711152,0.9548001482354316,44.48005721213484,0.2332498006105511,0.8821377236051138,84.905,0.2169226848908523,-1.8358966694120584,-0.5073096558038883,1.3285870136081699,-2.7707120662269555,-0.046253229264613185,3.795040936185538,-0.13439218918053997,-0.1369022241796285,-0.0025100349990887505,0.0919810183408476,-0.013674243416081817,-0.09316091723531983,-0.03910619247350282,0.0020815369575163667,1.6073296307554963,-0.022938441576959734,2.8900000000000006,1.0
no_mi,LU,3,0.2002942799763154,0.7130544833203678,2.560034182726964,0.11018175701362688,0.06686789134746765,0.8489842887143647,38.43828479351564,0.2828088063411734,0.4869742281161134,79.96000000000001,0.27853318839704627,-1.6079675940006306,-0.3381974472931927,1.2697701467074378,-2.705036377023918,-0.16371459847881184,3.6490539627505814,0.22792907541142782,0.16911220851069564,-0.05881686690073207,0.06567568920303746,-0.11746136921419865,-0.1459869734349568,-0.0010922357780752956,0.0495590057306223,-0.39516349548900037,0.04082383460625125,-4.944999999999993,1.0
no_mi,LU,4,0.20315247717898174,0.7443279988709123,2.663888371959861,0.10585291299996434,0.07667664229254995,0.7603512940657513,34.74567954620685,0.27740892972841047,-1.1671411372134914,73.725,0.2794141101052592,-1.5937984627808468,-0.2952734826012262,1.2985249801796206,-2.5681581503321684,-0.273974723462809,3.548055234675677,0.014169131219783804,0.042923964691966465,0.028754833472182773,0.13687822669174965,-0.11026012498399715,-0.10099872807490451,-0.004328844013662542,-0.005399876612762922,-1.6541153653296048,0.002858197202666335,-6.235000000000014,1.0
no_mi,LU,5,0.17509862647389782,0.6599208586241372,2.7688522857859907,0.08265881382525318,0.08158771839632473,0.7611437718089061,34.00960494612948,0.26430278156750886,0.5764599470885517,77.58500000000001,0.23833732915687347,-1.742405883959259,-0.4156353623271353,1.326770521632124,-2.5060765381887813,-0.27293301411705717,3.52664298313657,-0.1486074211784123,-0.12036187972590912,0.028245541452503353,0.062081612143387144,0.0010417093457518178,-0.02141225153910664,-0.023194099174711158,-0.01310614816090161,1.743601084302043,-0.028053850705083927,3.8600000000000136,1.0
no_mi,LV,2,0.09143402194567898,0.9697122475345145,9.6055954545084,0.16747276652518583,0.012478647882886594,0.8968275684783272,783.2711837840907,0.0374455013511231,0.5370420921571982,66.255,0.10095285108841208,-2.3921376384297743,-0.030755903520898614,2.3613817349088757,-4.383736264627772,-0.10889166675296098,6.663478975472426,0.7825952780370162,0.5004172626666588,-0.28217801537035747,2.7079064811807996e-05,-0.12954819678248303,-0.3007399408761433,0.04429379791287173,0.0005727093960439175,2.432638224187033,0.04962875385297779,11.469999999999992,1.0
no_mi,LV,3,0.0920474382097251,0.6739826469471417,6.322122810322095,0.13495031530157273,0.014284677346789587,0.9087368304531255,452.39342613028055,0.05018418574264218,7.875299759070908,67.42,0.10660701589768772,-2.385451202111561,-0.3945509147704994,1.9909002873410615,-4.248567830408559,-0.09569974217545504,6.114552213036212,0.006686436318213307,-0.3637950112496008,-0.3704814475678142,0.13516843421921276,0.01319192457750594,-0.5489267624362135,-0.03252245122361311,0.012738684391519081,7.3382576669137105,0.0006134162640461099,1.1650000000000063,1.0
no_mi,LV,4,0.08787411287354019,0.7040135208252226,7.011614544984027,0.1262823346011539,0.017923041023897406,0.8635484654097446,393.6165423417224,0.04219238914508856,-6.36181063142819,69.05499999999999,0.100406763136867,-2.4318500242247105,-0.3509577172908763,2.0808923069338343,-4.021668185838493,-0.14670525626547484,5.9753771926021555,-0.046398822113149496,0.04359319747962309,0.08999201959277281,0.22689964457006617,-0.0510055140900198,-0.13917502043405694,-0.008667980700418826,-0.00799179659755362,-14.237110390499097,-0.004173325336184905,1.634999999999991,1.0
no_mi,LV,5,0.07976418622355586,0.4842029724366855,5.070430795590456,0.11263210000406834,0.01715474441527053,0.8761409113604607,298.4851733093923,0.04181500777521144,1.2613845491363533,74.185,0.09549543065606511,-2.528680669455658,-0.7252510956356307,1.803429573820027,-4.065480501338784,-0.13222834326454014,5.698720260943727,-0.09683064523094753,-0.3742933783447544,-0.2774627331138073,-0.043812315500290744,0.014476913000934705,-0.27665693165842864,-0.013650234597085559,-0.000377381369877125,7.623195180564544,-0.008109926649984334,5.13000000000001,1.0
no_mi,MT,3,0.2160329069682255,1.0162255324948013,3.7040311902309844,0.2046481673491101,0.01998418769303331,0.9477869338361629,185.54479483701067,0.09048565305770102,,78.41,0.27435663478617445,-1.5323245358264912,0.016095305324167173,1.5484198411506582,-3.9128139334776235,-0.05362555532531257,5.223296334496637,0.10284974477430509,0.02581192569080511,-0.07703781908350016,-0.010011065191564139,-0.04731752424727197,-0.08910613977946547,-0.0258906575415441,0.0417243794435767,,0.02111450912489654,7.134999999999991,1.0
no_mi,MT,4,0.2447419999380016,1.0749602908225142,3.3922182996576993,0.1900150306471223,0.021818607551101387,0.8970745331260475,156.3289742149716,0.10307811590864754,,77.005,0.3168900689354179,-1.40755068477376,0.07228372212761874,1.4798344069013787,-3.824992115870074,-0.1086163288189014,5.051962595903095,0.1247738510527312,0.056188416803451574,-0.06858543424927954,0.08782181760754959,-0.054990773493588836,-0.17133373859354162,-0.014633136701987792,0.01259246285094652,,0.028709092969776112,-1.4050000000000011,1.0
no_mi,MT,5,0.2871111923816448,1.197633057106304,3.171321386573956,0.18100353776817887,0.024276982298620544,0.8654068600231796,131.44770214540117,0.0936791992166601,,79.135,0.3776448083050113,-1.2478857083528998,0.18034715653650651,1.4282328648894065,-3.718226608051397,-0.14455552422579912,4.878609070196938,0.1596649764208602,0.10806343440888777,-0.0516015420119722,0.10676550781867711,-0.03593919540689772,-0.17335352570615736,-0.009011492878943428,-0.009398916691987447,,0.04236919244364318,2.1300000000000097,1.0
no_mi,NL,2,0.15754882853718194,0.605772417142935,2.8449820463118902,0.14661148067487756,0.04753292900270036,1.0049756111219934,59.83841224638578,0.07535758206800422,0.6977928406915248,83.28,0.212926622130439,-1.8480198463051833,-0.501250912718194,1.3467689335869892,-3.04633256596078,0.004963273676272485,4.091647799998461,0.06457341769019376,0.015891072495964997,-0.04868234519422887,0.0576927999196335,0.001180452652263255,-0.12658278171939585,0.001313837043219579,0.001005796926538835,0.29393226342557227,0.00985195598519048,-1.1750000000000114,1.0
no_mi,NL,3,0.18030589821459198,0.6909107334671567,2.831880932951321,0.15677876279235525,0.04852767993322624,1.023162456147971,58.386688667466714,0.07120310427618234,0.4041428751997689,81.475,0.24397591206177774,-1.7131004359713184,-0.36974464812223695,1.3433557878490814,-3.0256209235648694,0.022898278025228248,4.067087930077076,0.1349194103338649,0.13150626459595705,-0.0034131457379078523,0.020711642395910612,0.017935004348955765,-0.02455986992138559,0.010167282117477694,-0.004154477791821876,-0.2936499654917559,0.022757069677410036,-1.8050000000000068,1.0
no_mi,NL,4,0.1781599242471531,0.6935682944959795,2.892953465414725,0.15114197854110312,0.05045646094824131,1.0357012166757318,57.34086806704713,0.0891071089791704,-2.257677416303004,78.92,0.2397440203541441,-1.7250736812287086,-0.36590556607159486,1.3591681151571138,-2.9866444740147977,0.03507870134960558,4.049013599284599,-0.011973245257390186,0.0038390820506420953,0.015812327308032392,0.038976449550071735,0.01218042332437733,-0.018074330792476445,-0.005636784251252136,0.017904004702988058,-2.6618202915027727,-0.0021459739674388745,-2.5549999999999926,1.0
no_mi,NL,5,0.18739028911378178,0.7257869288786792,2.8731298847507922,0.15146285108400553,0.05078137758724506,1.0361047307439097,56.61815796705572,0.07721081746565797,0.5850074346876821,82.825,0.25261194515807006,-1.6745617295504474,-0.3204987936259045,1.3540629359245429,-2.9802255745338946,0.03546823017954519,4.03632974589872,0.05051195167826128,0.04540677244569036,-0.005105179232570922,0.0064188994809031286,0.0003895288299396102,-0.012683853385879296,0.0003208725429024173,-0.01189629151351243,2.842684850990686,0.009230364866628676,3.905000000000001,1.0
no_mi,PL,3,0.30842243943917924,1.4501217946081322,3.7017389436545693,0.2384282469858949,0.036914210153228835,0.9210085693549004,101.03700142589368,0.049499253905080795,-1.9473014116738316,76.42,0.39174069719149035,-1.1762848791124738,0.37164754918646337,1.547932428298937,-3.299158703063754,-0.08228593836740103,4.615486800502631,0.18840175732189635,0.13356045136216216,-0.05484130595973413,0.048365944281580475,-0.060477076624894516,-0.10968542462488617,0.014017584594523735,0.0022520336755237347,1.8153547944423598,0.05296172391179821,6.189999999999998,1.0
no_mi,PL,4,0.31134419983573314,1.4338849800366753,3.605465529125645,0.2499887196214872,0.04745160718380194,0.8197944966306505,76.28332038725202,0.051106898733711034,-1.1282439946578204,74.64500000000001,0.3976975978423524,-1.1668562269178704,0.360387529781055,1.5272437566989254,-3.048044883397559,-0.19870158399780105,4.334454308721044,0.009428652194603426,-0.011260019405408384,-0.020688671600011643,0.25111381966619506,-0.11641564563040002,-0.28103249178158674,0.01156047263559229,0.0016076448286302392,0.8190574170160112,0.0029217603965538963,-1.7749999999999915,1.0
no_mi,PL,5,0.3000039910084394,1.3125032862396588,3.3749527525543384,0.23908077819757234,0.05677928869365195,0.7960634702880522,60.03619113874699,0.05179477136754407,0.1437292178794885,80.19,0.38889530682949225,-1.2039595010529602,0.27193621928215206,1.4758957203351124,-2.8685836554259256,-0.22807635977376398,4.094947566024542,-0.03710327413508985,-0.08845131049890292,-0.05134803636381302,0.17946122797163344,-0.029374775775962925,-0.23950674269650207,-0.010907941423914852,0.0006878726338330338,1.2719732125373089,-0.011340208827293752,5.5449999999999875,1.0
no_mi,PT,3,0.12608267560368353,0.6607165916270192,4.2403439922535755,0.1373528656921784,0.0,,,0.07359058120852208,0.5300116905010366,80.48999999999998,0.1558167433665858,-2.070817431621824,-0.4144302880669318,1.6563871435548927,-inf,,,-0.12307093085166132,-0.042545405514303525,0.08052552533735824,-inf,,,-0.00489416748902205,0.010648247364939273,-1.5374692515160862,-0.016512372017366134,-2.390000000000015,1.0
no_mi,PT,4,0.11013939872209483,0.6375774389885739,4.788822586523444,0.13339931503560776,0.0,,,0.061050217498448175,-4.558947299444196,76.515,0.13313866351675346,-2.206008454377386,-0.4500795364035408,1.755928917973845,-inf,,,-0.13519102275556216,-0.03564924833660904,0.0995417744189524,,,,-0.003953550656570631,-0.012540363710073901,-5.088958989945233,-0.015943276881588697,-3.97499999999998,1.0
no_mi,PT,5,0.11207072426171749,0.6321998342942129,4.6410792243819525,0.13594588058524945,0.0,,,0.0485450461046335,-1.1491389341980445,79.48499999999999,0.13621828107844944,-2.18862514035572,-0.45854974131040904,1.7300753990453108,-inf,,,0.017383314021666152,-0.008470204906868228,-0.02585351892853427,,,,0.002546565549641694,-0.012505171393814678,3.409808365246152,0.0019313255396226636,2.9699999999999847,1.0
no_mi,RO,3,0.14712255099824614,1.3369479259138088,8.087307940505644,0.22647292757746737,0.012019978390610761,1.4711666576667413,675.3890061012296,0.02903173829482338,4.153551139968576,80.21000000000001,0.1653143339846929,-1.9164893592615895,0.29038934890490703,2.2068787081664962,-4.421185147662818,0.38605573069249777,6.51528883020754,0.2594557035863534,0.246066049193836,-0.013389654392517603,0.23362900538822817,0.15422507741813363,-0.20611543173061797,0.02820392546124062,-0.012729234868461819,4.897554186979471,0.033621713454510316,0.9037500000000165,1.0
no_mi,RO,4,0.11104115897436242,1.1046782973618212,8.948367862558722,0.16753904513672174,0.014580278912106705,1.6308681203236186,613.3300129667592,0.04388597664748352,-0.9908783671412783,78.16,0.12345025532353855,-2.197854344828883,0.09955415897288819,2.2974085038017713,-4.228085422810475,0.4891124621989973,6.418903148279115,-0.2813649855672937,-0.19083518993201884,0.09052979563527508,0.1930997248523436,0.10305673150649952,-0.09638568192842545,-0.05893388244074563,0.01485423835266014,-5.144429507109854,-0.03608139202388372,-2.0500000000000114,1.0
no_mi,RO,5,0.11975792674316803,1.0524073093670714,7.7877883158753765,0.18993676479647575,0.017671150895701638,1.623443513651426,447.93535310674724,0.03844832584360364,3.103792619642136,76.33,0.1351355823606226,-2.1222828507844085,0.051080215586592946,2.1733630663710013,-4.03582186202106,0.4845495190090174,6.104648920901569,0.07557149404447472,-0.048473943386295244,-0.12404543743077001,0.19226356078941453,-0.004562943189979907,-0.31425422737754527,0.022397719659754012,-0.0054376508038798815,4.094670986783415,0.008716767768805603,-1.8299999999999983,1.0
no_mi,SE,2,0.07195809180699503,0.34122444829170534,3.7419885619942885,0.07828252685305535,0.5436397395593561,1.120280264252559,6.880971517024636,0.04218762507937102,0.3768157978673251,84.41499999999999,0.0911879987441357,-2.631671387663918,-1.0752148120872387,1.5564565755766793,-0.6094684949633193,0.11357888994299743,1.9287598508460781,-0.26061214202628236,-0.24978566190642126,0.01082648011986076,0.1351735263763013,0.08823251622576099,-0.1223372975933541,-0.01956498606067454,-0.005773892909052093,0.7466453851867608,-0.02142366784378788,-0.6975000000000193,1.0
no_mi,SE,3,0.07202631170277518,0.3614855477170048,4.0187985358561225,0.0801098305815215,0.6194042268849507,1.2200533452705404,6.482293250491821,0.041075005040990424,0.7249914888644048,84.14,0.08994866114630892,-2.6307237864068087,-1.0175332168353075,1.6131905695715014,-0.4789971873059209,0.19889458342081814,1.86907434443836,0.000947601257109465,0.05768159525193117,0.05673399399482215,0.13047130765739845,0.08531569347782071,-0.05968550640771819,0.0018273037284661509,-0.001112620038380599,0.3481756909970797,6.821989578015275e-05,-0.2749999999999915,1.0
no_mi,SE,4,0.0645479237034413,0.32848049580472943,4.088939766891633,0.07757775595898443,0.664617026095674,1.254284449858363,6.161961246589179,0.043701621614765415,-1.1333740177822016,81.635,0.08033390427133552,-2.740347327916475,-1.1132778163217327,1.627069511594743,-0.40854430482874265,0.22656525050561624,1.8183951110584937,-0.10962354150966647,-0.09574459948642522,0.01387894202324147,0.07045288247717824,0.027670667084798095,-0.05067923337986624,-0.0025320746225370727,0.002626616573774991,-1.8583655066466065,-0.0074783879993338825,-2.5049999999999955,1.0
no_mi,SE,5,0.06465689278907373,0.32120041562010027,3.9677675768913447,0.07676156617550384,0.69149815127306,1.2618797648202933,5.738321519039162,0.0413376580682958,0.5935397923148776,84.625,0.08095242712572227,-2.738660562447092,-1.135690002949906,1.602970559497186,-0.3688948013833419,0.23260248606221887,1.7471667492830512,0.001686765469383289,-0.022412186628173236,-0.02409895209755697,0.03964950344540075,0.006037235556602627,-0.07122836177544256,-0.0008161897834805948,-0.0023639635464696163,1.7269138100970793,0.00010896908563243213,2.989999999999995,1.0
no_mi,SI,3,0.09217644539464291,0.507531222345651,4.50608368735325,0.12517165935229915,0.02808608341134364,1.0102864645724532,161.01235622985502,0.06216468388576536,4.731373434857939,81.39000000000001,0.11263244483676264,-2.384050654001496,-0.6781970480952353,1.7058536059062606,-3.572481077585697,0.010233918927826255,5.081481108808866,0.12365570490439382,0.13223434414799828,0.008578639243604913,0.15896054587256225,0.033177892083251184,-0.14589260775722668,0.009885889414441046,0.0023920246266746423,5.379594385922674,0.010721592049504639,0.4399999999999977,1.0
no_mi,SI,4,0.07044019253661875,0.4141863916343952,4.879972452078094,0.10667030487902927,0.030291420533528506,1.054143959928523,161.1839651711958,0.058175383540222766,-2.1027613644009038,78.715,0.08487473970432302,-2.6529912620157496,-0.8814391851369213,1.7715520768788284,-3.4968907572701746,0.052729025164787106,5.08254635348219,-0.2689406080142538,-0.20324213704168603,0.06569847097256787,0.0755903203155226,0.04249510623696085,0.0010652446733239174,-0.01850135447326988,-0.003989300345542596,-6.834134799258843,-0.021736252858024163,-2.6750000000000114,1.0
no_mi,SI,5,0.0825310824043577,0.45090568269078807,4.46346503104847,0.11801191796647972,0.02911808099287085,1.1110322750910497,154.03235788055503,0.050483246504544124,0.649706766039136,84.35,0.1010214440024122,-2.4945803001799223,-0.7964970906387558,1.698083209541166,-3.5363959577952446,0.10528956072252918,5.0371626964498315,0.15841096183582737,0.08494209449816548,-0.07346886733766245,-0.039505200525070006,0.05256053555774207,-0.04538365703235847,0.01134161308745045,-0.007692137035678642,2.7524681304400396,0.012090889867738958,5.634999999999991,1.0
no_mi,SK,3,0.10811102917954973,1.0661880450583585,8.861972947160126,0.15582095121755885,0.0379603459141969,0.9966518789326809,234.55628195248224,0.0337464405951969,-0.11149527977299716,81.02,0.12031046036989144,-2.22459653197853,0.06408971268033212,2.2886862446588623,-3.2712131926845402,-0.003353738566876887,5.457695567415094,0.48782054684887255,0.3514741288894687,-0.1363464179594036,0.011178672630693942,-0.011027700650533727,-0.16111893193168925,0.03912483467567483,-0.0014466702692177216,1.473406347511905,0.041734852964792235,-1.4699999999999989,1.0
no_mi,SK,4,0.11090174125401636,1.0486574879357669,8.455735104590065,0.15443583668014635,0.04178545329642103,0.9908307234694724,202.73292174591973,0.0344810987242986,-1.32132371855676,77.9,0.1240173060017596,-2.199110683630805,0.04751076316657492,2.2466214467973797,-3.1752070072826615,-0.009211573097721734,5.311889456381971,0.02548584834772516,-0.0165789495137572,-0.04206479786148254,0.09600618540187877,-0.0058578345308448465,-0.14580611103312258,-0.0013851145374124962,0.0007346581291017007,-1.2098284387837628,0.002790712074466628,-3.1199999999999903,1.0
no_mi,SK,5,0.09721661716787575,0.830809499262999,7.54596182696153,0.12916254641090036,0.0450454726655283,1.0236609354363035,168.4734303881532,0.03080082960152214,0.954094812977728,84.905,0.11009988101113072,-2.3308136236102457,-0.18535475317096858,2.1454588704392767,-3.1000827957485653,0.023385354047748875,5.1267780542027594,-0.13170293997944071,-0.2328655163375435,-0.101162576358103,0.07512421153409621,0.032596927145470606,-0.18511140217921174,-0.02527329026924599,-0.0036802691227764625,2.2754185315344877,-0.013685124086140615,7.0049999999999955,1.0
no_mi,UK,2,0.13235274040843312,0.4489569548589259,2.3921243600508006,0.12235872919741199,0.026796359259249093,0.9912070902947722,89.45465071495816,0.06767752284597453,0.4527961067311524,,0.18768127709271418,-2.0222846447550986,-0.8008282647466787,1.2214563800084202,-3.619489249229056,-0.008831795449475363,4.493731800944796,-0.147900448599948,-0.19295918487239583,-0.0450587362724475,0.14142419657167205,0.03459730083104364,-0.2101024217248444,-0.01610245655680974,-0.003695700753572187,2.6463371599190304,-0.021096692097878733,,1.0
no_mi,UK,3,0.13963612501731024,0.4644051797212781,2.3258240277271174,0.1272575825179634,0.029153999221295506,0.9990246810390774,79.80144169193042,0.08742799249316448,0.425839100525924,,0.1996733949709481,-1.9687153469347587,-0.7669978756433444,1.201717471291414,-3.535163181040356,-0.0009757948939432204,4.379541570607487,0.05356929782033992,0.033830389103334246,-0.01973890871700612,0.08432606818869992,0.007856000555532143,-0.11419023033730902,0.004898853320551413,0.019750469647189947,-0.026957006205228395,0.007283384608877119,,1.0
no_mi,UK,4,0.1440175791285838,0.4725782408004242,2.281392755383635,0.12681302229707098,0.02980266438563126,0.9623144377676038,76.54644133675762,0.09102671359371614,-2.846039283101182,,0.2071446223738693,-1.9378199095751296,-0.7495519567610772,1.1882679528140523,-3.5131574805537165,-0.03841402333671306,4.337897632933704,0.030895437359629074,0.01744591888226721,-0.013449518477361755,0.022005700486639412,-0.03743822844276984,-0.041643937673783604,-0.00044456022089242597,0.0035987211005516634,-3.2718783836271057,0.004381454111273553,,1.0
no_mi,UK,5,0.1416852147397202,0.46974738133717714,2.3154297870819938,0.12690334392062827,0.02950311831465118,1.0101782969524815,78.45520171946568,0.08475922431554295,0.9858486689748999,,0.20287697081463799,-1.9541474797216012,-0.7555602152923343,1.1985872644292668,-3.5232593156414085,0.010126846909412651,4.362527783156355,-0.01632757014647157,-0.006008258531257082,0.010319311615214488,-0.010101835087692024,0.04854087024612571,0.02463015022265136,9.032162355729345e-05,-0.006267489278173194,3.8318879520760816,-0.0023323643888635837,,1.0
no_mi,US,2,0.0945040131946196,0.33016688725479776,2.4936811262698333,0.1020238295355882,0.051035777797289836,1.1710223348347366,48.79714298798382,0.06335867645165039,-0.1112056739825444,77.52218833333333,0.13240140600842462,-2.359112977716234,-1.1081570334004123,1.2509559443158214,-2.975228366774703,0.15787715773406005,3.8876717658170565,-0.26819308895803706,-0.3054511772459051,-0.03725808828786836,0.12319167376894846,0.0921864916831842,-0.1976871795199684,-0.025161038444432487,0.0058750730284445885,-0.15573490044727265,-0.0290693965327586,-5.7445266666666726,1.0
no_mi,US,3,0.1019965272493646,0.38951377029828593,2.818892474113254,0.11342966133684379,0.056644201943223164,1.3007405772364207,49.69587216965634,0.05999810175135537,0.21706476884680467,77.55102500000001,0.13817971911852234,-2.2828165128523206,-0.9428560605137587,1.3399604523385618,-2.8709656454976895,0.2629337770616495,3.9059218747168387,0.07629646486391328,0.16530097288665357,0.0890045080227404,0.10426272127701353,0.10505661932758945,0.01825010889978218,0.011405831801255595,-0.0033605747002950145,0.3282704428293491,0.007492514054745006,0.028836666666677502,1.0
no_mi,US,4,0.10987429413799359,0.44049434875118837,3.0090755731996937,0.12116923156217949,0.06284712368825049,1.3269765841335701,47.90363743639413,0.05936242203378106,-1.7694128105015128,76.45093,0.14638859611052896,-2.208418347225021,-0.8198576628568958,1.3885606843681253,-2.7670501096987574,0.2829031094774049,3.8691914396630294,0.0743981656272994,0.12299839765686293,0.04860023202956354,0.10391553579893209,0.01996933241575538,-0.03673043505380935,0.007739570225335696,-0.0006356797175743126,-1.9864775793483174,0.007877766888628984,-1.1000950000000103,1.0
no_mi,US,5,0.11122268717039366,0.4317152331239617,2.88153931636782,0.12288101996504319,0.06487417019451748,1.3438332102862167,44.462302545156376,0.06550620011206053,-0.19759838656587836,77.207965,0.14982104553344727,-2.1962208966586836,-0.8399890906778115,1.3562318059808722,-2.735305728413842,0.29552613491055696,3.794641696334859,0.012197450566337587,-0.020131427820915704,-0.03232887838725307,0.03174438128491541,0.01262302543315208,-0.07454974332817033,0.0017117884028637065,0.006143778078279469,1.5718144239356344,0.001348393032400072,0.7570350000000019,1.0
no_mining,AT,2,0.04777654409375734,0.2048602736031592,3.2878838871463496,0.06455122376540379,0.05665585670701763,1.0432700008020233,58.038823015323786,0.05127214638013602,0.3603692838223961,86.22999999999999,0.06230763635055355,-3.0412204692575746,-1.5854271244129925,1.4557933448445823,-2.8707599127915566,0.04236001193481775,4.06111214895654,0.15681653256303152,0.18154747779365565,0.02473094523062458,0.09209216502888662,0.020110755938018594,-0.05964686757659088,0.005558693203776548,-0.0033134830772328927,0.7600532073367046,0.006934245396018848,0.7362499999999841,1.0
no_mining,AT,3,0.06001307805708787,0.26355057564153644,3.391552377813917,0.07424161260814627,0.06088240526935722,1.0762093141021984,55.70169480002674,0.050018887211753384,0.4136354139891,85.22,0.07770794794901928,-2.8131927728933954,-1.3335099914999013,1.4796827813934939,-2.7988110578425642,0.07344497265587471,4.020010573759866,0.2280276963641792,0.25191713291309115,0.023889436548911513,0.07194885494899239,0.031084960721056966,-0.04110157519667368,0.009690388842742481,-0.0012532591683826338,0.053266130166703896,0.012236533963330527,-1.009999999999991,1.0
no_mining,AT,4,0.04403661527735773,0.19858663880804395,3.5095799837766157,0.05511677853527228,0.06426288220968829,1.13732302642719,54.633486696967495,0.04522500666070434,-1.41439251318647,83.91,0.056584160989642786,-3.1227338257270323,-1.6165298065323235,1.5062040191947088,-2.7447730739864054,0.12867727857605402,4.000647004221739,-0.30954105283363686,-0.28301981503242213,0.02652123780121496,0.05403798385615888,0.0552323059201793,-0.019363569538127123,-0.019124834072873985,-0.004793880551049047,-1.8280279271755702,-0.01597646277973014,-1.3100000000000023,1.0
no_mining,AT,5,0.04166169512623411,0.18545145793240134,3.4513661138964005,0.053340661088420886,0.06704173510932566,1.1461161609761006,51.50630691279999,0.04244660729289512,0.6928954265877053,85.99499999999999,0.053732768942045664,-3.1781731544371628,-1.68496211348455,1.493211040952613,-2.702439941440883,0.13637897526404666,3.9417042644977607,-0.055439328710130464,-0.06843230695222657,-0.012992978242095887,0.04233313254552229,0.007701696687992643,-0.058942739723978566,-0.0017761174468513968,-0.0027783993678092145,2.1072879397741753,-0.002374920151123616,2.0849999999999937,1.0
no_mining,BE,2,0.014350948526940913,0.05341835385937338,2.7222873288892067,0.0156460671973712,0.06873508410404593,1.026232026073019,39.62848223999354,0.05693953565821338,0.5638834386070867,81.105,0.019622599456160288,-4.243939239522588,-2.929600886837389,1.3143383526851986,-2.677495524460958,0.025893867451363753,3.6795481082098886,0.029446235489907657,0.019977570219980922,-0.009468665269927179,0.04193359203229585,0.009003843938438207,-0.05445130925822017,-7.205923161891781e-05,-0.002444630859473787,0.6587727063812343,0.00041642031575130425,0.04999999999999716,1.0
no_mining,BE,3,0.0178901574197143,0.06711654999200423,2.7515908003159457,0.019067924089969185,0.07264794033236108,1.0484284327678544,37.91352396029545,0.052175727232999604,1.1757487069721646,80.28,0.024391908122493252,-4.023504582186959,-2.7013246187401267,1.3221799634468319,-2.6221302399202266,0.047292312251844125,3.6353078811641986,0.22043465733562861,0.2282762680972623,0.007841610761633255,0.05536528454073153,0.021398444800480372,-0.044240227045690084,0.003421856892597986,-0.004763808425213775,0.6118652683650779,0.003539208892773385,-0.8250000000000028,1.0
no_mining,BE,4,0.005947145312749314,0.021875002809436044,2.6782358020647417,0.006312616865327611,0.07350318469981265,1.06800929437576,36.45046951003904,0.05731742697111808,-0.35678813032930223,78.32000000000001,0.008167691131815903,-5.12484395392541,-3.822410718307105,1.3024332356183048,-2.610426544452879,0.0657964430991619,3.5959543393055644,-1.101339371738451,-1.1210860995669782,-0.019746727828527044,0.011703695467347508,0.018504130847317772,-0.039353541858634156,-0.012755307224641573,0.005141699738118476,-1.5325368373014667,-0.011943012106964985,-1.9599999999999937,1.0
no_mining,BE,5,0.022187747694546612,0.08229995378881522,2.7092522829184333,0.023283368336756167,0.07504599276343651,1.0406165991381982,36.090534743140786,0.06238841169306899,0.1758584424739307,80.7,0.030377368068565728,-3.8082150481109407,-2.497384732796048,1.3108303153148928,-2.589654116552885,0.039813421253855556,3.586030635478726,1.3166289058144693,1.3250259855110569,0.008397079696587983,0.020772427899994117,-0.02598302184530634,-0.00992370382683827,0.016970751471428555,0.005070984721950909,0.5326465728032329,0.0162406023817973,2.3799999999999955,1.0
no_mining,CZ,2,0.07375171393389797,0.39881866017208095,4.407584975306923,0.08252996436617473,0.4782656351691376,0.9767690084060417,9.29793058294411,0.03129596224098996,-0.024655341536572402,84.28,0.09048462194295166,-2.60705104425058,-0.919248451186499,1.687802593064081,-0.7375889787358634,-0.02350508436501792,2.229791857435416,-0.1511954024869242,-0.1748295692519627,-0.023634166765038378,0.21679171101891848,-0.002332328423852309,-0.23662331680879056,-0.01530202378468945,-0.0035087536222439195,1.199196650482407,-0.012038044793528477,3.2549999999999955,1.0
no_mining,CZ,3,0.08544857114742598,0.4326079057397692,4.062786889594478,0.08472743030650455,0.5398117181932596,1.0251655226809286,7.538724119802484,0.03649512718901162,3.188346400002446,85.71000000000001,0.10648058032474092,-2.4598405910650127,-0.837923490688487,1.6219171003765258,-0.6165348702358211,0.024854085095354257,2.0200529528211044,0.14721045318556714,0.08132496049801197,-0.06588549268755517,0.12105410850004228,0.04835916946037218,-0.20973890461431166,0.0021974659403298236,0.00519916494802166,3.2130017415390184,0.011696857213528006,1.4300000000000068,1.0
no_mining,CZ,4,0.07271144324144684,0.3667911244489872,4.044475918749329,0.07234676232651152,0.58850309171557,1.02695630745347,6.876100606151779,0.04421542837791968,-0.807128915042291,82.09,0.0906894074331415,-2.621256503233067,-1.0029627361418025,1.6182937670912647,-0.530173098743235,0.02659938617915613,1.928051718907423,-0.1614159121680543,-0.1650392454533155,-0.003623333285261099,0.08636177149258606,0.0017453010838018729,-0.09200123391368131,-0.01238066797999303,0.007720301188908062,-3.995475315044737,-0.01273712790597914,-3.6200000000000045,1.0
no_mining,CZ,5,0.08116290620656809,0.37117950580496667,3.573265339467712,0.07655884931123506,0.6050395383008776,1.0212099567639907,5.947709284700627,0.04022978609565782,2.1637312181158115,84.88000000000001,0.10387683828155315,-2.5112969563047587,-0.9910694902489793,1.5202274660557793,-0.5024614705232472,0.02098815640032245,1.783006151260295,0.10995954692830834,0.011893245892823257,-0.09806630103548541,0.02771162821998785,-0.00561122977883368,-0.14504556764712806,0.004212086984723543,-0.003985642282261864,2.9708601331581024,0.008451462965121254,2.7900000000000063,1.0
no_mining,DE,2,0.04665907404120188,0.15982055531244554,2.4252834758640396,0.05225033642534722,0.057615643740634874,0.9500038710239324,42.10701695424309,0.04702180337018512,-0.2238583635074003,84.115,0.06589768037548986,-3.0648878573949823,-1.833703622430134,1.2311842349648483,-2.853961155435562,-0.05128921963381829,3.740214400297312,0.044836828406120244,0.02555972901885295,-0.019277099387267738,0.08424834012734461,-0.026618400774685882,-0.11178734198442575,-0.001981959629772996,-7.848648800942021e-05,0.5466712901342237,0.0020458377341530942,0.09499999999998465,1.0
no_mining,DE,3,0.06119064634464371,0.21129222130792796,2.453015026477545,0.06281390460832609,0.05963862134965312,0.955208871947417,41.12065525016334,0.0486556737341476,-0.1927509756269071,83.6,0.08613572237726451,-2.79376093865052,-1.5545131685354974,1.2392477701150229,-2.8194519055557823,-0.045825248334779634,3.7165105560920133,0.27112691874446204,0.2791904538946366,0.00806353515017455,0.03450924987977988,0.00546397129903866,-0.023703844205298807,0.01056356818297887,0.0016338703639624808,0.031107387880493192,0.014531572303441834,-0.5150000000000006,1.0
no_mining,DE,4,0.054235406833915895,0.18189797503437663,2.3538602483687363,0.05458788628329513,0.0598015680129603,0.9763411987419692,39.40534893091215,0.04764422873620866,-0.15767213160645524,83.275,0.07727645477697109,-2.914421321201305,-1.704309325821418,1.210111995379887,-2.816723397416801,-0.023943164786029213,3.6739015667571993,-0.12066038255078482,-0.14979615728592055,-0.029135774735135955,0.0027285081389814003,0.02188208354875042,-0.04260898933481405,-0.008226018325030955,-0.00101144499793894,0.03507884402045186,-0.006955239510727816,-0.32499999999998863,1.0
no_mining,DE,5,0.05677723600890319,0.18273557299501067,2.2184654597549636,0.05681258758078427,0.05963431503280037,0.9969790099397431,37.21492488080469,0.041628590807369,1.1568619813683338,85.505,0.08237025832044931,-2.8686198080777325,-1.699715127408236,1.1689046806694967,-2.819524115010588,-0.0030255624618375286,3.6167098872905488,0.0458015131235725,0.004594198413181871,-0.041207314710390186,-0.002800717593787194,0.020917602324191684,-0.05719167946665049,0.00222470129748914,-0.006015637928839662,1.3145341129747892,0.002541829174987298,2.2299999999999898,1.0
no_mining,DK,2,0.04465170637028013,0.1867011743707827,3.1812774818175753,0.05680908992945888,0.5006264599044862,1.1271947723774491,6.371838736777233,0.04731648890319218,0.5391877414994976,81.82000000000001,0.05868748496095153,-3.1088627558102417,-1.6782459383054336,1.430616817504808,-0.6918950449999978,0.11973204388527078,1.8518880836260454,-0.24426648679479968,-0.2561277384573728,-0.011861251662573125,-0.038452607794096316,0.1224161368921189,0.023838395121132505,-0.01826022139019401,-0.0013363867937033272,0.30239454201573074,-0.012354435262102462,-1.269999999999996,1.0
no_mining,DK,3,0.033198485282798035,0.13661598355472981,3.1151270123013135,0.040118890062912284,0.5057069537236542,1.2447533286178945,6.165219932958033,0.05530369536977645,0.7667956056994278,83.115,0.04385567041576394,-3.4052510281126085,-1.990581328773079,1.4146696993395296,-0.6817979203012909,0.21893738066222285,1.8189238104257373,-0.29638827230236675,-0.31233539046764536,-0.015947118165278384,0.010097124698706827,0.09920533677695206,-0.03296427320030815,-0.016690199866546594,0.007987206466584275,0.2276078641999303,-0.011453221087482097,1.2949999999999875,1.0
no_mining,DK,4,0.04348314170610155,0.18288137211041122,3.2057994186917123,0.05206937413965018,0.5570468424520969,1.2069614848286967,5.756273986163267,0.05917142273629363,-2.1126842303555926,78.195,0.05704704138509239,-3.135381962989411,-1.69891757617282,1.4364643868165914,-0.5851059448312719,0.1881060317708851,1.75029038799013,0.2698690651231974,0.291663752600259,0.021794687477061814,0.09669197547001906,-0.030831348891337734,-0.06863342243560733,0.011950484076737898,0.003867727366517179,-2.8794798360550207,0.010284656423303513,-4.920000000000002,1.0
no_mining,DK,5,0.06303998190583605,0.2585722346116574,3.1017180969038245,0.07236514696180783,0.5610674795572256,1.1984283339352484,5.530761496538501,0.05629416353148238,1.8798562849903682,80.41,0.08336419575646399,-2.763986120459267,-1.3525801864997846,1.4114059339594822,-0.5779140962772992,0.18101097663821294,1.7103255088639373,0.371395842530144,0.3463373896730353,-0.02505845285710917,0.007191848553972702,-0.007095055132672168,-0.03996487912619262,0.02029577282215765,-0.0028772592048112514,3.9925405153459606,0.019556840199734506,2.2150000000000034,1.0
no_mining,EE,3,0.10602786591654809,0.48313267312657204,3.5566575253606807,0.12555274124859836,0.01657657679070261,0.8981166195515924,218.84588240676925,0.05483741301760342,5.372030626498858,72.405,0.13583896388156674,-2.2440533334133703,-0.7274639774864754,1.516589355926895,-4.0997646167740545,-0.10745535324140945,5.388367748777563,-0.20548476940561367,-0.19751054695763048,0.00797422244798307,0.4458345664638612,-0.0758842549307123,-0.4291444840264633,-0.009191169156915896,0.00514971272121896,2.758396039244082,-0.02418710601723928,-0.05500000000000682,1.0
no_mining,EE,4,0.08870586276901098,0.4412433775440347,3.974230155373464,0.11560380575176049,0.023781417546216096,0.7699321946878313,167.4722131542196,0.052532279711229576,-3.448578625746335,71.01500000000001,0.11102612588942283,-2.4224292952442252,-0.8181586792460459,1.604270615998179,-3.7388507786376173,-0.2614528268587878,5.120817445886986,-0.1783759618308549,-0.0906947017595705,0.08768126007128396,0.3609138381364372,-0.15399747361737834,-0.26755030289057746,-0.009948935496837868,-0.002305133306373844,-8.820609252245193,-0.01732200314753711,-1.3899999999999864,1.0
no_mining,EE,5,0.06318637475851692,0.29159332553868966,3.6148133462805716,0.08456415080559537,0.02599904005074304,0.7736646721181619,140.5410777951166,0.049673491559324025,1.7278231650423166,73.38499999999999,0.0806662191392875,-2.761666590336004,-1.2323951682087373,1.529271422127267,-3.6496956627675243,-0.25661673942545526,4.945499814690932,-0.3392372950917788,-0.4142364889626914,-0.07499919387091203,0.08915511587009295,0.0048360874333325254,-0.17531763119605337,-0.03103965494616512,-0.0028587881519055516,5.176401790788652,-0.025519488010494057,2.369999999999976,1.0
no_mining,EL,2,0.15881891001790993,0.5483079416084463,2.45240967556454,0.14482473266979753,0.013598214887883103,1.0129265131046266,182.42278341337664,0.04331860653853993,0.36663358604805857,77.015,0.2235792604603172,-1.8399906565413306,-0.6009182126200396,1.239072443921291,-4.297816753099138,0.012843678809475624,5.2063269789043085,-0.29526188293556777,-0.2981049887744751,-0.002843105838907345,0.24836009545943405,0.026603918768642643,-0.24538399418453238,-0.03264631695610373,-0.022640901035379538,1.383736938650485,-0.05455082486140578,1.4200000000000017,1.0
no_mining,EL,3,0.13328402740005058,0.452488037301067,2.3949157009108752,0.12788607862737483,0.01626990030047162,0.9977755784083708,146.9591322540407,0.04580049882282724,5.295862132612836,74.35,0.1889369371660844,-2.0152728834327323,-0.7929939530953366,1.2222789303373955,-4.118438485583634,-0.002226899292320338,4.990154536248996,-0.1752822268914016,-0.19207574047529696,-0.01679351358389547,0.1793782675155038,-0.015070578101795962,-0.21617244265531266,-0.0169386540424227,0.0024818922842873084,4.929228546564778,-0.025534882617859356,-2.6650000000000063,1.0
no_mining,EL,4,0.06912736280418165,0.25534348953923697,2.6938121053822512,0.07529744623176782,0.018690316860323592,0.9118005623207285,145.36025761090104,0.04595814791042596,-6.379477665076151,66.65,0.09478890121143166,-2.6718046381081684,-1.36514562243738,1.3066590156707887,-3.979749704190017,-0.09233399448799554,4.979215196313238,-0.6565317546754361,-0.5721516693420433,0.08438008533339314,0.13868878139361707,-0.0901070951956752,-0.010939339935758241,-0.052588632395607016,0.0001576490875987227,-11.675339797688988,-0.06415666459586893,-7.699999999999989,1.0
no_mining,EL,5,0.09770108681277809,0.35326107070022894,2.6157332761013543,0.09636542896297239,0.016443879704497594,0.864753846348566,159.04464480363873,0.05318826556718752,-2.2566836541530315,69.2,0.13505240535332808,-2.325842596015966,-1.0405479183467086,1.2852946776692575,-4.107801925438017,-0.14531038324348067,5.069184947736066,0.34596204209220227,0.32459770409067135,-0.021364338001531147,-0.1280522212480002,-0.05297638875548513,0.08996975142282881,0.021067982731204568,0.007230117656761556,4.122794010923119,0.028573724008596438,2.549999999999997,1.0
no_mining,ES,2,0.10125701417683523,0.4133248028281275,3.0819374952761014,0.111242020307263,0.03191709158931984,1.0335272389454613,96.33615093275806,0.045776731582843205,2.944396182868696,79.48,0.13411200047426625,-2.2900932995743526,-0.8835215475831836,1.406571751991169,-3.444613626174622,0.0329774558112026,4.56784364745353,-0.04454572247064492,-0.00037520579041327995,0.04417051668023131,0.01058755840762382,0.03632869583082801,0.04536373275669536,-0.009749397121513542,-0.000422190490482352,4.4879379060530065,-0.004612538578744385,0.14500000000001023,1.0
no_mining,ES,3,0.08681078466718962,0.38034407030321404,3.381299763172929,0.09879829053936512,0.03498482717831987,1.0573918965469162,96.77625091770848,0.04978420907944652,2.476713203925512,78.39499999999998,0.11248457603365769,-2.4440244177160384,-0.9666789877662719,1.4773454299497666,-3.352840820675859,0.05580540122536505,4.572401622422109,-0.1539311181416858,-0.08315744018308835,0.07077367795859768,0.09177280549876299,0.02282794541416245,0.004557974968578904,-0.012443729767897885,0.004007477496603316,-0.4676829789431838,-0.014446229509645608,-1.0850000000000222,1.0
no_mining,ES,4,0.061527312863858166,0.28901292901610187,3.6973110893954106,0.08111661802972295,0.04365471674724583,1.02707761030936,84.69289103207632,0.04001101967671894,-5.652132851608188,73.075,0.07816840996827282,-2.7882740911505866,-1.241283854790441,1.5469902363601455,-3.131443944178262,0.026717498012638504,4.4390316669912755,-0.34424967343454815,-0.2746048670241691,0.06964480641037896,0.22139687649759665,-0.029087903212726546,-0.1333699554308332,-0.01768167250964217,-0.009773189402727582,-8.1288460555337,-0.02528347180333146,-5.319999999999979,1.0
no_mining,ES,5,0.07130780700583382,0.3261444019284775,3.5737544824761613,0.09043117418401657,0.04393705157096818,1.0002254371253572,81.36949045569966,0.039006647449885,-0.5464003526814791,78.905,0.09126099834997634,-2.6407494623830607,-1.1204150449882797,1.520334417394781,-3.1249973155294937,0.00022541171822682132,4.399000392623083,0.1475246287675258,0.1208688098021613,-0.02665581896536451,0.006446628648768549,-0.026492086294411684,-0.040031274368192094,0.009314556154293621,-0.001004372226833937,5.105732498926709,0.009780494141975654,5.829999999999998,1.0
no_mining,FI,2,0.0968618785941007,0.3455465558591702,2.567415384407127,0.09292294723461851,0.045014403574992014,1.078347061124806,57.067584310358576,0.02965751748622026,1.5267285790518788,83.50500000000001,0.13458926746244632,-2.3344692472529416,-1.0626278956216806,1.271841351631261,-3.1007727609820477,0.0754293697676836,4.044236255115129,0.2678724643408401,0.20696625196256835,-0.060906212378271984,-0.0021326234421574775,0.05644077463557633,-0.08381636735123532,0.013637432266039265,-0.007021121190040017,2.497589500412736,0.022762024194061786,-2.454999999999984,1.0
no_mining,FI,3,0.0882483368026748,0.3030871376995747,2.4344798857488286,0.07977559217084487,0.04452227362177796,1.2034251632272681,54.69457031934299,0.029964958660886436,2.8280936203403737,81.87,0.12449769639659489,-2.4276004297749414,-1.1937349316499672,1.233865498124974,-3.111765684207242,0.18517179369624398,4.001764441600554,-0.09313118252199981,-0.13110703602828666,-0.03797585350628707,-0.010992923225194406,0.10974242392856039,-0.04247181351457474,-0.013147355063773639,0.00030744117466617593,1.301365041288495,-0.0086135417914259,-1.6350000000000051,1.0
no_mining,FI,4,0.05093414744673321,0.16981749490570933,2.3340598285914957,0.04762618758132236,0.04543493450316494,1.2502686913848973,51.378248744608676,0.029207064080549138,-1.970496223024469,78.38499999999999,0.07275627335062222,-2.977221707143738,-1.7730309779876936,1.2041907291560439,-3.0914739873861037,0.22335848132301836,3.939214906721885,-0.5496212773687965,-0.5792960463377264,-0.029674768968930065,0.020291696821138405,0.03818668762677438,-0.0625495348786691,-0.032149404589522514,-0.0007578945803372976,-4.798589843364843,-0.037314189355941586,-3.4850000000000136,1.0
no_mining,FI,5,0.06798165738254956,0.22290727046279418,2.2789325686551005,0.0623042079102541,0.0448511055550576,1.2424455353194381,50.81108856599043,0.03219357759914997,-0.19751803887410607,80.85499999999999,0.0978121395642442,-2.688517354567859,-1.500999421523359,1.1875179330445,-3.104407040724114,0.2170816432749086,3.928114609623152,0.2887043525758788,0.2720315564643345,-0.01667279611154382,-0.012933053338010314,-0.006276838048109773,-0.011100297098733058,0.014678020328931743,0.0029865135186008286,1.772978184150363,0.01704750993581635,2.469999999999999,1.0
no_mining,FR,2,0.0496744433935031,0.1250682206365597,1.517757866873599,0.03920397135054015,0.03187881099349132,1.0978401630856336,47.61215273478323,0.036424310963738674,1.0744283064851556,85.19000000000001,0.08240327615246389,-3.0022646955692247,-2.0788959254629615,0.9233687701062634,-3.4458137220702234,0.09334476153059744,3.863088038205706,0.05451627004111659,0.06277211636848179,0.008255846327365202,0.04227845655011686,0.07928452208802524,-0.02886594894748562,0.00047569194383981217,-0.0009964169802562234,2.1275455013354643,0.0026355718798485306,1.825000000000017,1.0
no_mining,FR,3,0.03580210077713399,0.09269069648603195,1.5889736767969618,0.028768350317666315,0.03266297026409261,1.223199085478073,48.61135526890048,0.03713625613765838,0.6289305154646164,83.2,0.05833368912245103,-3.32974870637161,-2.3784871729783617,0.9512615333932486,-3.4215132505630437,0.20146962798534068,3.8838571511233604,-0.3274840108023853,-0.2995912475154001,0.0278927632869852,0.024300471507179733,0.10812486645474324,0.020769112917654375,-0.010435621032873835,0.0007119451739197036,-0.4454977910205392,-0.013872342616369104,-1.990000000000009,1.0
no_mining,FR,4,0.015028939738596108,0.03931647629652369,1.6160512305172328,0.012691064993383901,0.03330425719850468,1.3141927934852131,48.54836166179791,0.042408750536810494,-0.8576126753307143,81.28,0.024328731388014273,-4.197777620713107,-3.236111603778857,0.9616660169342497,-3.4020700463681215,0.2732226318911985,3.882560448787882,-0.868028914341497,-0.8576244308004952,0.010404483541001097,0.01944320419492218,0.07175300390585782,-0.0012967023354781837,-0.016077285324282414,0.005272494399152117,-1.4865431907953308,-0.020773161038537886,-1.9200000000000017,1.0
no_mining,FR,5,0.008735608008214433,0.022827568615539907,1.61316311286796,0.007468459162269483,0.034759969714337625,1.3285092993755674,46.388416163022384,0.039242238328837595,1.0505511738863542,84.17499999999998,0.014150812421538666,-4.74034773184089,-3.7797863236502423,0.9605614081906475,-3.35928884986445,0.28405748609956794,3.8370497764050464,-0.542570111127783,-0.5436747198713854,-0.0011046087436021867,0.04278119650367129,0.010834854208369438,-0.04551067238283579,-0.0052226058311144186,-0.003166512207972899,1.9081638492170685,-0.0062933317303816745,2.894999999999982,1.0
no_mining,HU,2,0.04150421477136949,0.24380736357495225,4.874279634441751,0.07593455878021237,2.399780568243937,0.9745142423521378,2.063554231537648,0.046280615338130285,2.484644808104332,81.405,0.05001915808280774,-3.1819602961465376,-1.4113768590483695,1.7705834370981681,0.8753773032755724,-0.02581614510577597,0.7244298512015447,0.3699531765721402,0.24999529259412423,-0.11995788397801577,0.06237551411660225,-0.021088095117799185,-0.18955155009862357,0.017787754209589744,-0.009109629887526512,3.1497211957907787,0.012834486379107182,2.1424999999999983,1.0
no_mining,HU,3,0.052465014560724256,0.29026132435883184,4.532473912170109,0.08963840313521634,2.728353283015463,0.9427621761853968,1.6572849410983725,0.057986968548428,3.069338967613652,81.995,0.06404037397313056,-2.947608720840151,-1.236973643286401,1.7106350775537502,1.0036982341681322,-0.05894122732336708,0.5051806856994981,0.23435157530638673,0.1744032157619686,-0.059948359544417906,0.1283209308925598,-0.03312508221759111,-0.21924916550204654,0.013703844355003977,0.011706353210297712,0.5846941595093198,0.01096079978935477,0.5900000000000034,1.0
no_mining,HU,4,0.048572606695911846,0.2852220796841314,4.872076857430369,0.08900501570022261,3.0151315339975286,0.9163524844987443,1.6160681189995008,0.057560415296021364,-3.018485591449718,77.945,0.05854219628106671,-3.024695555217336,-1.2544871751913291,1.7702083800260067,1.1036434557607162,-0.08735417992302995,0.4799961120567231,-0.07708683437718511,-0.017513531904928215,0.05957330247225645,0.09994522159258401,-0.028412952599662866,-0.025184573642775043,-0.0006333874349937346,-0.00042655325240663344,-6.08782455906337,-0.0038924078648124097,-4.050000000000011,1.0
no_mining,HU,5,0.07078138446406082,0.4201326575785403,4.935637749383982,0.12272828151462108,2.820598938554319,0.9995646582526951,1.748438800556509,0.0482186601346589,1.8778022320903112,82.995,0.08512226360838113,-2.648159244153533,-0.8671847661977916,1.7809744779557415,1.0369492519568222,-0.00043543653603466163,0.5587232757972213,0.3765363110638029,0.3873024089935375,0.01076609792973482,-0.06669420380389401,0.08691874338699529,0.07872716374049815,0.03372326581439847,-0.009341755161362465,4.896287823540029,0.022208777768148974,5.050000000000011,1.0
no_mining,IE,2,0.15730179589250198,0.45559902913571587,1.896337111415221,0.11677479386495093,0.02448005179262174,0.885250548665862,78.0333234358911,0.11073271780970587,2.3533887002060467,77.87,0.24025212943056629,-1.8495890519932372,-0.7861421783689839,1.0634468736242533,-3.7098967056285774,-0.12188456820397096,4.357135958992666,0.00822026697007816,0.05562654288815072,0.04740627591807245,0.32012717754421605,-0.10897262056062434,-0.25403976875807466,0.004069777248966941,0.014578971561433285,-0.6945959640347512,0.0012877626293376077,-0.3850000000000051,1.0
no_mining,IE,3,0.13330825212971215,0.4108212928695665,2.08173939952215,0.10056395768306763,0.03535446964449382,0.7873897039782166,59.21237158338374,0.12649906685251608,1.4169100660916902,75.16,0.19734520707244524,-2.0150911472641457,-0.889596969579749,1.1254941776843967,-3.3423304549013,-0.23903197653180805,4.081130499505846,-0.16550209527090853,-0.10345479121076506,0.06204730406014347,0.3675662507272772,-0.11714740832783709,-0.27600545948681976,-0.016210836181883306,0.015766349042810213,-0.9364786341143565,-0.023993543762789837,-2.710000000000008,1.0
no_mining,IE,4,0.12302226291861544,0.45662452041926904,2.7117226556086518,0.11045652133845803,0.05578002233049319,0.7432187449332208,48.553241720499685,0.11962858081316805,-2.504640219363134,77.44,0.16838909372786826,-2.0953899406497865,-0.783893844139853,1.3114960965099338,-2.8863394964513365,-0.2967648698775121,3.8826609632703604,-0.08029879338564072,0.10570312543989602,0.18600191882553707,0.45599095844996373,-0.057732893345704056,-0.19846953623548602,0.009892563655390402,-0.006870486039348034,-3.921550285454824,-0.010285989211096705,2.280000000000001,1.0
no_mining,IE,5,0.11323725462857517,0.5863053402219438,4.177671801961816,0.12783981089996133,0.08548528089254576,0.7425607144415336,48.68580807541621,0.08844555578147414,3.767357601230234,77.88499999999999,0.14034260420998543,-2.1782700628633456,-0.533914566709693,1.6443554961536528,-2.459411071163062,-0.2976506413566627,3.885387572329663,-0.08288012221355912,0.24997927743016002,0.332859399643719,0.42692842528827457,-0.0008857714791505877,0.002726609059302554,0.0173832895615033,-0.0311830250316939,6.271997820593368,-0.009785008290040267,0.4449999999999932,1.0
no_mining,IT,2,0.08631668946497185,0.3142854320330807,2.641073748091564,0.07846642470001591,0.0361205028544441,1.0213870703486874,73.12106578688208,0.05027085115902012,0.5498187813433059,76.63,0.11899911248604206,-2.449732310656359,-1.1574536867680079,1.292278623888351,-3.320894628757167,0.021161576397306266,4.292116502899653,-0.07479383799931938,-0.03693160288743402,0.037862235111885356,0.0675283085413727,0.023763877042575147,-0.014844355276591337,-0.008119481055782682,0.00384717595918032,2.7710937620085816,-0.006703522856131669,-0.23999999999999488,1.0
no_mining,IT,3,0.05750441591114589,0.21673634902041813,2.7690383527295133,0.05523446342971497,0.03811166848857887,1.078259467003537,72.5922894124186,0.05366184792204528,-0.40522738020908344,74.55499999999999,0.07827134239826454,-2.8558935356729713,-1.5290736456027836,1.3268198900701877,-3.26723478419461,0.07534813647809209,4.2848587097499315,-0.40616122501661245,-0.3716199588347757,0.03454126618183673,0.0536598445625569,0.054186560080785824,-0.007257793149721081,-0.023231961270300944,0.0033909967630251572,-0.9550461615523893,-0.028812273553825964,-2.075000000000003,1.0
no_mining,IT,4,0.03614511255973124,0.14169362350801615,2.920132307621446,0.03801302597954669,0.040860889175894914,1.130354371991133,71.44711450782827,0.0553078645402119,-4.528036289541372,72.16,0.048523014912098546,-3.3202135384184923,-1.9540881332414588,1.3661254051770335,-3.1975819283048454,0.12253118709291601,4.268957518785418,-0.464320002745521,-0.4250144876386752,0.03930551510684577,0.06965285588976444,0.04718305061482392,-0.015901190964513923,-0.017221437450168277,0.0016460166181666222,-4.122808909332289,-0.02135930335141465,-2.394999999999996,1.0
no_mining,IT,5,0.047973542540474215,0.1806411233047284,2.765432230741048,0.04950629267301317,0.03953613344890792,1.1093013276702075,69.96293574862185,0.05267922335243121,-2.500237666866524,76.78999999999999,0.06532111736338674,-3.037105617112651,-1.711242960128417,1.3258626569842342,-3.230540254364507,0.10373038261581953,4.247965612514992,0.28310792130584117,0.24284517311304188,-0.04026274819279929,-0.03295832605966176,-0.018800804477096478,-0.020991906270425353,0.01149326669346648,-0.002628641187780688,2.0277986226748483,0.011828429980742974,4.6299999999999955,1.0
no_mining,JP,2,0.02001601519749484,0.08526331848342597,3.259754883384448,0.02882483403521306,8.997320335396285,1.0069616668770611,0.3625001369477416,0.05746896244083386,-1.1276681152727952,,0.026156358847110966,-3.911222565990542,-2.4620109464763327,1.4492116195142088,2.196926792491189,0.006937546355527227,-1.0147304269006057,1.3258247715686808,1.434199422539478,0.10837465097079702,0.15677022790774897,0.005287840241429498,-0.012446319351499868,0.02138082245509628,0.005956068094600767,0.17244447253866002,0.014700085365191452,,1.0
no_mining,JP,3,0.020160973523270904,0.09285899551384234,3.6058785507882036,0.02879345324545752,9.824269139150768,1.086300085376233,0.36716420517183324,0.05535010466480987,0.3027750769285339,,0.025752114001050985,-3.9040065471000993,-2.3766731136592667,1.5273334334408324,2.2848557671157144,0.08277750505116997,-1.0019461054561951,0.007216018890442655,0.08533783281706597,0.07812181392662354,0.08792897462452531,0.07583995869564275,0.012784321444410551,-3.1380789755539734e-05,-0.00211885777602399,1.430443192201329,0.00014495832577606296,,1.0
no_mining,JP,4,0.018769045784399013,0.0928726846216467,3.948183604455974,0.027518372646408756,10.414044762909464,1.1473928129694422,0.3790851209930578,0.04619349476643686,-0.14304545040390698,,0.023522888985413274,-3.9755462669482733,-2.376525706304537,1.599020560643736,2.343155353071153,0.1374922494126976,-0.9699945054678596,-0.07153971984817398,0.00014740735472962285,0.0716871272029036,0.058299585955438715,0.05471474436152764,0.03195159998833552,-0.0012750805990487633,-0.009156609898373011,-0.4458205273324409,-0.0013919277388718919,,1.0
no_mining,JP,5,0.022539826619910372,0.11145241112465712,3.9446880405995017,0.03275509402295244,10.690598593796983,1.146883500807925,0.36900223683866773,0.04127838598962906,1.6986724201741854,,0.028253795985276168,-3.7924714625069957,-2.19415758524648,1.5983138772605157,2.369364719147176,0.13704826438192766,-0.9969525730665746,0.18307480444127755,0.18236812105805722,-0.0007066833832203301,0.026209366076022977,-0.00044398503076995,-0.026958067598714996,0.005236721376543681,-0.0049151087768078,1.8417178705780923,0.0037707808355113594,,1.0
no_mining,LT,2,0.14475075912703866,0.8164458869805377,4.640356512838695,0.2259737617671231,0.010526543251069956,0.7426200346263377,448.2725695547234,0.024879200651607557,1.0819436692463433,62.675,0.1759446466498076,-1.9327419181418264,-0.20279464313339873,1.7299472750084275,-4.553855282982363,-0.29757075857488957,6.1054014615907635,0.3610383343825936,0.39355646766267965,0.032518133280085904,0.27565155590527457,-0.14618072727458314,-0.265108776320953,0.06731520270765495,0.0011565440756737752,,0.04386638741758553,13.555,1.0
no_mining,LT,3,0.13591940065305053,0.6556548339907506,3.823850243898462,0.1970933771177656,0.013319010720060708,0.7382972975768818,292.03167729092104,0.03554772420224714,3.8203601337270228,69.97,0.17146456900004078,-1.9956932111849033,-0.42212079620987325,1.5735724149750299,-4.31856288689378,-0.30340869325571973,5.67686228025735,-0.0629512930430769,-0.21932615307647452,-0.15637486003339762,0.23529239608858354,-0.005837934680830159,-0.42853918133341384,-0.02888038464935752,0.010668523550639582,2.7384164644806797,-0.008831358473988138,7.295000000000002,1.0
no_mining,LT,4,0.14463355440987224,0.7410915822311136,4.123925670325149,0.21788900096079714,0.016785100072845914,0.6796469401834988,246.87671489856467,0.02985007769408552,-5.58919766392138,70.98499999999999,0.17970536849484064,-1.9335519463160735,-0.29963106856846616,1.6339208777476073,-4.087263686527643,-0.3861818212583935,5.508889082055826,0.06214126486882976,0.12248972764140709,0.06034846277257744,0.23129920036613694,-0.08277312800267378,-0.16797319820152357,0.020795623843031547,-0.005697646508161618,-9.409557797648402,0.008714153756821719,1.0149999999999864,1.0
no_mining,LT,5,0.12069432003803932,0.5483235669309914,3.5430768138730624,0.1750230743207128,0.018486306045601704,0.6951494070143645,193.94149584680537,0.027011234370494443,0.10817218099641188,76.39500000000001,0.15475915305702884,-2.114494210494311,-0.6008897156774943,1.5136044948168168,-3.990725034742583,-0.3636284823995826,5.267556545782643,-0.18094226417823744,-0.3012586471090281,-0.1203163829307905,0.09653865178505994,0.02255333885881089,-0.24133253627318307,-0.042865926640084345,-0.002838843323591078,5.697369844917792,-0.02393923437183293,5.410000000000025,1.0
no_mining,LU,2,0.139538585510251,0.5030828010747461,2.605331093440014,0.0990541792208188,0.06262967413177442,0.955024620493082,41.73753881315887,0.2332498006105511,0.8821377236051138,84.905,0.19309745404008832,-1.969414117327276,-0.6870005079671558,1.2824136093601202,-2.7705160855275768,-0.04601815821269302,3.731400935204264,-0.12204141649700406,-0.11421937866259824,0.007822037834405826,0.09198221039364007,-0.013404863551047773,-0.0783667581413896,-0.033685231771413776,0.0020815369575163667,1.6073296307554963,-0.018112233036023412,2.8900000000000006,1.0
no_mining,LU,3,0.17981912962169974,0.613289959751385,2.4105935282948665,0.10058256318374774,0.0668594266754976,0.8491606814042706,36.19608795080938,0.2828088063411734,0.4869742281161134,79.96000000000001,0.25441450520494663,-1.7158037687125012,-0.4889174373444916,1.2268863313680092,-2.7051629730269857,-0.16350685097357032,3.5889510453347957,0.2536103486147747,0.19808307062266423,-0.05552727799211099,0.06535311250059106,-0.1174886927608773,-0.14244988986946838,0.0015283839629289392,0.0495590057306223,-0.39516349548900037,0.04028054411144874,-4.944999999999993,1.0
no_mining,LU,4,0.18349698501877557,0.6439312849730694,2.509219973871406,0.09713606189454024,0.07663962511369522,0.7605972462517132,32.746822277694335,0.27740892972841047,-1.1671411372134914,73.725,0.2566260796894445,-1.695557042037885,-0.4401632589230477,1.2553937831148372,-2.5686410368542614,-0.2736513039892554,3.4888059276848535,0.020246726674616244,0.04875417842144392,0.028507451746828005,0.13652193617272435,-0.1101444530156851,-0.10014511764994216,-0.003446501289207496,-0.005399876612762922,-1.6541153653296048,0.0036778553970758243,-6.235000000000014,1.0
no_mining,LU,5,0.15737257775043695,0.5689090534847946,2.6150456554570543,0.07537073170871914,0.0815285772665028,0.7615459302586528,32.131909413593235,0.26430278156750886,0.5764599470885517,77.58500000000001,0.21755224513866522,-1.8491391783139204,-0.5640346933342422,1.2851044849796782,-2.506801678888834,-0.27240479295873266,3.4698495991115643,-0.15358213627603545,-0.12387143441119447,0.029710701864841038,0.0618393579654275,0.0012465110305227567,-0.018956328573289216,-0.021765330185821108,-0.01310614816090161,1.743601084302043,-0.026124407268338617,3.8600000000000136,1.0
no_mining,LV,2,0.07594345946233547,0.7088727043884937,8.334216658118697,0.1411222878884603,0.012483825355840718,0.896819991704092,677.8845739304703,0.0374455013511231,0.5370420921571982,66.255,0.08505570870874256,-2.5777661700101953,-0.34407931104007805,2.2336868589701173,-4.383321444110682,-0.1089001152067191,6.518977028506772,0.9823669909939707,0.7288014945976656,-0.253565496396305,0.0002163671913031351,-0.12968254552563568,-0.2723003913064712,0.05630474699059125,0.0005727093960439175,2.432638224187033,0.04750842143848187,11.469999999999992,1.0
no_mining,LV,3,0.07149617090113401,0.4687663408119199,5.556523725727034,0.10690958484478914,0.014285879899981636,0.9093002433047671,397.02910730848475,0.05018418574264218,7.875299759070908,67.42,0.08436323931120891,-2.638111384546526,-0.7576508419063636,1.8804605426401626,-4.248483649117842,-0.09507993867660382,5.984009596156938,-0.06034521453633079,-0.4135715308662855,-0.3532263163299547,0.13483779499283965,0.013820176530115288,-0.5349674323498332,-0.03421270304367115,0.012738684391519081,7.3382576669137105,-0.004447288561201454,1.1650000000000063,1.0
no_mining,LV,4,0.06740870508674858,0.4779587714627501,6.090460658570177,0.09875970208718605,0.017904341113839966,0.8644090318498409,342.35709412039125,0.04219238914508856,-6.36181063142819,69.05499999999999,0.07847662077747626,-2.696981113813999,-0.7382308023805922,1.9587503114334073,-4.022712075212473,-0.1457092057114426,5.8358543271879,-0.058869729267473137,0.019420039525771315,0.07828976879324467,0.2257715739053694,-0.05062926703483879,-0.1481552689690382,-0.008149882757603089,-0.00799179659755362,-14.237110390499097,-0.0040874658143854325,1.634999999999991,1.0
no_mining,LV,5,0.05164982848097189,0.2771579969034705,4.366097140198193,0.07490775180053887,0.017118619242169297,0.8775502140897791,257.1934416221875,0.04181500777521144,1.2613845491363533,74.185,0.06347957638223532,-2.963268404216352,-1.2831675494699184,1.6801008547464336,-4.067588563263516,-0.13062110124541249,5.549828492902226,-0.266287290402353,-0.5449367470893262,-0.2786494566869737,-0.04487648805104261,0.015088104466030122,-0.28602583428567385,-0.02385195028664719,-0.000377381369877125,7.623195180564544,-0.01575887660577669,5.13000000000001,1.0
no_mining,MT,3,0.14689876940736718,0.5708132319903728,2.885759113525601,0.1475456291595485,0.01998418769303331,0.9477869338361629,144.43548460861635,0.09048565305770102,,78.41,0.19780349278460618,-1.91801157291454,-0.5606932121653586,1.3573183607491812,-3.9128139334776235,-0.05362555532531257,4.972832934556836,0.1768723401422696,0.12812437022938594,-0.04874796991288366,-0.010011065191564139,-0.04731752424727197,-0.05755749890623463,-0.007343351197604847,0.0417243794435767,,0.02381423807572558,7.134999999999991,1.0
no_mining,MT,4,0.1746641158756163,0.6441448410638964,2.6879060008102167,0.143697357922017,0.021818607551101387,0.8970745331260475,123.69918342822712,0.10307811590864754,,77.005,0.23964559804908783,-1.7448904872013962,-0.4398316696815939,1.3050588175198023,-3.824992115870074,-0.1086163288189014,4.817852678149711,0.17312108571314377,0.12086154248376474,-0.05225954322937887,0.08782181760754959,-0.054990773493588836,-0.15498025640712498,-0.0038482712375315087,0.01259246285094652,,0.02776534646824913,-1.4050000000000011,1.0
no_mining,MT,5,0.2208919692302191,0.7921635975007212,2.5862037006655894,0.14681001980301275,0.024276982298620544,0.8654068600231796,107.1730646530915,0.0936791992166601,,79.135,0.30630363621274254,-1.5100815239918413,-0.23298734599789658,1.2770941779939446,-3.718226608051397,-0.14455552422579912,4.6744449545005295,0.2348089632095549,0.2068443236836973,-0.027964639525857704,0.10676550781867711,-0.03593919540689772,-0.1434077236491813,0.003112661880995765,-0.009398916691987447,,0.04622785335460278,2.1300000000000097,1.0
no_mining,NL,2,0.07638589596435658,0.24131162598825842,2.1591123327382324,0.07433038009746751,0.04518875149991099,1.0155873867303278,47.766799252533225,0.07535758206800422,0.6977928406915248,83.28,0.11176427568371206,-2.571957207648159,-1.4216661268725201,1.1502910807756388,-3.096907083736333,0.01546715124618242,3.8663308218606964,0.19323315108713945,0.16647894055843881,-0.026754210528700195,0.056683308041847624,0.010989159454986776,-0.09805504609911875,0.009269120943606962,0.001005796926538835,0.29393226342557227,0.013421783526024716,-1.1750000000000114,1.0
no_mining,NL,3,0.08861866130358534,0.2760883411813547,2.1154650399823263,0.08117769642256883,0.045959735732111866,1.052714407200733,46.05576354526813,0.07120310427618234,0.4041428751997689,81.475,0.13050952672971675,-2.4234128193552977,-1.2870343877345813,1.1363784316207164,-3.079989575972163,0.05137197813259988,3.8298529132902432,0.1485443882928612,0.1346317391379388,-0.013912649154922407,0.01691750776416967,0.03590482688641746,-0.03647790857045319,0.006847316325101327,-0.004154477791821876,-0.2936499654917559,0.012232765339228763,-1.8050000000000068,1.0
no_mining,NL,4,0.08080135623575073,0.25147114937731896,2.11221446139607,0.07235620473131135,0.047546324724295284,1.068539653598497,44.43584187356772,0.0891071089791704,-2.257677416303004,78.92,0.11905568964389576,-2.5157615285000308,-1.380427010228012,1.1353345182720185,-3.0460507858424375,0.06629290655171541,3.794046393192299,-0.09234870914473303,-0.09339262249343072,-0.0010439133486979113,0.03393879012972567,0.014920928419115527,-0.03580652009794427,-0.008821491691257483,0.017904004702988058,-2.6618202915027727,-0.00781730506783461,-2.5549999999999926,1.0
no_mining,NL,5,0.09953683929128887,0.30642981599767266,2.078556825588196,0.08417353766584243,0.04793125489750743,1.0570155352727446,43.39039189040083,0.07721081746565797,0.5850074346876821,82.825,0.14742431490221988,-2.3072274592074797,-1.1827665351527146,1.1244609240547652,-3.0379874842733567,0.055449404294515704,3.7702380315832738,0.20853406929255103,0.1976604750752975,-0.010873594217253313,0.00806330156908075,-0.010843502257199704,-0.02380836160902522,0.011817332934531077,-0.01189629151351243,2.842684850990686,0.01873548305553814,3.905000000000001,1.0
no_mining,PL,3,0.17774546787843734,0.6128579281496594,2.447952487704506,0.15220690948709398,0.03664816156148921,0.9391043635014471,67.0685097101211,0.049499253905080795,-1.9473014116738316,76.42,0.2503553198960771,-1.7274027077915675,-0.48962213475312794,1.2377805730384395,-3.30639201394067,-0.06282866271079852,4.205714629947098,0.4493802631417616,0.46271536209652747,0.013335098954765812,0.05806135484937025,-0.04521282457450647,-0.03497686271018274,0.04080111620773384,0.0022520336755237347,1.8153547944423598,0.06433969377140446,6.189999999999998,1.0
no_mining,PL,4,0.1888758514456064,0.6536122227306134,2.4605388551688114,0.16701850301251653,0.04715571891733986,0.845715768784084,52.39644728281958,0.051106898733711034,-1.1282439946578204,74.64500000000001,0.2656378383773869,-1.6666653504147146,-0.42524103498296506,1.2414243154317492,-3.054299985267708,-0.1675719465311075,3.958838789082285,0.06073735737685282,0.06438109977016288,0.003643742393309779,0.252092028672962,-0.10474328382030897,-0.2468758408648135,0.01481159352542255,0.0016076448286302392,0.8190574170160112,0.011130383567169055,-1.7749999999999915,1.0
no_mining,PL,5,0.18192823256288482,0.6059025281774371,2.3304480543887127,0.15877583144605453,0.056279762147259334,0.8183074343241371,41.72368028087975,0.05179477136754407,0.1437292178794885,80.19,0.259994007176602,-1.704142996250067,-0.5010361504413892,1.2031068458086778,-2.8774202729840526,-0.20051717640619246,3.731068840069376,-0.03747764583535229,-0.0757951154584241,-0.038317469623071476,0.17687971228365562,-0.03294522987508497,-0.22776994901290903,-0.008242671566461995,0.0006878726338330338,1.2719732125373089,-0.006947618882721579,5.5449999999999875,1.0
no_mining,PT,3,0.08111271628702761,0.36323497336004923,3.4781507757020034,0.0918896717057817,0.0,,,0.07359058120852208,0.5300116905010366,80.48999999999998,0.1044333603642403,-2.5119155325316695,-1.0127053445999195,1.49921018793175,-inf,,,-0.07234775551652506,0.02223512682417028,0.09458288234069556,-inf,,,0.0006442351836341287,0.010648247364939273,-1.5374692515160862,-0.0060858162410599576,-2.390000000000015,1.0
no_mining,PT,4,0.07429548145205353,0.3715536306814965,4.001025949623573,0.09277164773166377,0.0,,,0.061050217498448175,-4.558947299444196,76.515,0.0928645890728235,-2.599705144019522,-0.9900620627092802,1.6096430813102416,-inf,,,-0.08778961148785225,0.022643281890639244,0.11043289337849149,,,,0.0008819760258820669,-0.012540363710073901,-5.088958989945233,-0.006817234834974081,-3.97499999999998,1.0
no_mining,PT,5,0.08081685980419008,0.4011294599119528,3.9634378381422284,0.10050404197125103,0.0,,,0.0485450461046335,-1.1491389341980445,79.48499999999999,0.10120745582324388,-2.5155696742788076,-0.913471061104851,1.6020986131739563,-inf,,,0.08413546974071417,0.07659100160442922,-0.007544468136285287,,,,0.007732394239587256,-0.012505171393814678,3.409808365246152,0.00652137835213655,2.9699999999999847,1.0
no_mining,RO,3,0.06712007206666128,0.37428359920112414,4.576328923327122,0.10964495964084943,0.011397617936299237,1.4960630222426778,399.6872210473224,0.02903173829482338,4.153551139968576,80.21000000000001,0.08178686573276496,-2.7012721431249953,-0.9827414822876377,1.7185306608373574,-4.474350898371605,0.4028370058325267,5.9906822938459685,2.0564322670784043,2.1614496795332827,0.10501741245487817,0.23107635732199228,0.16586033462593353,-0.0771214438841632,0.09332959507892549,-0.012729234868461819,4.897554186979471,0.05853477695711367,0.9037500000000165,1.0
no_mining,RO,4,0.06990068164686432,0.4906616295945781,6.019411227967457,0.10661658881336343,0.013674699936540215,1.6838210523360662,439.81864431936356,0.04388597664748352,-0.9908783671412783,78.16,0.08151322629609695,-2.660679878046511,-0.7120005341860383,1.9486793438604728,-4.29220787339818,0.5210656467153807,6.086362469944633,0.040592265078484235,0.27074094810159943,0.23014868302311542,0.18214302497342505,0.11822864088285401,0.0956801760986643,-0.003028370827485999,0.01485423835266014,-5.144429507109854,0.0027806095802030417,-2.0500000000000114,1.0
no_mining,RO,5,0.08348102601605212,0.543275070121188,5.507767046570852,0.13217924944299528,0.0165183020014952,1.682763544484839,336.79501681866964,0.03844832584360364,3.103792619642136,76.33,0.09863798986549953,-2.4831359062874276,-0.6101395125050867,1.8729963937823408,-4.103286300585109,0.5204374088941731,5.819474486589682,0.17754397175908343,0.10186102168095157,-0.07568295007813197,0.18892157281307131,-0.0006282378212075779,-0.2668879833549509,0.025562660629631848,-0.0054376508038798815,4.094670986783415,0.0135803443691878,-1.8299999999999983,1.0
no_mining,SE,2,0.04649454098406491,0.20170282347041263,3.3382044257527426,0.05175724917311968,0.541765848063393,1.1206225489588137,6.159132831706461,0.04218762507937102,0.3768157978673251,84.41499999999999,0.06042254989369922,-3.068420371472686,-1.6009598357539947,1.4674605357186916,-0.6129213855308885,0.11388437816577852,1.817935993562202,-0.30223424823980816,-0.2777892635094945,0.02444498473031409,0.13558439571165615,0.08871599464894733,-0.10445533480851044,-0.015951547715413905,-0.005773892909052093,0.7466453851867608,-0.016406905232056936,-0.6975000000000193,1.0
no_mining,SE,3,0.04685509949957118,0.21495263592181435,3.587603872739222,0.05332568815823298,0.616970773310973,1.227719265630067,5.807683429025152,0.041075005040990424,0.7249914888644048,84.14,0.059915376264128295,-3.0606954288450328,-1.5373375731617243,1.5233578556833083,-0.4829336252246726,0.20515819253902723,1.7591817700151475,0.007724942627653331,0.06362226259227044,0.055897319964616665,0.1299877603062159,0.0912738143732487,-0.058754223547054396,0.0015684389851133018,-0.001112620038380599,0.3481756909970797,0.0003605585155062735,-0.2749999999999915,1.0
no_mining,SE,4,0.043078667793751954,0.2024735006999202,3.7000873302142034,0.052781368033685765,0.6602001073782796,1.268177382605165,5.610293966939846,0.043701621614765415,-1.1333740177822016,81.635,0.05472127618355395,-3.144727351179721,-1.5971462617396919,1.5475810894400293,-0.415212296917981,0.23758073787556241,1.7246031186857822,-0.08403192233468815,-0.05980868857796762,0.024223233756720974,0.06772132830669159,0.032422545336535186,-0.03457865132936533,-0.0005443201245472137,0.002626616573774991,-1.8583655066466065,-0.003776431705819226,-2.5049999999999955,1.0
no_mining,SE,5,0.047224656649631096,0.21937753663133538,3.645402469708567,0.05683804724956024,0.6858747055432219,1.2752197856974081,5.313922696088881,0.0413376580682958,0.5935397923148776,84.625,0.060179236299489756,-3.052839136142305,-1.5169611218370154,1.5358780143052895,-0.3770603129186036,0.24311854469364624,1.6703303000148135,0.09188821503741584,0.0801851399026765,-0.011703075134739782,0.038151983999377415,0.005537806818083829,-0.05427281867096867,0.0040566792158744786,-0.0023639635464696163,1.7269138100970793,0.004145988855879142,2.989999999999995,1.0
no_mining,SI,3,0.017111690161838194,0.07195330000327951,3.2049206900523997,0.024925910543904323,0.027987258009633694,1.0080169320539674,114.81894914327492,0.06216468388576536,4.731373434857939,81.39000000000001,0.0224508831768012,-4.067993413850401,-2.6317379814708017,1.4362554323795993,-3.576005943467714,0.00798496718068422,4.743356532487845,,,0.04379842682398749,0.16132348743653369,0.03215033032372622,-0.10012548281248712,0.031927663515782564,0.0023920246266746423,5.379594385922674,0.021684523419371868,0.4399999999999977,1.0
no_mining,SI,4,-0.0015809648794164232,-0.006994398730525221,3.424132896049558,-0.0025657103088787213,0.030163096696714516,1.0511032935382105,113.49789265661123,0.058175383540222766,-2.1027613644009038,78.715,-0.002042677355950378,,,1.487074303563052,-3.5011360654926547,0.04984036826268922,4.731784269846987,,,0.05081887118345274,0.0748698779750594,0.041855401082005,-0.011572262640858533,-0.027491620852783043,-0.003989300345542596,-6.834134799258843,-0.018692655041254617,-2.6750000000000114,1.0
no_mining,SI,5,0.0020567476338090897,0.008421813906152067,3.094724003914323,0.0031753939723234534,0.028971097249353553,1.1075474551519102,107.25888315656826,0.050483246504544124,0.649706766039136,84.35,0.0027213457146743423,-6.1866293623672926,-4.776930045645149,1.4096993167221439,-3.5414565925521133,0.10214807091479594,4.675245381012859,,,-0.07737498684090816,-0.040320527059458655,0.05230770265210672,-0.05653888883412783,0.005741104281202175,-0.007692137035678642,2.7524681304400396,0.003637712513225513,5.634999999999991,1.0
no_mining,SK,3,0.07572484739683226,0.5825199355413444,6.692586456974656,0.11095856523713377,0.037426258543270974,0.9972198816399566,180.16200856872558,0.0337464405951969,-0.11149527977299716,81.02,0.08703958316956417,-2.580648937299229,-0.5403918700226005,2.0402570672766283,-3.2853827208311532,-0.0027839900666246802,5.1938564936942715,0.5365650127817734,0.35158529135564387,-0.18497972142613017,0.004910524633766844,-0.010964014395872638,-0.21399250487674149,0.03218873852946165,-0.0014466702692177216,1.473406347511905,0.03144448336676818,-1.4699999999999989,1.0
no_mining,SK,4,0.0756043855634281,0.5523595981472023,6.305920073694688,0.10730333691548924,0.04118022830004617,0.9905822382478402,153.27515747600728,0.0344810987242986,-1.32132371855676,77.9,0.08759381528658838,-2.582240987380915,-0.5935559988849808,1.9886849884959343,-3.189797033443365,-0.009462389285700566,5.032234721056525,-0.0015920500816859473,-0.05316412886238031,-0.05157207878069392,0.09558568738778828,-0.006678399219075886,-0.1616217726377469,-0.003655228321644527,0.0007346581291017007,-1.2098284387837628,-0.0001204618334041535,-3.1199999999999903,1.0
no_mining,SK,5,0.06376154619345446,0.43745911415388583,5.860861134493533,0.08658429484959353,0.04461460241031973,1.0232605816321612,131.97116727820702,0.03080082960152214,0.954094812977728,84.905,0.07464075741007792,-2.7526049945831916,-0.8267720309140522,1.9258329636691394,-3.109694065239388,0.022994177536183446,4.882583469016574,-0.17036400720227673,-0.23321603202907137,-0.06285202482679497,0.08010296820397711,0.03245656682188401,-0.14965125203995022,-0.020719042065895713,-0.0036802691227764625,2.2754185315344877,-0.011842839369973643,7.0049999999999955,1.0
no_mining,UK,2,0.0741759226561417,0.21232702004789594,1.8624789883933515,0.06921847345415467,0.02463126209843733,0.9962021256401927,75.83699735965908,0.06767752284597453,0.4527961067311524,,0.11400237069576698,-2.601315673972716,-1.549627645418564,1.051688028554152,-3.7037388258386468,-0.0038051045967936927,4.3285862653863445,-0.2569063280621857,-0.27790680537317103,-0.02100047731098509,0.16353761188698712,0.04284382276156524,-0.19833402720595572,-0.01697068920258707,-0.003695700753572187,2.6463371599190304,-0.021727908738766524,,1.0
no_mining,UK,3,0.07676543918979116,0.21563448531244173,1.8090047759554586,0.07120804642966533,0.027230369550054236,1.0075626615364208,66.45513324757664,0.08742799249316448,0.425839100525924,,0.119200616924049,-2.5670007506632397,-1.534170502309236,1.0328302483540035,-3.6034224009579967,0.007534207978038154,4.196527031951064,0.034314923309476164,0.015457143109327998,-0.01885778020014861,0.10031642488065007,0.011339312574831846,-0.1320592334352808,0.0019895729755106534,0.019750469647189947,-0.026957006205228395,0.002589516533649458,,1.0
no_mining,UK,4,0.07713998659663049,0.21291536769610583,1.760116731798941,0.06953882282391614,0.027992473841222117,0.981531485549002,62.88473310322274,0.09102671359371614,-2.846039283101182,,0.12096661763932784,-2.5621334999558885,-1.5468605269911502,1.0152729729647383,-3.5758195963227366,-0.01864118676944176,4.1413034172859735,0.004867250707351278,-0.012690024681914158,-0.017557275389265214,0.027602804635260103,-0.026175394747479916,-0.05522361466509018,-0.0016692236057491844,0.0035987211005516634,-3.2718783836271057,0.00037454740683932897,,1.0
no_mining,UK,5,0.07860243055285583,0.2187201586375489,1.7826131723811207,0.07175633282696223,0.02774614404431329,1.0229607910458363,64.21930558858931,0.08475922431554295,0.9858486689748999,,0.1226963662258784,-2.5433526569607605,-1.5199621807070673,1.0233904762536932,-3.5846584018026855,0.022701158811550003,4.162303875594332,0.018780842995127944,0.02689834628408283,0.008117503288954886,-0.008838805479948864,0.041342345580991764,0.021000458308358283,0.002217510003046083,-0.006267489278173194,3.8318879520760816,0.0014624439562253427,,1.0
no_mining,US,2,0.06717242423737635,0.21303642413969312,2.171486313890612,0.07260464242548517,0.04946184211621878,1.1619697057615415,43.870482940004116,0.06335867645165039,-0.1112056739825444,77.52218833333333,0.09810627070358997,-2.700492469281587,-1.5462921225417883,1.154200346739799,-3.0065537730167438,0.15011658731667085,3.781241723551634,-0.35594112177794157,-0.39161546112123125,-0.03567433934328923,0.1307506989009335,0.08374846434221966,-0.203779823349036,-0.02645351900107304,0.0058750730284445885,-0.15573490044727265,-0.028717789627566312,-5.7445266666666726,1.0
no_mining,US,3,0.07655489745793068,0.25997565531283057,2.395937607462611,0.08389038883227308,0.05521663288584317,1.261394994601335,43.3329004660779,0.05999810175135537,0.21706476884680467,77.55102500000001,0.10850685531337967,-2.5697471816821746,-1.347167285762681,1.222579895919494,-2.896491050691251,0.2322182471099506,3.768912172493224,0.1307452875994124,0.1991248367791072,0.06837954917969502,0.11006272232549286,0.08210165979327974,-0.012329551058409827,0.011285746406787908,-0.0033605747002950145,0.3282704428293491,0.009382473220554327,0.028836666666677502,1.0
no_mining,US,4,0.08999899366400159,0.3207054045784237,2.5634332287728867,0.09690881628840506,0.061283017213850925,1.2735518555636012,41.85654792257959,0.05936242203378106,-1.7694128105015128,76.45093,0.1251077660142313,-2.407956790225479,-1.1372323199821732,1.2707244702433058,-2.7922525182434237,0.24180973354328605,3.7342482464070117,0.16179039145669583,0.20993496578050785,0.048144574323811806,0.10423853244782721,0.009591486433335461,-0.03466392608621227,0.013018427456131978,-0.0006356797175743126,-1.9864775793483174,0.013444096206070913,-1.1000950000000103,1.0
no_mining,US,5,0.09482146490699672,0.3297819666662516,2.4779252460369605,0.10215129198231128,0.06370580243409028,1.2729477986441815,38.92302913083123,0.06550620011206053,-0.19759838656587836,77.207965,0.13308794007958244,-2.35575947228141,-1.1093235499566814,1.2464359223247283,-2.753479630535347,0.24133531217059792,3.661586083961155,0.0521973179440689,0.027908770025491858,-0.024288547918577486,0.03877288770807663,-0.000474421372688133,-0.07266216244585655,0.005242475693906221,0.006143778078279469,1.5718144239356344,0.004822471242995133,0.7570350000000019,1.0
tangible,AT,2,0.050633573056566045,0.2066925349504261,3.0821242206137907,0.06500643929516321,0.05314409692138595,1.0425973146226117,58.0049460153286,0.05127214638013602,0.3603692838223961,86.22999999999999,0.06706171463435184,-2.9831404235653354,-1.5765229283291444,1.4066174952361907,-2.9347482448705597,0.041715017694045196,4.060528283036972,0.17365977690800705,0.1859120993083443,0.012252322400336801,0.07645524596132391,0.019656675771034044,-0.06012831855243128,0.0058426340892074255,-0.0033134830772328927,0.7600532073367046,0.00807186068540569,0.7362499999999841,1.0
tangible,AT,3,0.0646228055818203,0.26792304139138357,3.145951866050763,0.07529935112048963,0.05640534346373947,1.0770527365986613,55.77360351983418,0.050018887211753384,0.4136354139891,85.22,0.08516438038440745,-2.7391879029107984,-1.3170554986966918,1.4221324042141064,-2.8751913827010047,0.07422836317661734,4.02130070226125,0.243952520654537,0.2594674296324526,0.015514908977915631,0.059556862169555025,0.03251334548257214,-0.03922758077572208,0.01029291182532642,-0.0012532591683826338,0.053266130166703896,0.013989232525254261,-1.009999999999991,1.0
tangible,AT,4,0.0484843814494851,0.2043050559934226,3.213832370044442,0.05655342114410354,0.05865034508569101,1.1397615659319948,54.82734283625062,0.04522500666070434,-1.41439251318647,83.91,0.06357053899192551,-3.0265135648715082,-1.5881410295772536,1.4383725352942547,-2.8361618200859637,0.13081908783969712,4.004189026382271,-0.28732566196070985,-0.27108553088056175,0.016240131080148323,0.03902956261504098,0.05659072466307978,-0.017111675878979327,-0.01874592997638609,-0.004793880551049047,-1.8280279271755702,-0.016138424132335204,-1.3100000000000023,1.0
tangible,AT,5,0.045820985467987206,0.18793681031795184,3.1015444866251016,0.053952323062774254,0.06004937647601878,1.1498822388610053,51.68158700211061,0.04244660729289512,0.6928954265877053,85.99499999999999,0.06059458799588344,-3.0830130948116556,-1.6716494879816493,1.4113636068300064,-2.8125881139235616,0.13965953614138912,3.9451015672480323,-0.0564995299401474,-0.08350845840439569,-0.027008928464248294,0.023573706162402175,0.008840448301692005,-0.05908745913423852,-0.0026010980813292867,-0.0027783993678092145,2.1072879397741753,-0.002663395981497896,2.0849999999999937,1.0
tangible,BE,2,0.015282759995254773,0.05398193063638185,2.5322108475918608,0.015802759164994684,0.06397729125630928,1.0255748208785238,39.60682580384319,0.05693953565821338,0.5638834386070867,81.105,0.021318102593122844,-4.181029883593329,-2.9191059062596865,1.2619239773336426,-2.7492270827076055,0.0252532562574327,3.6790014721905617,0.034064301962819954,0.013774385778225096,-0.02028991618459508,0.026841463013278943,0.0087853733815688,-0.05461588994639577,-0.00017069298285197348,-0.002444630859473787,0.6587727063812343,0.000511829501988522,0.04999999999999716,1.0
tangible,BE,3,0.019143130974016452,0.0675557762979,2.528982609459,0.019183625753236604,0.06677445862465944,1.048814974542518,37.9139663168108,0.052175727232999604,1.1757487069721646,80.28,0.02671262983194318,-3.9558113235760493,-2.6948017067899293,1.26100961678612,-2.7064346274744713,0.04766093115196143,3.63531954860865,0.22521856001727958,0.22430419946975722,-0.0009143605475225858,0.04279245523313424,0.022407674894528735,-0.0436819235819117,0.00338086658824192,-0.004763808425213775,0.6118652683650779,0.0038603709787616795,-0.8250000000000028,1.0
tangible,BE,4,0.006434136074805528,0.02196858662644083,2.4143801702398457,0.0063379816708743755,0.06627279160988352,1.068782413619654,36.44871409385173,0.05731742697111808,-0.35678813032930223,78.32000000000001,0.009099058589542037,-5.046137701056412,-3.818141726633123,1.227995974423289,-2.713975848978468,0.06652006934194184,3.595906179200036,-1.0903263774803627,-1.1233400198431935,-0.03301364236283111,-0.00754122150399672,0.018859138189980404,-0.03941336940861406,-0.012845644082362228,0.005141699738118476,-1.5325368373014667,-0.012708994899210924,-1.9599999999999937,1.0
tangible,BE,5,0.024256805129638615,0.08218662388566081,2.388188322675668,0.023248063595799118,0.06620632403177808,1.0408118506666393,36.0647569304151,0.06238841169306899,0.1758584424739307,80.7,0.0344137952209652,-3.719058077063544,-2.498762716613203,1.2202953604503406,-2.7149792914208586,0.04000103426455708,3.585316126169028,1.327079623992868,1.3193790100199196,-0.0077006139729483,-0.0010034424423905897,-0.026519035077384755,-0.010590053031008129,0.01691008192492474,0.005070984721950909,0.5326465728032329,0.01782266905483309,2.3799999999999955,1.0
tangible,CZ,2,0.07637559500155484,0.3964366520226877,4.190619490618922,0.08239834137507876,0.4572188258217991,0.9775141856882732,9.244809073367534,0.03129596224098996,-0.024655341536572402,84.28,0.09460096601711197,-2.572092070993001,-0.9252390185840021,1.6468530524089986,-0.7825931715710602,-0.022742475014850154,2.2240622127456335,-0.1643070362249408,-0.17946468872932553,-0.015157652504384833,0.22472603396790147,-0.001959693460649125,-0.23397614166565406,-0.015980900731080827,-0.0035087536222439195,1.199196650482407,-0.013638857808329088,3.2549999999999955,1.0
tangible,CZ,3,0.08985972145591217,0.4364419224161886,3.856924941953219,0.08565937824488801,0.5140414680763028,1.0205017925215167,7.515366189355893,0.03649512718901162,3.188346400002446,85.71000000000001,0.11315800254986716,-2.4095054751010796,-0.8290999654386753,1.5804055096624043,-0.665451339589951,0.02029445977922,2.0169497498096463,0.16258659589192126,0.09613905314532689,-0.06644754274659426,0.11714183198110928,0.043036934794070156,-0.20711246293598728,0.0032610368698092473,0.00519916494802166,3.2130017415390184,0.013484126454357329,1.4300000000000068,1.0
tangible,CZ,4,0.07619332486440535,0.3690680319604413,3.8438368140153965,0.07293143026198319,0.5613008856176183,1.0190658607929093,6.851890949779213,0.04421542837791968,-0.807128915042291,82.09,0.09601553078807756,-2.574481420331313,-0.9967742834789045,1.577707136852408,-0.5774981792379392,0.018886384922254335,1.9245246652417087,-0.1649759452302333,-0.16767431804022925,-0.0026983728099962967,0.08795316035201173,-0.0014080748569656638,-0.09242508456793752,-0.012727947982904816,0.007720301188908062,-3.995475315044737,-0.013666396591506827,-3.6200000000000045,1.0
tangible,CZ,5,0.08483594327760202,0.36942622474342696,3.3545955932214064,0.07635756423767266,0.569647024058681,1.0143590899653128,5.930860299904891,0.04022978609565782,2.1637312181158115,84.88000000000001,0.11012541287835778,-2.4670359665816184,-0.9958042209284568,1.4712317456531616,-0.5627383660091568,0.01425697459470672,1.780169278356438,0.1074454537496945,0.0009700625504477367,-0.10647539119924643,0.014759813228782392,-0.0046294103275476145,-0.14435538688527072,0.0034261339756894715,-0.003985642282261864,2.9708601331581024,0.008642618413196676,2.7900000000000063,1.0
tangible,DE,2,0.05060776057851758,0.1592142206104877,2.1460435868026204,0.052128773948433516,0.0513326195377516,0.9462951566657501,41.81957108262806,0.04702180337018512,-0.2238583635074003,84.115,0.07418964907777115,-2.983650343331916,-1.8375046841183722,1.146145659213544,-2.9694288704420293,-0.0552007536615931,3.733364437674053,0.0553465737456218,0.02505928174085459,-0.030287292004766986,0.07006077923391807,-0.029776891686945486,-0.11456988165349768,-0.0020061458387276854,-7.848648800942021e-05,0.5466712901342237,0.0027248646503779325,0.09499999999998465,1.0
tangible,DE,3,0.06709342344297495,0.2114775287198088,2.15198596028642,0.06289942587560413,0.052578432938942966,0.9520310564997672,40.91829580167439,0.0486556737341476,-0.1927509756269071,83.6,0.0982708682224219,-2.701669251089963,-1.553636533328102,1.148032717761861,-2.945449263491915,-0.0491576223491648,3.7115772931407562,0.2819810922419532,0.2838681507902703,0.0018870585483170554,0.023979606950114363,0.006043131312428299,-0.021787144533296665,0.01077065192717061,0.0016338703639624808,0.031107387880493192,0.016485662864457365,-0.5150000000000006,1.0
tangible,DE,4,0.05988605605660442,0.18208824640785445,2.0405783649493343,0.054666937442366885,0.052038791672759904,0.9739718511941857,39.260547498673326,0.04764422873620866,-0.15767213160645524,83.275,0.08923364548774658,-2.8153115879948256,-1.7032638390441706,1.1120477489506548,-2.955765844808788,-0.0263728759685294,3.6702201342088805,-0.1136423369048627,-0.14962730571606864,-0.035984968811206164,-0.010316581316872853,0.0227847463806354,-0.04135715893187575,-0.00823248843323724,-0.00101144499793894,0.03507884402045186,-0.007207367386370525,-0.32499999999998863,1.0
tangible,DE,5,0.06320701547391834,0.18271537818632597,1.8907452252941988,0.05681395692482701,0.05089743310591082,0.9970652688806416,37.167593267329025,0.041628590807369,1.1568619813683338,85.505,0.09663669950979015,-2.7613399796556997,-1.699825647348819,1.0615143323068807,-2.9779427868365786,-0.0029390458865853836,3.6154372328808178,0.053971608339125954,0.0034381916953516445,-0.05053341664377409,-0.022176942027790858,0.023433830081944017,-0.05478290132806274,0.0021470194824601274,-0.006015637928839662,1.3145341129747892,0.003320959417313918,2.2299999999999898,1.0
tangible,DK,2,0.05898203470331253,0.23436425299184033,2.9734853870457956,0.07011085661654037,0.47827225633197373,1.0791076685605163,6.223522873761244,0.04731648890319218,0.5391877414994976,81.82000000000001,0.07881802749489376,-2.830522377998931,-1.4508787372102654,1.3796436407886659,-0.7375751347200747,0.07613446680333104,1.8283361248375742,-0.0668205390011094,-0.091650782142491,-0.024830243141381603,-0.033097644365382095,0.07975521650816957,-0.0007131256655985574,-0.009249684606465594,-0.0013363867937033272,0.30239454201573074,-0.004075870848268583,-1.269999999999996,1.0
tangible,DK,3,0.05341605882662809,0.20743694770602844,2.8834191863406518,0.0594966510695647,0.4854400044395605,1.1437172292295676,5.9455270727042935,0.05530369536977645,0.7667956056994278,83.115,0.07194130797516358,-2.929643851134902,-1.572927851965128,1.3567159991697741,-0.7226995736765336,0.13428368515739422,1.7826391843632714,-0.09912147313597108,-0.12204911475486258,-0.022927641618891714,0.014875561043541152,0.058149218354063184,-0.04569694047430284,-0.010614205546975675,0.007987206466584275,0.2276078641999303,-0.005565975876684441,1.2949999999999875,1.0
tangible,DK,4,0.05965752267046764,0.2326252388755261,2.899344600017778,0.06506051490113961,0.5231750462617915,1.0946805878048944,5.543348266941349,0.05917142273629363,-2.1126842303555926,78.195,0.0802337324352889,-2.819135024886622,-1.4583265371507121,1.3608084877359097,-0.6478391744303272,0.090462620080759,1.7125986985092883,0.11050882624828029,0.11460131481441582,0.004092488566135533,0.07486039924620635,-0.04382106507663522,-0.07004048585398315,0.005563863831574908,0.003867727366517179,-2.8794798360550207,0.0062414638438395495,-4.920000000000002,1.0
tangible,DK,5,0.07032573115192227,0.26563057103521637,2.7771462405614207,0.07394606511701758,0.5221783676645565,1.0970273276523508,5.321305743570166,0.05629416353148238,1.8798562849903682,80.41,0.09564875164136737,-2.654617527903458,-1.3256487662143428,1.3289687616891155,-0.6497460489590078,0.09260409224293212,1.671718713758664,0.16451749698316398,0.13267777093636934,-0.03183972604679419,-0.0019068745286805466,0.0021414721621731136,-0.040879984750624265,0.008885550215877974,-0.0028772592048112514,3.9925405153459606,0.010668208481454632,2.2150000000000034,1.0
tangible,EE,3,0.1086440306479292,0.4846913065057535,3.461278761614059,0.1260325719366119,0.016142361012070252,0.900704543817554,218.75394305275532,0.05483741301760342,5.372030626498858,72.405,0.14003243884342123,-2.219678514903336,-0.7242430721163854,1.4954354427869507,-4.126308343562961,-0.10457799544269765,5.387947550459293,-0.19487872402813844,-0.18557603036988435,0.009302693658254535,0.44363533644456776,-0.07503936598912322,-0.42423114601630374,-0.008417922945522127,0.00514971272121896,2.758396039244082,-0.023376241557301905,-0.05500000000000682,1.0
tangible,EE,4,0.09278050209799431,0.4482744395852645,3.831558672875031,0.11728395299049535,0.023033666324095287,0.7703457311834662,166.73234520581227,0.052532279711229576,-3.448578625746335,71.01500000000001,0.11699532171039397,-2.377518767968135,-0.8023496457628436,1.5751691222052915,-3.7707983800739466,-0.26091586336846545,5.116389803363279,-0.1578402530647991,-0.07810657364645823,0.07973367941834075,0.3555099634890144,-0.15633786792576781,-0.271557747096014,-0.00874861894611656,-0.002305133306373844,-8.820609252245193,-0.01586352854993489,-1.3899999999999864,1.0
tangible,EE,5,0.06649404610771391,0.29755136679034644,3.4748572873478336,0.08605601227444297,0.02508927223102563,0.7757479794793087,139.9375065498372,0.049673491559324025,1.7278231650423166,73.38499999999999,0.08562980927986569,-2.710642867543405,-1.2121684074205743,1.4984744601228308,-3.6853149253606627,-0.2539275802599286,4.941195941164419,-0.33312409957527,-0.4098187616577307,-0.07669466208246067,0.08548345471328389,0.00698828310853683,-0.17519386219886002,-0.03122794071605238,-0.0028587881519055516,5.176401790788652,-0.0262864559902804,2.369999999999976,1.0
tangible,EL,2,0.15945973793336865,0.5465821218413487,2.4277124051824406,0.1446136042276282,0.013502707804991153,1.013764443678131,181.86369616365982,0.04331860653853993,0.36663358604805857,77.015,0.22514286316392304,-1.8359638153722722,-0.604070713960611,1.2318931014116612,-4.304865035503368,0.013670574117263062,5.20325748431679,-0.28273719652146156,-0.29305389515181185,-0.01031669863035023,0.23622751120237417,0.02693817578011834,-0.24392677837887788,-0.03196089660342505,-0.022640901035379538,1.383736938650485,-0.05210449625678387,1.4200000000000017,1.0
tangible,EL,3,0.13442961014902102,0.45092062038887076,2.3543251363223154,0.12768322307438215,0.016038611929126978,0.9990792312515703,146.55467516397908,0.04580049882282724,5.295862132612836,74.35,0.19152860980503847,-2.0067145615497797,-0.7964639629776241,1.2102505985721552,-4.132756218372758,-0.000921192916367475,4.987398568142288,-0.17075074617750752,-0.19239324901701316,-0.021642502839505973,0.17210881713061,-0.014591767033630536,-0.21585891617450237,-0.01693038115324605,0.0024818922842873084,4.929228546564778,-0.025030127784347628,-2.6650000000000063,1.0
tangible,EL,4,0.07057751101212557,0.25754744977539057,2.6491432764063134,0.07594578882167947,0.018422996087132857,0.9115838560475737,145.03091144019098,0.04595814791042596,-6.379477665076151,66.65,0.09721914706129663,-2.651043726132608,-1.356551304881766,1.2944924212508422,-3.994155607357123,-0.09257169123695533,4.976946902046592,-0.6443291645828282,-0.5600873419041418,0.08424182267868696,0.1386006110156348,-0.09165049832058786,-0.0104516660956957,-0.05173743425270268,0.0001576490875987227,-11.675339797688988,-0.06385209913689545,-7.699999999999989,1.0
tangible,EL,5,0.10003701967376857,0.35677990120045877,2.5664787132199276,0.09727471456486372,0.01617377578139822,0.8627502100089608,158.65544730617893,0.05318826556718752,-2.2566836541530315,69.2,0.13901533621248682,-2.302214964762266,-1.03063621057912,1.2715787541831454,-4.124364127308133,-0.14763007358595967,5.066734852808048,0.348828761370342,0.32591509430264587,-0.02291366706769682,-0.1302085199510099,-0.05505838234900434,0.08978795076145563,0.02132892574318425,0.007230117656761556,4.122794010923119,0.029459508661643,2.549999999999997,1.0
tangible,ES,2,0.10376362848422639,0.41351593435542183,2.985172265041622,0.11127055550461926,0.030928467193790585,1.0344919463958113,96.30420881419624,0.045776731582843205,2.944396182868696,79.48,0.13852330707945132,-2.2656397696140425,-0.883059229939402,1.3825805396746405,-3.4760782507782566,0.03391043315219187,4.567512023084716,-0.04089194809494412,0.001275522659409667,0.042167470754353786,0.0069431044181405,0.03676435992399679,0.046921099809421385,-0.009652486775882499,-0.000422190490482352,4.4879379060530065,-0.004331045864577027,0.14500000000001023,1.0
tangible,ES,3,0.08958201030461328,0.38127557708470766,3.256162323085005,0.09897522982889438,0.03367137492266195,1.059135282660395,96.83424271779565,0.04978420907944652,2.476713203925512,78.39499999999998,0.11709354118546324,-2.4126007570101216,-0.9642328658754782,1.4483678911346434,-3.3911072113989946,0.057452804126582026,4.5730006788134485,-0.1469609873960791,-0.08117363593607618,0.06578735146000292,0.08497103937926198,0.02354237097439016,0.005488655728732361,-0.012295325675724875,0.004007477496603316,-0.4676829789431838,-0.014181618179613109,-1.0850000000000222,1.0
tangible,ES,4,0.0641307910902942,0.28953368476347546,3.514737458264329,0.08120173601863488,0.04152704168796417,1.0275565244431644,84.62783660949921,0.04001101967671894,-5.652132851608188,73.075,0.08237704471572535,-2.7468306701685523,-1.2394836337689743,1.5073470363995782,-3.181410457010213,0.02718367749868638,4.43826325042841,-0.33422991315843076,-0.2752507678934961,0.05897914526493486,0.20969675438878177,-0.030269126627895646,-0.13473742838503888,-0.0177734938102595,-0.009773189402727582,-8.1288460555337,-0.025451219214319087,-5.319999999999979,1.0
tangible,ES,5,0.0749785927817246,0.326965482027185,3.360784457225504,0.09057520363086673,0.0413556054345391,1.000373956315477,81.29867242941009,0.039006647449885,-0.5464003526814791,78.905,0.09728844148997029,-2.5905526357656066,-1.117900673206578,1.4726519625590286,-3.1855473060097728,0.00037388641124092134,4.398129687138892,0.15627803440294574,0.12158296056239637,-0.034695073840549595,-0.004136848999559906,-0.02680979108744546,-0.04013356328951723,0.009373467612231845,-0.001004372226833937,5.105732498926709,0.010847801691430403,5.829999999999998,1.0
tangible,FI,2,0.10608404563592637,0.3448134237633852,2.250379656020687,0.09262531474615907,0.03955292065168964,1.076929544615955,56.9433897570791,0.02965751748622026,1.5267285790518788,83.50500000000001,0.1532245560614042,-2.24352361567823,-1.0647518089220513,1.1787718067561783,-3.230115740423236,0.07411397785050303,4.042057612165723,0.29714909880889184,0.2061232815409091,-0.0910258172679832,-0.04607552503178125,0.0549613131779581,-0.08510425493871754,0.013519838971133846,-0.007021121190040017,2.497589500412736,0.027270682573649854,-2.454999999999984,1.0
tangible,FI,3,0.09902046794471532,0.3035483189880564,2.0655108513275477,0.07978615375957199,0.037939279235900146,1.1981725194788129,54.47130827823729,0.029964958660886436,2.8280936203403737,81.87,0.14696040874970928,-2.312428703300429,-1.1922144752630428,1.1202142280373866,-3.271768312128044,0.18079749556810262,3.997674109433516,-0.06890508762219927,-0.12746266634099146,-0.05855757871879175,-0.04165257170480796,0.1066835177175996,-0.04438350273220726,-0.012839160986587078,0.00030744117466617593,1.301365041288495,-0.007063577691211048,-1.6350000000000051,1.0
tangible,FI,4,0.057601328091835984,0.17029241218120741,1.9563973231607392,0.04763363572129318,0.038448272748764376,1.2384411010542713,50.882819362757395,0.029207064080549138,-1.970496223024469,78.38499999999999,0.08704387915747319,-2.8542096543961732,-1.7702382479067857,1.0839714064893873,-3.2584415060482366,0.21385341213840178,3.929525329500558,-0.5417809510957441,-0.5780237726437429,-0.03624282154799929,0.013326806079807518,0.03305591657029916,-0.06814877993295809,-0.03215251803827881,-0.0007578945803372976,-4.798589843364843,-0.04141913985287934,-3.4850000000000136,1.0
tangible,FI,5,0.07546416909327656,0.2231987404711501,1.9576783677995322,0.062219492276227036,0.0389726596183492,1.2295390281559275,50.22088679034749,0.03219357759914997,-0.19751803887410607,80.85499999999999,0.11401195627554987,-2.584097316922628,-1.499692691541306,1.0844046253813222,-3.244894914119671,0.20663932528208342,3.9164310116847965,0.27011233747354524,0.2705455563654797,0.0004332188919349278,0.013546591928565554,-0.007214086856318358,-0.013094317815761425,0.014585856554933857,0.0029865135186008286,1.772978184150363,0.01786284100144058,2.469999999999999,1.0
tangible,FR,2,0.05435078029385049,0.12359234073569779,1.27397546212748,0.03870222288786009,0.02670693510832454,1.0992921993544542,47.69792656139363,0.036424310963738674,1.0744283064851556,85.19000000000001,0.0970131249853936,-2.9122963086854012,-2.090766704036437,0.8215296046489642,-3.622832005418202,0.09466651756590977,3.864887928634922,0.06610926698349928,0.06884083628146564,0.002731569297966363,0.029721938472085707,0.0826496642390235,-0.02539318776202526,0.0007044916826105807,-0.0009964169802562234,2.1275455013354643,0.0034768965019748507,1.825000000000017,1.0
tangible,FR,3,0.039406401590392,0.09202622800526858,1.335311631897551,0.028527493472361595,0.027114228763703816,1.2367767560232275,49.21045201709806,0.03713625613765838,0.6289305154646164,83.2,0.06891741658424279,-3.2338269989626904,-2.385681655548889,0.848145343413802,-3.607696642254099,0.21250860503213723,3.8961060403081262,-0.3215306902772892,-0.29491495151245184,0.026615738764837804,0.015135363164103133,0.11784208746622746,0.03121811167320443,-0.010174729415498497,0.0007119451739197036,-0.4454977910205392,-0.014944378703458487,-1.990000000000009,1.0
tangible,FR,4,0.016585562722877378,0.038935208726655485,1.347536190192089,0.012555402591843632,0.027259057160749948,1.3368643684339718,49.46205550079425,0.042408750536810494,-0.8576126753307143,81.28,0.028893627503321702,-4.099222677530899,-3.2458563290671982,0.8533663484637012,-3.602369440224953,0.2903268482723526,3.901205820081206,-0.8653956785682086,-0.8601746735183093,0.005221005049899197,0.005327202029146161,0.07781824324021538,0.005099779773079849,-0.015972090880517965,0.005272494399152117,-1.4865431907953308,-0.022820838867514622,-1.9200000000000017,1.0
tangible,FR,5,0.009622584123038016,0.02238543024232926,1.3263428987578225,0.007319441751145927,0.028034223553445224,1.3524508236672408,47.292716655698484,0.039242238328837595,1.0505511738863542,84.17499999999998,0.016877558784605534,-4.643642430517955,-3.799344967356456,0.8442974631614988,-3.5743292454046127,0.30191837149687567,3.8563563017323332,-0.5444197529870562,-0.5534886382892577,-0.0090688853022024,0.028040194820340147,0.01159152322452306,-0.04484951834887285,-0.005235960840697705,-0.003166512207972899,1.9081638492170685,-0.006962978599839362,2.894999999999982,1.0
tangible,HU,2,0.04191301071787441,0.24197499795550112,4.773266911897297,0.07525330212165227,2.3452442431952583,0.9753564088733537,2.06815271723931,0.046280615338130285,2.484644808104332,81.405,0.05069379157331052,-3.1721589819285243,-1.4189208723962001,1.7532381095323242,0.8523895513552069,-0.024952327218108347,0.726655801714206,0.3879475282421754,0.2585402800356902,-0.12940724820648541,0.051731602793705256,-0.021026465961900075,-0.19094820044150307,0.018041618645891516,-0.009109629887526512,3.1497211957907787,0.01347721486645951,2.1424999999999983,1.0
tangible,HU,3,0.05355108668129747,0.28949728262292473,4.406002017210804,0.08920657014583479,2.646977652550941,0.9453293198821691,1.660776537404217,0.057986968548428,3.069338967613652,81.995,0.06570520882470894,-2.9271191894595896,-1.2396093684624503,1.6875098209971393,0.9734184806520687,-0.056221925547964804,0.5072852866041265,0.2450397924689347,0.17931150393374984,-0.06572828853518486,0.12102892929686182,-0.03126959832985646,-0.21937051511007943,0.013953268024182522,0.011706353210297712,0.5846941595093198,0.011638075963423054,0.5900000000000034,1.0
tangible,HU,4,0.04994225149864527,0.2853855477906069,4.714310813527264,0.08893256770200929,2.9135452941349267,0.9200071454900766,1.6182968757743204,0.057560415296021364,-3.018485591449718,77.945,0.06053600602058743,-2.9968879110729723,-1.2539142136567245,1.742973697416248,1.0693706537766747,-0.08337384213217304,0.48137428497857243,-0.06976872161338266,-0.014304845194274218,0.05546387641910866,0.09595217312460602,-0.027151916584208236,-0.025911001625554098,-0.00027400244382549954,-0.00042655325240663344,-6.08782455906337,-0.0036088351826521967,-4.050000000000011,1.0
tangible,HU,5,0.0733695592541943,0.42211409143498985,4.753259195309379,0.12306491733969399,2.713723522857601,1.0039361537209663,1.7501628319866995,0.0482186601346589,1.8778022320903112,82.995,0.08880519115211333,-2.6122461534407715,-0.8624796426358066,1.7497665108049647,0.9983216855004376,0.0039284273360980235,0.5597088304563757,0.38464175763220076,0.39143457102091794,0.006792813388716734,-0.07104896827623708,0.08730226946827106,0.07833454547780322,0.0341323496376847,-0.009341755161362465,4.896287823540029,0.023427307755549034,5.050000000000011,1.0
tangible,IE,2,0.1534116785458826,0.44932153536384517,1.928861346298752,0.11507948300186488,0.024963809088838725,0.8841806289488444,77.83917393337234,0.11073271780970587,2.3533887002060467,77.87,0.23294651853853465,-1.8746302616177324,-0.8000165331313583,1.074613728486374,-3.6903281393983742,-0.12309390582721334,4.35464482545469,0.006149256272842019,0.0507818040221546,0.04463254774931236,0.31325790990752056,-0.10763516242184523,-0.25149938140889283,0.003519821001753118,0.014578971561433285,-0.6945959640347512,0.0009404731578577241,-0.3850000000000051,1.0
tangible,IE,3,0.13189421799467027,0.40942590837704734,2.1041990665094343,0.0999977066650679,0.03574679984940033,0.7844121215111732,59.194035240831184,0.12649906685251608,1.4169100660916902,75.16,0.19457565346050001,-2.0257550564996887,-0.8929993239833505,1.1327557325163382,-3.331294528550889,-0.24282073155245482,4.080820780746686,-0.1511247948819563,-0.09298279085199213,0.05814200402996428,0.3590336108474852,-0.11972682572524147,-0.2738240447080038,-0.015081776336796984,0.015766349042810213,-0.9364786341143565,-0.021517460551212342,-2.710000000000008,1.0
tangible,IE,4,0.1218146750004133,0.45451528274405084,2.731203015913384,0.10987747451709495,0.0562424159405973,0.739876821671008,48.50091553173955,0.11962858081316805,-2.504640219363134,77.44,0.16641578091991427,-2.105254446559953,-0.7885237405304728,1.3167307060294804,-2.878084074710397,-0.30127156384079967,3.881582674708354,-0.0794993900602643,0.10447558345287766,0.18397497351314218,0.4532104538404922,-0.058450832288344856,-0.19923810603833214,0.009879767852027058,-0.006870486039348034,-3.921550285454824,-0.010079542994256965,2.280000000000001,1.0
tangible,IE,5,0.11241310132016996,0.5827751704083928,4.184228204402604,0.12706950969110065,0.08556893762268283,0.7410358979156852,48.7136733599796,0.08844555578147414,3.767357601230234,77.88499999999999,0.13927901202788184,-2.1855747885271217,-0.5399538095350437,1.645620978992078,-2.458432939930368,-0.29970620962913797,3.885959757826197,-0.08032034196716875,0.24856993099542912,0.32889027296259754,0.4196511347800289,0.001565354211661707,0.004377083117843128,0.017192035174005693,-0.0311830250316939,6.271997820593368,-0.009401573680243344,0.4449999999999932,1.0
tangible,IT,2,0.09196817395092581,0.3188624843334875,2.4670959597787867,0.07943555445703547,0.03365812099364669,1.0259490415157184,73.30193259061852,0.05027085115902012,0.5498187813433059,76.63,0.12924608103289117,-2.386312697098545,-1.14299535273462,1.2433173443639252,-3.3915009149016297,0.02561807837644861,4.2945869740377915,-0.07665045283181815,-0.042689217854696926,0.033961234977121446,0.06139137053918198,0.026404826134972196,-0.01322981044347582,-0.008684932625158959,0.00384717595918032,2.7710937620085816,-0.007326609327972425,-0.23999999999999488,1.0
tangible,IT,3,0.06101626969197656,0.21934038340739656,2.594785202613576,0.055801046231276734,0.035553124064529644,1.0852234316927007,72.91539564651869,0.05366184792204528,-0.40522738020908344,74.55499999999999,0.08453122947767228,-2.796614734109374,-1.5171304936466938,1.27948424046268,-3.3367272485480957,0.08178589361957221,4.289299805284232,-0.41030203701082923,-0.3741351409120739,0.0361668960987549,0.05477366635353409,0.0561678152431236,-0.005287168753559612,-0.023634508225758737,0.0033909967630251572,-0.9550461615523893,-0.030951904258949253,-2.075000000000003,1.0
tangible,IT,4,0.03860713431372029,0.14441368226254295,2.7405957429795795,0.03866426388182911,0.03810380044694325,1.139869303817537,71.90630433870709,0.0553078645402119,-4.528036289541372,72.16,0.05269426643184383,-3.2543181928093987,-1.9350733045014616,1.319244888307937,-3.267441252560506,0.1309136100599846,4.275363942923588,-0.4577034587000246,-0.4179428108547678,0.03976064784525701,0.06928599598758955,0.049127716440412375,-0.013935862360644258,-0.017136782349447627,0.0016460166181666222,-4.122808909332289,-0.02240913537825627,-2.394999999999996,1.0
tangible,IT,5,0.050768347845760765,0.1806000866894412,2.5573363001317677,0.04942012974905819,0.03636732421954778,1.1216608864040487,70.33795425497968,0.05267922335243121,-2.500237666866524,76.78999999999999,0.07062038992686871,-2.9804821924912597,-1.7114701579913871,1.2690120344998725,-3.31408459377722,0.11481052113510892,4.253311542957554,0.27383600031813904,0.2236031465100745,-0.050232853808064526,-0.046643341216713985,-0.016103088924875664,-0.02205239996603403,0.010755865867229084,-0.002628641187780688,2.0277986226748483,0.012161213532040478,4.6299999999999955,1.0
tangible,JP,2,0.021574655086412976,0.0831589398486964,2.8544736643816493,0.02810726305520095,7.8719990818070835,1.0085516361111526,0.3627798596619763,0.05746896244083386,-1.1276681152727952,,0.02913284536002567,-3.8362360288652098,-2.4870015644057597,1.34923446445945,2.063312043109585,0.008515278004880987,-1.0139590758929633,1.3923501155593336,1.4844001438874908,0.09205002832815756,0.1384533325402788,0.006507862981972566,-0.011871991995549003,0.021205915624106213,0.005956068094600767,0.17244447253866002,0.016213555318817588,,1.0
tangible,JP,3,0.02222067436295534,0.09166457673434582,3.1251932878851867,0.028417417995117624,8.474747727745708,1.092145974874565,0.3689053179715701,0.05535010466480987,0.3027750769285339,,0.02933085037961767,-3.806732145863259,-2.3896192695052645,1.417112876357994,2.137090886185804,0.08814454501384894,-0.9972152587296312,0.029503883001950726,0.09738229490049521,0.06787841189854404,0.07377884307621896,0.07962926700896795,0.016743817163332064,0.0003101549399166757,-0.00211885777602399,1.430443192201329,0.0006460192765423631,,1.0
tangible,JP,4,0.02090459838471722,0.09211885246365092,3.4066310563993665,0.02729068685092547,8.918159429983882,1.1563454014547319,0.38195417966373524,0.04619349476643686,-0.14304545040390698,,0.02704104170324092,-3.8677861258043493,-2.3846756610802013,1.4831104647241482,2.188089583370435,0.14526451580704194,-0.9624546260942147,-0.0610539799410903,0.00494360842506314,0.0659975883661541,0.05099869718463079,0.057119970793193,0.03476063263541651,-0.0011267311441921536,-0.009156609898373011,-0.4458205273324409,-0.0013160759782381189,,1.0
tangible,JP,5,0.025160393197694288,0.11066286833324182,3.3982964599846963,0.032521309328300836,9.120806431394165,1.1581986449967265,0.37259897546473064,0.04127838598962906,1.6986724201741854,,0.03256421846543082,-3.682484219382731,-2.201266921612765,1.4812172977699662,2.210558224671999,0.1468659058872021,-0.9872525705105103,0.18530190642161815,0.1834087394674362,-0.0018931669541819574,0.02246864130156423,0.0016013900801601644,-0.02479794441629557,0.005230622477375366,-0.0049151087768078,1.8417178705780923,0.004255794812977068,,1.0
tangible,LT,2,0.14694897942894186,0.8237730628745547,4.605844056051409,0.22684620749797682,0.010462837308551038,0.7442005273037667,447.5972913335105,0.024879200651607557,1.0819436692463433,62.675,0.1788538762601475,-1.9176698311638394,-0.19386019613754732,1.723809635026292,-4.559925603920304,-0.2954447545187147,6.103893924885748,0.3752633832107797,0.3965164070014725,0.021253023790692493,0.2627370058133085,-0.14612872701572818,-0.26615127953857076,0.06771085842425786,0.0011565440756737752,,0.045979118606773575,13.555,1.0
tangible,LT,3,0.13807822388872468,0.6579887762664499,3.7653334301049086,0.19731646986332316,0.01311602553658887,0.7392899972588208,292.024782816072,0.03554772420224714,3.8203601337270228,69.97,0.17474913934730005,-1.9799349146445453,-0.4185674051481188,1.5613675094964266,-4.333920473021692,-0.3020650165270881,5.676838671324583,-0.06226508348070592,-0.22470720901057148,-0.16244212552986537,0.22600513089861174,-0.006620262008373401,-0.42705525356116514,-0.029529737634653663,0.010668523550639582,2.7384164644806797,-0.008870755540217184,7.295000000000002,1.0
tangible,LT,4,0.14765509018546652,0.7434763918001164,4.035223579940597,0.21801608894380237,0.016410999209037505,0.680169803725889,247.0672749937982,0.02985007769408552,-5.58919766392138,70.98499999999999,0.18424664137471689,-1.9128761967134564,-0.29641826637675533,1.616457930336701,-4.1098034854817405,-0.3854128006230759,5.509660667938384,0.06705871793108886,0.12214913877136346,0.05509042084027449,0.22411698753995157,-0.08334778409598781,-0.1671780033861987,0.02069961908047921,-0.005697646508161618,-9.409557797648402,0.009576866296741843,1.0149999999999864,1.0
tangible,LT,5,0.12392065082886335,0.5486307517751645,3.4272746156960827,0.17483513399561304,0.017880749608239734,0.69583036138703,193.97772915950875,0.027011234370494443,0.10817218099641188,76.39500000000001,0.16007784998102262,-2.0881138308790574,-0.6003296470457117,1.4877841838333457,-4.024030585717377,-0.36264938199491287,5.2677433543266545,-0.175237634165601,-0.30391138066895634,-0.1286737465033554,0.08577289976436386,0.022763418628163057,-0.2419173136117294,-0.043180954948189326,-0.002838843323591078,5.697369844917792,-0.023734439356603174,5.410000000000025,1.0
tangible,LU,2,0.14284471707858795,0.5036175101685715,2.5256292319967253,0.09916813073394028,0.06070084824982714,0.9549673314822276,41.748938329869354,0.2332498006105511,0.8821377236051138,84.905,0.19940278794224237,-1.9459971332882164,-0.6859382074232152,1.2600589258650012,-2.801797606552594,-0.04607814695852242,3.73167402174885,-0.12103334918836461,-0.11344948609451888,0.007583863093845844,0.09169239238427096,-0.013449834271408785,-0.07816344806788234,-0.03362050719627159,0.0020815369575163667,1.6073296307554963,-0.018378765799017843,2.8900000000000006,1.0
tangible,LU,3,0.18329803723159355,0.6135405845694678,2.347229429381565,0.10065180252549188,0.06517543111249992,0.8478935550717669,36.155888980788305,0.2828088063411734,0.4869742281161134,79.96000000000001,0.2613892689352996,-1.6966418321501993,-0.4885088645016823,1.2081329676485169,-2.7306727044932337,-0.16500017574863607,3.587839839370224,0.24935530113801718,0.1974293429215329,-0.05192595821648438,0.07112490205936028,-0.11892202879011365,-0.143834182378626,0.0014836717915516079,0.0495590057306223,-0.39516349548900037,0.040453320153005595,-4.944999999999993,1.0
tangible,LU,4,0.18684488959323645,0.6440455883742922,2.4469531908332476,0.0971783148225451,0.07485805370708426,0.7590417851285,32.69433588409336,0.27740892972841047,-1.1671411372134914,73.725,0.26320306852906283,-1.6774764737418426,-0.43998576598216005,1.2374907077596828,-2.5921615759477072,-0.27569845023163686,3.4872018483461145,0.019165358408356648,0.048523098519522245,0.029357740111165986,0.1385111285455265,-0.11069827448300079,-0.10063799102410975,-0.0034734877029467814,-0.005399876612762922,-1.6541153653296048,0.0035468523616428993,-6.235000000000014,1.0
tangible,LU,5,0.16039462991998193,0.5689995938481276,2.547497781764835,0.07540042966109857,0.07956173283325958,0.759787119480283,32.07761794253316,0.26430278156750886,0.5764599470885517,77.58500000000001,0.22335626665548677,-1.8301180634120255,-0.5638755586554851,1.2662425047565402,-2.5312220450266683,-0.2747169908857543,3.4681585265796895,-0.15264158967018293,-0.12388979267332506,0.02875179699685737,0.06093953092103899,0.0009814593458825627,-0.01904332176642498,-0.021777885161446534,-0.01310614816090161,1.743601084302043,-0.02645025967325451,3.8600000000000136,1.0
tangible,LV,2,0.07646009974111498,0.7070229594450154,8.246953140774247,0.14089586697721576,0.012366590491252244,0.896520909322458,677.1911831695553,0.0374455013511231,0.5370420921571982,66.255,0.08573141466627009,-2.5709862462272115,-0.34669213915030883,2.224294107076903,-4.392756757792844,-0.10923366292677128,6.517953630637242,0.9895691266602085,0.7301579194404109,-0.2594112072197974,-0.005116078390847711,-0.12992974038433916,-0.27371694126822277,0.05635661214874063,0.0005727093960439175,2.432638224187033,0.048037064794116666,11.469999999999992,1.0
tangible,LV,3,0.07248392915981468,0.4701095463224843,5.485707270172579,0.10718290235735388,0.014122052840924234,0.9082054305039913,396.52772726591013,0.05018418574264218,7.875299759070908,67.42,0.08569716231097668,-2.6243904084543925,-0.754789534154441,1.8696008742999515,-4.260017672149887,-0.09628468092194659,5.982745968682647,-0.05340416222718103,-0.4080973950041322,-0.3546932327769514,0.13273908564295667,0.012948982004824694,-0.5352076619545949,-0.03371296461986188,0.012738684391519081,7.3382576669137105,-0.003976170581300301,1.1650000000000063,1.0
tangible,LV,4,0.06858834109275976,0.480383854397847,6.003870435474881,0.09918561743120381,0.017684685291936474,0.8626313411343405,341.66558475323563,0.04219238914508856,-6.36181063142819,69.05499999999999,0.08001236195228631,-2.6796327136103093,-0.7331697980050246,1.9464629156052848,-4.035056251680288,-0.147767862093933,5.8338324363234895,-0.05524230515591677,0.02161973614941648,0.07686204130533336,0.2249614204695991,-0.051483181171986414,-0.14891353235915794,-0.007997284926150067,-0.00799179659755362,-14.237110390499097,-0.0038955880670549226,1.634999999999991,1.0
tangible,LV,5,0.05290700187642212,0.2799044198307489,4.290498608946647,0.07550231099396812,0.016857176013472856,0.8749246768434402,256.6778630204774,0.04181500777521144,1.2613845491363533,74.185,0.06523820314195783,-2.939219588263882,-1.273307091836031,1.6659124964278509,-4.082978836672788,-0.1336174799374259,5.547821847385905,-0.2595868746535728,-0.5401372938310064,-0.28055041917743395,-0.04792258499249957,0.014150382156507102,-0.28601058893758413,-0.023683306437235693,-0.000377381369877125,7.623195180564544,-0.015681339216337638,5.13000000000001,1.0
tangible,MT,3,0.14738700704176957,0.5708132319903728,2.87288705732795,0.1475456291595485,0.019887181917102897,0.9481548108733617,144.49156525830375,0.09048565305770102,,78.41,0.198689757237196,-1.9146934507256337,-0.5606932121653586,1.354000238560275,-3.9176798795578724,-0.05323748745050348,4.973221133933928,0.17743927768866974,0.12812437022938594,-0.04931490745928402,-0.011118890535712023,-0.047049008120305144,-0.0572867494566589,-0.007343351197604847,0.0417243794435767,,0.02396338119587263,7.134999999999991,1.0
tangible,MT,4,0.17558832167198332,0.6441448410638964,2.6684947776152446,0.143697357922017,0.021652785737721288,0.8974387307028493,123.74952076828188,0.10307811590864754,,77.005,0.24138883331057134,-1.7396131052775283,-0.4398316696815939,1.2997814355959345,-3.8326211613228227,-0.10821042757632707,4.818259528861761,0.17508034544810536,0.12086154248376474,-0.05421880296434045,0.08505871823504974,-0.054972940125823586,-0.15496160507216672,-0.0038482712375315087,0.01259246285094652,,0.028201314630213747,-1.4050000000000011,1.0
tangible,MT,5,0.22198431499021806,0.7921635975007212,2.568556623181366,0.14681001980301275,0.02410006457946528,0.8658078139136579,107.22254434313513,0.0936791992166601,,79.135,0.3084080725927553,-1.5051485528031283,-0.23298734599789658,1.2721612068052317,-3.725540758843256,-0.1440923189356827,4.6749065282347475,0.2344645524744,0.2068443236836973,-0.027620228790702805,0.10708040247956685,-0.03588189135935563,-0.1433530006270134,0.003112661880995765,-0.009398916691987447,,0.04639599331823474,2.1300000000000097,1.0
tangible,NL,2,0.09237634727212563,0.2798967287445236,2.0299609912047454,0.0849895192430776,0.042498734996472075,1.0062772396156803,47.753465573942435,0.07535758206800422,0.6977928406915248,83.28,0.13788281152063414,-2.3818843150068605,-1.2733345697583087,1.1085497452485518,-3.1582809682836386,0.006257619809759488,3.8660516417578856,0.1980494372620214,0.1640423124161723,-0.03400712484584911,0.04402715941190083,0.0020723174795858057,-0.09677354437632735,0.01032123309274395,0.001005796926538835,0.29393226342557227,0.016597323227155195,-1.1750000000000114,1.0
tangible,NL,3,0.11209990155466333,0.33123619692621165,1.9548303997813126,0.09547037889097372,0.04246982061270851,1.025374930828352,46.0681159116791,0.07120310427618234,0.4041428751997689,81.475,0.16944497945359716,-2.1883648270965286,-1.1049235722066288,1.0834412548898997,-3.1589615585248723,0.0250583318809204,3.8301210819031546,0.1935194879103319,0.16841099755167988,-0.025108490358652036,-0.0006805902412336806,0.01880071207116091,-0.03593055985473104,0.01048085964789612,-0.004154477791821876,-0.2936499654917559,0.019723554282537706,-1.8050000000000068,1.0
tangible,NL,4,0.10527470797123473,0.309552321480507,1.9404244138591114,0.08723882278500501,0.043605864704624325,1.0395727826695773,44.51101089742453,0.0891071089791704,-2.257677416303004,78.92,0.15952815233079348,-2.2511820788991925,-1.1726281495118014,1.0785539293873911,-3.1325636260990666,0.03880984286300533,3.7957365944621624,-0.06281725180266395,-0.06770457730517254,-0.004887325502508588,0.02639793242580568,0.013751510982084932,-0.034384487440992206,-0.008231556105968707,0.017904004702988058,-2.6618202915027727,-0.006825193583428604,-2.5549999999999926,1.0
tangible,NL,5,0.11301888391678477,0.3212784517772124,1.8426970842657415,0.08757323769043851,0.042386138026558814,1.0398062238766008,43.496937954941416,0.07721081746565797,0.5850074346876821,82.825,0.1743522874814946,-2.180200359924007,-1.1354470808509673,1.0447532790730396,-3.160933903534456,0.03903437259738211,3.7726905437765894,0.07098171897518535,0.03718106866083404,-0.03380065031435153,-0.028370277435389557,0.00022452973437677576,-0.023046050685572972,0.00033441490543349717,-0.01189629151351243,2.842684850990686,0.007744175945550047,3.905000000000001,1.0
tangible,PL,3,0.17573272114303637,0.6007335750235282,2.4184503097437697,0.15118327551938163,0.036914210153228835,0.9210085693549004,65.78061665613936,0.049499253905080795,-1.9473014116738316,76.42,0.24839607934188848,-1.7387910681002077,-0.5096037455241301,1.2291873225760777,-3.299158703063754,-0.08228593836740103,4.1863252152402195,0.47956842275482137,0.486767156310978,0.0071987335561569665,0.048365944281580475,-0.060477076624894516,-0.033957915117997395,0.042976884621545225,0.0022520336755237347,1.8153547944423598,0.06694529185363994,6.189999999999998,1.0
tangible,PL,4,0.18832042045264297,0.6480891242579225,2.4414171479661593,0.16686305374311747,0.04745160718380194,0.8197944966306505,51.65646870053894,0.051106898733711034,-1.1282439946578204,74.64500000000001,0.2654561203511731,-1.6696104028226895,-0.43372705465220257,1.235883348170487,-3.048044883397559,-0.19870158399780105,3.9446154287795743,0.0691806652775182,0.07587669087192755,0.006696025594409294,0.25111381966619506,-0.11641564563040002,-0.24170978646064523,0.01567977822373584,0.0016076448286302392,0.8190574170160112,0.012587699309606598,-1.7749999999999915,1.0
tangible,PL,5,0.1801607809712555,0.6011587326852957,2.3367902239567333,0.15815444111493324,0.05677928869365195,0.7960634702880522,41.467527727583104,0.05179477136754407,0.1437292178794885,80.19,0.2572583223441397,-1.713905599164233,-0.5088962650339494,1.2050093341302832,-2.8685836554259256,-0.22807635977376398,3.7249106565560175,-0.04429519634154344,-0.07516921038174679,-0.030874014040203734,0.17946122797163344,-0.029374775775962925,-0.21970477222355678,-0.008708612628184231,0.0006878726338330338,1.2719732125373089,-0.008159639481387454,5.5449999999999875,1.0
tangible,PT,3,0.08158885132738698,0.3661989708572681,3.4883457102226147,0.09253823295555809,0.0,,,0.07359058120852208,0.5300116905010366,80.48999999999998,0.10497783226706005,-2.5060626522361082,-1.0045784570753642,1.501484195160744,-inf,,,-0.07109486041800084,0.0239148496893955,0.09500971010739656,-inf,,,0.0007327519383251158,0.010648247364939273,-1.5374692515160862,-0.006011717130276956,-2.390000000000015,1.0
tangible,PT,4,0.07444187643131987,0.3734271884341709,4.016359156108794,0.09315856700237476,0.0,,,0.061050217498448175,-4.558947299444196,76.515,0.09297654266456633,-2.597736640227023,-0.9850322373646567,1.6127044028623665,-inf,,,-0.09167398799091497,0.01954621971070747,0.11122020770162244,,,,0.0006203340468166757,-0.012540363710073901,-5.088958989945233,-0.00714697489606711,-3.97499999999998,1.0
tangible,PT,5,0.08056651674023045,0.401670960590509,3.9855818129212577,0.10057947467728238,0.0,,,0.0485450461046335,-1.1491389341980445,79.48499999999999,0.10078101001171061,-2.518672140841625,-0.9121220315158045,1.6065501093258205,-inf,,,0.07906449938539817,0.07291020584885222,-0.006154293536545952,,,,0.00742090767490762,-0.012505171393814678,3.409808365246152,0.006124640308910578,2.9699999999999847,1.0
tangible,RO,3,0.06491126251683801,0.350503675431185,4.3997359139373415,0.10274191196377541,0.011227381376091639,1.4824383109347263,389.300792351939,0.02903173829482338,4.153551139968576,80.21000000000001,0.07966470767503812,-2.7347341338588054,-1.0483840863108749,1.6863500475479305,-4.489399718536562,0.39368823951281473,5.964352289939124,2.3162056051241002,2.3985431596872115,0.08233755456311109,0.20491414324337764,0.15683456651044844,-0.09009761538945327,0.09076977904027814,-0.012729234868461819,4.897554186979471,0.05850794934189066,0.9037500000000165,1.0
tangible,RO,4,0.06591806027661418,0.4601876686396474,5.981207679785272,0.10059866960754624,0.013973190060795188,1.6392025679150464,427.449167939995,0.04388597664748352,-0.9908783671412783,78.16,0.0769389215818315,-2.719342819229297,-0.7761208973947112,1.9432219218345859,-4.270614780972813,0.494209884507362,6.057835375903487,0.01539131462950838,0.27226318891616363,0.25687187428665537,0.21878493756374962,0.10052164499454724,0.09348308596436272,-0.0021432423562291747,0.01485423835266014,-5.144429507109854,0.0010067977597761624,-2.0500000000000114,1.0
tangible,RO,5,0.07853830311533067,0.5163490259215578,5.5744866573360765,0.12613421791260526,0.01703303077789749,1.6313832344934522,330.2906054408213,0.03844832584360364,3.103792619642136,76.33,0.09262718841420811,-2.544168835421788,-0.6609723353358404,1.883196500085948,-4.072600833148393,0.4894282650713628,5.799972889487923,0.17517398380750882,0.11514856205887081,-0.060025421748637786,0.1980139478244194,-0.004781619435999196,-0.2578624864155641,0.025535548305059025,-0.0054376508038798815,4.094670986783415,0.012620242838716489,-1.8299999999999983,1.0
tangible,SE,2,0.05313976924370207,0.2007537175564623,2.777843231418527,0.051444128348056034,0.45309542454613944,1.11476222871174,6.129210653777255,0.04218762507937102,0.3768157978673251,84.41499999999999,0.07226963540845531,-2.9348296810817636,-1.6056764079881864,1.329153273093577,-0.7916525254705153,0.10864113437937727,1.8130659739206696,-0.27209470055602614,-0.2771422574479272,-0.005047556891901062,0.09935734337764857,0.08557415328949239,-0.10725769310714983,-0.015819901262168992,-0.005773892909052093,0.7466453851867608,-0.016617406848827752,-0.6975000000000193,1.0
tangible,SE,3,0.055050227516807444,0.2199900817857243,2.99617025594597,0.05440699144833499,0.5135807751815437,1.2240359920838617,5.8251557499400795,0.041075005040990424,0.7249914888644048,84.14,0.07342375866296277,-2.899509282909955,-1.5141728164381973,1.3853364664717576,-0.6663479588070714,0.2021535889550797,1.7621857372814433,0.03532039817180843,0.0915035915499891,0.056183193378180674,0.12530456666344392,0.09351245457570244,-0.05088023663922625,0.002962863100278955,-0.001112620038380599,0.3481756909970797,0.0019104582731053754,-0.2749999999999915,1.0
tangible,SE,4,0.050914459212106015,0.20947032495725407,3.1141618353367084,0.05433880674563448,0.551981775772978,1.2633445469341293,5.647317868812676,0.043701621614765415,-1.1333740177822016,81.635,0.06726378911345364,-2.9776083248014222,-1.5631731966349067,1.4144351281665155,-0.594240248154071,0.23376260658798984,1.7311807189617492,-0.0780990418914671,-0.04900038019670938,0.029098661694757944,0.07210771065300048,0.03160901763291013,-0.031005018319694155,-6.81847027005078e-05,0.002626616573774991,-1.8583655066466065,-0.004135768304701429,-2.5049999999999955,1.0
tangible,SE,5,0.05490302021214009,0.22361472339121133,3.0729038680783884,0.05770216806558037,0.5732212807335072,1.2729396873382677,5.35947612760304,0.0413376580682958,0.5935397923148776,84.625,0.07276984018736866,-2.9021869190082237,-1.497830692860017,1.4043562261482068,-0.5564834575248393,0.24132894008545394,1.6788662329186084,0.07542140579319856,0.06534250377488982,-0.010078902018308744,0.03775679062923165,0.007566333497464106,-0.05231448604314082,0.0033633613199458914,-0.0023639635464696163,1.7269138100970793,0.0039885610000340715,2.989999999999995,1.0
tangible,SI,3,0.01760589659564109,0.07252767454750896,3.1195104238806852,0.025142288558083054,0.027322970584319893,1.0105361900913687,114.47147167506549,0.06216468388576536,4.731373434857939,81.39000000000001,0.023249697770614978,-4.039521399206093,-2.6237870720605745,1.415734327145518,-3.600027517235939,0.010481071264138806,4.740325636273578,,,0.043736268890965935,0.16086052939794593,0.03347497705820563,-0.09954664538653901,0.03193710544604286,0.0023920246266746423,5.379594385922674,0.022124553995458957,0.4399999999999977,1.0
tangible,SI,4,-0.0015218674526695332,-0.00657376444988986,3.31953810324198,-0.002410087874444039,0.02932236686463701,1.0545464360679915,113.18947836524208,0.058175383540222766,-2.1027613644009038,78.715,-0.001980325046870131,,,1.4631484759937718,-3.5294046799613237,0.053110756067645114,4.729063214145699,,,0.04741414884825379,0.07062283727461516,0.042629684803506304,-0.011262422127878757,-0.027552376432527094,-0.003989300345542596,-6.834134799258843,-0.019127764048310625,-2.6750000000000114,1.0
tangible,SI,5,0.0022099056347214636,0.008816857834998564,2.9896987891565967,0.003318798223873534,0.028039354815181817,1.1115518019376736,107.06597558850868,0.050483246504544124,0.649706766039136,84.35,0.0029490789730980986,-6.114805463585171,-4.73108972697247,1.3837157366127004,-3.5741462265247694,0.10575705876811982,4.673445238730882,,,-0.07943273938107143,-0.044741546563445755,0.052646302700474705,-0.05561797541481717,0.005728886098317573,-0.007692137035678642,2.7524681304400396,0.003731773087390997,5.634999999999991,1.0
tangible,SK,3,0.07631032336454298,0.5832825615583974,6.643560344673042,0.11124549968155388,0.0371289724952459,0.9968394545390687,180.25470081283532,0.0337464405951969,-0.11149527977299716,81.02,0.08779668299785773,-2.572947050177544,-0.5390835418491167,2.033863508328427,-3.2933576843447647,-0.0031655505333580943,5.1943708552304635,0.5169162861436942,0.3453364434021582,-0.17157984274153648,0.01884530393859274,-0.010846109937349807,-0.21283738539714925,0.031678551987610395,-0.0014466702692177216,1.473406347511905,0.03080215007050316,-1.4699999999999989,1.0
tangible,SK,4,0.07576531045340985,0.5509582198227454,6.271906054704871,0.10717718505158585,0.040928168021659606,0.9910952555163759,153.385456265001,0.0344810987242986,-1.32132371855676,77.9,0.08784541972044432,-2.5801147368189596,-0.5960962987971872,1.9840184380217725,-3.1959367482955683,-0.00894462866964608,5.032954075214233,-0.007167686641415649,-0.05701275694807051,-0.04984507030665464,0.09742093604919644,-0.005779078136287985,-0.16141678001623028,-0.004068314629968026,0.0007346581291017007,-1.2098284387837628,-0.0005450129111331248,-3.1199999999999903,1.0
tangible,SK,5,0.06411985717420399,0.4367501583255951,5.811464927924134,0.08652271116880868,0.04418822301188309,1.0240979468532732,132.1352168538464,0.03080082960152214,0.954094812977728,84.905,0.07515319523430439,-2.7470011787198096,-0.8283939674595191,1.9186072112602908,-3.119296973096931,0.02381217326692898,4.8838257683822395,-0.16688644190085,-0.23229766866233192,-0.0654112267614817,0.0766397751986374,0.03275680193657506,-0.14912830683199374,-0.020654473882777177,-0.0036802691227764625,2.2754185315344877,-0.011645453279205867,7.0049999999999955,1.0
tangible,UK,2,0.0823004306433057,0.2280124315393898,1.770488924020427,0.0733232152291755,0.023318746766363318,0.9946506045231189,76.12598767891973,0.06767752284597453,0.4527961067311524,,0.12878500873172313,-2.4973789387088456,-1.4783551272185225,1.019023811490323,-3.7584976596659145,-0.005363754724621777,4.332389700381621,-0.22363345696321213,-0.25586047231779885,-0.03222701535458672,0.14074008797595683,0.037435154635587276,-0.19343534342736124,-0.016025851347645767,-0.003695700753572187,2.6463371599190304,-0.02062551931565476,,1.0
tangible,UK,3,0.08536922649982796,0.2317259107881625,1.7143962794207759,0.07549329664165538,0.025334691874264608,1.0075563645979928,67.69438766472192,0.08742799249316448,0.425839100525924,,0.13516473033087376,-2.4607695885629,-1.4622000247579574,0.9985695638049428,-3.675580602186063,0.0075279582842519574,4.215003276403865,0.03660935014594546,0.016155102460565063,-0.020454247685380178,0.08291705747985167,0.012891713008873734,-0.11738642397775578,0.002170081412479888,0.019750469647189947,-0.026957006205228395,0.003068795856522269,,1.0
tangible,UK,4,0.08507289023546855,0.224648216217642,1.6406557435141866,0.07248700081669106,0.02551681307563429,0.9719958985584247,64.30609340259511,0.09102671359371614,-2.846039283101182,,0.13692587071097495,-2.4642468577804957,-1.4932195837706193,0.9710272740098763,-3.6684177077850544,-0.028403694120698497,4.163654391957292,-0.0034772692175955022,-0.031019559012661846,-0.027542289795066455,0.007162894401008479,-0.03593165240495046,-0.051348884446573706,-0.003006295824964325,0.0035987211005516634,-3.2718783836271057,-0.0002963362643594175,,1.0
tangible,UK,5,0.08242651466344733,0.21928072876975002,1.6603178560331842,0.0714082104665694,0.025198677098627477,1.022282185091262,65.86233171409823,0.08475922431554295,0.9858486689748999,,0.13207153556346946,-2.495848113930553,-1.5174025035265568,0.9784456104039962,-3.6809637819289382,0.022037564326792602,4.187566680422605,-0.03160125615005738,-0.02418291975593756,0.007418336394119929,-0.012546074143883867,0.0504412584474911,0.023912288465313125,-0.001078790350121664,-0.006267489278173194,3.8318879520760816,-0.0026463755720212145,,1.0
tangible,US,2,0.07431440188364538,0.21435534890238528,1.8844388633848264,0.07255423597896554,0.04260814089906333,1.1613482515310323,44.18917509477974,0.06335867645165039,-0.1112056739825444,77.52218833333333,0.11375022722539298,-2.599450511807055,-1.5401201321912512,1.059330379615804,-3.155709943047287,0.14958161598966851,3.7884798517310236,-0.32860829312068063,-0.37566729251007236,-0.04705899938939151,0.10290564843784678,0.08564448526046017,-0.1953606315188936,-0.02520751439660668,0.0058750730284445885,-0.15573490044727265,-0.028910803381908212,-5.7445266666666726,1.0
tangible,US,3,0.08756187858475138,0.2690797839462978,2.0730243377071305,0.08579437584918992,0.04680053802729061,1.2677513982965436,44.23404592612242,0.05999810175135537,0.21706476884680467,77.55102500000001,0.1298005908815878,-2.4354095517294927,-1.3127473487598775,1.1226622029696152,-3.0618605798149896,0.23724477866737315,3.7894947623998774,0.1640409600775623,0.22737278343137368,0.06333182335381116,0.0938493632322972,0.08766316267770463,0.0010149106688537302,0.013240139870224377,-0.0033605747002950145,0.3282704428293491,0.013247476701106,0.028836666666677502,1.0
tangible,US,4,0.10259963720397078,0.32746615890297215,2.1916892479060213,0.09774769806547853,0.05115904831601458,1.2888025834144285,42.86894410539851,0.05936242203378106,-1.7694128105015128,76.45093,0.14941267755720347,-2.2769208822753964,-1.1163705608398855,1.1605503214355106,-2.972815904555256,0.25371355739012424,3.7581476501549025,0.15848866945409634,0.19637678791999202,0.03788811846589546,0.08904467525973381,0.0164687787227511,-0.031347112244974884,0.011953322216288614,-0.0006356797175743126,-1.9864775793483174,0.015037758619219396,-1.1000950000000103,1.0
tangible,US,5,0.10508372109390822,0.3245712741428575,2.088692242376951,0.09985707217734698,0.052122212363033334,1.3103418487423748,40.10442652402749,0.06550620011206053,-0.19759838656587836,77.207965,0.15539449400812272,-2.2529979027827647,-1.125250123988774,1.1277477787939905,-2.9541640801391527,0.27028805640914005,3.691486715353167,0.02392297949263167,-0.008879563148888492,-0.03280254264152016,0.018651824416103135,0.01657449901901581,-0.0666609348017353,0.0021093741118684423,0.006143778078279469,1.5718144239356344,0.0024840838899374412,0.7570350000000019,1.0
