country,year,variant,kind,mask,metric,labour,share_better,p05,median,sdist
AUS,2000,no_capital,perm,all,mawd,,0.0,,,
AUS,2000,no_capital,perm,all,d,,0.0,,,
AUS,2000,no_capital,perm,no_prereg,mawd,,0.0,,,
AUS,2000,no_capital,perm,no_prereg,d,,0.0,,,
AUS,2000,no_capital,lnorm,all,mawd,,0.0,0.2660080696360806,0.3741933297438187,
AUS,2000,no_capital,lnorm,all,d,,0.0,0.4243802824739107,0.6139380365535714,
AUS,2000,no_capital,lnorm,no_prereg,mawd,,0.0,0.22576520392647798,0.32484657009743134,
AUS,2000,no_capital,lnorm,no_prereg,d,,0.0,0.41393000001820024,0.637572800496661,
AUS,2000,no_capital,flat,all,mawd,,0.0,,,
AUS,2000,no_capital,flat,all,d,,0.0,,,
AUS,2001,no_capital,perm,all,mawd,,0.0,,,
AUS,2001,no_capital,perm,all,d,,0.0,,,
AUS,2001,no_capital,perm,no_prereg,mawd,,0.0,,,
AUS,2001,no_capital,perm,no_prereg,d,,0.0,,,
AUS,2001,no_capital,lnorm,all,mawd,,0.0,0.2647693491004035,0.3723817486519669,
AUS,2001,no_capital,lnorm,all,d,,0.0,0.4235576614444422,0.6135454863433748,
AUS,2001,no_capital,lnorm,no_prereg,mawd,,0.0,0.22286714398717689,0.32310406857928303,
AUS,2001,no_capital,lnorm,no_prereg,d,,0.0,0.4141885854464952,0.6367526503339311,
AUS,2001,no_capital,flat,all,mawd,,0.0,,,
AUS,2001,no_capital,flat,all,d,,0.0,,,
AUS,2002,no_capital,perm,all,mawd,,0.0,,,
AUS,2002,no_capital,perm,all,d,,0.0,,,
AUS,2002,no_capital,perm,no_prereg,mawd,,0.0,,,
AUS,2002,no_capital,perm,no_prereg,d,,0.0,,,
AUS,2002,no_capital,lnorm,all,mawd,,0.0,0.26672356829296395,0.3771395971429692,
AUS,2002,no_capital,lnorm,all,d,,0.0,0.4286371014114623,0.6224639690996348,
AUS,2002,no_capital,lnorm,no_prereg,mawd,,0.0,0.22639513304684808,0.3275524491054117,
AUS,2002,no_capital,lnorm,no_prereg,d,,0.0,0.4192317511488902,0.6483872775215072,
AUS,2002,no_capital,flat,all,mawd,,0.0,,,
AUS,2002,no_capital,flat,all,d,,0.0,,,
AUS,2003,no_capital,perm,all,mawd,,0.0,,,
AUS,2003,no_capital,perm,all,d,,0.0,,,
AUS,2003,no_capital,perm,no_prereg,mawd,,0.0,,,
AUS,2003,no_capital,perm,no_prereg,d,,0.0,,,
AUS,2003,no_capital,lnorm,all,mawd,,0.0,0.2611525486372622,0.36979814333051986,
AUS,2003,no_capital,lnorm,all,d,,0.0,0.4268251300940936,0.6156344382814418,
AUS,2003,no_capital,lnorm,no_prereg,mawd,,0.0,0.22052021996636106,0.3210010452814043,
AUS,2003,no_capital,lnorm,no_prereg,d,,0.0,0.41653450127460057,0.6399060501347387,
AUS,2003,no_capital,flat,all,mawd,,0.0,,,
AUS,2003,no_capital,flat,all,d,,0.0,,,
AUS,2004,no_capital,perm,all,mawd,,0.0,,,
AUS,2004,no_capital,perm,all,d,,0.0,,,
AUS,2004,no_capital,perm,no_prereg,mawd,,0.0,,,
AUS,2004,no_capital,perm,no_prereg,d,,0.0,,,
AUS,2004,no_capital,lnorm,all,mawd,,0.0,0.25768831139548387,0.362176496348831,
AUS,2004,no_capital,lnorm,all,d,,0.0,0.4189664036679922,0.6031500498062818,
AUS,2004,no_capital,lnorm,no_prereg,mawd,,0.0,0.21514025991359342,0.3124849241683164,
AUS,2004,no_capital,lnorm,no_prereg,d,,0.0,0.40803304618933434,0.6272121964985231,
AUS,2004,no_capital,flat,all,mawd,,0.0,,,
AUS,2004,no_capital,flat,all,d,,0.0,,,
AUS,2005,no_capital,perm,all,mawd,,0.0,,,
AUS,2005,no_capital,perm,all,d,,0.0,,,
AUS,2005,no_capital,perm,no_prereg,mawd,,0.0,,,
AUS,2005,no_capital,perm,no_prereg,d,,0.0,,,
AUS,2005,no_capital,lnorm,all,mawd,,0.0,0.2575816420493876,0.36667383032116785,
AUS,2005,no_capital,lnorm,all,d,,0.0,0.4201439835270834,0.6033425268291794,
AUS,2005,no_capital,lnorm,no_prereg,mawd,,0.0,0.21590644624867594,0.31489534507727046,
AUS,2005,no_capital,lnorm,no_prereg,d,,0.0,0.40664969889448715,0.6275835010858908,
AUS,2005,no_capital,flat,all,mawd,,0.0,,,
AUS,2005,no_capital,flat,all,d,,0.0,,,
AUS,2006,no_capital,perm,all,mawd,,0.0,,,
AUS,2006,no_capital,perm,all,d,,0.0,,,
AUS,2006,no_capital,perm,no_prereg,mawd,,0.0,,,
AUS,2006,no_capital,perm,no_prereg,d,,0.0,,,
AUS,2006,no_capital,lnorm,all,mawd,,0.0,0.26745605914496,0.38201636879010503,
AUS,2006,no_capital,lnorm,all,d,,0.0,0.42804821002958043,0.6216623217315862,
AUS,2006,no_capital,lnorm,no_prereg,mawd,,0.0,0.2244144204123509,0.326729693889944,
AUS,2006,no_capital,lnorm,no_prereg,d,,0.0,0.4155128041985311,0.6453218703052785,
AUS,2006,no_capital,flat,all,mawd,,0.0,,,
AUS,2006,no_capital,flat,all,d,,0.0,,,
AUS,2007,no_capital,perm,all,mawd,,0.0,,,
AUS,2007,no_capital,perm,all,d,,0.0,,,
AUS,2007,no_capital,perm,no_prereg,mawd,,0.0,,,
AUS,2007,no_capital,perm,no_prereg,d,,0.0,,,
AUS,2007,no_capital,lnorm,all,mawd,,0.0,0.2601556482980058,0.37156382012152783,
AUS,2007,no_capital,lnorm,all,d,,0.0,0.41843611886537163,0.6060997715495127,
AUS,2007,no_capital,lnorm,no_prereg,mawd,,0.0,0.21641741506227918,0.3171057812300942,
AUS,2007,no_capital,lnorm,no_prereg,d,,0.0,0.40814618126900526,0.6292350790925494,
AUS,2007,no_capital,flat,all,mawd,,0.0,,,
AUS,2007,no_capital,flat,all,d,,0.0,,,
AUS,2008,no_capital,perm,all,mawd,,0.0,,,
AUS,2008,no_capital,perm,all,d,,0.0,,,
AUS,2008,no_capital,perm,no_prereg,mawd,,0.0,,,
AUS,2008,no_capital,perm,no_prereg,d,,0.0,,,
AUS,2008,no_capital,lnorm,all,mawd,,0.0,0.2692838675973149,0.3800363708365879,
AUS,2008,no_capital,lnorm,all,d,,0.0,0.4274024712330711,0.6266621901837746,
AUS,2008,no_capital,lnorm,no_prereg,mawd,,0.0,0.22744086843780434,0.335464674555297,
AUS,2008,no_capital,lnorm,no_prereg,d,,0.0,0.41529533729189366,0.6505839622596161,
AUS,2008,no_capital,flat,all,mawd,,0.0,,,
AUS,2008,no_capital,flat,all,d,,0.0,,,
AUS,2009,no_capital,perm,all,mawd,,0.0,,,
AUS,2009,no_capital,perm,all,d,,0.0,,,
AUS,2009,no_capital,perm,no_prereg,mawd,,0.0,,,
AUS,2009,no_capital,perm,no_prereg,d,,0.0,,,
AUS,2009,no_capital,lnorm,all,mawd,,0.0,0.2736937873722685,0.38647204645520794,
AUS,2009,no_capital,lnorm,all,d,,0.0,0.42673992163699337,0.6362301524151334,
AUS,2009,no_capital,lnorm,no_prereg,mawd,,0.0,0.2349376172724206,0.3490179622870994,
AUS,2009,no_capital,lnorm,no_prereg,d,,0.0,0.41870985049770026,0.6597023143064337,
AUS,2009,no_capital,flat,all,mawd,,0.0,,,
AUS,2009,no_capital,flat,all,d,,0.0,,,
AUS,2010,no_capital,perm,all,mawd,,0.0,,,
AUS,2010,no_capital,perm,all,d,,0.0,,,
AUS,2010,no_capital,perm,no_prereg,mawd,,0.0,,,
AUS,2010,no_capital,perm,no_prereg,d,,0.0,,,
AUS,2010,no_capital,lnorm,all,mawd,,0.0,0.24787997597739095,0.34914204322603626,
AUS,2010,no_capital,lnorm,all,d,,0.0,0.3983662048966949,0.581198486214441,
AUS,2010,no_capital,lnorm,no_prereg,mawd,,0.0,0.218364000473634,0.32196905268244563,
AUS,2010,no_capital,lnorm,no_prereg,d,,0.0,0.3950676994246627,0.6042589507358873,
AUS,2010,no_capital,flat,all,mawd,,0.0,,,
AUS,2010,no_capital,flat,all,d,,0.0,,,
AUS,2011,no_capital,perm,all,mawd,,0.0,,,
AUS,2011,no_capital,perm,all,d,,0.0,,,
AUS,2011,no_capital,perm,no_prereg,mawd,,0.0,,,
AUS,2011,no_capital,perm,no_prereg,d,,0.0,,,
AUS,2011,no_capital,lnorm,all,mawd,,0.0,0.2413515561822116,0.34096482295663666,
AUS,2011,no_capital,lnorm,all,d,,0.0,0.3905525214099235,0.5651561114413255,
AUS,2011,no_capital,lnorm,no_prereg,mawd,,0.0,0.21305648719948658,0.3156862596773233,
AUS,2011,no_capital,lnorm,no_prereg,d,,0.0,0.3836387475523763,0.5857986476471646,
AUS,2011,no_capital,flat,all,mawd,,0.0,,,
AUS,2011,no_capital,flat,all,d,,0.0,,,
AUS,2012,no_capital,perm,all,mawd,,0.0,,,
AUS,2012,no_capital,perm,all,d,,0.0,,,
AUS,2012,no_capital,perm,no_prereg,mawd,,0.0,,,
AUS,2012,no_capital,perm,no_prereg,d,,0.0,,,
AUS,2012,no_capital,lnorm,all,mawd,,0.0,0.2516366474477889,0.35873893160817005,
AUS,2012,no_capital,lnorm,all,d,,0.0,0.39650673867728287,0.5751306668400471,
AUS,2012,no_capital,lnorm,no_prereg,mawd,,0.0,0.2217968944093824,0.3302330732635914,
AUS,2012,no_capital,lnorm,no_prereg,d,,0.0,0.39044426502251944,0.5932280277040123,
AUS,2012,no_capital,flat,all,mawd,,0.0,,,
AUS,2012,no_capital,flat,all,d,,0.0,,,
AUS,2013,no_capital,perm,all,mawd,,0.0,,,
AUS,2013,no_capital,perm,all,d,,0.0,,,
AUS,2013,no_capital,perm,no_prereg,mawd,,0.0,,,
AUS,2013,no_capital,perm,no_prereg,d,,0.0,,,
AUS,2013,no_capital,lnorm,all,mawd,,0.0,0.2611041938128403,0.3747950874622133,
AUS,2013,no_capital,lnorm,all,d,,0.0,0.4061271861310767,0.5973747417473165,
AUS,2013,no_capital,lnorm,no_prereg,mawd,,0.0,0.23117959357291815,0.3400812320281904,
AUS,2013,no_capital,lnorm,no_prereg,d,,0.0,0.4059593048682599,0.6152814764525735,
AUS,2013,no_capital,flat,all,mawd,,0.0,,,
AUS,2013,no_capital,flat,all,d,,0.0,,,
AUS,2014,no_capital,perm,all,mawd,,0.0,,,
AUS,2014,no_capital,perm,all,d,,0.0,,,
AUS,2014,no_capital,perm,no_prereg,mawd,,0.0,,,
AUS,2014,no_capital,perm,no_prereg,d,,0.0,,,
AUS,2014,no_capital,lnorm,all,mawd,,0.0,0.25098675510099666,0.3628072349020047,
AUS,2014,no_capital,lnorm,all,d,,0.0,0.3972065218470875,0.5807829348362199,
AUS,2014,no_capital,lnorm,no_prereg,mawd,,0.0,0.22027566230589282,0.3277993704113309,
AUS,2014,no_capital,lnorm,no_prereg,d,,0.0,0.3964620763136067,0.5979652758828813,
AUS,2014,no_capital,flat,all,mawd,,0.0,,,
AUS,2014,no_capital,flat,all,d,,0.0,,,
AUT,2000,no_capital,perm,all,mawd,0.299172880445487,0.1,0.28219485689254065,0.3588341277218804,-1.178221937184057
AUT,2000,no_capital,perm,all,d,0.32753546456281873,0.148,0.3092319801537171,0.367015592148794,-0.830717735260283
AUT,2000,no_capital,perm,no_prereg,mawd,0.19788530692048797,0.0,0.27303178852369264,0.3564942560493874,-2.663027229945814
AUT,2000,no_capital,perm,no_prereg,d,0.2624796522699822,0.0,0.30380972155276,0.36801973429423795,-1.7793130472233871
AUT,2000,no_capital,lnorm,all,mawd,0.299172880445487,0.054,0.29748008230694634,0.39482189796490796,-1.4240973315114378
AUT,2000,no_capital,lnorm,all,d,0.32753546456281873,0.087,0.318323181425498,0.38352981371786343,-1.234474381033894
AUT,2000,no_capital,lnorm,no_prereg,mawd,0.19788530692048797,0.0,0.2834148172733854,0.386784516249234,-2.5051981558873706
AUT,2000,no_capital,lnorm,no_prereg,d,0.2624796522699822,0.001,0.31476179195100584,0.38525137302553997,-2.348759488898307
AUT,2000,no_capital,flat,all,mawd,0.299172880445487,1.0,,,
AUT,2000,no_capital,flat,all,d,0.32753546456281873,1.0,,,
AUT,2001,no_capital,perm,all,mawd,0.30499709157453603,0.132,0.28415611115686656,0.36018600872007855,-1.0932370423891347
AUT,2001,no_capital,perm,all,d,0.3302887295887984,0.169,0.309317510513047,0.3673304282185249,-0.8177241165406371
AUT,2001,no_capital,perm,no_prereg,mawd,0.20164906806223193,0.0,0.27107756686463585,0.35717946665508804,-2.6569277814319996
AUT,2001,no_capital,perm,no_prereg,d,0.26021684333201667,0.0,0.30472216413783554,0.3689243225644154,-1.8604643965167025
AUT,2001,no_capital,lnorm,all,mawd,0.30499709157453603,0.065,0.2966969527721128,0.3956380194151343,-1.350838873135063
AUT,2001,no_capital,lnorm,all,d,0.3302887295887984,0.105,0.3171393308902233,0.3828855575850092,-1.1577569313466862
AUT,2001,no_capital,lnorm,no_prereg,mawd,0.20164906806223193,0.0,0.2864447787261475,0.38591944424477614,-2.482291340271094
AUT,2001,no_capital,lnorm,no_prereg,d,0.26021684333201667,0.0,0.3122209133855912,0.3836764758232306,-2.3659125003138484
AUT,2001,no_capital,flat,all,mawd,0.30499709157453603,1.0,,,
AUT,2001,no_capital,flat,all,d,0.3302887295887984,1.0,,,
AUT,2002,no_capital,perm,all,mawd,0.3019360990673864,0.091,0.29258177344276887,0.36931608771341917,-1.2926918808117704
AUT,2002,no_capital,perm,all,d,0.32997678019976023,0.111,0.3156084219254138,0.3742328405741977,-0.972997847426867
AUT,2002,no_capital,perm,no_prereg,mawd,0.19765562487574279,0.0,0.2784112011569022,0.3641655988099299,-2.8127434134193203
AUT,2002,no_capital,perm,no_prereg,d,0.2621737641581974,0.0,0.3076960119392232,0.37497135174020735,-1.9912817510146608
AUT,2002,no_capital,lnorm,all,mawd,0.3019360990673864,0.047,0.30445027988277673,0.4045062057873773,-1.487298020328574
AUT,2002,no_capital,lnorm,all,d,0.32997678019976023,0.081,0.3227958918307468,0.3869772328390154,-1.2724068556965573
AUT,2002,no_capital,lnorm,no_prereg,mawd,0.19765562487574279,0.0,0.2922151611259006,0.39392860921718975,-2.5807226085083315
AUT,2002,no_capital,lnorm,no_prereg,d,0.2621737641581974,0.0,0.31658191515989814,0.38763713622118884,-2.4340728274628285
AUT,2002,no_capital,flat,all,mawd,0.3019360990673864,1.0,,,
AUT,2002,no_capital,flat,all,d,0.32997678019976023,1.0,,,
AUT,2003,no_capital,perm,all,mawd,0.29874279879255633,0.09,0.28764658771217133,0.36348754550471585,-1.2831027727427775
AUT,2003,no_capital,perm,all,d,0.3279288419020707,0.138,0.3113509115243839,0.3688246029927197,-0.910955183781199
AUT,2003,no_capital,perm,no_prereg,mawd,0.1960245930086253,0.0,0.2737248266105028,0.3610025840755651,-2.7992833581286596
AUT,2003,no_capital,perm,no_prereg,d,0.25962157950892945,0.0,0.3020414684595529,0.3692238060049547,-1.962794465199738
AUT,2003,no_capital,lnorm,all,mawd,0.29874279879255633,0.048,0.3000006491062107,0.3982044807868616,-1.473104049488693
AUT,2003,no_capital,lnorm,all,d,0.3279288419020707,0.097,0.31839305601791773,0.3824124968225419,-1.2085343260597734
AUT,2003,no_capital,lnorm,no_prereg,mawd,0.1960245930086253,0.0,0.28797762638113644,0.38868054007716235,-2.562287136505944
AUT,2003,no_capital,lnorm,no_prereg,d,0.25962157950892945,0.0,0.31246475837457355,0.3819828566936898,-2.3866895183926413
AUT,2003,no_capital,flat,all,mawd,0.29874279879255633,1.0,,,
AUT,2003,no_capital,flat,all,d,0.3279288419020707,1.0,,,
AUT,2004,no_capital,perm,all,mawd,0.30673633428609043,0.109,0.2900090133869993,0.3689017928046504,-1.1916438327535195
AUT,2004,no_capital,perm,all,d,0.33867041332669034,0.193,0.3151535496226254,0.3712172877647302,-0.7910735129411665
AUT,2004,no_capital,perm,no_prereg,mawd,0.19898221176275152,0.0,0.2742218856484312,0.36482607704661696,-2.8211959880469273
AUT,2004,no_capital,perm,no_prereg,d,0.27052949395571363,0.0,0.30655198033643355,0.3713423365876314,-1.869752138132692
AUT,2004,no_capital,lnorm,all,mawd,0.30673633428609043,0.047,0.3076462211540091,0.40843195584533243,-1.4533603305175409
AUT,2004,no_capital,lnorm,all,d,0.33867041332669034,0.12,0.32379501630288127,0.3871020885418144,-1.1258142841487528
AUT,2004,no_capital,lnorm,no_prereg,mawd,0.19898221176275152,0.0,0.29261617752165525,0.39672633562560733,-2.5681867066168875
AUT,2004,no_capital,lnorm,no_prereg,d,0.27052949395571363,0.001,0.3162624556700903,0.3871667206007161,-2.348126254015328
AUT,2004,no_capital,flat,all,mawd,0.30673633428609043,1.0,,,
AUT,2004,no_capital,flat,all,d,0.33867041332669034,1.0,,,
AUT,2005,no_capital,perm,all,mawd,0.29602077828447176,0.089,0.28349904358297334,0.362887637438403,-1.2534921613258625
AUT,2005,no_capital,perm,all,d,0.3233985082207675,0.129,0.3105120341634189,0.3663643629744286,-0.961877754137865
AUT,2005,no_capital,perm,no_prereg,mawd,0.19442536745001932,0.0,0.2695817264829667,0.3577966654772303,-2.7822541890789245
AUT,2005,no_capital,perm,no_prereg,d,0.25286622266209263,0.0,0.3000959890434282,0.3669616709720045,-2.0494175300118926
AUT,2005,no_capital,lnorm,all,mawd,0.29602077828447176,0.03,0.3100684312075941,0.4109904604980345,-1.621332023721563
AUT,2005,no_capital,lnorm,all,d,0.3233985082207675,0.051,0.3229016037189096,0.3869962491408793,-1.428668298979704
AUT,2005,no_capital,lnorm,no_prereg,mawd,0.19442536745001932,0.0,0.2948849144853977,0.4000045737587635,-2.626886572503417
AUT,2005,no_capital,lnorm,no_prereg,d,0.25286622266209263,0.0,0.3162069253364046,0.38790271029089235,-2.6510451245713753
AUT,2005,no_capital,flat,all,mawd,0.29602077828447176,1.0,,,
AUT,2005,no_capital,flat,all,d,0.3233985082207675,1.0,,,
AUT,2006,no_capital,perm,all,mawd,0.3020053576421062,0.098,0.28538231143653514,0.3673083286159682,-1.209194052365791
AUT,2006,no_capital,perm,all,d,0.32419263752284183,0.129,0.30946649938262344,0.3666635361288936,-0.9543563037156156
AUT,2006,no_capital,perm,no_prereg,mawd,0.19988269893929564,0.0,0.27166541502177277,0.3616146779465045,-2.7217204925432217
AUT,2006,no_capital,perm,no_prereg,d,0.25020615937216717,0.0,0.3001732665369786,0.36821050103476816,-2.085758752662934
AUT,2006,no_capital,lnorm,all,mawd,0.3020053576421062,0.031,0.3137515151713306,0.4134350516926141,-1.570508252047078
AUT,2006,no_capital,lnorm,all,d,0.32419263752284183,0.059,0.32222844378498305,0.3871389340078406,-1.3968655562719565
AUT,2006,no_capital,lnorm,no_prereg,mawd,0.19988269893929564,0.0,0.29875218656963365,0.4016939031558533,-2.561360608309594
AUT,2006,no_capital,lnorm,no_prereg,d,0.25020615937216717,0.0,0.31572551752424277,0.38700405489868017,-2.6746055418474004
AUT,2006,no_capital,flat,all,mawd,0.3020053576421062,1.0,,,
AUT,2006,no_capital,flat,all,d,0.32419263752284183,1.0,,,
AUT,2007,no_capital,perm,all,mawd,0.2932721004831164,0.057,0.28983646690327725,0.37165177136910016,-1.449523999886258
AUT,2007,no_capital,perm,all,d,0.31705373040282114,0.079,0.31068188819311965,0.36971041739465804,-1.1173021053650205
AUT,2007,no_capital,perm,no_prereg,mawd,0.19782910403794485,0.0,0.27484953394250283,0.3643716435063408,-2.861212030711504
AUT,2007,no_capital,perm,no_prereg,d,0.2490228693946461,0.0,0.30276081603758737,0.36982645486934074,-2.153295739183923
AUT,2007,no_capital,lnorm,all,mawd,0.2932721004831164,0.022,0.31439508178301534,0.4140843957656352,-1.6918356166114552
AUT,2007,no_capital,lnorm,all,d,0.31705373040282114,0.04,0.3228170709246568,0.38938364954555243,-1.5634205749130632
AUT,2007,no_capital,lnorm,no_prereg,mawd,0.19782910403794485,0.0,0.29784610327618505,0.4038425769601914,-2.5891347153205255
AUT,2007,no_capital,lnorm,no_prereg,d,0.2490228693946461,0.0,0.3158079669716988,0.38830394136669677,-2.697268065944799
AUT,2007,no_capital,flat,all,mawd,0.2932721004831164,1.0,,,
AUT,2007,no_capital,flat,all,d,0.31705373040282114,1.0,,,
AUT,2008,no_capital,perm,all,mawd,0.28154747654003875,0.03,0.29403728917163313,0.3774405357666923,-1.7242086372799428
AUT,2008,no_capital,perm,all,d,0.31056578297734455,0.044,0.31376500964286297,0.37409192289353416,-1.3165191103960816
AUT,2008,no_capital,perm,no_prereg,mawd,0.18839737021503533,0.0,0.2778300824180964,0.37220557114261865,-3.0207675218770635
AUT,2008,no_capital,perm,no_prereg,d,0.23209232004324856,0.0,0.3065273473211023,0.372879332501647,-2.4928276927872983
AUT,2008,no_capital,lnorm,all,mawd,0.28154747654003875,0.017,0.31829215237513814,0.4210921029502699,-1.8859064730568929
AUT,2008,no_capital,lnorm,all,d,0.31056578297734455,0.021,0.324053539715295,0.3934765514179395,-1.7829093910223877
AUT,2008,no_capital,lnorm,no_prereg,mawd,0.18839737021503533,0.0,0.30544045213966464,0.4100075309183083,-2.699827935827944
AUT,2008,no_capital,lnorm,no_prereg,d,0.23209232004324856,0.0,0.3186067397952989,0.39228529439575016,-3.075354327259721
AUT,2008,no_capital,flat,all,mawd,0.28154747654003875,1.0,,,
AUT,2008,no_capital,flat,all,d,0.31056578297734455,1.0,,,
AUT,2009,no_capital,perm,all,mawd,0.2833433904667382,0.045,0.2863366190730609,0.36779919891648216,-1.5358247958643543
AUT,2009,no_capital,perm,all,d,0.3100788815154571,0.067,0.30568300615628613,0.36659018212407024,-1.1956354625336332
AUT,2009,no_capital,perm,no_prereg,mawd,0.18624812333650506,0.0,0.2725116047400741,0.36544718494213546,-2.8606588956548245
AUT,2009,no_capital,perm,no_prereg,d,0.2398176245369871,0.0,0.2991411255274569,0.3669169492202539,-2.2872466152425743
AUT,2009,no_capital,lnorm,all,mawd,0.2833433904667382,0.02,0.3070672807546299,0.41013777815759733,-1.7464922195708157
AUT,2009,no_capital,lnorm,all,d,0.3100788815154571,0.033,0.3154696215270677,0.38328022037360765,-1.6285874747832794
AUT,2009,no_capital,lnorm,no_prereg,mawd,0.18624812333650506,0.0,0.29661495648616104,0.40324180360710954,-2.652947119326586
AUT,2009,no_capital,lnorm,no_prereg,d,0.2398176245369871,0.0,0.31147393573217197,0.38415622206495004,-2.845969727819371
AUT,2009,no_capital,flat,all,mawd,0.2833433904667382,1.0,,,
AUT,2009,no_capital,flat,all,d,0.3100788815154571,1.0,,,
AUT,2010,no_capital,perm,all,mawd,0.27470063924303745,0.028,0.2882578832255625,0.37154831932189286,-1.7309029205660635
AUT,2010,no_capital,perm,all,d,0.299260237801066,0.022,0.311202636516259,0.3733358658717274,-1.4885414509832509
AUT,2010,no_capital,perm,no_prereg,mawd,0.17313284041518204,0.0,0.2769879090356682,0.369237296432972,-3.1568304627333124
AUT,2010,no_capital,perm,no_prereg,d,0.22449666979880634,0.0,0.3028022355596125,0.3723466026109307,-2.618218737213161
AUT,2010,no_capital,lnorm,all,mawd,0.27470063924303745,0.01,0.31778129080195866,0.42271580423159705,-1.9854459461848704
AUT,2010,no_capital,lnorm,all,d,0.299260237801066,0.009,0.32349429350656084,0.3924000734366862,-1.9997156238524034
AUT,2010,no_capital,lnorm,no_prereg,mawd,0.17313284041518204,0.0,0.3059711182679212,0.41495447106683053,-2.887181911290158
AUT,2010,no_capital,lnorm,no_prereg,d,0.22449666979880634,0.0,0.3176690677299172,0.39327638740863247,-3.2393096035172575
AUT,2010,no_capital,flat,all,mawd,0.27470063924303745,1.0,,,
AUT,2010,no_capital,flat,all,d,0.299260237801066,1.0,,,
AUT,2011,no_capital,perm,all,mawd,0.27355641759665966,0.029,0.29216009127716774,0.37272638433653027,-1.789187400480216
AUT,2011,no_capital,perm,all,d,0.2989780752681062,0.022,0.3151320757853169,0.3762523381605929,-1.5617816817180592
AUT,2011,no_capital,perm,no_prereg,mawd,0.16947957844968095,0.0,0.28054691249244357,0.3692914611215796,-3.2971076121860237
AUT,2011,no_capital,perm,no_prereg,d,0.21786824288102613,0.0,0.3074296356408119,0.3748103016725074,-2.776914034381433
AUT,2011,no_capital,lnorm,all,mawd,0.27355641759665966,0.006,0.3236072630824936,0.4290309198675367,-2.0730372790215723
AUT,2011,no_capital,lnorm,all,d,0.2989780752681062,0.005,0.3284207634750723,0.3988683392372356,-2.1478529817203356
AUT,2011,no_capital,lnorm,no_prereg,mawd,0.16947957844968095,0.0,0.31122935306900534,0.41947148251947275,-2.9830838760089478
AUT,2011,no_capital,lnorm,no_prereg,d,0.21786824288102613,0.0,0.3233925518546708,0.39900968676024995,-3.4812157419446415
AUT,2011,no_capital,flat,all,mawd,0.27355641759665966,1.0,,,
AUT,2011,no_capital,flat,all,d,0.2989780752681062,1.0,,,
AUT,2012,no_capital,perm,all,mawd,0.2665130893647443,0.019,0.28775588848321665,0.370195784030659,-1.8565663531619157
AUT,2012,no_capital,perm,all,d,0.29233858291971737,0.012,0.31237812516245644,0.375228854801275,-1.6377477662229156
AUT,2012,no_capital,perm,no_prereg,mawd,0.16630311227186878,0.0,0.27713192990432906,0.366662320625153,-3.3128279288265428
AUT,2012,no_capital,perm,no_prereg,d,0.21594327926210838,0.0,0.3053140489984388,0.3745876843822593,-2.7474921567710213
AUT,2012,no_capital,lnorm,all,mawd,0.2665130893647443,0.004,0.32360285154271795,0.4300745512208859,-2.1703799363929144
AUT,2012,no_capital,lnorm,all,d,0.29233858291971737,0.003,0.32867632833906285,0.3988617826214375,-2.283977428990391
AUT,2012,no_capital,lnorm,no_prereg,mawd,0.16630311227186878,0.0,0.3133413448798364,0.4220766714816073,-3.0267985630349243
AUT,2012,no_capital,lnorm,no_prereg,d,0.21594327926210838,0.0,0.3238813983244097,0.39950864274268894,-3.513158707314355
AUT,2012,no_capital,flat,all,mawd,0.2665130893647443,1.0,,,
AUT,2012,no_capital,flat,all,d,0.29233858291971737,1.0,,,
AUT,2013,no_capital,perm,all,mawd,0.2670098476434771,0.024,0.28439374590962163,0.3698372353412346,-1.8398574017571612
AUT,2013,no_capital,perm,all,d,0.2927977566411831,0.014,0.31236605349595437,0.37356163926227254,-1.6775885756240643
AUT,2013,no_capital,perm,no_prereg,mawd,0.15872707997438168,0.0,0.2767403533806277,0.3664064745138692,-3.463143905751526
AUT,2013,no_capital,perm,no_prereg,d,0.21496349295156392,0.0,0.3061490577978167,0.3732293306802983,-2.876576436823503
AUT,2013,no_capital,lnorm,all,mawd,0.2670098476434771,0.004,0.32132833399566524,0.4286053901357655,-2.154921807339039
AUT,2013,no_capital,lnorm,all,d,0.2927977566411831,0.003,0.3282410297769486,0.39698550306463415,-2.317192986232862
AUT,2013,no_capital,lnorm,no_prereg,mawd,0.15872707997438168,0.0,0.3106513311302384,0.4198048994922713,-3.1320045110896135
AUT,2013,no_capital,lnorm,no_prereg,d,0.21496349295156392,0.0,0.3228920994202148,0.39811160468444057,-3.6491612427632223
AUT,2013,no_capital,flat,all,mawd,0.2670098476434771,1.0,,,
AUT,2013,no_capital,flat,all,d,0.2927977566411831,1.0,,,
AUT,2014,no_capital,perm,all,mawd,0.2746605385248696,0.027,0.2878877412428042,0.3707339964531792,-1.7109712462228455
AUT,2014,no_capital,perm,all,d,0.2968911915558067,0.019,0.3120739187481909,0.373908062466192,-1.6272668654805624
AUT,2014,no_capital,perm,no_prereg,mawd,0.15776448029255993,0.0,0.2779697127934624,0.36617674198710326,-3.4968984678232484
AUT,2014,no_capital,perm,no_prereg,d,0.21403639200411098,0.0,0.30609821423598343,0.3725173545849194,-2.967294972634497
AUT,2014,no_capital,lnorm,all,mawd,0.2746605385248696,0.009,0.3188311624938808,0.4265168301564871,-2.033629058798507
AUT,2014,no_capital,lnorm,all,d,0.2968911915558067,0.005,0.3259637630499937,0.39424739489275096,-2.205244757373776
AUT,2014,no_capital,lnorm,no_prereg,mawd,0.15776448029255993,0.0,0.30826683974261193,0.41643520265962575,-3.140033471099328
AUT,2014,no_capital,lnorm,no_prereg,d,0.21403639200411098,0.0,0.3206121964295477,0.3956342852807577,-3.6810294225135727
AUT,2014,no_capital,flat,all,mawd,0.2746605385248696,1.0,,,
AUT,2014,no_capital,flat,all,d,0.2968911915558067,1.0,,,
BEL,2000,no_capital,perm,all,mawd,0.344154842342462,0.544,0.2538262940652049,0.33625891420837645,0.006409090907614714
BEL,2000,no_capital,perm,all,d,0.46721430363396166,0.882,0.30110325626437523,0.37651495651596156,1.136361172531002
BEL,2000,no_capital,perm,no_prereg,mawd,0.15311618541387978,0.0,0.2400359999261528,0.3113295282869475,-2.7976399858029515
BEL,2000,no_capital,perm,no_prereg,d,0.2064146408031978,0.0,0.29597289312630976,0.37297509324781997,-2.425532930229736
BEL,2000,no_capital,lnorm,all,mawd,0.344154842342462,0.185,0.2885613063886509,0.4130592276865537,-0.908370920720732
BEL,2000,no_capital,lnorm,all,d,0.46721430363396166,0.761,0.3371093388760945,0.41828588005416284,0.6948008866357316
BEL,2000,no_capital,lnorm,no_prereg,mawd,0.15311618541387978,0.0,0.2665081720528602,0.38416541371385415,-2.8297729512898466
BEL,2000,no_capital,lnorm,no_prereg,d,0.2064146408031978,0.0,0.32914217679968827,0.41433199023595885,-3.3894136011796125
BEL,2000,no_capital,flat,all,mawd,0.344154842342462,1.0,,,
BEL,2000,no_capital,flat,all,d,0.46721430363396166,1.0,,,
BEL,2001,no_capital,perm,all,mawd,0.3309535740149713,0.497,0.24890017411472662,0.33134477858597977,-0.12293196691153092
BEL,2001,no_capital,perm,all,d,0.4552385579738653,0.87,0.2995238120349958,0.3750837281947069,0.9699830947581435
BEL,2001,no_capital,perm,no_prereg,mawd,0.1465873549288304,0.0,0.23758393776790226,0.3072309761454456,-2.8253340059109515
BEL,2001,no_capital,perm,no_prereg,d,0.19504641996574187,0.0,0.2924668612127261,0.37098372558574805,-2.4750544534408916
BEL,2001,no_capital,lnorm,all,mawd,0.3309535740149713,0.162,0.2835881926081485,0.4062044333894942,-0.9956834825200983
BEL,2001,no_capital,lnorm,all,d,0.4552385579738653,0.723,0.33196970249687746,0.41438216049036236,0.5462421874655232
BEL,2001,no_capital,lnorm,no_prereg,mawd,0.1465873549288304,0.0,0.2627580621257681,0.375728485217447,-2.876425479767793
BEL,2001,no_capital,lnorm,no_prereg,d,0.19504641996574187,0.0,0.3231621906314613,0.4090995171800861,-3.379787289972056
BEL,2001,no_capital,flat,all,mawd,0.3309535740149713,1.0,,,
BEL,2001,no_capital,flat,all,d,0.4552385579738653,1.0,,,
BEL,2002,no_capital,perm,all,mawd,0.32892734818169717,0.546,0.24257703680366105,0.3220474924917277,-0.002483076681344215
BEL,2002,no_capital,perm,all,d,0.4347778552432952,0.858,0.2916172065904478,0.36132568931074427,0.9533414118904853
BEL,2002,no_capital,perm,no_prereg,mawd,0.1535668088067753,0.0,0.22934842657473942,0.3008244930922158,-2.6549912404268934
BEL,2002,no_capital,perm,no_prereg,d,0.20227013409285652,0.0,0.28388511669149175,0.3555668549428408,-2.339376541389554
BEL,2002,no_capital,lnorm,all,mawd,0.32892734818169717,0.179,0.2762395456970828,0.3953009128675692,-0.9332706964440971
BEL,2002,no_capital,lnorm,all,d,0.4347778552432952,0.714,0.32468738564795063,0.39791973776645717,0.5185557599923838
BEL,2002,no_capital,lnorm,no_prereg,mawd,0.1535668088067753,0.0,0.2577869985078695,0.36907344781721374,-2.7742842056212513
BEL,2002,no_capital,lnorm,no_prereg,d,0.20227013409285652,0.0,0.31330819212227734,0.3923413416415238,-3.206579143164537
BEL,2002,no_capital,flat,all,mawd,0.32892734818169717,1.0,,,
BEL,2002,no_capital,flat,all,d,0.4347778552432952,1.0,,,
BEL,2003,no_capital,perm,all,mawd,0.31982843168737984,0.419,0.24964986382468762,0.3317613370950457,-0.2918792166199385
BEL,2003,no_capital,perm,all,d,0.408346919475984,0.734,0.2985159990814787,0.37204106977955786,0.39684152344346796
BEL,2003,no_capital,perm,no_prereg,mawd,0.15748558486198194,0.0,0.23722369588475065,0.31514163832777264,-2.7173307742053026
BEL,2003,no_capital,perm,no_prereg,d,0.21114337217555953,0.0,0.29405757346942185,0.3702552280976815,-2.392872184642318
BEL,2003,no_capital,lnorm,all,mawd,0.31982843168737984,0.118,0.28585867236798584,0.40536675562186586,-1.1448607579742278
BEL,2003,no_capital,lnorm,all,d,0.408346919475984,0.518,0.33062434354324793,0.406658544309931,-0.08629595905659282
BEL,2003,no_capital,lnorm,no_prereg,mawd,0.15748558486198194,0.0,0.26580795384141115,0.38180456896904424,-2.7729885827271823
BEL,2003,no_capital,lnorm,no_prereg,d,0.21114337217555953,0.0,0.32411748206215046,0.4054255917978723,-3.2623459770962366
BEL,2003,no_capital,flat,all,mawd,0.31982843168737984,1.0,,,
BEL,2003,no_capital,flat,all,d,0.408346919475984,1.0,,,
BEL,2004,no_capital,perm,all,mawd,0.31286012452575307,0.316,0.25915849837587107,0.33986029877014884,-0.5624419982458435
BEL,2004,no_capital,perm,all,d,0.3843997711475126,0.553,0.3042829695214357,0.37764320470014484,-0.076720426741849
BEL,2004,no_capital,perm,no_prereg,mawd,0.164295629777729,0.0,0.24424694691916599,0.3222782174420117,-2.6736099546300887
BEL,2004,no_capital,perm,no_prereg,d,0.20296528088402624,0.0,0.2959945802297943,0.3743795880676873,-2.4617829706239585
BEL,2004,no_capital,lnorm,all,mawd,0.31286012452575307,0.083,0.29394361534208713,0.4189368099172834,-1.3454644734629118
BEL,2004,no_capital,lnorm,all,d,0.3843997711475126,0.299,0.33379169339493153,0.41319684111746713,-0.6017162415630825
BEL,2004,no_capital,lnorm,no_prereg,mawd,0.164295629777729,0.0,0.2731808554774849,0.3950580705032326,-2.7076987482611647
BEL,2004,no_capital,lnorm,no_prereg,d,0.20296528088402624,0.0,0.3243029164641694,0.4116951589426261,-3.2966657903893433
BEL,2004,no_capital,flat,all,mawd,0.31286012452575307,1.0,,,
BEL,2004,no_capital,flat,all,d,0.3843997711475126,1.0,,,
BEL,2005,no_capital,perm,all,mawd,0.3281309930410133,0.437,0.25517178303219323,0.3369551204619147,-0.27314401113114417
BEL,2005,no_capital,perm,all,d,0.4118274608586796,0.738,0.2960271250398577,0.36946616682854794,0.3798277300862531
BEL,2005,no_capital,perm,no_prereg,mawd,0.1681346614852731,0.0,0.2381617684163699,0.3165885392861166,-2.4675291144512195
BEL,2005,no_capital,perm,no_prereg,d,0.2082328651757002,0.0,0.2875225140303292,0.3620457169908038,-2.1094500374018637
BEL,2005,no_capital,lnorm,all,mawd,0.3281309930410133,0.093,0.2996648162814608,0.43188359446286523,-1.2565495063013905
BEL,2005,no_capital,lnorm,all,d,0.4118274608586796,0.522,0.3313200014932146,0.4091196908846658,-0.11122848169233329
BEL,2005,no_capital,lnorm,no_prereg,mawd,0.1681346614852731,0.0,0.28157702657211187,0.4053919213398913,-2.6695975378525887
BEL,2005,no_capital,lnorm,no_prereg,d,0.2082328651757002,0.0,0.3184525162346293,0.4028763446261223,-3.0051725186825236
BEL,2005,no_capital,flat,all,mawd,0.3281309930410133,1.0,,,
BEL,2005,no_capital,flat,all,d,0.4118274608586796,1.0,,,
BEL,2006,no_capital,perm,all,mawd,0.33368075776505135,0.396,0.263700480872448,0.35168670637238075,-0.36474446865607185
BEL,2006,no_capital,perm,all,d,0.43917386371696576,0.783,0.3022188730043378,0.38019461625462175,0.5596214992816799
BEL,2006,no_capital,perm,no_prereg,mawd,0.16283520794512238,0.0,0.24576424252224263,0.3281067311403238,-2.6587746372510326
BEL,2006,no_capital,perm,no_prereg,d,0.19845333404589272,0.0,0.29466808525495536,0.3749870835073913,-2.3393921621123193
BEL,2006,no_capital,lnorm,all,mawd,0.33368075776505135,0.085,0.3065085000298497,0.44593918078184525,-1.2914708896005291
BEL,2006,no_capital,lnorm,all,d,0.43917386371696576,0.578,0.3395933878154477,0.4266009325674197,0.09189528838362529
BEL,2006,no_capital,lnorm,no_prereg,mawd,0.16283520794512238,0.0,0.2884956593476976,0.41696286010248196,-2.738124111857155
BEL,2006,no_capital,lnorm,no_prereg,d,0.19845333404589272,0.0,0.32903881955531233,0.42046523697370825,-3.3017064948600465
BEL,2006,no_capital,flat,all,mawd,0.33368075776505135,1.0,,,
BEL,2006,no_capital,flat,all,d,0.43917386371696576,1.0,,,
BEL,2007,no_capital,perm,all,mawd,0.3466107019006998,0.458,0.2610504287403945,0.35315157754317716,-0.19836569592528083
BEL,2007,no_capital,perm,all,d,0.4744683236386136,0.849,0.3038626156887978,0.3820605211583966,0.9602439476463952
BEL,2007,no_capital,perm,no_prereg,mawd,0.1637051600563376,0.0,0.24459514486480155,0.32785670133836353,-2.646841230015412
BEL,2007,no_capital,perm,no_prereg,d,0.19560086501125482,0.0,0.2961031513057396,0.3754899821210118,-2.374664663488818
BEL,2007,no_capital,lnorm,all,mawd,0.3466107019006998,0.113,0.30538856631152955,0.44865031991328375,-1.1450635101183546
BEL,2007,no_capital,lnorm,all,d,0.4744683236386136,0.728,0.3412275705525363,0.4301381058625486,0.5588164627627272
BEL,2007,no_capital,lnorm,no_prereg,mawd,0.1637051600563376,0.0,0.2872383320374171,0.41616855400719266,-2.7189951615024706
BEL,2007,no_capital,lnorm,no_prereg,d,0.19560086501125482,0.0,0.32754123264417917,0.4214621494485366,-3.3051388591386575
BEL,2007,no_capital,flat,all,mawd,0.3466107019006998,1.0,,,
BEL,2007,no_capital,flat,all,d,0.4744683236386136,1.0,,,
BEL,2008,no_capital,perm,all,mawd,0.32506067537367694,0.407,0.2506919916830196,0.3388992195656797,-0.3196328019374098
BEL,2008,no_capital,perm,all,d,0.4489534664787453,0.857,0.28603095974830356,0.35997721953273015,0.9183188001404784
BEL,2008,no_capital,perm,no_prereg,mawd,0.16025371940118643,0.0,0.23727306649939878,0.3158836731881457,-2.53494356165788
BEL,2008,no_capital,perm,no_prereg,d,0.19130344108845634,0.0,0.27665514208933506,0.350022019288389,-2.164533436261725
BEL,2008,no_capital,lnorm,all,mawd,0.32506067537367694,0.081,0.30111627097385196,0.4410345702530071,-1.3162481915105293
BEL,2008,no_capital,lnorm,all,d,0.4489534664787453,0.714,0.3255550968347165,0.40667943932596284,0.4820587075648056
BEL,2008,no_capital,lnorm,no_prereg,mawd,0.16025371940118643,0.0,0.2813903768813239,0.4116105102447358,-2.7308711290687926
BEL,2008,no_capital,lnorm,no_prereg,d,0.19130344108845634,0.0,0.3135287917595326,0.3932711444181331,-3.028321989852676
BEL,2008,no_capital,flat,all,mawd,0.32506067537367694,1.0,,,
BEL,2008,no_capital,flat,all,d,0.4489534664787453,1.0,,,
BEL,2009,no_capital,perm,all,mawd,0.2989025291146521,0.298,0.24651423676788978,0.3304261310973758,-0.6125886439428958
BEL,2009,no_capital,perm,all,d,0.36760633465274967,0.666,0.2761226989456391,0.34020723974144434,0.1250895754366683
BEL,2009,no_capital,perm,no_prereg,mawd,0.1486135872381405,0.0,0.23769850057970532,0.3199590709178458,-2.514890186051615
BEL,2009,no_capital,perm,no_prereg,d,0.17411039944258092,0.0,0.267908375667338,0.3346150313833477,-2.1063026597978514
BEL,2009,no_capital,lnorm,all,mawd,0.2989025291146521,0.056,0.2961899947437598,0.42712978382368205,-1.508613525821547
BEL,2009,no_capital,lnorm,all,d,0.36760633465274967,0.373,0.3072877833832512,0.3832084866396227,-0.4165916269653217
BEL,2009,no_capital,lnorm,no_prereg,mawd,0.1486135872381405,0.0,0.2761989701113707,0.40875093677674235,-2.7629835365702826
BEL,2009,no_capital,lnorm,no_prereg,d,0.17411039944258092,0.0,0.2978812385009611,0.37699458697326144,-2.899804659951035
BEL,2009,no_capital,flat,all,mawd,0.2989025291146521,1.0,,,
BEL,2009,no_capital,flat,all,d,0.36760633465274967,1.0,,,
BEL,2010,no_capital,perm,all,mawd,0.29167643881127764,0.17,0.25591859418881,0.344784256426885,-0.8890470656483516
BEL,2010,no_capital,perm,all,d,0.3554753394979627,0.513,0.28167964456051364,0.35379634851417385,-0.2042157989984654
BEL,2010,no_capital,perm,no_prereg,mawd,0.14730639017824437,0.0,0.24727173277039585,0.3329408229709909,-2.511634935943433
BEL,2010,no_capital,perm,no_prereg,d,0.17204225602733195,0.0,0.27203368662271465,0.34513474050262627,-2.039368279978792
BEL,2010,no_capital,lnorm,all,mawd,0.29167643881127764,0.036,0.3014949584043437,0.4376166984056301,-1.6458108804205183
BEL,2010,no_capital,lnorm,all,d,0.3554753394979627,0.228,0.31239174143388077,0.3971971443072647,-0.7341639141232116
BEL,2010,no_capital,lnorm,no_prereg,mawd,0.14730639017824437,0.0,0.2842189051758568,0.42277173957360564,-2.7427245156207594
BEL,2010,no_capital,lnorm,no_prereg,d,0.17204225602733195,0.0,0.30129935518324336,0.3903517532915821,-2.7255526455703616
BEL,2010,no_capital,flat,all,mawd,0.29167643881127764,1.0,,,
BEL,2010,no_capital,flat,all,d,0.3554753394979627,1.0,,,
BEL,2011,no_capital,perm,all,mawd,0.27617180917354606,0.085,0.2638069112974156,0.3529140618923905,-1.1939955783988172
BEL,2011,no_capital,perm,all,d,0.3477282748796183,0.439,0.28575894102202976,0.35729189391706373,-0.34327753142669304
BEL,2011,no_capital,perm,no_prereg,mawd,0.14017698337318008,0.0,0.24982210758395204,0.3402397389769032,-2.6558859569321154
BEL,2011,no_capital,perm,no_prereg,d,0.16813133223240173,0.0,0.2763680002989975,0.35218793031839635,-2.1153894313014727
BEL,2011,no_capital,lnorm,all,mawd,0.27617180917354606,0.013,0.30777859367163685,0.44600480305587,-1.8424632290590317
BEL,2011,no_capital,lnorm,all,d,0.3477282748796183,0.159,0.3183799116791697,0.4032480843691144,-0.9079626406664247
BEL,2011,no_capital,lnorm,no_prereg,mawd,0.14017698337318008,0.0,0.2874999571585804,0.43061100967245486,-2.8076227808835545
BEL,2011,no_capital,lnorm,no_prereg,d,0.16813133223240173,0.0,0.3068671122678115,0.39712237926585564,-2.7939344557145427
BEL,2011,no_capital,flat,all,mawd,0.27617180917354606,1.0,,,
BEL,2011,no_capital,flat,all,d,0.3477282748796183,1.0,,,
BEL,2012,no_capital,perm,all,mawd,0.2670713552551138,0.071,0.2566017377451292,0.3483925160103766,-1.2403999264169387
BEL,2012,no_capital,perm,all,d,0.32720973953885,0.299,0.2801727451107015,0.35397083910163174,-0.5199201571140355
BEL,2012,no_capital,perm,no_prereg,mawd,0.13825907690195732,0.0,0.24534950676435202,0.33544023870404666,-2.593095179623808
BEL,2012,no_capital,perm,no_prereg,d,0.15929811358009255,0.0,0.2717489288372813,0.3473592526395812,-2.134824347546711
BEL,2012,no_capital,lnorm,all,mawd,0.2670713552551138,0.008,0.30604927980046664,0.44278445157763113,-1.9173270733219634
BEL,2012,no_capital,lnorm,all,d,0.32720973953885,0.087,0.313814272306504,0.39835521872159874,-1.1176083790277143
BEL,2012,no_capital,lnorm,no_prereg,mawd,0.13825907690195732,0.0,0.285934730164728,0.4304090371722873,-2.8012589271239627
BEL,2012,no_capital,lnorm,no_prereg,d,0.15929811358009255,0.0,0.30252016054923175,0.3948477412953185,-2.82443892602734
BEL,2012,no_capital,flat,all,mawd,0.2670713552551138,1.0,,,
BEL,2012,no_capital,flat,all,d,0.32720973953885,1.0,,,
BEL,2013,no_capital,perm,all,mawd,0.2632038802457372,0.088,0.25027737753635376,0.3357267602872384,-1.1776777382076036
BEL,2013,no_capital,perm,all,d,0.32044219166565996,0.319,0.271720169797622,0.3412423094445477,-0.4786904716963431
BEL,2013,no_capital,perm,no_prereg,mawd,0.1362278082003724,0.0,0.23906340078301588,0.3274507646220026,-2.5947086112111153
BEL,2013,no_capital,perm,no_prereg,d,0.16072063519870133,0.0,0.26652088211832914,0.33812411130038966,-2.123834724063798
BEL,2013,no_capital,lnorm,all,mawd,0.2632038802457372,0.01,0.29907987652784607,0.43148063797824376,-1.891873333561958
BEL,2013,no_capital,lnorm,all,d,0.32044219166565996,0.085,0.3072251830616392,0.3895293525616965,-1.1197421619384158
BEL,2013,no_capital,lnorm,no_prereg,mawd,0.1362278082003724,0.0,0.2806415875153422,0.42015050246077956,-2.8209094279485774
BEL,2013,no_capital,lnorm,no_prereg,d,0.16072063519870133,0.0,0.29777470587104365,0.38601710132637057,-2.860561848388133
BEL,2013,no_capital,flat,all,mawd,0.2632038802457372,1.0,,,
BEL,2013,no_capital,flat,all,d,0.32044219166565996,1.0,,,
BEL,2014,no_capital,perm,all,mawd,0.26551028666114046,0.09,0.25205207791358336,0.33834249536843963,-1.1823264864628633
BEL,2014,no_capital,perm,all,d,0.3245149146619065,0.347,0.2732853311091377,0.34246829299676335,-0.4457043921101797
BEL,2014,no_capital,perm,no_prereg,mawd,0.1367987400203696,0.0,0.24065110567323955,0.32891919324919217,-2.6193454907793754
BEL,2014,no_capital,perm,no_prereg,d,0.1625987025073286,0.0,0.2676764706132672,0.3389270351259658,-2.12214790266871
BEL,2014,no_capital,lnorm,all,mawd,0.26551028666114046,0.013,0.300422505642113,0.4309551315270339,-1.8696005961391662
BEL,2014,no_capital,lnorm,all,d,0.3245149146619065,0.1,0.306848069891644,0.3889501283667143,-1.0615530228533296
BEL,2014,no_capital,lnorm,no_prereg,mawd,0.1367987400203696,0.0,0.27994056055328975,0.42143540120822004,-2.8193110359243136
BEL,2014,no_capital,lnorm,no_prereg,d,0.1625987025073286,0.0,0.2973223163823079,0.3855787241383668,-2.8298020864587663
BEL,2014,no_capital,flat,all,mawd,0.26551028666114046,1.0,,,
BEL,2014,no_capital,flat,all,d,0.3245149146619065,1.0,,,
BGR,2000,no_capital,perm,all,mawd,0.7913747765805731,0.98,0.2547586429993591,0.37495337793018557,2.8552798029578286
BGR,2000,no_capital,perm,all,d,0.8018484316546265,0.99,0.30492173871724976,0.3963383106240985,2.9070929867010022
BGR,2000,no_capital,perm,no_prereg,mawd,0.2616787008531139,0.139,0.2315079489445774,0.3227708234159915,-0.9966351744302143
BGR,2000,no_capital,perm,no_prereg,d,0.26448479747722947,0.016,0.2874751396474627,0.3641065174293095,-1.3718766615134845
BGR,2000,no_capital,lnorm,all,mawd,0.7913747765805731,0.972,0.30386461909845325,0.45782824526814137,2.3518415346294916
BGR,2000,no_capital,lnorm,all,d,0.8018484316546265,0.999,0.3343774772734376,0.43686777403010985,3.893879404332234
BGR,2000,no_capital,lnorm,no_prereg,mawd,0.2616787008531139,0.043,0.27066798615550447,0.3938821867151526,-1.5036850395540868
BGR,2000,no_capital,lnorm,no_prereg,d,0.26448479747722947,0.002,0.3142047411574287,0.3938057110590577,-2.0457710105513907
BGR,2000,no_capital,flat,all,mawd,0.7913747765805731,1.0,,,
BGR,2000,no_capital,flat,all,d,0.8018484316546265,1.0,,,
BGR,2001,no_capital,perm,all,mawd,0.6844565237897852,0.986,0.25508615578759863,0.36656130736480075,2.854345873796541
BGR,2001,no_capital,perm,all,d,0.7087712091524998,0.99,0.3102772920681372,0.398044503376555,2.923314831101416
BGR,2001,no_capital,perm,no_prereg,mawd,0.2767988674871964,0.246,0.23006876878137503,0.31345218932087815,-0.7230647275095504
BGR,2001,no_capital,perm,no_prereg,d,0.27005489229743884,0.014,0.2898339022951747,0.3618779611546473,-1.5157678007351487
BGR,2001,no_capital,lnorm,all,mawd,0.6844565237897852,0.97,0.29344384343661417,0.42870696933376645,2.163171846560451
BGR,2001,no_capital,lnorm,all,d,0.7087712091524998,0.996,0.33057207208335093,0.4225003996241048,3.770662571955452
BGR,2001,no_capital,lnorm,no_prereg,mawd,0.2767988674871964,0.091,0.2577242361003914,0.368874726564911,-1.1894393422882912
BGR,2001,no_capital,lnorm,no_prereg,d,0.27005489229743884,0.003,0.3080057777262173,0.38552430995779635,-2.1087355428086028
BGR,2001,no_capital,flat,all,mawd,0.6844565237897852,1.0,,,
BGR,2001,no_capital,flat,all,d,0.7087712091524998,1.0,,,
BGR,2002,no_capital,perm,all,mawd,0.7397506542333522,0.994,0.25399385105914324,0.365775416101128,3.363981218873236
BGR,2002,no_capital,perm,all,d,0.6995924562916562,0.988,0.3002945653387947,0.38989004164609875,3.0371991282877184
BGR,2002,no_capital,perm,no_prereg,mawd,0.29224003886490135,0.363,0.22818855223650555,0.3136040807561723,-0.44503867521843976
BGR,2002,no_capital,perm,no_prereg,d,0.27922349835365734,0.044,0.2814513610174773,0.3509950560225811,-1.2644560576933115
BGR,2002,no_capital,lnorm,all,mawd,0.7397506542333522,0.988,0.2858906910770134,0.4180718956684377,2.844260241419747
BGR,2002,no_capital,lnorm,all,d,0.6995924562916562,0.998,0.31767127048152805,0.4064041702226934,3.860382087555024
BGR,2002,no_capital,lnorm,no_prereg,mawd,0.29224003886490135,0.166,0.25506647893626755,0.35651950611808636,-0.9267728100174821
BGR,2002,no_capital,lnorm,no_prereg,d,0.27922349835365734,0.019,0.2975996974743563,0.36564023627385345,-1.670927294573365
BGR,2002,no_capital,flat,all,mawd,0.7397506542333522,1.0,,,
BGR,2002,no_capital,flat,all,d,0.6995924562916562,1.0,,,
BGR,2003,no_capital,perm,all,mawd,0.6478808264498556,0.992,0.2593229108839274,0.3605710179013454,3.0420622605937058
BGR,2003,no_capital,perm,all,d,0.6565090802784634,0.982,0.3071176275980298,0.402369453905567,2.8108452178670893
BGR,2003,no_capital,perm,no_prereg,mawd,0.2819298507970449,0.287,0.2301452894001183,0.31382854498538676,-0.6142757768933035
BGR,2003,no_capital,perm,no_prereg,d,0.27162492694898943,0.03,0.2789472726062223,0.35133491195977484,-1.4314187535780265
BGR,2003,no_capital,lnorm,all,mawd,0.6478808264498556,0.984,0.28184585822166625,0.4032564738846288,2.4020275215638
BGR,2003,no_capital,lnorm,all,d,0.6565090802784634,0.996,0.31825405267403445,0.4103448459765129,3.519324311621358
BGR,2003,no_capital,lnorm,no_prereg,mawd,0.2819298507970449,0.148,0.24927762325885203,0.34753417344361026,-0.9852643502836618
BGR,2003,no_capital,lnorm,no_prereg,d,0.27162492694898943,0.018,0.29123526713529413,0.36769358284586007,-1.8118554136033338
BGR,2003,no_capital,flat,all,mawd,0.6478808264498556,1.0,,,
BGR,2003,no_capital,flat,all,d,0.6565090802784634,1.0,,,
BGR,2004,no_capital,perm,all,mawd,0.6177558602204023,0.982,0.2598709015177422,0.3613971275732358,2.679703234526778
BGR,2004,no_capital,perm,all,d,0.6396613204138248,0.977,0.3068288788090232,0.4018663052900969,2.571981184507625
BGR,2004,no_capital,perm,no_prereg,mawd,0.2708624134812587,0.23,0.22851048752694322,0.3126890362425173,-0.7853701517530899
BGR,2004,no_capital,perm,no_prereg,d,0.2795664750263507,0.05,0.28077035219563,0.36031892914043295,-1.3495612699833786
BGR,2004,no_capital,lnorm,all,mawd,0.6177558602204023,0.963,0.28627116822596227,0.41237146602870756,2.0270227996136425
BGR,2004,no_capital,lnorm,all,d,0.6396613204138248,0.995,0.32467790425452975,0.41783932477686503,3.2228791594687607
BGR,2004,no_capital,lnorm,no_prereg,mawd,0.2708624134812587,0.1,0.2510543560616779,0.35056626748787245,-1.1738010678170603
BGR,2004,no_capital,lnorm,no_prereg,d,0.2795664750263507,0.021,0.29893470417094686,0.3808818078688454,-1.8248483476887183
BGR,2004,no_capital,flat,all,mawd,0.6177558602204023,1.0,,,
BGR,2004,no_capital,flat,all,d,0.6396613204138248,1.0,,,
BGR,2005,no_capital,perm,all,mawd,0.497678767468879,0.96,0.2489195568089851,0.3450703737208739,1.977119634955719
BGR,2005,no_capital,perm,all,d,0.5298369355732755,0.941,0.30011797161074155,0.38937208298118975,1.8217927294329452
BGR,2005,no_capital,perm,no_prereg,mawd,0.239337128270543,0.109,0.21946900647494633,0.3008874081078101,-1.1949871963974052
BGR,2005,no_capital,perm,no_prereg,d,0.23696183778449706,0.001,0.277543863244427,0.35370154690748135,-1.947186626767704
BGR,2005,no_capital,lnorm,all,mawd,0.497678767468879,0.871,0.27325997672696534,0.3926080102551822,1.1598454223018124
BGR,2005,no_capital,lnorm,all,d,0.5298369355732755,0.971,0.32236460295979785,0.40745076536311575,2.1261587984741723
BGR,2005,no_capital,lnorm,no_prereg,mawd,0.239337128270543,0.043,0.24355078451005474,0.3396883193099266,-1.511829411085048
BGR,2005,no_capital,lnorm,no_prereg,d,0.23696183778449706,0.001,0.2965663739049587,0.3763713696256583,-2.571859234401454
BGR,2005,no_capital,flat,all,mawd,0.497678767468879,1.0,,,
BGR,2005,no_capital,flat,all,d,0.5298369355732755,1.0,,,
BGR,2006,no_capital,perm,all,mawd,0.4422730331936436,0.953,0.2445187716710794,0.32795324069959886,1.8117373641261907
BGR,2006,no_capital,perm,all,d,0.45839651291306016,0.863,0.3026456329730335,0.378069439023796,1.234873658564275
BGR,2006,no_capital,perm,no_prereg,mawd,0.24840729305851442,0.204,0.21421718323619476,0.28892691982011137,-0.8527190044323254
BGR,2006,no_capital,perm,no_prereg,d,0.23767765283863265,0.0,0.2741087310041553,0.3431192937214568,-1.8662365102298408
BGR,2006,no_capital,lnorm,all,mawd,0.4422730331936436,0.785,0.2700639160800501,0.375048500368275,0.8120436098503817
BGR,2006,no_capital,lnorm,all,d,0.45839651291306016,0.88,0.32593896635478486,0.40098961323833787,1.1808057051815226
BGR,2006,no_capital,lnorm,no_prereg,mawd,0.24840729305851442,0.068,0.23825773144377035,0.3306028237141254,-1.3077173634227999
BGR,2006,no_capital,lnorm,no_prereg,d,0.23767765283863265,0.002,0.2949544886308273,0.3719765100760384,-2.57054638668515
BGR,2006,no_capital,flat,all,mawd,0.4422730331936436,1.0,,,
BGR,2006,no_capital,flat,all,d,0.45839651291306016,1.0,,,
BGR,2007,no_capital,perm,all,mawd,0.5455334201731024,0.978,0.25095620470928703,0.3497366114731736,2.431663646914401
BGR,2007,no_capital,perm,all,d,0.5479819488326264,0.92,0.3098333673843962,0.40535236395983587,1.6581021121494477
BGR,2007,no_capital,perm,no_prereg,mawd,0.2623246317563292,0.321,0.21182400770167367,0.28345286065060193,-0.4968319077784428
BGR,2007,no_capital,perm,no_prereg,d,0.22953621197504567,0.0,0.2760404440376961,0.3481620034913827,-1.7925530354986847
BGR,2007,no_capital,lnorm,all,mawd,0.5455334201731024,0.942,0.2704167471229894,0.3902353566504537,1.6754400910913885
BGR,2007,no_capital,lnorm,all,d,0.5479819488326264,0.955,0.3371321636964504,0.43123337356718233,1.8123850126541385
BGR,2007,no_capital,lnorm,no_prereg,mawd,0.2623246317563292,0.166,0.23427304716490477,0.31891801783253837,-0.9692463796366554
BGR,2007,no_capital,lnorm,no_prereg,d,0.22953621197504567,0.002,0.29145408175447063,0.38067278753500966,-2.3244614382284974
BGR,2007,no_capital,flat,all,mawd,0.5455334201731024,1.0,,,
BGR,2007,no_capital,flat,all,d,0.5479819488326264,1.0,,,
BGR,2008,no_capital,perm,all,mawd,0.43702060749443516,0.921,0.2520811972759976,0.3421721500652353,1.545293913498214
BGR,2008,no_capital,perm,all,d,0.46256575672395106,0.859,0.31509736673495037,0.3926520548952736,1.0817650789599396
BGR,2008,no_capital,perm,no_prereg,mawd,0.24149577199552455,0.134,0.21673649811123805,0.29074721326138697,-1.0452437194681674
BGR,2008,no_capital,perm,no_prereg,d,0.21851606680124222,0.0,0.2842553937687527,0.34814669617469496,-2.468879515142052
BGR,2008,no_capital,lnorm,all,mawd,0.43702060749443516,0.716,0.27605725747499515,0.3874169494722892,0.5386517038739812
BGR,2008,no_capital,lnorm,all,d,0.46256575672395106,0.813,0.33574705939495836,0.4151228423281907,0.9042295309918306
BGR,2008,no_capital,lnorm,no_prereg,mawd,0.24149577199552455,0.055,0.23980403993271024,0.3338723732150977,-1.3872412472108853
BGR,2008,no_capital,lnorm,no_prereg,d,0.21851606680124222,0.0,0.3008879017542019,0.3756457467662205,-3.1487047803171095
BGR,2008,no_capital,flat,all,mawd,0.43702060749443516,1.0,,,
BGR,2008,no_capital,flat,all,d,0.46256575672395106,1.0,,,
BGR,2009,no_capital,perm,all,mawd,0.5000133989993369,0.972,0.25809041269338934,0.34947760211005857,2.148870157533713
BGR,2009,no_capital,perm,all,d,0.44885443167980177,0.888,0.3035134177462357,0.37798840450367155,1.2958358862598989
BGR,2009,no_capital,perm,no_prereg,mawd,0.26440648617957746,0.181,0.23311996157932155,0.3117406917373316,-0.9133807194873915
BGR,2009,no_capital,perm,no_prereg,d,0.21476054111449455,0.0,0.287062679556356,0.3529279349128692,-2.879023518023707
BGR,2009,no_capital,lnorm,all,mawd,0.5000133989993369,0.875,0.28198686268565554,0.39321067822821254,1.1980175481038449
BGR,2009,no_capital,lnorm,all,d,0.44885443167980177,0.883,0.323175249359647,0.3908886396059385,1.2512902041109688
BGR,2009,no_capital,lnorm,no_prereg,mawd,0.26440648617957746,0.088,0.25008129232071136,0.345007606935525,-1.2150989859253896
BGR,2009,no_capital,lnorm,no_prereg,d,0.21476054111449455,0.0,0.3004134872865117,0.3691555254975524,-3.4971206585467747
BGR,2009,no_capital,flat,all,mawd,0.5000133989993369,1.0,,,
BGR,2009,no_capital,flat,all,d,0.44885443167980177,1.0,,,
BGR,2010,no_capital,perm,all,mawd,0.5651313359703524,0.952,0.27767318510975836,0.3855027702164291,2.010899501779526
BGR,2010,no_capital,perm,all,d,0.5106711059371826,0.937,0.31682947872337847,0.3977907313488176,1.6500941166204188
BGR,2010,no_capital,perm,no_prereg,mawd,0.2581003310965371,0.107,0.24084954212425708,0.32741309450909334,-1.2694463102825002
BGR,2010,no_capital,perm,no_prereg,d,0.2275593348633161,0.0,0.2972351362403212,0.3605211606571878,-2.6801434332993765
BGR,2010,no_capital,lnorm,all,mawd,0.5651313359703524,0.851,0.30476117863735835,0.4430142825407054,1.0879553666642583
BGR,2010,no_capital,lnorm,all,d,0.5106711059371826,0.936,0.3398373519132442,0.4157165641976004,1.6883979481487632
BGR,2010,no_capital,lnorm,no_prereg,mawd,0.2581003310965371,0.034,0.26726661355997905,0.37540174078583066,-1.5388517653016158
BGR,2010,no_capital,lnorm,no_prereg,d,0.2275593348633161,0.0,0.31025642197253994,0.3813293877327796,-3.318888265685804
BGR,2010,no_capital,flat,all,mawd,0.5651313359703524,1.0,,,
BGR,2010,no_capital,flat,all,d,0.5106711059371826,1.0,,,
BGR,2011,no_capital,perm,all,mawd,0.5151368600176999,0.942,0.2702360148022598,0.3689824308519758,1.7751800687581012
BGR,2011,no_capital,perm,all,d,0.4769457648027535,0.883,0.31336307032561955,0.3890843686267101,1.2774367252283698
BGR,2011,no_capital,perm,no_prereg,mawd,0.2581101268381501,0.138,0.23645365688303846,0.3142814092822935,-1.1405998057035291
BGR,2011,no_capital,perm,no_prereg,d,0.2208759083498512,0.0,0.288604620919954,0.348711399039444,-2.724253887695476
BGR,2011,no_capital,lnorm,all,mawd,0.5151368600176999,0.762,0.3032547667737463,0.43468178111535144,0.6874618241765831
BGR,2011,no_capital,lnorm,all,d,0.4769457648027535,0.868,0.3395782812318748,0.4133848836091252,1.132384618872391
BGR,2011,no_capital,lnorm,no_prereg,mawd,0.2581101268381501,0.039,0.2640493519074894,0.3695135191600656,-1.50516534313944
BGR,2011,no_capital,lnorm,no_prereg,d,0.2208759083498512,0.0,0.3070708699224459,0.37552252334812614,-3.476307583671799
BGR,2011,no_capital,flat,all,mawd,0.5151368600176999,1.0,,,
BGR,2011,no_capital,flat,all,d,0.4769457648027535,1.0,,,
BGR,2012,no_capital,perm,all,mawd,0.5121485765472852,0.926,0.27544460708457974,0.3756392240034031,1.5961030360808335
BGR,2012,no_capital,perm,all,d,0.4793408924759866,0.835,0.32061176144075026,0.3977603137101974,1.0402226885567158
BGR,2012,no_capital,perm,no_prereg,mawd,0.2684553293217049,0.149,0.24504549612154164,0.32248971888271005,-1.0892805328215363
BGR,2012,no_capital,perm,no_prereg,d,0.2415443218193393,0.001,0.29468770202008515,0.36020672578521806,-2.1897450953178232
BGR,2012,no_capital,lnorm,all,mawd,0.5121485765472852,0.726,0.30731818751527173,0.44353505016811523,0.544904257914191
BGR,2012,no_capital,lnorm,all,d,0.4793408924759866,0.798,0.346490691061858,0.4264175896211436,0.8501542051877286
BGR,2012,no_capital,lnorm,no_prereg,mawd,0.2684553293217049,0.046,0.2718254705518786,0.3775633313253462,-1.4517455146118694
BGR,2012,no_capital,lnorm,no_prereg,d,0.2415443218193393,0.001,0.31282329533824865,0.3900458084097519,-2.8675925858239513
BGR,2012,no_capital,flat,all,mawd,0.5121485765472852,1.0,,,
BGR,2012,no_capital,flat,all,d,0.4793408924759866,1.0,,,
BGR,2013,no_capital,perm,all,mawd,0.5013349767624908,0.911,0.28638289076892287,0.3800239087941308,1.413721849150846
BGR,2013,no_capital,perm,all,d,0.475208512322458,0.858,0.3224546874091774,0.39682440401898844,1.1390561069821967
BGR,2013,no_capital,perm,no_prereg,mawd,0.25922247018829914,0.074,0.24895273162349638,0.3313021804754468,-1.3958814094033527
BGR,2013,no_capital,perm,no_prereg,d,0.24164901391911267,0.0,0.29441030096166376,0.35852441770447074,-2.3997141566472218
BGR,2013,no_capital,lnorm,all,mawd,0.5013349767624908,0.678,0.3162332526233115,0.45369439539106987,0.34796855322227804
BGR,2013,no_capital,lnorm,all,d,0.475208512322458,0.827,0.35018499814652465,0.42374245157207646,0.9407634254219192
BGR,2013,no_capital,lnorm,no_prereg,mawd,0.25922247018829914,0.024,0.2817105487781322,0.39128564220042084,-1.6855660094109015
BGR,2013,no_capital,lnorm,no_prereg,d,0.24164901391911267,0.0,0.31698777529543837,0.3863094125788298,-3.178493325370332
BGR,2013,no_capital,flat,all,mawd,0.5013349767624908,1.0,,,
BGR,2013,no_capital,flat,all,d,0.475208512322458,1.0,,,
BGR,2014,no_capital,perm,all,mawd,0.4446980362247072,0.878,0.2733956340893138,0.35997772831621694,1.2003081823044062
BGR,2014,no_capital,perm,all,d,0.4406279737219873,0.817,0.3114222406527318,0.3813190072320237,0.9533226418840683
BGR,2014,no_capital,perm,no_prereg,mawd,0.24140701065314524,0.056,0.2404067307424602,0.3146687884621332,-1.4867954455984418
BGR,2014,no_capital,perm,no_prereg,d,0.24100724954809935,0.0,0.2890727353647838,0.34793279777862274,-2.2552168784731634
BGR,2014,no_capital,lnorm,all,mawd,0.4446980362247072,0.617,0.3033014190500687,0.4194266288775783,0.1962222138522323
BGR,2014,no_capital,lnorm,all,d,0.4406279737219873,0.774,0.33555335078765347,0.40445690116865074,0.7369830937659341
BGR,2014,no_capital,lnorm,no_prereg,mawd,0.24140701065314524,0.02,0.27007495459911024,0.3673354168722349,-1.78882470470359
BGR,2014,no_capital,lnorm,no_prereg,d,0.24100724954809935,0.001,0.3074905657366197,0.3763323313597631,-3.011879435575636
BGR,2014,no_capital,flat,all,mawd,0.4446980362247072,1.0,,,
BGR,2014,no_capital,flat,all,d,0.4406279737219873,1.0,,,
BRA,2000,no_capital,perm,all,mawd,,0.0,,,
BRA,2000,no_capital,perm,all,d,,0.0,,,
BRA,2000,no_capital,perm,no_prereg,mawd,,0.0,,,
BRA,2000,no_capital,perm,no_prereg,d,,0.0,,,
BRA,2000,no_capital,lnorm,all,mawd,,0.0,0.48323149300975954,0.7498982198176516,
BRA,2000,no_capital,lnorm,all,d,,0.0,0.5994212187873275,0.9137298139298384,
BRA,2000,no_capital,lnorm,no_prereg,mawd,,0.0,0.42231705834500716,0.638801223506412,
BRA,2000,no_capital,lnorm,no_prereg,d,,0.0,0.524236922473971,0.8652815585238729,
BRA,2000,no_capital,flat,all,mawd,,0.0,,,
BRA,2000,no_capital,flat,all,d,,0.0,,,
BRA,2001,no_capital,perm,all,mawd,,0.0,,,
BRA,2001,no_capital,perm,all,d,,0.0,,,
BRA,2001,no_capital,perm,no_prereg,mawd,,0.0,,,
BRA,2001,no_capital,perm,no_prereg,d,,0.0,,,
BRA,2001,no_capital,lnorm,all,mawd,,0.0,0.4870703720302585,0.7498737262975244,
BRA,2001,no_capital,lnorm,all,d,,0.0,0.6081799895540354,0.920030109857431,
BRA,2001,no_capital,lnorm,no_prereg,mawd,,0.0,0.42044082296515656,0.6386227303119074,
BRA,2001,no_capital,lnorm,no_prereg,d,,0.0,0.5307973896953025,0.8775772403139317,
BRA,2001,no_capital,flat,all,mawd,,0.0,,,
BRA,2001,no_capital,flat,all,d,,0.0,,,
BRA,2002,no_capital,perm,all,mawd,,0.0,,,
BRA,2002,no_capital,perm,all,d,,0.0,,,
BRA,2002,no_capital,perm,no_prereg,mawd,,0.0,,,
BRA,2002,no_capital,perm,no_prereg,d,,0.0,,,
BRA,2002,no_capital,lnorm,all,mawd,,0.0,0.48474468297937323,0.7494984571401506,
BRA,2002,no_capital,lnorm,all,d,,0.0,0.6057466951689979,0.9175331498152304,
BRA,2002,no_capital,lnorm,no_prereg,mawd,,0.0,0.4224817612464378,0.6358604842423287,
BRA,2002,no_capital,lnorm,no_prereg,d,,0.0,0.5293713230545167,0.8741727985591413,
BRA,2002,no_capital,flat,all,mawd,,0.0,,,
BRA,2002,no_capital,flat,all,d,,0.0,,,
BRA,2003,no_capital,perm,all,mawd,,0.0,,,
BRA,2003,no_capital,perm,all,d,,0.0,,,
BRA,2003,no_capital,perm,no_prereg,mawd,,0.0,,,
BRA,2003,no_capital,perm,no_prereg,d,,0.0,,,
BRA,2003,no_capital,lnorm,all,mawd,,0.0,0.4773926312524489,0.7368168738037523,
BRA,2003,no_capital,lnorm,all,d,,0.0,0.607227679110195,0.9174928485559604,
BRA,2003,no_capital,lnorm,no_prereg,mawd,,0.0,0.41429986097015875,0.6253447759714297,
BRA,2003,no_capital,lnorm,no_prereg,d,,0.0,0.5280462843068064,0.8735964167077619,
BRA,2003,no_capital,flat,all,mawd,,0.0,,,
BRA,2003,no_capital,flat,all,d,,0.0,,,
BRA,2004,no_capital,perm,all,mawd,,0.0,,,
BRA,2004,no_capital,perm,all,d,,0.0,,,
BRA,2004,no_capital,perm,no_prereg,mawd,,0.0,,,
BRA,2004,no_capital,perm,no_prereg,d,,0.0,,,
BRA,2004,no_capital,lnorm,all,mawd,,0.0,0.48373757327101685,0.7331082568935579,
BRA,2004,no_capital,lnorm,all,d,,0.0,0.605379295832568,0.920267509889446,
BRA,2004,no_capital,lnorm,no_prereg,mawd,,0.0,0.42275751460352695,0.6339769437131954,
BRA,2004,no_capital,lnorm,no_prereg,d,,0.0,0.5238407368843432,0.8745175316169294,
BRA,2004,no_capital,flat,all,mawd,,0.0,,,
BRA,2004,no_capital,flat,all,d,,0.0,,,
BRA,2005,no_capital,perm,all,mawd,,0.0,,,
BRA,2005,no_capital,perm,all,d,,0.0,,,
BRA,2005,no_capital,perm,no_prereg,mawd,,0.0,,,
BRA,2005,no_capital,perm,no_prereg,d,,0.0,,,
BRA,2005,no_capital,lnorm,all,mawd,,0.0,0.4917374375150359,0.763214991706674,
BRA,2005,no_capital,lnorm,all,d,,0.0,0.6184296058800813,0.9348248170453202,
BRA,2005,no_capital,lnorm,no_prereg,mawd,,0.0,0.42776193317314215,0.6431413148653494,
BRA,2005,no_capital,lnorm,no_prereg,d,,0.0,0.5354442751056228,0.8963881196911667,
BRA,2005,no_capital,flat,all,mawd,,0.0,,,
BRA,2005,no_capital,flat,all,d,,0.0,,,
BRA,2006,no_capital,perm,all,mawd,,0.0,,,
BRA,2006,no_capital,perm,all,d,,0.0,,,
BRA,2006,no_capital,perm,no_prereg,mawd,,0.0,,,
BRA,2006,no_capital,perm,no_prereg,d,,0.0,,,
BRA,2006,no_capital,lnorm,all,mawd,,0.0,0.5375326455802653,0.8319518807128202,
BRA,2006,no_capital,lnorm,all,d,,0.0,0.6497950055069984,0.9794079501628984,
BRA,2006,no_capital,lnorm,no_prereg,mawd,,0.0,0.45720122034850097,0.7066505548314519,
BRA,2006,no_capital,lnorm,no_prereg,d,,0.0,0.5554636633406568,0.9438176859153089,
BRA,2006,no_capital,flat,all,mawd,,0.0,,,
BRA,2006,no_capital,flat,all,d,,0.0,,,
BRA,2007,no_capital,perm,all,mawd,,0.0,,,
BRA,2007,no_capital,perm,all,d,,0.0,,,
BRA,2007,no_capital,perm,no_prereg,mawd,,0.0,,,
BRA,2007,no_capital,perm,no_prereg,d,,0.0,,,
BRA,2007,no_capital,lnorm,all,mawd,,0.0,0.488781784664508,0.7450376911434999,
BRA,2007,no_capital,lnorm,all,d,,0.0,0.6060992236660714,0.9154781629669617,
BRA,2007,no_capital,lnorm,no_prereg,mawd,,0.0,0.4285196563717248,0.6399271749425041,
BRA,2007,no_capital,lnorm,no_prereg,d,,0.0,0.5258643560933304,0.8740453921236946,
BRA,2007,no_capital,flat,all,mawd,,0.0,,,
BRA,2007,no_capital,flat,all,d,,0.0,,,
BRA,2008,no_capital,perm,all,mawd,,0.0,,,
BRA,2008,no_capital,perm,all,d,,0.0,,,
BRA,2008,no_capital,perm,no_prereg,mawd,,0.0,,,
BRA,2008,no_capital,perm,no_prereg,d,,0.0,,,
BRA,2008,no_capital,lnorm,all,mawd,,0.0,0.48205884681869354,0.7303820233747268,
BRA,2008,no_capital,lnorm,all,d,,0.0,0.6045905874653336,0.912922292455999,
BRA,2008,no_capital,lnorm,no_prereg,mawd,,0.0,0.42518189577656806,0.6329416248079267,
BRA,2008,no_capital,lnorm,no_prereg,d,,0.0,0.5270254342531602,0.8723863857453338,
BRA,2008,no_capital,flat,all,mawd,,0.0,,,
BRA,2008,no_capital,flat,all,d,,0.0,,,
BRA,2009,no_capital,perm,all,mawd,,0.0,,,
BRA,2009,no_capital,perm,all,d,,0.0,,,
BRA,2009,no_capital,perm,no_prereg,mawd,,0.0,,,
BRA,2009,no_capital,perm,no_prereg,d,,0.0,,,
BRA,2009,no_capital,lnorm,all,mawd,,0.0,0.4549069588424668,0.6823464762529017,
BRA,2009,no_capital,lnorm,all,d,,0.0,0.5768758219488621,0.8618604081152097,
BRA,2009,no_capital,lnorm,no_prereg,mawd,,0.0,0.39932722129633436,0.6026553047802776,
BRA,2009,no_capital,lnorm,no_prereg,d,,0.0,0.5038413864127231,0.8187478230758922,
BRA,2009,no_capital,flat,all,mawd,,0.0,,,
BRA,2009,no_capital,flat,all,d,,0.0,,,
BRA,2010,no_capital,perm,all,mawd,,0.0,,,
BRA,2010,no_capital,perm,all,d,,0.0,,,
BRA,2010,no_capital,perm,no_prereg,mawd,,0.0,,,
BRA,2010,no_capital,perm,no_prereg,d,,0.0,,,
BRA,2010,no_capital,lnorm,all,mawd,,0.0,0.5112320700503866,0.7799562869851848,
BRA,2010,no_capital,lnorm,all,d,,0.0,0.6242808096746081,0.9466507262411337,
BRA,2010,no_capital,lnorm,no_prereg,mawd,,0.0,0.4367943536489927,0.6848436325354755,
BRA,2010,no_capital,lnorm,no_prereg,d,,0.0,0.5348118926788741,0.9064767816913997,
BRA,2010,no_capital,flat,all,mawd,,0.0,,,
BRA,2010,no_capital,flat,all,d,,0.0,,,
BRA,2011,no_capital,perm,all,mawd,,0.0,,,
BRA,2011,no_capital,perm,all,d,,0.0,,,
BRA,2011,no_capital,perm,no_prereg,mawd,,0.0,,,
BRA,2011,no_capital,perm,no_prereg,d,,0.0,,,
BRA,2011,no_capital,lnorm,all,mawd,,0.0,0.5162627950995015,0.7691241444961572,
BRA,2011,no_capital,lnorm,all,d,,0.0,0.618464572635113,0.9402646785538099,
BRA,2011,no_capital,lnorm,no_prereg,mawd,,0.0,0.44337612339870636,0.6818331202260588,
BRA,2011,no_capital,lnorm,no_prereg,d,,0.0,0.5341905986795052,0.8989843466753062,
BRA,2011,no_capital,flat,all,mawd,,0.0,,,
BRA,2011,no_capital,flat,all,d,,0.0,,,
BRA,2012,no_capital,perm,all,mawd,,0.0,,,
BRA,2012,no_capital,perm,all,d,,0.0,,,
BRA,2012,no_capital,perm,no_prereg,mawd,,0.0,,,
BRA,2012,no_capital,perm,no_prereg,d,,0.0,,,
BRA,2012,no_capital,lnorm,all,mawd,,0.0,0.5084278903307451,0.7555776390017575,
BRA,2012,no_capital,lnorm,all,d,,0.0,0.6140343420068937,0.9294464453779636,
BRA,2012,no_capital,lnorm,no_prereg,mawd,,0.0,0.43637950456165764,0.6646784267224916,
BRA,2012,no_capital,lnorm,no_prereg,d,,0.0,0.528118992100613,0.8889500344696715,
BRA,2012,no_capital,flat,all,mawd,,0.0,,,
BRA,2012,no_capital,flat,all,d,,0.0,,,
BRA,2013,no_capital,perm,all,mawd,,0.0,,,
BRA,2013,no_capital,perm,all,d,,0.0,,,
BRA,2013,no_capital,perm,no_prereg,mawd,,0.0,,,
BRA,2013,no_capital,perm,no_prereg,d,,0.0,,,
BRA,2013,no_capital,lnorm,all,mawd,,0.0,0.5064306417415986,0.76084447289688,
BRA,2013,no_capital,lnorm,all,d,,0.0,0.6142853694132778,0.927185813942258,
BRA,2013,no_capital,lnorm,no_prereg,mawd,,0.0,0.43483838778129896,0.6715396633497478,
BRA,2013,no_capital,lnorm,no_prereg,d,,0.0,0.5292611234348967,0.8878910562567064,
BRA,2013,no_capital,flat,all,mawd,,0.0,,,
BRA,2013,no_capital,flat,all,d,,0.0,,,
BRA,2014,no_capital,perm,all,mawd,,0.0,,,
BRA,2014,no_capital,perm,all,d,,0.0,,,
BRA,2014,no_capital,perm,no_prereg,mawd,,0.0,,,
BRA,2014,no_capital,perm,no_prereg,d,,0.0,,,
BRA,2014,no_capital,lnorm,all,mawd,,0.0,0.48885557145127123,0.7366841766891681,
BRA,2014,no_capital,lnorm,all,d,,0.0,0.6012053314918986,0.8991327807306877,
BRA,2014,no_capital,lnorm,no_prereg,mawd,,0.0,0.4211685740443582,0.6499911089694836,
BRA,2014,no_capital,lnorm,no_prereg,d,,0.0,0.5222853643705072,0.8591431281418567,
BRA,2014,no_capital,flat,all,mawd,,0.0,,,
BRA,2014,no_capital,flat,all,d,,0.0,,,
CAN,2000,no_capital,perm,all,mawd,,0.0,,,
CAN,2000,no_capital,perm,all,d,,0.0,,,
CAN,2000,no_capital,perm,no_prereg,mawd,,0.0,,,
CAN,2000,no_capital,perm,no_prereg,d,,0.0,,,
CAN,2000,no_capital,lnorm,all,mawd,,0.0,0.2821556134135559,0.3981734492824722,
CAN,2000,no_capital,lnorm,all,d,,0.0,0.3675434370203061,0.5272429065951262,
CAN,2000,no_capital,lnorm,no_prereg,mawd,,0.0,0.260276645057466,0.367333200250619,
CAN,2000,no_capital,lnorm,no_prereg,d,,0.0,0.33243616661255826,0.4742540183353099,
CAN,2000,no_capital,flat,all,mawd,,0.0,,,
CAN,2000,no_capital,flat,all,d,,0.0,,,
CAN,2001,no_capital,perm,all,mawd,,0.0,,,
CAN,2001,no_capital,perm,all,d,,0.0,,,
CAN,2001,no_capital,perm,no_prereg,mawd,,0.0,,,
CAN,2001,no_capital,perm,no_prereg,d,,0.0,,,
CAN,2001,no_capital,lnorm,all,mawd,,0.0,0.27555534804538623,0.3879963746668825,
CAN,2001,no_capital,lnorm,all,d,,0.0,0.36266188828003587,0.520379951159202,
CAN,2001,no_capital,lnorm,no_prereg,mawd,,0.0,0.25156597430809263,0.3579291922826739,
CAN,2001,no_capital,lnorm,no_prereg,d,,0.0,0.3283166074101478,0.46752328556082096,
CAN,2001,no_capital,flat,all,mawd,,0.0,,,
CAN,2001,no_capital,flat,all,d,,0.0,,,
CAN,2002,no_capital,perm,all,mawd,,0.0,,,
CAN,2002,no_capital,perm,all,d,,0.0,,,
CAN,2002,no_capital,perm,no_prereg,mawd,,0.0,,,
CAN,2002,no_capital,perm,no_prereg,d,,0.0,,,
CAN,2002,no_capital,lnorm,all,mawd,,0.0,0.27528710473488127,0.3839330064533242,
CAN,2002,no_capital,lnorm,all,d,,0.0,0.36205224967160904,0.5169941532892051,
CAN,2002,no_capital,lnorm,no_prereg,mawd,,0.0,0.2518084892805558,0.357559956889992,
CAN,2002,no_capital,lnorm,no_prereg,d,,0.0,0.32872307000914114,0.46622511308184067,
CAN,2002,no_capital,flat,all,mawd,,0.0,,,
CAN,2002,no_capital,flat,all,d,,0.0,,,
CAN,2003,no_capital,perm,all,mawd,,0.0,,,
CAN,2003,no_capital,perm,all,d,,0.0,,,
CAN,2003,no_capital,perm,no_prereg,mawd,,0.0,,,
CAN,2003,no_capital,perm,no_prereg,d,,0.0,,,
CAN,2003,no_capital,lnorm,all,mawd,,0.0,0.2752426179590252,0.3877704245544352,
CAN,2003,no_capital,lnorm,all,d,,0.0,0.3658518445435139,0.5191996225072758,
CAN,2003,no_capital,lnorm,no_prereg,mawd,,0.0,0.2538981895169226,0.3605625896498913,
CAN,2003,no_capital,lnorm,no_prereg,d,,0.0,0.33294768142126013,0.46848269027723727,
CAN,2003,no_capital,flat,all,mawd,,0.0,,,
CAN,2003,no_capital,flat,all,d,,0.0,,,
CAN,2004,no_capital,perm,all,mawd,,0.0,,,
CAN,2004,no_capital,perm,all,d,,0.0,,,
CAN,2004,no_capital,perm,no_prereg,mawd,,0.0,,,
CAN,2004,no_capital,perm,no_prereg,d,,0.0,,,
CAN,2004,no_capital,lnorm,all,mawd,,0.0,0.2763112183267952,0.38665099876810105,
CAN,2004,no_capital,lnorm,all,d,,0.0,0.364256490768591,0.5185509358305329,
CAN,2004,no_capital,lnorm,no_prereg,mawd,,0.0,0.2522240952932061,0.3592750756630632,
CAN,2004,no_capital,lnorm,no_prereg,d,,0.0,0.3318502556738819,0.4686091667583506,
CAN,2004,no_capital,flat,all,mawd,,0.0,,,
CAN,2004,no_capital,flat,all,d,,0.0,,,
CAN,2005,no_capital,perm,all,mawd,,0.0,,,
CAN,2005,no_capital,perm,all,d,,0.0,,,
CAN,2005,no_capital,perm,no_prereg,mawd,,0.0,,,
CAN,2005,no_capital,perm,no_prereg,d,,0.0,,,
CAN,2005,no_capital,lnorm,all,mawd,,0.0,0.28302802258590165,0.39599368797948187,
CAN,2005,no_capital,lnorm,all,d,,0.0,0.37158878740879403,0.5268819405835683,
CAN,2005,no_capital,lnorm,no_prereg,mawd,,0.0,0.25759081317815163,0.36664449530527743,
CAN,2005,no_capital,lnorm,no_prereg,d,,0.0,0.3366284467383227,0.4754518730723533,
CAN,2005,no_capital,flat,all,mawd,,0.0,,,
CAN,2005,no_capital,flat,all,d,,0.0,,,
CAN,2006,no_capital,perm,all,mawd,,0.0,,,
CAN,2006,no_capital,perm,all,d,,0.0,,,
CAN,2006,no_capital,perm,no_prereg,mawd,,0.0,,,
CAN,2006,no_capital,perm,no_prereg,d,,0.0,,,
CAN,2006,no_capital,lnorm,all,mawd,,0.0,0.28138647881904744,0.39059337322209364,
CAN,2006,no_capital,lnorm,all,d,,0.0,0.3692387730523448,0.5213088746268583,
CAN,2006,no_capital,lnorm,no_prereg,mawd,,0.0,0.2549236323675211,0.3614268670459133,
CAN,2006,no_capital,lnorm,no_prereg,d,,0.0,0.3349338844939928,0.47291187028868137,
CAN,2006,no_capital,flat,all,mawd,,0.0,,,
CAN,2006,no_capital,flat,all,d,,0.0,,,
CAN,2007,no_capital,perm,all,mawd,,0.0,,,
CAN,2007,no_capital,perm,all,d,,0.0,,,
CAN,2007,no_capital,perm,no_prereg,mawd,,0.0,,,
CAN,2007,no_capital,perm,no_prereg,d,,0.0,,,
CAN,2007,no_capital,lnorm,all,mawd,,0.0,0.27579055043373696,0.3845081636730351,
CAN,2007,no_capital,lnorm,all,d,,0.0,0.36580097823353686,0.5132647486726554,
CAN,2007,no_capital,lnorm,no_prereg,mawd,,0.0,0.24995457722816317,0.35584332326350143,
CAN,2007,no_capital,lnorm,no_prereg,d,,0.0,0.3316504593975487,0.46670637339216275,
CAN,2007,no_capital,flat,all,mawd,,0.0,,,
CAN,2007,no_capital,flat,all,d,,0.0,,,
CAN,2008,no_capital,perm,all,mawd,,0.0,,,
CAN,2008,no_capital,perm,all,d,,0.0,,,
CAN,2008,no_capital,perm,no_prereg,mawd,,0.0,,,
CAN,2008,no_capital,perm,no_prereg,d,,0.0,,,
CAN,2008,no_capital,lnorm,all,mawd,,0.0,0.2708111364172743,0.37688129689859207,
CAN,2008,no_capital,lnorm,all,d,,0.0,0.361026127189957,0.5062890471575561,
CAN,2008,no_capital,lnorm,no_prereg,mawd,,0.0,0.24564553912019793,0.3501029735768451,
CAN,2008,no_capital,lnorm,no_prereg,d,,0.0,0.3286458846246481,0.46117401029833116,
CAN,2008,no_capital,flat,all,mawd,,0.0,,,
CAN,2008,no_capital,flat,all,d,,0.0,,,
CAN,2009,no_capital,perm,all,mawd,,0.0,,,
CAN,2009,no_capital,perm,all,d,,0.0,,,
CAN,2009,no_capital,perm,no_prereg,mawd,,0.0,,,
CAN,2009,no_capital,perm,no_prereg,d,,0.0,,,
CAN,2009,no_capital,lnorm,all,mawd,,0.0,0.26722528482985175,0.37219290044454956,
CAN,2009,no_capital,lnorm,all,d,,0.0,0.3602354719822091,0.5027345914549408,
CAN,2009,no_capital,lnorm,no_prereg,mawd,,0.0,0.24360353300326307,0.3434845487670419,
CAN,2009,no_capital,lnorm,no_prereg,d,,0.0,0.3264628337519859,0.4582486251335082,
CAN,2009,no_capital,flat,all,mawd,,0.0,,,
CAN,2009,no_capital,flat,all,d,,0.0,,,
CAN,2010,no_capital,perm,all,mawd,,0.0,,,
CAN,2010,no_capital,perm,all,d,,0.0,,,
CAN,2010,no_capital,perm,no_prereg,mawd,,0.0,,,
CAN,2010,no_capital,perm,no_prereg,d,,0.0,,,
CAN,2010,no_capital,lnorm,all,mawd,,0.0,0.28235419171638115,0.3904229625702369,
CAN,2010,no_capital,lnorm,all,d,,0.0,0.37052422345029706,0.520934930786087,
CAN,2010,no_capital,lnorm,no_prereg,mawd,,0.0,0.2525664938633227,0.35717150120578334,
CAN,2010,no_capital,lnorm,no_prereg,d,,0.0,0.33432550966375296,0.472307886183311,
CAN,2010,no_capital,flat,all,mawd,,0.0,,,
CAN,2010,no_capital,flat,all,d,,0.0,,,
CAN,2011,no_capital,perm,all,mawd,,0.0,,,
CAN,2011,no_capital,perm,all,d,,0.0,,,
CAN,2011,no_capital,perm,no_prereg,mawd,,0.0,,,
CAN,2011,no_capital,perm,no_prereg,d,,0.0,,,
CAN,2011,no_capital,lnorm,all,mawd,,0.0,0.28132351698469293,0.3895467374687813,
CAN,2011,no_capital,lnorm,all,d,,0.0,0.37191907219613457,0.5255325899448777,
CAN,2011,no_capital,lnorm,no_prereg,mawd,,0.0,0.25002667497397046,0.3551608688928201,
CAN,2011,no_capital,lnorm,no_prereg,d,,0.0,0.33408665190990255,0.4738897115743732,
CAN,2011,no_capital,flat,all,mawd,,0.0,,,
CAN,2011,no_capital,flat,all,d,,0.0,,,
CAN,2012,no_capital,perm,all,mawd,,0.0,,,
CAN,2012,no_capital,perm,all,d,,0.0,,,
CAN,2012,no_capital,perm,no_prereg,mawd,,0.0,,,
CAN,2012,no_capital,perm,no_prereg,d,,0.0,,,
CAN,2012,no_capital,lnorm,all,mawd,,0.0,0.28297388139475077,0.3932656257022685,
CAN,2012,no_capital,lnorm,all,d,,0.0,0.3749766730456626,0.532144864831651,
CAN,2012,no_capital,lnorm,no_prereg,mawd,,0.0,0.2513627733932923,0.3578936064066067,
CAN,2012,no_capital,lnorm,no_prereg,d,,0.0,0.33754286793618565,0.47916357285326194,
CAN,2012,no_capital,flat,all,mawd,,0.0,,,
CAN,2012,no_capital,flat,all,d,,0.0,,,
CAN,2013,no_capital,perm,all,mawd,,0.0,,,
CAN,2013,no_capital,perm,all,d,,0.0,,,
CAN,2013,no_capital,perm,no_prereg,mawd,,0.0,,,
CAN,2013,no_capital,perm,no_prereg,d,,0.0,,,
CAN,2013,no_capital,lnorm,all,mawd,,0.0,0.29240979686043606,0.40578912643054166,
CAN,2013,no_capital,lnorm,all,d,,0.0,0.3812034867104262,0.544779718381496,
CAN,2013,no_capital,lnorm,no_prereg,mawd,,0.0,0.26146941134043217,0.37145219331569024,
CAN,2013,no_capital,lnorm,no_prereg,d,,0.0,0.34321613387908473,0.48839470396070406,
CAN,2013,no_capital,flat,all,mawd,,0.0,,,
CAN,2013,no_capital,flat,all,d,,0.0,,,
CAN,2014,no_capital,perm,all,mawd,,0.0,,,
CAN,2014,no_capital,perm,all,d,,0.0,,,
CAN,2014,no_capital,perm,no_prereg,mawd,,0.0,,,
CAN,2014,no_capital,perm,no_prereg,d,,0.0,,,
CAN,2014,no_capital,lnorm,all,mawd,,0.0,0.2922474768772527,0.40740620767829655,
CAN,2014,no_capital,lnorm,all,d,,0.0,0.3816363140666499,0.5449551645628867,
CAN,2014,no_capital,lnorm,no_prereg,mawd,,0.0,0.26169541769566906,0.37157602025474623,
CAN,2014,no_capital,lnorm,no_prereg,d,,0.0,0.3438308643370646,0.48877889963501603,
CAN,2014,no_capital,flat,all,mawd,,0.0,,,
CAN,2014,no_capital,flat,all,d,,0.0,,,
CHE,2000,no_capital,perm,all,mawd,,0.0,,,
CHE,2000,no_capital,perm,all,d,,0.0,,,
CHE,2000,no_capital,perm,no_prereg,mawd,,0.0,,,
CHE,2000,no_capital,perm,no_prereg,d,,0.0,,,
CHE,2000,no_capital,lnorm,all,mawd,,0.0,0.2993943781092988,0.4112547206998787,
CHE,2000,no_capital,lnorm,all,d,,0.0,0.4265141926342759,0.6301736897158352,
CHE,2000,no_capital,lnorm,no_prereg,mawd,,0.0,0.2686917254656174,0.3781908728722859,
CHE,2000,no_capital,lnorm,no_prereg,d,,0.0,0.3969465151330491,0.6185512687669705,
CHE,2000,no_capital,flat,all,mawd,,0.0,,,
CHE,2000,no_capital,flat,all,d,,0.0,,,
CHE,2001,no_capital,perm,all,mawd,,0.0,,,
CHE,2001,no_capital,perm,all,d,,0.0,,,
CHE,2001,no_capital,perm,no_prereg,mawd,,0.0,,,
CHE,2001,no_capital,perm,no_prereg,d,,0.0,,,
CHE,2001,no_capital,lnorm,all,mawd,,0.0,0.2942065254213367,0.40314894870669704,
CHE,2001,no_capital,lnorm,all,d,,0.0,0.4193082765095867,0.6227984821637644,
CHE,2001,no_capital,lnorm,no_prereg,mawd,,0.0,0.26604794867260556,0.37751854867632806,
CHE,2001,no_capital,lnorm,no_prereg,d,,0.0,0.39161285574205795,0.6107005821233602,
CHE,2001,no_capital,flat,all,mawd,,0.0,,,
CHE,2001,no_capital,flat,all,d,,0.0,,,
CHE,2002,no_capital,perm,all,mawd,,0.0,,,
CHE,2002,no_capital,perm,all,d,,0.0,,,
CHE,2002,no_capital,perm,no_prereg,mawd,,0.0,,,
CHE,2002,no_capital,perm,no_prereg,d,,0.0,,,
CHE,2002,no_capital,lnorm,all,mawd,,0.0,0.2902505318707963,0.3966637126531111,
CHE,2002,no_capital,lnorm,all,d,,0.0,0.4173156878491639,0.6243730778523642,
CHE,2002,no_capital,lnorm,no_prereg,mawd,,0.0,0.26209243368624013,0.3759429696903023,
CHE,2002,no_capital,lnorm,no_prereg,d,,0.0,0.3926649574251664,0.6105158511718711,
CHE,2002,no_capital,flat,all,mawd,,0.0,,,
CHE,2002,no_capital,flat,all,d,,0.0,,,
CHE,2003,no_capital,perm,all,mawd,,0.0,,,
CHE,2003,no_capital,perm,all,d,,0.0,,,
CHE,2003,no_capital,perm,no_prereg,mawd,,0.0,,,
CHE,2003,no_capital,perm,no_prereg,d,,0.0,,,
CHE,2003,no_capital,lnorm,all,mawd,,0.0,0.2968913464830394,0.40884723295122816,
CHE,2003,no_capital,lnorm,all,d,,0.0,0.4212998232030352,0.6302821495695448,
CHE,2003,no_capital,lnorm,no_prereg,mawd,,0.0,0.26600805373182085,0.38232699303801765,
CHE,2003,no_capital,lnorm,no_prereg,d,,0.0,0.3935902035122135,0.6165098208679668,
CHE,2003,no_capital,flat,all,mawd,,0.0,,,
CHE,2003,no_capital,flat,all,d,,0.0,,,
CHE,2004,no_capital,perm,all,mawd,,0.0,,,
CHE,2004,no_capital,perm,all,d,,0.0,,,
CHE,2004,no_capital,perm,no_prereg,mawd,,0.0,,,
CHE,2004,no_capital,perm,no_prereg,d,,0.0,,,
CHE,2004,no_capital,lnorm,all,mawd,,0.0,0.2907824117825535,0.39971828095881934,
CHE,2004,no_capital,lnorm,all,d,,0.0,0.42159349307192784,0.628628427910713,
CHE,2004,no_capital,lnorm,no_prereg,mawd,,0.0,0.26208120022936576,0.3737512777202934,
CHE,2004,no_capital,lnorm,no_prereg,d,,0.0,0.3945309141106228,0.6145320576515167,
CHE,2004,no_capital,flat,all,mawd,,0.0,,,
CHE,2004,no_capital,flat,all,d,,0.0,,,
CHE,2005,no_capital,perm,all,mawd,,0.0,,,
CHE,2005,no_capital,perm,all,d,,0.0,,,
CHE,2005,no_capital,perm,no_prereg,mawd,,0.0,,,
CHE,2005,no_capital,perm,no_prereg,d,,0.0,,,
CHE,2005,no_capital,lnorm,all,mawd,,0.0,0.29466744706161524,0.4074950078679094,
CHE,2005,no_capital,lnorm,all,d,,0.0,0.42726187719641595,0.6427625882139405,
CHE,2005,no_capital,lnorm,no_prereg,mawd,,0.0,0.265071906952471,0.37916731611426574,
CHE,2005,no_capital,lnorm,no_prereg,d,,0.0,0.40010207735417924,0.6272347802821507,
CHE,2005,no_capital,flat,all,mawd,,0.0,,,
CHE,2005,no_capital,flat,all,d,,0.0,,,
CHE,2006,no_capital,perm,all,mawd,,0.0,,,
CHE,2006,no_capital,perm,all,d,,0.0,,,
CHE,2006,no_capital,perm,no_prereg,mawd,,0.0,,,
CHE,2006,no_capital,perm,no_prereg,d,,0.0,,,
CHE,2006,no_capital,lnorm,all,mawd,,0.0,0.2999564874510426,0.41501328126389947,
CHE,2006,no_capital,lnorm,all,d,,0.0,0.4315147813787559,0.6537709626158619,
CHE,2006,no_capital,lnorm,no_prereg,mawd,,0.0,0.26788390221587766,0.3834262680924907,
CHE,2006,no_capital,lnorm,no_prereg,d,,0.0,0.4035157372145356,0.6367040331120295,
CHE,2006,no_capital,flat,all,mawd,,0.0,,,
CHE,2006,no_capital,flat,all,d,,0.0,,,
CHE,2007,no_capital,perm,all,mawd,,0.0,,,
CHE,2007,no_capital,perm,all,d,,0.0,,,
CHE,2007,no_capital,perm,no_prereg,mawd,,0.0,,,
CHE,2007,no_capital,perm,no_prereg,d,,0.0,,,
CHE,2007,no_capital,lnorm,all,mawd,,0.0,0.29931559459688006,0.41131942589799875,
CHE,2007,no_capital,lnorm,all,d,,0.0,0.4329177857523361,0.6538740213742797,
CHE,2007,no_capital,lnorm,no_prereg,mawd,,0.0,0.26560883103460103,0.3787645469171732,
CHE,2007,no_capital,lnorm,no_prereg,d,,0.0,0.4037993659004155,0.6368875011265609,
CHE,2007,no_capital,flat,all,mawd,,0.0,,,
CHE,2007,no_capital,flat,all,d,,0.0,,,
CHE,2008,no_capital,perm,all,mawd,,0.0,,,
CHE,2008,no_capital,perm,all,d,,0.0,,,
CHE,2008,no_capital,perm,no_prereg,mawd,,0.0,,,
CHE,2008,no_capital,perm,no_prereg,d,,0.0,,,
CHE,2008,no_capital,lnorm,all,mawd,,0.0,0.3108904023317601,0.42758555479785054,
CHE,2008,no_capital,lnorm,all,d,,0.0,0.44422016554604044,0.6774425253243295,
CHE,2008,no_capital,lnorm,no_prereg,mawd,,0.0,0.2766471563716115,0.3960395667510216,
CHE,2008,no_capital,lnorm,no_prereg,d,,0.0,0.41480554027929845,0.660522946032717,
CHE,2008,no_capital,flat,all,mawd,,0.0,,,
CHE,2008,no_capital,flat,all,d,,0.0,,,
CHE,2009,no_capital,perm,all,mawd,,0.0,,,
CHE,2009,no_capital,perm,all,d,,0.0,,,
CHE,2009,no_capital,perm,no_prereg,mawd,,0.0,,,
CHE,2009,no_capital,perm,no_prereg,d,,0.0,,,
CHE,2009,no_capital,lnorm,all,mawd,,0.0,0.2997305634844777,0.41419555683058806,
CHE,2009,no_capital,lnorm,all,d,,0.0,0.43323248876539866,0.6533231257623776,
CHE,2009,no_capital,lnorm,no_prereg,mawd,,0.0,0.2693003064545634,0.38778030431128707,
CHE,2009,no_capital,lnorm,no_prereg,d,,0.0,0.40625661773469884,0.6405862831661637,
CHE,2009,no_capital,flat,all,mawd,,0.0,,,
CHE,2009,no_capital,flat,all,d,,0.0,,,
CHE,2010,no_capital,perm,all,mawd,,0.0,,,
CHE,2010,no_capital,perm,all,d,,0.0,,,
CHE,2010,no_capital,perm,no_prereg,mawd,,0.0,,,
CHE,2010,no_capital,perm,no_prereg,d,,0.0,,,
CHE,2010,no_capital,lnorm,all,mawd,,0.0,0.2978817026331648,0.40660277521863475,
CHE,2010,no_capital,lnorm,all,d,,0.0,0.4255969148259981,0.6402193896529816,
CHE,2010,no_capital,lnorm,no_prereg,mawd,,0.0,0.26563408486561824,0.38073664491794945,
CHE,2010,no_capital,lnorm,no_prereg,d,,0.0,0.3998221893861729,0.6241133784358102,
CHE,2010,no_capital,flat,all,mawd,,0.0,,,
CHE,2010,no_capital,flat,all,d,,0.0,,,
CHE,2011,no_capital,perm,all,mawd,,0.0,,,
CHE,2011,no_capital,perm,all,d,,0.0,,,
CHE,2011,no_capital,perm,no_prereg,mawd,,0.0,,,
CHE,2011,no_capital,perm,no_prereg,d,,0.0,,,
CHE,2011,no_capital,lnorm,all,mawd,,0.0,0.2940780264526507,0.4023989482894236,
CHE,2011,no_capital,lnorm,all,d,,0.0,0.4249445043065061,0.6364915444402998,
CHE,2011,no_capital,lnorm,no_prereg,mawd,,0.0,0.26255867610314515,0.3759075214579424,
CHE,2011,no_capital,lnorm,no_prereg,d,,0.0,0.39861364760545875,0.6210377982027802,
CHE,2011,no_capital,flat,all,mawd,,0.0,,,
CHE,2011,no_capital,flat,all,d,,0.0,,,
CHE,2012,no_capital,perm,all,mawd,,0.0,,,
CHE,2012,no_capital,perm,all,d,,0.0,,,
CHE,2012,no_capital,perm,no_prereg,mawd,,0.0,,,
CHE,2012,no_capital,perm,no_prereg,d,,0.0,,,
CHE,2012,no_capital,lnorm,all,mawd,,0.0,0.2952150240373709,0.40627186892632683,
CHE,2012,no_capital,lnorm,all,d,,0.0,0.4291268799754959,0.6443542043891541,
CHE,2012,no_capital,lnorm,no_prereg,mawd,,0.0,0.26406116231764953,0.3794181461186951,
CHE,2012,no_capital,lnorm,no_prereg,d,,0.0,0.40247834753235884,0.6291287897085398,
CHE,2012,no_capital,flat,all,mawd,,0.0,,,
CHE,2012,no_capital,flat,all,d,,0.0,,,
CHE,2013,no_capital,perm,all,mawd,,0.0,,,
CHE,2013,no_capital,perm,all,d,,0.0,,,
CHE,2013,no_capital,perm,no_prereg,mawd,,0.0,,,
CHE,2013,no_capital,perm,no_prereg,d,,0.0,,,
CHE,2013,no_capital,lnorm,all,mawd,,0.0,0.2991376596410078,0.4137655696198237,
CHE,2013,no_capital,lnorm,all,d,,0.0,0.43166186264397494,0.6515374720109841,
CHE,2013,no_capital,lnorm,no_prereg,mawd,,0.0,0.2672280391750324,0.3863638527262731,
CHE,2013,no_capital,lnorm,no_prereg,d,,0.0,0.4042150549977041,0.6359229299003439,
CHE,2013,no_capital,flat,all,mawd,,0.0,,,
CHE,2013,no_capital,flat,all,d,,0.0,,,
CHE,2014,no_capital,perm,all,mawd,,0.0,,,
CHE,2014,no_capital,perm,all,d,,0.0,,,
CHE,2014,no_capital,perm,no_prereg,mawd,,0.0,,,
CHE,2014,no_capital,perm,no_prereg,d,,0.0,,,
CHE,2014,no_capital,lnorm,all,mawd,,0.0,0.29443866125135,0.40932372629470537,
CHE,2014,no_capital,lnorm,all,d,,0.0,0.42910985403137875,0.6464384216870678,
CHE,2014,no_capital,lnorm,no_prereg,mawd,,0.0,0.2635026757775214,0.3840022321480595,
CHE,2014,no_capital,lnorm,no_prereg,d,,0.0,0.40272809070673754,0.6286980686393173,
CHE,2014,no_capital,flat,all,mawd,,0.0,,,
CHE,2014,no_capital,flat,all,d,,0.0,,,
CYP,2000,no_capital,perm,all,mawd,0.38787919383465586,0.233,0.3140925661035736,0.46579938091513684,-0.7626673015900032
CYP,2000,no_capital,perm,all,d,0.5111120855377465,0.623,0.37276247975995963,0.4827472842359105,0.22477015458236288
CYP,2000,no_capital,perm,no_prereg,mawd,0.19750679775297666,0.001,0.2839480784593991,0.4379995455742514,-2.003611944815481
CYP,2000,no_capital,perm,no_prereg,d,0.30567080757598053,0.002,0.35911016424566233,0.45877529754933843,-1.9181309169386933
CYP,2000,no_capital,lnorm,all,mawd,0.38787919383465586,0.026,0.4137785120782257,0.6070042265110244,-1.502378732873613
CYP,2000,no_capital,lnorm,all,d,0.5111120855377465,0.534,0.4206835177112945,0.5066671354552166,0.002335689417148529
CYP,2000,no_capital,lnorm,no_prereg,mawd,0.19750679775297666,0.0,0.3554244980269779,0.5690566122190726,-2.2442583768470477
CYP,2000,no_capital,lnorm,no_prereg,d,0.30567080757598053,0.0,0.3982276538183515,0.4871190040388652,-2.9496355856081315
CYP,2000,no_capital,flat,all,mawd,0.38787919383465586,1.0,,,
CYP,2000,no_capital,flat,all,d,0.5111120855377465,1.0,,,
CYP,2001,no_capital,perm,all,mawd,0.3909370301078514,0.244,0.3223545506733472,0.4615122134046771,-0.7543777299596338
CYP,2001,no_capital,perm,all,d,0.49228848936374625,0.534,0.37449586381138633,0.48364402392315364,-0.04232385579069791
CYP,2001,no_capital,perm,no_prereg,mawd,0.2022455320504428,0.0,0.2843526556056845,0.4333711105849153,-2.0570530929437965
CYP,2001,no_capital,perm,no_prereg,d,0.3270579121949031,0.009,0.35299811094775563,0.45854125420277186,-1.6839587076464837
CYP,2001,no_capital,lnorm,all,mawd,0.3909370301078514,0.032,0.41079578198862166,0.5961272576087064,-1.482922878346606
CYP,2001,no_capital,lnorm,all,d,0.49228848936374625,0.387,0.4216927446917525,0.509904020880366,-0.3664247265445556
CYP,2001,no_capital,lnorm,no_prereg,mawd,0.2022455320504428,0.0,0.3568048059944474,0.5526116577665872,-2.2753567518369104
CYP,2001,no_capital,lnorm,no_prereg,d,0.3270579121949031,0.002,0.3920302992114085,0.4849096469376961,-2.597741299569025
CYP,2001,no_capital,flat,all,mawd,0.3909370301078514,1.0,,,
CYP,2001,no_capital,flat,all,d,0.49228848936374625,1.0,,,
CYP,2002,no_capital,perm,all,mawd,0.39097419304621867,0.275,0.31609900391425194,0.45515143213502074,-0.6803214848136392
CYP,2002,no_capital,perm,all,d,0.4851967213766213,0.567,0.3678489865043549,0.47162066165430727,0.04975394744833839
CYP,2002,no_capital,perm,no_prereg,mawd,0.20272139318692636,0.001,0.27973481947108947,0.43043602743163034,-1.9009403076677172
CYP,2002,no_capital,perm,no_prereg,d,0.3152551384408674,0.008,0.34927972615331593,0.44966243535855205,-1.7522680194594187
CYP,2002,no_capital,lnorm,all,mawd,0.39097419304621867,0.037,0.40301844205557424,0.5897243627149142,-1.4597587857419039
CYP,2002,no_capital,lnorm,all,d,0.4851967213766213,0.421,0.41313728370212655,0.4961499894216057,-0.2727396238098665
CYP,2002,no_capital,lnorm,no_prereg,mawd,0.20272139318692636,0.0,0.35607118333755966,0.5523722477201463,-2.2767872629019
CYP,2002,no_capital,lnorm,no_prereg,d,0.3152551384408674,0.0,0.38951241084281535,0.47820039933443126,-2.701424198299478
CYP,2002,no_capital,flat,all,mawd,0.39097419304621867,1.0,,,
CYP,2002,no_capital,flat,all,d,0.4851967213766213,1.0,,,
CYP,2003,no_capital,perm,all,mawd,0.40524075444508345,0.252,0.3216788394211376,0.4834451263419,-0.7211682714458553
CYP,2003,no_capital,perm,all,d,0.48518713162041893,0.593,0.365472395576727,0.46596074865610654,0.0467498817101858
CYP,2003,no_capital,perm,no_prereg,mawd,0.24183784550089707,0.009,0.28804707860817363,0.4551413086418793,-1.4531097199509269
CYP,2003,no_capital,perm,no_prereg,d,0.33535248202394513,0.034,0.34667235484416536,0.4391457561443904,-1.3520021445253836
CYP,2003,no_capital,lnorm,all,mawd,0.40524075444508345,0.042,0.4129596153259706,0.6133054428137523,-1.4111912158039757
CYP,2003,no_capital,lnorm,all,d,0.48518713162041893,0.416,0.41238848325397726,0.4983059082981969,-0.3196275946903526
CYP,2003,no_capital,lnorm,no_prereg,mawd,0.24183784550089707,0.002,0.36297010112510314,0.5701610885229413,-2.0078063486287876
CYP,2003,no_capital,lnorm,no_prereg,d,0.33535248202394513,0.004,0.3856762941994372,0.475818838025422,-2.1038580806322575
CYP,2003,no_capital,flat,all,mawd,0.40524075444508345,1.0,,,
CYP,2003,no_capital,flat,all,d,0.48518713162041893,1.0,,,
CYP,2004,no_capital,perm,all,mawd,0.42195207370631643,0.213,0.34478439682192297,0.5167860921055119,-0.7427160612616329
CYP,2004,no_capital,perm,all,d,0.4936991281704962,0.62,0.37140780281099656,0.4672812296628305,0.15579222706229243
CYP,2004,no_capital,perm,no_prereg,mawd,0.24705558442056352,0.008,0.298409740143963,0.48561789117750864,-1.3061188862039206
CYP,2004,no_capital,perm,no_prereg,d,0.3788128925198684,0.141,0.350479841310145,0.44553998968524683,-0.95429683486159
CYP,2004,no_capital,lnorm,all,mawd,0.42195207370631643,0.072,0.4041763188329761,0.6089146019984555,-1.2834804436654244
CYP,2004,no_capital,lnorm,all,d,0.4936991281704962,0.49,0.41110699598352385,0.49585649376389684,-0.1638516440052971
CYP,2004,no_capital,lnorm,no_prereg,mawd,0.24705558442056352,0.002,0.3602186042237319,0.5639665140725671,-1.9678637242546235
CYP,2004,no_capital,lnorm,no_prereg,d,0.3788128925198684,0.036,0.3832266423567283,0.4731824445557328,-1.4524637211344031
CYP,2004,no_capital,flat,all,mawd,0.42195207370631643,1.0,,,
CYP,2004,no_capital,flat,all,d,0.4936991281704962,1.0,,,
CYP,2005,no_capital,perm,all,mawd,,0.0,,,
CYP,2005,no_capital,perm,all,d,,0.0,,,
CYP,2005,no_capital,perm,no_prereg,mawd,,0.0,,,
CYP,2005,no_capital,perm,no_prereg,d,,0.0,,,
CYP,2005,no_capital,lnorm,all,mawd,,0.0,0.3807816634429257,0.5775290724901283,
CYP,2005,no_capital,lnorm,all,d,,0.0,0.40899880512581444,0.5177303620876328,
CYP,2005,no_capital,lnorm,no_prereg,mawd,,0.0,0.3414668049895373,0.535343531710899,
CYP,2005,no_capital,lnorm,no_prereg,d,,0.0,0.38994577795063884,0.5056723558017311,
CYP,2005,no_capital,flat,all,mawd,,0.0,,,
CYP,2005,no_capital,flat,all,d,,0.0,,,
CYP,2006,no_capital,perm,all,mawd,,0.0,,,
CYP,2006,no_capital,perm,all,d,,0.0,,,
CYP,2006,no_capital,perm,no_prereg,mawd,,0.0,,,
CYP,2006,no_capital,perm,no_prereg,d,,0.0,,,
CYP,2006,no_capital,lnorm,all,mawd,,0.0,0.37116779146383616,0.5652567928507666,
CYP,2006,no_capital,lnorm,all,d,,0.0,0.4013132038151609,0.5162442932500646,
CYP,2006,no_capital,lnorm,no_prereg,mawd,,0.0,0.33460706386702904,0.5263111042334649,
CYP,2006,no_capital,lnorm,no_prereg,d,,0.0,0.3901497963734977,0.5079658149006494,
CYP,2006,no_capital,flat,all,mawd,,0.0,,,
CYP,2006,no_capital,flat,all,d,,0.0,,,
CYP,2007,no_capital,perm,all,mawd,,0.0,,,
CYP,2007,no_capital,perm,all,d,,0.0,,,
CYP,2007,no_capital,perm,no_prereg,mawd,,0.0,,,
CYP,2007,no_capital,perm,no_prereg,d,,0.0,,,
CYP,2007,no_capital,lnorm,all,mawd,,0.0,0.36622126683382716,0.5500738184577472,
CYP,2007,no_capital,lnorm,all,d,,0.0,0.39756735429628515,0.5092700166168422,
CYP,2007,no_capital,lnorm,no_prereg,mawd,,0.0,0.32565012388155656,0.5079985420158892,
CYP,2007,no_capital,lnorm,no_prereg,d,,0.0,0.38241396252006765,0.4967965538925485,
CYP,2007,no_capital,flat,all,mawd,,0.0,,,
CYP,2007,no_capital,flat,all,d,,0.0,,,
CYP,2008,no_capital,perm,all,mawd,0.41549154251353937,0.353,0.30047255923631255,0.4606963508373806,-0.4957601301111488
CYP,2008,no_capital,perm,all,d,0.46868794392565705,0.681,0.3363089486618999,0.4239303098668631,0.3995971002592311
CYP,2008,no_capital,perm,no_prereg,mawd,0.24271997486936417,0.028,0.261411473069546,0.43271977123764394,-1.1731381915637031
CYP,2008,no_capital,perm,no_prereg,d,0.3033452315253202,0.024,0.3175422001500797,0.40628476574334776,-1.5123503496729724
CYP,2008,no_capital,lnorm,all,mawd,0.41549154251353937,0.128,0.36471299822517134,0.5460462391406065,-1.0432552831004263
CYP,2008,no_capital,lnorm,all,d,0.46868794392565705,0.549,0.3718397332025136,0.4596627624095192,0.019188461777156315
CYP,2008,no_capital,lnorm,no_prereg,mawd,0.24271997486936417,0.003,0.32365626717047363,0.5070042465097202,-1.8840735397716946
CYP,2008,no_capital,lnorm,no_prereg,d,0.3033452315253202,0.0,0.3522843811893016,0.4388482569466503,-2.1384652912744677
CYP,2008,no_capital,flat,all,mawd,0.41549154251353937,1.0,,,
CYP,2008,no_capital,flat,all,d,0.46868794392565705,1.0,,,
CYP,2009,no_capital,perm,all,mawd,,0.0,,,
CYP,2009,no_capital,perm,all,d,,0.0,,,
CYP,2009,no_capital,perm,no_prereg,mawd,,0.0,,,
CYP,2009,no_capital,perm,no_prereg,d,,0.0,,,
CYP,2009,no_capital,lnorm,all,mawd,,0.0,0.4040899194833334,0.6167467615691498,
CYP,2009,no_capital,lnorm,all,d,,0.0,0.4074003890611386,0.5364320240890621,
CYP,2009,no_capital,lnorm,no_prereg,mawd,,0.0,0.36004120858419386,0.5667676298320616,
CYP,2009,no_capital,lnorm,no_prereg,d,,0.0,0.389110440425094,0.5296893333318964,
CYP,2009,no_capital,flat,all,mawd,,0.0,,,
CYP,2009,no_capital,flat,all,d,,0.0,,,
CYP,2010,no_capital,perm,all,mawd,,0.0,,,
CYP,2010,no_capital,perm,all,d,,0.0,,,
CYP,2010,no_capital,perm,no_prereg,mawd,,0.0,,,
CYP,2010,no_capital,perm,no_prereg,d,,0.0,,,
CYP,2010,no_capital,lnorm,all,mawd,,0.0,0.3796929848495119,0.5767441492427139,
CYP,2010,no_capital,lnorm,all,d,,0.0,0.41367782253412133,0.5233200493189126,
CYP,2010,no_capital,lnorm,no_prereg,mawd,,0.0,0.33450017308193297,0.537021090575626,
CYP,2010,no_capital,lnorm,no_prereg,d,,0.0,0.40276966696836686,0.5153238570990015,
CYP,2010,no_capital,flat,all,mawd,,0.0,,,
CYP,2010,no_capital,flat,all,d,,0.0,,,
CYP,2011,no_capital,perm,all,mawd,0.4946675497554308,0.625,0.3141563401409813,0.46098174682555065,0.16832941543955612
CYP,2011,no_capital,perm,all,d,0.5024364460579649,0.638,0.3621996003058831,0.47214796314810453,0.30941959636152083
CYP,2011,no_capital,perm,no_prereg,mawd,0.21586373444047424,0.002,0.2830117009403824,0.4439310857783244,-1.9578873657128235
CYP,2011,no_capital,perm,no_prereg,d,0.31609413479068976,0.009,0.3475714316327249,0.46239492627843554,-1.8104310826414869
CYP,2011,no_capital,lnorm,all,mawd,0.4946675497554308,0.251,0.3885818468925442,0.5848415835036183,-0.6995899774888984
CYP,2011,no_capital,lnorm,all,d,0.5024364460579649,0.553,0.4031438369928979,0.49556736281104774,0.07436834244532275
CYP,2011,no_capital,lnorm,no_prereg,mawd,0.21586373444047424,0.001,0.3370509509048129,0.5468654835419301,-2.1593892212215735
CYP,2011,no_capital,lnorm,no_prereg,d,0.31609413479068976,0.001,0.3843297656428174,0.4846935646851396,-2.5913187470196792
CYP,2011,no_capital,flat,all,mawd,0.4946675497554308,1.0,,,
CYP,2011,no_capital,flat,all,d,0.5024364460579649,1.0,,,
CYP,2012,no_capital,perm,all,mawd,0.5058238060561826,0.571,0.33390640519332476,0.4813372010026423,0.04891152660820867
CYP,2012,no_capital,perm,all,d,0.5195447293193377,0.668,0.36732922794030204,0.47744212147604886,0.3937133731759385
CYP,2012,no_capital,perm,no_prereg,mawd,0.23203982477138643,0.004,0.2981240795194691,0.46313376448000165,-1.8832994258763092
CYP,2012,no_capital,perm,no_prereg,d,0.3516895611192687,0.047,0.35310063185685275,0.4679873908337483,-1.4172601147079893
CYP,2012,no_capital,lnorm,all,mawd,0.5058238060561826,0.218,0.407186916323007,0.6174361537391433,-0.785244734155273
CYP,2012,no_capital,lnorm,all,d,0.5195447293193377,0.599,0.40731939427612085,0.505747473162643,0.19449451737378923
CYP,2012,no_capital,lnorm,no_prereg,mawd,0.23203982477138643,0.001,0.35059931002136197,0.5788701600811144,-2.088440049090289
CYP,2012,no_capital,lnorm,no_prereg,d,0.3516895611192687,0.009,0.3920742499981606,0.4913344255307515,-2.1263290513235487
CYP,2012,no_capital,flat,all,mawd,0.5058238060561826,1.0,,,
CYP,2012,no_capital,flat,all,d,0.5195447293193377,1.0,,,
CYP,2013,no_capital,perm,all,mawd,0.5235659903669032,0.452,0.3677708914979563,0.535860823387664,-0.21349031683430494
CYP,2013,no_capital,perm,all,d,0.5493044740529149,0.705,0.39851664751310933,0.5045833720770698,0.5455316925593459
CYP,2013,no_capital,perm,no_prereg,mawd,0.24042796336582625,0.0,0.3243126019710798,0.5138936837508773,-2.080228094034176
CYP,2013,no_capital,perm,no_prereg,d,0.398042510572763,0.07,0.3896871982706903,0.4966662862074065,-1.3654058167108212
CYP,2013,no_capital,lnorm,all,mawd,0.5235659903669032,0.193,0.42648152161490305,0.6561892415345418,-0.8468578167271299
CYP,2013,no_capital,lnorm,all,d,0.5493044740529149,0.688,0.43233760694317663,0.520358947925398,0.449389457623084
CYP,2013,no_capital,lnorm,no_prereg,mawd,0.24042796336582625,0.001,0.37172807398118096,0.6173968387189496,-2.06114262907781
CYP,2013,no_capital,lnorm,no_prereg,d,0.398042510572763,0.021,0.41762715548758833,0.5101360593843179,-1.8870930568330118
CYP,2013,no_capital,flat,all,mawd,0.5235659903669032,1.0,,,
CYP,2013,no_capital,flat,all,d,0.5493044740529149,1.0,,,
CYP,2014,no_capital,perm,all,mawd,0.5231423166674407,0.464,0.3632074591732258,0.5357872511904458,-0.21884443189664443
CYP,2014,no_capital,perm,all,d,0.5519557419053243,0.71,0.3982804901879555,0.5044896339734832,0.57705229279074
CYP,2014,no_capital,perm,no_prereg,mawd,0.23502092668121044,0.001,0.3180753224303577,0.5170139932533042,-2.0879598659211926
CYP,2014,no_capital,perm,no_prereg,d,0.39086484740618965,0.056,0.3883927569496189,0.49600872038648,-1.435515907740047
CYP,2014,no_capital,lnorm,all,mawd,0.5231423166674407,0.201,0.4249019443619079,0.6565189194852696,-0.8289959508036899
CYP,2014,no_capital,lnorm,all,d,0.5519557419053243,0.707,0.43164204610509055,0.5191494051896699,0.49711591190288196
CYP,2014,no_capital,lnorm,no_prereg,mawd,0.23502092668121044,0.001,0.3656403699883017,0.6119479994017748,-2.0711549714621373
CYP,2014,no_capital,lnorm,no_prereg,d,0.39086484740618965,0.021,0.41610011011642184,0.5097864104899643,-1.9559421978913487
CYP,2014,no_capital,flat,all,mawd,0.5231423166674407,1.0,,,
CYP,2014,no_capital,flat,all,d,0.5519557419053243,1.0,,,
CZE,2000,no_capital,perm,all,mawd,0.22995177383412602,0.092,0.22099034686245791,0.2859706581682035,-1.366548531210072
CZE,2000,no_capital,perm,all,d,0.27670228909459355,0.052,0.27618728587647584,0.34022811246952545,-1.4147234893539067
CZE,2000,no_capital,perm,no_prereg,mawd,0.1617617446050863,0.0,0.21106648044844625,0.2782096869342007,-2.7808787285427026
CZE,2000,no_capital,perm,no_prereg,d,0.222550656142362,0.001,0.26449760874131056,0.33719044697918044,-2.183869804963278
CZE,2000,no_capital,lnorm,all,mawd,0.22995177383412602,0.03,0.24372117961453024,0.3209758152241512,-1.7254017869594829
CZE,2000,no_capital,lnorm,all,d,0.27670228909459355,0.017,0.29120348596006485,0.3532682823724297,-1.8689923719628008
CZE,2000,no_capital,lnorm,no_prereg,mawd,0.1617617446050863,0.0,0.23141162428437825,0.31161003511204116,-2.639819776956258
CZE,2000,no_capital,lnorm,no_prereg,d,0.222550656142362,0.0,0.28440550495168965,0.3516476871531443,-2.844656600090935
CZE,2000,no_capital,flat,all,mawd,0.22995177383412602,1.0,,,
CZE,2000,no_capital,flat,all,d,0.27670228909459355,1.0,,,
CZE,2001,no_capital,perm,all,mawd,0.22588806195334318,0.056,0.22472742627227812,0.2916582262223627,-1.5600457192685386
CZE,2001,no_capital,perm,all,d,0.2794976285795083,0.051,0.27924601192338855,0.34600021903589784,-1.3862564602587895
CZE,2001,no_capital,perm,no_prereg,mawd,0.15385409207761894,0.0,0.21318867283223322,0.28442159584878657,-2.9802265144996354
CZE,2001,no_capital,perm,no_prereg,d,0.21178735116973926,0.0,0.26940028808437116,0.3426482229940679,-2.3368481217825052
CZE,2001,no_capital,lnorm,all,mawd,0.22588806195334318,0.013,0.25256340058383736,0.3313029057448983,-1.9134269436239508
CZE,2001,no_capital,lnorm,all,d,0.2794976285795083,0.009,0.2989194003824576,0.36184924625665543,-1.9403812994278322
CZE,2001,no_capital,lnorm,no_prereg,mawd,0.15385409207761894,0.0,0.23886941913318469,0.3221815286116165,-2.8314994671165423
CZE,2001,no_capital,lnorm,no_prereg,d,0.21178735116973926,0.0,0.2940189440749109,0.36191680947048105,-3.1422137690854415
CZE,2001,no_capital,flat,all,mawd,0.22588806195334318,1.0,,,
CZE,2001,no_capital,flat,all,d,0.2794976285795083,1.0,,,
CZE,2002,no_capital,perm,all,mawd,0.22872509861280754,0.078,0.22187086558452934,0.29035190472472255,-1.4218125181978203
CZE,2002,no_capital,perm,all,d,0.2881539403681548,0.082,0.2781913796254846,0.3417398832046803,-1.1419723763813858
CZE,2002,no_capital,perm,no_prereg,mawd,0.15899090584775705,0.0,0.21055486391735892,0.28401092515995385,-2.742770099933603
CZE,2002,no_capital,perm,no_prereg,d,0.21381317246400247,0.0,0.27054360992063575,0.3378044487670675,-2.2336963439432034
CZE,2002,no_capital,lnorm,all,mawd,0.22872509861280754,0.012,0.26157440372190144,0.3442727846522192,-1.9752928910455143
CZE,2002,no_capital,lnorm,all,d,0.2881539403681548,0.013,0.30452049795894387,0.3691385970269401,-1.8996746690019086
CZE,2002,no_capital,lnorm,no_prereg,mawd,0.15899090584775705,0.0,0.24695906857715388,0.33563519311523904,-2.7706876937566878
CZE,2002,no_capital,lnorm,no_prereg,d,0.21381317246400247,0.0,0.2992832105774732,0.3653201237505783,-3.269281055611791
CZE,2002,no_capital,flat,all,mawd,0.22872509861280754,1.0,,,
CZE,2002,no_capital,flat,all,d,0.2881539403681548,1.0,,,
CZE,2003,no_capital,perm,all,mawd,0.23234953203022712,0.075,0.22484682630477348,0.2908445207923764,-1.4292701299339357
CZE,2003,no_capital,perm,all,d,0.2953530728159303,0.127,0.2787510217250581,0.3396841225403389,-1.1009102508499216
CZE,2003,no_capital,perm,no_prereg,mawd,0.16373150989743077,0.001,0.21411373671562112,0.2844942908661171,-2.721342794770633
CZE,2003,no_capital,perm,no_prereg,d,0.23013096504639668,0.001,0.2697240454199458,0.33506451987092845,-2.2376074991453034
CZE,2003,no_capital,lnorm,all,mawd,0.23234953203022712,0.02,0.2546053333802672,0.33099030236289456,-1.7996275307812377
CZE,2003,no_capital,lnorm,all,d,0.2953530728159303,0.047,0.2961702725681449,0.3573780655641613,-1.60325578812624
CZE,2003,no_capital,lnorm,no_prereg,mawd,0.16373150989743077,0.0,0.23689912476842245,0.3209071282763918,-2.6445781372072075
CZE,2003,no_capital,lnorm,no_prereg,d,0.23013096504639668,0.0,0.28826504188093804,0.3530784118895669,-2.978287340293791
CZE,2003,no_capital,flat,all,mawd,0.23234953203022712,1.0,,,
CZE,2003,no_capital,flat,all,d,0.2953530728159303,1.0,,,
CZE,2004,no_capital,perm,all,mawd,0.232747307346407,0.067,0.22609363101341656,0.29336634963803576,-1.4870288956251483
CZE,2004,no_capital,perm,all,d,0.2823967583204094,0.04,0.28525589016265784,0.3483063665007928,-1.5536836122012243
CZE,2004,no_capital,perm,no_prereg,mawd,0.17161186884715976,0.002,0.21566908545037874,0.286180681043986,-2.634060822855974
CZE,2004,no_capital,perm,no_prereg,d,0.22378938384167318,0.001,0.2737241828313901,0.3455301782571268,-2.422267703737713
CZE,2004,no_capital,lnorm,all,mawd,0.232747307346407,0.028,0.24843604517606202,0.32540103150836847,-1.7215946885636766
CZE,2004,no_capital,lnorm,all,d,0.2823967583204094,0.013,0.29654864380154,0.35959448655357384,-1.956795625620822
CZE,2004,no_capital,lnorm,no_prereg,mawd,0.17161186884715976,0.0,0.23256121996098048,0.31450377670080537,-2.4941195982120905
CZE,2004,no_capital,lnorm,no_prereg,d,0.22378938384167318,0.0,0.28875710850809105,0.35640605398910663,-3.034570168899588
CZE,2004,no_capital,flat,all,mawd,0.232747307346407,1.0,,,
CZE,2004,no_capital,flat,all,d,0.2823967583204094,1.0,,,
CZE,2005,no_capital,perm,all,mawd,0.2312711009414401,0.07,0.22601595288142556,0.2954982644254588,-1.4830946239273897
CZE,2005,no_capital,perm,all,d,0.2831419250727106,0.052,0.2823081092893583,0.3430719471636112,-1.415060691538232
CZE,2005,no_capital,perm,no_prereg,mawd,0.16676751073489054,0.002,0.21451507687831856,0.2877404704470974,-2.665141957374589
CZE,2005,no_capital,perm,no_prereg,d,0.2164531197473649,0.0,0.2715423272422081,0.3406756369216502,-2.511308480088491
CZE,2005,no_capital,lnorm,all,mawd,0.2312711009414401,0.019,0.25809815036953865,0.3359841500388661,-1.85320799367532
CZE,2005,no_capital,lnorm,all,d,0.2831419250727106,0.013,0.30055090599994755,0.3598688007418836,-2.0247019213003075
CZE,2005,no_capital,lnorm,no_prereg,mawd,0.16676751073489054,0.0,0.23950438175721228,0.32581208101242276,-2.6090659844075055
CZE,2005,no_capital,lnorm,no_prereg,d,0.2164531197473649,0.0,0.2930745275303341,0.35786302946621384,-3.3449023734429195
CZE,2005,no_capital,flat,all,mawd,0.2312711009414401,1.0,,,
CZE,2005,no_capital,flat,all,d,0.2831419250727106,1.0,,,
CZE,2006,no_capital,perm,all,mawd,0.22648918641294755,0.069,0.22162939843700175,0.28906767782242315,-1.4848016958721528
CZE,2006,no_capital,perm,all,d,0.2888714856490649,0.114,0.27500698306951554,0.33878466184250494,-1.1510846330888869
CZE,2006,no_capital,perm,no_prereg,mawd,0.16643631071165946,0.002,0.2084759244297777,0.27947552701111555,-2.57717534962121
CZE,2006,no_capital,perm,no_prereg,d,0.2117997390955516,0.0,0.26317194811572625,0.3338166334894268,-2.4521413286462224
CZE,2006,no_capital,lnorm,all,mawd,0.22648918641294755,0.017,0.2526113103510253,0.3289752985973715,-1.8252883920237781
CZE,2006,no_capital,lnorm,all,d,0.2888714856490649,0.028,0.2972513329657808,0.35485968829124753,-1.7411657307199022
CZE,2006,no_capital,lnorm,no_prereg,mawd,0.16643631071165946,0.0,0.23260079101235703,0.3158730401762826,-2.5054528702585386
CZE,2006,no_capital,lnorm,no_prereg,d,0.2117997390955516,0.0,0.28765407318692143,0.3507362110388689,-3.276453347491953
CZE,2006,no_capital,flat,all,mawd,0.22648918641294755,1.0,,,
CZE,2006,no_capital,flat,all,d,0.2888714856490649,1.0,,,
CZE,2007,no_capital,perm,all,mawd,0.22296403131110656,0.062,0.2205022616654631,0.2891898320514401,-1.5476409767521173
CZE,2007,no_capital,perm,all,d,0.30125385531952165,0.178,0.27693040783047046,0.3431965332221566,-0.9344597682918224
CZE,2007,no_capital,perm,no_prereg,mawd,0.15715464297902562,0.002,0.20581885434070551,0.27875617999417207,-2.701190323374206
CZE,2007,no_capital,perm,no_prereg,d,0.21497620488702096,0.001,0.2664610899195457,0.3355744257361267,-2.318250988586969
CZE,2007,no_capital,lnorm,all,mawd,0.22296403131110656,0.012,0.25031174879416934,0.3307450363654896,-1.8745002398430552
CZE,2007,no_capital,lnorm,all,d,0.30125385531952165,0.054,0.3001912613082007,0.3617888234588563,-1.5141283410538444
CZE,2007,no_capital,lnorm,no_prereg,mawd,0.15715464297902562,0.0,0.23370344948147515,0.31673952761942836,-2.601333701800851
CZE,2007,no_capital,lnorm,no_prereg,d,0.21497620488702096,0.0,0.2871269588574564,0.35631370802635276,-3.119604010167722
CZE,2007,no_capital,flat,all,mawd,0.22296403131110656,1.0,,,
CZE,2007,no_capital,flat,all,d,0.30125385531952165,1.0,,,
CZE,2008,no_capital,perm,all,mawd,0.23630304409859937,0.125,0.21966599637400586,0.28628781744235865,-1.2036571886192096
CZE,2008,no_capital,perm,all,d,0.3061814757258401,0.197,0.2766136819774172,0.34320567105377253,-0.8491498127031367
CZE,2008,no_capital,perm,no_prereg,mawd,0.16675127570467083,0.002,0.20631372072486753,0.2738003763470674,-2.445105024117324
CZE,2008,no_capital,perm,no_prereg,d,0.22815509811110002,0.003,0.26498749718354375,0.334517693788036,-2.0121762832410943
CZE,2008,no_capital,lnorm,all,mawd,0.23630304409859937,0.027,0.24942009652364897,0.3289311837676808,-1.6560629605088721
CZE,2008,no_capital,lnorm,all,d,0.3061814757258401,0.073,0.3007830674871016,0.36214625555518526,-1.4013006121589826
CZE,2008,no_capital,lnorm,no_prereg,mawd,0.16675127570467083,0.001,0.23358914693967742,0.31489034674613336,-2.4748846136037113
CZE,2008,no_capital,lnorm,no_prereg,d,0.22815509811110002,0.0,0.2832952320828055,0.35619427425587535,-2.756725887298369
CZE,2008,no_capital,flat,all,mawd,0.23630304409859937,1.0,,,
CZE,2008,no_capital,flat,all,d,0.3061814757258401,1.0,,,
CZE,2009,no_capital,perm,all,mawd,0.26425116396204296,0.272,0.22253381224738383,0.29204009090170957,-0.6213670123856467
CZE,2009,no_capital,perm,all,d,0.31984736935320407,0.315,0.27643973827273693,0.3402935811089637,-0.5334419892357605
CZE,2009,no_capital,perm,no_prereg,mawd,0.18498936548319977,0.014,0.20732801127455716,0.2790024618699059,-2.038536204475085
CZE,2009,no_capital,perm,no_prereg,d,0.24146815074927958,0.008,0.26354789473862617,0.3273970679254361,-1.7388815930961856
CZE,2009,no_capital,lnorm,all,mawd,0.26425116396204296,0.095,0.24557480661797088,0.32974503835305186,-1.173643758377522
CZE,2009,no_capital,lnorm,all,d,0.31984736935320407,0.187,0.2940213727682898,0.35468775468776664,-0.9039506345283193
CZE,2009,no_capital,lnorm,no_prereg,mawd,0.18498936548319977,0.004,0.2291017866202237,0.31521460183750627,-2.142031834166958
CZE,2009,no_capital,lnorm,no_prereg,d,0.24146815074927958,0.0,0.2787217372817037,0.3445608236628922,-2.372757576093652
CZE,2009,no_capital,flat,all,mawd,0.26425116396204296,1.0,,,
CZE,2009,no_capital,flat,all,d,0.31984736935320407,1.0,,,
CZE,2010,no_capital,perm,all,mawd,0.24800780441824652,0.134,0.22667864121954115,0.29953309286208435,-1.1214445398935688
CZE,2010,no_capital,perm,all,d,0.31516101639497457,0.242,0.2800848005036966,0.34631834149116747,-0.7321298196891287
CZE,2010,no_capital,perm,no_prereg,mawd,0.17358389105588856,0.003,0.21127787826577832,0.2854839201461298,-2.3655368101682566
CZE,2010,no_capital,perm,no_prereg,d,0.23425745297158868,0.004,0.2669166824922982,0.33438895256678297,-1.9586434186746797
CZE,2010,no_capital,lnorm,all,mawd,0.24800780441824652,0.032,0.2543008887962414,0.34065139170859005,-1.5587273812026843
CZE,2010,no_capital,lnorm,all,d,0.31516101639497457,0.109,0.30099077971233956,0.3620358986292934,-1.198977997160703
CZE,2010,no_capital,lnorm,no_prereg,mawd,0.17358389105588856,0.0,0.2389384327995266,0.32545988148250593,-2.3876652543350407
CZE,2010,no_capital,lnorm,no_prereg,d,0.23425745297158868,0.0,0.28397479111120955,0.35166938835185735,-2.667171116389177
CZE,2010,no_capital,flat,all,mawd,0.24800780441824652,1.0,,,
CZE,2010,no_capital,flat,all,d,0.31516101639497457,1.0,,,
CZE,2011,no_capital,perm,all,mawd,0.23525830036109924,0.102,0.2214664230239158,0.2930729006318332,-1.305586375844972
CZE,2011,no_capital,perm,all,d,0.29814586315406333,0.14,0.2775791881590152,0.34217550170619393,-1.0046731042795924
CZE,2011,no_capital,perm,no_prereg,mawd,0.1638293998804446,0.002,0.20719453565662566,0.2782643238754673,-2.5117868953963383
CZE,2011,no_capital,perm,no_prereg,d,0.2151661496586906,0.001,0.2629762104310691,0.3273526100283689,-2.19890031607582
CZE,2011,no_capital,lnorm,all,mawd,0.23525830036109924,0.021,0.2555620981870586,0.340279683859409,-1.750027180165107
CZE,2011,no_capital,lnorm,all,d,0.29814586315406333,0.041,0.301265721885123,0.36188978835426666,-1.6245305770008744
CZE,2011,no_capital,lnorm,no_prereg,mawd,0.1638293998804446,0.0,0.2366942641758959,0.3228861084005825,-2.5378514356027835
CZE,2011,no_capital,lnorm,no_prereg,d,0.2151661496586906,0.0,0.28340858802762614,0.3489766908741774,-3.0243107113218994
CZE,2011,no_capital,flat,all,mawd,0.23525830036109924,1.0,,,
CZE,2011,no_capital,flat,all,d,0.29814586315406333,1.0,,,
CZE,2012,no_capital,perm,all,mawd,0.23346675375811174,0.084,0.2250216293655444,0.296286637021568,-1.3986994511998612
CZE,2012,no_capital,perm,all,d,0.29122694116663667,0.088,0.2802239629542803,0.3484604419291859,-1.2003307637410396
CZE,2012,no_capital,perm,no_prereg,mawd,0.1712901683443182,0.002,0.21122333545579808,0.2838369025948544,-2.419644071799308
CZE,2012,no_capital,perm,no_prereg,d,0.2288541120920641,0.003,0.2677636752285137,0.3365833452173995,-1.9710048521557633
CZE,2012,no_capital,lnorm,all,mawd,0.23346675375811174,0.011,0.26125503372564396,0.34747523477208697,-1.8752751522338607
CZE,2012,no_capital,lnorm,all,d,0.29122694116663667,0.019,0.3060105195708588,0.3691140272321273,-1.8884387578208959
CZE,2012,no_capital,lnorm,no_prereg,mawd,0.1712901683443182,0.0,0.24443581264229355,0.333115131062235,-2.520049743710951
CZE,2012,no_capital,lnorm,no_prereg,d,0.2288541120920641,0.0,0.29352178182778493,0.35924809998326557,-2.816531995392024
CZE,2012,no_capital,flat,all,mawd,0.23346675375811174,1.0,,,
CZE,2012,no_capital,flat,all,d,0.29122694116663667,1.0,,,
CZE,2013,no_capital,perm,all,mawd,0.23302283032802668,0.082,0.2221166968480476,0.2960841031770296,-1.3739159372829022
CZE,2013,no_capital,perm,all,d,0.2854182969977474,0.073,0.2766182520572901,0.34346617945872177,-1.2408729431578056
CZE,2013,no_capital,perm,no_prereg,mawd,0.17201969500494294,0.002,0.21136891019994547,0.28215330289484963,-2.359070301017441
CZE,2013,no_capital,perm,no_prereg,d,0.22296875966747473,0.002,0.2658010802377125,0.33164656209845444,-2.015280343202601
CZE,2013,no_capital,lnorm,all,mawd,0.23302283032802668,0.012,0.2606263920683265,0.34708567073760394,-1.8433205913516673
CZE,2013,no_capital,lnorm,all,d,0.2854182969977474,0.016,0.30426026441606785,0.36545990857317573,-1.9384945609778692
CZE,2013,no_capital,lnorm,no_prereg,mawd,0.17201969500494294,0.0,0.24259206906382766,0.3328717595903907,-2.473291321521429
CZE,2013,no_capital,lnorm,no_prereg,d,0.22296875966747473,0.0,0.28904783601455347,0.3546809583426215,-2.8644379821012182
CZE,2013,no_capital,flat,all,mawd,0.23302283032802668,1.0,,,
CZE,2013,no_capital,flat,all,d,0.2854182969977474,1.0,,,
CZE,2014,no_capital,perm,all,mawd,0.2242534603057703,0.058,0.2220951130081733,0.29494291090125674,-1.5562007436269474
CZE,2014,no_capital,perm,all,d,0.2818044775455451,0.066,0.27694010321942886,0.34203235805498033,-1.2705172750396199
CZE,2014,no_capital,perm,no_prereg,mawd,0.16880766720743826,0.002,0.2091599991087378,0.2808310570647238,-2.4105734030700634
CZE,2014,no_capital,perm,no_prereg,d,0.22929029696109,0.002,0.26514782133847165,0.32967928821329173,-1.8591014679516824
CZE,2014,no_capital,lnorm,all,mawd,0.2242534603057703,0.009,0.2559871113698067,0.3429496263811587,-1.8982651876654932
CZE,2014,no_capital,lnorm,all,d,0.2818044775455451,0.016,0.3009941937346925,0.36334145214799035,-1.9284683227026518
CZE,2014,no_capital,lnorm,no_prereg,mawd,0.16880766720743826,0.0,0.238301513900806,0.32966935329831215,-2.439354027784865
CZE,2014,no_capital,lnorm,no_prereg,d,0.22929029696109,0.0,0.2888379728101003,0.35147531410434574,-2.6332688216726243
CZE,2014,no_capital,flat,all,mawd,0.2242534603057703,1.0,,,
CZE,2014,no_capital,flat,all,d,0.2818044775455451,1.0,,,
DEU,2000,no_capital,perm,all,mawd,0.3562728078097621,0.482,0.26767218359172934,0.35926665698064697,-0.1351200757016078
DEU,2000,no_capital,perm,all,d,0.35382081431117973,0.318,0.30405230761416313,0.3763958226686811,-0.5113855999532879
DEU,2000,no_capital,perm,no_prereg,mawd,0.17757414253990844,0.0,0.25932245990835917,0.34943744512042035,-2.729042804441194
DEU,2000,no_capital,perm,no_prereg,d,0.23636595193802942,0.0,0.2996459030251002,0.37076445203223196,-2.1528881120105026
DEU,2000,no_capital,lnorm,all,mawd,0.3562728078097621,0.226,0.30248080673452077,0.41323935622583324,-0.77416587072574
DEU,2000,no_capital,lnorm,all,d,0.35382081431117973,0.192,0.32442295203202387,0.3941734613384905,-0.8871174862207694
DEU,2000,no_capital,lnorm,no_prereg,mawd,0.17757414253990844,0.0,0.2901065912484853,0.39778989090550587,-2.7388804218494163
DEU,2000,no_capital,lnorm,no_prereg,d,0.23636595193802942,0.0,0.3181278686105855,0.39130832529700765,-2.9899671947163475
DEU,2000,no_capital,flat,all,mawd,0.3562728078097621,1.0,,,
DEU,2000,no_capital,flat,all,d,0.35382081431117973,1.0,,,
DEU,2001,no_capital,perm,all,mawd,0.3619486425251871,0.55,0.26392101655700273,0.35436485767102177,0.008116450274136464
DEU,2001,no_capital,perm,all,d,0.3570082938663273,0.359,0.30467680451589646,0.3740568700844735,-0.4374655653476124
DEU,2001,no_capital,perm,no_prereg,mawd,0.1746059339368325,0.0,0.2525467809432957,0.3441951396478159,-2.7263473644203864
DEU,2001,no_capital,perm,no_prereg,d,0.23011390276942398,0.0,0.29824229517674083,0.36938648317204287,-2.308282894794648
DEU,2001,no_capital,lnorm,all,mawd,0.3619486425251871,0.27,0.29929848180423363,0.4086377842339346,-0.6646024502681354
DEU,2001,no_capital,lnorm,all,d,0.3570082938663273,0.225,0.32208196429221725,0.3909982523691466,-0.7840372148251797
DEU,2001,no_capital,lnorm,no_prereg,mawd,0.1746059339368325,0.0,0.28649751520054584,0.39457644669367387,-2.749469148049091
DEU,2001,no_capital,lnorm,no_prereg,d,0.23011390276942398,0.0,0.3166502324454204,0.3886702162381951,-3.176722112246516
DEU,2001,no_capital,flat,all,mawd,0.3619486425251871,1.0,,,
DEU,2001,no_capital,flat,all,d,0.3570082938663273,1.0,,,
DEU,2002,no_capital,perm,all,mawd,0.3858841037179407,0.648,0.26701328682247916,0.36189050412103196,0.2207272364892661
DEU,2002,no_capital,perm,all,d,0.37704037498166,0.47,0.3077786517362249,0.3812992198562679,-0.20919829322545858
DEU,2002,no_capital,perm,no_prereg,mawd,0.17801721542991042,0.0,0.2538472994851747,0.3513499002880657,-2.657565448928868
DEU,2002,no_capital,perm,no_prereg,d,0.22228168225091244,0.0,0.2987725958031382,0.3739345707936803,-2.444573827206287
DEU,2002,no_capital,lnorm,all,mawd,0.3858841037179407,0.334,0.3050673582251165,0.42114867533449396,-0.496743167333639
DEU,2002,no_capital,lnorm,all,d,0.37704037498166,0.335,0.3273086100105614,0.39763422117468605,-0.48383941426483795
DEU,2002,no_capital,lnorm,no_prereg,mawd,0.17801721542991042,0.0,0.29074869891459443,0.40263777751244,-2.7249544444376173
DEU,2002,no_capital,lnorm,no_prereg,d,0.22228168225091244,0.0,0.31970716886604444,0.39206894967388883,-3.362147139413256
DEU,2002,no_capital,flat,all,mawd,0.3858841037179407,1.0,,,
DEU,2002,no_capital,flat,all,d,0.37704037498166,1.0,,,
DEU,2003,no_capital,perm,all,mawd,0.37667366124194696,0.602,0.26755270774534984,0.3609492820041723,0.0906712713842835
DEU,2003,no_capital,perm,all,d,0.36949234906525663,0.406,0.30754900461861373,0.38075728620926763,-0.33982453940949314
DEU,2003,no_capital,perm,no_prereg,mawd,0.18069536572684777,0.0,0.2554932929107959,0.3532677303639452,-2.6119273983061606
DEU,2003,no_capital,perm,no_prereg,d,0.22208470732710522,0.0,0.3006901181203583,0.37594452251688654,-2.424516794295679
DEU,2003,no_capital,lnorm,all,mawd,0.37667366124194696,0.272,0.3082314085040709,0.427601924695301,-0.659133464651374
DEU,2003,no_capital,lnorm,all,d,0.36949234906525663,0.246,0.33207523133387296,0.4006488874369957,-0.7078960532224811
DEU,2003,no_capital,lnorm,no_prereg,mawd,0.18069536572684777,0.0,0.2954194324753849,0.4089830633056917,-2.7082444452724905
DEU,2003,no_capital,lnorm,no_prereg,d,0.22208470732710522,0.0,0.32383701962384953,0.3957971844670315,-3.4115190403322004
DEU,2003,no_capital,flat,all,mawd,0.37667366124194696,1.0,,,
DEU,2003,no_capital,flat,all,d,0.36949234906525663,1.0,,,
DEU,2004,no_capital,perm,all,mawd,0.3747124482319699,0.546,0.27152913584365357,0.368797577583361,-0.0497551589843877
DEU,2004,no_capital,perm,all,d,0.36991658412085454,0.362,0.31054004743381286,0.38641428993034277,-0.40595844400655245
DEU,2004,no_capital,perm,no_prereg,mawd,0.18220805464301873,0.0,0.26131824691514755,0.35906508478137267,-2.601724343735887
DEU,2004,no_capital,perm,no_prereg,d,0.22489392871008773,0.0,0.3038479458196651,0.3804291222023156,-2.3941485364889394
DEU,2004,no_capital,lnorm,all,mawd,0.3747124482319699,0.225,0.31370430994832216,0.4377112954785678,-0.7769878989302395
DEU,2004,no_capital,lnorm,all,d,0.36991658412085454,0.232,0.334347236010094,0.405598555546039,-0.7689065188258711
DEU,2004,no_capital,lnorm,no_prereg,mawd,0.18220805464301873,0.0,0.3023519252354094,0.4170389565038878,-2.6976778173640703
DEU,2004,no_capital,lnorm,no_prereg,d,0.22489392871008773,0.0,0.3264732531737111,0.39870356165166476,-3.336659418188654
DEU,2004,no_capital,flat,all,mawd,0.3747124482319699,1.0,,,
DEU,2004,no_capital,flat,all,d,0.36991658412085454,1.0,,,
DEU,2005,no_capital,perm,all,mawd,0.36846882687797755,0.47,0.2784465076949479,0.3732024626480677,-0.20622341553780354
DEU,2005,no_capital,perm,all,d,0.3661837461312832,0.33,0.3117753563544135,0.3863537675335692,-0.4616442512078853
DEU,2005,no_capital,perm,no_prereg,mawd,0.18932890644962155,0.001,0.2676777675933167,0.3661200653797073,-2.5607035901069484
DEU,2005,no_capital,perm,no_prereg,d,0.23251739779584016,0.0,0.30587275143131076,0.3810771279312085,-2.2943195336430295
DEU,2005,no_capital,lnorm,all,mawd,0.36846882687797755,0.162,0.32080528102505496,0.44786157373990854,-0.9250275446770716
DEU,2005,no_capital,lnorm,all,d,0.3661837461312832,0.187,0.3375592002850425,0.40888341110321824,-0.9093967146858676
DEU,2005,no_capital,lnorm,no_prereg,mawd,0.18932890644962155,0.0,0.30860663142694994,0.427325711008116,-2.6421957713335567
DEU,2005,no_capital,lnorm,no_prereg,d,0.23251739779584016,0.0,0.32923526102193923,0.40293555130999315,-3.2420008504809137
DEU,2005,no_capital,flat,all,mawd,0.36846882687797755,1.0,,,
DEU,2005,no_capital,flat,all,d,0.3661837461312832,1.0,,,
DEU,2006,no_capital,perm,all,mawd,0.3681767802061871,0.417,0.2864121734749831,0.38118200586596845,-0.3123732593613243
DEU,2006,no_capital,perm,all,d,0.36496318133354766,0.304,0.3150866853394787,0.3894566673980564,-0.5320227887068393
DEU,2006,no_capital,perm,no_prereg,mawd,0.19830917157992142,0.001,0.274479371575348,0.3721773539133769,-2.5635585634464686
DEU,2006,no_capital,perm,no_prereg,d,0.22340800847088546,0.0,0.3096538324999493,0.3849829078991022,-2.569920673293196
DEU,2006,no_capital,lnorm,all,mawd,0.3681767802061871,0.163,0.32150355508388617,0.44638183263310127,-0.9170700988805363
DEU,2006,no_capital,lnorm,all,d,0.36496318133354766,0.171,0.3372837854759754,0.4090603768425643,-0.9518930954720926
DEU,2006,no_capital,lnorm,no_prereg,mawd,0.19830917157992142,0.0,0.3066190449469323,0.4240563634396675,-2.53622511937881
DEU,2006,no_capital,lnorm,no_prereg,d,0.22340800847088546,0.0,0.33019155262083943,0.4039929498332363,-3.443774819102371
DEU,2006,no_capital,flat,all,mawd,0.3681767802061871,1.0,,,
DEU,2006,no_capital,flat,all,d,0.36496318133354766,1.0,,,
DEU,2007,no_capital,perm,all,mawd,0.3770973755914797,0.419,0.2925439033765533,0.3920226414654949,-0.3214097734265082
DEU,2007,no_capital,perm,all,d,0.3751149076266252,0.317,0.32259283286862106,0.39790634074483133,-0.5047871621581891
DEU,2007,no_capital,perm,no_prereg,mawd,0.204076752854151,0.001,0.28121226660960014,0.38036566004430195,-2.5508594070832045
DEU,2007,no_capital,perm,no_prereg,d,0.22183341952158134,0.0,0.31607546727402996,0.3935924202961825,-2.7820046970426273
DEU,2007,no_capital,lnorm,all,mawd,0.3770973755914797,0.181,0.3254932657730666,0.4536288578870451,-0.8862631838398966
DEU,2007,no_capital,lnorm,all,d,0.3751149076266252,0.195,0.34495906536514287,0.41446491078859105,-0.8780062391005318
DEU,2007,no_capital,lnorm,no_prereg,mawd,0.204076752854151,0.0,0.30925906673822534,0.42887292158363816,-2.4678829384983203
DEU,2007,no_capital,lnorm,no_prereg,d,0.22183341952158134,0.0,0.3359854009001209,0.4102216889099105,-3.6154955823195536
DEU,2007,no_capital,flat,all,mawd,0.3770973755914797,1.0,,,
DEU,2007,no_capital,flat,all,d,0.3751149076266252,1.0,,,
DEU,2008,no_capital,perm,all,mawd,0.3814597980584967,0.473,0.2870242465643462,0.38656813170584087,-0.19925011333269202
DEU,2008,no_capital,perm,all,d,0.38986597154379116,0.468,0.31775914613098144,0.3937678253595194,-0.21483418325403358
DEU,2008,no_capital,perm,no_prereg,mawd,0.1978127928529361,0.001,0.2749003926707474,0.3748828105772126,-2.5580134853237166
DEU,2008,no_capital,perm,no_prereg,d,0.22614006759126895,0.0,0.31281293321863635,0.38919260825424773,-2.618084740143152
DEU,2008,no_capital,lnorm,all,mawd,0.3814597980584967,0.179,0.32858629327536665,0.460087478106625,-0.8857105025097343
DEU,2008,no_capital,lnorm,all,d,0.38986597154379116,0.296,0.3434878024417358,0.4146266602510168,-0.5800073424045431
DEU,2008,no_capital,lnorm,no_prereg,mawd,0.1978127928529361,0.0,0.3125296028777481,0.4348210928249956,-2.5693403663818453
DEU,2008,no_capital,lnorm,no_prereg,d,0.22614006759126895,0.0,0.33608347601692007,0.41034319589465273,-3.5211474130260547
DEU,2008,no_capital,flat,all,mawd,0.3814597980584967,1.0,,,
DEU,2008,no_capital,flat,all,d,0.38986597154379116,1.0,,,
DEU,2009,no_capital,perm,all,mawd,0.37136948499093897,0.53,0.2739345384689569,0.36817314754134584,-0.08629338087034029
DEU,2009,no_capital,perm,all,d,0.36399149465512054,0.358,0.3064746171704747,0.37890188245744005,-0.40880943035151635
DEU,2009,no_capital,perm,no_prereg,mawd,0.18751108449569504,0.0,0.2662047985009338,0.36014597575569385,-2.6417207269113976
DEU,2009,no_capital,perm,no_prereg,d,0.23491232546239332,0.0,0.30205020743335426,0.37519803602483703,-2.462638220489664
DEU,2009,no_capital,lnorm,all,mawd,0.37136948499093897,0.209,0.31372438459911434,0.43555202051100717,-0.8071185838688674
DEU,2009,no_capital,lnorm,all,d,0.36399149465512054,0.233,0.3309242633703918,0.3969925437144374,-0.7671626690967033
DEU,2009,no_capital,lnorm,no_prereg,mawd,0.18751108449569504,0.0,0.30115141379456,0.4182216785043564,-2.7150290833469057
DEU,2009,no_capital,lnorm,no_prereg,d,0.23491232546239332,0.0,0.3223844860123019,0.39243207737768815,-3.258889167959881
DEU,2009,no_capital,flat,all,mawd,0.37136948499093897,1.0,,,
DEU,2009,no_capital,flat,all,d,0.36399149465512054,1.0,,,
DEU,2010,no_capital,perm,all,mawd,0.3621381201502345,0.454,0.2775340077524472,0.37091480327280135,-0.24738423767956472
DEU,2010,no_capital,perm,all,d,0.36165114230491036,0.332,0.310034613118373,0.381972783134046,-0.48223092547768515
DEU,2010,no_capital,perm,no_prereg,mawd,0.19430488066436719,0.0,0.26680208604825756,0.3598161108559722,-2.6018553885184748
DEU,2010,no_capital,perm,no_prereg,d,0.23355114468767854,0.0,0.3067535324030871,0.3758407550247568,-2.568720421897384
DEU,2010,no_capital,lnorm,all,mawd,0.3621381201502345,0.17,0.3167336244035029,0.43777199754171503,-0.9344207638806358
DEU,2010,no_capital,lnorm,all,d,0.36165114230491036,0.205,0.3295534956852627,0.3973540682509085,-0.8410672869696658
DEU,2010,no_capital,lnorm,no_prereg,mawd,0.19430488066436719,0.0,0.3032623510650256,0.4188171818980467,-2.6076436267459546
DEU,2010,no_capital,lnorm,no_prereg,d,0.23355114468767854,0.0,0.3225739036794834,0.39291100947134994,-3.296158866291971
DEU,2010,no_capital,flat,all,mawd,0.3621381201502345,1.0,,,
DEU,2010,no_capital,flat,all,d,0.36165114230491036,1.0,,,
DEU,2011,no_capital,perm,all,mawd,0.3556506286761452,0.41,0.27823733125724687,0.3702848855281609,-0.3416370886594515
DEU,2011,no_capital,perm,all,d,0.36715664511750334,0.364,0.3114892369148166,0.3843051484133987,-0.42018784622818195
DEU,2011,no_capital,perm,no_prereg,mawd,0.1867391201352419,0.0,0.2642191706282717,0.3571857267787433,-2.6981193649557023
DEU,2011,no_capital,perm,no_prereg,d,0.21927275818202516,0.0,0.30579098306798397,0.37853277638819616,-2.8014410017883926
DEU,2011,no_capital,lnorm,all,mawd,0.3556506286761452,0.144,0.31653754654271654,0.4398541794628292,-1.0124531491100381
DEU,2011,no_capital,lnorm,all,d,0.36715664511750334,0.207,0.3339642162286674,0.4033351379955509,-0.8215840419462421
DEU,2011,no_capital,lnorm,no_prereg,mawd,0.1867391201352419,0.0,0.3028840117821502,0.41823917259010185,-2.6713076319455995
DEU,2011,no_capital,lnorm,no_prereg,d,0.21927275818202516,0.0,0.3292285718774334,0.3981068983180288,-3.653334115402466
DEU,2011,no_capital,flat,all,mawd,0.3556506286761452,1.0,,,
DEU,2011,no_capital,flat,all,d,0.36715664511750334,1.0,,,
DEU,2012,no_capital,perm,all,mawd,0.3561076349413076,0.379,0.2824027949337815,0.374595063556828,-0.3951377701226795
DEU,2012,no_capital,perm,all,d,0.3733138761128313,0.391,0.31484638581751545,0.3877953387974231,-0.3663603075618842
DEU,2012,no_capital,perm,no_prereg,mawd,0.18870696634274142,0.0,0.2696516245597302,0.3618996580170122,-2.7150979411661775
DEU,2012,no_capital,perm,no_prereg,d,0.22665248874506702,0.0,0.3102600856938622,0.38161511090262573,-2.8243411440638844
DEU,2012,no_capital,lnorm,all,mawd,0.3561076349413076,0.125,0.32126104565856195,0.44708955490512625,-1.0665918104142658
DEU,2012,no_capital,lnorm,all,d,0.3733138761128313,0.238,0.3362623440475739,0.40550411237382544,-0.7494044458645985
DEU,2012,no_capital,lnorm,no_prereg,mawd,0.18870696634274142,0.0,0.30534851534669466,0.42529504754646896,-2.672782662493507
DEU,2012,no_capital,lnorm,no_prereg,d,0.22665248874506702,0.0,0.32991778419289153,0.4003775000767301,-3.658237893856889
DEU,2012,no_capital,flat,all,mawd,0.3561076349413076,1.0,,,
DEU,2012,no_capital,flat,all,d,0.3733138761128313,1.0,,,
DEU,2013,no_capital,perm,all,mawd,0.3521594345551385,0.389,0.27758985365049765,0.37195731881746663,-0.3926099847171422
DEU,2013,no_capital,perm,all,d,0.37092860610775913,0.385,0.3116826584188261,0.3858589045349111,-0.3833603370588579
DEU,2013,no_capital,perm,no_prereg,mawd,0.17942484942481668,0.0,0.26468846216876096,0.3583184391849421,-2.794944401921552
DEU,2013,no_capital,perm,no_prereg,d,0.21978647883959315,0.0,0.3075546754559508,0.37927619740877117,-2.909876002171817
DEU,2013,no_capital,lnorm,all,mawd,0.3521594345551385,0.119,0.31958960157604654,0.4441508991943566,-1.0965555539435594
DEU,2013,no_capital,lnorm,all,d,0.37092860610775913,0.221,0.3358812467402663,0.4043313978671118,-0.7759605141559884
DEU,2013,no_capital,lnorm,no_prereg,mawd,0.17942484942481668,0.0,0.30562190601723765,0.42339287294105754,-2.7908821233735632
DEU,2013,no_capital,lnorm,no_prereg,d,0.21978647883959315,0.0,0.3289542524518762,0.3982446179889809,-3.79680224229544
DEU,2013,no_capital,flat,all,mawd,0.3521594345551385,1.0,,,
DEU,2013,no_capital,flat,all,d,0.37092860610775913,1.0,,,
DEU,2014,no_capital,perm,all,mawd,0.3578592635388827,0.419,0.2776621701579114,0.37191638730852017,-0.32200039090783394
DEU,2014,no_capital,perm,all,d,0.3791808937186762,0.439,0.3104312128946186,0.38652998665844607,-0.25006462400023843
DEU,2014,no_capital,perm,no_prereg,mawd,0.18022017527921555,0.0,0.26637447799784825,0.3588580760827986,-2.7673615601493076
DEU,2014,no_capital,perm,no_prereg,d,0.22344473895085776,0.0,0.30607962530057375,0.38021478219949756,-2.799925892061366
DEU,2014,no_capital,lnorm,all,mawd,0.3578592635388827,0.132,0.32140052827287474,0.4472830690194632,-1.0519067692362791
DEU,2014,no_capital,lnorm,all,d,0.3791808937186762,0.273,0.3360142419803869,0.4064897025658783,-0.6160275162569723
DEU,2014,no_capital,lnorm,no_prereg,mawd,0.18022017527921555,0.0,0.30599546288969337,0.4249885755907735,-2.78488028255952
DEU,2014,no_capital,lnorm,no_prereg,d,0.22344473895085776,0.0,0.32983693354953186,0.3984458391431033,-3.691171547101028
DEU,2014,no_capital,flat,all,mawd,0.3578592635388827,1.0,,,
DEU,2014,no_capital,flat,all,d,0.3791808937186762,1.0,,,
DNK,2000,no_capital,perm,all,mawd,0.39742678098450246,0.819,0.2369404142800537,0.32259790000154226,0.9033954367641716
DNK,2000,no_capital,perm,all,d,0.6388418310627368,0.968,0.29037109572559094,0.36432050270796706,2.7763049455257143
DNK,2000,no_capital,perm,no_prereg,mawd,0.17071483389189843,0.002,0.21387402650006002,0.30003790994598345,-1.937530979867841
DNK,2000,no_capital,perm,no_prereg,d,0.28862934138331586,0.145,0.2675432008172044,0.3395668896012056,-1.0389622146935376
DNK,2000,no_capital,lnorm,all,mawd,0.39742678098450246,0.352,0.31165457053619217,0.42742811717095947,-0.42230965536340914
DNK,2000,no_capital,lnorm,all,d,0.6388418310627368,0.997,0.32662069816324885,0.40215439074714254,3.7027897470475284
DNK,2000,no_capital,lnorm,no_prereg,mawd,0.17071483389189843,0.0,0.2801633034993133,0.3969986275846103,-2.6002240160207104
DNK,2000,no_capital,lnorm,no_prereg,d,0.28862934138331586,0.015,0.30722599328667044,0.37149884892329277,-1.9577768226313235
DNK,2000,no_capital,flat,all,mawd,0.39742678098450246,1.0,,,
DNK,2000,no_capital,flat,all,d,0.6388418310627368,1.0,,,
DNK,2001,no_capital,perm,all,mawd,0.3581329152275558,0.703,0.23188624157985233,0.3173294875363384,0.4598793658770645
DNK,2001,no_capital,perm,all,d,0.5450247732688314,0.969,0.28436979032329357,0.3583708296409175,2.3888557863065665
DNK,2001,no_capital,perm,no_prereg,mawd,0.16844476238150757,0.002,0.21166145295572525,0.29845098654814894,-1.9769559803617358
DNK,2001,no_capital,perm,no_prereg,d,0.29696717486117913,0.21,0.26646359990950674,0.3336597871177205,-0.8338358877252626
DNK,2001,no_capital,lnorm,all,mawd,0.3581329152275558,0.244,0.30140085304493575,0.4103797222758756,-0.7229759176703487
DNK,2001,no_capital,lnorm,all,d,0.5450247732688314,0.991,0.3198109807449156,0.3901353348308023,2.894679616987144
DNK,2001,no_capital,lnorm,no_prereg,mawd,0.16844476238150757,0.0,0.2728883320479186,0.38410950216354456,-2.5851838140485675
DNK,2001,no_capital,lnorm,no_prereg,d,0.29696717486117913,0.047,0.2980866556701101,0.36334050314761135,-1.6007518109054604
DNK,2001,no_capital,flat,all,mawd,0.3581329152275558,1.0,,,
DNK,2001,no_capital,flat,all,d,0.5450247732688314,1.0,,,
DNK,2002,no_capital,perm,all,mawd,0.35528974935942564,0.716,0.2252997917419929,0.31037557694965906,0.5294031283049017
DNK,2002,no_capital,perm,all,d,0.5551763359359312,0.969,0.2774713562088039,0.35031770172651755,2.586601855250245
DNK,2002,no_capital,perm,no_prereg,mawd,0.16317716567921783,0.003,0.20649309421492057,0.29333008128274823,-1.9896572168232718
DNK,2002,no_capital,perm,no_prereg,d,0.28221371938799056,0.171,0.2608401495069339,0.32384909291614694,-0.9499779610656116
DNK,2002,no_capital,lnorm,all,mawd,0.35528974935942564,0.277,0.29338211019887406,0.3998043422959351,-0.6331999231373565
DNK,2002,no_capital,lnorm,all,d,0.5551763359359312,0.995,0.31144768758647084,0.38228065081902884,3.137737644800965
DNK,2002,no_capital,lnorm,no_prereg,mawd,0.16317716567921783,0.0,0.26452945810039796,0.3723064915021366,-2.5775195006186324
DNK,2002,no_capital,lnorm,no_prereg,d,0.28221371938799056,0.031,0.28866298238023547,0.35445264138485927,-1.728978390302659
DNK,2002,no_capital,flat,all,mawd,0.35528974935942564,1.0,,,
DNK,2002,no_capital,flat,all,d,0.5551763359359312,1.0,,,
DNK,2003,no_capital,perm,all,mawd,0.3636037127042507,0.727,0.23149109924715275,0.3143719833545847,0.5594986414779007
DNK,2003,no_capital,perm,all,d,0.522003565964852,0.968,0.2832801164484401,0.3529932894765707,2.342132430374995
DNK,2003,no_capital,perm,no_prereg,mawd,0.16795342729992435,0.003,0.21350495258702684,0.29874682628958715,-1.9709383760942858
DNK,2003,no_capital,perm,no_prereg,d,0.2770842908946896,0.109,0.2667271298277214,0.3298699081774905,-1.151869642349178
DNK,2003,no_capital,lnorm,all,mawd,0.3636037127042507,0.286,0.29690314220839115,0.4041413973613134,-0.5806108522968615
DNK,2003,no_capital,lnorm,all,d,0.522003565964852,0.992,0.31413246298862896,0.38372550801964933,2.7242535849987575
DNK,2003,no_capital,lnorm,no_prereg,mawd,0.16795342729992435,0.0,0.2674727951337544,0.37872660314642476,-2.5151469054527023
DNK,2003,no_capital,lnorm,no_prereg,d,0.2770842908946896,0.014,0.2925167463715572,0.3573582294629725,-1.920789800379784
DNK,2003,no_capital,flat,all,mawd,0.3636037127042507,1.0,,,
DNK,2003,no_capital,flat,all,d,0.522003565964852,1.0,,,
DNK,2004,no_capital,perm,all,mawd,0.39373209443282176,0.817,0.23411327646415414,0.3196994615873042,0.8693385582401189
DNK,2004,no_capital,perm,all,d,0.6129519101088698,0.97,0.28890983500210904,0.3601419946672268,2.844172057282534
DNK,2004,no_capital,perm,no_prereg,mawd,0.16926834928388743,0.003,0.2158683409838548,0.3030424984412118,-1.9665845010165601
DNK,2004,no_capital,perm,no_prereg,d,0.28966859485335794,0.163,0.2693444643916985,0.33328554645240205,-0.9885797841326487
DNK,2004,no_capital,lnorm,all,mawd,0.39373209443282176,0.374,0.3037675659016202,0.4191932478859103,-0.3789823596581059
DNK,2004,no_capital,lnorm,all,d,0.6129519101088698,0.997,0.3193111768659692,0.3935489001620477,3.606650910496176
DNK,2004,no_capital,lnorm,no_prereg,mawd,0.16926834928388743,0.0,0.2721246718055957,0.38919284257197684,-2.5143832918635693
DNK,2004,no_capital,lnorm,no_prereg,d,0.28966859485335794,0.03,0.2980337310906016,0.36385789970498217,-1.7497425575814853
DNK,2004,no_capital,flat,all,mawd,0.39373209443282176,1.0,,,
DNK,2004,no_capital,flat,all,d,0.6129519101088698,1.0,,,
DNK,2005,no_capital,perm,all,mawd,0.47484924869054596,0.93,0.24221961688149163,0.33455109764234786,1.6449425403425963
DNK,2005,no_capital,perm,all,d,0.7374251665300914,0.971,0.2938270755041147,0.37023809476350333,3.2790164776719313
DNK,2005,no_capital,perm,no_prereg,mawd,0.18208419773551163,0.005,0.21769998513786135,0.3056142259872083,-1.8444469721813328
DNK,2005,no_capital,perm,no_prereg,d,0.29593316050448115,0.184,0.271854597476488,0.33642748669341044,-0.8981286542264094
DNK,2005,no_capital,lnorm,all,mawd,0.47484924869054596,0.609,0.317571978846926,0.4492870518559672,0.21283818412348207
DNK,2005,no_capital,lnorm,all,d,0.7374251665300914,1.0,0.33194330331233424,0.41398196462022785,4.187795769830414
DNK,2005,no_capital,lnorm,no_prereg,mawd,0.18208419773551163,0.0,0.28096185677010943,0.4041685095043277,-2.4148750158400576
DNK,2005,no_capital,lnorm,no_prereg,d,0.29593316050448115,0.029,0.3059077166707579,0.37383626981768875,-1.7565793098156988
DNK,2005,no_capital,flat,all,mawd,0.47484924869054596,1.0,,,
DNK,2005,no_capital,flat,all,d,0.7374251665300914,1.0,,,
DNK,2006,no_capital,perm,all,mawd,0.4563528686796021,0.919,0.24438311197497684,0.3320069767381629,1.5207251696321575
DNK,2006,no_capital,perm,all,d,0.7200886260786944,0.97,0.2882676379782468,0.3576513502081803,3.3246653311486103
DNK,2006,no_capital,perm,no_prereg,mawd,0.18740523317074353,0.007,0.21749994671131204,0.3041810072223503,-1.8096369588364782
DNK,2006,no_capital,perm,no_prereg,d,0.30125730448283067,0.291,0.2653385174902327,0.3238730731457199,-0.6289724795638256
DNK,2006,no_capital,lnorm,all,mawd,0.4563528686796021,0.538,0.31913278215322494,0.44705119576459246,0.04401170716553226
DNK,2006,no_capital,lnorm,all,d,0.7200886260786944,1.0,0.3267562909161034,0.40841097754555256,4.11002017247621
DNK,2006,no_capital,lnorm,no_prereg,mawd,0.18740523317074353,0.0,0.28479105880792954,0.4036011638818404,-2.3555450353200764
DNK,2006,no_capital,lnorm,no_prereg,d,0.30125730448283067,0.053,0.30076158644003986,0.3664154005309648,-1.4982107234637279
DNK,2006,no_capital,flat,all,mawd,0.4563528686796021,1.0,,,
DNK,2006,no_capital,flat,all,d,0.7200886260786944,1.0,,,
DNK,2007,no_capital,perm,all,mawd,0.41468234200399273,0.851,0.24928956815895154,0.3348409880800708,1.0160330476846247
DNK,2007,no_capital,perm,all,d,0.6770434059764245,0.972,0.29000134706010267,0.35951277138590665,3.1526371884325934
DNK,2007,no_capital,perm,no_prereg,mawd,0.17408512941105495,0.002,0.2203405125052101,0.3090662258358655,-2.077599527906554
DNK,2007,no_capital,perm,no_prereg,d,0.29424446395861065,0.21,0.26541665812902815,0.32435149206736624,-0.7647720344787102
DNK,2007,no_capital,lnorm,all,mawd,0.41468234200399273,0.383,0.3166922914087667,0.44130027339877054,-0.3558968634061021
DNK,2007,no_capital,lnorm,all,d,0.6770434059764245,0.997,0.3246373676640812,0.4091003424790314,3.6770700838514006
DNK,2007,no_capital,lnorm,no_prereg,mawd,0.17408512941105495,0.0,0.28215587404137604,0.40200265317389505,-2.4914824649763045
DNK,2007,no_capital,lnorm,no_prereg,d,0.29424446395861065,0.034,0.3004339420134385,0.36723300939431347,-1.6254454556825977
DNK,2007,no_capital,flat,all,mawd,0.41468234200399273,1.0,,,
DNK,2007,no_capital,flat,all,d,0.6770434059764245,1.0,,,
DNK,2008,no_capital,perm,all,mawd,0.3980393046613106,0.8,0.24401734063436725,0.33272740842467985,0.8094933891625445
DNK,2008,no_capital,perm,all,d,0.6248631715371633,0.965,0.28928046389982076,0.3540932352287982,2.9218051058161136
DNK,2008,no_capital,perm,no_prereg,mawd,0.1681375155889107,0.0,0.21635629770480203,0.3041768789696332,-2.093836945266023
DNK,2008,no_capital,perm,no_prereg,d,0.26742016559041565,0.058,0.2641492256995239,0.3208360937225393,-1.2143317754902527
DNK,2008,no_capital,lnorm,all,mawd,0.3980393046613106,0.299,0.3149220287520363,0.4446377341891924,-0.5563081214286507
DNK,2008,no_capital,lnorm,all,d,0.6248631715371633,0.997,0.3269953306552433,0.40644330671400797,3.3554806074109895
DNK,2008,no_capital,lnorm,no_prereg,mawd,0.1681375155889107,0.0,0.28231782618916523,0.4031787192831018,-2.5398226703036673
DNK,2008,no_capital,lnorm,no_prereg,d,0.26742016559041565,0.004,0.3008233812202585,0.3659112102641656,-2.1876083321778985
DNK,2008,no_capital,flat,all,mawd,0.3980393046613106,1.0,,,
DNK,2008,no_capital,flat,all,d,0.6248631715371633,1.0,,,
DNK,2009,no_capital,perm,all,mawd,0.3326760260750828,0.53,0.2374126635128946,0.3279854896995954,-0.03207704577460584
DNK,2009,no_capital,perm,all,d,0.46999389354796917,0.946,0.2868241245468436,0.3490032956076129,1.7399719981352346
DNK,2009,no_capital,perm,no_prereg,mawd,0.15225736692551303,0.0,0.21282965409810276,0.30968836816952416,-2.2214056154826824
DNK,2009,no_capital,perm,no_prereg,d,0.23161282091189705,0.004,0.2611587854739638,0.32311644197255485,-1.9580502401535547
DNK,2009,no_capital,lnorm,all,mawd,0.3326760260750828,0.115,0.3128001978453904,0.43104039877601985,-1.1838491548039876
DNK,2009,no_capital,lnorm,all,d,0.46999389354796917,0.928,0.322462786039054,0.3933743556695086,1.5234376652964425
DNK,2009,no_capital,lnorm,no_prereg,mawd,0.15225736692551303,0.0,0.2858187927899747,0.40456791973329337,-2.7254397974121245
DNK,2009,no_capital,lnorm,no_prereg,d,0.23161282091189705,0.0,0.2964795563389515,0.36301003612964466,-2.9724557858884317
DNK,2009,no_capital,flat,all,mawd,0.3326760260750828,1.0,,,
DNK,2009,no_capital,flat,all,d,0.46999389354796917,1.0,,,
DNK,2010,no_capital,perm,all,mawd,0.391150036860242,0.726,0.24606237866871958,0.33945339884511105,0.5502877543996805
DNK,2010,no_capital,perm,all,d,0.5619575015655103,0.957,0.29535641496631987,0.36283739512792385,2.280370240851538
DNK,2010,no_capital,perm,no_prereg,mawd,0.18937470111373958,0.004,0.22288679695460223,0.31839259007993037,-1.7760804121806548
DNK,2010,no_capital,perm,no_prereg,d,0.2721713837327065,0.052,0.27121218618681714,0.33503500898622307,-1.3428892538493096
DNK,2010,no_capital,lnorm,all,mawd,0.391150036860242,0.236,0.3252263915869855,0.45326240442969123,-0.7256385177930815
DNK,2010,no_capital,lnorm,all,d,0.5619575015655103,0.984,0.3343511402915548,0.40857536710606357,2.5142887510364296
DNK,2010,no_capital,lnorm,no_prereg,mawd,0.18937470111373958,0.0,0.2938768910032069,0.42387769846198264,-2.322322424033722
DNK,2010,no_capital,lnorm,no_prereg,d,0.2721713837327065,0.002,0.30670993402203695,0.37410800553851026,-2.295900597527874
DNK,2010,no_capital,flat,all,mawd,0.391150036860242,1.0,,,
DNK,2010,no_capital,flat,all,d,0.5619575015655103,1.0,,,
DNK,2011,no_capital,perm,all,mawd,0.40065377038990524,0.729,0.2504538724688379,0.34936225571275725,0.5551214142174452
DNK,2011,no_capital,perm,all,d,0.5877370616530245,0.964,0.2916551050138469,0.3656592536761499,2.4064374332764253
DNK,2011,no_capital,perm,no_prereg,mawd,0.17309674651673412,0.002,0.22531341027924306,0.3239948442647389,-2.0547761272062135
DNK,2011,no_capital,perm,no_prereg,d,0.2512866010023308,0.016,0.2672665788463437,0.33007680840141473,-1.6650980199776917
DNK,2011,no_capital,lnorm,all,mawd,0.40065377038990524,0.237,0.3270736847911596,0.46486553632764294,-0.7313069606108173
DNK,2011,no_capital,lnorm,all,d,0.5877370616530245,0.984,0.33221100727650144,0.41415045736983963,2.6189758623698878
DNK,2011,no_capital,lnorm,no_prereg,mawd,0.17309674651673412,0.0,0.2982889908741103,0.4287485742923213,-2.535746772460106
DNK,2011,no_capital,lnorm,no_prereg,d,0.2512866010023308,0.0,0.3053904405436508,0.3760317593080841,-2.693765276765493
DNK,2011,no_capital,flat,all,mawd,0.40065377038990524,1.0,,,
DNK,2011,no_capital,flat,all,d,0.5877370616530245,1.0,,,
DNK,2012,no_capital,perm,all,mawd,0.38884441330851627,0.723,0.24502503949754348,0.3420027845103808,0.527610303938939
DNK,2012,no_capital,perm,all,d,0.5433671955050298,0.96,0.2898308288765408,0.3639458344489514,2.1233210295269775
DNK,2012,no_capital,perm,no_prereg,mawd,0.18141175788342045,0.003,0.220762171469333,0.3173965900486517,-1.9132686034949031
DNK,2012,no_capital,perm,no_prereg,d,0.27451021969589,0.083,0.26545159807475865,0.3285877337469474,-1.2078914763304878
DNK,2012,no_capital,lnorm,all,mawd,0.38884441330851627,0.209,0.3262024467133111,0.46277368045159917,-0.828168051824875
DNK,2012,no_capital,lnorm,all,d,0.5433671955050298,0.968,0.3338116511565312,0.4139421610047244,2.1323845905085768
DNK,2012,no_capital,lnorm,no_prereg,mawd,0.18141175788342045,0.0,0.2951621558149231,0.42849984383427286,-2.458736523900011
DNK,2012,no_capital,lnorm,no_prereg,d,0.27451021969589,0.005,0.3074030976270216,0.3774833206000716,-2.266369058592105
DNK,2012,no_capital,flat,all,mawd,0.38884441330851627,1.0,,,
DNK,2012,no_capital,flat,all,d,0.5433671955050298,1.0,,,
DNK,2013,no_capital,perm,all,mawd,0.3873607074504924,0.702,0.2484100123403819,0.34799500974229036,0.4304406598745397
DNK,2013,no_capital,perm,all,d,0.5808896554856605,0.958,0.29822020446858927,0.37321535536842365,2.2881107942794787
DNK,2013,no_capital,perm,no_prereg,mawd,0.18302739948762176,0.003,0.22487332399198884,0.3247289172491077,-1.9457042663382749
DNK,2013,no_capital,perm,no_prereg,d,0.2641075190597876,0.026,0.27299461748375214,0.33863965552881103,-1.609328152865046
DNK,2013,no_capital,lnorm,all,mawd,0.3873607074504924,0.195,0.3286326111163752,0.4633409730075446,-0.8422715704230264
DNK,2013,no_capital,lnorm,all,d,0.5808896554856605,0.977,0.33554324693230986,0.4170829345501851,2.4449325497820853
DNK,2013,no_capital,lnorm,no_prereg,mawd,0.18302739948762176,0.0,0.2990165087568784,0.43110316938146787,-2.43294611653441
DNK,2013,no_capital,lnorm,no_prereg,d,0.2641075190597876,0.0,0.3095358786845075,0.3781929302357959,-2.5473242399828235
DNK,2013,no_capital,flat,all,mawd,0.3873607074504924,1.0,,,
DNK,2013,no_capital,flat,all,d,0.5808896554856605,1.0,,,
DNK,2014,no_capital,perm,all,mawd,0.3771877746020313,0.67,0.24634574518646393,0.3451150815595343,0.3513962492940008
DNK,2014,no_capital,perm,all,d,0.5544665993813271,0.956,0.2983550728242762,0.3745123359764855,2.0641673935544405
DNK,2014,no_capital,perm,no_prereg,mawd,0.18580478003028839,0.003,0.22313670751521794,0.32250853317650086,-1.9145812954899624
DNK,2014,no_capital,perm,no_prereg,d,0.2759500976425003,0.061,0.27190340158338006,0.3373871981339148,-1.3705410352540723
DNK,2014,no_capital,lnorm,all,mawd,0.3771877746020313,0.19,0.3239512962759339,0.4534130353277855,-0.8833379043033383
DNK,2014,no_capital,lnorm,all,d,0.5544665993813271,0.962,0.3340958308321262,0.416953866470949,2.109938774828033
DNK,2014,no_capital,lnorm,no_prereg,mawd,0.18580478003028839,0.0,0.2934401165257157,0.4240681274777663,-2.41357955581793
DNK,2014,no_capital,lnorm,no_prereg,d,0.2759500976425003,0.007,0.3077576123352577,0.3760687768706341,-2.224173022317806
DNK,2014,no_capital,flat,all,mawd,0.3771877746020313,1.0,,,
DNK,2014,no_capital,flat,all,d,0.5544665993813271,1.0,,,
ESP,2000,no_capital,perm,all,mawd,0.2668555227521548,0.027,0.282367151797693,0.3712466350851637,-1.7155404606487417
ESP,2000,no_capital,perm,all,d,0.34270467248340586,0.089,0.3330540148045399,0.4058039010880239,-0.9905862987779236
ESP,2000,no_capital,perm,no_prereg,mawd,0.15061516795822819,0.0,0.25958317665060304,0.35641181499795876,-3.1357541143467245
ESP,2000,no_capital,perm,no_prereg,d,0.22260782114124977,0.0,0.31424765144978184,0.40160716970378646,-2.1812251775526095
ESP,2000,no_capital,lnorm,all,mawd,0.2668555227521548,0.007,0.3265687126174585,0.44554109660029817,-2.062065188992607
ESP,2000,no_capital,lnorm,all,d,0.34270467248340586,0.035,0.35030218044498324,0.4372900185425819,-1.4959406400818012
ESP,2000,no_capital,lnorm,no_prereg,mawd,0.15061516795822819,0.0,0.2999573534122333,0.42335438518467083,-3.0037420387632237
ESP,2000,no_capital,lnorm,no_prereg,d,0.22260782114124977,0.0,0.33814657871756687,0.42835239848164863,-2.818535095726817
ESP,2000,no_capital,flat,all,mawd,0.2668555227521548,1.0,,,
ESP,2000,no_capital,flat,all,d,0.34270467248340586,1.0,,,
ESP,2001,no_capital,perm,all,mawd,0.27734840393960297,0.031,0.2866133037175154,0.3781576530230917,-1.6247267049626792
ESP,2001,no_capital,perm,all,d,0.34351276937463177,0.079,0.3347656620750718,0.4101522624264009,-1.0319117524172448
ESP,2001,no_capital,perm,no_prereg,mawd,0.1532250315314946,0.0,0.2637042619662139,0.36158087225008284,-3.1480842643481184
ESP,2001,no_capital,perm,no_prereg,d,0.21948571391402438,0.0,0.3186227418803245,0.4041153858068633,-2.2749091499846203
ESP,2001,no_capital,lnorm,all,mawd,0.27734840393960297,0.01,0.32493831328055967,0.4457915288630634,-1.9237569158237846
ESP,2001,no_capital,lnorm,all,d,0.34351276937463177,0.042,0.35003437394099907,0.4367285731545345,-1.4763345438733186
ESP,2001,no_capital,lnorm,no_prereg,mawd,0.1532250315314946,0.0,0.29879729590105425,0.42088148837104233,-2.921998263548767
ESP,2001,no_capital,lnorm,no_prereg,d,0.21948571391402438,0.0,0.33674449859626376,0.42813412629593317,-2.8328780323305724
ESP,2001,no_capital,flat,all,mawd,0.27734840393960297,1.0,,,
ESP,2001,no_capital,flat,all,d,0.34351276937463177,1.0,,,
ESP,2002,no_capital,perm,all,mawd,0.2806318340980651,0.041,0.285713085972317,0.38260012157618795,-1.5732245207829347
ESP,2002,no_capital,perm,all,d,0.35035247160560745,0.103,0.3356627158285465,0.4142362447931122,-1.0054271093978004
ESP,2002,no_capital,perm,no_prereg,mawd,0.14751145118435585,0.0,0.2638781628866223,0.3655814034153244,-3.1181666731624036
ESP,2002,no_capital,perm,no_prereg,d,0.22268241592446952,0.0,0.32124832662079045,0.4074104823361405,-2.3039068378752714
ESP,2002,no_capital,lnorm,all,mawd,0.2806318340980651,0.011,0.32328093613888687,0.4445743662077143,-1.7802993879223787
ESP,2002,no_capital,lnorm,all,d,0.35035247160560745,0.05,0.35035274172952907,0.4383287891642678,-1.397794919617143
ESP,2002,no_capital,lnorm,no_prereg,mawd,0.14751145118435585,0.0,0.2940686188669398,0.4189032737656393,-2.740731147845018
ESP,2002,no_capital,lnorm,no_prereg,d,0.22268241592446952,0.0,0.33794504421545785,0.4283093714499782,-2.805420943303024
ESP,2002,no_capital,flat,all,mawd,0.2806318340980651,1.0,,,
ESP,2002,no_capital,flat,all,d,0.35035247160560745,1.0,,,
ESP,2003,no_capital,perm,all,mawd,0.2840785512329264,0.067,0.27883211537046526,0.3757621259093012,-1.415946396756896
ESP,2003,no_capital,perm,all,d,0.35539740091177424,0.153,0.33279674466296016,0.41243849059132986,-0.8966645228894549
ESP,2003,no_capital,perm,no_prereg,mawd,0.1435914706806885,0.0,0.2553808551756158,0.3573496715472485,-3.01304308593513
ESP,2003,no_capital,perm,no_prereg,d,0.22087352250583517,0.0,0.315450080853169,0.40253189658398825,-2.231985895243086
ESP,2003,no_capital,lnorm,all,mawd,0.2840785512329264,0.016,0.3188542795001358,0.43979913305371643,-1.6620913416885252
ESP,2003,no_capital,lnorm,all,d,0.35539740091177424,0.067,0.34822437966325986,0.43739839957993054,-1.2981622778143602
ESP,2003,no_capital,lnorm,no_prereg,mawd,0.1435914706806885,0.0,0.2895925443134522,0.41113164134808433,-2.645425922728639
ESP,2003,no_capital,lnorm,no_prereg,d,0.22087352250583517,0.0,0.3362704911042234,0.4251414710165734,-2.7638520817973666
ESP,2003,no_capital,flat,all,mawd,0.2840785512329264,1.0,,,
ESP,2003,no_capital,flat,all,d,0.35539740091177424,1.0,,,
ESP,2004,no_capital,perm,all,mawd,0.29233467259323687,0.088,0.27286269971096283,0.37267337293542346,-1.2535605916707566
ESP,2004,no_capital,perm,all,d,0.36673426124471104,0.209,0.33164266687650584,0.4113601242478304,-0.7485756520403892
ESP,2004,no_capital,perm,no_prereg,mawd,0.1405462767458729,0.0,0.2530932987516483,0.3537422717820302,-3.026499407487498
ESP,2004,no_capital,perm,no_prereg,d,0.21640069867747483,0.0,0.3145645624998165,0.40209346618554714,-2.2533086232240023
ESP,2004,no_capital,lnorm,all,mawd,0.29233467259323687,0.022,0.3167751190514917,0.4405513082607793,-1.5755615930020195
ESP,2004,no_capital,lnorm,all,d,0.36673426124471104,0.106,0.3474727087796737,0.43899934811527597,-1.1431442391700315
ESP,2004,no_capital,lnorm,no_prereg,mawd,0.1405462767458729,0.0,0.2877519365899998,0.40858446933356984,-2.654046180209427
ESP,2004,no_capital,lnorm,no_prereg,d,0.21640069867747483,0.0,0.3362720860623212,0.42621380036314505,-2.791677406481138
ESP,2004,no_capital,flat,all,mawd,0.29233467259323687,1.0,,,
ESP,2004,no_capital,flat,all,d,0.36673426124471104,1.0,,,
ESP,2005,no_capital,perm,all,mawd,0.2953161100148543,0.096,0.2756586000617576,0.37974379099203837,-1.2407031896740932
ESP,2005,no_capital,perm,all,d,0.3789005042459447,0.247,0.3371617559363762,0.4210384539315549,-0.677492871479947
ESP,2005,no_capital,perm,no_prereg,mawd,0.13459698966508826,0.0,0.2527819231796885,0.3550732173606671,-3.020123807085991
ESP,2005,no_capital,perm,no_prereg,d,0.21334942481756816,0.0,0.31896378502824685,0.40844238263930976,-2.28239189512867
ESP,2005,no_capital,lnorm,all,mawd,0.2953161100148543,0.022,0.32100079238867485,0.45457776884254075,-1.569908983588572
ESP,2005,no_capital,lnorm,all,d,0.3789005042459447,0.126,0.35527299154644315,0.45100972739434975,-1.0996297700853546
ESP,2005,no_capital,lnorm,no_prereg,mawd,0.13459698966508826,0.0,0.2941559178541153,0.41610181119818,-2.6005781824610956
ESP,2005,no_capital,lnorm,no_prereg,d,0.21334942481756816,0.0,0.34296891168091387,0.43702735661145653,-2.8513730419394845
ESP,2005,no_capital,flat,all,mawd,0.2953161100148543,1.0,,,
ESP,2005,no_capital,flat,all,d,0.3789005042459447,1.0,,,
ESP,2006,no_capital,perm,all,mawd,0.29599185891541197,0.088,0.28144266430981596,0.39259605387318186,-1.3016005460337792
ESP,2006,no_capital,perm,all,d,0.38690605566146113,0.253,0.3419155478953457,0.4298270300975695,-0.6793686614801033
ESP,2006,no_capital,perm,no_prereg,mawd,0.12793489121426918,0.0,0.25713727649405127,0.36032887043223233,-3.0824681761537764
ESP,2006,no_capital,perm,no_prereg,d,0.20633781456878206,0.0,0.32222577571004457,0.4189259415526812,-2.427030926553574
ESP,2006,no_capital,lnorm,all,mawd,0.29599185891541197,0.019,0.3220967995372613,0.4623308277877164,-1.5621338765047965
ESP,2006,no_capital,lnorm,all,d,0.38690605566146113,0.138,0.35890133135780544,0.4606124279594054,-1.0659956642113477
ESP,2006,no_capital,lnorm,no_prereg,mawd,0.12793489121426918,0.0,0.2936657338783601,0.42083636433832783,-2.580703089197352
ESP,2006,no_capital,lnorm,no_prereg,d,0.20633781456878206,0.0,0.34716103679523425,0.4439046776883874,-2.9308208994690395
ESP,2006,no_capital,flat,all,mawd,0.29599185891541197,1.0,,,
ESP,2006,no_capital,flat,all,d,0.38690605566146113,1.0,,,
ESP,2007,no_capital,perm,all,mawd,0.32488535179104366,0.18,0.27833817519560217,0.3940225374869295,-0.9412205970883134
ESP,2007,no_capital,perm,all,d,0.4070812387310973,0.38,0.34119092627239944,0.42837535339894084,-0.4426958387979174
ESP,2007,no_capital,perm,no_prereg,mawd,0.13224703117227268,0.0,0.2565979071309277,0.35669063435235215,-3.0829042092674532
ESP,2007,no_capital,perm,no_prereg,d,0.20549976814235366,0.0,0.3197705919051968,0.4173777738062814,-2.420206234433698
ESP,2007,no_capital,lnorm,all,mawd,0.32488535179104366,0.058,0.32096631606178383,0.4633819947711646,-1.3355051746054698
ESP,2007,no_capital,lnorm,all,d,0.4070812387310973,0.24,0.3589090908103652,0.45965727244597,-0.7837353063487998
ESP,2007,no_capital,lnorm,no_prereg,mawd,0.13224703117227268,0.0,0.29404461697276885,0.4161950204403644,-2.6183261849632102
ESP,2007,no_capital,lnorm,no_prereg,d,0.20549976814235366,0.0,0.34288990396221675,0.44104237706506566,-2.901214353323728
ESP,2007,no_capital,flat,all,mawd,0.32488535179104366,1.0,,,
ESP,2007,no_capital,flat,all,d,0.4070812387310973,1.0,,,
ESP,2008,no_capital,perm,all,mawd,0.32930672021269763,0.161,0.29119964269765125,0.40274117870404835,-0.9972061124202666
ESP,2008,no_capital,perm,all,d,0.4072775466336377,0.363,0.3452919578621472,0.4302954996099245,-0.4687688395406963
ESP,2008,no_capital,perm,no_prereg,mawd,0.13180030877363597,0.0,0.2685992087432363,0.36821132847854776,-3.391099817875511
ESP,2008,no_capital,perm,no_prereg,d,0.20679689550604421,0.0,0.32381873632899105,0.41866286186906876,-2.6036606638136313
ESP,2008,no_capital,lnorm,all,mawd,0.32930672021269763,0.044,0.33411272936727293,0.47658704131593826,-1.4587186278627846
ESP,2008,no_capital,lnorm,all,d,0.4072775466336377,0.225,0.36225165212302674,0.45959985108437174,-0.8179512995824016
ESP,2008,no_capital,lnorm,no_prereg,mawd,0.13180030877363597,0.0,0.30336962298917275,0.4316510431954679,-2.8879947303955156
ESP,2008,no_capital,lnorm,no_prereg,d,0.20679689550604421,0.0,0.34521607301517954,0.44105388714720417,-3.123108635982066
ESP,2008,no_capital,flat,all,mawd,0.32930672021269763,1.0,,,
ESP,2008,no_capital,flat,all,d,0.4072775466336377,1.0,,,
ESP,2009,no_capital,perm,all,mawd,0.3461942775825217,0.213,0.29778801318922604,0.4081807557156455,-0.85431894042494
ESP,2009,no_capital,perm,all,d,0.40796715706131875,0.374,0.3421179590461437,0.42553390318365714,-0.4246967029591847
ESP,2009,no_capital,perm,no_prereg,mawd,0.1460144234929011,0.0,0.27404898056493143,0.3819727566411225,-3.0931170115490945
ESP,2009,no_capital,perm,no_prereg,d,0.2200488143908735,0.0,0.3255658150342593,0.41414951235771125,-2.5946461054072123
ESP,2009,no_capital,lnorm,all,mawd,0.3461942775825217,0.066,0.3313314500093146,0.4775274785056889,-1.312377361758036
ESP,2009,no_capital,lnorm,all,d,0.40796715706131875,0.264,0.35839026523261,0.4479684332888717,-0.6938658339829746
ESP,2009,no_capital,lnorm,no_prereg,mawd,0.1460144234929011,0.0,0.3052624617691528,0.44474035584324867,-2.782136343303799
ESP,2009,no_capital,lnorm,no_prereg,d,0.2200488143908735,0.0,0.34306900957898717,0.431422694596476,-3.137774246544131
ESP,2009,no_capital,flat,all,mawd,0.3461942775825217,1.0,,,
ESP,2009,no_capital,flat,all,d,0.40796715706131875,1.0,,,
ESP,2010,no_capital,perm,all,mawd,0.3797099448538862,0.274,0.31080835367841086,0.4301145018057938,-0.6409163272944184
ESP,2010,no_capital,perm,all,d,0.44550631685849285,0.516,0.3518009452805294,0.4427386573060006,-0.14222967186329072
ESP,2010,no_capital,perm,no_prereg,mawd,0.147817381072905,0.0,0.28862731852620344,0.39423720630428677,-3.231886792854892
ESP,2010,no_capital,perm,no_prereg,d,0.20941983277562784,0.0,0.3361723697221502,0.42921885813502136,-2.8079899623286377
ESP,2010,no_capital,lnorm,all,mawd,0.3797099448538862,0.092,0.3542030797249119,0.5134263723615073,-1.2308694909164921
ESP,2010,no_capital,lnorm,all,d,0.44550631685849285,0.383,0.3710261226142307,0.4688039012756843,-0.3971889575880199
ESP,2010,no_capital,lnorm,no_prereg,mawd,0.147817381072905,0.0,0.3250021640975096,0.4713471808752439,-3.062224974359506
ESP,2010,no_capital,lnorm,no_prereg,d,0.20941983277562784,0.0,0.3558972575764224,0.4485367356444242,-3.404359880019415
ESP,2010,no_capital,flat,all,mawd,0.3797099448538862,1.0,,,
ESP,2010,no_capital,flat,all,d,0.44550631685849285,1.0,,,
ESP,2011,no_capital,perm,all,mawd,0.4087033131496465,0.38,0.3064416074512222,0.4375671554080319,-0.40847079352847815
ESP,2011,no_capital,perm,all,d,0.47269811252055505,0.605,0.35503542077501693,0.44738067744130877,0.0824197506758753
ESP,2011,no_capital,perm,no_prereg,mawd,0.14868874519207562,0.0,0.29250815835327215,0.40159245641165947,-3.2249979119424617
ESP,2011,no_capital,perm,no_prereg,d,0.20816777190715477,0.0,0.3375417248938441,0.4356604101249354,-2.77605700064611
ESP,2011,no_capital,lnorm,all,mawd,0.4087033131496465,0.135,0.3642334347257917,0.5301549863368376,-1.0653499074279498
ESP,2011,no_capital,lnorm,all,d,0.47269811252055505,0.467,0.3748889156201759,0.4782913545614875,-0.13227671492299983
ESP,2011,no_capital,lnorm,no_prereg,mawd,0.14868874519207562,0.0,0.3327837697194149,0.4827432761016389,-3.1237227118872024
ESP,2011,no_capital,lnorm,no_prereg,d,0.20816777190715477,0.0,0.36023728530947524,0.4562705704965792,-3.3844749537249412
ESP,2011,no_capital,flat,all,mawd,0.4087033131496465,1.0,,,
ESP,2011,no_capital,flat,all,d,0.47269811252055505,1.0,,,
ESP,2012,no_capital,perm,all,mawd,0.4465651019743887,0.488,0.31442497164437755,0.4491822931191319,-0.18288288075609746
ESP,2012,no_capital,perm,all,d,0.4969451077391326,0.71,0.36041216019204086,0.45229789862850645,0.347682879251423
ESP,2012,no_capital,perm,no_prereg,mawd,0.1563104077933034,0.0,0.2967727728079307,0.41085899547374205,-3.182903109423156
ESP,2012,no_capital,perm,no_prereg,d,0.2138180475134524,0.0,0.34143206782409663,0.4358481876044561,-2.897749971670317
ESP,2012,no_capital,lnorm,all,mawd,0.4465651019743887,0.199,0.3762940436527121,0.5535044034219632,-0.8954751466820264
ESP,2012,no_capital,lnorm,all,d,0.4969451077391326,0.584,0.37874653842190914,0.4818254085612102,0.1665948343723204
ESP,2012,no_capital,lnorm,no_prereg,mawd,0.1563104077933034,0.0,0.3458098939562291,0.4972281571731262,-3.091502545662603
ESP,2012,no_capital,lnorm,no_prereg,d,0.2138180475134524,0.0,0.36548138691470644,0.45841424807295084,-3.5776669094587703
ESP,2012,no_capital,flat,all,mawd,0.4465651019743887,1.0,,,
ESP,2012,no_capital,flat,all,d,0.4969451077391326,1.0,,,
ESP,2013,no_capital,perm,all,mawd,0.4851227893844694,0.603,0.3182254123828907,0.4535351518577646,0.0512253446503002
ESP,2013,no_capital,perm,all,d,0.5390457842211296,0.828,0.3599006475467812,0.45213500104071747,0.7829359133257057
ESP,2013,no_capital,perm,no_prereg,mawd,0.15526060628090824,0.0,0.30010044914871126,0.415516254920918,-3.15979252095121
ESP,2013,no_capital,perm,no_prereg,d,0.20639322017482112,0.0,0.3404849502039954,0.4370888301174584,-3.0066698451138496
ESP,2013,no_capital,lnorm,all,mawd,0.4851227893844694,0.279,0.380179067887829,0.5652661055358823,-0.6630559792264085
ESP,2013,no_capital,lnorm,all,d,0.5390457842211296,0.772,0.38073165808698756,0.4825636840709827,0.7148173403504652
ESP,2013,no_capital,lnorm,no_prereg,mawd,0.15526060628090824,0.0,0.35064826877671157,0.5036940541076964,-3.098619732301679
ESP,2013,no_capital,lnorm,no_prereg,d,0.20639322017482112,0.0,0.3670680085082998,0.45749906280168595,-3.7511007045216878
ESP,2013,no_capital,flat,all,mawd,0.4851227893844694,1.0,,,
ESP,2013,no_capital,flat,all,d,0.5390457842211296,1.0,,,
ESP,2014,no_capital,perm,all,mawd,0.4896471770433001,0.598,0.3249860946421711,0.45932413820379814,0.030048448939998064
ESP,2014,no_capital,perm,all,d,0.5399949884610792,0.826,0.36221384089075603,0.45366602460584404,0.7846000291606992
ESP,2014,no_capital,perm,no_prereg,mawd,0.1532344123391589,0.0,0.3024231361946989,0.41898166342833465,-3.222379047047392
ESP,2014,no_capital,perm,no_prereg,d,0.20443500137689172,0.0,0.3407031429212835,0.4357749445398858,-3.0915806438819353
ESP,2014,no_capital,lnorm,all,mawd,0.4896471770433001,0.278,0.3835411393754192,0.5697934003675875,-0.6662346960016671
ESP,2014,no_capital,lnorm,all,d,0.5399949884610792,0.782,0.3829555970292722,0.4826049595004719,0.7247204900716767
ESP,2014,no_capital,lnorm,no_prereg,mawd,0.1532344123391589,0.0,0.35503528555634506,0.505501482989198,-3.1206419526516798
ESP,2014,no_capital,lnorm,no_prereg,d,0.20443500137689172,0.0,0.3658872409637099,0.45409554968385324,-3.8537302258453314
ESP,2014,no_capital,flat,all,mawd,0.4896471770433001,1.0,,,
ESP,2014,no_capital,flat,all,d,0.5399949884610792,1.0,,,
EST,2000,no_capital,perm,all,mawd,0.3589707290592605,0.675,0.24498293644830985,0.3292460172833044,0.3548163155479118
EST,2000,no_capital,perm,all,d,0.3999613012829796,0.789,0.29791126076452434,0.36013530806762983,0.6712146032024672
EST,2000,no_capital,perm,no_prereg,mawd,0.18228968728573727,0.001,0.2189086594583557,0.2846140475199772,-2.3737166522431634
EST,2000,no_capital,perm,no_prereg,d,0.2308418075492697,0.001,0.2785511150934392,0.33200032289779846,-2.6729470911773725
EST,2000,no_capital,lnorm,all,mawd,0.3589707290592605,0.75,0.22771353183094176,0.31358713778419606,0.602712221208177
EST,2000,no_capital,lnorm,all,d,0.3999613012829796,0.917,0.2803283605843421,0.3380019995203808,1.44950081118284
EST,2000,no_capital,lnorm,no_prereg,mawd,0.18228968728573727,0.015,0.19691458619624339,0.2680973946406473,-1.7724401536193208
EST,2000,no_capital,lnorm,no_prereg,d,0.2308418075492697,0.002,0.2580891870029289,0.31129744207375265,-2.4347464262270164
EST,2000,no_capital,flat,all,mawd,0.3589707290592605,1.0,,,
EST,2000,no_capital,flat,all,d,0.3999613012829796,1.0,,,
EST,2001,no_capital,perm,all,mawd,0.3535487726195263,0.849,0.2255334610084668,0.29192046421683815,1.0376768078971044
EST,2001,no_capital,perm,all,d,0.3896823955014199,0.932,0.2738807149778084,0.33359658865598985,1.5249153677614917
EST,2001,no_capital,perm,no_prereg,mawd,0.17198116520690243,0.003,0.1999098333767205,0.2598020111464654,-2.2783055092441913
EST,2001,no_capital,perm,no_prereg,d,0.2026246585636382,0.0,0.2569488449226631,0.3106876460839907,-3.152953465453462
EST,2001,no_capital,lnorm,all,mawd,0.3535487726195263,0.806,0.21868061463428276,0.2999064693882199,0.8387802358786419
EST,2001,no_capital,lnorm,all,d,0.3896823955014199,0.941,0.2691666845613511,0.32488493068861446,1.623436790723881
EST,2001,no_capital,lnorm,no_prereg,mawd,0.17198116520690243,0.008,0.19099072575382262,0.2609572654386587,-1.8841710495778095
EST,2001,no_capital,lnorm,no_prereg,d,0.2026246585636382,0.0,0.25062188251317713,0.3053396880772843,-3.02775444587536
EST,2001,no_capital,flat,all,mawd,0.3535487726195263,1.0,,,
EST,2001,no_capital,flat,all,d,0.3896823955014199,1.0,,,
EST,2002,no_capital,perm,all,mawd,0.36993160628645444,0.802,0.24401274703080597,0.31748788958794005,0.8017519397550046
EST,2002,no_capital,perm,all,d,0.4211437146164452,0.906,0.2963785672520522,0.3614570001301452,1.4009813351016578
EST,2002,no_capital,perm,no_prereg,mawd,0.20730362102359368,0.027,0.21898331311391858,0.28761591316725943,-1.8021376488672336
EST,2002,no_capital,perm,no_prereg,d,0.2355538387361269,0.001,0.28014790652430643,0.3382462713304283,-2.6468712766088704
EST,2002,no_capital,lnorm,all,mawd,0.36993160628645444,0.623,0.2553160308405716,0.34843342489246987,0.23498880077853185
EST,2002,no_capital,lnorm,all,d,0.4211437146164452,0.927,0.30434078771242673,0.3617210805656068,1.4906400567138565
EST,2002,no_capital,lnorm,no_prereg,mawd,0.20730362102359368,0.015,0.2274379680140726,0.3113387536773301,-1.7729008631759804
EST,2002,no_capital,lnorm,no_prereg,d,0.2355538387361269,0.001,0.28327054290625636,0.34202767404460516,-2.974167145867987
EST,2002,no_capital,flat,all,mawd,0.36993160628645444,1.0,,,
EST,2002,no_capital,flat,all,d,0.4211437146164452,1.0,,,
EST,2003,no_capital,perm,all,mawd,0.372004043603414,0.838,0.24146092754057427,0.31317058897004196,0.951872197894278
EST,2003,no_capital,perm,all,d,0.39883212327018375,0.848,0.29645496228120444,0.35244275240460954,1.0475631318224239
EST,2003,no_capital,perm,no_prereg,mawd,0.2221760212981454,0.065,0.2160645356598639,0.2865318957912716,-1.4228780159099277
EST,2003,no_capital,perm,no_prereg,d,0.2368472556293161,0.0,0.2780352872906393,0.3306226885738768,-2.5159897297828278
EST,2003,no_capital,lnorm,all,mawd,0.372004043603414,0.585,0.2626977024043222,0.356972419359908,0.11496495896486306
EST,2003,no_capital,lnorm,all,d,0.39883212327018375,0.822,0.30872749026330487,0.363949767852643,0.9038174593345827
EST,2003,no_capital,lnorm,no_prereg,mawd,0.2221760212981454,0.022,0.2375778344724285,0.32531204720479545,-1.6527681611825351
EST,2003,no_capital,lnorm,no_prereg,d,0.2368472556293161,0.0,0.28828257965802023,0.3454872298194154,-3.1509818306210415
EST,2003,no_capital,flat,all,mawd,0.372004043603414,1.0,,,
EST,2003,no_capital,flat,all,d,0.39883212327018375,1.0,,,
EST,2004,no_capital,perm,all,mawd,0.3525043925386599,0.76,0.24047766701416706,0.3109013820771247,0.6469280854365036
EST,2004,no_capital,perm,all,d,0.37441356187593305,0.736,0.29664237724654124,0.35024054950535044,0.6795496311573445
EST,2004,no_capital,perm,no_prereg,mawd,0.21810284428006668,0.045,0.2202862817841948,0.2885378484684156,-1.591954728801605
EST,2004,no_capital,perm,no_prereg,d,0.2380888286833777,0.001,0.2844102200531448,0.33584202220190107,-2.8702495097446934
EST,2004,no_capital,lnorm,all,mawd,0.3525043925386599,0.704,0.235707880541756,0.31920303734643285,0.4826789850698521
EST,2004,no_capital,lnorm,all,d,0.37441356187593305,0.801,0.2885675909918821,0.34343382874213707,0.8023147179183054
EST,2004,no_capital,lnorm,no_prereg,mawd,0.21810284428006668,0.066,0.2140936761470164,0.28946902392623763,-1.3600654137803387
EST,2004,no_capital,lnorm,no_prereg,d,0.2380888286833777,0.001,0.2710452931711746,0.32923543573375585,-2.626489537372511
EST,2004,no_capital,flat,all,mawd,0.3525043925386599,1.0,,,
EST,2004,no_capital,flat,all,d,0.37441356187593305,1.0,,,
EST,2005,no_capital,perm,all,mawd,0.35938023107501227,0.611,0.2667166000781323,0.3440005526691827,0.16690726653032834
EST,2005,no_capital,perm,all,d,0.4245586518399966,0.866,0.3244592237244058,0.38086332543923085,1.1066103133192327
EST,2005,no_capital,perm,no_prereg,mawd,0.21060116751073732,0.006,0.24316240886043985,0.31937839722622113,-2.2253165380841318
EST,2005,no_capital,perm,no_prereg,d,0.24480990784684162,0.0,0.3064999278932507,0.36523074729623245,-3.105420341713701
EST,2005,no_capital,lnorm,all,mawd,0.35938023107501227,0.401,0.2775450860829939,0.37724405419171114,-0.3218088518822537
EST,2005,no_capital,lnorm,all,d,0.4245586518399966,0.856,0.32459608924072086,0.382652526909126,1.0756145721064865
EST,2005,no_capital,lnorm,no_prereg,mawd,0.21060116751073732,0.006,0.2507921433359804,0.3441605751594006,-1.9658739398430018
EST,2005,no_capital,lnorm,no_prereg,d,0.24480990784684162,0.0,0.30705725550446183,0.36953193819561814,-3.35150676070487
EST,2005,no_capital,flat,all,mawd,0.35938023107501227,1.0,,,
EST,2005,no_capital,flat,all,d,0.4245586518399966,1.0,,,
EST,2006,no_capital,perm,all,mawd,0.33828748790586866,0.421,0.2670606832183835,0.3497331138464165,-0.28501579529120996
EST,2006,no_capital,perm,all,d,0.39158515574810965,0.68,0.3185943057260099,0.37319989620984306,0.4915069855320121
EST,2006,no_capital,perm,no_prereg,mawd,0.1905984194767343,0.0,0.2473243476986099,0.322173836371645,-2.6764600697625904
EST,2006,no_capital,perm,no_prereg,d,0.26492940610071963,0.003,0.3027139050052841,0.3563201036899841,-2.8014455020413864
EST,2006,no_capital,lnorm,all,mawd,0.33828748790586866,0.444,0.25769131318069405,0.3479859515585876,-0.23160746999172263
EST,2006,no_capital,lnorm,all,d,0.39158515574810965,0.762,0.30674665282677327,0.364502242583047,0.6718642591290312
EST,2006,no_capital,lnorm,no_prereg,mawd,0.1905984194767343,0.005,0.23083162391723952,0.31548050345403766,-2.067881006999912
EST,2006,no_capital,lnorm,no_prereg,d,0.26492940610071963,0.003,0.2886613475092282,0.3472201106887124,-2.3826380250998707
EST,2006,no_capital,flat,all,mawd,0.33828748790586866,1.0,,,
EST,2006,no_capital,flat,all,d,0.39158515574810965,1.0,,,
EST,2007,no_capital,perm,all,mawd,0.3524800789957821,0.468,0.26858891221414805,0.3571052741909496,-0.17567864140968875
EST,2007,no_capital,perm,all,d,0.38917734553926636,0.595,0.32173222480608304,0.3778853251198798,0.18792338255633972
EST,2007,no_capital,perm,no_prereg,mawd,0.18016905195732216,0.0,0.25106426234058576,0.33061648828477475,-2.8346423071045175
EST,2007,no_capital,perm,no_prereg,d,0.28323815446810474,0.013,0.302660230956876,0.3622020246568455,-2.054499227060099
EST,2007,no_capital,lnorm,all,mawd,0.3524800789957821,0.58,0.24988265105402752,0.33824797614247637,0.13199642437403922
EST,2007,no_capital,lnorm,all,d,0.38917734553926636,0.82,0.29873437236445927,0.354925818447277,0.8893041420423372
EST,2007,no_capital,lnorm,no_prereg,mawd,0.18016905195732216,0.002,0.22495684187377163,0.3078932873023228,-2.1739448418183467
EST,2007,no_capital,lnorm,no_prereg,d,0.28323815446810474,0.056,0.2810214016118741,0.33902443514119784,-1.6240944189306483
EST,2007,no_capital,flat,all,mawd,0.3524800789957821,1.0,,,
EST,2007,no_capital,flat,all,d,0.38917734553926636,1.0,,,
EST,2008,no_capital,perm,all,mawd,0.34932390542169617,0.667,0.2503260425525727,0.3260791478526121,0.4082546975448466
EST,2008,no_capital,perm,all,d,0.3983006115393655,0.888,0.3017660541950933,0.3556530095258956,1.2406031180804227
EST,2008,no_capital,perm,no_prereg,mawd,0.18115601584556548,0.001,0.2238658378933489,0.2968583080751534,-2.60311033340895
EST,2008,no_capital,perm,no_prereg,d,0.2849356981004409,0.057,0.28208732386857577,0.33740868372460125,-1.5232801294515703
EST,2008,no_capital,lnorm,all,mawd,0.34932390542169617,0.719,0.23519160363245892,0.31488007480484037,0.5166522102750983
EST,2008,no_capital,lnorm,all,d,0.3983006115393655,0.909,0.2880890402159667,0.34422640725727793,1.3260824001608758
EST,2008,no_capital,lnorm,no_prereg,mawd,0.18115601584556548,0.013,0.21067744206527228,0.2818087379266595,-1.9954577900334245
EST,2008,no_capital,lnorm,no_prereg,d,0.2849356981004409,0.117,0.2691929141100459,0.3253386231896398,-1.1653691813143277
EST,2008,no_capital,flat,all,mawd,0.34932390542169617,1.0,,,
EST,2008,no_capital,flat,all,d,0.3983006115393655,1.0,,,
EST,2009,no_capital,perm,all,mawd,0.3821443569853227,0.855,0.24700301321060963,0.32411792366893355,1.0634714088519246
EST,2009,no_capital,perm,all,d,0.38777242800533707,0.881,0.2930556426556768,0.3467551115080849,1.20548194089288
EST,2009,no_capital,perm,no_prereg,mawd,0.23050503934599278,0.053,0.22885929453397671,0.3002962475423906,-1.4925990451246343
EST,2009,no_capital,perm,no_prereg,d,0.30203302040148056,0.191,0.27896420409132655,0.3340891678613048,-0.9141020996586183
EST,2009,no_capital,lnorm,all,mawd,0.3821443569853227,0.855,0.23570042880285863,0.3167751704689924,1.0429520365677494
EST,2009,no_capital,lnorm,all,d,0.38777242800533707,0.893,0.2822739991373905,0.33906157040413454,1.266652734853692
EST,2009,no_capital,lnorm,no_prereg,mawd,0.23050503934599278,0.11,0.2140683691685559,0.290319223567188,-1.1688341829944142
EST,2009,no_capital,lnorm,no_prereg,d,0.30203302040148056,0.237,0.2675174215580295,0.32603960323410036,-0.6987392331369149
EST,2009,no_capital,flat,all,mawd,0.3821443569853227,1.0,,,
EST,2009,no_capital,flat,all,d,0.38777242800533707,1.0,,,
EST,2010,no_capital,perm,all,mawd,0.3471467467810297,0.373,0.2827310034806992,0.36540387653389295,-0.382687332154093
EST,2010,no_capital,perm,all,d,0.36273077664527387,0.282,0.3249447259881417,0.382534600405992,-0.5760065953333103
EST,2010,no_capital,perm,no_prereg,mawd,0.2256293420312199,0.007,0.26139389105556715,0.339953372623856,-2.2414291509062343
EST,2010,no_capital,perm,no_prereg,d,0.2655692786569944,0.002,0.30566032787579217,0.3694350289207635,-2.5389445847252703
EST,2010,no_capital,lnorm,all,mawd,0.3471467467810297,0.366,0.27458500335594616,0.3664185862854195,-0.3793984423883362
EST,2010,no_capital,lnorm,all,d,0.36273077664527387,0.392,0.3134876024949458,0.3725989864252458,-0.30842540519138356
EST,2010,no_capital,lnorm,no_prereg,mawd,0.2256293420312199,0.015,0.24820433418846607,0.33580534144765395,-1.8086612406614322
EST,2010,no_capital,lnorm,no_prereg,d,0.2655692786569944,0.001,0.29593649851682235,0.3595639660995179,-2.3894179180072004
EST,2010,no_capital,flat,all,mawd,0.3471467467810297,1.0,,,
EST,2010,no_capital,flat,all,d,0.36273077664527387,1.0,,,
EST,2011,no_capital,perm,all,mawd,0.32350121035770557,0.278,0.2712130741685268,0.3566304912668249,-0.626318890306273
EST,2011,no_capital,perm,all,d,0.34131761406362127,0.157,0.32221042994710797,0.38059697408291004,-1.078987765975314
EST,2011,no_capital,perm,no_prereg,mawd,0.22032494180263068,0.005,0.2527332734986889,0.33009532296406574,-2.2494247398595983
EST,2011,no_capital,perm,no_prereg,d,0.291800368685513,0.022,0.30595537013812235,0.36727052813229144,-1.9371940728298878
EST,2011,no_capital,lnorm,all,mawd,0.32350121035770557,0.309,0.26830868025270216,0.3580350594278896,-0.6057072954270547
EST,2011,no_capital,lnorm,all,d,0.34131761406362127,0.195,0.3141951723024107,0.37129840118939045,-0.8446533156925841
EST,2011,no_capital,lnorm,no_prereg,mawd,0.22032494180263068,0.012,0.24186965842299896,0.32523907387484724,-1.7901371078694026
EST,2011,no_capital,lnorm,no_prereg,d,0.291800368685513,0.039,0.29616492507119463,0.35657427658359986,-1.7403130938296703
EST,2011,no_capital,flat,all,mawd,0.32350121035770557,1.0,,,
EST,2011,no_capital,flat,all,d,0.34131761406362127,1.0,,,
EST,2012,no_capital,perm,all,mawd,0.3083677009326363,0.296,0.25894366319649587,0.3398452580291066,-0.6143600617739521
EST,2012,no_capital,perm,all,d,0.3632680372677809,0.468,0.3096538028975954,0.36601789199644197,-0.058387434907549225
EST,2012,no_capital,perm,no_prereg,mawd,0.19447466117703927,0.001,0.24230120569746,0.3164377216431375,-2.6299599610198015
EST,2012,no_capital,perm,no_prereg,d,0.2984673152325921,0.075,0.2930469270258896,0.3530551684141665,-1.4699549482359688
EST,2012,no_capital,lnorm,all,mawd,0.3083677009326363,0.324,0.25431196988398924,0.3361685626082753,-0.5362054531274336
EST,2012,no_capital,lnorm,all,d,0.3632680372677809,0.589,0.3004394267678372,0.3547356039309981,0.16762445449332142
EST,2012,no_capital,lnorm,no_prereg,mawd,0.19447466117703927,0.004,0.2297715031650076,0.3070852705222755,-2.060133324943143
EST,2012,no_capital,lnorm,no_prereg,d,0.2984673152325921,0.116,0.2839668478162724,0.3411028202522991,-1.2162077951750088
EST,2012,no_capital,flat,all,mawd,0.3083677009326363,1.0,,,
EST,2012,no_capital,flat,all,d,0.3632680372677809,1.0,,,
EST,2013,no_capital,perm,all,mawd,0.3090853896084819,0.345,0.25594812363574265,0.33031677169393325,-0.4672475139857485
EST,2013,no_capital,perm,all,d,0.3494237800791183,0.466,0.29931077130490874,0.35221624157354003,-0.1055220058557926
EST,2013,no_capital,perm,no_prereg,mawd,0.19825028126090652,0.005,0.23733083658890458,0.30745387188574935,-2.4248248037482405
EST,2013,no_capital,perm,no_prereg,d,0.26224957492637374,0.008,0.2858164407532273,0.3378443793224702,-2.2275211782134257
EST,2013,no_capital,lnorm,all,mawd,0.3090853896084819,0.411,0.24473123974308722,0.32213003452169814,-0.3129658179209933
EST,2013,no_capital,lnorm,all,d,0.3494237800791183,0.553,0.289017804543841,0.34465696759176695,0.07582022759570287
EST,2013,no_capital,lnorm,no_prereg,mawd,0.19825028126090652,0.011,0.21813423060404882,0.291541707527445,-1.8294059971063836
EST,2013,no_capital,lnorm,no_prereg,d,0.26224957492637374,0.019,0.27487234605241795,0.3308287182838807,-1.9195343671872587
EST,2013,no_capital,flat,all,mawd,0.3090853896084819,1.0,,,
EST,2013,no_capital,flat,all,d,0.3494237800791183,1.0,,,
EST,2014,no_capital,perm,all,mawd,0.31730293545501276,0.369,0.25848034545235477,0.334531378552814,-0.4015319327111688
EST,2014,no_capital,perm,all,d,0.3573196568401993,0.51,0.29984515315938276,0.35646950754387385,-0.06422876319147859
EST,2014,no_capital,perm,no_prereg,mawd,0.20248392664453846,0.008,0.2357127907589024,0.308459551183734,-2.2674506106032832
EST,2014,no_capital,perm,no_prereg,d,0.2822109671471514,0.045,0.2846007227699789,0.33995909462124874,-1.5608041552878769
EST,2014,no_capital,lnorm,all,mawd,0.31730293545501276,0.35,0.2587504533779173,0.34062069227758707,-0.46312830239079755
EST,2014,no_capital,lnorm,all,d,0.3573196568401993,0.49,0.3002069355906918,0.35827807467791783,-0.09771819719057484
EST,2014,no_capital,lnorm,no_prereg,mawd,0.20248392664453846,0.009,0.23078098334387906,0.30792683177929103,-1.9299461220358218
EST,2014,no_capital,lnorm,no_prereg,d,0.2822109671471514,0.047,0.28331697395450095,0.3421036278356591,-1.6173814641652584
EST,2014,no_capital,flat,all,mawd,0.31730293545501276,1.0,,,
EST,2014,no_capital,flat,all,d,0.3573196568401993,1.0,,,
FIN,2000,no_capital,perm,all,mawd,0.3528750064149395,0.595,0.2634345288248323,0.3364686564702183,0.21378580298728656
FIN,2000,no_capital,perm,all,d,0.34263186084424385,0.205,0.3158690519989584,0.37761669483890703,-0.85115383212984
FIN,2000,no_capital,perm,no_prereg,mawd,0.24343599961703866,0.037,0.24983336711396553,0.3250966856176758,-1.5893475163491015
FIN,2000,no_capital,perm,no_prereg,d,0.2647485299659978,0.003,0.3050267376538511,0.37487594087571574,-2.1273187426031126
FIN,2000,no_capital,lnorm,all,mawd,0.3528750064149395,0.315,0.2840086328889882,0.3846348372178554,-0.5241330238945228
FIN,2000,no_capital,lnorm,all,d,0.34263186084424385,0.083,0.3312032842892712,0.3978586336573688,-1.3758408938739268
FIN,2000,no_capital,lnorm,no_prereg,mawd,0.24343599961703866,0.02,0.26854697200609656,0.37018731658195636,-1.7249202616390145
FIN,2000,no_capital,lnorm,no_prereg,d,0.2647485299659978,0.003,0.32001052379339895,0.3967306421440121,-2.851954033332711
FIN,2000,no_capital,flat,all,mawd,0.3528750064149395,1.0,,,
FIN,2000,no_capital,flat,all,d,0.34263186084424385,1.0,,,
FIN,2001,no_capital,perm,all,mawd,0.3510524644211887,0.592,0.2666253325487683,0.3367016732050939,0.20651400175829912
FIN,2001,no_capital,perm,all,d,0.3378007473604996,0.188,0.3132238788823638,0.37033488169413586,-0.884212681539642
FIN,2001,no_capital,perm,no_prereg,mawd,0.23467443048175235,0.019,0.25265297093990446,0.32543079869296054,-1.8283287452152797
FIN,2001,no_capital,perm,no_prereg,d,0.25754148155096884,0.002,0.3046692633017204,0.3674785381932365,-2.3822875936662458
FIN,2001,no_capital,lnorm,all,mawd,0.3510524644211887,0.325,0.2833376787564479,0.37749107060409304,-0.4943026103293167
FIN,2001,no_capital,lnorm,all,d,0.3378007473604996,0.09,0.32733938922677824,0.38825264113777075,-1.3420545460245143
FIN,2001,no_capital,lnorm,no_prereg,mawd,0.23467443048175235,0.014,0.2665542092734157,0.36629101593390195,-1.851778276133569
FIN,2001,no_capital,lnorm,no_prereg,d,0.25754148155096884,0.002,0.3156166987044081,0.3861674879422168,-2.9913388757014276
FIN,2001,no_capital,flat,all,mawd,0.3510524644211887,1.0,,,
FIN,2001,no_capital,flat,all,d,0.3378007473604996,1.0,,,
FIN,2002,no_capital,perm,all,mawd,0.36288160713993467,0.694,0.2623216230762133,0.3325934073874969,0.48727913092000874
FIN,2002,no_capital,perm,all,d,0.3407208435783972,0.298,0.30503390285643855,0.3608041295599004,-0.5827654468016401
FIN,2002,no_capital,perm,no_prereg,mawd,0.24098907961446003,0.028,0.25114338010627946,0.3244421528342203,-1.6902771375354422
FIN,2002,no_capital,perm,no_prereg,d,0.26336640525923816,0.002,0.2974187134832794,0.3595252023388157,-2.1580700682184424
FIN,2002,no_capital,lnorm,all,mawd,0.36288160713993467,0.418,0.2810207801943195,0.3748464155950255,-0.2908167158643562
FIN,2002,no_capital,lnorm,all,d,0.3407208435783972,0.161,0.3175722168669301,0.37588533778768973,-0.9863150760252252
FIN,2002,no_capital,lnorm,no_prereg,mawd,0.24098907961446003,0.019,0.26408298341259434,0.3649444704835923,-1.7615641376257294
FIN,2002,no_capital,lnorm,no_prereg,d,0.26336640525923816,0.003,0.3079847285667072,0.37538788929937755,-2.6782925877062116
FIN,2002,no_capital,flat,all,mawd,0.36288160713993467,1.0,,,
FIN,2002,no_capital,flat,all,d,0.3407208435783972,1.0,,,
FIN,2003,no_capital,perm,all,mawd,0.35986297865165784,0.679,0.2595079455510223,0.33272272459932206,0.43008137561527165
FIN,2003,no_capital,perm,all,d,0.33902799889725843,0.295,0.30361495902719826,0.35810056851015803,-0.5641519574669538
FIN,2003,no_capital,perm,no_prereg,mawd,0.2351122242612845,0.021,0.25039733894628863,0.3246665726940006,-1.7863982502385862
FIN,2003,no_capital,perm,no_prereg,d,0.259191334320584,0.002,0.2937058287578041,0.358299973622367,-2.196944475938551
FIN,2003,no_capital,lnorm,all,mawd,0.35986297865165784,0.401,0.28215674590168505,0.3768859644173072,-0.3497065637040619
FIN,2003,no_capital,lnorm,all,d,0.33902799889725843,0.151,0.3161470119711662,0.37557740083211066,-1.0046388504464927
FIN,2003,no_capital,lnorm,no_prereg,mawd,0.2351122242612845,0.013,0.26539666659607003,0.3660156838361883,-1.8690373084544103
FIN,2003,no_capital,lnorm,no_prereg,d,0.259191334320584,0.002,0.3067629799940704,0.3763864816014318,-2.7895544319396453
FIN,2003,no_capital,flat,all,mawd,0.35986297865165784,1.0,,,
FIN,2003,no_capital,flat,all,d,0.33902799889725843,1.0,,,
FIN,2004,no_capital,perm,all,mawd,0.3566324036190451,0.649,0.2612487047065808,0.3333956379287135,0.3271694437057711
FIN,2004,no_capital,perm,all,d,0.34413616759166427,0.319,0.30432352383170147,0.36246016823367555,-0.5234014674147713
FIN,2004,no_capital,perm,no_prereg,mawd,0.2308825428818784,0.014,0.24887235611103603,0.3251510618098867,-1.8591601764514663
FIN,2004,no_capital,perm,no_prereg,d,0.26891296361537226,0.006,0.29666329546034087,0.3607005559716856,-2.1045854748159085
FIN,2004,no_capital,lnorm,all,mawd,0.3566324036190451,0.336,0.28707050270031026,0.38231411258589376,-0.4882760998424908
FIN,2004,no_capital,lnorm,all,d,0.34413616759166427,0.158,0.3208220125187087,0.3790837727044791,-0.9908713831004398
FIN,2004,no_capital,lnorm,no_prereg,mawd,0.2308825428818784,0.009,0.26978525898580247,0.3716546059074878,-1.963930006178969
FIN,2004,no_capital,lnorm,no_prereg,d,0.26891296361537226,0.003,0.3122434780490808,0.37875838533745176,-2.7308602367060897
FIN,2004,no_capital,flat,all,mawd,0.3566324036190451,1.0,,,
FIN,2004,no_capital,flat,all,d,0.34413616759166427,1.0,,,
FIN,2005,no_capital,perm,all,mawd,0.3296966803874986,0.498,0.2571357264932392,0.3301862665031248,-0.09501639186172352
FIN,2005,no_capital,perm,all,d,0.3335410813492177,0.235,0.3012465764039693,0.36003383758276464,-0.7200087731494641
FIN,2005,no_capital,perm,no_prereg,mawd,0.21179928492180533,0.006,0.24482132208433022,0.3192982352148249,-2.1141403274670774
FIN,2005,no_capital,perm,no_prereg,d,0.25776115938343297,0.002,0.291690181762907,0.3556838497678647,-2.24717492128462
FIN,2005,no_capital,lnorm,all,mawd,0.3296966803874986,0.183,0.2884492989883392,0.3855680292121587,-0.8817604504793024
FIN,2005,no_capital,lnorm,all,d,0.3335410813492177,0.09,0.32345218564709205,0.379983284773917,-1.328309723242584
FIN,2005,no_capital,lnorm,no_prereg,mawd,0.21179928492180533,0.003,0.2716098013296688,0.37318491250394437,-2.1962229337078556
FIN,2005,no_capital,lnorm,no_prereg,d,0.25776115938343297,0.0,0.31151277856191323,0.3766828857440417,-3.009769292080522
FIN,2005,no_capital,flat,all,mawd,0.3296966803874986,1.0,,,
FIN,2005,no_capital,flat,all,d,0.3335410813492177,1.0,,,
FIN,2006,no_capital,perm,all,mawd,0.33039781792990713,0.461,0.26199165730172785,0.3358997353336587,-0.19980930872306185
FIN,2006,no_capital,perm,all,d,0.34078863084295014,0.244,0.306684013897564,0.3672794232131483,-0.7294454022549263
FIN,2006,no_capital,perm,no_prereg,mawd,0.2167680615309647,0.006,0.246517369457781,0.32617637393687043,-2.1141838778999698
FIN,2006,no_capital,perm,no_prereg,d,0.2704000057193896,0.005,0.297947189268177,0.3656000963808204,-2.0834586822002343
FIN,2006,no_capital,lnorm,all,mawd,0.33039781792990713,0.172,0.29382131699266195,0.39083743232401036,-0.9242452036808396
FIN,2006,no_capital,lnorm,all,d,0.34078863084295014,0.091,0.33204384232452516,0.3911424725483054,-1.3667592233544088
FIN,2006,no_capital,lnorm,no_prereg,mawd,0.2167680615309647,0.004,0.2755593705472565,0.37527861788825034,-2.173226949823492
FIN,2006,no_capital,lnorm,no_prereg,d,0.2704000057193896,0.002,0.32030282938901905,0.39082615688090266,-2.856759707411209
FIN,2006,no_capital,flat,all,mawd,0.33039781792990713,1.0,,,
FIN,2006,no_capital,flat,all,d,0.34078863084295014,1.0,,,
FIN,2007,no_capital,perm,all,mawd,0.33123321847399595,0.418,0.264389989191412,0.34351394156291926,-0.278338758907584
FIN,2007,no_capital,perm,all,d,0.3430350955376061,0.235,0.30979361939030214,0.36852178597098834,-0.7313913478790606
FIN,2007,no_capital,perm,no_prereg,mawd,0.22435168561406574,0.006,0.25167868246385294,0.3302364550432261,-2.0621471402798623
FIN,2007,no_capital,perm,no_prereg,d,0.27283117002716584,0.006,0.30055207210171936,0.36578672188078676,-2.070591605395471
FIN,2007,no_capital,lnorm,all,mawd,0.33123321847399595,0.16,0.2943224398423814,0.39342887665409415,-0.9502821509724841
FIN,2007,no_capital,lnorm,all,d,0.3430350955376061,0.091,0.3320695431278142,0.3905232676038308,-1.3089313794694004
FIN,2007,no_capital,lnorm,no_prereg,mawd,0.22435168561406574,0.007,0.2763968537465867,0.3769999612640006,-2.089285673622511
FIN,2007,no_capital,lnorm,no_prereg,d,0.27283117002716584,0.002,0.31883697375422726,0.3910373894498519,-2.78766166153652
FIN,2007,no_capital,flat,all,mawd,0.33123321847399595,1.0,,,
FIN,2007,no_capital,flat,all,d,0.3430350955376061,1.0,,,
FIN,2008,no_capital,perm,all,mawd,0.3262721899068693,0.393,0.26080207419321755,0.3414215731176865,-0.3532785597452353
FIN,2008,no_capital,perm,all,d,0.3544725414660131,0.302,0.3113527134788617,0.374544879604051,-0.5701049129578182
FIN,2008,no_capital,perm,no_prereg,mawd,0.204553475785892,0.001,0.24950226520333885,0.3257580785841349,-2.3499004260433343
FIN,2008,no_capital,perm,no_prereg,d,0.2657689010107692,0.003,0.30462328205307726,0.3734303947941796,-2.210273185963805
FIN,2008,no_capital,lnorm,all,mawd,0.3262721899068693,0.123,0.29820095748568703,0.4008681771526843,-1.081896046487129
FIN,2008,no_capital,lnorm,all,d,0.3544725414660131,0.127,0.33830364665526436,0.3996355652342489,-1.170801689787607
FIN,2008,no_capital,lnorm,no_prereg,mawd,0.204553475785892,0.0,0.2790609695423856,0.382841845440263,-2.375405396336733
FIN,2008,no_capital,lnorm,no_prereg,d,0.2657689010107692,0.0,0.32690329785258204,0.39848766755930853,-3.0813274317928463
FIN,2008,no_capital,flat,all,mawd,0.3262721899068693,1.0,,,
FIN,2008,no_capital,flat,all,d,0.3544725414660131,1.0,,,
FIN,2009,no_capital,perm,all,mawd,0.3327794277425679,0.483,0.2539467849034774,0.33565082981122096,-0.1343034899819566
FIN,2009,no_capital,perm,all,d,0.35128790539219534,0.311,0.30818991029173737,0.371628789227886,-0.5453325042757261
FIN,2009,no_capital,perm,no_prereg,mawd,0.1876206302119626,0.0,0.2457514385038089,0.3256248637579148,-2.5564831385882916
FIN,2009,no_capital,perm,no_prereg,d,0.27873409228485546,0.009,0.30447814411815527,0.3730398439310822,-1.8504179010056887
FIN,2009,no_capital,lnorm,all,mawd,0.3327794277425679,0.178,0.2921290712722486,0.39153075236700985,-0.8951025531865641
FIN,2009,no_capital,lnorm,all,d,0.35128790539219534,0.133,0.3306320670376882,0.3928118117201388,-1.080742479007572
FIN,2009,no_capital,lnorm,no_prereg,mawd,0.1876206302119626,0.0,0.27676322083077515,0.3795455309581892,-2.5728839479021306
FIN,2009,no_capital,lnorm,no_prereg,d,0.27873409228485546,0.002,0.3248142482585263,0.3958602153793027,-2.6266383161293128
FIN,2009,no_capital,flat,all,mawd,0.3327794277425679,1.0,,,
FIN,2009,no_capital,flat,all,d,0.35128790539219534,1.0,,,
FIN,2010,no_capital,perm,all,mawd,0.3285610122356233,0.411,0.25931437100613064,0.34131514270448554,-0.30356649865982566
FIN,2010,no_capital,perm,all,d,0.3400330939085886,0.179,0.3149473203493305,0.37434291889595883,-0.8769648127357754
FIN,2010,no_capital,perm,no_prereg,mawd,0.19616364531526495,0.0,0.25217756671125663,0.33432684963211534,-2.516227723853754
FIN,2010,no_capital,perm,no_prereg,d,0.2750184956216782,0.006,0.3087582083751489,0.3754758243997989,-2.115532410136165
FIN,2010,no_capital,lnorm,all,mawd,0.3285610122356233,0.143,0.30104030655708464,0.3994729846231747,-1.045147723162531
FIN,2010,no_capital,lnorm,all,d,0.3400330939085886,0.076,0.3334946753514853,0.39308679692614146,-1.4277211867802553
FIN,2010,no_capital,lnorm,no_prereg,mawd,0.19616364531526495,0.0,0.28493758594228835,0.3877430795518192,-2.545440638371872
FIN,2010,no_capital,lnorm,no_prereg,d,0.2750184956216782,0.002,0.3268594776843105,0.39755215919569614,-2.8564910245455684
FIN,2010,no_capital,flat,all,mawd,0.3285610122356233,1.0,,,
FIN,2010,no_capital,flat,all,d,0.3400330939085886,1.0,,,
FIN,2011,no_capital,perm,all,mawd,0.32597609888545115,0.401,0.2515362254583807,0.3406688513283942,-0.32816868182938935
FIN,2011,no_capital,perm,all,d,0.3415615984174594,0.204,0.3118245489739827,0.37400584558733696,-0.8077986779640397
FIN,2011,no_capital,perm,no_prereg,mawd,0.18489688577065744,0.0,0.24620942596429263,0.3307860367250651,-2.5593170252885353
FIN,2011,no_capital,perm,no_prereg,d,0.26023654848469463,0.003,0.3040053885636677,0.3740371139493603,-2.2548129480915446
FIN,2011,no_capital,lnorm,all,mawd,0.32597609888545115,0.106,0.306147543135722,0.4070932631784785,-1.147905531174365
FIN,2011,no_capital,lnorm,all,d,0.3415615984174594,0.066,0.33530409568713715,0.4002462140203381,-1.4882573448831988
FIN,2011,no_capital,lnorm,no_prereg,mawd,0.18489688577065744,0.0,0.2855473415871745,0.3927183208597179,-2.6937158034002966
FIN,2011,no_capital,lnorm,no_prereg,d,0.26023654848469463,0.0,0.3307779839923534,0.402228465696093,-3.201695429117288
FIN,2011,no_capital,flat,all,mawd,0.32597609888545115,1.0,,,
FIN,2011,no_capital,flat,all,d,0.3415615984174594,1.0,,,
FIN,2012,no_capital,perm,all,mawd,0.315583032169635,0.321,0.2543157614653433,0.3433237060645141,-0.5306579153340972
FIN,2012,no_capital,perm,all,d,0.33942088488357414,0.194,0.3100924601527742,0.37283560503578633,-0.8250281831799336
FIN,2012,no_capital,perm,no_prereg,mawd,0.17486419789563706,0.0,0.2477065652128182,0.334487566892415,-2.682834397174342
FIN,2012,no_capital,perm,no_prereg,d,0.26310508742309885,0.004,0.3031499819431539,0.3748623649138586,-2.1505069808649
FIN,2012,no_capital,lnorm,all,mawd,0.315583032169635,0.068,0.3080422866224215,0.4093365362633684,-1.3234747880569802
FIN,2012,no_capital,lnorm,all,d,0.33942088488357414,0.058,0.3358431400358563,0.3994096721686482,-1.5311752804558836
FIN,2012,no_capital,lnorm,no_prereg,mawd,0.17486419789563706,0.0,0.28651058576340466,0.3987947323398662,-2.8452209644151667
FIN,2012,no_capital,lnorm,no_prereg,d,0.26310508742309885,0.0,0.3321779766692004,0.403819939883012,-3.1179413301865777
FIN,2012,no_capital,flat,all,mawd,0.315583032169635,1.0,,,
FIN,2012,no_capital,flat,all,d,0.33942088488357414,1.0,,,
FIN,2013,no_capital,perm,all,mawd,0.32218000824690046,0.393,0.24842704822371348,0.33723323282498946,-0.3370676071031732
FIN,2013,no_capital,perm,all,d,0.33236251381508003,0.194,0.3038071328075378,0.3662020493247029,-0.8048704111372734
FIN,2013,no_capital,perm,no_prereg,mawd,0.1820575603226936,0.0,0.24591036285535917,0.33135448917115473,-2.529923031221206
FIN,2013,no_capital,perm,no_prereg,d,0.25382338533211635,0.002,0.2967761190656393,0.36695294850184057,-2.061671557260359
FIN,2013,no_capital,lnorm,all,mawd,0.32218000824690046,0.089,0.30365447425742204,0.40768448912417576,-1.2039626208700729
FIN,2013,no_capital,lnorm,all,d,0.33236251381508003,0.056,0.3315222517016475,0.39466817795441994,-1.5183638143258016
FIN,2013,no_capital,lnorm,no_prereg,mawd,0.1820575603226936,0.0,0.28908110100399775,0.3961962656205348,-2.749321692118813
FIN,2013,no_capital,lnorm,no_prereg,d,0.25382338533211635,0.0,0.32667500804018823,0.3983824446468921,-3.056999162300466
FIN,2013,no_capital,flat,all,mawd,0.32218000824690046,1.0,,,
FIN,2013,no_capital,flat,all,d,0.33236251381508003,1.0,,,
FIN,2014,no_capital,perm,all,mawd,0.34383261486036154,0.468,0.2571470721719741,0.349379132107586,-0.15394607487619338
FIN,2014,no_capital,perm,all,d,0.3469228960671125,0.265,0.31147421435980327,0.3741107999264994,-0.66749324892834
FIN,2014,no_capital,perm,no_prereg,mawd,0.1937669077345305,0.0,0.25433668572466195,0.34130566259083595,-2.466982194560704
FIN,2014,no_capital,perm,no_prereg,d,0.2700088352450672,0.005,0.3050639789008699,0.37346062597039786,-1.9087651963803418
FIN,2014,no_capital,lnorm,all,mawd,0.34383261486036154,0.155,0.3080890239621951,0.41114587213523224,-0.9652092071449638
FIN,2014,no_capital,lnorm,all,d,0.3469228960671125,0.098,0.3340312409511645,0.39929068502799736,-1.2543725094652376
FIN,2014,no_capital,lnorm,no_prereg,mawd,0.1937669077345305,0.0,0.290724355319939,0.3997366839182757,-2.6121532623939765
FIN,2014,no_capital,lnorm,no_prereg,d,0.2700088352450672,0.001,0.3313288313385226,0.4010916410851908,-2.7482018604100444
FIN,2014,no_capital,flat,all,mawd,0.34383261486036154,1.0,,,
FIN,2014,no_capital,flat,all,d,0.3469228960671125,1.0,,,
FRA,2000,no_capital,perm,all,mawd,0.39277051634835086,0.562,0.278393269604926,0.3809328169225203,0.07309503983519569
FRA,2000,no_capital,perm,all,d,0.398986615356655,0.598,0.3151222662607109,0.3872194638800916,0.1161549241026729
FRA,2000,no_capital,perm,no_prereg,mawd,0.1868139103797132,0.001,0.2605833965767805,0.36104506389071667,-2.6416102917005255
FRA,2000,no_capital,perm,no_prereg,d,0.2436240657458289,0.0,0.3038417108697486,0.37658459380310566,-2.519423178131281
FRA,2000,no_capital,lnorm,all,mawd,0.39277051634835086,0.202,0.3362750276576692,0.46760099096956576,-0.8545811522481076
FRA,2000,no_capital,lnorm,all,d,0.398986615356655,0.36,0.34409555194556124,0.4161796348247214,-0.4285220083323794
FRA,2000,no_capital,lnorm,no_prereg,mawd,0.1868139103797132,0.0,0.3067683819158588,0.4339446278688237,-2.7050336763691063
FRA,2000,no_capital,lnorm,no_prereg,d,0.2436240657458289,0.0,0.3275949440745231,0.4008755247104311,-3.0823836937125764
FRA,2000,no_capital,flat,all,mawd,0.39277051634835086,1.0,,,
FRA,2000,no_capital,flat,all,d,0.398986615356655,1.0,,,
FRA,2001,no_capital,perm,all,mawd,0.39994470224959405,0.568,0.2811674279735004,0.3865842321151961,0.07684213857413744
FRA,2001,no_capital,perm,all,d,0.41169508102133684,0.643,0.3194871713248236,0.39142168502319113,0.2413450428500549
FRA,2001,no_capital,perm,no_prereg,mawd,0.18142816110298057,0.001,0.26354917057446015,0.3642045207276938,-2.7190131322529196
FRA,2001,no_capital,perm,no_prereg,d,0.23462619642144306,0.0,0.30465948404407656,0.3815047488299623,-2.7438228628031904
FRA,2001,no_capital,lnorm,all,mawd,0.39994470224959405,0.215,0.3359527608736461,0.4736150044735089,-0.8179195402329316
FRA,2001,no_capital,lnorm,all,d,0.41169508102133684,0.43,0.34707890430143024,0.42055127865703823,-0.2668852340061373
FRA,2001,no_capital,lnorm,no_prereg,mawd,0.18142816110298057,0.0,0.3084131250161943,0.4353952758585587,-2.7591043480315656
FRA,2001,no_capital,lnorm,no_prereg,d,0.23462619642144306,0.0,0.3302506731180226,0.40789365420032786,-3.3057803975156435
FRA,2001,no_capital,flat,all,mawd,0.39994470224959405,1.0,,,
FRA,2001,no_capital,flat,all,d,0.41169508102133684,1.0,,,
FRA,2002,no_capital,perm,all,mawd,0.38699535738178964,0.561,0.2756699412673795,0.3764442654817959,0.07546454444296083
FRA,2002,no_capital,perm,all,d,0.39397350276432697,0.592,0.312889116397323,0.3817403240498639,0.1088297054587891
FRA,2002,no_capital,perm,no_prereg,mawd,0.18052292339781242,0.001,0.259479598151952,0.3583483205167407,-2.667235287250585
FRA,2002,no_capital,perm,no_prereg,d,0.2415250296343648,0.0,0.3013532368518506,0.3751038425216495,-2.586334436472862
FRA,2002,no_capital,lnorm,all,mawd,0.38699535738178964,0.208,0.32656597701896656,0.45909004266369696,-0.8293798331136184
FRA,2002,no_capital,lnorm,all,d,0.39397350276432697,0.367,0.3390225438995138,0.4100204724031275,-0.4119229388429259
FRA,2002,no_capital,lnorm,no_prereg,mawd,0.18052292339781242,0.0,0.3022562774091381,0.4268579258413998,-2.7372661241407243
FRA,2002,no_capital,lnorm,no_prereg,d,0.2415250296343648,0.0,0.3235885600132336,0.39675860483763536,-3.134048603880363
FRA,2002,no_capital,flat,all,mawd,0.38699535738178964,1.0,,,
FRA,2002,no_capital,flat,all,d,0.39397350276432697,1.0,,,
FRA,2003,no_capital,perm,all,mawd,0.40018857999824686,0.646,0.27124536770221197,0.3750983630879435,0.26207971504180416
FRA,2003,no_capital,perm,all,d,0.40041691866809553,0.648,0.31066345846720045,0.3810911107579449,0.24588868205050002
FRA,2003,no_capital,perm,no_prereg,mawd,0.18473573443556843,0.001,0.2560015420390911,0.35574211224641983,-2.5406951943260605
FRA,2003,no_capital,perm,no_prereg,d,0.2446679331606167,0.0,0.3001426861343802,0.37185287957203517,-2.4099246014536413
FRA,2003,no_capital,lnorm,all,mawd,0.40018857999824686,0.275,0.3234443916034849,0.4566797060732054,-0.6764281714059953
FRA,2003,no_capital,lnorm,all,d,0.40041691866809553,0.451,0.33419055831018507,0.4068625975241401,-0.22282112305194804
FRA,2003,no_capital,lnorm,no_prereg,mawd,0.18473573443556843,0.0,0.30117047842747596,0.4252618191732007,-2.6568059951751533
FRA,2003,no_capital,lnorm,no_prereg,d,0.2446679331606167,0.0,0.3207832289094395,0.3936771249094783,-2.94383721562198
FRA,2003,no_capital,flat,all,mawd,0.40018857999824686,1.0,,,
FRA,2003,no_capital,flat,all,d,0.40041691866809553,1.0,,,
FRA,2004,no_capital,perm,all,mawd,0.41427679607498324,0.69,0.274719913512692,0.378216728773889,0.36027915647254827
FRA,2004,no_capital,perm,all,d,0.4127263921692706,0.699,0.31169836458635086,0.3831587878912648,0.38781884337041755
FRA,2004,no_capital,perm,no_prereg,mawd,0.1821644141442706,0.001,0.25595899740015376,0.3583502647008098,-2.5615276543210848
FRA,2004,no_capital,perm,no_prereg,d,0.2427495302135728,0.0,0.2998701398846569,0.37255826503594314,-2.4281137103984687
FRA,2004,no_capital,lnorm,all,mawd,0.41427679607498324,0.302,0.3247097017972906,0.4644692504754472,-0.5971487516648011
FRA,2004,no_capital,lnorm,all,d,0.4127263921692706,0.511,0.33647395964277726,0.41124388535765455,-0.07378939529856172
FRA,2004,no_capital,lnorm,no_prereg,mawd,0.1821644141442706,0.0,0.3033141648624325,0.4292689165796121,-2.668059887348273
FRA,2004,no_capital,lnorm,no_prereg,d,0.2427495302135728,0.0,0.32209809775900894,0.395959864027819,-2.998372967912111
FRA,2004,no_capital,flat,all,mawd,0.41427679607498324,1.0,,,
FRA,2004,no_capital,flat,all,d,0.4127263921692706,1.0,,,
FRA,2005,no_capital,perm,all,mawd,0.4277592816309941,0.716,0.27585477840128114,0.3846317652202587,0.4121803072648959
FRA,2005,no_capital,perm,all,d,0.42060482773683694,0.731,0.31202398384034785,0.38467481623081345,0.4701267654182462
FRA,2005,no_capital,perm,no_prereg,mawd,0.18308315875711054,0.001,0.258094682002531,0.3635365784281753,-2.561045531389961
FRA,2005,no_capital,perm,no_prereg,d,0.2375682925161137,0.0,0.30181755133865684,0.3729300992719942,-2.5156553954298366
FRA,2005,no_capital,lnorm,all,mawd,0.4277592816309941,0.327,0.32750707271910495,0.47571393115430927,-0.5519252836029654
FRA,2005,no_capital,lnorm,all,d,0.42060482773683694,0.555,0.3374317497931501,0.4136989240248319,0.013408045459681397
FRA,2005,no_capital,lnorm,no_prereg,mawd,0.18308315875711054,0.0,0.3088148262497492,0.4356669844792478,-2.6551043548491933
FRA,2005,no_capital,lnorm,no_prereg,d,0.2375682925161137,0.0,0.32274711480969237,0.397772971298738,-3.1119424697369413
FRA,2005,no_capital,flat,all,mawd,0.4277592816309941,1.0,,,
FRA,2005,no_capital,flat,all,d,0.42060482773683694,1.0,,,
FRA,2006,no_capital,perm,all,mawd,0.4495441232918441,0.732,0.28541389505950887,0.3972678084147305,0.4532853120196121
FRA,2006,no_capital,perm,all,d,0.44190967584885327,0.79,0.31810439780404254,0.3930317264156272,0.6546330419921845
FRA,2006,no_capital,perm,no_prereg,mawd,0.18282354746439788,0.001,0.26582978795770024,0.3713348048133137,-2.6441438815782314
FRA,2006,no_capital,perm,no_prereg,d,0.23530075366708886,0.0,0.30722643987103637,0.3788845753236316,-2.699921667188274
FRA,2006,no_capital,lnorm,all,mawd,0.4495441232918441,0.359,0.33672691603949806,0.4916444613303501,-0.47767435908333866
FRA,2006,no_capital,lnorm,all,d,0.44190967584885327,0.613,0.3420395381816874,0.42262162182891905,0.21099315129048
FRA,2006,no_capital,lnorm,no_prereg,mawd,0.18282354746439788,0.0,0.3145962848189762,0.44404321193218155,-2.663304137177533
FRA,2006,no_capital,lnorm,no_prereg,d,0.23530075366708886,0.0,0.32821656662215903,0.4041615652421463,-3.2745144248966995
FRA,2006,no_capital,flat,all,mawd,0.4495441232918441,1.0,,,
FRA,2006,no_capital,flat,all,d,0.44190967584885327,1.0,,,
FRA,2007,no_capital,perm,all,mawd,0.4548656352045475,0.722,0.28806955088286856,0.4055290036859541,0.3642594491619824
FRA,2007,no_capital,perm,all,d,0.4521423053801808,0.795,0.3218555055923883,0.3977857591157177,0.655440691874742
FRA,2007,no_capital,perm,no_prereg,mawd,0.17244172426479076,0.0,0.26960587577670825,0.3733602566367182,-2.8095946936392586
FRA,2007,no_capital,perm,no_prereg,d,0.21073003199079765,0.0,0.3100600507980831,0.38297415847423155,-3.1659027061192817
FRA,2007,no_capital,lnorm,all,mawd,0.4548656352045475,0.35,0.3360009485572389,0.5008295592694367,-0.4910760769790918
FRA,2007,no_capital,lnorm,all,d,0.4521423053801808,0.632,0.3469108886674447,0.4286851596454676,0.24470862357444453
FRA,2007,no_capital,lnorm,no_prereg,mawd,0.17244172426479076,0.0,0.31225234810257857,0.4491882673062709,-2.745879409446823
FRA,2007,no_capital,lnorm,no_prereg,d,0.21073003199079765,0.0,0.33001524172385605,0.4080620660093305,-3.7552480344571015
FRA,2007,no_capital,flat,all,mawd,0.4548656352045475,1.0,,,
FRA,2007,no_capital,flat,all,d,0.4521423053801808,1.0,,,
FRA,2008,no_capital,perm,all,mawd,0.4765668896982106,0.753,0.2869547316352259,0.40780467375717067,0.47619134644486716
FRA,2008,no_capital,perm,all,d,0.48272406361621695,0.862,0.320356480745537,0.40116436631585095,0.9418010937808919
FRA,2008,no_capital,perm,no_prereg,mawd,0.17028331976012398,0.0,0.26784050711634483,0.3769849961289281,-2.7825019522721277
FRA,2008,no_capital,perm,no_prereg,d,0.20116480710579288,0.0,0.31007337760209047,0.38655479040340746,-3.2372779876251636
FRA,2008,no_capital,lnorm,all,mawd,0.4765668896982106,0.366,0.3477079711541918,0.5220894666986498,-0.46773231952634764
FRA,2008,no_capital,lnorm,all,d,0.48272406361621695,0.728,0.35203804165003827,0.43718069206588306,0.5263291307373518
FRA,2008,no_capital,lnorm,no_prereg,mawd,0.17028331976012398,0.0,0.3207721920124283,0.46472126609533115,-2.7632703574077246
FRA,2008,no_capital,lnorm,no_prereg,d,0.20116480710579288,0.0,0.33549284949844854,0.41481510250772,-3.9484893481726315
FRA,2008,no_capital,flat,all,mawd,0.4765668896982106,1.0,,,
FRA,2008,no_capital,flat,all,d,0.48272406361621695,1.0,,,
FRA,2009,no_capital,perm,all,mawd,0.46943963039211345,0.772,0.2774704018487574,0.39632448537593384,0.6389511252065072
FRA,2009,no_capital,perm,all,d,0.45422713075751303,0.814,0.3179760669343523,0.3983502959334071,0.7602269034327114
FRA,2009,no_capital,perm,no_prereg,mawd,0.17108764512644947,0.0,0.2645609462926842,0.3751351153759236,-2.630761437828056
FRA,2009,no_capital,perm,no_prereg,d,0.20530555875109968,0.0,0.31098943358602926,0.3874008654522888,-3.132485805451661
FRA,2009,no_capital,lnorm,all,mawd,0.46943963039211345,0.391,0.34057786106920596,0.4997569779145047,-0.36101934648264256
FRA,2009,no_capital,lnorm,all,d,0.45422713075751303,0.675,0.3466333491392439,0.42608409905095374,0.42257648058469915
FRA,2009,no_capital,lnorm,no_prereg,mawd,0.17108764512644947,0.0,0.3152805624448516,0.46126613787448834,-2.72253422616654
FRA,2009,no_capital,lnorm,no_prereg,d,0.20530555875109968,0.0,0.33188111087410743,0.4106272124701714,-3.8006230357370545
FRA,2009,no_capital,flat,all,mawd,0.46943963039211345,1.0,,,
FRA,2009,no_capital,flat,all,d,0.45422713075751303,1.0,,,
FRA,2010,no_capital,perm,all,mawd,0.46954065220869434,0.721,0.2894713342727578,0.4118114662540726,0.4756297322676578
FRA,2010,no_capital,perm,all,d,0.45448253198665833,0.779,0.3240521561450175,0.40501344671931705,0.6384650080089148
FRA,2010,no_capital,perm,no_prereg,mawd,0.17279487691492254,0.0,0.2726863082175119,0.3903158186004444,-2.6727956094770904
FRA,2010,no_capital,perm,no_prereg,d,0.21046633481760238,0.0,0.3139472280066415,0.39460671509949447,-3.0654951614670547
FRA,2010,no_capital,lnorm,all,mawd,0.46954065220869434,0.336,0.3512380494671546,0.5139171842604482,-0.4778270765509232
FRA,2010,no_capital,lnorm,all,d,0.45448253198665833,0.632,0.3508830060868293,0.4331130866427352,0.2988711516638829
FRA,2010,no_capital,lnorm,no_prereg,mawd,0.17279487691492254,0.0,0.3232187709667899,0.47963715794697115,-2.7550452868322397
FRA,2010,no_capital,lnorm,no_prereg,d,0.21046633481760238,0.0,0.3376920839556191,0.41929912814063297,-3.714905025513104
FRA,2010,no_capital,flat,all,mawd,0.46954065220869434,1.0,,,
FRA,2010,no_capital,flat,all,d,0.45448253198665833,1.0,,,
FRA,2011,no_capital,perm,all,mawd,0.45410026559224503,0.663,0.2903181038595957,0.4141408149209982,0.28645646037805417
FRA,2011,no_capital,perm,all,d,0.45269778670867994,0.773,0.32411230236777966,0.40528399089690237,0.6003117191447951
FRA,2011,no_capital,perm,no_prereg,mawd,0.17230853753510786,0.0,0.2724830428476252,0.3893293612273453,-2.694981427580975
FRA,2011,no_capital,perm,no_prereg,d,0.2108102395353978,0.0,0.3140801526434782,0.3920748629469828,-3.0503365767818016
FRA,2011,no_capital,lnorm,all,mawd,0.45410026559224503,0.265,0.35735916760749503,0.5227795444303487,-0.6652151223171024
FRA,2011,no_capital,lnorm,all,d,0.45269778670867994,0.593,0.3538991439959321,0.4369401530040876,0.18302804477109477
FRA,2011,no_capital,lnorm,no_prereg,mawd,0.17230853753510786,0.0,0.3269662566127673,0.4823346511644959,-2.7692952406638405
FRA,2011,no_capital,lnorm,no_prereg,d,0.2108102395353978,0.0,0.3388437982906313,0.4211195567951966,-3.755673087003008
FRA,2011,no_capital,flat,all,mawd,0.45410026559224503,1.0,,,
FRA,2011,no_capital,flat,all,d,0.45269778670867994,1.0,,,
FRA,2012,no_capital,perm,all,mawd,0.4494287220907344,0.672,0.2840530397391915,0.4070206399271482,0.3169316725322907
FRA,2012,no_capital,perm,all,d,0.44624192127940415,0.763,0.3191054730268574,0.39907705505393054,0.5860828522866115
FRA,2012,no_capital,perm,no_prereg,mawd,0.17466219525299606,0.0,0.2657790589675825,0.3810815723337825,-2.5860624336920277
FRA,2012,no_capital,perm,no_prereg,d,0.21259223968689223,0.0,0.30907277154710777,0.38524402163476545,-2.9086689919004223
FRA,2012,no_capital,lnorm,all,mawd,0.4494287220907344,0.266,0.3526380577127283,0.5177719672161869,-0.6658113408790123
FRA,2012,no_capital,lnorm,all,d,0.44624192127940415,0.592,0.34949232027176264,0.43161827086434496,0.16974791462002306
FRA,2012,no_capital,lnorm,no_prereg,mawd,0.17466219525299606,0.0,0.32463474550298027,0.4775259664557517,-2.731125339744428
FRA,2012,no_capital,lnorm,no_prereg,d,0.21259223968689223,0.0,0.33440257759869163,0.4150973906244044,-3.6594851458497653
FRA,2012,no_capital,flat,all,mawd,0.4494287220907344,1.0,,,
FRA,2012,no_capital,flat,all,d,0.44624192127940415,1.0,,,
FRA,2013,no_capital,perm,all,mawd,0.4545626820362687,0.684,0.28564787330101876,0.4086798417009695,0.3620111969710814
FRA,2013,no_capital,perm,all,d,0.44413421576711765,0.758,0.31997723614884566,0.399618878253592,0.5644387288208481
FRA,2013,no_capital,perm,no_prereg,mawd,0.1793171437308085,0.0,0.2669382831748545,0.38402047119662996,-2.547192047779787
FRA,2013,no_capital,perm,no_prereg,d,0.21766836889213698,0.0,0.3117906622433852,0.38754951815725047,-2.899009120873324
FRA,2013,no_capital,lnorm,all,mawd,0.4545626820362687,0.279,0.35194117764164357,0.5161948158709725,-0.6153998631825174
FRA,2013,no_capital,lnorm,all,d,0.44413421576711765,0.588,0.3494072433507626,0.43068106017448765,0.15788563435375666
FRA,2013,no_capital,lnorm,no_prereg,mawd,0.1793171437308085,0.0,0.32496576735991384,0.47836808461808655,-2.690108411557841
FRA,2013,no_capital,lnorm,no_prereg,d,0.21766836889213698,0.0,0.3352884621572762,0.4159542324489264,-3.609621329490354
FRA,2013,no_capital,flat,all,mawd,0.4545626820362687,1.0,,,
FRA,2013,no_capital,flat,all,d,0.44413421576711765,1.0,,,
FRA,2014,no_capital,perm,all,mawd,0.4544455657476141,0.68,0.2863281064552324,0.40899187051564445,0.35560193450536576
FRA,2014,no_capital,perm,all,d,0.438842178388089,0.733,0.3207865125604277,0.40015398095382104,0.4696029130267959
FRA,2014,no_capital,perm,no_prereg,mawd,0.1813288598157011,0.0,0.2689849870138248,0.385168565511359,-2.498686053345876
FRA,2014,no_capital,perm,no_prereg,d,0.2213493381203382,0.0,0.3121581120081131,0.38953315964905055,-2.816611907564974
FRA,2014,no_capital,lnorm,all,mawd,0.4544455657476141,0.236,0.36543070875851374,0.537508431340163,-0.7565559263864826
FRA,2014,no_capital,lnorm,all,d,0.438842178388089,0.496,0.35634757893255914,0.4390972997558049,-0.07871531383175903
FRA,2014,no_capital,lnorm,no_prereg,mawd,0.1813288598157011,0.0,0.3371173383344293,0.4990098734992089,-2.683385110862091
FRA,2014,no_capital,lnorm,no_prereg,d,0.2213493381203382,0.0,0.34301176032799535,0.4246109034686609,-3.6502443731248797
FRA,2014,no_capital,flat,all,mawd,0.4544455657476141,1.0,,,
FRA,2014,no_capital,flat,all,d,0.438842178388089,1.0,,,
GBR,2000,no_capital,perm,all,mawd,0.31600890635898077,0.384,0.25865760683604644,0.3302966695189137,-0.3839219485024752
GBR,2000,no_capital,perm,all,d,0.3789967351970944,0.597,0.3074669895265731,0.36801419661976575,0.11059592518717117
GBR,2000,no_capital,perm,no_prereg,mawd,0.16935507087341053,0.0,0.2476357844729057,0.32071092049430605,-2.8320257599187504
GBR,2000,no_capital,perm,no_prereg,d,0.2670491957718645,0.002,0.29625447965821905,0.35978926585640725,-1.9314111016478126
GBR,2000,no_capital,lnorm,all,mawd,0.31600890635898077,0.209,0.2741774532415774,0.36525856754976205,-0.857113257026049
GBR,2000,no_capital,lnorm,all,d,0.3789967351970944,0.648,0.3064732942850616,0.3639530296859287,0.3090591253317613
GBR,2000,no_capital,lnorm,no_prereg,mawd,0.16935507087341053,0.0,0.2581490813122379,0.3538552185085515,-2.7226522419444756
GBR,2000,no_capital,lnorm,no_prereg,d,0.2670491957718645,0.006,0.29330231442993826,0.3583662489712508,-2.1018753091623927
GBR,2000,no_capital,flat,all,mawd,0.31600890635898077,1.0,,,
GBR,2000,no_capital,flat,all,d,0.3789967351970944,1.0,,,
GBR,2001,no_capital,perm,all,mawd,0.3008913629052302,0.319,0.2513832786209198,0.32257534295242796,-0.5260200259963869
GBR,2001,no_capital,perm,all,d,0.36453003589152677,0.493,0.30468752585530934,0.3658155135835539,-0.12805875942711203
GBR,2001,no_capital,perm,no_prereg,mawd,0.16686994473465258,0.0,0.23869446769869077,0.3140362044593656,-2.749045622844123
GBR,2001,no_capital,perm,no_prereg,d,0.26737224839542617,0.004,0.29313344167498034,0.3579029063425091,-1.8731445694031434
GBR,2001,no_capital,lnorm,all,mawd,0.3008913629052302,0.177,0.2644584939603337,0.3548557075165032,-0.9434977857328257
GBR,2001,no_capital,lnorm,all,d,0.36453003589152677,0.554,0.30210975825069086,0.35943149489038706,0.06160565602489656
GBR,2001,no_capital,lnorm,no_prereg,mawd,0.16686994473465258,0.0,0.2505671930678331,0.3458368266775095,-2.6763356911483016
GBR,2001,no_capital,lnorm,no_prereg,d,0.26737224839542617,0.008,0.28911707334617476,0.35585817024200866,-1.997728118444996
GBR,2001,no_capital,flat,all,mawd,0.3008913629052302,1.0,,,
GBR,2001,no_capital,flat,all,d,0.36453003589152677,1.0,,,
GBR,2002,no_capital,perm,all,mawd,0.29610954533101663,0.291,0.2503205370446739,0.32268509731699324,-0.6068813834910148
GBR,2002,no_capital,perm,all,d,0.3640678059878382,0.495,0.30311100083604164,0.3643331904469418,-0.08930933950431902
GBR,2002,no_capital,perm,no_prereg,mawd,0.16045468721939585,0.0,0.23329198531630574,0.31336040066508053,-2.785945287798611
GBR,2002,no_capital,perm,no_prereg,d,0.264680456701061,0.003,0.289712430843572,0.3544629189609635,-1.9467158609833706
GBR,2002,no_capital,lnorm,all,mawd,0.29610954533101663,0.144,0.26500056589847065,0.35788815917848255,-1.053191675413936
GBR,2002,no_capital,lnorm,all,d,0.3640678059878382,0.577,0.30110556695079194,0.3572808102322631,0.11742388668853125
GBR,2002,no_capital,lnorm,no_prereg,mawd,0.16045468721939585,0.0,0.24945353464971218,0.34638907439978894,-2.7362262362626297
GBR,2002,no_capital,lnorm,no_prereg,d,0.264680456701061,0.007,0.2872591178620109,0.35280045561499596,-2.0617414681453488
GBR,2002,no_capital,flat,all,mawd,0.29610954533101663,1.0,,,
GBR,2002,no_capital,flat,all,d,0.3640678059878382,1.0,,,
GBR,2003,no_capital,perm,all,mawd,0.31261984505345974,0.374,0.25238789945915524,0.3287609120286523,-0.4035074389294634
GBR,2003,no_capital,perm,all,d,0.3713083831810093,0.509,0.3095005729899378,0.37034823679829504,-0.07701189861343669
GBR,2003,no_capital,perm,no_prereg,mawd,0.16394215887613417,0.0,0.23639739480973676,0.31829904209131843,-2.7293158634422165
GBR,2003,no_capital,perm,no_prereg,d,0.2720017085894521,0.003,0.297735013236776,0.3621663405839142,-1.9378227434931057
GBR,2003,no_capital,lnorm,all,mawd,0.31261984505345974,0.191,0.27215199264170037,0.36750849115834516,-0.9120077231138466
GBR,2003,no_capital,lnorm,all,d,0.3713083831810093,0.597,0.3056897835773281,0.36271374292552205,0.1656381250352
GBR,2003,no_capital,lnorm,no_prereg,mawd,0.16394215887613417,0.0,0.25462206586372804,0.3568770550648236,-2.6836341908950274
GBR,2003,no_capital,lnorm,no_prereg,d,0.2720017085894521,0.01,0.2913750150640205,0.35896577477323943,-2.0113784005819277
GBR,2003,no_capital,flat,all,mawd,0.31261984505345974,1.0,,,
GBR,2003,no_capital,flat,all,d,0.3713083831810093,1.0,,,
GBR,2004,no_capital,perm,all,mawd,0.3226872192541282,0.404,0.256753694416839,0.3347469221475959,-0.30468893012001635
GBR,2004,no_capital,perm,all,d,0.36777939018642397,0.489,0.30905373212124804,0.369218986657985,-0.14642654368291785
GBR,2004,no_capital,perm,no_prereg,mawd,0.16273497710661458,0.0,0.2399367425479731,0.3223672883763299,-2.6913480997385437
GBR,2004,no_capital,perm,no_prereg,d,0.26239590751977987,0.001,0.2982350218840746,0.3593977534594118,-2.066962993104642
GBR,2004,no_capital,lnorm,all,mawd,0.3226872192541282,0.224,0.27570284637971043,0.3738407689240515,-0.8312192811420751
GBR,2004,no_capital,lnorm,all,d,0.36777939018642397,0.571,0.3028204598203699,0.3619905107005864,0.08304002197197724
GBR,2004,no_capital,lnorm,no_prereg,mawd,0.16273497710661458,0.0,0.2561752778249114,0.3614221316378619,-2.6713336420184537
GBR,2004,no_capital,lnorm,no_prereg,d,0.26239590751977987,0.006,0.291303386832332,0.35625007485534266,-2.1946421266032274
GBR,2004,no_capital,flat,all,mawd,0.3226872192541282,1.0,,,
GBR,2004,no_capital,flat,all,d,0.36777939018642397,1.0,,,
GBR,2005,no_capital,perm,all,mawd,0.342398951538723,0.491,0.26235077105908094,0.3438150347941499,-0.12209861538649462
GBR,2005,no_capital,perm,all,d,0.38757095301423966,0.595,0.31659243695767053,0.3779025999051985,0.09793730051196906
GBR,2005,no_capital,perm,no_prereg,mawd,0.16692093647160977,0.0,0.24273286230745392,0.32989430620849425,-2.631205512201666
GBR,2005,no_capital,perm,no_prereg,d,0.26127763864804404,0.0,0.30298480262511884,0.36572803602229864,-2.1852185930634977
GBR,2005,no_capital,lnorm,all,mawd,0.342398951538723,0.242,0.2863033724144433,0.38999598633027843,-0.7465516795656997
GBR,2005,no_capital,lnorm,all,d,0.38757095301423966,0.646,0.3126763660916066,0.3714874369875055,0.3381029802722149
GBR,2005,no_capital,lnorm,no_prereg,mawd,0.16692093647160977,0.0,0.26545196480933525,0.3760112531878294,-2.6813243728107596
GBR,2005,no_capital,lnorm,no_prereg,d,0.26127763864804404,0.004,0.29891558126348594,0.36414462409905973,-2.3911739106718435
GBR,2005,no_capital,flat,all,mawd,0.342398951538723,1.0,,,
GBR,2005,no_capital,flat,all,d,0.38757095301423966,1.0,,,
GBR,2006,no_capital,perm,all,mawd,0.3366929103815161,0.419,0.25749949079832585,0.34978980457085,-0.2692852210798097
GBR,2006,no_capital,perm,all,d,0.3829272387178467,0.483,0.3165314629655074,0.38571990951334756,-0.13702261904287363
GBR,2006,no_capital,perm,no_prereg,mawd,0.1718092524958084,0.001,0.23790112565467567,0.32853825460274966,-2.491827521787141
GBR,2006,no_capital,perm,no_prereg,d,0.26736065119818136,0.002,0.30437376187476683,0.3717458916705858,-2.1214293477895123
GBR,2006,no_capital,lnorm,all,mawd,0.3366929103815161,0.16,0.30009684126481867,0.40700817152643726,-1.018550042282201
GBR,2006,no_capital,lnorm,all,d,0.3829272387178467,0.51,0.3196069285061497,0.38168983931579015,-0.012505906071462623
GBR,2006,no_capital,lnorm,no_prereg,mawd,0.1718092524958084,0.0,0.2730564752967422,0.38698775455511614,-2.6576145962376456
GBR,2006,no_capital,lnorm,no_prereg,d,0.26736065119818136,0.002,0.3050993330920289,0.37112463255963857,-2.427616524738476
GBR,2006,no_capital,flat,all,mawd,0.3366929103815161,1.0,,,
GBR,2006,no_capital,flat,all,d,0.3829272387178467,1.0,,,
GBR,2007,no_capital,perm,all,mawd,0.3441486871282326,0.477,0.2575191882894846,0.3485906201392339,-0.13941039778013228
GBR,2007,no_capital,perm,all,d,0.3749895404171022,0.414,0.31657862676000353,0.38537284052212717,-0.2808092141969568
GBR,2007,no_capital,perm,no_prereg,mawd,0.16901332504314176,0.001,0.2357519084081311,0.3273964893596622,-2.478809420064992
GBR,2007,no_capital,perm,no_prereg,d,0.26958156597457017,0.004,0.30409494206692383,0.37018491672300924,-2.078365959517058
GBR,2007,no_capital,lnorm,all,mawd,0.3441486871282326,0.199,0.29894717254641895,0.4053725859232744,-0.8902297481062215
GBR,2007,no_capital,lnorm,all,d,0.3749895404171022,0.468,0.31849028344736846,0.37812695873396807,-0.13523826069734965
GBR,2007,no_capital,lnorm,no_prereg,mawd,0.16901332504314176,0.0,0.27097903240980936,0.3839533429952494,-2.65831063319089
GBR,2007,no_capital,lnorm,no_prereg,d,0.26958156597457017,0.003,0.3017442072067246,0.3686351645538837,-2.3379166341331747
GBR,2007,no_capital,flat,all,mawd,0.3441486871282326,1.0,,,
GBR,2007,no_capital,flat,all,d,0.3749895404171022,1.0,,,
GBR,2008,no_capital,perm,all,mawd,0.3595386700432793,0.512,0.26780282653061943,0.35768401121246607,-0.09146962554130578
GBR,2008,no_capital,perm,all,d,0.40610710530912036,0.639,0.31939161769105306,0.38797019652109926,0.2658487633808483
GBR,2008,no_capital,perm,no_prereg,mawd,0.17262856654834868,0.001,0.24212139580251457,0.33286473257480786,-2.536253217804217
GBR,2008,no_capital,perm,no_prereg,d,0.2776912014190509,0.007,0.3036911632496567,0.3680072382720747,-1.9405303340877322
GBR,2008,no_capital,lnorm,all,mawd,0.3595386700432793,0.231,0.30115302601243166,0.4188137937669985,-0.8058020932990116
GBR,2008,no_capital,lnorm,all,d,0.40610710530912036,0.709,0.3220632706312017,0.3841272002935519,0.4901638993220747
GBR,2008,no_capital,lnorm,no_prereg,mawd,0.17262856654834868,0.0,0.2737869453487986,0.38921011538522776,-2.621821867782829
GBR,2008,no_capital,lnorm,no_prereg,d,0.2776912014190509,0.009,0.30262051823290886,0.3706639902150105,-2.1913113098773955
GBR,2008,no_capital,flat,all,mawd,0.3595386700432793,1.0,,,
GBR,2008,no_capital,flat,all,d,0.40610710530912036,1.0,,,
GBR,2009,no_capital,perm,all,mawd,0.3437602523962388,0.444,0.2621010946260342,0.35343075102162225,-0.19721323372625793
GBR,2009,no_capital,perm,all,d,0.3723628652898362,0.429,0.3150012746210088,0.38018695756334997,-0.2599060668632498
GBR,2009,no_capital,perm,no_prereg,mawd,0.19680235581406555,0.003,0.24785544070106966,0.3403030782163172,-2.16724135739836
GBR,2009,no_capital,perm,no_prereg,d,0.3072144458899302,0.061,0.30420095186331364,0.3670968667191265,-1.3288071258573397
GBR,2009,no_capital,lnorm,all,mawd,0.3437602523962388,0.182,0.2998397684392842,0.40909152603635307,-0.908052924432137
GBR,2009,no_capital,lnorm,all,d,0.3723628652898362,0.45,0.31946203518381444,0.3779551703018119,-0.16804727364986616
GBR,2009,no_capital,lnorm,no_prereg,mawd,0.19680235581406555,0.0,0.27989580501579375,0.39530849920522587,-2.3448832948776435
GBR,2009,no_capital,lnorm,no_prereg,d,0.3072144458899302,0.061,0.3033186587408171,0.37027774324023366,-1.4763286993698241
GBR,2009,no_capital,flat,all,mawd,0.3437602523962388,1.0,,,
GBR,2009,no_capital,flat,all,d,0.3723628652898362,1.0,,,
GBR,2010,no_capital,perm,all,mawd,0.3415778749126945,0.4,0.26327691136484377,0.35695996177053746,-0.30785414586264376
GBR,2010,no_capital,perm,all,d,0.36200045066569536,0.322,0.3187843736484183,0.3824083963530662,-0.5313958297629796
GBR,2010,no_capital,perm,no_prereg,mawd,0.1801288759049513,0.001,0.25221573456079127,0.3465761254633919,-2.457435674775513
GBR,2010,no_capital,perm,no_prereg,d,0.2774192582553668,0.003,0.30618055227906626,0.37180946155515526,-2.0110405241189455
GBR,2010,no_capital,lnorm,all,mawd,0.3415778749126945,0.16,0.3053888821656615,0.4142481082863848,-1.0014487139493438
GBR,2010,no_capital,lnorm,all,d,0.36200045066569536,0.333,0.31847201215006404,0.37978199001634205,-0.4893781273107135
GBR,2010,no_capital,lnorm,no_prereg,mawd,0.1801288759049513,0.0,0.29144066441468336,0.4038915082453556,-2.6091873420486658
GBR,2010,no_capital,lnorm,no_prereg,d,0.2774192582553668,0.007,0.3091144033540396,0.37386441994114483,-2.2682924141169476
GBR,2010,no_capital,flat,all,mawd,0.3415778749126945,1.0,,,
GBR,2010,no_capital,flat,all,d,0.36200045066569536,1.0,,,
GBR,2011,no_capital,perm,all,mawd,0.3599175271369402,0.498,0.26279097965125015,0.360431510751852,-0.11038592346078294
GBR,2011,no_capital,perm,all,d,0.3711769619951986,0.373,0.321678436977764,0.38624682008631833,-0.40876457964526625
GBR,2011,no_capital,perm,no_prereg,mawd,0.174211223491205,0.001,0.25222853598819067,0.34802789029069175,-2.5232187257129737
GBR,2011,no_capital,perm,no_prereg,d,0.271630383135386,0.002,0.30800630989572336,0.37477542250267526,-2.091955199001102
GBR,2011,no_capital,lnorm,all,mawd,0.3599175271369402,0.199,0.3117063590738326,0.4263833428838337,-0.8876218344833624
GBR,2011,no_capital,lnorm,all,d,0.3711769619951986,0.361,0.3232938258746724,0.3864368542038741,-0.4047203110740645
GBR,2011,no_capital,lnorm,no_prereg,mawd,0.174211223491205,0.0,0.29687350796846895,0.41152601283506174,-2.7069517987409415
GBR,2011,no_capital,lnorm,no_prereg,d,0.271630383135386,0.001,0.31217189255780947,0.37921332981009026,-2.4543914519577976
GBR,2011,no_capital,flat,all,mawd,0.3599175271369402,1.0,,,
GBR,2011,no_capital,flat,all,d,0.3711769619951986,1.0,,,
GBR,2012,no_capital,perm,all,mawd,0.3716026386354416,0.582,0.2619199436308701,0.35575001642503223,0.10421039133714162
GBR,2012,no_capital,perm,all,d,0.36441110045659303,0.359,0.3163229183242687,0.380111020552241,-0.4487257089147746
GBR,2012,no_capital,perm,no_prereg,mawd,0.17441790458300868,0.001,0.24755466681604393,0.34335733145101444,-2.528846347399792
GBR,2012,no_capital,perm,no_prereg,d,0.25975808791424376,0.001,0.3050539435779999,0.37135623167476545,-2.285101118044367
GBR,2012,no_capital,lnorm,all,mawd,0.3716026386354416,0.296,0.29950062523159376,0.4162516147276283,-0.6223852365980597
GBR,2012,no_capital,lnorm,all,d,0.36441110045659303,0.337,0.3185798921801123,0.3795127738321288,-0.43644994346196014
GBR,2012,no_capital,lnorm,no_prereg,mawd,0.17441790458300868,0.0,0.28845103182528115,0.40025421233618896,-2.6831257846291248
GBR,2012,no_capital,lnorm,no_prereg,d,0.25975808791424376,0.001,0.30760990855544773,0.37419046369436637,-2.6472423322092324
GBR,2012,no_capital,flat,all,mawd,0.3716026386354416,1.0,,,
GBR,2012,no_capital,flat,all,d,0.36441110045659303,1.0,,,
GBR,2013,no_capital,perm,all,mawd,0.36591015594947635,0.538,0.26425821838499275,0.35949818132603895,0.006928441735996789
GBR,2013,no_capital,perm,all,d,0.35347344313042955,0.231,0.32073716241699884,0.3816313706461796,-0.7301069358070672
GBR,2013,no_capital,perm,no_prereg,mawd,0.18569732326280994,0.002,0.2547836210578057,0.3489452298903079,-2.460354766268374
GBR,2013,no_capital,perm,no_prereg,d,0.2658947561116028,0.001,0.3095320732787209,0.37498706959913075,-2.255281481191403
GBR,2013,no_capital,lnorm,all,mawd,0.36591015594947635,0.257,0.30450784283154636,0.4181294332708111,-0.7194338089177872
GBR,2013,no_capital,lnorm,all,d,0.35347344313042955,0.228,0.32130506867003855,0.3818002245898342,-0.7674309332401773
GBR,2013,no_capital,lnorm,no_prereg,mawd,0.18569732326280994,0.0,0.2895258825439843,0.4031131860950078,-2.5691734123609065
GBR,2013,no_capital,lnorm,no_prereg,d,0.2658947561116028,0.001,0.3107150995929236,0.3780164794556046,-2.5996566931889045
GBR,2013,no_capital,flat,all,mawd,0.36591015594947635,1.0,,,
GBR,2013,no_capital,flat,all,d,0.35347344313042955,1.0,,,
GBR,2014,no_capital,perm,all,mawd,0.36441165824629795,0.545,0.26535411234020145,0.35659137103974703,0.025376825918138217
GBR,2014,no_capital,perm,all,d,0.3524238455636679,0.247,0.31843052775499125,0.38048368986405867,-0.7176130289455119
GBR,2014,no_capital,perm,no_prereg,mawd,0.18015234966005536,0.001,0.25208615010770585,0.3457622801742337,-2.557007663614351
GBR,2014,no_capital,perm,no_prereg,d,0.2643141862683485,0.001,0.30834325345627733,0.37307741498724944,-2.277870378624723
GBR,2014,no_capital,lnorm,all,mawd,0.36441165824629795,0.286,0.29743693912574454,0.40884180097828077,-0.6362306421464992
GBR,2014,no_capital,lnorm,all,d,0.3524238455636679,0.247,0.3173486970080297,0.3776767447321502,-0.6908576838569417
GBR,2014,no_capital,lnorm,no_prereg,mawd,0.18015234966005536,0.0,0.2828893243137929,0.3943832875605823,-2.5927609072535973
GBR,2014,no_capital,lnorm,no_prereg,d,0.2643141862683485,0.001,0.3069272606778296,0.37380639785835845,-2.550616019859911
GBR,2014,no_capital,flat,all,mawd,0.36441165824629795,1.0,,,
GBR,2014,no_capital,flat,all,d,0.3524238455636679,1.0,,,
GRC,2000,no_capital,perm,all,mawd,0.800937549985005,0.976,0.32235305740418646,0.46804816806419935,2.4252854485344835
GRC,2000,no_capital,perm,all,d,0.6960119433678105,0.967,0.3730497410378518,0.45959599800450524,2.5487546738349134
GRC,2000,no_capital,perm,no_prereg,mawd,0.26867240930014097,0.029,0.287734748477606,0.43798358578373525,-1.5829236943784015
GRC,2000,no_capital,perm,no_prereg,d,0.3397742737830756,0.014,0.35937530065095746,0.4478179698615027,-1.401934182523805
GRC,2000,no_capital,lnorm,all,mawd,0.800937549985005,0.862,0.3869751751589691,0.6014747318088078,1.0462038807575367
GRC,2000,no_capital,lnorm,all,d,0.6960119433678105,0.984,0.41120116549851665,0.503024872435311,2.554871293483597
GRC,2000,no_capital,lnorm,no_prereg,mawd,0.26867240930014097,0.003,0.3552588517140387,0.5533234890262528,-1.8840385310126917
GRC,2000,no_capital,lnorm,no_prereg,d,0.3397742737830756,0.002,0.39363768337932636,0.4921572043831989,-2.066604368613947
GRC,2000,no_capital,flat,all,mawd,0.800937549985005,1.0,,,
GRC,2000,no_capital,flat,all,d,0.6960119433678105,1.0,,,
GRC,2001,no_capital,perm,all,mawd,0.7587531087356956,0.948,0.32738885022188735,0.4771538925621729,1.871550316718669
GRC,2001,no_capital,perm,all,d,0.6887560030967527,0.968,0.37247411230022065,0.4544185550418902,2.551803291708177
GRC,2001,no_capital,perm,no_prereg,mawd,0.24537122653113122,0.011,0.2875375999421497,0.44428692018134586,-1.7047723381880433
GRC,2001,no_capital,perm,no_prereg,d,0.33572078471622924,0.02,0.35481906944881836,0.442413019931302,-1.3783290189257544
GRC,2001,no_capital,lnorm,all,mawd,0.7587531087356956,0.851,0.3714250353651455,0.5846697112634638,0.9717005670449855
GRC,2001,no_capital,lnorm,all,d,0.6887560030967527,0.982,0.4003498500511133,0.4935707744864783,2.4642425639804197
GRC,2001,no_capital,lnorm,no_prereg,mawd,0.24537122653113122,0.002,0.3500610865614093,0.5393745293087091,-2.0372153642637514
GRC,2001,no_capital,lnorm,no_prereg,d,0.33572078471622924,0.002,0.3818708785396661,0.4801402977603182,-1.911421944060748
GRC,2001,no_capital,flat,all,mawd,0.7587531087356956,1.0,,,
GRC,2001,no_capital,flat,all,d,0.6887560030967527,1.0,,,
GRC,2002,no_capital,perm,all,mawd,0.7599439122542544,0.966,0.3110079268064291,0.4526720192443711,2.2426842919231333
GRC,2002,no_capital,perm,all,d,0.672408755458878,0.97,0.35741055091447727,0.43810936209592577,2.691158977427589
GRC,2002,no_capital,perm,no_prereg,mawd,0.25653231307174507,0.028,0.2743686653820111,0.41825407954790983,-1.5582324319053964
GRC,2002,no_capital,perm,no_prereg,d,0.3517706611207664,0.076,0.3444594219876931,0.42494474181511965,-1.0663537645930634
GRC,2002,no_capital,lnorm,all,mawd,0.7599439122542544,0.907,0.3472813811133754,0.5433444739888571,1.3284995863788982
GRC,2002,no_capital,lnorm,all,d,0.672408755458878,0.983,0.38662831813018467,0.4704247298213906,2.56279718351869
GRC,2002,no_capital,lnorm,no_prereg,mawd,0.25653231307174507,0.003,0.3266946821450566,0.501972801433308,-1.8771874068665233
GRC,2002,no_capital,lnorm,no_prereg,d,0.3517706611207664,0.017,0.3691019649695116,0.45688693233617617,-1.501942979086382
GRC,2002,no_capital,flat,all,mawd,0.7599439122542544,1.0,,,
GRC,2002,no_capital,flat,all,d,0.672408755458878,1.0,,,
GRC,2003,no_capital,perm,all,mawd,0.7131575365924318,0.966,0.31041441870810116,0.4391619703280739,2.1666654168349693
GRC,2003,no_capital,perm,all,d,0.6414896038275694,0.967,0.3587340162507806,0.43607052496243626,2.3158000401837633
GRC,2003,no_capital,perm,no_prereg,mawd,0.27355727153110754,0.046,0.2765513650590662,0.41099720052390587,-1.3833646748015154
GRC,2003,no_capital,perm,no_prereg,d,0.3388777804379847,0.036,0.347901932504041,0.4259173889441217,-1.2376909719021356
GRC,2003,no_capital,lnorm,all,mawd,0.7131575365924318,0.842,0.36498247695223995,0.5570029103862773,0.9273508385106232
GRC,2003,no_capital,lnorm,all,d,0.6414896038275694,0.967,0.3954266858428596,0.48229085269712835,2.0875780470194054
GRC,2003,no_capital,lnorm,no_prereg,mawd,0.27355727153110754,0.006,0.33685858122198536,0.5175413770407787,-1.8184534029557775
GRC,2003,no_capital,lnorm,no_prereg,d,0.3388777804379847,0.006,0.3834962540856615,0.4737041452379775,-1.8782603677277958
GRC,2003,no_capital,flat,all,mawd,0.7131575365924318,1.0,,,
GRC,2003,no_capital,flat,all,d,0.6414896038275694,1.0,,,
GRC,2004,no_capital,perm,all,mawd,0.6517119001881279,0.947,0.31025398682820515,0.4331976413665103,1.870029102720792
GRC,2004,no_capital,perm,all,d,0.5986386655785587,0.95,0.36266060382796544,0.4472256664177605,1.7276578817492971
GRC,2004,no_capital,perm,no_prereg,mawd,0.2727496208484637,0.04,0.28095433112386303,0.4084250248826015,-1.464339136281739
GRC,2004,no_capital,perm,no_prereg,d,0.34331884146658914,0.028,0.35444142051636224,0.43756829576612694,-1.2770427037789518
GRC,2004,no_capital,lnorm,all,mawd,0.6517119001881279,0.796,0.35211853414230837,0.5327152803809537,0.729453026880605
GRC,2004,no_capital,lnorm,all,d,0.5986386655785587,0.933,0.39040723913923325,0.47321310907549763,1.601331913476773
GRC,2004,no_capital,lnorm,no_prereg,mawd,0.2727496208484637,0.008,0.3286801013358476,0.501060851721095,-1.767333819385001
GRC,2004,no_capital,lnorm,no_prereg,d,0.34331884146658914,0.008,0.3795547167002873,0.46562313717827764,-1.711745876577006
GRC,2004,no_capital,flat,all,mawd,0.6517119001881279,1.0,,,
GRC,2004,no_capital,flat,all,d,0.5986386655785587,1.0,,,
GRC,2005,no_capital,perm,all,mawd,0.758232065381065,0.97,0.3212124330478663,0.4659169999262515,2.1378208609176417
GRC,2005,no_capital,perm,all,d,0.6387871734822983,0.962,0.36466204480036596,0.4513530925907527,1.977037815236948
GRC,2005,no_capital,perm,no_prereg,mawd,0.27491920129516745,0.025,0.29373016183700884,0.43004262183779096,-1.5031806046898795
GRC,2005,no_capital,perm,no_prereg,d,0.34838913391113785,0.042,0.3527727494344732,0.4369006833310525,-1.187832695349724
GRC,2005,no_capital,lnorm,all,mawd,0.758232065381065,0.857,0.3714341289823637,0.5742001808347839,1.0325442399240183
GRC,2005,no_capital,lnorm,all,d,0.6387871734822983,0.957,0.3975446549377811,0.4789837021461689,1.9689048713482893
GRC,2005,no_capital,lnorm,no_prereg,mawd,0.27491920129516745,0.004,0.34960662745064175,0.5345193183601413,-1.8725046371582974
GRC,2005,no_capital,lnorm,no_prereg,d,0.34838913391113785,0.006,0.3821379038595827,0.4675550036284447,-1.6653362607902815
GRC,2005,no_capital,flat,all,mawd,0.758232065381065,1.0,,,
GRC,2005,no_capital,flat,all,d,0.6387871734822983,1.0,,,
GRC,2006,no_capital,perm,all,mawd,0.7453295321887939,0.98,0.3118491196913221,0.442972509351341,2.5414038357851747
GRC,2006,no_capital,perm,all,d,0.6797992102566845,0.966,0.35993981007041564,0.440725889271869,2.690172241926865
GRC,2006,no_capital,perm,no_prereg,mawd,0.28327434710249727,0.046,0.28533563444172916,0.40865468515117587,-1.4426318347842464
GRC,2006,no_capital,perm,no_prereg,d,0.3363768740748325,0.027,0.34777833180920525,0.4271285318914873,-1.300854108283148
GRC,2006,no_capital,lnorm,all,mawd,0.7453295321887939,0.897,0.35484080295115394,0.5448484382744141,1.269282640683622
GRC,2006,no_capital,lnorm,all,d,0.6797992102566845,0.987,0.3828352972413213,0.4682945519407846,2.775300486148257
GRC,2006,no_capital,lnorm,no_prereg,mawd,0.28327434710249727,0.01,0.3366898516050658,0.5006726884078636,-1.7459590600483852
GRC,2006,no_capital,lnorm,no_prereg,d,0.3363768740748325,0.007,0.3688407013824471,0.4521798582606045,-1.6919981003335136
GRC,2006,no_capital,flat,all,mawd,0.7453295321887939,1.0,,,
GRC,2006,no_capital,flat,all,d,0.6797992102566845,1.0,,,
GRC,2007,no_capital,perm,all,mawd,0.9111215521624814,0.987,0.3004917928608509,0.4412693803457728,3.2733138631239815
GRC,2007,no_capital,perm,all,d,0.7585686531498361,0.986,0.3488239039312699,0.43266998346715113,3.256610779572717
GRC,2007,no_capital,perm,no_prereg,mawd,0.2750125569718871,0.047,0.27643105748416547,0.4026272842832739,-1.4243893847103049
GRC,2007,no_capital,perm,no_prereg,d,0.3341670168861792,0.048,0.33641101548034,0.4165240659709677,-1.1866297278810243
GRC,2007,no_capital,lnorm,all,mawd,0.9111215521624814,0.959,0.3574975068948658,0.561953980985153,2.012163767605587
GRC,2007,no_capital,lnorm,all,d,0.7585686531498361,0.995,0.37852419659500924,0.4664745453638637,3.4933108612252743
GRC,2007,no_capital,lnorm,no_prereg,mawd,0.2750125569718871,0.007,0.3354949337845781,0.5051612738125153,-1.8160906693852856
GRC,2007,no_capital,lnorm,no_prereg,d,0.3341670168861792,0.007,0.3644986637978007,0.44958242319033936,-1.646256829306557
GRC,2007,no_capital,flat,all,mawd,0.9111215521624814,1.0,,,
GRC,2007,no_capital,flat,all,d,0.7585686531498361,1.0,,,
GRC,2008,no_capital,perm,all,mawd,1.0537383447113973,0.98,0.3042308567657241,0.46299221034923577,3.2731609989554116
GRC,2008,no_capital,perm,all,d,0.8006119165557157,0.974,0.3619800805727857,0.4706643394768367,2.73630502528738
GRC,2008,no_capital,perm,no_prereg,mawd,0.28475770559893565,0.058,0.2807305327245635,0.4159312524289101,-1.2912369256519165
GRC,2008,no_capital,perm,no_prereg,d,0.3262534260752579,0.018,0.3494352535284551,0.45068275541651603,-1.3648186173433943
GRC,2008,no_capital,lnorm,all,mawd,1.0537383447113973,0.965,0.37553513264876714,0.6084251318994264,2.1607330253984323
GRC,2008,no_capital,lnorm,all,d,0.8006119165557157,0.993,0.3955690490392966,0.4962735875510502,3.2767639719848276
GRC,2008,no_capital,lnorm,no_prereg,mawd,0.28475770559893565,0.007,0.35925878849130505,0.5444728617485598,-1.8240816659330712
GRC,2008,no_capital,lnorm,no_prereg,d,0.3262534260752579,0.001,0.3840284571370324,0.47871059568323227,-1.8886704547471223
GRC,2008,no_capital,flat,all,mawd,1.0537383447113973,1.0,,,
GRC,2008,no_capital,flat,all,d,0.8006119165557157,1.0,,,
GRC,2009,no_capital,perm,all,mawd,1.0724636256336524,0.983,0.29450217317316335,0.4491486051192546,3.3712915688860536
GRC,2009,no_capital,perm,all,d,0.7805383746948646,0.971,0.35434316994329335,0.4578035599167663,2.652761970899082
GRC,2009,no_capital,perm,no_prereg,mawd,0.2912152916629366,0.096,0.2657234530734768,0.40972260971789143,-1.1075617985537924
GRC,2009,no_capital,perm,no_prereg,d,0.3312549128756959,0.031,0.33967191655400025,0.43853618006783845,-1.2027073133134183
GRC,2009,no_capital,lnorm,all,mawd,1.0724636256336524,0.971,0.36212883274932983,0.5896791476608134,2.3729229756211585
GRC,2009,no_capital,lnorm,all,d,0.7805383746948646,0.992,0.3913427247144286,0.4915209707904906,3.162962837199197
GRC,2009,no_capital,lnorm,no_prereg,mawd,0.2912152916629366,0.009,0.34743446031790864,0.5320874422033373,-1.714032067629346
GRC,2009,no_capital,lnorm,no_prereg,d,0.3312549128756959,0.004,0.3810723252572344,0.4737186262051686,-1.794974483932074
GRC,2009,no_capital,flat,all,mawd,1.0724636256336524,1.0,,,
GRC,2009,no_capital,flat,all,d,0.7805383746948646,1.0,,,
GRC,2010,no_capital,perm,all,mawd,1.6735492463529726,0.976,0.31600152200002735,0.4900106215090259,3.875467599715689
GRC,2010,no_capital,perm,all,d,0.9321847272660454,0.983,0.3496664117172812,0.4502265185324066,3.4680503831349356
GRC,2010,no_capital,perm,no_prereg,mawd,0.28806491395784073,0.065,0.27423086482620396,0.42382189154979694,-1.2488944257878607
GRC,2010,no_capital,perm,no_prereg,d,0.30613498713122494,0.007,0.3368432747047291,0.42867510246054763,-1.4366235030881311
GRC,2010,no_capital,lnorm,all,mawd,1.6735492463529726,0.989,0.3712496453147575,0.651069782790243,3.4544860889551754
GRC,2010,no_capital,lnorm,all,d,0.9321847272660454,0.999,0.3846073493928701,0.498036601084769,3.9963353692202648
GRC,2010,no_capital,lnorm,no_prereg,mawd,0.28806491395784073,0.008,0.35215761030238946,0.5586884690205749,-1.758937260338824
GRC,2010,no_capital,lnorm,no_prereg,d,0.30613498713122494,0.001,0.3666073015575269,0.46798423695649183,-1.994122141473073
GRC,2010,no_capital,flat,all,mawd,1.6735492463529726,1.0,,,
GRC,2010,no_capital,flat,all,d,0.9321847272660454,1.0,,,
GRC,2011,no_capital,perm,all,mawd,1.5659809387461765,0.978,0.3213579509669199,0.5031829181622423,3.6950504931946924
GRC,2011,no_capital,perm,all,d,0.8924054947336448,0.972,0.3620580984639049,0.4707364534137559,3.0722316493405546
GRC,2011,no_capital,perm,no_prereg,mawd,0.30246506246161015,0.069,0.2896258541886627,0.44814906163204526,-1.1614333213784576
GRC,2011,no_capital,perm,no_prereg,d,0.3086516924019053,0.007,0.3503434183925661,0.4521926154889399,-1.4927862224756088
GRC,2011,no_capital,lnorm,all,mawd,1.5659809387461765,0.977,0.3928286189041721,0.6972386161657421,2.8209514071800093
GRC,2011,no_capital,lnorm,all,d,0.8924054947336448,0.999,0.40027880150736744,0.518774225080489,3.4829066166950797
GRC,2011,no_capital,lnorm,no_prereg,mawd,0.30246506246161015,0.008,0.3746045660142123,0.6074603524674553,-1.7023024741353123
GRC,2011,no_capital,lnorm,no_prereg,d,0.3086516924019053,0.001,0.385919992866154,0.49722319197087317,-2.0846279131541547
GRC,2011,no_capital,flat,all,mawd,1.5659809387461765,1.0,,,
GRC,2011,no_capital,flat,all,d,0.8924054947336448,1.0,,,
GRC,2012,no_capital,perm,all,mawd,1.860534516770236,0.978,0.32050276839177644,0.5172252835705662,3.802214729476029
GRC,2012,no_capital,perm,all,d,0.9365539434899145,0.979,0.36983878328407305,0.47924978224734793,3.1374409032453965
GRC,2012,no_capital,perm,no_prereg,mawd,0.29883741068382275,0.054,0.2951426434650925,0.4465367555799019,-1.1619747937203724
GRC,2012,no_capital,perm,no_prereg,d,0.35226851153119226,0.033,0.3596710430383634,0.45234950690897646,-1.1351071680413387
GRC,2012,no_capital,lnorm,all,mawd,1.860534516770236,0.984,0.3975916715729476,0.7200236143160937,3.1476135800612584
GRC,2012,no_capital,lnorm,all,d,0.9365539434899145,1.0,0.40877367744849236,0.5258219116736222,3.587421933538709
GRC,2012,no_capital,lnorm,no_prereg,mawd,0.29883741068382275,0.008,0.3788072487191954,0.6054039291017299,-1.6803038169546667
GRC,2012,no_capital,lnorm,no_prereg,d,0.35226851153119226,0.006,0.39172738775318605,0.48834671827342074,-1.567610379301481
GRC,2012,no_capital,flat,all,mawd,1.860534516770236,1.0,,,
GRC,2012,no_capital,flat,all,d,0.9365539434899145,1.0,,,
GRC,2013,no_capital,perm,all,mawd,1.9937288851218464,0.98,0.33272559897302584,0.5307356425293174,3.972870785535992
GRC,2013,no_capital,perm,all,d,0.9601934040674596,0.984,0.37836227224811153,0.49272570493393486,3.234564246690143
GRC,2013,no_capital,perm,no_prereg,mawd,0.2914505846335446,0.035,0.303694931748278,0.45831534632430493,-1.2765641657283389
GRC,2013,no_capital,perm,no_prereg,d,0.3557840023969077,0.031,0.36292179177598977,0.4620045975561833,-1.1793374029409183
GRC,2013,no_capital,lnorm,all,mawd,1.9937288851218464,0.984,0.41645758045616044,0.7622809345934358,3.1432552235000593
GRC,2013,no_capital,lnorm,all,d,0.9601934040674596,1.0,0.4194862297923332,0.5386118772712394,3.6192938523702884
GRC,2013,no_capital,lnorm,no_prereg,mawd,0.2914505846335446,0.003,0.3976125303855665,0.637363175665502,-1.7649943130713484
GRC,2013,no_capital,lnorm,no_prereg,d,0.3557840023969077,0.002,0.40152857777055434,0.5018557448769994,-1.6318878149263338
GRC,2013,no_capital,flat,all,mawd,1.9937288851218464,1.0,,,
GRC,2013,no_capital,flat,all,d,0.9601934040674596,1.0,,,
GRC,2014,no_capital,perm,all,mawd,1.8137234518497833,0.977,0.32388669840484424,0.5202414906111599,3.681648092829158
GRC,2014,no_capital,perm,all,d,0.9464527345041153,0.973,0.3745862820969132,0.4882276323828639,3.082336252234139
GRC,2014,no_capital,perm,no_prereg,mawd,0.2945816082817044,0.041,0.30647223842522997,0.4503496102888759,-1.2078072855429565
GRC,2014,no_capital,perm,no_prereg,d,0.3447447731803064,0.021,0.36099121924292144,0.4567040354039105,-1.2147767132411196
GRC,2014,no_capital,lnorm,all,mawd,1.8137234518497833,0.973,0.4206814054688576,0.7559058808686453,2.770399094553992
GRC,2014,no_capital,lnorm,all,d,0.9464527345041153,1.0,0.4195482317126458,0.540387646685222,3.4266496849957213
GRC,2014,no_capital,lnorm,no_prereg,mawd,0.2945816082817044,0.004,0.40257243169127294,0.6384143434679386,-1.742403410951093
GRC,2014,no_capital,lnorm,no_prereg,d,0.3447447731803064,0.001,0.39934119430600545,0.4990134065996229,-1.690118881489687
GRC,2014,no_capital,flat,all,mawd,1.8137234518497833,1.0,,,
GRC,2014,no_capital,flat,all,d,0.9464527345041153,1.0,,,
HRV,2000,no_capital,perm,all,mawd,0.8404847570332972,0.984,0.29437965839681735,0.4142015826839691,2.8404109059410683
HRV,2000,no_capital,perm,all,d,0.8118942716163617,0.996,0.3315622834789921,0.41521003038139237,4.105618517002769
HRV,2000,no_capital,perm,no_prereg,mawd,0.25801270996412584,0.06,0.2518159759616646,0.37191256656558874,-1.1742733668981138
HRV,2000,no_capital,perm,no_prereg,d,0.3110143923190353,0.039,0.317576857630856,0.3928800457808119,-1.3422362009970474
HRV,2000,no_capital,lnorm,all,mawd,0.8404847570332972,0.986,0.3166379327816026,0.4635107196213413,2.8885267025055703
HRV,2000,no_capital,lnorm,all,d,0.8118942716163617,1.0,0.35039388456706516,0.440380834817776,4.819225513952123
HRV,2000,no_capital,lnorm,no_prereg,mawd,0.25801270996412584,0.019,0.2803548908353916,0.408454861018413,-1.64328021272166
HRV,2000,no_capital,lnorm,no_prereg,d,0.3110143923190353,0.013,0.3343652532352821,0.4182997128240674,-1.87569795024085
HRV,2000,no_capital,flat,all,mawd,0.8404847570332972,1.0,,,
HRV,2000,no_capital,flat,all,d,0.8118942716163617,1.0,,,
HRV,2001,no_capital,perm,all,mawd,0.7285490664724388,0.988,0.28619400154751823,0.3942329219197681,3.2116870906308055
HRV,2001,no_capital,perm,all,d,0.7114236022337957,0.993,0.33182385862049596,0.4059019903492506,3.7544462619440395
HRV,2001,no_capital,perm,no_prereg,mawd,0.2654402531452957,0.085,0.251511697268587,0.35270867350358975,-1.2172674661215108
HRV,2001,no_capital,perm,no_prereg,d,0.3110383161420959,0.061,0.3055735778837298,0.38122781039457465,-1.1986512800623155
HRV,2001,no_capital,lnorm,all,mawd,0.7285490664724388,0.982,0.30963068874056526,0.43808964652111093,2.5722340418229055
HRV,2001,no_capital,lnorm,all,d,0.7114236022337957,1.0,0.3455254321111067,0.42491367571779637,4.48831516598809
HRV,2001,no_capital,lnorm,no_prereg,mawd,0.2654402531452957,0.043,0.2677268328195127,0.393194418041635,-1.4662973280792218
HRV,2001,no_capital,lnorm,no_prereg,d,0.3110383161420959,0.029,0.3234470624339019,0.3981570465853148,-1.612218367916243
HRV,2001,no_capital,flat,all,mawd,0.7285490664724388,1.0,,,
HRV,2001,no_capital,flat,all,d,0.7114236022337957,1.0,,,
HRV,2002,no_capital,perm,all,mawd,0.7472994873976313,0.99,0.28498552187214266,0.38772384172185625,3.454668382996783
HRV,2002,no_capital,perm,all,d,0.7415060310356169,0.992,0.3296621905971732,0.40303376998776974,3.869130943773859
HRV,2002,no_capital,perm,no_prereg,mawd,0.2701647537013323,0.097,0.2480432150173764,0.35214427971795625,-1.1842951750326107
HRV,2002,no_capital,perm,no_prereg,d,0.30960186460606,0.056,0.3080532637614522,0.3798113796976792,-1.237576956292885
HRV,2002,no_capital,lnorm,all,mawd,0.7472994873976313,0.981,0.30608637426697505,0.43859628899805525,2.7002297852053365
HRV,2002,no_capital,lnorm,all,d,0.7415060310356169,1.0,0.3408042150666354,0.4216219388391464,4.644516909457424
HRV,2002,no_capital,lnorm,no_prereg,mawd,0.2701647537013323,0.056,0.2673529416752844,0.3911117768078617,-1.4046891363232115
HRV,2002,no_capital,lnorm,no_prereg,d,0.30960186460606,0.03,0.32114011523628816,0.39677523514265467,-1.6025119707862663
HRV,2002,no_capital,flat,all,mawd,0.7472994873976313,1.0,,,
HRV,2002,no_capital,flat,all,d,0.7415060310356169,1.0,,,
HRV,2003,no_capital,perm,all,mawd,0.6963817250952953,0.988,0.2795055415368658,0.38223424966318786,3.1247093921211317
HRV,2003,no_capital,perm,all,d,0.7220674585382217,0.991,0.3295590648600427,0.40208699922424085,3.837656183774797
HRV,2003,no_capital,perm,no_prereg,mawd,0.2717791437710481,0.126,0.24385360587957075,0.3447231511110106,-1.0846870561771873
HRV,2003,no_capital,perm,no_prereg,d,0.30941785371206304,0.061,0.30513332522304215,0.37694829941205854,-1.2311969645282608
HRV,2003,no_capital,lnorm,all,mawd,0.6963817250952953,0.972,0.3091822631140953,0.43597791228712107,2.2664943081754343
HRV,2003,no_capital,lnorm,all,d,0.7220674585382217,1.0,0.3393676219015934,0.41722688597019475,4.602032670630336
HRV,2003,no_capital,lnorm,no_prereg,mawd,0.2717791437710481,0.063,0.26596900560884507,0.39228281704432283,-1.357502122974208
HRV,2003,no_capital,lnorm,no_prereg,d,0.30941785371206304,0.034,0.31672561640256974,0.39192470354947007,-1.5903441898034159
HRV,2003,no_capital,flat,all,mawd,0.6963817250952953,1.0,,,
HRV,2003,no_capital,flat,all,d,0.7220674585382217,1.0,,,
HRV,2004,no_capital,perm,all,mawd,0.6755230215881878,0.989,0.2797284257638254,0.37215564761651215,3.291591263171252
HRV,2004,no_capital,perm,all,d,0.7121831017803614,0.994,0.32470314946714235,0.3884320977780136,4.264234125260158
HRV,2004,no_capital,perm,no_prereg,mawd,0.2650392238958408,0.101,0.2461121207420666,0.33693151305694796,-1.1775329562151122
HRV,2004,no_capital,perm,no_prereg,d,0.30409304513490193,0.062,0.3003113182622679,0.36247349466331064,-1.2212182369200009
HRV,2004,no_capital,lnorm,all,mawd,0.6755230215881878,0.974,0.29750642156610463,0.4211349243988718,2.3555573319211205
HRV,2004,no_capital,lnorm,all,d,0.7121831017803614,1.0,0.3311742914654192,0.40302224174693024,5.030252599452244
HRV,2004,no_capital,lnorm,no_prereg,mawd,0.2650392238958408,0.063,0.25712641341353065,0.376564328296646,-1.3460908293408038
HRV,2004,no_capital,lnorm,no_prereg,d,0.30409304513490193,0.038,0.3097971918632982,0.37623673708409,-1.5814233070746517
HRV,2004,no_capital,flat,all,mawd,0.6755230215881878,1.0,,,
HRV,2004,no_capital,flat,all,d,0.7121831017803614,1.0,,,
HRV,2005,no_capital,perm,all,mawd,0.6341223552204956,0.974,0.2886788832704868,0.3912530091691869,2.28638642930193
HRV,2005,no_capital,perm,all,d,0.6805093186890594,0.996,0.32880951856532853,0.39746989806299154,3.68115016755853
HRV,2005,no_capital,perm,no_prereg,mawd,0.2590108541659299,0.071,0.251818416770044,0.3511521433528928,-1.2578304013677608
HRV,2005,no_capital,perm,no_prereg,d,0.30361129916959123,0.051,0.3029218892947762,0.3733668161111166,-1.2596573895137737
HRV,2005,no_capital,lnorm,all,mawd,0.6341223552204956,0.938,0.3088237699498759,0.4391707320007244,1.7308535250176664
HRV,2005,no_capital,lnorm,all,d,0.6805093186890594,1.0,0.33989937394233216,0.4162698059849572,4.247756682950753
HRV,2005,no_capital,lnorm,no_prereg,mawd,0.2590108541659299,0.037,0.2657160226398912,0.3914236839739848,-1.5100205818157217
HRV,2005,no_capital,lnorm,no_prereg,d,0.30361129916959123,0.023,0.3185002407663261,0.3933226911392891,-1.7159042396749733
HRV,2005,no_capital,flat,all,mawd,0.6341223552204956,1.0,,,
HRV,2005,no_capital,flat,all,d,0.6805093186890594,1.0,,,
HRV,2006,no_capital,perm,all,mawd,0.6350639419592967,0.986,0.2834281163231438,0.3774139431579955,2.8308058305856103
HRV,2006,no_capital,perm,all,d,0.6932228555356892,0.994,0.32883170844894394,0.39731801581780946,3.9210106618651883
HRV,2006,no_capital,perm,no_prereg,mawd,0.26213383977360416,0.086,0.24836027619705328,0.3385380152067712,-1.298031816568008
HRV,2006,no_capital,perm,no_prereg,d,0.30084535990305256,0.031,0.30894264215616696,0.37386014731606937,-1.43529822624727
HRV,2006,no_capital,lnorm,all,mawd,0.6350639419592967,0.946,0.2997333466974042,0.4262030240473144,1.8965382829009416
HRV,2006,no_capital,lnorm,all,d,0.6932228555356892,1.0,0.3349559612238089,0.410057380041566,4.657936623250264
HRV,2006,no_capital,lnorm,no_prereg,mawd,0.26213383977360416,0.049,0.2624644404214896,0.37912056033373087,-1.3850995949305864
HRV,2006,no_capital,lnorm,no_prereg,d,0.30084535990305256,0.025,0.3151863761905378,0.3880385507988804,-1.7993525347631412
HRV,2006,no_capital,flat,all,mawd,0.6350639419592967,1.0,,,
HRV,2006,no_capital,flat,all,d,0.6932228555356892,1.0,,,
HRV,2007,no_capital,perm,all,mawd,0.6857352012869078,0.987,0.27781021045849263,0.36676264961857985,3.3600932984221923
HRV,2007,no_capital,perm,all,d,0.7220869938023234,0.994,0.3261576825109237,0.39563617302070114,4.093563293647145
HRV,2007,no_capital,perm,no_prereg,mawd,0.2636423735521271,0.091,0.24551809404832947,0.3298894541713411,-1.27967389925733
HRV,2007,no_capital,perm,no_prereg,d,0.29725684493259646,0.025,0.31014273235454437,0.3724568551478616,-1.5160762816332067
HRV,2007,no_capital,lnorm,all,mawd,0.6857352012869078,0.977,0.2945862026435814,0.41744224414163333,2.43190739933244
HRV,2007,no_capital,lnorm,all,d,0.7220869938023234,1.0,0.33255413415628793,0.4074256449150068,5.032423481154693
HRV,2007,no_capital,lnorm,no_prereg,mawd,0.2636423735521271,0.059,0.25691896993596414,0.37043796614636837,-1.3332591907509468
HRV,2007,no_capital,lnorm,no_prereg,d,0.29725684493259646,0.02,0.3119094186823644,0.3825098572503461,-1.8506885304258827
HRV,2007,no_capital,flat,all,mawd,0.6857352012869078,1.0,,,
HRV,2007,no_capital,flat,all,d,0.7220869938023234,1.0,,,
HRV,2008,no_capital,perm,all,mawd,0.7287607797114904,0.989,0.2816735821938418,0.37594099639436984,3.4836852937625356
HRV,2008,no_capital,perm,all,d,0.7720454747295791,0.993,0.33166442997660706,0.40478118925825307,4.286928997630974
HRV,2008,no_capital,perm,no_prereg,mawd,0.2701105495525363,0.103,0.2506985480063169,0.3337186695091042,-1.1966952271638058
HRV,2008,no_capital,perm,no_prereg,d,0.31076761295487043,0.048,0.31212950134214634,0.3776877089437417,-1.3960755047832152
HRV,2008,no_capital,lnorm,all,mawd,0.7287607797114904,0.981,0.3028695994468031,0.4326507919866305,2.574998747252277
HRV,2008,no_capital,lnorm,all,d,0.7720454747295791,1.0,0.3379249188820805,0.41196680080822595,5.363416104226679
HRV,2008,no_capital,lnorm,no_prereg,mawd,0.2701105495525363,0.064,0.26523544319379716,0.37751153114555003,-1.3062280997271936
HRV,2008,no_capital,lnorm,no_prereg,d,0.31076761295487043,0.033,0.3173050378474131,0.3837924618292132,-1.6779352615327794
HRV,2008,no_capital,flat,all,mawd,0.7287607797114904,1.0,,,
HRV,2008,no_capital,flat,all,d,0.7720454747295791,1.0,,,
HRV,2009,no_capital,perm,all,mawd,0.7798120528527618,0.992,0.2706716606115153,0.36607438661850317,3.548124525925696
HRV,2009,no_capital,perm,all,d,0.7741579476280717,0.99,0.3311380029640412,0.4133875991413605,3.7629883278282517
HRV,2009,no_capital,perm,no_prereg,mawd,0.26176750573533575,0.126,0.239415769370901,0.3238663749949124,-1.117466869369569
HRV,2009,no_capital,perm,no_prereg,d,0.3193395561548284,0.072,0.3116890540303883,0.38481652857286686,-1.2440240033468521
HRV,2009,no_capital,lnorm,all,mawd,0.7798120528527618,0.984,0.30425863821884447,0.43962982956775143,2.828894252068099
HRV,2009,no_capital,lnorm,all,d,0.7741579476280717,1.0,0.3413597843426802,0.4162277237050289,5.138998605214976
HRV,2009,no_capital,lnorm,no_prereg,mawd,0.26176750573533575,0.044,0.2668776032692127,0.3816075046985413,-1.4321048976759154
HRV,2009,no_capital,lnorm,no_prereg,d,0.3193395561548284,0.053,0.3179382784342544,0.38565607205280084,-1.486571456481031
HRV,2009,no_capital,flat,all,mawd,0.7798120528527618,1.0,,,
HRV,2009,no_capital,flat,all,d,0.7741579476280717,1.0,,,
HRV,2010,no_capital,perm,all,mawd,0.8456594188952649,0.991,0.2927945951459149,0.3938418362304052,3.5690582612837045
HRV,2010,no_capital,perm,all,d,0.8129756863420912,0.991,0.3502937302091464,0.4300793184780429,3.9340385599570293
HRV,2010,no_capital,perm,no_prereg,mawd,0.2617291677695269,0.057,0.25985286237680316,0.35005542823384106,-1.503177694430005
HRV,2010,no_capital,perm,no_prereg,d,0.3443257804716383,0.1,0.32923274229489263,0.4014064565687515,-1.1505140383789814
HRV,2010,no_capital,lnorm,all,mawd,0.8456594188952649,0.985,0.32441730674788843,0.4695631020078173,2.888226598869117
HRV,2010,no_capital,lnorm,all,d,0.8129756863420912,1.0,0.35260906574457557,0.4298988860249696,5.144405733173778
HRV,2010,no_capital,lnorm,no_prereg,mawd,0.2617291677695269,0.028,0.2829990324376299,0.40684834612632315,-1.6393777514790981
HRV,2010,no_capital,lnorm,no_prereg,d,0.3443257804716383,0.101,0.33132764494270556,0.3974632315445272,-1.2151061495689413
HRV,2010,no_capital,flat,all,mawd,0.8456594188952649,1.0,,,
HRV,2010,no_capital,flat,all,d,0.8129756863420912,1.0,,,
HRV,2011,no_capital,perm,all,mawd,0.8224403031975102,0.989,0.2853452356971105,0.383544017141591,3.701666092333261
HRV,2011,no_capital,perm,all,d,0.8077186218352302,0.99,0.3377077941600203,0.41426836804171324,4.20726809889758
HRV,2011,no_capital,perm,no_prereg,mawd,0.24602136110402084,0.04,0.25548430927524046,0.33980751346145865,-1.6521682205952584
HRV,2011,no_capital,perm,no_prereg,d,0.30159891644758813,0.021,0.3162733566653166,0.3883195930826955,-1.657338415007124
HRV,2011,no_capital,lnorm,all,mawd,0.8224403031975102,0.99,0.3058956984385886,0.4409610790417353,3.12317557580223
HRV,2011,no_capital,lnorm,all,d,0.8077186218352302,1.0,0.3415475929145902,0.41892496307699023,5.317494670359253
HRV,2011,no_capital,lnorm,no_prereg,mawd,0.24602136110402084,0.025,0.2658451815360741,0.38084598544816683,-1.6621586421501173
HRV,2011,no_capital,lnorm,no_prereg,d,0.30159891644758813,0.016,0.3210685400089498,0.3872462974426205,-1.8920253703739538
HRV,2011,no_capital,flat,all,mawd,0.8224403031975102,1.0,,,
HRV,2011,no_capital,flat,all,d,0.8077186218352302,1.0,,,
HRV,2012,no_capital,perm,all,mawd,0.9356850316684995,0.989,0.2938393825988249,0.3910070474236989,3.919044199103826
HRV,2012,no_capital,perm,all,d,0.8646949026140521,0.99,0.3399825558506546,0.4177816357868651,4.051466432547811
HRV,2012,no_capital,perm,no_prereg,mawd,0.269910084610842,0.069,0.2607449194008616,0.3471209276814174,-1.3812373361735222
HRV,2012,no_capital,perm,no_prereg,d,0.3152019532279397,0.038,0.3207174311522245,0.39106293082755594,-1.3973357511611135
HRV,2012,no_capital,lnorm,all,mawd,0.9356850316684995,0.992,0.3247590738804636,0.46885361737076503,3.339461440828232
HRV,2012,no_capital,lnorm,all,d,0.8646949026140521,1.0,0.34850663124609416,0.43015643097925504,5.2201034548939464
HRV,2012,no_capital,lnorm,no_prereg,mawd,0.269910084610842,0.035,0.2799026750155782,0.4041230002467662,-1.5359031123983344
HRV,2012,no_capital,lnorm,no_prereg,d,0.3152019532279397,0.023,0.3281765720867567,0.3967814887301433,-1.740433690440326
HRV,2012,no_capital,flat,all,mawd,0.9356850316684995,1.0,,,
HRV,2012,no_capital,flat,all,d,0.8646949026140521,1.0,,,
HRV,2013,no_capital,perm,all,mawd,0.8690913115390693,0.986,0.29477660648582615,0.4011974279239147,3.6709580464687583
HRV,2013,no_capital,perm,all,d,0.8310401314759663,0.987,0.33689393494855274,0.410883400161882,4.212199840608192
HRV,2013,no_capital,perm,no_prereg,mawd,0.2693787508797531,0.052,0.2679939307763917,0.35291400841099185,-1.5009934159252245
HRV,2013,no_capital,perm,no_prereg,d,0.317734123950415,0.061,0.31604155634801157,0.385397036164044,-1.3488939719817648
HRV,2013,no_capital,lnorm,all,mawd,0.8690913115390693,0.991,0.3103093840808942,0.44741801324740726,3.2316212793386048
HRV,2013,no_capital,lnorm,all,d,0.8310401314759663,1.0,0.337758089746303,0.41649851928178594,5.119481535226752
HRV,2013,no_capital,lnorm,no_prereg,mawd,0.2693787508797531,0.051,0.26823888131749074,0.3843402161441859,-1.4358151740841203
HRV,2013,no_capital,lnorm,no_prereg,d,0.317734123950415,0.056,0.31657392033500886,0.3857818064739166,-1.4902666858424582
HRV,2013,no_capital,flat,all,mawd,0.8690913115390693,1.0,,,
HRV,2013,no_capital,flat,all,d,0.8310401314759663,1.0,,,
HRV,2014,no_capital,perm,all,mawd,0.905451646962509,0.988,0.3049597862846847,0.40982486791859357,3.8121992676999388
HRV,2014,no_capital,perm,all,d,0.8460781936362191,0.989,0.34075807244380274,0.4158759862646977,4.308703666498122
HRV,2014,no_capital,perm,no_prereg,mawd,0.2668511247545957,0.035,0.27519546774699427,0.35952011370009507,-1.648341240627716
HRV,2014,no_capital,perm,no_prereg,d,0.32550256917121867,0.071,0.3210536205311883,0.3903570300258854,-1.299556874757201
HRV,2014,no_capital,lnorm,all,mawd,0.905451646962509,0.991,0.31641896910169987,0.458711166860624,3.312745000542559
HRV,2014,no_capital,lnorm,all,d,0.8460781936362191,1.0,0.3408975917305029,0.4211728294158483,5.176261045793488
HRV,2014,no_capital,lnorm,no_prereg,mawd,0.2668511247545957,0.042,0.27384660630773217,0.3942599204304031,-1.5305905428107238
HRV,2014,no_capital,lnorm,no_prereg,d,0.32550256917121867,0.069,0.3208460147041357,0.3902494088439442,-1.411055740444058
HRV,2014,no_capital,flat,all,mawd,0.905451646962509,1.0,,,
HRV,2014,no_capital,flat,all,d,0.8460781936362191,1.0,,,
HUN,2000,no_capital,perm,all,mawd,0.3237140688914041,0.26,0.2701508091806865,0.36562847966328316,-0.6991104714089756
HUN,2000,no_capital,perm,all,d,0.3490332282028019,0.189,0.3174542944169919,0.38896332700775516,-0.8812726323408696
HUN,2000,no_capital,perm,no_prereg,mawd,0.2408633741814399,0.021,0.2609918699461886,0.3430787123392653,-1.696582910104644
HUN,2000,no_capital,perm,no_prereg,d,0.27849082738222586,0.004,0.30805703809727214,0.3844366772463489,-2.028884029779608
HUN,2000,no_capital,lnorm,all,mawd,0.3237140688914041,0.1,0.29918264948080686,0.4272221674390835,-1.1571179488264578
HUN,2000,no_capital,lnorm,all,d,0.3490332282028019,0.073,0.33769691193043133,0.4177246838600356,-1.4270575074705687
HUN,2000,no_capital,lnorm,no_prereg,mawd,0.2408633741814399,0.012,0.27890862058472116,0.3946466241363532,-1.7853891082440407
HUN,2000,no_capital,lnorm,no_prereg,d,0.27849082738222586,0.002,0.3307535862233202,0.41276568810059777,-2.448225085702748
HUN,2000,no_capital,flat,all,mawd,0.3237140688914041,1.0,,,
HUN,2000,no_capital,flat,all,d,0.3490332282028019,1.0,,,
HUN,2001,no_capital,perm,all,mawd,0.3092733407162256,0.241,0.2603235446823611,0.35179283002289363,-0.7435575563570938
HUN,2001,no_capital,perm,all,d,0.3332495818850999,0.167,0.306574204279485,0.37333658870189124,-0.9230584788975708
HUN,2001,no_capital,perm,no_prereg,mawd,0.23604057283804347,0.025,0.2500338995667029,0.33402370268818227,-1.6530986871807722
HUN,2001,no_capital,perm,no_prereg,d,0.2759677652907365,0.007,0.29720470788050213,0.370697876302407,-1.858402406449985
HUN,2001,no_capital,lnorm,all,mawd,0.3092733407162256,0.106,0.28657960589446885,0.40248095608808737,-1.146694722967724
HUN,2001,no_capital,lnorm,all,d,0.3332495818850999,0.066,0.32469955721845883,0.40242581169194813,-1.460110165543886
HUN,2001,no_capital,lnorm,no_prereg,mawd,0.23604057283804347,0.012,0.264309847507595,0.3783726408240411,-1.7522441172634355
HUN,2001,no_capital,lnorm,no_prereg,d,0.2759677652907365,0.002,0.31699481883454084,0.3979417878627595,-2.2713378020862374
HUN,2001,no_capital,flat,all,mawd,0.3092733407162256,1.0,,,
HUN,2001,no_capital,flat,all,d,0.3332495818850999,1.0,,,
HUN,2002,no_capital,perm,all,mawd,0.3260873050618553,0.378,0.2563296788908629,0.34453488005476895,-0.36523056526646513
HUN,2002,no_capital,perm,all,d,0.3419065708155944,0.299,0.3012426142448329,0.36330918892022096,-0.5667030328429852
HUN,2002,no_capital,perm,no_prereg,mawd,0.248427915000097,0.061,0.2448456174036105,0.3287999497571358,-1.3851491362848336
HUN,2002,no_capital,perm,no_prereg,d,0.2808689498699265,0.016,0.293078894848496,0.35972553178952404,-1.665648092352037
HUN,2002,no_capital,lnorm,all,mawd,0.3260873050618553,0.197,0.2801579854525182,0.3942040099842536,-0.8814768269234851
HUN,2002,no_capital,lnorm,all,d,0.3419065708155944,0.123,0.31822193069466886,0.3927533853859724,-1.1261163250414574
HUN,2002,no_capital,lnorm,no_prereg,mawd,0.248427915000097,0.029,0.2605445284983904,0.3723728525103347,-1.5718242001277385
HUN,2002,no_capital,lnorm,no_prereg,d,0.2808689498699265,0.012,0.3091367382276513,0.38797564901461956,-2.075132655550683
HUN,2002,no_capital,flat,all,mawd,0.3260873050618553,1.0,,,
HUN,2002,no_capital,flat,all,d,0.3419065708155944,1.0,,,
HUN,2003,no_capital,perm,all,mawd,0.32602990247244723,0.299,0.2692486542932356,0.36157907588526905,-0.6220173083057724
HUN,2003,no_capital,perm,all,d,0.3562370293212446,0.301,0.3118271717356562,0.3796002980363098,-0.5574073982844588
HUN,2003,no_capital,perm,no_prereg,mawd,0.2379059059487081,0.023,0.2547286310089934,0.34783027029085867,-1.7074218784213933
HUN,2003,no_capital,perm,no_prereg,d,0.29208338391411026,0.025,0.3037282729529845,0.37947187885476885,-1.6350459422946355
HUN,2003,no_capital,lnorm,all,mawd,0.32602990247244723,0.148,0.2893510993588924,0.4078359254483111,-1.0081260383030586
HUN,2003,no_capital,lnorm,all,d,0.3562370293212446,0.156,0.3267643787796155,0.4038992774794639,-0.9960240481283675
HUN,2003,no_capital,lnorm,no_prereg,mawd,0.2379059059487081,0.014,0.2695873880766768,0.38968501504635716,-1.7493582927379763
HUN,2003,no_capital,lnorm,no_prereg,d,0.29208338391411026,0.014,0.3194997182974825,0.4018670419862658,-1.9452426347576945
HUN,2003,no_capital,flat,all,mawd,0.32602990247244723,1.0,,,
HUN,2003,no_capital,flat,all,d,0.3562370293212446,1.0,,,
HUN,2004,no_capital,perm,all,mawd,0.2975111065000357,0.214,0.25738744441956163,0.3434522945934534,-0.819418378052459
HUN,2004,no_capital,perm,all,d,0.3307983490412522,0.215,0.3013687256601522,0.3632876376038245,-0.7813438476726052
HUN,2004,no_capital,perm,no_prereg,mawd,0.22142304399606325,0.018,0.24467197171055385,0.3306586751556191,-1.774641106251059
HUN,2004,no_capital,perm,no_prereg,d,0.2643931275272695,0.006,0.29336872884556253,0.35886079301683416,-1.8563446878355858
HUN,2004,no_capital,lnorm,all,mawd,0.2975111065000357,0.075,0.2871628092239,0.3999841903270869,-1.2825508591311408
HUN,2004,no_capital,lnorm,all,d,0.3307983490412522,0.072,0.3221657951706059,0.3969784429926424,-1.4243874724072798
HUN,2004,no_capital,lnorm,no_prereg,mawd,0.22142304399606325,0.006,0.2700063535483328,0.3838131048720428,-1.9090620098582372
HUN,2004,no_capital,lnorm,no_prereg,d,0.2643931275272695,0.002,0.3134104703131501,0.39337424829884315,-2.4024977817528335
HUN,2004,no_capital,flat,all,mawd,0.2975111065000357,1.0,,,
HUN,2004,no_capital,flat,all,d,0.3307983490412522,1.0,,,
HUN,2005,no_capital,perm,all,mawd,0.29348058625537343,0.151,0.26298077271976067,0.3524723362011374,-0.9914421755236219
HUN,2005,no_capital,perm,all,d,0.3360896585645318,0.191,0.31032878563829197,0.3750205877289433,-0.8903188768456399
HUN,2005,no_capital,perm,no_prereg,mawd,0.21786503753592965,0.011,0.2477954554793778,0.33746822621980166,-1.9109093321396033
HUN,2005,no_capital,perm,no_prereg,d,0.2699434592260213,0.005,0.30111246934271946,0.36982928841041474,-1.9474909181987723
HUN,2005,no_capital,lnorm,all,mawd,0.29348058625537343,0.056,0.2910252626068267,0.40505756883090205,-1.3736123415419534
HUN,2005,no_capital,lnorm,all,d,0.3360896585645318,0.063,0.3295527048424828,0.40466799868671716,-1.4676529184995184
HUN,2005,no_capital,lnorm,no_prereg,mawd,0.21786503753592965,0.004,0.27046123004118444,0.38851288953755403,-1.9646148793437952
HUN,2005,no_capital,lnorm,no_prereg,d,0.2699434592260213,0.002,0.31528615810873134,0.403112147246505,-2.4193721959011603
HUN,2005,no_capital,flat,all,mawd,0.29348058625537343,1.0,,,
HUN,2005,no_capital,flat,all,d,0.3360896585645318,1.0,,,
HUN,2006,no_capital,perm,all,mawd,0.296754406964774,0.157,0.2711257121447598,0.3572720967841607,-1.0314873560321154
HUN,2006,no_capital,perm,all,d,0.3354243863046934,0.118,0.32328293774455025,0.3859469276073487,-1.159227364113608
HUN,2006,no_capital,perm,no_prereg,mawd,0.23869550892778307,0.022,0.2525740175495287,0.34204026822963085,-1.680602550980023
HUN,2006,no_capital,perm,no_prereg,d,0.297518810822351,0.023,0.3095277861120566,0.3784197337648789,-1.637630753968949
HUN,2006,no_capital,lnorm,all,mawd,0.296754406964774,0.063,0.2903885937193174,0.4066627625985687,-1.3399844272454182
HUN,2006,no_capital,lnorm,all,d,0.3354243863046934,0.047,0.3372978681095892,0.412719705638527,-1.6274658987674693
HUN,2006,no_capital,lnorm,no_prereg,mawd,0.23869550892778307,0.016,0.26924336893348005,0.38643675515849424,-1.7333103695177237
HUN,2006,no_capital,lnorm,no_prereg,d,0.297518810822351,0.012,0.32139478025047297,0.4053017930531747,-2.005782228685668
HUN,2006,no_capital,flat,all,mawd,0.296754406964774,1.0,,,
HUN,2006,no_capital,flat,all,d,0.3354243863046934,1.0,,,
HUN,2007,no_capital,perm,all,mawd,0.2839217743427732,0.078,0.2740577599480847,0.364482750791199,-1.33402838366903
HUN,2007,no_capital,perm,all,d,0.3312096580442356,0.077,0.3245931065502547,0.38793878275036275,-1.3253968348513339
HUN,2007,no_capital,perm,no_prereg,mawd,0.22467851694485985,0.011,0.256463044517003,0.34958081716240197,-2.0022621053224365
HUN,2007,no_capital,perm,no_prereg,d,0.29612235864248615,0.014,0.3117016827523725,0.3822081767556651,-1.7590637154235595
HUN,2007,no_capital,lnorm,all,mawd,0.2839217743427732,0.036,0.2948624463554912,0.4105870303478653,-1.5366597206862256
HUN,2007,no_capital,lnorm,all,d,0.3312096580442356,0.035,0.3386565370533697,0.4133133934119382,-1.7188557947713377
HUN,2007,no_capital,lnorm,no_prereg,mawd,0.22467851694485985,0.006,0.2759381194358957,0.39253248167330024,-1.9346240114675917
HUN,2007,no_capital,lnorm,no_prereg,d,0.29612235864248615,0.01,0.32499390604285805,0.4046002498936767,-2.0436217411708593
HUN,2007,no_capital,flat,all,mawd,0.2839217743427732,1.0,,,
HUN,2007,no_capital,flat,all,d,0.3312096580442356,1.0,,,
HUN,2008,no_capital,perm,all,mawd,0.2645786297844361,0.057,0.2616387364270718,0.35360913266395044,-1.4722463800831012
HUN,2008,no_capital,perm,all,d,0.3146324426485864,0.041,0.31891089659817495,0.3814492241971205,-1.5758434337230196
HUN,2008,no_capital,perm,no_prereg,mawd,0.2081605232703624,0.006,0.24664128609716793,0.33754983892268714,-2.0736560141488924
HUN,2008,no_capital,perm,no_prereg,d,0.2739233351259024,0.005,0.3043164848704555,0.37534020016967784,-2.074818444476849
HUN,2008,no_capital,lnorm,all,mawd,0.2645786297844361,0.023,0.28812079147719044,0.4030051085052594,-1.7064739472388806
HUN,2008,no_capital,lnorm,all,d,0.3146324426485864,0.019,0.3339281733962855,0.4078844855213595,-1.985045566137154
HUN,2008,no_capital,lnorm,no_prereg,mawd,0.2081605232703624,0.002,0.2663345914506413,0.3826553240448912,-2.0778596396541986
HUN,2008,no_capital,lnorm,no_prereg,d,0.2739233351259024,0.004,0.32015624017669897,0.399695092662734,-2.3841391053554553
HUN,2008,no_capital,flat,all,mawd,0.2645786297844361,1.0,,,
HUN,2008,no_capital,flat,all,d,0.3146324426485864,1.0,,,
HUN,2009,no_capital,perm,all,mawd,0.3080320636130489,0.258,0.2575990491920012,0.3469836686509623,-0.7058268860806517
HUN,2009,no_capital,perm,all,d,0.3365779856712679,0.161,0.31447270087756884,0.37627304465810174,-0.9998944463006948
HUN,2009,no_capital,perm,no_prereg,mawd,0.23281709800927328,0.029,0.2441692155292531,0.3330500149407247,-1.6660770918650356
HUN,2009,no_capital,perm,no_prereg,d,0.2940024760560944,0.033,0.3002059033607248,0.3686678274005219,-1.612051532322612
HUN,2009,no_capital,lnorm,all,mawd,0.3080320636130489,0.078,0.2929660532939914,0.41179581905963897,-1.2763897758641085
HUN,2009,no_capital,lnorm,all,d,0.3365779856712679,0.059,0.3339533903618042,0.4063279846030648,-1.5369728225281525
HUN,2009,no_capital,lnorm,no_prereg,mawd,0.23281709800927328,0.008,0.273787450640739,0.38970943356132154,-1.8437458538473943
HUN,2009,no_capital,lnorm,no_prereg,d,0.2940024760560944,0.013,0.3200669400694533,0.39464480657768175,-2.0036152276301573
HUN,2009,no_capital,flat,all,mawd,0.3080320636130489,1.0,,,
HUN,2009,no_capital,flat,all,d,0.3365779856712679,1.0,,,
HUN,2010,no_capital,perm,all,mawd,0.3176527329544042,0.166,0.2787779646423712,0.37643445808000797,-0.9491389650666506
HUN,2010,no_capital,perm,all,d,0.3544363631735231,0.137,0.3371293370520833,0.39439004950829687,-1.0636830982291603
HUN,2010,no_capital,perm,no_prereg,mawd,0.2462613889560937,0.027,0.26548296041235464,0.3596437430490357,-1.732616105629256
HUN,2010,no_capital,perm,no_prereg,d,0.3225178056567023,0.051,0.32246655946981967,0.38702826869266516,-1.4890347821778576
HUN,2010,no_capital,lnorm,all,mawd,0.3176527329544042,0.083,0.30102869397229337,0.42512524311160815,-1.2491961797092805
HUN,2010,no_capital,lnorm,all,d,0.3544363631735231,0.078,0.34318284172912694,0.4162291810654276,-1.3801432164677214
HUN,2010,no_capital,lnorm,no_prereg,mawd,0.2462613889560937,0.012,0.27994411787419876,0.39727651018092874,-1.7370205177816205
HUN,2010,no_capital,lnorm,no_prereg,d,0.3225178056567023,0.035,0.33211720878944706,0.40609278528354686,-1.6807950809444279
HUN,2010,no_capital,flat,all,mawd,0.3176527329544042,1.0,,,
HUN,2010,no_capital,flat,all,d,0.3544363631735231,1.0,,,
HUN,2011,no_capital,perm,all,mawd,0.2958371122397522,0.098,0.27423667732533175,0.37217968656041295,-1.217216378063377
HUN,2011,no_capital,perm,all,d,0.3477212954072057,0.088,0.338033041827253,0.3997449813954265,-1.2696331808528813
HUN,2011,no_capital,perm,no_prereg,mawd,0.2312257774682349,0.015,0.2631590658017783,0.3517189415550933,-1.926505046951494
HUN,2011,no_capital,perm,no_prereg,d,0.31434204206696986,0.032,0.32408497970407824,0.3920401541286791,-1.645982157649639
HUN,2011,no_capital,lnorm,all,mawd,0.2958371122397522,0.04,0.30201876653294374,0.42936550583350724,-1.5299682681946631
HUN,2011,no_capital,lnorm,all,d,0.3477212954072057,0.048,0.3491655653783367,0.42541795214710765,-1.6389287998141813
HUN,2011,no_capital,lnorm,no_prereg,mawd,0.2312257774682349,0.005,0.2823735386724287,0.3982602456009336,-1.945886589547519
HUN,2011,no_capital,lnorm,no_prereg,d,0.31434204206696986,0.019,0.3364993886411669,0.4124754184807853,-1.9000182995083998
HUN,2011,no_capital,flat,all,mawd,0.2958371122397522,1.0,,,
HUN,2011,no_capital,flat,all,d,0.3477212954072057,1.0,,,
HUN,2012,no_capital,perm,all,mawd,0.2927694472521097,0.091,0.2751225723818729,0.37367881757044985,-1.2803931531854877
HUN,2012,no_capital,perm,all,d,0.34103860874268743,0.042,0.34211444778781547,0.4071346583267499,-1.5189970350313988
HUN,2012,no_capital,perm,no_prereg,mawd,0.2143117896977266,0.005,0.2607157131542668,0.3516804502722724,-2.202635983379986
HUN,2012,no_capital,perm,no_prereg,d,0.2895373676175053,0.006,0.324274861903894,0.3979419215508967,-2.135295011120428
HUN,2012,no_capital,lnorm,all,mawd,0.2927694472521097,0.027,0.31168626752502876,0.44172438453641893,-1.6570931197930092
HUN,2012,no_capital,lnorm,all,d,0.34103860874268743,0.022,0.35686758052865436,0.4343481506511043,-1.922975127888544
HUN,2012,no_capital,lnorm,no_prereg,mawd,0.2143117896977266,0.001,0.29022686193276054,0.41008787977956906,-2.213180889546026
HUN,2012,no_capital,lnorm,no_prereg,d,0.2895373676175053,0.003,0.33998906998080086,0.42139543252208334,-2.4643946674249526
HUN,2012,no_capital,flat,all,mawd,0.2927694472521097,1.0,,,
HUN,2012,no_capital,flat,all,d,0.34103860874268743,1.0,,,
HUN,2013,no_capital,perm,all,mawd,0.27497100503121685,0.05,0.27566209673372405,0.37047428378928327,-1.4975430508673278
HUN,2013,no_capital,perm,all,d,0.31532059064263296,0.012,0.3387026905355829,0.40163553949723985,-1.9611609010825959
HUN,2013,no_capital,perm,no_prereg,mawd,0.20232862654248127,0.001,0.25705205414013527,0.34688938715147466,-2.3394033082592
HUN,2013,no_capital,perm,no_prereg,d,0.2596590063838824,0.002,0.3180529279687193,0.3913763625493637,-2.638866770652394
HUN,2013,no_capital,lnorm,all,mawd,0.27497100503121685,0.01,0.3107220780251957,0.43632550719432056,-1.8090503020345874
HUN,2013,no_capital,lnorm,all,d,0.31532059064263296,0.008,0.3528716504585631,0.42886232704389854,-2.362576955441451
HUN,2013,no_capital,lnorm,no_prereg,mawd,0.20232862654248127,0.001,0.28710745021046824,0.4062025444274452,-2.3097076174170286
HUN,2013,no_capital,lnorm,no_prereg,d,0.2596590063838824,0.001,0.33622425052372673,0.4148315758573276,-2.9643962982846053
HUN,2013,no_capital,flat,all,mawd,0.27497100503121685,1.0,,,
HUN,2013,no_capital,flat,all,d,0.31532059064263296,1.0,,,
HUN,2014,no_capital,perm,all,mawd,0.25885763335281076,0.04,0.2637486118376617,0.35772250521839266,-1.5897246652164652
HUN,2014,no_capital,perm,all,d,0.305782587916022,0.015,0.3274247482149541,0.38972717590389194,-1.9336926311821232
HUN,2014,no_capital,perm,no_prereg,mawd,0.19249305865093103,0.001,0.24819507864278684,0.33379618787033916,-2.3661769862099336
HUN,2014,no_capital,perm,no_prereg,d,0.24561902766991514,0.0,0.31045621314927646,0.3767261640205428,-2.7037374393561384
HUN,2014,no_capital,lnorm,all,mawd,0.25885763335281076,0.007,0.29712478476667786,0.420345368434361,-1.865241672749627
HUN,2014,no_capital,lnorm,all,d,0.305782587916022,0.007,0.34104185392404013,0.41645156461118354,-2.323276742054408
HUN,2014,no_capital,lnorm,no_prereg,mawd,0.19249305865093103,0.001,0.2754055694949119,0.3909256345871049,-2.3205018881423896
HUN,2014,no_capital,lnorm,no_prereg,d,0.24561902766991514,0.001,0.32509718490039036,0.3998806233786941,-2.99645511072959
HUN,2014,no_capital,flat,all,mawd,0.25885763335281076,1.0,,,
HUN,2014,no_capital,flat,all,d,0.305782587916022,1.0,,,
IDN,2000,no_capital,perm,all,mawd,,0.0,,,
IDN,2000,no_capital,perm,all,d,,0.0,,,
IDN,2000,no_capital,perm,no_prereg,mawd,,0.0,,,
IDN,2000,no_capital,perm,no_prereg,d,,0.0,,,
IDN,2000,no_capital,lnorm,all,mawd,,0.0,0.4267118853156602,0.6842079773404268,
IDN,2000,no_capital,lnorm,all,d,,0.0,0.5999078857813902,0.8688825282114699,
IDN,2000,no_capital,lnorm,no_prereg,mawd,,0.0,0.3621212605492992,0.5876674820837795,
IDN,2000,no_capital,lnorm,no_prereg,d,,0.0,0.5724548714221627,0.8682410453423146,
IDN,2000,no_capital,flat,all,mawd,,0.0,,,
IDN,2000,no_capital,flat,all,d,,0.0,,,
IDN,2001,no_capital,perm,all,mawd,,0.0,,,
IDN,2001,no_capital,perm,all,d,,0.0,,,
IDN,2001,no_capital,perm,no_prereg,mawd,,0.0,,,
IDN,2001,no_capital,perm,no_prereg,d,,0.0,,,
IDN,2001,no_capital,lnorm,all,mawd,,0.0,0.4132982476334529,0.6475176403188422,
IDN,2001,no_capital,lnorm,all,d,,0.0,0.5906722874995894,0.8645659110632447,
IDN,2001,no_capital,lnorm,no_prereg,mawd,,0.0,0.3545377506753134,0.5658111504457181,
IDN,2001,no_capital,lnorm,no_prereg,d,,0.0,0.5677083922691076,0.8633663536540916,
IDN,2001,no_capital,flat,all,mawd,,0.0,,,
IDN,2001,no_capital,flat,all,d,,0.0,,,
IDN,2002,no_capital,perm,all,mawd,,0.0,,,
IDN,2002,no_capital,perm,all,d,,0.0,,,
IDN,2002,no_capital,perm,no_prereg,mawd,,0.0,,,
IDN,2002,no_capital,perm,no_prereg,d,,0.0,,,
IDN,2002,no_capital,lnorm,all,mawd,,0.0,0.4136640208185014,0.6302021244747497,
IDN,2002,no_capital,lnorm,all,d,,0.0,0.5876521543252635,0.8631774524540117,
IDN,2002,no_capital,lnorm,no_prereg,mawd,,0.0,0.35326155339698956,0.5620894893730415,
IDN,2002,no_capital,lnorm,no_prereg,d,,0.0,0.5653784371572522,0.8615539945024948,
IDN,2002,no_capital,flat,all,mawd,,0.0,,,
IDN,2002,no_capital,flat,all,d,,0.0,,,
IDN,2003,no_capital,perm,all,mawd,,0.0,,,
IDN,2003,no_capital,perm,all,d,,0.0,,,
IDN,2003,no_capital,perm,no_prereg,mawd,,0.0,,,
IDN,2003,no_capital,perm,no_prereg,d,,0.0,,,
IDN,2003,no_capital,lnorm,all,mawd,,0.0,0.40682192880408996,0.6162705069207031,
IDN,2003,no_capital,lnorm,all,d,,0.0,0.5831755855820803,0.8554763223465702,
IDN,2003,no_capital,lnorm,no_prereg,mawd,,0.0,0.3461496446788972,0.5495850054717533,
IDN,2003,no_capital,lnorm,no_prereg,d,,0.0,0.5614175817292212,0.8557914555897176,
IDN,2003,no_capital,flat,all,mawd,,0.0,,,
IDN,2003,no_capital,flat,all,d,,0.0,,,
IDN,2004,no_capital,perm,all,mawd,,0.0,,,
IDN,2004,no_capital,perm,all,d,,0.0,,,
IDN,2004,no_capital,perm,no_prereg,mawd,,0.0,,,
IDN,2004,no_capital,perm,no_prereg,d,,0.0,,,
IDN,2004,no_capital,lnorm,all,mawd,,0.0,0.4119570295049149,0.6141347345837609,
IDN,2004,no_capital,lnorm,all,d,,0.0,0.5857298407429246,0.8572943368717523,
IDN,2004,no_capital,lnorm,no_prereg,mawd,,0.0,0.35241301518464896,0.5512910675016218,
IDN,2004,no_capital,lnorm,no_prereg,d,,0.0,0.5609228777323988,0.8571977165650546,
IDN,2004,no_capital,flat,all,mawd,,0.0,,,
IDN,2004,no_capital,flat,all,d,,0.0,,,
IDN,2005,no_capital,perm,all,mawd,,0.0,,,
IDN,2005,no_capital,perm,all,d,,0.0,,,
IDN,2005,no_capital,perm,no_prereg,mawd,,0.0,,,
IDN,2005,no_capital,perm,no_prereg,d,,0.0,,,
IDN,2005,no_capital,lnorm,all,mawd,,0.0,0.4278185308589897,0.6525054355184765,
IDN,2005,no_capital,lnorm,all,d,,0.0,0.5973885009313974,0.8791623754532025,
IDN,2005,no_capital,lnorm,no_prereg,mawd,,0.0,0.372178147279359,0.5750942760329132,
IDN,2005,no_capital,lnorm,no_prereg,d,,0.0,0.5731757137220307,0.878323235236251,
IDN,2005,no_capital,flat,all,mawd,,0.0,,,
IDN,2005,no_capital,flat,all,d,,0.0,,,
IDN,2006,no_capital,perm,all,mawd,,0.0,,,
IDN,2006,no_capital,perm,all,d,,0.0,,,
IDN,2006,no_capital,perm,no_prereg,mawd,,0.0,,,
IDN,2006,no_capital,perm,no_prereg,d,,0.0,,,
IDN,2006,no_capital,lnorm,all,mawd,,0.0,0.43695176638576894,0.6533945230753437,
IDN,2006,no_capital,lnorm,all,d,,0.0,0.5973170532618701,0.9000774479245,
IDN,2006,no_capital,lnorm,no_prereg,mawd,,0.0,0.3802193126072918,0.588671882290664,
IDN,2006,no_capital,lnorm,no_prereg,d,,0.0,0.5823191275920505,0.8977220239236077,
IDN,2006,no_capital,flat,all,mawd,,0.0,,,
IDN,2006,no_capital,flat,all,d,,0.0,,,
IDN,2007,no_capital,perm,all,mawd,,0.0,,,
IDN,2007,no_capital,perm,all,d,,0.0,,,
IDN,2007,no_capital,perm,no_prereg,mawd,,0.0,,,
IDN,2007,no_capital,perm,no_prereg,d,,0.0,,,
IDN,2007,no_capital,lnorm,all,mawd,,0.0,0.4386497313096368,0.6691707107544895,
IDN,2007,no_capital,lnorm,all,d,,0.0,0.6026018189058387,0.9056761550850303,
IDN,2007,no_capital,lnorm,no_prereg,mawd,,0.0,0.3888298421306211,0.6078237844911325,
IDN,2007,no_capital,lnorm,no_prereg,d,,0.0,0.5882449669521823,0.899664071933745,
IDN,2007,no_capital,flat,all,mawd,,0.0,,,
IDN,2007,no_capital,flat,all,d,,0.0,,,
IDN,2008,no_capital,perm,all,mawd,,0.0,,,
IDN,2008,no_capital,perm,all,d,,0.0,,,
IDN,2008,no_capital,perm,no_prereg,mawd,,0.0,,,
IDN,2008,no_capital,perm,no_prereg,d,,0.0,,,
IDN,2008,no_capital,lnorm,all,mawd,,0.0,0.44567557281730685,0.684590360073579,
IDN,2008,no_capital,lnorm,all,d,,0.0,0.6111428991807283,0.9246929883517251,
IDN,2008,no_capital,lnorm,no_prereg,mawd,,0.0,0.3922667864653003,0.6308942908680564,
IDN,2008,no_capital,lnorm,no_prereg,d,,0.0,0.6011031333879481,0.9211861546435586,
IDN,2008,no_capital,flat,all,mawd,,0.0,,,
IDN,2008,no_capital,flat,all,d,,0.0,,,
IDN,2009,no_capital,perm,all,mawd,,0.0,,,
IDN,2009,no_capital,perm,all,d,,0.0,,,
IDN,2009,no_capital,perm,no_prereg,mawd,,0.0,,,
IDN,2009,no_capital,perm,no_prereg,d,,0.0,,,
IDN,2009,no_capital,lnorm,all,mawd,,0.0,0.4445222617790458,0.6870274601134633,
IDN,2009,no_capital,lnorm,all,d,,0.0,0.6079705676944344,0.911482449757286,
IDN,2009,no_capital,lnorm,no_prereg,mawd,,0.0,0.38526358562783397,0.6351711863037238,
IDN,2009,no_capital,lnorm,no_prereg,d,,0.0,0.5966797352135171,0.9052619689770955,
IDN,2009,no_capital,flat,all,mawd,,0.0,,,
IDN,2009,no_capital,flat,all,d,,0.0,,,
IDN,2010,no_capital,perm,all,mawd,,0.0,,,
IDN,2010,no_capital,perm,all,d,,0.0,,,
IDN,2010,no_capital,perm,no_prereg,mawd,,0.0,,,
IDN,2010,no_capital,perm,no_prereg,d,,0.0,,,
IDN,2010,no_capital,lnorm,all,mawd,,0.0,0.4550538140783088,0.7011284221373386,
IDN,2010,no_capital,lnorm,all,d,,0.0,0.6100016045718419,0.9056738046179438,
IDN,2010,no_capital,lnorm,no_prereg,mawd,,0.0,0.38949684320973743,0.6445290927289457,
IDN,2010,no_capital,lnorm,no_prereg,d,,0.0,0.6014547976708801,0.899438923360206,
IDN,2010,no_capital,flat,all,mawd,,0.0,,,
IDN,2010,no_capital,flat,all,d,,0.0,,,
IDN,2011,no_capital,perm,all,mawd,,0.0,,,
IDN,2011,no_capital,perm,all,d,,0.0,,,
IDN,2011,no_capital,perm,no_prereg,mawd,,0.0,,,
IDN,2011,no_capital,perm,no_prereg,d,,0.0,,,
IDN,2011,no_capital,lnorm,all,mawd,,0.0,0.45107579194485403,0.6948116118590799,
IDN,2011,no_capital,lnorm,all,d,,0.0,0.6067756421739131,0.8990962938792775,
IDN,2011,no_capital,lnorm,no_prereg,mawd,,0.0,0.38501902415441597,0.6401160742186207,
IDN,2011,no_capital,lnorm,no_prereg,d,,0.0,0.5975498270832178,0.8931264122322949,
IDN,2011,no_capital,flat,all,mawd,,0.0,,,
IDN,2011,no_capital,flat,all,d,,0.0,,,
IDN,2012,no_capital,perm,all,mawd,,0.0,,,
IDN,2012,no_capital,perm,all,d,,0.0,,,
IDN,2012,no_capital,perm,no_prereg,mawd,,0.0,,,
IDN,2012,no_capital,perm,no_prereg,d,,0.0,,,
IDN,2012,no_capital,lnorm,all,mawd,,0.0,0.44984552672186573,0.6970229721051047,
IDN,2012,no_capital,lnorm,all,d,,0.0,0.6057690601451461,0.8982245711776541,
IDN,2012,no_capital,lnorm,no_prereg,mawd,,0.0,0.38721440542265795,0.6375820862840271,
IDN,2012,no_capital,lnorm,no_prereg,d,,0.0,0.5963473122274644,0.8934925881398551,
IDN,2012,no_capital,flat,all,mawd,,0.0,,,
IDN,2012,no_capital,flat,all,d,,0.0,,,
IDN,2013,no_capital,perm,all,mawd,,0.0,,,
IDN,2013,no_capital,perm,all,d,,0.0,,,
IDN,2013,no_capital,perm,no_prereg,mawd,,0.0,,,
IDN,2013,no_capital,perm,no_prereg,d,,0.0,,,
IDN,2013,no_capital,lnorm,all,mawd,,0.0,0.45121459220792404,0.6943248713570143,
IDN,2013,no_capital,lnorm,all,d,,0.0,0.6050399748176856,0.8987957681728569,
IDN,2013,no_capital,lnorm,no_prereg,mawd,,0.0,0.3867317957405456,0.6344569771459551,
IDN,2013,no_capital,lnorm,no_prereg,d,,0.0,0.5957444551622952,0.892904763096201,
IDN,2013,no_capital,flat,all,mawd,,0.0,,,
IDN,2013,no_capital,flat,all,d,,0.0,,,
IDN,2014,no_capital,perm,all,mawd,,0.0,,,
IDN,2014,no_capital,perm,all,d,,0.0,,,
IDN,2014,no_capital,perm,no_prereg,mawd,,0.0,,,
IDN,2014,no_capital,perm,no_prereg,d,,0.0,,,
IDN,2014,no_capital,lnorm,all,mawd,,0.0,0.4481379700486907,0.6832220643726333,
IDN,2014,no_capital,lnorm,all,d,,0.0,0.6061751526671935,0.8989217981665861,
IDN,2014,no_capital,lnorm,no_prereg,mawd,,0.0,0.3851898153417785,0.6249744224815191,
IDN,2014,no_capital,lnorm,no_prereg,d,,0.0,0.5959489646431072,0.8921703232423698,
IDN,2014,no_capital,flat,all,mawd,,0.0,,,
IDN,2014,no_capital,flat,all,d,,0.0,,,
IND,2000,no_capital,perm,all,mawd,,0.0,,,
IND,2000,no_capital,perm,all,d,,0.0,,,
IND,2000,no_capital,perm,no_prereg,mawd,,0.0,,,
IND,2000,no_capital,perm,no_prereg,d,,0.0,,,
IND,2000,no_capital,lnorm,all,mawd,,0.0,0.5634123145596643,0.95451420268019,
IND,2000,no_capital,lnorm,all,d,,0.0,0.6837436059911641,0.9120009768837516,
IND,2000,no_capital,lnorm,no_prereg,mawd,,0.0,0.4785546350097097,0.8836381902488579,
IND,2000,no_capital,lnorm,no_prereg,d,,0.0,0.6886488683365205,0.9196106042451285,
IND,2000,no_capital,flat,all,mawd,,0.0,,,
IND,2000,no_capital,flat,all,d,,0.0,,,
IND,2001,no_capital,perm,all,mawd,,0.0,,,
IND,2001,no_capital,perm,all,d,,0.0,,,
IND,2001,no_capital,perm,no_prereg,mawd,,0.0,,,
IND,2001,no_capital,perm,no_prereg,d,,0.0,,,
IND,2001,no_capital,lnorm,all,mawd,,0.0,0.5689877330678639,0.9605935956214862,
IND,2001,no_capital,lnorm,all,d,,0.0,0.6891226193854141,0.9207382769719843,
IND,2001,no_capital,lnorm,no_prereg,mawd,,0.0,0.48608765756162736,0.892875917711259,
IND,2001,no_capital,lnorm,no_prereg,d,,0.0,0.6960033041430861,0.9305031490062506,
IND,2001,no_capital,flat,all,mawd,,0.0,,,
IND,2001,no_capital,flat,all,d,,0.0,,,
IND,2002,no_capital,perm,all,mawd,,0.0,,,
IND,2002,no_capital,perm,all,d,,0.0,,,
IND,2002,no_capital,perm,no_prereg,mawd,,0.0,,,
IND,2002,no_capital,perm,no_prereg,d,,0.0,,,
IND,2002,no_capital,lnorm,all,mawd,,0.0,0.5857204200656185,0.9752269491443344,
IND,2002,no_capital,lnorm,all,d,,0.0,0.7039457190865456,0.9368347822471101,
IND,2002,no_capital,lnorm,no_prereg,mawd,,0.0,0.494481164065903,0.8996857859849654,
IND,2002,no_capital,lnorm,no_prereg,d,,0.0,0.7042969302150355,0.9456536391730941,
IND,2002,no_capital,flat,all,mawd,,0.0,,,
IND,2002,no_capital,flat,all,d,,0.0,,,
IND,2003,no_capital,perm,all,mawd,,0.0,,,
IND,2003,no_capital,perm,all,d,,0.0,,,
IND,2003,no_capital,perm,no_prereg,mawd,,0.0,,,
IND,2003,no_capital,perm,no_prereg,d,,0.0,,,
IND,2003,no_capital,lnorm,all,mawd,,0.0,0.5835174433452066,0.9802198524128275,
IND,2003,no_capital,lnorm,all,d,,0.0,0.7118014002405012,0.9454868802285292,
IND,2003,no_capital,lnorm,no_prereg,mawd,,0.0,0.49448811851888086,0.90725858925031,
IND,2003,no_capital,lnorm,no_prereg,d,,0.0,0.7113020408557267,0.9512316216167411,
IND,2003,no_capital,flat,all,mawd,,0.0,,,
IND,2003,no_capital,flat,all,d,,0.0,,,
IND,2004,no_capital,perm,all,mawd,,0.0,,,
IND,2004,no_capital,perm,all,d,,0.0,,,
IND,2004,no_capital,perm,no_prereg,mawd,,0.0,,,
IND,2004,no_capital,perm,no_prereg,d,,0.0,,,
IND,2004,no_capital,lnorm,all,mawd,,0.0,0.5891007641046672,0.9891804621063085,
IND,2004,no_capital,lnorm,all,d,,0.0,0.7189511983655668,0.9578988322269822,
IND,2004,no_capital,lnorm,no_prereg,mawd,,0.0,0.4973955633386586,0.9111201528225026,
IND,2004,no_capital,lnorm,no_prereg,d,,0.0,0.7204332078233922,0.9650574959272826,
IND,2004,no_capital,flat,all,mawd,,0.0,,,
IND,2004,no_capital,flat,all,d,,0.0,,,
IND,2005,no_capital,perm,all,mawd,,0.0,,,
IND,2005,no_capital,perm,all,d,,0.0,,,
IND,2005,no_capital,perm,no_prereg,mawd,,0.0,,,
IND,2005,no_capital,perm,no_prereg,d,,0.0,,,
IND,2005,no_capital,lnorm,all,mawd,,0.0,0.5828470472568619,0.9813260634858285,
IND,2005,no_capital,lnorm,all,d,,0.0,0.712629875549736,0.9526418141480685,
IND,2005,no_capital,lnorm,no_prereg,mawd,,0.0,0.495012982229852,0.9058763761004587,
IND,2005,no_capital,lnorm,no_prereg,d,,0.0,0.714732495472272,0.9581554120473958,
IND,2005,no_capital,flat,all,mawd,,0.0,,,
IND,2005,no_capital,flat,all,d,,0.0,,,
IND,2006,no_capital,perm,all,mawd,,0.0,,,
IND,2006,no_capital,perm,all,d,,0.0,,,
IND,2006,no_capital,perm,no_prereg,mawd,,0.0,,,
IND,2006,no_capital,perm,no_prereg,d,,0.0,,,
IND,2006,no_capital,lnorm,all,mawd,,0.0,0.5859963358226803,0.9831360865156331,
IND,2006,no_capital,lnorm,all,d,,0.0,0.7180188021454182,0.9547243643045726,
IND,2006,no_capital,lnorm,no_prereg,mawd,,0.0,0.490451884577405,0.9039746047418369,
IND,2006,no_capital,lnorm,no_prereg,d,,0.0,0.7218752782440441,0.9612422207130273,
IND,2006,no_capital,flat,all,mawd,,0.0,,,
IND,2006,no_capital,flat,all,d,,0.0,,,
IND,2007,no_capital,perm,all,mawd,,0.0,,,
IND,2007,no_capital,perm,all,d,,0.0,,,
IND,2007,no_capital,perm,no_prereg,mawd,,0.0,,,
IND,2007,no_capital,perm,no_prereg,d,,0.0,,,
IND,2007,no_capital,lnorm,all,mawd,,0.0,0.5789349305613004,0.972422740502931,
IND,2007,no_capital,lnorm,all,d,,0.0,0.7149231415504961,0.942971524182412,
IND,2007,no_capital,lnorm,no_prereg,mawd,,0.0,0.49219890128826793,0.9044064272001218,
IND,2007,no_capital,lnorm,no_prereg,d,,0.0,0.7209069060469012,0.9501622047254943,
IND,2007,no_capital,flat,all,mawd,,0.0,,,
IND,2007,no_capital,flat,all,d,,0.0,,,
IND,2008,no_capital,perm,all,mawd,,0.0,,,
IND,2008,no_capital,perm,all,d,,0.0,,,
IND,2008,no_capital,perm,no_prereg,mawd,,0.0,,,
IND,2008,no_capital,perm,no_prereg,d,,0.0,,,
IND,2008,no_capital,lnorm,all,mawd,,0.0,0.5825977554057193,0.9796358469720694,
IND,2008,no_capital,lnorm,all,d,,0.0,0.7134708386652511,0.943607199946222,
IND,2008,no_capital,lnorm,no_prereg,mawd,,0.0,0.49174557673303,0.9109927089960009,
IND,2008,no_capital,lnorm,no_prereg,d,,0.0,0.7227602769365628,0.9504501768710504,
IND,2008,no_capital,flat,all,mawd,,0.0,,,
IND,2008,no_capital,flat,all,d,,0.0,,,
IND,2009,no_capital,perm,all,mawd,,0.0,,,
IND,2009,no_capital,perm,all,d,,0.0,,,
IND,2009,no_capital,perm,no_prereg,mawd,,0.0,,,
IND,2009,no_capital,perm,no_prereg,d,,0.0,,,
IND,2009,no_capital,lnorm,all,mawd,,0.0,0.586014162372907,0.9852742299901645,
IND,2009,no_capital,lnorm,all,d,,0.0,0.7092051517137449,0.9360984805978421,
IND,2009,no_capital,lnorm,no_prereg,mawd,,0.0,0.5001317079103901,0.9178766751988139,
IND,2009,no_capital,lnorm,no_prereg,d,,0.0,0.7159686901083504,0.9441757128048005,
IND,2009,no_capital,flat,all,mawd,,0.0,,,
IND,2009,no_capital,flat,all,d,,0.0,,,
IND,2010,no_capital,perm,all,mawd,,0.0,,,
IND,2010,no_capital,perm,all,d,,0.0,,,
IND,2010,no_capital,perm,no_prereg,mawd,,0.0,,,
IND,2010,no_capital,perm,no_prereg,d,,0.0,,,
IND,2010,no_capital,lnorm,all,mawd,,0.0,0.5896514094522061,0.986405487058367,
IND,2010,no_capital,lnorm,all,d,,0.0,0.715317947621069,0.937814419467542,
IND,2010,no_capital,lnorm,no_prereg,mawd,,0.0,0.49934527607945023,0.9220364021272951,
IND,2010,no_capital,lnorm,no_prereg,d,,0.0,0.7221014488192783,0.9467470902307531,
IND,2010,no_capital,flat,all,mawd,,0.0,,,
IND,2010,no_capital,flat,all,d,,0.0,,,
IND,2011,no_capital,perm,all,mawd,,0.0,,,
IND,2011,no_capital,perm,all,d,,0.0,,,
IND,2011,no_capital,perm,no_prereg,mawd,,0.0,,,
IND,2011,no_capital,perm,no_prereg,d,,0.0,,,
IND,2011,no_capital,lnorm,all,mawd,,0.0,0.5864525909065206,0.9809584099599278,
IND,2011,no_capital,lnorm,all,d,,0.0,0.7156457953895314,0.938319994779128,
IND,2011,no_capital,lnorm,no_prereg,mawd,,0.0,0.49780171522113564,0.9125292939345631,
IND,2011,no_capital,lnorm,no_prereg,d,,0.0,0.7255369585153677,0.9475734366162978,
IND,2011,no_capital,flat,all,mawd,,0.0,,,
IND,2011,no_capital,flat,all,d,,0.0,,,
IND,2012,no_capital,perm,all,mawd,,0.0,,,
IND,2012,no_capital,perm,all,d,,0.0,,,
IND,2012,no_capital,perm,no_prereg,mawd,,0.0,,,
IND,2012,no_capital,perm,no_prereg,d,,0.0,,,
IND,2012,no_capital,lnorm,all,mawd,,0.0,0.5796394582592618,0.9761351156562779,
IND,2012,no_capital,lnorm,all,d,,0.0,0.7041763394483446,0.922744513740996,
IND,2012,no_capital,lnorm,no_prereg,mawd,,0.0,0.492826273674411,0.9051662884698608,
IND,2012,no_capital,lnorm,no_prereg,d,,0.0,0.7109450852190209,0.9330572704074144,
IND,2012,no_capital,flat,all,mawd,,0.0,,,
IND,2012,no_capital,flat,all,d,,0.0,,,
IND,2013,no_capital,perm,all,mawd,,0.0,,,
IND,2013,no_capital,perm,all,d,,0.0,,,
IND,2013,no_capital,perm,no_prereg,mawd,,0.0,,,
IND,2013,no_capital,perm,no_prereg,d,,0.0,,,
IND,2013,no_capital,lnorm,all,mawd,,0.0,0.58814498831884,0.9908496576452928,
IND,2013,no_capital,lnorm,all,d,,0.0,0.7047952695690337,0.9183450299653261,
IND,2013,no_capital,lnorm,no_prereg,mawd,,0.0,0.5021017021171551,0.9127765322600547,
IND,2013,no_capital,lnorm,no_prereg,d,,0.0,0.713897781917586,0.9293476677161467,
IND,2013,no_capital,flat,all,mawd,,0.0,,,
IND,2013,no_capital,flat,all,d,,0.0,,,
IND,2014,no_capital,perm,all,mawd,,0.0,,,
IND,2014,no_capital,perm,all,d,,0.0,,,
IND,2014,no_capital,perm,no_prereg,mawd,,0.0,,,
IND,2014,no_capital,perm,no_prereg,d,,0.0,,,
IND,2014,no_capital,lnorm,all,mawd,,0.0,0.5959599087106527,1.0011449041568006,
IND,2014,no_capital,lnorm,all,d,,0.0,0.7045997405507383,0.918506067772257,
IND,2014,no_capital,lnorm,no_prereg,mawd,,0.0,0.5049531668419068,0.914941033459529,
IND,2014,no_capital,lnorm,no_prereg,d,,0.0,0.7124415542551851,0.928505751506757,
IND,2014,no_capital,flat,all,mawd,,0.0,,,
IND,2014,no_capital,flat,all,d,,0.0,,,
IRL,2000,no_capital,perm,all,mawd,0.3930330873715781,0.537,0.2935845408068624,0.3873226147971033,0.05457367698072538
IRL,2000,no_capital,perm,all,d,0.40024886561104506,0.5,0.3277377280899496,0.4002714926327966,-0.1153719204452448
IRL,2000,no_capital,perm,no_prereg,mawd,0.30885735263209985,0.225,0.2615736527543929,0.3591617437805107,-0.8140830265038647
IRL,2000,no_capital,perm,no_prereg,d,0.32139911177015373,0.071,0.3154599483874828,0.3892387507221954,-1.324915936092508
IRL,2000,no_capital,lnorm,all,mawd,0.3930330873715781,0.292,0.31655237166100675,0.4373028608006913,-0.6018089295485741
IRL,2000,no_capital,lnorm,all,d,0.40024886561104506,0.391,0.34183865418433695,0.41466222038954964,-0.31002021437953914
IRL,2000,no_capital,lnorm,no_prereg,mawd,0.30885735263209985,0.119,0.28175412482493906,0.4072290887758455,-1.0730463544572046
IRL,2000,no_capital,lnorm,no_prereg,d,0.32139911177015373,0.042,0.3253487737368276,0.4020960798776282,-1.6575494236459014
IRL,2000,no_capital,flat,all,mawd,0.3930330873715781,1.0,,,
IRL,2000,no_capital,flat,all,d,0.40024886561104506,1.0,,,
IRL,2001,no_capital,perm,all,mawd,0.3984710938976115,0.55,0.29542320443750797,0.38891532112176763,0.08226083220499238
IRL,2001,no_capital,perm,all,d,0.4076263646327683,0.587,0.33158591718428554,0.3963033209580074,0.07438955808344458
IRL,2001,no_capital,perm,no_prereg,mawd,0.32319277910133243,0.28,0.262372622758134,0.3674504192472583,-0.672209529918075
IRL,2001,no_capital,perm,no_prereg,d,0.32845566058206854,0.084,0.31909235528187696,0.3847577397252113,-1.2051246151550095
IRL,2001,no_capital,lnorm,all,mawd,0.3984710938976115,0.374,0.3047146602184006,0.42577004318436096,-0.42973992485246715
IRL,2001,no_capital,lnorm,all,d,0.4076263646327683,0.467,0.3383619829640174,0.41135033786751596,-0.09311746766691527
IRL,2001,no_capital,lnorm,no_prereg,mawd,0.32319277910133243,0.188,0.27221624127409844,0.39717053132327873,-0.8596688479735274
IRL,2001,no_capital,lnorm,no_prereg,d,0.32845566058206854,0.063,0.3237102918847314,0.39871345745646636,-1.45414017184053
IRL,2001,no_capital,flat,all,mawd,0.3984710938976115,1.0,,,
IRL,2001,no_capital,flat,all,d,0.4076263646327683,1.0,,,
IRL,2002,no_capital,perm,all,mawd,0.43073089502622974,0.658,0.30265945982359715,0.4024012050172786,0.34840745728930583
IRL,2002,no_capital,perm,all,d,0.40946383123342084,0.52,0.33569859689409676,0.40703464355153873,-0.07005714801661306
IRL,2002,no_capital,perm,no_prereg,mawd,0.374953638433676,0.451,0.2699203746549371,0.38488186913530475,-0.17406589802502173
IRL,2002,no_capital,perm,no_prereg,d,0.34170026777631535,0.106,0.3268909677996197,0.395787241526657,-1.114473190310264
IRL,2002,no_capital,lnorm,all,mawd,0.43073089502622974,0.452,0.31529691603098275,0.44333658432712914,-0.26595272737821457
IRL,2002,no_capital,lnorm,all,d,0.40946383123342084,0.425,0.34564773043822944,0.4188188681524999,-0.2161528668185672
IRL,2002,no_capital,lnorm,no_prereg,mawd,0.374953638433676,0.335,0.2819519483857467,0.4178058400441713,-0.5254868761700795
IRL,2002,no_capital,lnorm,no_prereg,d,0.34170026777631535,0.085,0.3309028579823418,0.40817575782772336,-1.3355052255920064
IRL,2002,no_capital,flat,all,mawd,0.43073089502622974,1.0,,,
IRL,2002,no_capital,flat,all,d,0.40946383123342084,1.0,,,
IRL,2003,no_capital,perm,all,mawd,0.38953791987313047,0.34,0.3187104646350978,0.41763556504597943,-0.4629569549794085
IRL,2003,no_capital,perm,all,d,0.3927384607344828,0.272,0.3488193360962328,0.4231615039824538,-0.6782345614917289
IRL,2003,no_capital,perm,no_prereg,mawd,0.3145363284709413,0.138,0.2820342587236404,0.39868569823542666,-1.1090946327925868
IRL,2003,no_capital,perm,no_prereg,d,0.33301613339087177,0.033,0.338911577226338,0.4180935426668382,-1.4765739176972157
IRL,2003,no_capital,lnorm,all,mawd,0.38953791987313047,0.244,0.317584061139988,0.449405667169615,-0.7109846772022979
IRL,2003,no_capital,lnorm,all,d,0.3927384607344828,0.214,0.3518838076060641,0.435333059887966,-0.8183618210844116
IRL,2003,no_capital,lnorm,no_prereg,mawd,0.3145363284709413,0.111,0.28838978888787864,0.42296024601849314,-1.078102212655492
IRL,2003,no_capital,lnorm,no_prereg,d,0.33301613339087177,0.039,0.3380600155436773,0.42754081545859574,-1.6342794581944575
IRL,2003,no_capital,flat,all,mawd,0.38953791987313047,1.0,,,
IRL,2003,no_capital,flat,all,d,0.3927384607344828,1.0,,,
IRL,2004,no_capital,perm,all,mawd,0.3384573688707619,0.203,0.2928597925311841,0.39214651656124344,-0.84757351097397
IRL,2004,no_capital,perm,all,d,0.3679160753102659,0.182,0.33557879838049287,0.41132184006102623,-0.890834929730267
IRL,2004,no_capital,perm,no_prereg,mawd,0.26709062498179126,0.042,0.27024672756590035,0.37759721677087554,-1.4877433510220923
IRL,2004,no_capital,perm,no_prereg,d,0.3283782039963738,0.047,0.3305808081138014,0.4023693382124209,-1.3378873658494297
IRL,2004,no_capital,lnorm,all,mawd,0.3384573688707619,0.102,0.30937465933911357,0.4413110306084963,-1.1320164253634293
IRL,2004,no_capital,lnorm,all,d,0.3679160753102659,0.127,0.34853718222081714,0.4214867418879832,-1.1186965382508398
IRL,2004,no_capital,lnorm,no_prereg,mawd,0.26709062498179126,0.018,0.2848256391913668,0.4183751008586488,-1.4394260113940476
IRL,2004,no_capital,lnorm,no_prereg,d,0.3283782039963738,0.031,0.3349655162633089,0.41178617501090853,-1.5981123113170115
IRL,2004,no_capital,flat,all,mawd,0.3384573688707619,1.0,,,
IRL,2004,no_capital,flat,all,d,0.3679160753102659,1.0,,,
IRL,2005,no_capital,perm,all,mawd,0.3332175636697719,0.094,0.3146649342004612,0.42767604742582166,-1.2967017448196758
IRL,2005,no_capital,perm,all,d,0.3784680186843068,0.156,0.3501088307025427,0.42852118791921723,-0.9991855794510506
IRL,2005,no_capital,perm,no_prereg,mawd,0.26372508314675625,0.017,0.28937018442923557,0.4152599527892623,-1.7894094662987845
IRL,2005,no_capital,perm,no_prereg,d,0.3303917318316443,0.018,0.3425450139498974,0.4253709275859317,-1.6973247610386357
IRL,2005,no_capital,lnorm,all,mawd,0.3332175636697719,0.068,0.32034454252423866,0.45535065762082383,-1.253145959555278
IRL,2005,no_capital,lnorm,all,d,0.3784680186843068,0.141,0.35106059661388256,0.42735559820783536,-1.0347319919033646
IRL,2005,no_capital,lnorm,no_prereg,mawd,0.26372508314675625,0.018,0.29085096513702197,0.438042160950539,-1.49382726800947
IRL,2005,no_capital,lnorm,no_prereg,d,0.3303917318316443,0.029,0.3438494945894601,0.42582964540141777,-1.752336316057909
IRL,2005,no_capital,flat,all,mawd,0.3332175636697719,1.0,,,
IRL,2005,no_capital,flat,all,d,0.3784680186843068,1.0,,,
IRL,2006,no_capital,perm,all,mawd,0.31693299866447217,0.037,0.3241802599954954,0.43912862188506485,-1.631640798130413
IRL,2006,no_capital,perm,all,d,0.36864938154234295,0.106,0.35260210958857807,0.4288925770137653,-1.193749450768313
IRL,2006,no_capital,perm,no_prereg,mawd,0.24627301485120828,0.007,0.293596095045454,0.42407359170396874,-2.0286993898726484
IRL,2006,no_capital,perm,no_prereg,d,0.31500867387159753,0.01,0.3418226577814767,0.4227962126455009,-1.9038333802141705
IRL,2006,no_capital,lnorm,all,mawd,0.31693299866447217,0.031,0.32952861440005926,0.4691743310178276,-1.4987188638251079
IRL,2006,no_capital,lnorm,all,d,0.36864938154234295,0.108,0.35568382500754836,0.4265283060999567,-1.2300546619878412
IRL,2006,no_capital,lnorm,no_prereg,mawd,0.24627301485120828,0.01,0.2974365631796938,0.4433827135986409,-1.6657625696623608
IRL,2006,no_capital,lnorm,no_prereg,d,0.31500867387159753,0.018,0.3401947458318204,0.42392241306211265,-1.958499151163194
IRL,2006,no_capital,flat,all,mawd,0.31693299866447217,1.0,,,
IRL,2006,no_capital,flat,all,d,0.36864938154234295,1.0,,,
IRL,2007,no_capital,perm,all,mawd,0.3173933602427555,0.053,0.31622969939824,0.42734020935362416,-1.5357264732772433
IRL,2007,no_capital,perm,all,d,0.34683432378246676,0.057,0.3444566966131847,0.4292419832845247,-1.4910704380747999
IRL,2007,no_capital,perm,no_prereg,mawd,0.24948405271679633,0.008,0.2917322575391407,0.41510447597254474,-1.9996708116741162
IRL,2007,no_capital,perm,no_prereg,d,0.3076018374583854,0.012,0.3340160164008472,0.42713630185716994,-1.923171119575667
IRL,2007,no_capital,lnorm,all,mawd,0.3173933602427555,0.025,0.3384278739909929,0.4760972532338017,-1.5554151013895832
IRL,2007,no_capital,lnorm,all,d,0.34683432378246676,0.033,0.3535867064982942,0.42873051398774825,-1.645029167556537
IRL,2007,no_capital,lnorm,no_prereg,mawd,0.24948405271679633,0.009,0.3048064766328274,0.45230204140454566,-1.6977239082327527
IRL,2007,no_capital,lnorm,no_prereg,d,0.3076018374583854,0.012,0.3439803088529401,0.42948907335649733,-2.1044952303624638
IRL,2007,no_capital,flat,all,mawd,0.3173933602427555,1.0,,,
IRL,2007,no_capital,flat,all,d,0.34683432378246676,1.0,,,
IRL,2008,no_capital,perm,all,mawd,0.33015106124146354,0.074,0.3193449372739704,0.4348131130368157,-1.3659057989517887
IRL,2008,no_capital,perm,all,d,0.39343213031510493,0.247,0.3392781787812524,0.4441238222599556,-0.761047394239117
IRL,2008,no_capital,perm,no_prereg,mawd,0.25303492661668453,0.021,0.2749473652840406,0.41028821392986886,-1.7869251719151373
IRL,2008,no_capital,perm,no_prereg,d,0.3101365457536597,0.041,0.31605912616391724,0.4250578892425719,-1.5086669508933346
IRL,2008,no_capital,lnorm,all,mawd,0.33015106124146354,0.051,0.3300440382949764,0.4780274087804755,-1.4555153468342776
IRL,2008,no_capital,lnorm,all,d,0.39343213031510493,0.204,0.3510180206444809,0.45007017705232655,-0.8938879842173445
IRL,2008,no_capital,lnorm,no_prereg,mawd,0.25303492661668453,0.015,0.2898098103655395,0.4396531777247811,-1.645966965337997
IRL,2008,no_capital,lnorm,no_prereg,d,0.3101365457536597,0.028,0.3232764252520296,0.4345516716701935,-1.6935683296379225
IRL,2008,no_capital,flat,all,mawd,0.33015106124146354,1.0,,,
IRL,2008,no_capital,flat,all,d,0.39343213031510493,1.0,,,
IRL,2009,no_capital,perm,all,mawd,0.3085023655718147,0.048,0.31068810131594593,0.4282711182201573,-1.4843322717698104
IRL,2009,no_capital,perm,all,d,0.3569163492018167,0.147,0.3333610367536693,0.4218279754747644,-1.0946584885169812
IRL,2009,no_capital,perm,no_prereg,mawd,0.30334671540284214,0.106,0.2786625042472316,0.41452614994962755,-1.2407032243378346
IRL,2009,no_capital,perm,no_prereg,d,0.33332608197517977,0.092,0.3186044616732372,0.4139940195859021,-1.2408986848543786
IRL,2009,no_capital,lnorm,all,mawd,0.3085023655718147,0.04,0.321923238134615,0.4647043084752026,-1.5823615502368922
IRL,2009,no_capital,lnorm,all,d,0.3569163492018167,0.103,0.3441744976424708,0.42940431300890136,-1.284082054690624
IRL,2009,no_capital,lnorm,no_prereg,mawd,0.30334671540284214,0.071,0.2916735009750141,0.44781585282555925,-1.3005656369024912
IRL,2009,no_capital,lnorm,no_prereg,d,0.33332608197517977,0.066,0.32450748681196573,0.4241329369173855,-1.4171365118697883
IRL,2009,no_capital,flat,all,mawd,0.3085023655718147,1.0,,,
IRL,2009,no_capital,flat,all,d,0.3569163492018167,1.0,,,
IRL,2010,no_capital,perm,all,mawd,0.3674430023165817,0.274,0.299513789637307,0.4142611681480153,-0.6629105437631263
IRL,2010,no_capital,perm,all,d,0.4334814750112775,0.459,0.3625510150263731,0.43873496014971736,-0.14944037234065558
IRL,2010,no_capital,perm,no_prereg,mawd,0.3554737194685954,0.285,0.272488792472707,0.4056596864203478,-0.5962561807652758
IRL,2010,no_capital,perm,no_prereg,d,0.41579228273299673,0.34,0.3548647731528043,0.4428231193871237,-0.4977830346186947
IRL,2010,no_capital,lnorm,all,mawd,0.3674430023165817,0.188,0.30723766549428344,0.44387867829982475,-0.8408622233286545
IRL,2010,no_capital,lnorm,all,d,0.4334814750112775,0.452,0.36393106220051746,0.4399365789637637,-0.17795095498450242
IRL,2010,no_capital,lnorm,no_prereg,mawd,0.3554737194685954,0.234,0.2831609471518132,0.43137073032438056,-0.7268648261108823
IRL,2010,no_capital,lnorm,no_prereg,d,0.41579228273299673,0.311,0.35927351056132556,0.4425328485076454,-0.5431282179160678
IRL,2010,no_capital,flat,all,mawd,0.3674430023165817,1.0,,,
IRL,2010,no_capital,flat,all,d,0.4334814750112775,1.0,,,
IRL,2011,no_capital,perm,all,mawd,0.43576314774760083,0.35,0.3380382439135167,0.4692841319214702,-0.4660588585998868
IRL,2011,no_capital,perm,all,d,0.488594699338118,0.408,0.4113838392606717,0.5023704635368198,-0.2548853655379316
IRL,2011,no_capital,perm,no_prereg,mawd,0.4355857425449869,0.453,0.30644954630854554,0.4494497086019238,-0.23587427338639302
IRL,2011,no_capital,perm,no_prereg,d,0.45444309183206405,0.241,0.39786823835204016,0.497498179833671,-0.7249700101299348
IRL,2011,no_capital,lnorm,all,mawd,0.43576314774760083,0.148,0.3818016796074992,0.5587271972064574,-1.0028145078765838
IRL,2011,no_capital,lnorm,all,d,0.488594699338118,0.452,0.41819524507657296,0.49532171941451875,-0.11952566323662106
IRL,2011,no_capital,lnorm,no_prereg,mawd,0.4355857425449869,0.245,0.34044885305930916,0.5246830969067662,-0.6902566882504803
IRL,2011,no_capital,lnorm,no_prereg,d,0.45444309183206405,0.268,0.40603110294406825,0.48933109531267516,-0.6671813943961761
IRL,2011,no_capital,flat,all,mawd,0.43576314774760083,1.0,,,
IRL,2011,no_capital,flat,all,d,0.488594699338118,1.0,,,
IRL,2012,no_capital,perm,all,mawd,0.41259724337040066,0.203,0.3545047910289815,0.48342390196151874,-0.8903939804932457
IRL,2012,no_capital,perm,all,d,0.49134605271719817,0.433,0.41749469442726966,0.5004001934931456,-0.183675068915604
IRL,2012,no_capital,perm,no_prereg,mawd,0.435469952263494,0.366,0.3244150039373389,0.47264291969499234,-0.42950853718439613
IRL,2012,no_capital,perm,no_prereg,d,0.47764700985910985,0.355,0.40540383398662977,0.49785419636484196,-0.38035086570022236
IRL,2012,no_capital,lnorm,all,mawd,0.41259724337040066,0.124,0.37185297618838137,0.545158424550471,-1.1056981529459724
IRL,2012,no_capital,lnorm,all,d,0.49134605271719817,0.524,0.4144822277316193,0.48832203401651686,0.07821254148794445
IRL,2012,no_capital,lnorm,no_prereg,mawd,0.435469952263494,0.263,0.3417135050811858,0.5224088221717227,-0.6704787636471762
IRL,2012,no_capital,lnorm,no_prereg,d,0.47764700985910985,0.448,0.40238176674015563,0.4850075935726191,-0.1408550313903946
IRL,2012,no_capital,flat,all,mawd,0.41259724337040066,1.0,,,
IRL,2012,no_capital,flat,all,d,0.49134605271719817,1.0,,,
IRL,2013,no_capital,perm,all,mawd,0.40298703234558125,0.167,0.3564381619698778,0.4873088681684493,-0.9982277129920575
IRL,2013,no_capital,perm,all,d,0.4884703687045215,0.421,0.4159655281323332,0.5012201426651333,-0.2252950562921472
IRL,2013,no_capital,perm,no_prereg,mawd,0.42036159150813224,0.278,0.3265579679052817,0.4781228364996988,-0.6587102457174869
IRL,2013,no_capital,perm,no_prereg,d,0.4715324852266086,0.312,0.4040422213827026,0.4991301774881713,-0.49286690077060474
IRL,2013,no_capital,lnorm,all,mawd,0.40298703234558125,0.108,0.3716348001530191,0.5395840504801142,-1.1796993270760292
IRL,2013,no_capital,lnorm,all,d,0.4884703687045215,0.496,0.4140408299637689,0.4890638590227635,0.007720375508399323
IRL,2013,no_capital,lnorm,no_prereg,mawd,0.42036159150813224,0.189,0.3492126451217973,0.531837262644224,-0.8463169911802205
IRL,2013,no_capital,lnorm,no_prereg,d,0.4715324852266086,0.391,0.4009661894530146,0.48607277098021123,-0.2880272648844789
IRL,2013,no_capital,flat,all,mawd,0.40298703234558125,1.0,,,
IRL,2013,no_capital,flat,all,d,0.4884703687045215,1.0,,,
IRL,2014,no_capital,perm,all,mawd,0.41439242634126966,0.188,0.35970587978887747,0.4869851358579621,-0.9051195427440918
IRL,2014,no_capital,perm,all,d,0.5026238888266984,0.496,0.4202973008066644,0.5032779707210904,0.004989047037878519
IRL,2014,no_capital,perm,no_prereg,mawd,0.42196512778269685,0.298,0.33913297398459674,0.4829434132991879,-0.6447504009047363
IRL,2014,no_capital,perm,no_prereg,d,0.4864693035306421,0.397,0.40429429938502603,0.5011607425746878,-0.26359994152987043
IRL,2014,no_capital,lnorm,all,mawd,0.41439242634126966,0.125,0.3753597137311311,0.5501645526524535,-1.1268333826929497
IRL,2014,no_capital,lnorm,all,d,0.5026238888266984,0.616,0.4176706312110217,0.48948818230483426,0.2917296209058863
IRL,2014,no_capital,lnorm,no_prereg,mawd,0.42196512778269685,0.191,0.3486155152124053,0.5343477081883243,-0.8306568385028414
IRL,2014,no_capital,lnorm,no_prereg,d,0.4864693035306421,0.499,0.4035705403895004,0.48702901314510766,-0.01915219699874532
IRL,2014,no_capital,flat,all,mawd,0.41439242634126966,1.0,,,
IRL,2014,no_capital,flat,all,d,0.5026238888266984,1.0,,,
ITA,2000,no_capital,perm,all,mawd,0.4571917162044575,0.826,0.28702886112412057,0.38886131897553455,0.7227341152428146
ITA,2000,no_capital,perm,all,d,0.6047909260453611,0.964,0.34160963674850214,0.41485142131798736,2.409829964947307
ITA,2000,no_capital,perm,no_prereg,mawd,0.12966363262433356,0.0,0.2632967261551387,0.34831627886554445,-3.7926340142099693
ITA,2000,no_capital,perm,no_prereg,d,0.1909868973034684,0.0,0.3210532795607392,0.39780045921281026,-3.08909851577069
ITA,2000,no_capital,lnorm,all,mawd,0.4571917162044575,0.545,0.32435022048477236,0.44519663447806707,-0.020616236735963314
ITA,2000,no_capital,lnorm,all,d,0.6047909260453611,0.97,0.35762243320640424,0.44247248073894746,2.290170395547852
ITA,2000,no_capital,lnorm,no_prereg,mawd,0.12966363262433356,0.0,0.291071763534273,0.39457678964504606,-3.443013723027013
ITA,2000,no_capital,lnorm,no_prereg,d,0.1909868973034684,0.0,0.33398567997338985,0.4217700772073039,-3.6401044587299713
ITA,2000,no_capital,flat,all,mawd,0.4571917162044575,1.0,,,
ITA,2000,no_capital,flat,all,d,0.6047909260453611,1.0,,,
ITA,2001,no_capital,perm,all,mawd,0.4519723545271509,0.817,0.28371883550311455,0.3839049402003086,0.7050872226999544
ITA,2001,no_capital,perm,all,d,0.5922021423941999,0.962,0.3316447847377119,0.4095321035796545,2.32924752191964
ITA,2001,no_capital,perm,no_prereg,mawd,0.12987178663857574,0.0,0.2596611390831287,0.3444113439811873,-3.74144209685902
ITA,2001,no_capital,perm,no_prereg,d,0.1883958441430239,0.0,0.31526577906057585,0.3926738262422578,-3.070502778455093
ITA,2001,no_capital,lnorm,all,mawd,0.4519723545271509,0.555,0.316652030212941,0.4381545631543432,0.0010256535544210545
ITA,2001,no_capital,lnorm,all,d,0.5922021423941999,0.964,0.3506761637567766,0.4354724496692637,2.174801452491399
ITA,2001,no_capital,lnorm,no_prereg,mawd,0.12987178663857574,0.0,0.2860756919815402,0.38728952093611113,-3.4011180420711327
ITA,2001,no_capital,lnorm,no_prereg,d,0.1883958441430239,0.0,0.32728076327781785,0.4154274472515622,-3.5618023697761934
ITA,2001,no_capital,flat,all,mawd,0.4519723545271509,1.0,,,
ITA,2001,no_capital,flat,all,d,0.5922021423941999,1.0,,,
ITA,2002,no_capital,perm,all,mawd,0.45763102137986095,0.848,0.2789146556883047,0.3791223019011157,0.8426906202279177
ITA,2002,no_capital,perm,all,d,0.5754882464805964,0.939,0.3319937942619345,0.4094465011438506,2.0921396704275192
ITA,2002,no_capital,perm,no_prereg,mawd,0.13082228777191424,0.0,0.2573200326472478,0.34173735792001875,-3.693359881127586
ITA,2002,no_capital,perm,no_prereg,d,0.18824395195210367,0.0,0.3157842521472513,0.39552781484698923,-2.9487035181525
ITA,2002,no_capital,lnorm,all,mawd,0.45763102137986095,0.582,0.313267436757869,0.4336258066435681,0.10252244156053465
ITA,2002,no_capital,lnorm,all,d,0.5754882464805964,0.956,0.3490043377334446,0.4341192569655149,1.9475949409925657
ITA,2002,no_capital,lnorm,no_prereg,mawd,0.13082228777191424,0.0,0.2832360242237,0.3857276058310241,-3.3474592318781284
ITA,2002,no_capital,lnorm,no_prereg,d,0.18824395195210367,0.0,0.3283180730334617,0.417445417324944,-3.420694551611754
ITA,2002,no_capital,flat,all,mawd,0.45763102137986095,1.0,,,
ITA,2002,no_capital,flat,all,d,0.5754882464805964,1.0,,,
ITA,2003,no_capital,perm,all,mawd,0.4805585390452145,0.886,0.2800784544307639,0.38203494661354287,1.060249994102066
ITA,2003,no_capital,perm,all,d,0.5778879091711178,0.939,0.3340799910723901,0.4121373794318423,2.0969515000273202
ITA,2003,no_capital,perm,no_prereg,mawd,0.13634731898106264,0.0,0.25808321743012436,0.34343646075081513,-3.559225582561266
ITA,2003,no_capital,perm,no_prereg,d,0.19179645175552137,0.0,0.3164345088608312,0.3984850570974163,-2.9340323450876546
ITA,2003,no_capital,lnorm,all,mawd,0.4805585390452145,0.638,0.3189327719957618,0.44113067078885076,0.23709258881577092
ITA,2003,no_capital,lnorm,all,d,0.5778879091711178,0.957,0.35260393927727474,0.4388132223869643,1.965960819061122
ITA,2003,no_capital,lnorm,no_prereg,mawd,0.13634731898106264,0.0,0.2876218809241157,0.39286293472982986,-3.2619816791214786
ITA,2003,no_capital,lnorm,no_prereg,d,0.19179645175552137,0.0,0.3312230965956204,0.4216566024587133,-3.4700622687190346
ITA,2003,no_capital,flat,all,mawd,0.4805585390452145,1.0,,,
ITA,2003,no_capital,flat,all,d,0.5778879091711178,1.0,,,
ITA,2004,no_capital,perm,all,mawd,0.4962718989406478,0.899,0.28143728372531035,0.38614529791976115,1.1582019304403035
ITA,2004,no_capital,perm,all,d,0.5875048537968847,0.943,0.33391275785253394,0.4139469357213533,2.127289017842381
ITA,2004,no_capital,perm,no_prereg,mawd,0.13827923585344262,0.0,0.26187684074010875,0.34603911418949446,-3.5628480526885316
ITA,2004,no_capital,perm,no_prereg,d,0.1924015283687653,0.0,0.31751362247221543,0.398746665405724,-2.8811108903325113
ITA,2004,no_capital,lnorm,all,mawd,0.4962718989406478,0.683,0.3198664701370833,0.44418958507796025,0.34333366147536537
ITA,2004,no_capital,lnorm,all,d,0.5875048537968847,0.96,0.35513195369392997,0.4404075425781857,2.036841855560087
ITA,2004,no_capital,lnorm,no_prereg,mawd,0.13827923585344262,0.0,0.2882589173163177,0.39431815151640737,-3.23974226573357
ITA,2004,no_capital,lnorm,no_prereg,d,0.1924015283687653,0.0,0.3308959988658321,0.4231288458775835,-3.4181953689411393
ITA,2004,no_capital,flat,all,mawd,0.4962718989406478,1.0,,,
ITA,2004,no_capital,flat,all,d,0.5875048537968847,1.0,,,
ITA,2005,no_capital,perm,all,mawd,0.5049582762198657,0.892,0.2845251077531784,0.3918780209222929,1.1114047799696565
ITA,2005,no_capital,perm,all,d,0.600652830587146,0.939,0.3366632318050059,0.41963538456041516,2.05913126467399
ITA,2005,no_capital,perm,no_prereg,mawd,0.1366306683035631,0.0,0.26205300366955975,0.3497958725266942,-3.53735439287464
ITA,2005,no_capital,perm,no_prereg,d,0.18814404412508795,0.0,0.3191306471394582,0.40331097385755277,-2.8433345073936414
ITA,2005,no_capital,lnorm,all,mawd,0.5049582762198657,0.657,0.32468837387221344,0.4587074765276994,0.28585927234766545
ITA,2005,no_capital,lnorm,all,d,0.600652830587146,0.961,0.3594069290678747,0.4484870948938981,2.059133233238855
ITA,2005,no_capital,lnorm,no_prereg,mawd,0.1366306683035631,0.0,0.2950645972530886,0.4045166133217156,-3.240596359014934
ITA,2005,no_capital,lnorm,no_prereg,d,0.18814404412508795,0.0,0.33566989785487744,0.43047227731914284,-3.483030916995059
ITA,2005,no_capital,flat,all,mawd,0.5049582762198657,1.0,,,
ITA,2005,no_capital,flat,all,d,0.600652830587146,1.0,,,
ITA,2006,no_capital,perm,all,mawd,0.5070954505127765,0.884,0.28334071247483095,0.3949623699779197,1.0442898261199185
ITA,2006,no_capital,perm,all,d,0.604637691156038,0.936,0.34054477706639136,0.4264319521738489,1.944212062174096
ITA,2006,no_capital,perm,no_prereg,mawd,0.1365815357265975,0.0,0.26359657917420043,0.35195148322760805,-3.5673551394312475
ITA,2006,no_capital,perm,no_prereg,d,0.18086643311784292,0.0,0.32185201207842085,0.41280239767904137,-2.91719007305626
ITA,2006,no_capital,lnorm,all,mawd,0.5070954505127765,0.65,0.32608012353387,0.4615235599307395,0.2556909155816073
ITA,2006,no_capital,lnorm,all,d,0.604637691156038,0.958,0.3597820901945566,0.4543170025387654,1.9526625257403516
ITA,2006,no_capital,lnorm,no_prereg,mawd,0.1365815357265975,0.0,0.2955853001362133,0.4040804717847436,-3.2440575093638606
ITA,2006,no_capital,lnorm,no_prereg,d,0.18086643311784292,0.0,0.3373948540739641,0.43607212267121787,-3.5563398336895964
ITA,2006,no_capital,flat,all,mawd,0.5070954505127765,1.0,,,
ITA,2006,no_capital,flat,all,d,0.604637691156038,1.0,,,
ITA,2007,no_capital,perm,all,mawd,0.5001556265690549,0.865,0.285104766351141,0.39648488613416505,0.9238321028933149
ITA,2007,no_capital,perm,all,d,0.5997398764500957,0.937,0.3420090535560295,0.42952458548263067,1.8649953977378142
ITA,2007,no_capital,perm,no_prereg,mawd,0.13804854441132872,0.0,0.2655583807247357,0.35186813025304986,-3.6165166690934987
ITA,2007,no_capital,perm,no_prereg,d,0.1807369238030706,0.0,0.32314222493080763,0.4142344462172911,-2.975884601039846
ITA,2007,no_capital,lnorm,all,mawd,0.5001556265690549,0.621,0.3266828076543224,0.4621187747702287,0.18140750485263996
ITA,2007,no_capital,lnorm,all,d,0.5997398764500957,0.952,0.3602769698615469,0.45567126384854884,1.8546412779063304
ITA,2007,no_capital,lnorm,no_prereg,mawd,0.13804854441132872,0.0,0.2939765042585483,0.4032039354048808,-3.2225189007637502
ITA,2007,no_capital,lnorm,no_prereg,d,0.1807369238030706,0.0,0.3382374997539014,0.43570794533249263,-3.560602467568546
ITA,2007,no_capital,flat,all,mawd,0.5001556265690549,1.0,,,
ITA,2007,no_capital,flat,all,d,0.5997398764500957,1.0,,,
ITA,2008,no_capital,perm,all,mawd,0.5249223781582261,0.876,0.29196365890632514,0.4055092853404416,0.988738033327213
ITA,2008,no_capital,perm,all,d,0.6210554968545363,0.942,0.3476516788461048,0.43607318154350017,1.942097147317303
ITA,2008,no_capital,perm,no_prereg,mawd,0.14169633867837086,0.0,0.2707284598974219,0.3585387356153249,-3.590411643671468
ITA,2008,no_capital,perm,no_prereg,d,0.18400770326195995,0.0,0.3245881254176337,0.41649655567521304,-2.8725567904959926
ITA,2008,no_capital,lnorm,all,mawd,0.5249223781582261,0.65,0.3385606232635708,0.4746531073590514,0.2498007914512992
ITA,2008,no_capital,lnorm,all,d,0.6210554968545363,0.96,0.36525704158247657,0.46078893104435603,1.9808438808639743
ITA,2008,no_capital,lnorm,no_prereg,mawd,0.14169633867837086,0.0,0.2997904953085928,0.41279269097114824,-3.2014479687643864
ITA,2008,no_capital,lnorm,no_prereg,d,0.18400770326195995,0.0,0.3379437147907941,0.4396937283021893,-3.4578904706517246
ITA,2008,no_capital,flat,all,mawd,0.5249223781582261,1.0,,,
ITA,2008,no_capital,flat,all,d,0.6210554968545363,1.0,,,
ITA,2009,no_capital,perm,all,mawd,0.5696631010488059,0.94,0.2820405008380637,0.39490729230247157,1.6601013851383706
ITA,2009,no_capital,perm,all,d,0.6108663283348484,0.936,0.3314454773608111,0.41698275788405703,2.078105562425826
ITA,2009,no_capital,perm,no_prereg,mawd,0.1530996635285745,0.0,0.26274167294168804,0.35202771655011533,-3.159788563937622
ITA,2009,no_capital,perm,no_prereg,d,0.19607404750097626,0.0,0.31459137379093804,0.40464926463197015,-2.5782539842163046
ITA,2009,no_capital,lnorm,all,mawd,0.5696631010488059,0.821,0.32107678236700604,0.4545836445040532,0.8282932412170739
ITA,2009,no_capital,lnorm,all,d,0.6108663283348484,0.967,0.34860715928808306,0.44456805725938897,2.1782660203695947
ITA,2009,no_capital,lnorm,no_prereg,mawd,0.1530996635285745,0.0,0.28412048798086786,0.40437567339305835,-2.96542512088307
ITA,2009,no_capital,lnorm,no_prereg,d,0.19607404750097626,0.0,0.3297850616355834,0.4280233618248052,-3.2126458901152946
ITA,2009,no_capital,flat,all,mawd,0.5696631010488059,1.0,,,
ITA,2009,no_capital,flat,all,d,0.6108663283348484,1.0,,,
ITA,2010,no_capital,perm,all,mawd,0.5272871134200843,0.859,0.2957101838212091,0.41603326249859585,0.9619484570820926
ITA,2010,no_capital,perm,all,d,0.5800291983286607,0.898,0.3448974180187684,0.43439824264275617,1.5663884280658544
ITA,2010,no_capital,perm,no_prereg,mawd,0.15735159597219708,0.0,0.2749159822243338,0.37225144407232535,-3.165472436184667
ITA,2010,no_capital,perm,no_prereg,d,0.19101152389404513,0.0,0.3275506586357252,0.4241811592339525,-2.8424272511123307
ITA,2010,no_capital,lnorm,all,mawd,0.5272871134200843,0.64,0.337819460510643,0.48065887661866324,0.25094751448396097
ITA,2010,no_capital,lnorm,all,d,0.5800291983286607,0.928,0.3615695451502747,0.46070179828429764,1.5355863931330915
ITA,2010,no_capital,lnorm,no_prereg,mawd,0.15735159597219708,0.0,0.3011886313627229,0.4226785550240727,-2.9851097405765596
ITA,2010,no_capital,lnorm,no_prereg,d,0.19101152389404513,0.0,0.3412050294684627,0.4466100940323533,-3.4602228166569433
ITA,2010,no_capital,flat,all,mawd,0.5272871134200843,1.0,,,
ITA,2010,no_capital,flat,all,d,0.5800291983286607,1.0,,,
ITA,2011,no_capital,perm,all,mawd,0.5294417194793656,0.834,0.301656643953626,0.4299139612838344,0.8049299162539997
ITA,2011,no_capital,perm,all,d,0.5873620519706425,0.889,0.3529714746481617,0.44471154066941604,1.4719040826033514
ITA,2011,no_capital,perm,no_prereg,mawd,0.15017055668236845,0.0,0.2794288520050813,0.3801739561454849,-3.3039646364573816
ITA,2011,no_capital,perm,no_prereg,d,0.18495518049084497,0.0,0.33491866647227614,0.432384794762649,-2.905789636950602
ITA,2011,no_capital,lnorm,all,mawd,0.5294417194793656,0.598,0.3481561391673752,0.4961623547546864,0.11910801128927385
ITA,2011,no_capital,lnorm,all,d,0.5873620519706425,0.916,0.3689781201666782,0.47309527274369534,1.4303496501158226
ITA,2011,no_capital,lnorm,no_prereg,mawd,0.15017055668236845,0.0,0.3082719053388317,0.43256343591851787,-3.1142475694891996
ITA,2011,no_capital,lnorm,no_prereg,d,0.18495518049084497,0.0,0.34767119433744215,0.45829309747137004,-3.538518928257537
ITA,2011,no_capital,flat,all,mawd,0.5294417194793656,1.0,,,
ITA,2011,no_capital,flat,all,d,0.5873620519706425,1.0,,,
ITA,2012,no_capital,perm,all,mawd,0.574757328495754,0.877,0.30796306923443534,0.43847292550609235,1.0409580511888856
ITA,2012,no_capital,perm,all,d,0.6202610932484081,0.922,0.3595752399861501,0.4521508018573511,1.782443705865186
ITA,2012,no_capital,perm,no_prereg,mawd,0.14825689790888327,0.0,0.2826760229800523,0.38763351768349497,-3.3562612344618232
ITA,2012,no_capital,perm,no_prereg,d,0.18768633993267833,0.0,0.3376985614090592,0.4383635221509071,-2.9711389291479664
ITA,2012,no_capital,lnorm,all,mawd,0.574757328495754,0.673,0.3574979103240881,0.5084784016034225,0.3249991556550074
ITA,2012,no_capital,lnorm,all,d,0.6202610932484081,0.953,0.37671774358635807,0.4802114655851995,1.8003450553945937
ITA,2012,no_capital,lnorm,no_prereg,mawd,0.14825689790888327,0.0,0.31584540522873683,0.443087013673217,-3.2178357740483046
ITA,2012,no_capital,lnorm,no_prereg,d,0.18768633993267833,0.0,0.3486486898519557,0.46174420101734603,-3.615145901185245
ITA,2012,no_capital,flat,all,mawd,0.574757328495754,1.0,,,
ITA,2012,no_capital,flat,all,d,0.6202610932484081,1.0,,,
ITA,2013,no_capital,perm,all,mawd,0.6071345181189738,0.893,0.31302695328826086,0.44493050015991864,1.1778831754043313
ITA,2013,no_capital,perm,all,d,0.6453589960889989,0.956,0.3572200697006125,0.4458870234009035,2.2813623953610023
ITA,2013,no_capital,perm,no_prereg,mawd,0.1454601065498013,0.0,0.28811993897621024,0.3951526396583168,-3.4378652997869223
ITA,2013,no_capital,perm,no_prereg,d,0.18532729163201467,0.0,0.3359010858948955,0.43009786317542287,-3.33366814559434
ITA,2013,no_capital,lnorm,all,mawd,0.6071345181189738,0.734,0.36237413393043433,0.5171529471584647,0.4719280733413805
ITA,2013,no_capital,lnorm,all,d,0.6453589960889989,0.975,0.37489813567968927,0.46965701828085205,2.355132214021299
ITA,2013,no_capital,lnorm,no_prereg,mawd,0.1454601065498013,0.0,0.32121402459184706,0.4507475231364838,-3.290575404159624
ITA,2013,no_capital,lnorm,no_prereg,d,0.18532729163201467,0.0,0.3489130084867378,0.44978259693132294,-4.016338503889083
ITA,2013,no_capital,flat,all,mawd,0.6071345181189738,1.0,,,
ITA,2013,no_capital,flat,all,d,0.6453589960889989,1.0,,,
ITA,2014,no_capital,perm,all,mawd,0.6281788789214909,0.913,0.31758482346911404,0.4478922423452193,1.3329270792618622
ITA,2014,no_capital,perm,all,d,0.6529387592609034,0.968,0.3561355513891253,0.445165513928691,2.4585958681327913
ITA,2014,no_capital,perm,no_prereg,mawd,0.14788997671167675,0.0,0.2922010169226391,0.3974557912076001,-3.437578509223088
ITA,2014,no_capital,perm,no_prereg,d,0.19357604847971244,0.0,0.3376302360325697,0.4272783060616334,-3.2917364162305147
ITA,2014,no_capital,lnorm,all,mawd,0.6281788789214909,0.783,0.3620417970142959,0.5166174881050347,0.6199827039202674
ITA,2014,no_capital,lnorm,all,d,0.6529387592609034,0.979,0.3739292115886222,0.467220790702984,2.521354967654837
ITA,2014,no_capital,lnorm,no_prereg,mawd,0.14788997671167675,0.0,0.3237711942621135,0.4523377686563242,-3.261163850989747
ITA,2014,no_capital,lnorm,no_prereg,d,0.19357604847971244,0.0,0.34762028682434765,0.4478936021427218,-3.9114577405368616
ITA,2014,no_capital,flat,all,mawd,0.6281788789214909,1.0,,,
ITA,2014,no_capital,flat,all,d,0.6529387592609034,1.0,,,
JPN,2000,no_capital,perm,all,mawd,,0.0,,,
JPN,2000,no_capital,perm,all,d,,0.0,,,
JPN,2000,no_capital,perm,no_prereg,mawd,,0.0,,,
JPN,2000,no_capital,perm,no_prereg,d,,0.0,,,
JPN,2000,no_capital,lnorm,all,mawd,,0.0,0.368205072728014,0.5520817554380576,
JPN,2000,no_capital,lnorm,all,d,,0.0,0.4646405981890343,0.6914407241599798,
JPN,2000,no_capital,lnorm,no_prereg,mawd,,0.0,0.3374304021644544,0.4991071134121918,
JPN,2000,no_capital,lnorm,no_prereg,d,,0.0,0.4341090799249586,0.6560288902394246,
JPN,2000,no_capital,flat,all,mawd,,0.0,,,
JPN,2000,no_capital,flat,all,d,,0.0,,,
JPN,2001,no_capital,perm,all,mawd,,0.0,,,
JPN,2001,no_capital,perm,all,d,,0.0,,,
JPN,2001,no_capital,perm,no_prereg,mawd,,0.0,,,
JPN,2001,no_capital,perm,no_prereg,d,,0.0,,,
JPN,2001,no_capital,lnorm,all,mawd,,0.0,0.3726061058822076,0.5602467513857852,
JPN,2001,no_capital,lnorm,all,d,,0.0,0.470479855816392,0.7031001197592553,
JPN,2001,no_capital,lnorm,no_prereg,mawd,,0.0,0.3370276715852545,0.503298657078479,
JPN,2001,no_capital,lnorm,no_prereg,d,,0.0,0.4399608686159198,0.6655228633558048,
JPN,2001,no_capital,flat,all,mawd,,0.0,,,
JPN,2001,no_capital,flat,all,d,,0.0,,,
JPN,2002,no_capital,perm,all,mawd,,0.0,,,
JPN,2002,no_capital,perm,all,d,,0.0,,,
JPN,2002,no_capital,perm,no_prereg,mawd,,0.0,,,
JPN,2002,no_capital,perm,no_prereg,d,,0.0,,,
JPN,2002,no_capital,lnorm,all,mawd,,0.0,0.37509960688486305,0.5655527708890757,
JPN,2002,no_capital,lnorm,all,d,,0.0,0.472294913757464,0.7051867727643156,
JPN,2002,no_capital,lnorm,no_prereg,mawd,,0.0,0.3383109859711831,0.5068980708626677,
JPN,2002,no_capital,lnorm,no_prereg,d,,0.0,0.4401720365958774,0.6672869201781353,
JPN,2002,no_capital,flat,all,mawd,,0.0,,,
JPN,2002,no_capital,flat,all,d,,0.0,,,
JPN,2003,no_capital,perm,all,mawd,,0.0,,,
JPN,2003,no_capital,perm,all,d,,0.0,,,
JPN,2003,no_capital,perm,no_prereg,mawd,,0.0,,,
JPN,2003,no_capital,perm,no_prereg,d,,0.0,,,
JPN,2003,no_capital,lnorm,all,mawd,,0.0,0.38450210379164096,0.5815779607760764,
JPN,2003,no_capital,lnorm,all,d,,0.0,0.47163773100236045,0.7152764607520803,
JPN,2003,no_capital,lnorm,no_prereg,mawd,,0.0,0.34673186948994017,0.5161816356659574,
JPN,2003,no_capital,lnorm,no_prereg,d,,0.0,0.44078232340054074,0.678337594806244,
JPN,2003,no_capital,flat,all,mawd,,0.0,,,
JPN,2003,no_capital,flat,all,d,,0.0,,,
JPN,2004,no_capital,perm,all,mawd,,0.0,,,
JPN,2004,no_capital,perm,all,d,,0.0,,,
JPN,2004,no_capital,perm,no_prereg,mawd,,0.0,,,
JPN,2004,no_capital,perm,no_prereg,d,,0.0,,,
JPN,2004,no_capital,lnorm,all,mawd,,0.0,0.3913305458327597,0.5999937489395413,
JPN,2004,no_capital,lnorm,all,d,,0.0,0.47749110381847726,0.7313469698309603,
JPN,2004,no_capital,lnorm,no_prereg,mawd,,0.0,0.35438406528183575,0.5276614858610564,
JPN,2004,no_capital,lnorm,no_prereg,d,,0.0,0.44577273524921124,0.6909491328236542,
JPN,2004,no_capital,flat,all,mawd,,0.0,,,
JPN,2004,no_capital,flat,all,d,,0.0,,,
JPN,2005,no_capital,perm,all,mawd,,0.0,,,
JPN,2005,no_capital,perm,all,d,,0.0,,,
JPN,2005,no_capital,perm,no_prereg,mawd,,0.0,,,
JPN,2005,no_capital,perm,no_prereg,d,,0.0,,,
JPN,2005,no_capital,lnorm,all,mawd,,0.0,0.39523580131870273,0.6125862922103867,
JPN,2005,no_capital,lnorm,all,d,,0.0,0.48789470432688703,0.747671765426287,
JPN,2005,no_capital,lnorm,no_prereg,mawd,,0.0,0.3577815351626913,0.5357675288729746,
JPN,2005,no_capital,lnorm,no_prereg,d,,0.0,0.4558157541083697,0.7057896938317259,
JPN,2005,no_capital,flat,all,mawd,,0.0,,,
JPN,2005,no_capital,flat,all,d,,0.0,,,
JPN,2006,no_capital,perm,all,mawd,,0.0,,,
JPN,2006,no_capital,perm,all,d,,0.0,,,
JPN,2006,no_capital,perm,no_prereg,mawd,,0.0,,,
JPN,2006,no_capital,perm,no_prereg,d,,0.0,,,
JPN,2006,no_capital,lnorm,all,mawd,,0.0,0.3988394122740592,0.6196218714148969,
JPN,2006,no_capital,lnorm,all,d,,0.0,0.49600512354128184,0.7626723380018615,
JPN,2006,no_capital,lnorm,no_prereg,mawd,,0.0,0.36424885190343376,0.5428706534855668,
JPN,2006,no_capital,lnorm,no_prereg,d,,0.0,0.4652618731388739,0.7212200262953377,
JPN,2006,no_capital,flat,all,mawd,,0.0,,,
JPN,2006,no_capital,flat,all,d,,0.0,,,
JPN,2007,no_capital,perm,all,mawd,,0.0,,,
JPN,2007,no_capital,perm,all,d,,0.0,,,
JPN,2007,no_capital,perm,no_prereg,mawd,,0.0,,,
JPN,2007,no_capital,perm,no_prereg,d,,0.0,,,
JPN,2007,no_capital,lnorm,all,mawd,,0.0,0.40458229365591436,0.6270425477408015,
JPN,2007,no_capital,lnorm,all,d,,0.0,0.5040074397597093,0.7773911627738741,
JPN,2007,no_capital,lnorm,no_prereg,mawd,,0.0,0.36752287124991484,0.5489495105275723,
JPN,2007,no_capital,lnorm,no_prereg,d,,0.0,0.4663755420038291,0.7346933171107477,
JPN,2007,no_capital,flat,all,mawd,,0.0,,,
JPN,2007,no_capital,flat,all,d,,0.0,,,
JPN,2008,no_capital,perm,all,mawd,,0.0,,,
JPN,2008,no_capital,perm,all,d,,0.0,,,
JPN,2008,no_capital,perm,no_prereg,mawd,,0.0,,,
JPN,2008,no_capital,perm,no_prereg,d,,0.0,,,
JPN,2008,no_capital,lnorm,all,mawd,,0.0,0.40543714368130235,0.6334991564529885,
JPN,2008,no_capital,lnorm,all,d,,0.0,0.5072761279528283,0.7950478204045799,
JPN,2008,no_capital,lnorm,no_prereg,mawd,,0.0,0.36814697063183327,0.5532313365868258,
JPN,2008,no_capital,lnorm,no_prereg,d,,0.0,0.464887227409872,0.7538485262726808,
JPN,2008,no_capital,flat,all,mawd,,0.0,,,
JPN,2008,no_capital,flat,all,d,,0.0,,,
JPN,2009,no_capital,perm,all,mawd,,0.0,,,
JPN,2009,no_capital,perm,all,d,,0.0,,,
JPN,2009,no_capital,perm,no_prereg,mawd,,0.0,,,
JPN,2009,no_capital,perm,no_prereg,d,,0.0,,,
JPN,2009,no_capital,lnorm,all,mawd,,0.0,0.4024848736141114,0.6298745577800733,
JPN,2009,no_capital,lnorm,all,d,,0.0,0.49469202130717244,0.7574815048923856,
JPN,2009,no_capital,lnorm,no_prereg,mawd,,0.0,0.36394592096619455,0.5497233988456196,
JPN,2009,no_capital,lnorm,no_prereg,d,,0.0,0.4591310013496545,0.7187797636808912,
JPN,2009,no_capital,flat,all,mawd,,0.0,,,
JPN,2009,no_capital,flat,all,d,,0.0,,,
JPN,2010,no_capital,perm,all,mawd,,0.0,,,
JPN,2010,no_capital,perm,all,d,,0.0,,,
JPN,2010,no_capital,perm,no_prereg,mawd,,0.0,,,
JPN,2010,no_capital,perm,no_prereg,d,,0.0,,,
JPN,2010,no_capital,lnorm,all,mawd,,0.0,0.41111060696672014,0.6424468685346743,
JPN,2010,no_capital,lnorm,all,d,,0.0,0.49263607858253494,0.7608756033766151,
JPN,2010,no_capital,lnorm,no_prereg,mawd,,0.0,0.3756158252009893,0.5590485077071659,
JPN,2010,no_capital,lnorm,no_prereg,d,,0.0,0.4551720555159581,0.7219789134795367,
JPN,2010,no_capital,flat,all,mawd,,0.0,,,
JPN,2010,no_capital,flat,all,d,,0.0,,,
JPN,2011,no_capital,perm,all,mawd,,0.0,,,
JPN,2011,no_capital,perm,all,d,,0.0,,,
JPN,2011,no_capital,perm,no_prereg,mawd,,0.0,,,
JPN,2011,no_capital,perm,no_prereg,d,,0.0,,,
JPN,2011,no_capital,lnorm,all,mawd,,0.0,0.41045805962050536,0.6466155270973166,
JPN,2011,no_capital,lnorm,all,d,,0.0,0.4976024448825982,0.7701661394440531,
JPN,2011,no_capital,lnorm,no_prereg,mawd,,0.0,0.3699623312578589,0.5608089367356347,
JPN,2011,no_capital,lnorm,no_prereg,d,,0.0,0.45969281181691823,0.7309023764505946,
JPN,2011,no_capital,flat,all,mawd,,0.0,,,
JPN,2011,no_capital,flat,all,d,,0.0,,,
JPN,2012,no_capital,perm,all,mawd,,0.0,,,
JPN,2012,no_capital,perm,all,d,,0.0,,,
JPN,2012,no_capital,perm,no_prereg,mawd,,0.0,,,
JPN,2012,no_capital,perm,no_prereg,d,,0.0,,,
JPN,2012,no_capital,lnorm,all,mawd,,0.0,0.4040619780600397,0.6274119225407161,
JPN,2012,no_capital,lnorm,all,d,,0.0,0.49290473917852456,0.764248654750767,
JPN,2012,no_capital,lnorm,no_prereg,mawd,,0.0,0.36591797601447146,0.5512067044889593,
JPN,2012,no_capital,lnorm,no_prereg,d,,0.0,0.45646185451627236,0.7256110811738015,
JPN,2012,no_capital,flat,all,mawd,,0.0,,,
JPN,2012,no_capital,flat,all,d,,0.0,,,
JPN,2013,no_capital,perm,all,mawd,,0.0,,,
JPN,2013,no_capital,perm,all,d,,0.0,,,
JPN,2013,no_capital,perm,no_prereg,mawd,,0.0,,,
JPN,2013,no_capital,perm,no_prereg,d,,0.0,,,
JPN,2013,no_capital,lnorm,all,mawd,,0.0,0.39595337344323495,0.610670546524077,
JPN,2013,no_capital,lnorm,all,d,,0.0,0.49058846351349933,0.7650659341470811,
JPN,2013,no_capital,lnorm,no_prereg,mawd,,0.0,0.3608772348458967,0.5412689285776131,
JPN,2013,no_capital,lnorm,no_prereg,d,,0.0,0.4557805485175291,0.7262616920116902,
JPN,2013,no_capital,flat,all,mawd,,0.0,,,
JPN,2013,no_capital,flat,all,d,,0.0,,,
JPN,2014,no_capital,perm,all,mawd,,0.0,,,
JPN,2014,no_capital,perm,all,d,,0.0,,,
JPN,2014,no_capital,perm,no_prereg,mawd,,0.0,,,
JPN,2014,no_capital,perm,no_prereg,d,,0.0,,,
JPN,2014,no_capital,lnorm,all,mawd,,0.0,0.3933986210389515,0.6026684212339573,
JPN,2014,no_capital,lnorm,all,d,,0.0,0.4878722296209802,0.7605289547930074,
JPN,2014,no_capital,lnorm,no_prereg,mawd,,0.0,0.3578342660725629,0.5350687294844196,
JPN,2014,no_capital,lnorm,no_prereg,d,,0.0,0.4534852360704797,0.7225162106132166,
JPN,2014,no_capital,flat,all,mawd,,0.0,,,
JPN,2014,no_capital,flat,all,d,,0.0,,,
KOR,2000,no_capital,perm,all,mawd,,0.0,,,
KOR,2000,no_capital,perm,all,d,,0.0,,,
KOR,2000,no_capital,perm,no_prereg,mawd,,0.0,,,
KOR,2000,no_capital,perm,no_prereg,d,,0.0,,,
KOR,2000,no_capital,lnorm,all,mawd,,0.0,0.335004886605176,0.47412728866810633,
KOR,2000,no_capital,lnorm,all,d,,0.0,0.38193625898139766,0.47510472838388185,
KOR,2000,no_capital,lnorm,no_prereg,mawd,,0.0,0.30606320678029114,0.42641095319656885,
KOR,2000,no_capital,lnorm,no_prereg,d,,0.0,0.36575134942100035,0.4593473628006154,
KOR,2000,no_capital,flat,all,mawd,,0.0,,,
KOR,2000,no_capital,flat,all,d,,0.0,,,
KOR,2001,no_capital,perm,all,mawd,,0.0,,,
KOR,2001,no_capital,perm,all,d,,0.0,,,
KOR,2001,no_capital,perm,no_prereg,mawd,,0.0,,,
KOR,2001,no_capital,perm,no_prereg,d,,0.0,,,
KOR,2001,no_capital,lnorm,all,mawd,,0.0,0.3377817773714174,0.4750425658738099,
KOR,2001,no_capital,lnorm,all,d,,0.0,0.3800324828087762,0.47599820720354125,
KOR,2001,no_capital,lnorm,no_prereg,mawd,,0.0,0.3045577600690861,0.4259673922996735,
KOR,2001,no_capital,lnorm,no_prereg,d,,0.0,0.35967790878970407,0.45369033991312435,
KOR,2001,no_capital,flat,all,mawd,,0.0,,,
KOR,2001,no_capital,flat,all,d,,0.0,,,
KOR,2002,no_capital,perm,all,mawd,,0.0,,,
KOR,2002,no_capital,perm,all,d,,0.0,,,
KOR,2002,no_capital,perm,no_prereg,mawd,,0.0,,,
KOR,2002,no_capital,perm,no_prereg,d,,0.0,,,
KOR,2002,no_capital,lnorm,all,mawd,,0.0,0.34199352337970357,0.48385609817818853,
KOR,2002,no_capital,lnorm,all,d,,0.0,0.3796640119976073,0.4801989710826754,
KOR,2002,no_capital,lnorm,no_prereg,mawd,,0.0,0.30434146386428385,0.428786405815727,
KOR,2002,no_capital,lnorm,no_prereg,d,,0.0,0.3593558754635727,0.4531571255858641,
KOR,2002,no_capital,flat,all,mawd,,0.0,,,
KOR,2002,no_capital,flat,all,d,,0.0,,,
KOR,2003,no_capital,perm,all,mawd,,0.0,,,
KOR,2003,no_capital,perm,all,d,,0.0,,,
KOR,2003,no_capital,perm,no_prereg,mawd,,0.0,,,
KOR,2003,no_capital,perm,no_prereg,d,,0.0,,,
KOR,2003,no_capital,lnorm,all,mawd,,0.0,0.3372717481815329,0.4775628370802104,
KOR,2003,no_capital,lnorm,all,d,,0.0,0.38151451729337255,0.48159021020876647,
KOR,2003,no_capital,lnorm,no_prereg,mawd,,0.0,0.3006366543646034,0.4220305097772004,
KOR,2003,no_capital,lnorm,no_prereg,d,,0.0,0.36133372509904366,0.45519255347802673,
KOR,2003,no_capital,flat,all,mawd,,0.0,,,
KOR,2003,no_capital,flat,all,d,,0.0,,,
KOR,2004,no_capital,perm,all,mawd,,0.0,,,
KOR,2004,no_capital,perm,all,d,,0.0,,,
KOR,2004,no_capital,perm,no_prereg,mawd,,0.0,,,
KOR,2004,no_capital,perm,no_prereg,d,,0.0,,,
KOR,2004,no_capital,lnorm,all,mawd,,0.0,0.33921239689354044,0.4821504394732574,
KOR,2004,no_capital,lnorm,all,d,,0.0,0.38747207299595693,0.49267669033470063,
KOR,2004,no_capital,lnorm,no_prereg,mawd,,0.0,0.30497458481932915,0.4261593432304722,
KOR,2004,no_capital,lnorm,no_prereg,d,,0.0,0.3646305790145532,0.46268211088712685,
KOR,2004,no_capital,flat,all,mawd,,0.0,,,
KOR,2004,no_capital,flat,all,d,,0.0,,,
KOR,2005,no_capital,perm,all,mawd,,0.0,,,
KOR,2005,no_capital,perm,all,d,,0.0,,,
KOR,2005,no_capital,perm,no_prereg,mawd,,0.0,,,
KOR,2005,no_capital,perm,no_prereg,d,,0.0,,,
KOR,2005,no_capital,lnorm,all,mawd,,0.0,0.3476016812300939,0.4904481084567123,
KOR,2005,no_capital,lnorm,all,d,,0.0,0.39088138395524297,0.5018558834245559,
KOR,2005,no_capital,lnorm,no_prereg,mawd,,0.0,0.30824032204909557,0.42924708316344456,
KOR,2005,no_capital,lnorm,no_prereg,d,,0.0,0.365965702331193,0.4692244608415999,
KOR,2005,no_capital,flat,all,mawd,,0.0,,,
KOR,2005,no_capital,flat,all,d,,0.0,,,
KOR,2006,no_capital,perm,all,mawd,,0.0,,,
KOR,2006,no_capital,perm,all,d,,0.0,,,
KOR,2006,no_capital,perm,no_prereg,mawd,,0.0,,,
KOR,2006,no_capital,perm,no_prereg,d,,0.0,,,
KOR,2006,no_capital,lnorm,all,mawd,,0.0,0.34208243023778706,0.4769656711653469,
KOR,2006,no_capital,lnorm,all,d,,0.0,0.3843571807861229,0.4875004743225744,
KOR,2006,no_capital,lnorm,no_prereg,mawd,,0.0,0.3058531130883733,0.4279922259610132,
KOR,2006,no_capital,lnorm,no_prereg,d,,0.0,0.3669967718612946,0.47527537719697044,
KOR,2006,no_capital,flat,all,mawd,,0.0,,,
KOR,2006,no_capital,flat,all,d,,0.0,,,
KOR,2007,no_capital,perm,all,mawd,,0.0,,,
KOR,2007,no_capital,perm,all,d,,0.0,,,
KOR,2007,no_capital,perm,no_prereg,mawd,,0.0,,,
KOR,2007,no_capital,perm,no_prereg,d,,0.0,,,
KOR,2007,no_capital,lnorm,all,mawd,,0.0,0.3399302619967093,0.4661656460841593,
KOR,2007,no_capital,lnorm,all,d,,0.0,0.3791261877727613,0.48554743705424985,
KOR,2007,no_capital,lnorm,no_prereg,mawd,,0.0,0.30141808768803885,0.4212715581373029,
KOR,2007,no_capital,lnorm,no_prereg,d,,0.0,0.3647745115647338,0.4779110070740922,
KOR,2007,no_capital,flat,all,mawd,,0.0,,,
KOR,2007,no_capital,flat,all,d,,0.0,,,
KOR,2008,no_capital,perm,all,mawd,,0.0,,,
KOR,2008,no_capital,perm,all,d,,0.0,,,
KOR,2008,no_capital,perm,no_prereg,mawd,,0.0,,,
KOR,2008,no_capital,perm,no_prereg,d,,0.0,,,
KOR,2008,no_capital,lnorm,all,mawd,,0.0,0.33173942612556534,0.4597504829672956,
KOR,2008,no_capital,lnorm,all,d,,0.0,0.3839088653311617,0.5023967307901012,
KOR,2008,no_capital,lnorm,no_prereg,mawd,,0.0,0.29287290467633526,0.41129165241402077,
KOR,2008,no_capital,lnorm,no_prereg,d,,0.0,0.36793899097141713,0.4999196063919743,
KOR,2008,no_capital,flat,all,mawd,,0.0,,,
KOR,2008,no_capital,flat,all,d,,0.0,,,
KOR,2009,no_capital,perm,all,mawd,,0.0,,,
KOR,2009,no_capital,perm,all,d,,0.0,,,
KOR,2009,no_capital,perm,no_prereg,mawd,,0.0,,,
KOR,2009,no_capital,perm,no_prereg,d,,0.0,,,
KOR,2009,no_capital,lnorm,all,mawd,,0.0,0.32246936489774924,0.4465231346890072,
KOR,2009,no_capital,lnorm,all,d,,0.0,0.3738015703441346,0.48749117958550087,
KOR,2009,no_capital,lnorm,no_prereg,mawd,,0.0,0.2883578971250935,0.4036363807443746,
KOR,2009,no_capital,lnorm,no_prereg,d,,0.0,0.356468462611014,0.48184094612223227,
KOR,2009,no_capital,flat,all,mawd,,0.0,,,
KOR,2009,no_capital,flat,all,d,,0.0,,,
KOR,2010,no_capital,perm,all,mawd,,0.0,,,
KOR,2010,no_capital,perm,all,d,,0.0,,,
KOR,2010,no_capital,perm,no_prereg,mawd,,0.0,,,
KOR,2010,no_capital,perm,no_prereg,d,,0.0,,,
KOR,2010,no_capital,lnorm,all,mawd,,0.0,0.3178952957692651,0.4375814927258486,
KOR,2010,no_capital,lnorm,all,d,,0.0,0.37450420798426964,0.4947393243378593,
KOR,2010,no_capital,lnorm,no_prereg,mawd,,0.0,0.28360706615732545,0.3926473889632965,
KOR,2010,no_capital,lnorm,no_prereg,d,,0.0,0.355310786912324,0.4885978137167496,
KOR,2010,no_capital,flat,all,mawd,,0.0,,,
KOR,2010,no_capital,flat,all,d,,0.0,,,
KOR,2011,no_capital,perm,all,mawd,,0.0,,,
KOR,2011,no_capital,perm,all,d,,0.0,,,
KOR,2011,no_capital,perm,no_prereg,mawd,,0.0,,,
KOR,2011,no_capital,perm,no_prereg,d,,0.0,,,
KOR,2011,no_capital,lnorm,all,mawd,,0.0,0.3243688713241541,0.4458441977537393,
KOR,2011,no_capital,lnorm,all,d,,0.0,0.38491647287136754,0.5145126319665917,
KOR,2011,no_capital,lnorm,no_prereg,mawd,,0.0,0.2874635081905528,0.3995647087248658,
KOR,2011,no_capital,lnorm,no_prereg,d,,0.0,0.36625189804065056,0.5077830266224503,
KOR,2011,no_capital,flat,all,mawd,,0.0,,,
KOR,2011,no_capital,flat,all,d,,0.0,,,
KOR,2012,no_capital,perm,all,mawd,,0.0,,,
KOR,2012,no_capital,perm,all,d,,0.0,,,
KOR,2012,no_capital,perm,no_prereg,mawd,,0.0,,,
KOR,2012,no_capital,perm,no_prereg,d,,0.0,,,
KOR,2012,no_capital,lnorm,all,mawd,,0.0,0.3329162693233172,0.4563255764119419,
KOR,2012,no_capital,lnorm,all,d,,0.0,0.3863726771971236,0.5179706756669149,
KOR,2012,no_capital,lnorm,no_prereg,mawd,,0.0,0.2946506477380609,0.4110276793113143,
KOR,2012,no_capital,lnorm,no_prereg,d,,0.0,0.3680387117590005,0.51391223520429,
KOR,2012,no_capital,flat,all,mawd,,0.0,,,
KOR,2012,no_capital,flat,all,d,,0.0,,,
KOR,2013,no_capital,perm,all,mawd,,0.0,,,
KOR,2013,no_capital,perm,all,d,,0.0,,,
KOR,2013,no_capital,perm,no_prereg,mawd,,0.0,,,
KOR,2013,no_capital,perm,no_prereg,d,,0.0,,,
KOR,2013,no_capital,lnorm,all,mawd,,0.0,0.33189087812450346,0.45684551209769186,
KOR,2013,no_capital,lnorm,all,d,,0.0,0.38152621015379556,0.5082927720604377,
KOR,2013,no_capital,lnorm,no_prereg,mawd,,0.0,0.299023963770067,0.415069904126376,
KOR,2013,no_capital,lnorm,no_prereg,d,,0.0,0.3648385693932589,0.506974485565117,
KOR,2013,no_capital,flat,all,mawd,,0.0,,,
KOR,2013,no_capital,flat,all,d,,0.0,,,
KOR,2014,no_capital,perm,all,mawd,,0.0,,,
KOR,2014,no_capital,perm,all,d,,0.0,,,
KOR,2014,no_capital,perm,no_prereg,mawd,,0.0,,,
KOR,2014,no_capital,perm,no_prereg,d,,0.0,,,
KOR,2014,no_capital,lnorm,all,mawd,,0.0,0.3377794823827221,0.46163371830995603,
KOR,2014,no_capital,lnorm,all,d,,0.0,0.3835605064384427,0.510385054444882,
KOR,2014,no_capital,lnorm,no_prereg,mawd,,0.0,0.3037742028439699,0.41995735570830983,
KOR,2014,no_capital,lnorm,no_prereg,d,,0.0,0.36821851444457115,0.5048016962106483,
KOR,2014,no_capital,flat,all,mawd,,0.0,,,
KOR,2014,no_capital,flat,all,d,,0.0,,,
LTU,2000,no_capital,perm,all,mawd,0.5637763265240524,0.617,0.37398629654832183,0.5257266778181366,0.23122300481331526
LTU,2000,no_capital,perm,all,d,0.5460168437877674,0.941,0.3843561897247597,0.44565632394409926,1.712155685232518
LTU,2000,no_capital,perm,no_prereg,mawd,0.36508334809669785,0.091,0.33555384879881334,0.4987689960083099,-1.2590274636375824
LTU,2000,no_capital,perm,no_prereg,d,0.36912303319552986,0.05,0.3694147854613392,0.43132577850033926,-1.3714583816767714
LTU,2000,no_capital,lnorm,all,mawd,0.5637763265240524,0.585,0.3741388692561718,0.5373631681561557,0.07040265602954011
LTU,2000,no_capital,lnorm,all,d,0.5460168437877674,0.939,0.3840638020523911,0.45820589194463573,1.6088353692309731
LTU,2000,no_capital,lnorm,no_prereg,mawd,0.36508334809669785,0.091,0.3422917068446885,0.5031699308277916,-1.2001832879292922
LTU,2000,no_capital,lnorm,no_prereg,d,0.36912303319552986,0.057,0.3642605382921956,0.44028977430798955,-1.4479306053450276
LTU,2000,no_capital,flat,all,mawd,0.5637763265240524,1.0,,,
LTU,2000,no_capital,flat,all,d,0.5460168437877674,1.0,,,
LTU,2001,no_capital,perm,all,mawd,0.579604909009421,0.825,0.3323611124708553,0.47671420263583075,0.9541628128075422
LTU,2001,no_capital,perm,all,d,0.5441473190553257,0.972,0.36081854149648357,0.41780059892093047,2.346046734538605
LTU,2001,no_capital,perm,no_prereg,mawd,0.3561288485091233,0.154,0.3022718483444142,0.45284904137992105,-1.01179625872653
LTU,2001,no_capital,perm,no_prereg,d,0.3495466655576419,0.044,0.35103731102715263,0.4092271635834546,-1.35786343398189
LTU,2001,no_capital,lnorm,all,mawd,0.579604909009421,0.699,0.36173506106893377,0.5169410216319832,0.4183730517423245
LTU,2001,no_capital,lnorm,all,d,0.5441473190553257,0.98,0.3749782088420967,0.4399874302355998,2.2471163896571964
LTU,2001,no_capital,lnorm,no_prereg,mawd,0.3561288485091233,0.093,0.32791649830225406,0.48648971462234825,-1.1939165559143567
LTU,2001,no_capital,lnorm,no_prereg,d,0.3495466655576419,0.033,0.359683383601004,0.4287633917598185,-1.757945799987275
LTU,2001,no_capital,flat,all,mawd,0.579604909009421,1.0,,,
LTU,2001,no_capital,flat,all,d,0.5441473190553257,1.0,,,
LTU,2002,no_capital,perm,all,mawd,0.534214077888484,0.786,0.3358815489959813,0.4644245476815284,0.7646827751095661
LTU,2002,no_capital,perm,all,d,0.5173028828661993,0.959,0.3702233479396613,0.4279162760374041,1.933982360904482
LTU,2002,no_capital,perm,no_prereg,mawd,0.33421024348598644,0.098,0.30979484813781666,0.4431461225857546,-1.2500273439329652
LTU,2002,no_capital,perm,no_prereg,d,0.3246183092026614,0.002,0.3583618822434612,0.4174738535973125,-2.196851741174512
LTU,2002,no_capital,lnorm,all,mawd,0.534214077888484,0.612,0.35581222883579433,0.5031095271953663,0.17922991665510796
LTU,2002,no_capital,lnorm,all,d,0.5173028828661993,0.958,0.3749115018029642,0.4387405117331088,1.7988017867337944
LTU,2002,no_capital,lnorm,no_prereg,mawd,0.33421024348598644,0.061,0.3291001540901011,0.4732157450205813,-1.3540167418806568
LTU,2002,no_capital,lnorm,no_prereg,d,0.3246183092026614,0.005,0.36204715688795863,0.4317010986249703,-2.408363280718056
LTU,2002,no_capital,flat,all,mawd,0.534214077888484,1.0,,,
LTU,2002,no_capital,flat,all,d,0.5173028828661993,1.0,,,
LTU,2003,no_capital,perm,all,mawd,0.5648989746814215,0.785,0.3567858546431054,0.4860267871689295,0.7835133076579568
LTU,2003,no_capital,perm,all,d,0.5182816127256036,0.947,0.37020123878695393,0.4271583266061801,1.8409239205257724
LTU,2003,no_capital,perm,no_prereg,mawd,0.3934178280124168,0.206,0.3271097770277053,0.46649377862778085,-0.8350440839791028
LTU,2003,no_capital,perm,no_prereg,d,0.37782657230428274,0.132,0.3636631791009523,0.4237761904601913,-1.069370555300335
LTU,2003,no_capital,lnorm,all,mawd,0.5648989746814215,0.591,0.3777555981627754,0.5342624388039039,0.15300878253195063
LTU,2003,no_capital,lnorm,all,d,0.5182816127256036,0.939,0.3876711327018844,0.45194564918538804,1.5440039889351516
LTU,2003,no_capital,lnorm,no_prereg,mawd,0.3934178280124168,0.135,0.35486012156709235,0.5098120523009424,-1.0732794958679526
LTU,2003,no_capital,lnorm,no_prereg,d,0.37782657230428274,0.058,0.3738193701430992,0.447333619781918,-1.5424481377369317
LTU,2003,no_capital,flat,all,mawd,0.5648989746814215,1.0,,,
LTU,2003,no_capital,flat,all,d,0.5182816127256036,1.0,,,
LTU,2004,no_capital,perm,all,mawd,0.4964350066859397,0.509,0.36585185159418576,0.4944878480385949,-0.0753004572147405
LTU,2004,no_capital,perm,all,d,0.5347650499892684,0.956,0.3828414869030382,0.44552321403839734,1.8379151964978635
LTU,2004,no_capital,perm,no_prereg,mawd,0.330455098259981,0.041,0.34122658955331026,0.4844540942754871,-1.6970399217804284
LTU,2004,no_capital,perm,no_prereg,d,0.3801518450752682,0.076,0.3753063942114861,0.43968926971684746,-1.3764044137448987
LTU,2004,no_capital,lnorm,all,mawd,0.4964350066859397,0.324,0.3888775849707465,0.5486972464779696,-0.5098238102597564
LTU,2004,no_capital,lnorm,all,d,0.5347650499892684,0.968,0.3872239838590126,0.4531758647734959,1.9120290449463548
LTU,2004,no_capital,lnorm,no_prereg,mawd,0.330455098259981,0.017,0.35954324064543414,0.5207826153318564,-1.6145434954311129
LTU,2004,no_capital,lnorm,no_prereg,d,0.3801518450752682,0.069,0.3741770273929245,0.4440541561160829,-1.463933757532041
LTU,2004,no_capital,flat,all,mawd,0.4964350066859397,1.0,,,
LTU,2004,no_capital,flat,all,d,0.5347650499892684,1.0,,,
LTU,2005,no_capital,perm,all,mawd,0.4493531796714434,0.434,0.33576332596969466,0.4623836761372422,-0.2296121432986824
LTU,2005,no_capital,perm,all,d,0.48724435276726713,0.867,0.37320543863425243,0.43190044822904783,1.1180929762585856
LTU,2005,no_capital,perm,no_prereg,mawd,0.3184016003525841,0.053,0.31704076303021445,0.44730356534565835,-1.5211901089028192
LTU,2005,no_capital,perm,no_prereg,d,0.37703523504098935,0.115,0.3618872618585178,0.4255022802346896,-1.1591858059550215
LTU,2005,no_capital,lnorm,all,mawd,0.4493531796714434,0.227,0.37524690706090186,0.5279674604761799,-0.7678341683244977
LTU,2005,no_capital,lnorm,all,d,0.48724435276726713,0.859,0.3800160119501468,0.44425913844458387,1.020060355420263
LTU,2005,no_capital,lnorm,no_prereg,mawd,0.3184016003525841,0.02,0.3460101281505281,0.5041004184289395,-1.6189943632212853
LTU,2005,no_capital,lnorm,no_prereg,d,0.37703523504098935,0.082,0.3659928296699126,0.435645044118905,-1.3665668238622155
LTU,2005,no_capital,flat,all,mawd,0.4493531796714434,1.0,,,
LTU,2005,no_capital,flat,all,d,0.48724435276726713,1.0,,,
LTU,2006,no_capital,perm,all,mawd,0.46478839608111183,0.288,0.3733584155312685,0.5160939760762361,-0.6038653883866166
LTU,2006,no_capital,perm,all,d,0.5074645610441444,0.942,0.37228967510078637,0.4321394890389465,1.6965987898977966
LTU,2006,no_capital,perm,no_prereg,mawd,0.3292654286192507,0.041,0.3397024610519481,0.49917042444766924,-1.4854977943485477
LTU,2006,no_capital,perm,no_prereg,d,0.37850812287723756,0.124,0.35996326922955263,0.4234363747175621,-1.110416471658683
LTU,2006,no_capital,lnorm,all,mawd,0.46478839608111183,0.235,0.3842594640876238,0.5445908678672668,-0.7439557603790677
LTU,2006,no_capital,lnorm,all,d,0.5074645610441444,0.908,0.38379863427966715,0.45116079836292444,1.3167580361243474
LTU,2006,no_capital,lnorm,no_prereg,mawd,0.3292654286192507,0.023,0.3526566908252433,0.5171925909991988,-1.5619342567782488
LTU,2006,no_capital,lnorm,no_prereg,d,0.37850812287723756,0.078,0.36906600077434404,0.4404584735820043,-1.4190548523214186
LTU,2006,no_capital,flat,all,mawd,0.46478839608111183,1.0,,,
LTU,2006,no_capital,flat,all,d,0.5074645610441444,1.0,,,
LTU,2007,no_capital,perm,all,mawd,0.4148860128685801,0.377,0.32151257257649785,0.44152356932897974,-0.39474733506135323
LTU,2007,no_capital,perm,all,d,0.47035406187847373,0.844,0.361443505834268,0.4214348337737541,1.0570488445164548
LTU,2007,no_capital,perm,no_prereg,mawd,0.2822862320306041,0.024,0.29764988751327226,0.4233698322985208,-1.6877495679073742
LTU,2007,no_capital,perm,no_prereg,d,0.34180453980334313,0.03,0.3492324405120416,0.40849323319943415,-1.6489185520585565
LTU,2007,no_capital,lnorm,all,mawd,0.4148860128685801,0.216,0.3411317291541773,0.4890956276259367,-0.778462033862302
LTU,2007,no_capital,lnorm,all,d,0.47035406187847373,0.821,0.3645237124716598,0.4306862405127082,0.9376187057197828
LTU,2007,no_capital,lnorm,no_prereg,mawd,0.2822862320306041,0.02,0.3143177413377976,0.4655546926016316,-1.7116751504174668
LTU,2007,no_capital,lnorm,no_prereg,d,0.34180453980334313,0.034,0.34942295456768985,0.41749219570413343,-1.8448581208330672
LTU,2007,no_capital,flat,all,mawd,0.4148860128685801,1.0,,,
LTU,2007,no_capital,flat,all,d,0.47035406187847373,1.0,,,
LTU,2008,no_capital,perm,all,mawd,0.35302648490976435,0.176,0.3101538024894607,0.419268291161775,-0.9416690465951839
LTU,2008,no_capital,perm,all,d,0.4184160070478717,0.499,0.3587918397877924,0.4184466136198486,-0.14373516064517894
LTU,2008,no_capital,perm,no_prereg,mawd,0.24746236470919805,0.007,0.2911043713950705,0.40575593372043084,-2.0093676758221384
LTU,2008,no_capital,perm,no_prereg,d,0.3320786834851441,0.01,0.34986598278627323,0.4108224667185681,-1.6730900294532214
LTU,2008,no_capital,lnorm,all,mawd,0.35302648490976435,0.078,0.33796531099039684,0.4794491175999825,-1.2914573568899121
LTU,2008,no_capital,lnorm,all,d,0.4184160070478717,0.34,0.37050402427461615,0.43620387443326875,-0.4469737780568318
LTU,2008,no_capital,lnorm,no_prereg,mawd,0.24746236470919805,0.006,0.3116231563418848,0.4610452405698251,-1.9962862109607185
LTU,2008,no_capital,lnorm,no_prereg,d,0.3320786834851441,0.007,0.3597424483925963,0.4270035934138657,-2.0683122390335447
LTU,2008,no_capital,flat,all,mawd,0.35302648490976435,1.0,,,
LTU,2008,no_capital,flat,all,d,0.4184160070478717,1.0,,,
LTU,2009,no_capital,perm,all,mawd,0.4153264063922032,0.444,0.31466246307806084,0.42580651298072203,-0.22597720368687413
LTU,2009,no_capital,perm,all,d,0.4520545258180051,0.692,0.36581828316051745,0.4273107297146271,0.43778336845485316
LTU,2009,no_capital,perm,no_prereg,mawd,0.2915846692745166,0.049,0.2927191054086819,0.4144022158542076,-1.5302250751673547
LTU,2009,no_capital,perm,no_prereg,d,0.3404831899077098,0.021,0.3586398580352325,0.4228033001994244,-1.797912791488268
LTU,2009,no_capital,lnorm,all,mawd,0.4153264063922032,0.211,0.34230589528964217,0.4886073886475899,-0.7943616506455772
LTU,2009,no_capital,lnorm,all,d,0.4520545258180051,0.696,0.3682290978627178,0.4289039092483223,0.5076455354591461
LTU,2009,no_capital,lnorm,no_prereg,mawd,0.2915846692745166,0.02,0.3206396022407607,0.4719476995399717,-1.733803008554972
LTU,2009,no_capital,lnorm,no_prereg,d,0.3404831899077098,0.018,0.3568520757458117,0.4245166670369578,-1.9133460592601366
LTU,2009,no_capital,flat,all,mawd,0.4153264063922032,1.0,,,
LTU,2009,no_capital,flat,all,d,0.4520545258180051,1.0,,,
LTU,2010,no_capital,perm,all,mawd,0.3797448547764554,0.183,0.33270985140834924,0.4503524515714008,-0.9384268166749768
LTU,2010,no_capital,perm,all,d,0.4963432997478767,0.863,0.37618271276543364,0.4362725631472822,1.0025371992185579
LTU,2010,no_capital,perm,no_prereg,mawd,0.29717864532089766,0.028,0.31020659092406355,0.435080926349277,-1.7040950663803986
LTU,2010,no_capital,perm,no_prereg,d,0.4852959492453181,0.822,0.3650170630676851,0.4315335851197303,0.7975201137550533
LTU,2010,no_capital,lnorm,all,mawd,0.3797448547764554,0.09,0.34919261121053946,0.505260596554085,-1.2276241807704558
LTU,2010,no_capital,lnorm,all,d,0.4963432997478767,0.859,0.3756688583614477,0.4462862873407425,1.0415912304313115
LTU,2010,no_capital,lnorm,no_prereg,mawd,0.29717864532089766,0.018,0.32913734701053277,0.48313926164481613,-1.7352534114327367
LTU,2010,no_capital,lnorm,no_prereg,d,0.4852959492453181,0.808,0.3677367129914801,0.43864874891578653,0.7992775295064564
LTU,2010,no_capital,flat,all,mawd,0.3797448547764554,1.0,,,
LTU,2010,no_capital,flat,all,d,0.4963432997478767,1.0,,,
LTU,2011,no_capital,perm,all,mawd,0.3412094745689688,0.106,0.3190117404819361,0.43093710186526135,-1.220075076556722
LTU,2011,no_capital,perm,all,d,0.38186023438581024,0.151,0.3664558522696929,0.42191310843483937,-1.037468152870396
LTU,2011,no_capital,perm,no_prereg,mawd,0.2728045723762887,0.019,0.3019239295563293,0.415864231624815,-1.8301216738054116
LTU,2011,no_capital,perm,no_prereg,d,0.3405716575879149,0.018,0.3549995038570729,0.41708869519144903,-1.7783015753012075
LTU,2011,no_capital,lnorm,all,mawd,0.3412094745689688,0.035,0.34930754007090264,0.4988143068465648,-1.5310916417013725
LTU,2011,no_capital,lnorm,all,d,0.38186023438581024,0.065,0.37672117817711925,0.4389692836463014,-1.5093531881930369
LTU,2011,no_capital,lnorm,no_prereg,mawd,0.2728045723762887,0.007,0.32897558952368494,0.48152865927977806,-1.907325776401765
LTU,2011,no_capital,lnorm,no_prereg,d,0.3405716575879149,0.01,0.3685417791844439,0.4338599024814219,-2.2334874164651035
LTU,2011,no_capital,flat,all,mawd,0.3412094745689688,1.0,,,
LTU,2011,no_capital,flat,all,d,0.38186023438581024,1.0,,,
LTU,2012,no_capital,perm,all,mawd,0.3409150341205807,0.12,0.3155218762743408,0.4240985430901161,-1.145101069260385
LTU,2012,no_capital,perm,all,d,0.39341989636238117,0.183,0.3675350382281656,0.4305193042422769,-0.9135953906381831
LTU,2012,no_capital,perm,no_prereg,mawd,0.2850988231779159,0.027,0.29890025744047377,0.41268191450526037,-1.6467988003948146
LTU,2012,no_capital,perm,no_prereg,d,0.35817415203075,0.042,0.36114532767099305,0.4263992201984097,-1.5153967539229438
LTU,2012,no_capital,lnorm,all,mawd,0.3409150341205807,0.027,0.36219161203124034,0.5137263168164353,-1.6163347587460786
LTU,2012,no_capital,lnorm,all,d,0.39341989636238117,0.084,0.381581743178898,0.4461473188867219,-1.349612212628419
LTU,2012,no_capital,lnorm,no_prereg,mawd,0.2850988231779159,0.011,0.34065232272349244,0.49981579193515935,-1.8764867764248756
LTU,2012,no_capital,lnorm,no_prereg,d,0.35817415203075,0.021,0.3758297880699129,0.4437825930700345,-1.9776177076296526
LTU,2012,no_capital,flat,all,mawd,0.3409150341205807,1.0,,,
LTU,2012,no_capital,flat,all,d,0.39341989636238117,1.0,,,
LTU,2013,no_capital,perm,all,mawd,0.3335788915436874,0.05,0.3360247477328611,0.45145973952275886,-1.515486211455877
LTU,2013,no_capital,perm,all,d,0.42954717809108806,0.391,0.3801411506563843,0.4418802773662691,-0.3695352459522082
LTU,2013,no_capital,perm,no_prereg,mawd,0.28504373410937733,0.014,0.3196873778611806,0.4427055512775201,-1.8720364412108421
LTU,2013,no_capital,perm,no_prereg,d,0.42223991016014034,0.349,0.371665698014789,0.4390231296361652,-0.43517788589527473
LTU,2013,no_capital,lnorm,all,mawd,0.3335788915436874,0.013,0.37695867216525425,0.5334067242576449,-1.7914813542254613
LTU,2013,no_capital,lnorm,all,d,0.42954717809108806,0.277,0.3876263105406299,0.4542856269051532,-0.6212520019797655
LTU,2013,no_capital,lnorm,no_prereg,mawd,0.28504373410937733,0.007,0.3546397872925336,0.5196369446164681,-1.9727074192698673
LTU,2013,no_capital,lnorm,no_prereg,d,0.42223991016014034,0.249,0.37976422723609427,0.4505234691624562,-0.6587807320439133
LTU,2013,no_capital,flat,all,mawd,0.3335788915436874,1.0,,,
LTU,2013,no_capital,flat,all,d,0.42954717809108806,1.0,,,
LTU,2014,no_capital,perm,all,mawd,0.32550130626441404,0.043,0.33569832784788184,0.45494978178989015,-1.6365914031633573
LTU,2014,no_capital,perm,all,d,0.42992875570669675,0.38,0.3800685317049196,0.44284659080980987,-0.373710746614447
LTU,2014,no_capital,perm,no_prereg,mawd,0.2685458247892591,0.004,0.31738125006512846,0.4453361401730208,-2.0768556824189566
LTU,2014,no_capital,perm,no_prereg,d,0.4163925149119434,0.294,0.37143502982352783,0.4403825481980411,-0.5650991654031904
LTU,2014,no_capital,lnorm,all,mawd,0.32550130626441404,0.011,0.37754959223458073,0.5319121252951036,-1.8588493304341465
LTU,2014,no_capital,lnorm,all,d,0.42992875570669675,0.28,0.3862753797946172,0.4534696966431466,-0.5895027125855097
LTU,2014,no_capital,lnorm,no_prereg,mawd,0.2685458247892591,0.003,0.35340171116566554,0.5177694609440675,-2.1073504006714185
LTU,2014,no_capital,lnorm,no_prereg,d,0.4163925149119434,0.218,0.37806263959952247,0.4495393424116957,-0.7695043646175546
LTU,2014,no_capital,flat,all,mawd,0.32550130626441404,1.0,,,
LTU,2014,no_capital,flat,all,d,0.42992875570669675,1.0,,,
LUX,2000,no_capital,perm,all,mawd,,0.0,,,
LUX,2000,no_capital,perm,all,d,,0.0,,,
LUX,2000,no_capital,perm,no_prereg,mawd,,0.0,,,
LUX,2000,no_capital,perm,no_prereg,d,,0.0,,,
LUX,2000,no_capital,lnorm,all,mawd,,0.0,0.27143657821420336,0.44386890617700114,
LUX,2000,no_capital,lnorm,all,d,,0.0,0.4229499597655457,0.5964038342337493,
LUX,2000,no_capital,lnorm,no_prereg,mawd,,0.0,0.3158637087232441,0.45467923199315535,
LUX,2000,no_capital,lnorm,no_prereg,d,,0.0,0.4091502522696092,0.5929530175930033,
LUX,2000,no_capital,flat,all,mawd,,0.0,,,
LUX,2000,no_capital,flat,all,d,,0.0,,,
LUX,2001,no_capital,perm,all,mawd,,0.0,,,
LUX,2001,no_capital,perm,all,d,,0.0,,,
LUX,2001,no_capital,perm,no_prereg,mawd,,0.0,,,
LUX,2001,no_capital,perm,no_prereg,d,,0.0,,,
LUX,2001,no_capital,lnorm,all,mawd,,0.0,0.27454003063825105,0.45083667251625514,
LUX,2001,no_capital,lnorm,all,d,,0.0,0.4200085629193301,0.6009290690654508,
LUX,2001,no_capital,lnorm,no_prereg,mawd,,0.0,0.30832912648109345,0.4445620634528963,
LUX,2001,no_capital,lnorm,no_prereg,d,,0.0,0.40926062796622,0.5982755150876335,
LUX,2001,no_capital,flat,all,mawd,,0.0,,,
LUX,2001,no_capital,flat,all,d,,0.0,,,
LUX,2002,no_capital,perm,all,mawd,,0.0,,,
LUX,2002,no_capital,perm,all,d,,0.0,,,
LUX,2002,no_capital,perm,no_prereg,mawd,,0.0,,,
LUX,2002,no_capital,perm,no_prereg,d,,0.0,,,
LUX,2002,no_capital,lnorm,all,mawd,,0.0,0.28441203672907905,0.44903990775527713,
LUX,2002,no_capital,lnorm,all,d,,0.0,0.4159970686237765,0.5920413773457089,
LUX,2002,no_capital,lnorm,no_prereg,mawd,,0.0,0.3217303517840413,0.4562949060731729,
LUX,2002,no_capital,lnorm,no_prereg,d,,0.0,0.40519552820108234,0.592077913753412,
LUX,2002,no_capital,flat,all,mawd,,0.0,,,
LUX,2002,no_capital,flat,all,d,,0.0,,,
LUX,2003,no_capital,perm,all,mawd,,0.0,,,
LUX,2003,no_capital,perm,all,d,,0.0,,,
LUX,2003,no_capital,perm,no_prereg,mawd,,0.0,,,
LUX,2003,no_capital,perm,no_prereg,d,,0.0,,,
LUX,2003,no_capital,lnorm,all,mawd,,0.0,0.28599250949192917,0.4509193193856579,
LUX,2003,no_capital,lnorm,all,d,,0.0,0.42002449635338385,0.6021531887161107,
LUX,2003,no_capital,lnorm,no_prereg,mawd,,0.0,0.3147615588776339,0.4536534150791657,
LUX,2003,no_capital,lnorm,no_prereg,d,,0.0,0.41046727000641653,0.5992800622439682,
LUX,2003,no_capital,flat,all,mawd,,0.0,,,
LUX,2003,no_capital,flat,all,d,,0.0,,,
LUX,2004,no_capital,perm,all,mawd,,0.0,,,
LUX,2004,no_capital,perm,all,d,,0.0,,,
LUX,2004,no_capital,perm,no_prereg,mawd,,0.0,,,
LUX,2004,no_capital,perm,no_prereg,d,,0.0,,,
LUX,2004,no_capital,lnorm,all,mawd,,0.0,0.2628572500486659,0.41855776827876745,
LUX,2004,no_capital,lnorm,all,d,,0.0,0.40908314406588864,0.5929375011465058,
LUX,2004,no_capital,lnorm,no_prereg,mawd,,0.0,0.3000474810160566,0.4236212270732581,
LUX,2004,no_capital,lnorm,no_prereg,d,,0.0,0.39548062589741945,0.5900029075725511,
LUX,2004,no_capital,flat,all,mawd,,0.0,,,
LUX,2004,no_capital,flat,all,d,,0.0,,,
LUX,2005,no_capital,perm,all,mawd,,0.0,,,
LUX,2005,no_capital,perm,all,d,,0.0,,,
LUX,2005,no_capital,perm,no_prereg,mawd,,0.0,,,
LUX,2005,no_capital,perm,no_prereg,d,,0.0,,,
LUX,2005,no_capital,lnorm,all,mawd,,0.0,0.24839309083984001,0.4108605613648355,
LUX,2005,no_capital,lnorm,all,d,,0.0,0.4079877929766859,0.6094360138081674,
LUX,2005,no_capital,lnorm,no_prereg,mawd,,0.0,0.28492131292638345,0.406877653398147,
LUX,2005,no_capital,lnorm,no_prereg,d,,0.0,0.3943698862428879,0.6058012994935031,
LUX,2005,no_capital,flat,all,mawd,,0.0,,,
LUX,2005,no_capital,flat,all,d,,0.0,,,
LUX,2006,no_capital,perm,all,mawd,,0.0,,,
LUX,2006,no_capital,perm,all,d,,0.0,,,
LUX,2006,no_capital,perm,no_prereg,mawd,,0.0,,,
LUX,2006,no_capital,perm,no_prereg,d,,0.0,,,
LUX,2006,no_capital,lnorm,all,mawd,,0.0,0.2252535873583634,0.38435573133083334,
LUX,2006,no_capital,lnorm,all,d,,0.0,0.39994370764672577,0.624408835629978,
LUX,2006,no_capital,lnorm,no_prereg,mawd,,0.0,0.2778492569865025,0.39297212403185944,
LUX,2006,no_capital,lnorm,no_prereg,d,,0.0,0.39338799533142393,0.6259027277292608,
LUX,2006,no_capital,flat,all,mawd,,0.0,,,
LUX,2006,no_capital,flat,all,d,,0.0,,,
LUX,2007,no_capital,perm,all,mawd,,0.0,,,
LUX,2007,no_capital,perm,all,d,,0.0,,,
LUX,2007,no_capital,perm,no_prereg,mawd,,0.0,,,
LUX,2007,no_capital,perm,no_prereg,d,,0.0,,,
LUX,2007,no_capital,lnorm,all,mawd,,0.0,0.21676994709223282,0.36759108556631837,
LUX,2007,no_capital,lnorm,all,d,,0.0,0.4017120480754875,0.6305285536400727,
LUX,2007,no_capital,lnorm,no_prereg,mawd,,0.0,0.25620825820117216,0.3661631665333795,
LUX,2007,no_capital,lnorm,no_prereg,d,,0.0,0.39031540328643954,0.6346640730523412,
LUX,2007,no_capital,flat,all,mawd,,0.0,,,
LUX,2007,no_capital,flat,all,d,,0.0,,,
LUX,2008,no_capital,perm,all,mawd,,0.0,,,
LUX,2008,no_capital,perm,all,d,,0.0,,,
LUX,2008,no_capital,perm,no_prereg,mawd,,0.0,,,
LUX,2008,no_capital,perm,no_prereg,d,,0.0,,,
LUX,2008,no_capital,lnorm,all,mawd,,0.0,0.21529584254744796,0.3468869933225369,
LUX,2008,no_capital,lnorm,all,d,,0.0,0.3892021041205896,0.6222688126385416,
LUX,2008,no_capital,lnorm,no_prereg,mawd,,0.0,0.2419996051599023,0.35261427655031047,
LUX,2008,no_capital,lnorm,no_prereg,d,,0.0,0.3863831443169612,0.6268791185402969,
LUX,2008,no_capital,flat,all,mawd,,0.0,,,
LUX,2008,no_capital,flat,all,d,,0.0,,,
LUX,2009,no_capital,perm,all,mawd,,0.0,,,
LUX,2009,no_capital,perm,all,d,,0.0,,,
LUX,2009,no_capital,perm,no_prereg,mawd,,0.0,,,
LUX,2009,no_capital,perm,no_prereg,d,,0.0,,,
LUX,2009,no_capital,lnorm,all,mawd,,0.0,0.22127629572975258,0.35544206574757586,
LUX,2009,no_capital,lnorm,all,d,,0.0,0.3744965086683253,0.6056748885700829,
LUX,2009,no_capital,lnorm,no_prereg,mawd,,0.0,0.25781024470865227,0.37561994365582824,
LUX,2009,no_capital,lnorm,no_prereg,d,,0.0,0.3680764203456561,0.6135094971202169,
LUX,2009,no_capital,flat,all,mawd,,0.0,,,
LUX,2009,no_capital,flat,all,d,,0.0,,,
LUX,2010,no_capital,perm,all,mawd,,0.0,,,
LUX,2010,no_capital,perm,all,d,,0.0,,,
LUX,2010,no_capital,perm,no_prereg,mawd,,0.0,,,
LUX,2010,no_capital,perm,no_prereg,d,,0.0,,,
LUX,2010,no_capital,lnorm,all,mawd,,0.0,0.2097153046049923,0.33967613608972136,
LUX,2010,no_capital,lnorm,all,d,,0.0,0.37512742493986956,0.6129355340259468,
LUX,2010,no_capital,lnorm,no_prereg,mawd,,0.0,0.25544967009492736,0.3659788816251527,
LUX,2010,no_capital,lnorm,no_prereg,d,,0.0,0.3716792502421684,0.6182145735326272,
LUX,2010,no_capital,flat,all,mawd,,0.0,,,
LUX,2010,no_capital,flat,all,d,,0.0,,,
LUX,2011,no_capital,perm,all,mawd,,0.0,,,
LUX,2011,no_capital,perm,all,d,,0.0,,,
LUX,2011,no_capital,perm,no_prereg,mawd,,0.0,,,
LUX,2011,no_capital,perm,no_prereg,d,,0.0,,,
LUX,2011,no_capital,lnorm,all,mawd,,0.0,0.22107547078461218,0.3523420783242639,
LUX,2011,no_capital,lnorm,all,d,,0.0,0.37978433755568497,0.6228195300202664,
LUX,2011,no_capital,lnorm,no_prereg,mawd,,0.0,0.26433120137473287,0.38221412631654866,
LUX,2011,no_capital,lnorm,no_prereg,d,,0.0,0.3726978101933103,0.6278793189411285,
LUX,2011,no_capital,flat,all,mawd,,0.0,,,
LUX,2011,no_capital,flat,all,d,,0.0,,,
LUX,2012,no_capital,perm,all,mawd,,0.0,,,
LUX,2012,no_capital,perm,all,d,,0.0,,,
LUX,2012,no_capital,perm,no_prereg,mawd,,0.0,,,
LUX,2012,no_capital,perm,no_prereg,d,,0.0,,,
LUX,2012,no_capital,lnorm,all,mawd,,0.0,0.21920593114519857,0.34661073079877414,
LUX,2012,no_capital,lnorm,all,d,,0.0,0.38104479072840053,0.635039494493302,
LUX,2012,no_capital,lnorm,no_prereg,mawd,,0.0,0.2641227508070507,0.38673540153322783,
LUX,2012,no_capital,lnorm,no_prereg,d,,0.0,0.37345582063189076,0.6410091602829106,
LUX,2012,no_capital,flat,all,mawd,,0.0,,,
LUX,2012,no_capital,flat,all,d,,0.0,,,
LUX,2013,no_capital,perm,all,mawd,,0.0,,,
LUX,2013,no_capital,perm,all,d,,0.0,,,
LUX,2013,no_capital,perm,no_prereg,mawd,,0.0,,,
LUX,2013,no_capital,perm,no_prereg,d,,0.0,,,
LUX,2013,no_capital,lnorm,all,mawd,,0.0,0.21170820252602843,0.33137916953315383,
LUX,2013,no_capital,lnorm,all,d,,0.0,0.39410616888800903,0.6425256401115929,
LUX,2013,no_capital,lnorm,no_prereg,mawd,,0.0,0.2612150342179678,0.3798702997668796,
LUX,2013,no_capital,lnorm,no_prereg,d,,0.0,0.389126805199073,0.6520661990445824,
LUX,2013,no_capital,flat,all,mawd,,0.0,,,
LUX,2013,no_capital,flat,all,d,,0.0,,,
LUX,2014,no_capital,perm,all,mawd,,0.0,,,
LUX,2014,no_capital,perm,all,d,,0.0,,,
LUX,2014,no_capital,perm,no_prereg,mawd,,0.0,,,
LUX,2014,no_capital,perm,no_prereg,d,,0.0,,,
LUX,2014,no_capital,lnorm,all,mawd,,0.0,0.21942782137856057,0.34387151821525436,
LUX,2014,no_capital,lnorm,all,d,,0.0,0.3947342339662872,0.647068510123179,
LUX,2014,no_capital,lnorm,no_prereg,mawd,,0.0,0.26660986498967787,0.39047777551046225,
LUX,2014,no_capital,lnorm,no_prereg,d,,0.0,0.38474229056466147,0.6525965285603413,
LUX,2014,no_capital,flat,all,mawd,,0.0,,,
LUX,2014,no_capital,flat,all,d,,0.0,,,
LVA,2000,no_capital,perm,all,mawd,0.327993312625648,0.308,0.2518423214571599,0.36207315400186557,-0.5343847275879324
LVA,2000,no_capital,perm,all,d,0.3486199337095443,0.251,0.31234297506963854,0.38180843873607806,-0.7396853230807636
LVA,2000,no_capital,perm,no_prereg,mawd,0.2765685712572358,0.197,0.23221601458117747,0.33860842449078715,-0.8881245193576504
LVA,2000,no_capital,perm,no_prereg,d,0.3226178393523914,0.19,0.2990700559505862,0.357869954845966,-0.8559806926052215
LVA,2000,no_capital,lnorm,all,mawd,0.327993312625648,0.068,0.31466217259733564,0.44387210245046993,-1.1901274269694175
LVA,2000,no_capital,lnorm,all,d,0.3486199337095443,0.066,0.34158011040731023,0.4036626316898658,-1.3668287536801245
LVA,2000,no_capital,lnorm,no_prereg,mawd,0.2765685712572358,0.037,0.2880041188327843,0.41755004524482564,-1.396229645105453
LVA,2000,no_capital,lnorm,no_prereg,d,0.3226178393523914,0.037,0.3269522675161844,0.38809246650444146,-1.5689742373710347
LVA,2000,no_capital,flat,all,mawd,0.327993312625648,1.0,,,
LVA,2000,no_capital,flat,all,d,0.3486199337095443,1.0,,,
LVA,2001,no_capital,perm,all,mawd,0.3804037836267157,0.837,0.22430190209621878,0.31684136427111387,0.9499951607168415
LVA,2001,no_capital,perm,all,d,0.3683940246514313,0.641,0.28534407449505195,0.3505692964918334,0.16937237876184383
LVA,2001,no_capital,perm,no_prereg,mawd,0.29181296393785666,0.529,0.20177234351444276,0.286283551090996,-0.009122268052034184
LVA,2001,no_capital,perm,no_prereg,d,0.32889226453911036,0.543,0.269408895955588,0.32466773167576,-0.09472752530749898
LVA,2001,no_capital,lnorm,all,mawd,0.3804037836267157,0.553,0.26484478796552596,0.37190133489799443,-0.029939795055205606
LVA,2001,no_capital,lnorm,all,d,0.3683940246514313,0.481,0.3091868479091516,0.3706518245325302,-0.13790446813084617
LVA,2001,no_capital,lnorm,no_prereg,mawd,0.29181296393785666,0.211,0.24677247288954518,0.3453250756258879,-0.7658503060008626
LVA,2001,no_capital,lnorm,no_prereg,d,0.32889226453911036,0.304,0.2924302476567542,0.35095563375832695,-0.5860400743484078
LVA,2001,no_capital,flat,all,mawd,0.3804037836267157,1.0,,,
LVA,2001,no_capital,flat,all,d,0.3683940246514313,1.0,,,
LVA,2002,no_capital,perm,all,mawd,0.3780696717454623,0.799,0.23232390975470574,0.31878031953471275,0.8582266333273175
LVA,2002,no_capital,perm,all,d,0.36270915162446865,0.507,0.2957853806638224,0.3620624043683805,-0.09866612101916986
LVA,2002,no_capital,perm,no_prereg,mawd,0.2987136658226688,0.554,0.20973595771928494,0.29166487617884196,0.015082289038449556
LVA,2002,no_capital,perm,no_prereg,d,0.3219693477489411,0.383,0.27713091367994525,0.3335417342094666,-0.37678054587774734
LVA,2002,no_capital,lnorm,all,mawd,0.3780696717454623,0.356,0.28787006448447294,0.405743892343729,-0.41440712660470874
LVA,2002,no_capital,lnorm,all,d,0.36270915162446865,0.237,0.32852643668069575,0.3905895523799512,-0.7392895115940761
LVA,2002,no_capital,lnorm,no_prereg,mawd,0.2987136658226688,0.146,0.26823189298187067,0.37582005566441085,-0.9597012475726051
LVA,2002,no_capital,lnorm,no_prereg,d,0.3219693477489411,0.107,0.30955149689894174,0.36835253530966616,-1.1908482797874542
LVA,2002,no_capital,flat,all,mawd,0.3780696717454623,1.0,,,
LVA,2002,no_capital,flat,all,d,0.36270915162446865,1.0,,,
LVA,2003,no_capital,perm,all,mawd,0.3851162909987766,0.807,0.23441490081771615,0.3254595738024073,0.8521999829290751
LVA,2003,no_capital,perm,all,d,0.3537725125191179,0.458,0.29796147032683723,0.3577172399329194,-0.1957142450908419
LVA,2003,no_capital,perm,no_prereg,mawd,0.2896054635034474,0.439,0.21498769453556818,0.29805757780683495,-0.22364373836959042
LVA,2003,no_capital,perm,no_prereg,d,0.31108696719773676,0.259,0.28053076062030696,0.3351189239939243,-0.6761119895096823
LVA,2003,no_capital,lnorm,all,mawd,0.3851162909987766,0.496,0.2749428025852583,0.3855989401129251,-0.1324272680967764
LVA,2003,no_capital,lnorm,all,d,0.3537725125191179,0.264,0.31915284023061885,0.378137418852292,-0.6790138916420374
LVA,2003,no_capital,lnorm,no_prereg,mawd,0.2896054635034474,0.165,0.25221681182196726,0.35748232705772753,-0.9042003551238899
LVA,2003,no_capital,lnorm,no_prereg,d,0.31108696719773676,0.073,0.30361558260527305,0.3609323120180927,-1.312407814347986
LVA,2003,no_capital,flat,all,mawd,0.3851162909987766,1.0,,,
LVA,2003,no_capital,flat,all,d,0.3537725125191179,1.0,,,
LVA,2004,no_capital,perm,all,mawd,0.33938166955348836,0.595,0.23259432613331318,0.32372216764292094,0.19023647060906793
LVA,2004,no_capital,perm,all,d,0.33964525707197163,0.371,0.28819530317304115,0.35465570553077563,-0.40842493593913676
LVA,2004,no_capital,perm,no_prereg,mawd,0.24990545396400068,0.187,0.21360101150996855,0.29809114035797574,-0.8864415858100293
LVA,2004,no_capital,perm,no_prereg,d,0.3010133896283126,0.204,0.2764913784842039,0.3312523525297202,-0.8085032316959793
LVA,2004,no_capital,lnorm,all,mawd,0.33938166955348836,0.355,0.25965212867466503,0.3659753541110419,-0.4315281530148855
LVA,2004,no_capital,lnorm,all,d,0.33964525707197163,0.27,0.30627181903275774,0.365123425724049,-0.670881585485901
LVA,2004,no_capital,lnorm,no_prereg,mawd,0.24990545396400068,0.089,0.23779596348986184,0.34525823618978424,-1.2186680987801553
LVA,2004,no_capital,lnorm,no_prereg,d,0.3010133896283126,0.094,0.29058495700881054,0.3515765534192108,-1.1989934067499475
LVA,2004,no_capital,flat,all,mawd,0.33938166955348836,1.0,,,
LVA,2004,no_capital,flat,all,d,0.33964525707197163,1.0,,,
LVA,2005,no_capital,perm,all,mawd,0.3284816043407186,0.38,0.2465888560808236,0.351671867337882,-0.38654670173495814
LVA,2005,no_capital,perm,all,d,0.3583063158236857,0.359,0.30959042607797865,0.3721637522642163,-0.42663937935419444
LVA,2005,no_capital,perm,no_prereg,mawd,0.23637747074815976,0.065,0.2318426304681389,0.33124469650839217,-1.3480788170842009
LVA,2005,no_capital,perm,no_prereg,d,0.326292424624909,0.239,0.29744803845696727,0.35593612715348966,-0.7361550314105482
LVA,2005,no_capital,lnorm,all,mawd,0.3284816043407186,0.107,0.30138834509036144,0.42407674301957865,-1.0648603784645814
LVA,2005,no_capital,lnorm,all,d,0.3583063158236857,0.15,0.33895855192798746,0.398976505177471,-1.0410963699092912
LVA,2005,no_capital,lnorm,no_prereg,mawd,0.23637747074815976,0.007,0.2713282371223808,0.403456698295208,-1.636626985176361
LVA,2005,no_capital,lnorm,no_prereg,d,0.326292424624909,0.059,0.32209248939121754,0.38397059914456777,-1.4119870442278348
LVA,2005,no_capital,flat,all,mawd,0.3284816043407186,1.0,,,
LVA,2005,no_capital,flat,all,d,0.3583063158236857,1.0,,,
LVA,2006,no_capital,perm,all,mawd,0.35401036590366525,0.431,0.26011740316662635,0.3686154300541845,-0.28224403599503
LVA,2006,no_capital,perm,all,d,0.38146054997281775,0.612,0.30655288920939683,0.36958022160029697,0.11273106680274242
LVA,2006,no_capital,perm,no_prereg,mawd,0.21852598915680063,0.022,0.2369255378895984,0.3396309331001217,-1.6297814885778887
LVA,2006,no_capital,perm,no_prereg,d,0.3037967408011337,0.103,0.2927131680269053,0.3516268385120971,-1.2213109045632313
LVA,2006,no_capital,lnorm,all,mawd,0.35401036590366525,0.335,0.2750735218784431,0.3881667209959601,-0.5062383574412319
LVA,2006,no_capital,lnorm,all,d,0.38146054997281775,0.623,0.3108027802892432,0.3704960644903574,0.21328184121642518
LVA,2006,no_capital,lnorm,no_prereg,mawd,0.21852598915680063,0.015,0.2464056699862409,0.3621436768223576,-1.6114078988963572
LVA,2006,no_capital,lnorm,no_prereg,d,0.3037967408011337,0.075,0.2989038849192097,0.35325966647500123,-1.3769373821266848
LVA,2006,no_capital,flat,all,mawd,0.35401036590366525,1.0,,,
LVA,2006,no_capital,flat,all,d,0.38146054997281775,1.0,,,
LVA,2007,no_capital,perm,all,mawd,0.32998768825913977,0.338,0.24942545678320602,0.3633752588648687,-0.5282233861034309
LVA,2007,no_capital,perm,all,d,0.40575144424499404,0.692,0.31233748433497566,0.3800446305788745,0.36511518041751406
LVA,2007,no_capital,perm,no_prereg,mawd,0.18963024176651155,0.007,0.2298951235406358,0.3381925195021658,-1.8421723726168118
LVA,2007,no_capital,perm,no_prereg,d,0.3696318282245543,0.547,0.29977319001482644,0.3634538594582135,-0.04680234872446026
LVA,2007,no_capital,lnorm,all,mawd,0.32998768825913977,0.162,0.2880538286962983,0.4146427994563371,-0.9530946794676999
LVA,2007,no_capital,lnorm,all,d,0.40575144424499404,0.551,0.33309786437989997,0.3994433580818074,0.08260664678809418
LVA,2007,no_capital,lnorm,no_prereg,mawd,0.18963024176651155,0.002,0.25976460313040717,0.38776645061437703,-1.9472013666789427
LVA,2007,no_capital,lnorm,no_prereg,d,0.3696318282245543,0.355,0.3181811308739795,0.3861591969008609,-0.41266926211549476
LVA,2007,no_capital,flat,all,mawd,0.32998768825913977,1.0,,,
LVA,2007,no_capital,flat,all,d,0.40575144424499404,1.0,,,
LVA,2008,no_capital,perm,all,mawd,0.31267143392340824,0.342,0.23916445600202546,0.3435969078037036,-0.5115766476149226
LVA,2008,no_capital,perm,all,d,0.4123557158601676,0.851,0.298845460912546,0.3586460025198659,0.9915150189454225
LVA,2008,no_capital,perm,no_prereg,mawd,0.17765599035190574,0.005,0.2204963608077863,0.3142668730457733,-2.0033940322544947
LVA,2008,no_capital,perm,no_prereg,d,0.3758466826459486,0.779,0.28172468681308804,0.33728753631838604,0.7060081654281031
LVA,2008,no_capital,lnorm,all,mawd,0.31267143392340824,0.222,0.2578428583049471,0.3705718112199575,-0.7988048149017367
LVA,2008,no_capital,lnorm,all,d,0.4123557158601676,0.804,0.3108792990437595,0.37283733729759405,0.8432524733870979
LVA,2008,no_capital,lnorm,no_prereg,mawd,0.17765599035190574,0.003,0.23366767533352653,0.3450524546079297,-1.9697616481240805
LVA,2008,no_capital,lnorm,no_prereg,d,0.3758466826459486,0.686,0.2900256027289489,0.3544023827169217,0.42569064335680784
LVA,2008,no_capital,flat,all,mawd,0.31267143392340824,1.0,,,
LVA,2008,no_capital,flat,all,d,0.4123557158601676,1.0,,,
LVA,2009,no_capital,perm,all,mawd,0.28585149059960313,0.214,0.24481070955907508,0.3360341523383936,-0.8465812453312335
LVA,2009,no_capital,perm,all,d,0.3914062482487747,0.814,0.29659337826566873,0.35013923536776403,0.8742416226982008
LVA,2009,no_capital,perm,no_prereg,mawd,0.2009877145842232,0.011,0.22622933188007796,0.3208560923529341,-1.904328313552742
LVA,2009,no_capital,perm,no_prereg,d,0.37708052279976234,0.789,0.2829314484565037,0.3362728382940505,0.7555667729804965
LVA,2009,no_capital,lnorm,all,mawd,0.28585149059960313,0.162,0.24792470782212184,0.35069497413690304,-0.9619823471277936
LVA,2009,no_capital,lnorm,all,d,0.3914062482487747,0.793,0.299612521198561,0.35884992174601127,0.7500689003114647
LVA,2009,no_capital,lnorm,no_prereg,mawd,0.2009877145842232,0.013,0.2313486512707841,0.3392506583442927,-1.826865903092513
LVA,2009,no_capital,lnorm,no_prereg,d,0.37708052279976234,0.734,0.2859763443113839,0.3469893831437758,0.5909986401361906
LVA,2009,no_capital,flat,all,mawd,0.28585149059960313,1.0,,,
LVA,2009,no_capital,flat,all,d,0.3914062482487747,1.0,,,
LVA,2010,no_capital,perm,all,mawd,0.2605130971041572,0.134,0.23578086693428862,0.31650804134195554,-1.0731532587999204
LVA,2010,no_capital,perm,all,d,0.4103128932635293,0.982,0.27842799098637216,0.3257740730715489,2.392551158522404
LVA,2010,no_capital,perm,no_prereg,mawd,0.1936148215588722,0.014,0.2183093229180661,0.303257765912198,-2.019130535971068
LVA,2010,no_capital,perm,no_prereg,d,0.4198268472817625,0.977,0.2701173993633373,0.3206284511619164,2.3536844084405417
LVA,2010,no_capital,lnorm,all,mawd,0.2605130971041572,0.176,0.2260854613149914,0.31185025249130527,-0.9256245740267918
LVA,2010,no_capital,lnorm,all,d,0.4103128932635293,0.971,0.2737873993874912,0.3287562112783029,2.055306646303654
LVA,2010,no_capital,lnorm,no_prereg,mawd,0.1936148215588722,0.019,0.2109211110827969,0.3032226532034906,-1.7667901626101241
LVA,2010,no_capital,lnorm,no_prereg,d,0.4198268472817625,0.969,0.2649681815505619,0.32430178040941043,2.07599088945291
LVA,2010,no_capital,flat,all,mawd,0.2605130971041572,1.0,,,
LVA,2010,no_capital,flat,all,d,0.4103128932635293,1.0,,,
LVA,2011,no_capital,perm,all,mawd,0.28195183386488787,0.229,0.23517787859068945,0.3245672924285997,-0.7714318586617699
LVA,2011,no_capital,perm,all,d,0.4092806438371458,0.982,0.29405281555593077,0.34136329790922737,2.2386250304316144
LVA,2011,no_capital,perm,no_prereg,mawd,0.19472169449048127,0.013,0.2182538072822796,0.3062744217760409,-1.9177921974009287
LVA,2011,no_capital,perm,no_prereg,d,0.41070438175812124,0.975,0.2848754288650823,0.3366337617725354,2.1124534961559815
LVA,2011,no_capital,lnorm,all,mawd,0.28195183386488787,0.281,0.2268882432034571,0.3164372095132434,-0.6260077573519517
LVA,2011,no_capital,lnorm,all,d,0.4092806438371458,0.962,0.28354979370614153,0.33900183378371246,1.874872197538989
LVA,2011,no_capital,lnorm,no_prereg,mawd,0.19472169449048127,0.021,0.21184136186430116,0.2988985906187319,-1.7126393702522986
LVA,2011,no_capital,lnorm,no_prereg,d,0.41070438175812124,0.958,0.27605247106324315,0.33311486226479214,1.8713937269764453
LVA,2011,no_capital,flat,all,mawd,0.28195183386488787,1.0,,,
LVA,2011,no_capital,flat,all,d,0.4092806438371458,1.0,,,
LVA,2012,no_capital,perm,all,mawd,0.2992163893367244,0.27,0.24228592103862062,0.33577021589051326,-0.6493712820089259
LVA,2012,no_capital,perm,all,d,0.4654959965829947,0.967,0.29622823577947077,0.3626663077975202,2.1251919543883036
LVA,2012,no_capital,perm,no_prereg,mawd,0.19936407043282184,0.015,0.22103660526591845,0.3102264120770175,-1.9670280146954897
LVA,2012,no_capital,perm,no_prereg,d,0.4760058228233945,0.967,0.28141672505812027,0.34682271126321434,2.225611249662774
LVA,2012,no_capital,lnorm,all,mawd,0.2992163893367244,0.316,0.23309189522634338,0.3292977622706831,-0.5328291101868428
LVA,2012,no_capital,lnorm,all,d,0.4654959965829947,0.971,0.2926132140649644,0.3546810104877595,2.136077215723604
LVA,2012,no_capital,lnorm,no_prereg,mawd,0.19936407043282184,0.028,0.21288776780312052,0.3021571705302447,-1.6838007532622468
LVA,2012,no_capital,lnorm,no_prereg,d,0.4760058228233945,0.972,0.27792256895393636,0.34328223880034525,2.2588817664144996
LVA,2012,no_capital,flat,all,mawd,0.2992163893367244,1.0,,,
LVA,2012,no_capital,flat,all,d,0.4654959965829947,1.0,,,
LVA,2013,no_capital,perm,all,mawd,0.3095873967391154,0.342,0.23999591364736642,0.33415393144205763,-0.4638683785457221
LVA,2013,no_capital,perm,all,d,0.45488242169271226,0.941,0.29703259133153226,0.35812541657311225,1.8689166306720342
LVA,2013,no_capital,perm,no_prereg,mawd,0.19426886591293974,0.012,0.22121747649126675,0.31223274387317745,-2.0562124268579445
LVA,2013,no_capital,perm,no_prereg,d,0.4645977120241615,0.942,0.28416742072350565,0.3515294974695381,1.9296073663482964
LVA,2013,no_capital,lnorm,all,mawd,0.3095873967391154,0.339,0.2368481529921566,0.3358937836051697,-0.4611527651158174
LVA,2013,no_capital,lnorm,all,d,0.45488242169271226,0.964,0.2922401988487646,0.3552469416282654,1.9732529706549633
LVA,2013,no_capital,lnorm,no_prereg,mawd,0.19426886591293974,0.015,0.21731610910807844,0.30964917790124624,-1.7964802804044444
LVA,2013,no_capital,lnorm,no_prereg,d,0.4645977120241615,0.963,0.2833629259240997,0.34877581390325335,2.0277690608659644
LVA,2013,no_capital,flat,all,mawd,0.3095873967391154,1.0,,,
LVA,2013,no_capital,flat,all,d,0.45488242169271226,1.0,,,
LVA,2014,no_capital,perm,all,mawd,0.3138902785542233,0.343,0.2438913647152455,0.33887800284337777,-0.47455051792794606
LVA,2014,no_capital,perm,all,d,0.46525247607383874,0.959,0.29935331619522193,0.3610810409561376,2.0551699840098094
LVA,2014,no_capital,perm,no_prereg,mawd,0.19573676100019863,0.009,0.2236898875386644,0.3160225318233461,-2.065231492834514
LVA,2014,no_capital,perm,no_prereg,d,0.4761784553064245,0.954,0.2876144357737655,0.35420411061075596,2.1150782818119556
LVA,2014,no_capital,lnorm,all,mawd,0.3138902785542233,0.315,0.2423498801955252,0.34801756127328354,-0.5551952133496033
LVA,2014,no_capital,lnorm,all,d,0.46525247607383874,0.965,0.29826704362285017,0.3638136603087245,1.9616930804630457
LVA,2014,no_capital,lnorm,no_prereg,mawd,0.19573676100019863,0.011,0.2244178701055405,0.3214928411062302,-1.832495552547652
LVA,2014,no_capital,lnorm,no_prereg,d,0.4761784553064245,0.963,0.28960386069819694,0.3569019679486598,2.036413248665798
LVA,2014,no_capital,flat,all,mawd,0.3138902785542233,1.0,,,
LVA,2014,no_capital,flat,all,d,0.46525247607383874,1.0,,,
MEX,2000,no_capital,perm,all,mawd,,0.0,,,
MEX,2000,no_capital,perm,all,d,,0.0,,,
MEX,2000,no_capital,perm,no_prereg,mawd,,0.0,,,
MEX,2000,no_capital,perm,no_prereg,d,,0.0,,,
MEX,2000,no_capital,lnorm,all,mawd,,0.0,0.4664265046807797,0.7305492382759922,
MEX,2000,no_capital,lnorm,all,d,,0.0,0.4704229735749559,0.607464687075977,
MEX,2000,no_capital,lnorm,no_prereg,mawd,,0.0,0.4405850143968436,0.7140430545538574,
MEX,2000,no_capital,lnorm,no_prereg,d,,0.0,0.4504876779735438,0.5697967071113426,
MEX,2000,no_capital,flat,all,mawd,,0.0,,,
MEX,2000,no_capital,flat,all,d,,0.0,,,
MEX,2001,no_capital,perm,all,mawd,,0.0,,,
MEX,2001,no_capital,perm,all,d,,0.0,,,
MEX,2001,no_capital,perm,no_prereg,mawd,,0.0,,,
MEX,2001,no_capital,perm,no_prereg,d,,0.0,,,
MEX,2001,no_capital,lnorm,all,mawd,,0.0,0.4714584303830938,0.7541893057826006,
MEX,2001,no_capital,lnorm,all,d,,0.0,0.47313459813717185,0.6109429183400712,
MEX,2001,no_capital,lnorm,no_prereg,mawd,,0.0,0.45226705576161824,0.7351252991772125,
MEX,2001,no_capital,lnorm,no_prereg,d,,0.0,0.4532751237988354,0.573042365962728,
MEX,2001,no_capital,flat,all,mawd,,0.0,,,
MEX,2001,no_capital,flat,all,d,,0.0,,,
MEX,2002,no_capital,perm,all,mawd,,0.0,,,
MEX,2002,no_capital,perm,all,d,,0.0,,,
MEX,2002,no_capital,perm,no_prereg,mawd,,0.0,,,
MEX,2002,no_capital,perm,no_prereg,d,,0.0,,,
MEX,2002,no_capital,lnorm,all,mawd,,0.0,0.47037131515323094,0.7425014738159859,
MEX,2002,no_capital,lnorm,all,d,,0.0,0.47253256375314073,0.6031370330740755,
MEX,2002,no_capital,lnorm,no_prereg,mawd,,0.0,0.44590271308024415,0.7209478932816147,
MEX,2002,no_capital,lnorm,no_prereg,d,,0.0,0.45210401226223945,0.5708036599933759,
MEX,2002,no_capital,flat,all,mawd,,0.0,,,
MEX,2002,no_capital,flat,all,d,,0.0,,,
MEX,2003,no_capital,perm,all,mawd,,0.0,,,
MEX,2003,no_capital,perm,all,d,,0.0,,,
MEX,2003,no_capital,perm,no_prereg,mawd,,0.0,,,
MEX,2003,no_capital,perm,no_prereg,d,,0.0,,,
MEX,2003,no_capital,lnorm,all,mawd,,0.0,0.46031108043015145,0.7274002152471326,
MEX,2003,no_capital,lnorm,all,d,,0.0,0.4678516883603313,0.6013429343112509,
MEX,2003,no_capital,lnorm,no_prereg,mawd,,0.0,0.437968593149355,0.7116981324301666,
MEX,2003,no_capital,lnorm,no_prereg,d,,0.0,0.4476126192350059,0.5701233293016157,
MEX,2003,no_capital,flat,all,mawd,,0.0,,,
MEX,2003,no_capital,flat,all,d,,0.0,,,
MEX,2004,no_capital,perm,all,mawd,,0.0,,,
MEX,2004,no_capital,perm,all,d,,0.0,,,
MEX,2004,no_capital,perm,no_prereg,mawd,,0.0,,,
MEX,2004,no_capital,perm,no_prereg,d,,0.0,,,
MEX,2004,no_capital,lnorm,all,mawd,,0.0,0.4744919454149046,0.7592467538024652,
MEX,2004,no_capital,lnorm,all,d,,0.0,0.47519287475141464,0.6133983064069692,
MEX,2004,no_capital,lnorm,no_prereg,mawd,,0.0,0.4516053876991639,0.7339549934330616,
MEX,2004,no_capital,lnorm,no_prereg,d,,0.0,0.45400072435559363,0.5803225073482086,
MEX,2004,no_capital,flat,all,mawd,,0.0,,,
MEX,2004,no_capital,flat,all,d,,0.0,,,
MEX,2005,no_capital,perm,all,mawd,,0.0,,,
MEX,2005,no_capital,perm,all,d,,0.0,,,
MEX,2005,no_capital,perm,no_prereg,mawd,,0.0,,,
MEX,2005,no_capital,perm,no_prereg,d,,0.0,,,
MEX,2005,no_capital,lnorm,all,mawd,,0.0,0.48769142295553713,0.7745014230831366,
MEX,2005,no_capital,lnorm,all,d,,0.0,0.47917885133982047,0.6217182555334348,
MEX,2005,no_capital,lnorm,no_prereg,mawd,,0.0,0.45923798240233166,0.7492986358787914,
MEX,2005,no_capital,lnorm,no_prereg,d,,0.0,0.45705413036420534,0.5865555167286713,
MEX,2005,no_capital,flat,all,mawd,,0.0,,,
MEX,2005,no_capital,flat,all,d,,0.0,,,
MEX,2006,no_capital,perm,all,mawd,,0.0,,,
MEX,2006,no_capital,perm,all,d,,0.0,,,
MEX,2006,no_capital,perm,no_prereg,mawd,,0.0,,,
MEX,2006,no_capital,perm,no_prereg,d,,0.0,,,
MEX,2006,no_capital,lnorm,all,mawd,,0.0,0.5030172854110567,0.8091321833607271,
MEX,2006,no_capital,lnorm,all,d,,0.0,0.48885144215481974,0.6334337901312246,
MEX,2006,no_capital,lnorm,no_prereg,mawd,,0.0,0.46888061880569365,0.7764926014804494,
MEX,2006,no_capital,lnorm,no_prereg,d,,0.0,0.4616816345299458,0.5936485598144223,
MEX,2006,no_capital,flat,all,mawd,,0.0,,,
MEX,2006,no_capital,flat,all,d,,0.0,,,
MEX,2007,no_capital,perm,all,mawd,,0.0,,,
MEX,2007,no_capital,perm,all,d,,0.0,,,
MEX,2007,no_capital,perm,no_prereg,mawd,,0.0,,,
MEX,2007,no_capital,perm,no_prereg,d,,0.0,,,
MEX,2007,no_capital,lnorm,all,mawd,,0.0,0.4878547490699218,0.7825248376802139,
MEX,2007,no_capital,lnorm,all,d,,0.0,0.48524186776607703,0.6252773108332924,
MEX,2007,no_capital,lnorm,no_prereg,mawd,,0.0,0.45419354671712325,0.7440666176917391,
MEX,2007,no_capital,lnorm,no_prereg,d,,0.0,0.4574136154450012,0.5874442371077166,
MEX,2007,no_capital,flat,all,mawd,,0.0,,,
MEX,2007,no_capital,flat,all,d,,0.0,,,
MEX,2008,no_capital,perm,all,mawd,,0.0,,,
MEX,2008,no_capital,perm,all,d,,0.0,,,
MEX,2008,no_capital,perm,no_prereg,mawd,,0.0,,,
MEX,2008,no_capital,perm,no_prereg,d,,0.0,,,
MEX,2008,no_capital,lnorm,all,mawd,,0.0,0.5016809315989906,0.804162621040508,
MEX,2008,no_capital,lnorm,all,d,,0.0,0.4919514712542656,0.635618538414643,
MEX,2008,no_capital,lnorm,no_prereg,mawd,,0.0,0.46459373663493597,0.7666372450250103,
MEX,2008,no_capital,lnorm,no_prereg,d,,0.0,0.4609608939420638,0.5941958130314235,
MEX,2008,no_capital,flat,all,mawd,,0.0,,,
MEX,2008,no_capital,flat,all,d,,0.0,,,
MEX,2009,no_capital,perm,all,mawd,,0.0,,,
MEX,2009,no_capital,perm,all,d,,0.0,,,
MEX,2009,no_capital,perm,no_prereg,mawd,,0.0,,,
MEX,2009,no_capital,perm,no_prereg,d,,0.0,,,
MEX,2009,no_capital,lnorm,all,mawd,,0.0,0.48455654317925523,0.7687460107509407,
MEX,2009,no_capital,lnorm,all,d,,0.0,0.4826162022389613,0.6263479971186154,
MEX,2009,no_capital,lnorm,no_prereg,mawd,,0.0,0.4530777745877805,0.7455939502580398,
MEX,2009,no_capital,lnorm,no_prereg,d,,0.0,0.45726023667039356,0.5881466055758049,
MEX,2009,no_capital,flat,all,mawd,,0.0,,,
MEX,2009,no_capital,flat,all,d,,0.0,,,
MEX,2010,no_capital,perm,all,mawd,,0.0,,,
MEX,2010,no_capital,perm,all,d,,0.0,,,
MEX,2010,no_capital,perm,no_prereg,mawd,,0.0,,,
MEX,2010,no_capital,perm,no_prereg,d,,0.0,,,
MEX,2010,no_capital,lnorm,all,mawd,,0.0,0.48776174544878026,0.7796337967630251,
MEX,2010,no_capital,lnorm,all,d,,0.0,0.488213828949282,0.6304324825110249,
MEX,2010,no_capital,lnorm,no_prereg,mawd,,0.0,0.45609974197363035,0.7511791633392659,
MEX,2010,no_capital,lnorm,no_prereg,d,,0.0,0.4608424026382216,0.5914523150374917,
MEX,2010,no_capital,flat,all,mawd,,0.0,,,
MEX,2010,no_capital,flat,all,d,,0.0,,,
MEX,2011,no_capital,perm,all,mawd,,0.0,,,
MEX,2011,no_capital,perm,all,d,,0.0,,,
MEX,2011,no_capital,perm,no_prereg,mawd,,0.0,,,
MEX,2011,no_capital,perm,no_prereg,d,,0.0,,,
MEX,2011,no_capital,lnorm,all,mawd,,0.0,0.4915272438699554,0.7838921219927443,
MEX,2011,no_capital,lnorm,all,d,,0.0,0.48987064465681557,0.6319365061020645,
MEX,2011,no_capital,lnorm,no_prereg,mawd,,0.0,0.45501630814991445,0.7469244872173249,
MEX,2011,no_capital,lnorm,no_prereg,d,,0.0,0.459483345984816,0.5901399498132206,
MEX,2011,no_capital,flat,all,mawd,,0.0,,,
MEX,2011,no_capital,flat,all,d,,0.0,,,
MEX,2012,no_capital,perm,all,mawd,,0.0,,,
MEX,2012,no_capital,perm,all,d,,0.0,,,
MEX,2012,no_capital,perm,no_prereg,mawd,,0.0,,,
MEX,2012,no_capital,perm,no_prereg,d,,0.0,,,
MEX,2012,no_capital,lnorm,all,mawd,,0.0,0.48753121549980194,0.7821558712059504,
MEX,2012,no_capital,lnorm,all,d,,0.0,0.4878856398384513,0.6316805998751209,
MEX,2012,no_capital,lnorm,no_prereg,mawd,,0.0,0.4591786309895491,0.7487048965964752,
MEX,2012,no_capital,lnorm,no_prereg,d,,0.0,0.46051020561270256,0.5888904223668117,
MEX,2012,no_capital,flat,all,mawd,,0.0,,,
MEX,2012,no_capital,flat,all,d,,0.0,,,
MEX,2013,no_capital,perm,all,mawd,,0.0,,,
MEX,2013,no_capital,perm,all,d,,0.0,,,
MEX,2013,no_capital,perm,no_prereg,mawd,,0.0,,,
MEX,2013,no_capital,perm,no_prereg,d,,0.0,,,
MEX,2013,no_capital,lnorm,all,mawd,,0.0,0.4767961228309767,0.7577046847341234,
MEX,2013,no_capital,lnorm,all,d,,0.0,0.48248700819993123,0.6245944528345693,
MEX,2013,no_capital,lnorm,no_prereg,mawd,,0.0,0.45096816345426577,0.7384255425901091,
MEX,2013,no_capital,lnorm,no_prereg,d,,0.0,0.4569906906631106,0.584459208453356,
MEX,2013,no_capital,flat,all,mawd,,0.0,,,
MEX,2013,no_capital,flat,all,d,,0.0,,,
MEX,2014,no_capital,perm,all,mawd,,0.0,,,
MEX,2014,no_capital,perm,all,d,,0.0,,,
MEX,2014,no_capital,perm,no_prereg,mawd,,0.0,,,
MEX,2014,no_capital,perm,no_prereg,d,,0.0,,,
MEX,2014,no_capital,lnorm,all,mawd,,0.0,0.4766830701459244,0.7604055953516564,
MEX,2014,no_capital,lnorm,all,d,,0.0,0.4828838226956668,0.625708986835277,
MEX,2014,no_capital,lnorm,no_prereg,mawd,,0.0,0.4529092387616766,0.737879574245921,
MEX,2014,no_capital,lnorm,no_prereg,d,,0.0,0.45816172999313187,0.5851715228020506,
MEX,2014,no_capital,flat,all,mawd,,0.0,,,
MEX,2014,no_capital,flat,all,d,,0.0,,,
MLT,2000,no_capital,perm,all,mawd,,0.0,,,
MLT,2000,no_capital,perm,all,d,,0.0,,,
MLT,2000,no_capital,perm,no_prereg,mawd,,0.0,,,
MLT,2000,no_capital,perm,no_prereg,d,,0.0,,,
MLT,2000,no_capital,lnorm,all,mawd,,0.0,0.31557122053135755,0.44124157042431483,
MLT,2000,no_capital,lnorm,all,d,,0.0,0.41723806227890364,0.5959992572954369,
MLT,2000,no_capital,lnorm,no_prereg,mawd,,0.0,0.293726143079766,0.3973587043525614,
MLT,2000,no_capital,lnorm,no_prereg,d,,0.0,0.39085975912964266,0.5434718366658058,
MLT,2000,no_capital,flat,all,mawd,,0.0,,,
MLT,2000,no_capital,flat,all,d,,0.0,,,
MLT,2001,no_capital,perm,all,mawd,,0.0,,,
MLT,2001,no_capital,perm,all,d,,0.0,,,
MLT,2001,no_capital,perm,no_prereg,mawd,,0.0,,,
MLT,2001,no_capital,perm,no_prereg,d,,0.0,,,
MLT,2001,no_capital,lnorm,all,mawd,,0.0,,,
MLT,2001,no_capital,lnorm,all,d,,0.0,,,
MLT,2001,no_capital,lnorm,no_prereg,mawd,,0.0,,,
MLT,2001,no_capital,lnorm,no_prereg,d,,0.0,,,
MLT,2001,no_capital,flat,all,mawd,,0.0,,,
MLT,2001,no_capital,flat,all,d,,0.0,,,
MLT,2002,no_capital,perm,all,mawd,,0.0,,,
MLT,2002,no_capital,perm,all,d,,0.0,,,
MLT,2002,no_capital,perm,no_prereg,mawd,,0.0,,,
MLT,2002,no_capital,perm,no_prereg,d,,0.0,,,
MLT,2002,no_capital,lnorm,all,mawd,,0.0,0.31970394219816384,0.45645513017334755,
MLT,2002,no_capital,lnorm,all,d,,0.0,0.39019082406955363,0.5248569551912082,
MLT,2002,no_capital,lnorm,no_prereg,mawd,,0.0,0.29386517916380134,0.40543872259424746,
MLT,2002,no_capital,lnorm,no_prereg,d,,0.0,0.36681753678101536,0.4704667360316277,
MLT,2002,no_capital,flat,all,mawd,,0.0,,,
MLT,2002,no_capital,flat,all,d,,0.0,,,
MLT,2003,no_capital,perm,all,mawd,,0.0,,,
MLT,2003,no_capital,perm,all,d,,0.0,,,
MLT,2003,no_capital,perm,no_prereg,mawd,,0.0,,,
MLT,2003,no_capital,perm,no_prereg,d,,0.0,,,
MLT,2003,no_capital,lnorm,all,mawd,,0.0,0.34825689164145507,0.500382798216177,
MLT,2003,no_capital,lnorm,all,d,,0.0,0.4103000735385985,0.5632533361420108,
MLT,2003,no_capital,lnorm,no_prereg,mawd,,0.0,0.3177504427074119,0.44788951721217424,
MLT,2003,no_capital,lnorm,no_prereg,d,,0.0,0.3837771932634828,0.4926096049318103,
MLT,2003,no_capital,flat,all,mawd,,0.0,,,
MLT,2003,no_capital,flat,all,d,,0.0,,,
MLT,2004,no_capital,perm,all,mawd,,0.0,,,
MLT,2004,no_capital,perm,all,d,,0.0,,,
MLT,2004,no_capital,perm,no_prereg,mawd,,0.0,,,
MLT,2004,no_capital,perm,no_prereg,d,,0.0,,,
MLT,2004,no_capital,lnorm,all,mawd,,0.0,0.3037133714185223,0.4332579400451353,
MLT,2004,no_capital,lnorm,all,d,,0.0,0.35753049576367313,0.46733666952022623,
MLT,2004,no_capital,lnorm,no_prereg,mawd,,0.0,0.2891603308430328,0.40579092252925913,
MLT,2004,no_capital,lnorm,no_prereg,d,,0.0,0.3487227340665288,0.4642710816486235,
MLT,2004,no_capital,flat,all,mawd,,0.0,,,
MLT,2004,no_capital,flat,all,d,,0.0,,,
MLT,2005,no_capital,perm,all,mawd,,0.0,,,
MLT,2005,no_capital,perm,all,d,,0.0,,,
MLT,2005,no_capital,perm,no_prereg,mawd,,0.0,,,
MLT,2005,no_capital,perm,no_prereg,d,,0.0,,,
MLT,2005,no_capital,lnorm,all,mawd,,0.0,0.3165662846067582,0.4599733865488473,
MLT,2005,no_capital,lnorm,all,d,,0.0,0.40582298531825695,0.6002385412345249,
MLT,2005,no_capital,lnorm,no_prereg,mawd,,0.0,0.30873035174877805,0.4439859531938864,
MLT,2005,no_capital,lnorm,no_prereg,d,,0.0,0.3998899204141868,0.6082947415280722,
MLT,2005,no_capital,flat,all,mawd,,0.0,,,
MLT,2005,no_capital,flat,all,d,,0.0,,,
MLT,2006,no_capital,perm,all,mawd,,0.0,,,
MLT,2006,no_capital,perm,all,d,,0.0,,,
MLT,2006,no_capital,perm,no_prereg,mawd,,0.0,,,
MLT,2006,no_capital,perm,no_prereg,d,,0.0,,,
MLT,2006,no_capital,lnorm,all,mawd,,0.0,0.2709151737204247,0.38775801400147375,
MLT,2006,no_capital,lnorm,all,d,,0.0,0.369430980922129,0.5124545286429683,
MLT,2006,no_capital,lnorm,no_prereg,mawd,,0.0,0.2713533307192502,0.37598867958603915,
MLT,2006,no_capital,lnorm,no_prereg,d,,0.0,0.3653432696771909,0.5150346011626101,
MLT,2006,no_capital,flat,all,mawd,,0.0,,,
MLT,2006,no_capital,flat,all,d,,0.0,,,
MLT,2007,no_capital,perm,all,mawd,,0.0,,,
MLT,2007,no_capital,perm,all,d,,0.0,,,
MLT,2007,no_capital,perm,no_prereg,mawd,,0.0,,,
MLT,2007,no_capital,perm,no_prereg,d,,0.0,,,
MLT,2007,no_capital,lnorm,all,mawd,,0.0,0.25592011992138614,0.36800895986190285,
MLT,2007,no_capital,lnorm,all,d,,0.0,0.3390082125834318,0.4605102943824167,
MLT,2007,no_capital,lnorm,no_prereg,mawd,,0.0,0.25585571056064754,0.3565926001815956,
MLT,2007,no_capital,lnorm,no_prereg,d,,0.0,0.3307623101139465,0.45537539492651347,
MLT,2007,no_capital,flat,all,mawd,,0.0,,,
MLT,2007,no_capital,flat,all,d,,0.0,,,
MLT,2008,no_capital,perm,all,mawd,,0.0,,,
MLT,2008,no_capital,perm,all,d,,0.0,,,
MLT,2008,no_capital,perm,no_prereg,mawd,,0.0,,,
MLT,2008,no_capital,perm,no_prereg,d,,0.0,,,
MLT,2008,no_capital,lnorm,all,mawd,,0.0,0.25583093940045576,0.37134568728967265,
MLT,2008,no_capital,lnorm,all,d,,0.0,0.3422598052250188,0.4704073212789584,
MLT,2008,no_capital,lnorm,no_prereg,mawd,,0.0,0.25581268225055626,0.35587825371725446,
MLT,2008,no_capital,lnorm,no_prereg,d,,0.0,0.33628947074120247,0.46099517865661266,
MLT,2008,no_capital,flat,all,mawd,,0.0,,,
MLT,2008,no_capital,flat,all,d,,0.0,,,
MLT,2009,no_capital,perm,all,mawd,,0.0,,,
MLT,2009,no_capital,perm,all,d,,0.0,,,
MLT,2009,no_capital,perm,no_prereg,mawd,,0.0,,,
MLT,2009,no_capital,perm,no_prereg,d,,0.0,,,
MLT,2009,no_capital,lnorm,all,mawd,,0.0,0.24144433095926252,0.35832970802376773,
MLT,2009,no_capital,lnorm,all,d,,0.0,0.3295803331527885,0.4551988835844448,
MLT,2009,no_capital,lnorm,no_prereg,mawd,,0.0,0.23747477980950632,0.3335890924738694,
MLT,2009,no_capital,lnorm,no_prereg,d,,0.0,0.32025674909139534,0.45107132689015483,
MLT,2009,no_capital,flat,all,mawd,,0.0,,,
MLT,2009,no_capital,flat,all,d,,0.0,,,
MLT,2010,no_capital,perm,all,mawd,,0.0,,,
MLT,2010,no_capital,perm,all,d,,0.0,,,
MLT,2010,no_capital,perm,no_prereg,mawd,,0.0,,,
MLT,2010,no_capital,perm,no_prereg,d,,0.0,,,
MLT,2010,no_capital,lnorm,all,mawd,,0.0,0.2403270779314731,0.3530785584314302,
MLT,2010,no_capital,lnorm,all,d,,0.0,0.34873194490413345,0.48818063026812114,
MLT,2010,no_capital,lnorm,no_prereg,mawd,,0.0,0.24276565077761572,0.33758327054746734,
MLT,2010,no_capital,lnorm,no_prereg,d,,0.0,0.33750546495644296,0.47131108018730283,
MLT,2010,no_capital,flat,all,mawd,,0.0,,,
MLT,2010,no_capital,flat,all,d,,0.0,,,
MLT,2011,no_capital,perm,all,mawd,,0.0,,,
MLT,2011,no_capital,perm,all,d,,0.0,,,
MLT,2011,no_capital,perm,no_prereg,mawd,,0.0,,,
MLT,2011,no_capital,perm,no_prereg,d,,0.0,,,
MLT,2011,no_capital,lnorm,all,mawd,,0.0,0.2359462305624807,0.34952279704270534,
MLT,2011,no_capital,lnorm,all,d,,0.0,0.3384744059864232,0.47070833240855825,
MLT,2011,no_capital,lnorm,no_prereg,mawd,,0.0,0.23960670851959404,0.3313170689755275,
MLT,2011,no_capital,lnorm,no_prereg,d,,0.0,0.3261295525232657,0.46194877202144247,
MLT,2011,no_capital,flat,all,mawd,,0.0,,,
MLT,2011,no_capital,flat,all,d,,0.0,,,
MLT,2012,no_capital,perm,all,mawd,,0.0,,,
MLT,2012,no_capital,perm,all,d,,0.0,,,
MLT,2012,no_capital,perm,no_prereg,mawd,,0.0,,,
MLT,2012,no_capital,perm,no_prereg,d,,0.0,,,
MLT,2012,no_capital,lnorm,all,mawd,,0.0,0.29026163949874034,0.43628085908842884,
MLT,2012,no_capital,lnorm,all,d,,0.0,0.3935280009243707,0.5778467215452721,
MLT,2012,no_capital,lnorm,no_prereg,mawd,,0.0,0.3055450565144208,0.4427662080732836,
MLT,2012,no_capital,lnorm,no_prereg,d,,0.0,0.37043549154553057,0.5575384406333345,
MLT,2012,no_capital,flat,all,mawd,,0.0,,,
MLT,2012,no_capital,flat,all,d,,0.0,,,
MLT,2013,no_capital,perm,all,mawd,,0.0,,,
MLT,2013,no_capital,perm,all,d,,0.0,,,
MLT,2013,no_capital,perm,no_prereg,mawd,,0.0,,,
MLT,2013,no_capital,perm,no_prereg,d,,0.0,,,
MLT,2013,no_capital,lnorm,all,mawd,,0.0,0.252988269578791,0.36926449876473666,
MLT,2013,no_capital,lnorm,all,d,,0.0,0.3396325076638058,0.48632757882342015,
MLT,2013,no_capital,lnorm,no_prereg,mawd,,0.0,0.25774015013656404,0.35806182855505375,
MLT,2013,no_capital,lnorm,no_prereg,d,,0.0,0.3295845752530392,0.4785676462404671,
MLT,2013,no_capital,flat,all,mawd,,0.0,,,
MLT,2013,no_capital,flat,all,d,,0.0,,,
MLT,2014,no_capital,perm,all,mawd,,0.0,,,
MLT,2014,no_capital,perm,all,d,,0.0,,,
MLT,2014,no_capital,perm,no_prereg,mawd,,0.0,,,
MLT,2014,no_capital,perm,no_prereg,d,,0.0,,,
MLT,2014,no_capital,lnorm,all,mawd,,0.0,0.24578753502900938,0.35703855245247695,
MLT,2014,no_capital,lnorm,all,d,,0.0,0.33023293755301525,0.47042028841229716,
MLT,2014,no_capital,lnorm,no_prereg,mawd,,0.0,0.24638081393358996,0.3410794231899297,
MLT,2014,no_capital,lnorm,no_prereg,d,,0.0,0.3215948384350855,0.46490811060784654,
MLT,2014,no_capital,flat,all,mawd,,0.0,,,
MLT,2014,no_capital,flat,all,d,,0.0,,,
NLD,2000,no_capital,perm,all,mawd,0.2827123850274776,0.144,0.25581827509132166,0.33690417855777016,-1.0628843873161737
NLD,2000,no_capital,perm,all,d,0.4351136785589399,0.876,0.30674699677431727,0.3647510564337604,1.2032726375998797
NLD,2000,no_capital,perm,no_prereg,mawd,0.17514056625091745,0.0,0.23947102243743076,0.3287945481656006,-2.5765588776283836
NLD,2000,no_capital,perm,no_prereg,d,0.2328421089028173,0.0,0.289101727170833,0.35423592696803863,-2.416796513218186
NLD,2000,no_capital,lnorm,all,mawd,0.2827123850274776,0.053,0.2802318631405339,0.3802189961518653,-1.4778569572284863
NLD,2000,no_capital,lnorm,all,d,0.4351136785589399,0.929,0.3111368145206841,0.36935483544759756,1.5224806380464202
NLD,2000,no_capital,lnorm,no_prereg,mawd,0.17514056625091745,0.0,0.265886807135874,0.36667773960451516,-2.5808560800055793
NLD,2000,no_capital,lnorm,no_prereg,d,0.2328421089028173,0.0,0.29541846754554235,0.3567132200275592,-3.0124057925287144
NLD,2000,no_capital,flat,all,mawd,0.2827123850274776,1.0,,,
NLD,2000,no_capital,flat,all,d,0.4351136785589399,1.0,,,
NLD,2001,no_capital,perm,all,mawd,0.2727679955638503,0.107,0.2556684890509103,0.3355570193340545,-1.214548473894083
NLD,2001,no_capital,perm,all,d,0.4771370076969341,0.931,0.30680419723831664,0.3693499625603909,1.753747917818057
NLD,2001,no_capital,perm,no_prereg,mawd,0.17433186528983652,0.0,0.23877325131112703,0.32901839676032524,-2.5403525336514496
NLD,2001,no_capital,perm,no_prereg,d,0.23938414672092645,0.0,0.29002693618104547,0.3588254040208617,-2.3254843989350813
NLD,2001,no_capital,lnorm,all,mawd,0.2727679955638503,0.037,0.27886642404602735,0.3795004237689067,-1.5670255401281497
NLD,2001,no_capital,lnorm,all,d,0.4771370076969341,0.975,0.31162365425744815,0.3732096967005707,2.27310332448489
NLD,2001,no_capital,lnorm,no_prereg,mawd,0.17433186528983652,0.0,0.2643515182112891,0.3677991714014618,-2.5643868838277415
NLD,2001,no_capital,lnorm,no_prereg,d,0.23938414672092645,0.0,0.29618000448591225,0.3607508814496505,-2.8850933682976234
NLD,2001,no_capital,flat,all,mawd,0.2727679955638503,1.0,,,
NLD,2001,no_capital,flat,all,d,0.4771370076969341,1.0,,,
NLD,2002,no_capital,perm,all,mawd,0.2643034059878346,0.106,0.2489996983617011,0.3267773694424315,-1.2326906159412967
NLD,2002,no_capital,perm,all,d,0.4591130514627147,0.92,0.29980131024471973,0.3574547960907276,1.7118136948545426
NLD,2002,no_capital,perm,no_prereg,mawd,0.16811443444527796,0.0,0.23170853441988928,0.3207061200296581,-2.5467645086339736
NLD,2002,no_capital,perm,no_prereg,d,0.2349657821084638,0.0,0.28200176362544205,0.3466747146216794,-2.2919343004208197
NLD,2002,no_capital,lnorm,all,mawd,0.2643034059878346,0.04,0.27006816249641546,0.3650078136880322,-1.5388714097990754
NLD,2002,no_capital,lnorm,all,d,0.4591130514627147,0.974,0.3038561461043003,0.3606459624407311,2.185827416277122
NLD,2002,no_capital,lnorm,no_prereg,mawd,0.16811443444527796,0.0,0.2513534294985503,0.35417673388982024,-2.581254742517037
NLD,2002,no_capital,lnorm,no_prereg,d,0.2349657821084638,0.0,0.28758364172759737,0.3473683168825853,-2.758300684063997
NLD,2002,no_capital,flat,all,mawd,0.2643034059878346,1.0,,,
NLD,2002,no_capital,flat,all,d,0.4591130514627147,1.0,,,
NLD,2003,no_capital,perm,all,mawd,0.2832560618579644,0.154,0.2540215820426402,0.3356818737692906,-1.0048294710887922
NLD,2003,no_capital,perm,all,d,0.4738637509092639,0.939,0.30451087888149386,0.3631958024326917,1.8825944580130993
NLD,2003,no_capital,perm,no_prereg,mawd,0.17193671887009623,0.0,0.23658820484947907,0.32675348297793255,-2.5042287915657795
NLD,2003,no_capital,perm,no_prereg,d,0.23594453501586196,0.0,0.2868567322249062,0.3504797137541677,-2.367182131362965
NLD,2003,no_capital,lnorm,all,mawd,0.2832560618579644,0.065,0.27588557637775996,0.37626352889601433,-1.3813118114866605
NLD,2003,no_capital,lnorm,all,d,0.4738637509092639,0.979,0.3095687651590758,0.3652753557259456,2.4152095027867713
NLD,2003,no_capital,lnorm,no_prereg,mawd,0.17193671887009623,0.0,0.25753035442148586,0.36235579156572684,-2.5749028110239114
NLD,2003,no_capital,lnorm,no_prereg,d,0.23594453501586196,0.0,0.2894513083499956,0.35003818673023607,-2.8258804432964824
NLD,2003,no_capital,flat,all,mawd,0.2832560618579644,1.0,,,
NLD,2003,no_capital,flat,all,d,0.4738637509092639,1.0,,,
NLD,2004,no_capital,perm,all,mawd,0.29018694103818254,0.118,0.2658897641040116,0.35178256827131527,-1.128884404592528
NLD,2004,no_capital,perm,all,d,0.45652732787684225,0.905,0.315900422226649,0.3767385182638761,1.4315723091508448
NLD,2004,no_capital,perm,no_prereg,mawd,0.17641597927806982,0.0,0.24819056714288257,0.3448135208627911,-2.5611271706707184
NLD,2004,no_capital,perm,no_prereg,d,0.22504210411728612,0.0,0.29780587149429005,0.363820527537554,-2.8370538809705725
NLD,2004,no_capital,lnorm,all,mawd,0.29018694103818254,0.044,0.292826382131183,0.39690645789800905,-1.4907423291523243
NLD,2004,no_capital,lnorm,all,d,0.45652732787684225,0.959,0.31919162720742167,0.37552535986683366,1.8561619573004033
NLD,2004,no_capital,lnorm,no_prereg,mawd,0.17641597927806982,0.0,0.2713629472104812,0.3820843298285475,-2.612343314990065
NLD,2004,no_capital,lnorm,no_prereg,d,0.22504210411728612,0.0,0.2998826716980838,0.36169246049809467,-3.3360780817424627
NLD,2004,no_capital,flat,all,mawd,0.29018694103818254,1.0,,,
NLD,2004,no_capital,flat,all,d,0.45652732787684225,1.0,,,
NLD,2005,no_capital,perm,all,mawd,0.2937292130859776,0.124,0.2685450647439665,0.3552427011561883,-1.1099423022283357
NLD,2005,no_capital,perm,all,d,0.431596467931025,0.836,0.3175075894842798,0.3799566996950341,0.9250418165711192
NLD,2005,no_capital,perm,no_prereg,mawd,0.1860894854211797,0.0,0.25342519317781514,0.34999147966175864,-2.426273666327693
NLD,2005,no_capital,perm,no_prereg,d,0.22758264886677268,0.0,0.29980476452496574,0.36859409064230453,-2.7965001987743903
NLD,2005,no_capital,lnorm,all,mawd,0.2937292130859776,0.038,0.30616991353780587,0.41332058127080484,-1.597842656140064
NLD,2005,no_capital,lnorm,all,d,0.431596467931025,0.877,0.3260130718960066,0.38167682751882576,1.1836810595822727
NLD,2005,no_capital,lnorm,no_prereg,mawd,0.1860894854211797,0.0,0.28564825145043093,0.40153241206933044,-2.5625003846739
NLD,2005,no_capital,lnorm,no_prereg,d,0.22758264886677268,0.0,0.3065443285148769,0.37040232079732993,-3.454296040150997
NLD,2005,no_capital,flat,all,mawd,0.2937292130859776,1.0,,,
NLD,2005,no_capital,flat,all,d,0.431596467931025,1.0,,,
NLD,2006,no_capital,perm,all,mawd,0.32106968475219944,0.25,0.27249370186614374,0.3606868653605126,-0.7022147612299539
NLD,2006,no_capital,perm,all,d,0.4981989050864602,0.946,0.3165968771832292,0.3810425834883588,1.991301127942908
NLD,2006,no_capital,perm,no_prereg,mawd,0.18748909207558662,0.0,0.25270524935512684,0.34815495577011635,-2.375139245148702
NLD,2006,no_capital,perm,no_prereg,d,0.22648809606911596,0.0,0.2981660185103888,0.3657416192424518,-2.752761199401276
NLD,2006,no_capital,lnorm,all,mawd,0.32106968475219944,0.072,0.31247262227297085,0.42154661249847036,-1.3470367914959511
NLD,2006,no_capital,lnorm,all,d,0.4981989050864602,0.985,0.3317344060112628,0.389390677011091,2.4940238861837982
NLD,2006,no_capital,lnorm,no_prereg,mawd,0.18748909207558662,0.0,0.29024570552524465,0.4067615368889958,-2.547422467545707
NLD,2006,no_capital,lnorm,no_prereg,d,0.22648809606911596,0.0,0.3090755421076309,0.3722940241924547,-3.5255182628700834
NLD,2006,no_capital,flat,all,mawd,0.32106968475219944,1.0,,,
NLD,2006,no_capital,flat,all,d,0.4981989050864602,1.0,,,
NLD,2007,no_capital,perm,all,mawd,0.3309040181427764,0.237,0.28221406718918735,0.37239084113058923,-0.7400105602870177
NLD,2007,no_capital,perm,all,d,0.4952945615678246,0.943,0.32188417491666205,0.3884618683156752,1.9042712165428368
NLD,2007,no_capital,perm,no_prereg,mawd,0.19377742428674058,0.0,0.26368742157870806,0.3596347651855693,-2.409741216575612
NLD,2007,no_capital,perm,no_prereg,d,0.23021441314735633,0.0,0.3034137150450396,0.3709720732375187,-2.8717610348364677
NLD,2007,no_capital,lnorm,all,mawd,0.3309040181427764,0.088,0.31726931048555107,0.42880039878987997,-1.2802981403680698
NLD,2007,no_capital,lnorm,all,d,0.4952945615678246,0.984,0.33403651555349856,0.39314187781219045,2.361109455666768
NLD,2007,no_capital,lnorm,no_prereg,mawd,0.19377742428674058,0.0,0.2933901186205635,0.4125731463417758,-2.468160308305994
NLD,2007,no_capital,lnorm,no_prereg,d,0.23021441314735633,0.0,0.31379561989507315,0.37590184947717675,-3.532382629559721
NLD,2007,no_capital,flat,all,mawd,0.3309040181427764,1.0,,,
NLD,2007,no_capital,flat,all,d,0.4952945615678246,1.0,,,
NLD,2008,no_capital,perm,all,mawd,0.35830488301925534,0.417,0.27840807655359884,0.3726906773285177,-0.28058987261731966
NLD,2008,no_capital,perm,all,d,0.5729226662632878,0.974,0.3187286914363086,0.38364495895856404,2.9280942171330278
NLD,2008,no_capital,perm,no_prereg,mawd,0.180161823412951,0.0,0.2587947899754713,0.3523955664837546,-2.5031581062082973
NLD,2008,no_capital,perm,no_prereg,d,0.21094005660931417,0.0,0.2987557261151503,0.3652582611750726,-3.0732430253432814
NLD,2008,no_capital,lnorm,all,mawd,0.35830488301925534,0.16,0.3187468243466228,0.43562434030949426,-0.990256471079244
NLD,2008,no_capital,lnorm,all,d,0.5729226662632878,0.999,0.33297507475392996,0.39492298830699873,3.5765393279565254
NLD,2008,no_capital,lnorm,no_prereg,mawd,0.180161823412951,0.0,0.2911187391716815,0.4112874208440615,-2.586862565102196
NLD,2008,no_capital,lnorm,no_prereg,d,0.21094005660931417,0.0,0.3114212761235724,0.37327077740175624,-3.8900024310717085
NLD,2008,no_capital,flat,all,mawd,0.35830488301925534,1.0,,,
NLD,2008,no_capital,flat,all,d,0.5729226662632878,1.0,,,
NLD,2009,no_capital,perm,all,mawd,0.31018512571958823,0.208,0.26516767951528974,0.3528153866927827,-0.7818238134851521
NLD,2009,no_capital,perm,all,d,0.5089927385132834,0.967,0.3115025103220785,0.3752823173249653,2.26538835170993
NLD,2009,no_capital,perm,no_prereg,mawd,0.1696829690397106,0.0,0.24640575410405172,0.3432879965056758,-2.51872381764725
NLD,2009,no_capital,perm,no_prereg,d,0.2235519166391719,0.0,0.29268137055104154,0.35631970295082316,-2.669770606349574
NLD,2009,no_capital,lnorm,all,mawd,0.31018512571958823,0.078,0.2962977040360089,0.41026073753428405,-1.3021824064476009
NLD,2009,no_capital,lnorm,all,d,0.5089927385132834,0.994,0.3207908576055343,0.38212604807170836,2.755182645647737
NLD,2009,no_capital,lnorm,no_prereg,mawd,0.1696829690397106,0.0,0.2772105124844682,0.3941639115600506,-2.624835920740569
NLD,2009,no_capital,lnorm,no_prereg,d,0.2235519166391719,0.0,0.30304325173340935,0.36321043859309443,-3.3270115707138146
NLD,2009,no_capital,flat,all,mawd,0.31018512571958823,1.0,,,
NLD,2009,no_capital,flat,all,d,0.5089927385132834,1.0,,,
NLD,2010,no_capital,perm,all,mawd,0.33901288860979395,0.278,0.2846061426165124,0.3763306862151702,-0.6552472462388171
NLD,2010,no_capital,perm,all,d,0.523256695609312,0.961,0.3239493112619345,0.3914181170097468,2.169873240650806
NLD,2010,no_capital,perm,no_prereg,mawd,0.17585889851144018,0.0,0.26556655411649605,0.3639198787726575,-2.5725474432189306
NLD,2010,no_capital,perm,no_prereg,d,0.21387473145788288,0.0,0.3036854479707522,0.36927617369444776,-2.9146732334634398
NLD,2010,no_capital,lnorm,all,mawd,0.33901288860979395,0.112,0.3161827256041561,0.4375457081845984,-1.1966550435068795
NLD,2010,no_capital,lnorm,all,d,0.523256695609312,0.989,0.3331215025003299,0.4005458002615443,2.5683464369356828
NLD,2010,no_capital,lnorm,no_prereg,mawd,0.17585889851144018,0.0,0.2941906041864466,0.41726291920814385,-2.697947950326539
NLD,2010,no_capital,lnorm,no_prereg,d,0.21387473145788288,0.0,0.31410847039635864,0.3770585245173451,-3.707545717414888
NLD,2010,no_capital,flat,all,mawd,0.33901288860979395,1.0,,,
NLD,2010,no_capital,flat,all,d,0.523256695609312,1.0,,,
NLD,2011,no_capital,perm,all,mawd,0.328504143113607,0.174,0.2892978649619983,0.38467933634326945,-0.899898780289879
NLD,2011,no_capital,perm,all,d,0.5166049896048327,0.951,0.3266826049462639,0.3918811938194992,2.0067510713053243
NLD,2011,no_capital,perm,no_prereg,mawd,0.17683554345732524,0.0,0.27127243863107614,0.37135567770421063,-2.5997694490947465
NLD,2011,no_capital,perm,no_prereg,d,0.210971383832169,0.0,0.30552018516877066,0.3726460244689603,-2.942223410794121
NLD,2011,no_capital,lnorm,all,mawd,0.328504143113607,0.061,0.3233015124114177,0.4472933369943516,-1.4068030907681557
NLD,2011,no_capital,lnorm,all,d,0.5166049896048327,0.98,0.3367912329429306,0.4039403760815058,2.3057596893233567
NLD,2011,no_capital,lnorm,no_prereg,mawd,0.17683554345732524,0.0,0.2995385566847448,0.42777512267401663,-2.716039604726969
NLD,2011,no_capital,lnorm,no_prereg,d,0.210971383832169,0.0,0.319095801422737,0.382802596565355,-3.7822438252397443
NLD,2011,no_capital,flat,all,mawd,0.328504143113607,1.0,,,
NLD,2011,no_capital,flat,all,d,0.5166049896048327,1.0,,,
NLD,2012,no_capital,perm,all,mawd,0.3408234957973969,0.24,0.2891366198525696,0.3847849144834117,-0.7410572955049924
NLD,2012,no_capital,perm,all,d,0.5322636435562406,0.956,0.3262539170126842,0.3923503248280509,2.1087093542678734
NLD,2012,no_capital,perm,no_prereg,mawd,0.17702479189809064,0.0,0.2700929346398235,0.371933848179149,-2.559254701568171
NLD,2012,no_capital,perm,no_prereg,d,0.20648142420707247,0.0,0.30419353495544893,0.36990433981348686,-2.9569360155409252
NLD,2012,no_capital,lnorm,all,mawd,0.3408234957973969,0.079,0.32614280568767223,0.45438424103111186,-1.3183406828140527
NLD,2012,no_capital,lnorm,all,d,0.5322636435562406,0.984,0.3373567889184732,0.40772399760739153,2.4205583310222503
NLD,2012,no_capital,lnorm,no_prereg,mawd,0.17702479189809064,0.0,0.3023567674694684,0.42964202835103804,-2.734236571632105
NLD,2012,no_capital,lnorm,no_prereg,d,0.20648142420707247,0.0,0.3184181377713756,0.38218468815412415,-3.8140160716094473
NLD,2012,no_capital,flat,all,mawd,0.3408234957973969,1.0,,,
NLD,2012,no_capital,flat,all,d,0.5322636435562406,1.0,,,
NLD,2013,no_capital,perm,all,mawd,0.34723841435972413,0.267,0.2912653857286717,0.387703519702305,-0.689585029207275
NLD,2013,no_capital,perm,all,d,0.5249610956145248,0.954,0.3244445947168888,0.39242832549522244,2.0347297141166942
NLD,2013,no_capital,perm,no_prereg,mawd,0.1779006942438901,0.0,0.2698911298346682,0.37435106931297346,-2.5909271936044993
NLD,2013,no_capital,perm,no_prereg,d,0.21030082409644565,0.0,0.3035280765873413,0.3701368967159533,-2.8691224524285
NLD,2013,no_capital,lnorm,all,mawd,0.34723841435972413,0.096,0.32460364152383786,0.45521584739407195,-1.2648279432121212
NLD,2013,no_capital,lnorm,all,d,0.5249610956145248,0.983,0.336447907439736,0.4067219147921672,2.320686339190832
NLD,2013,no_capital,lnorm,no_prereg,mawd,0.1779006942438901,0.0,0.3050910070379451,0.4341110100843946,-2.75541294052611
NLD,2013,no_capital,lnorm,no_prereg,d,0.21030082409644565,0.0,0.31869180254672524,0.38262927305556294,-3.722525040745768
NLD,2013,no_capital,flat,all,mawd,0.34723841435972413,1.0,,,
NLD,2013,no_capital,flat,all,d,0.5249610956145248,1.0,,,
NLD,2014,no_capital,perm,all,mawd,0.3161355349075915,0.119,0.2901149929900596,0.38503962764565247,-1.0990836629165117
NLD,2014,no_capital,perm,all,d,0.45284619070951304,0.839,0.3248614393372193,0.39063211662276676,0.9897077613366502
NLD,2014,no_capital,perm,no_prereg,mawd,0.17553440318359653,0.0,0.27393027154854016,0.37650229067798247,-2.6499487582280996
NLD,2014,no_capital,perm,no_prereg,d,0.20793028514222758,0.0,0.30663890352978984,0.3720891490791316,-2.9812482029209564
NLD,2014,no_capital,lnorm,all,mawd,0.3161355349075915,0.046,0.3183505424383469,0.4431495601759784,-1.5268436080080496
NLD,2014,no_capital,lnorm,all,d,0.45284619070951304,0.86,0.33454149180325343,0.39937271701647636,1.100800669904126
NLD,2014,no_capital,lnorm,no_prereg,mawd,0.17553440318359653,0.0,0.301238292633325,0.4281987834625066,-2.771319256944317
NLD,2014,no_capital,lnorm,no_prereg,d,0.20793028514222758,0.0,0.3176818908418706,0.3804483985250742,-3.766854058845512
NLD,2014,no_capital,flat,all,mawd,0.3161355349075915,1.0,,,
NLD,2014,no_capital,flat,all,d,0.45284619070951304,1.0,,,
NOR,2000,no_capital,perm,all,mawd,1.069997535622353,0.997,0.24468508432672842,0.3447899563105027,4.965590941567102
NOR,2000,no_capital,perm,all,d,0.6333537304052622,0.997,0.28956025964667037,0.35672410483571626,3.620304685116913
NOR,2000,no_capital,perm,no_prereg,mawd,0.15178665634829508,0.001,0.2165252242119812,0.29585542249141417,-2.4967778009268655
NOR,2000,no_capital,perm,no_prereg,d,0.24516275560199616,0.01,0.26877530954213946,0.3324543527914199,-1.640891112492397
NOR,2000,no_capital,lnorm,all,mawd,1.069997535622353,0.999,0.2815202157699034,0.4118436216498152,4.5703828335359935
NOR,2000,no_capital,lnorm,all,d,0.6333537304052622,1.0,0.3154831871370815,0.3875718360497028,4.295741313226929
NOR,2000,no_capital,lnorm,no_prereg,mawd,0.15178665634829508,0.0,0.2463915320228423,0.3468125813383612,-2.762723993620014
NOR,2000,no_capital,lnorm,no_prereg,d,0.24516275560199616,0.004,0.29710455026547683,0.360646672301695,-2.429011633118166
NOR,2000,no_capital,flat,all,mawd,1.069997535622353,1.0,,,
NOR,2000,no_capital,flat,all,d,0.6333537304052622,1.0,,,
NOR,2001,no_capital,perm,all,mawd,0.8651740995163741,0.997,0.24066030265194086,0.33184459003305744,4.615007609652417
NOR,2001,no_capital,perm,all,d,0.5629138764537767,0.994,0.28322698228459653,0.3493890878240653,3.1831205933886286
NOR,2001,no_capital,perm,no_prereg,mawd,0.15862067268142677,0.001,0.21502148328714663,0.2923981635477979,-2.3907053217802123
NOR,2001,no_capital,perm,no_prereg,d,0.29302059447417567,0.173,0.26485582008429404,0.33015671246967127,-0.8312357742121628
NOR,2001,no_capital,lnorm,all,mawd,0.8651740995163741,0.999,0.273397469958276,0.39131051740005474,3.959858299689519
NOR,2001,no_capital,lnorm,all,d,0.5629138764537767,1.0,0.308816679922035,0.37727546828530517,3.568606576404029
NOR,2001,no_capital,lnorm,no_prereg,mawd,0.15862067268142677,0.0,0.24124935632949587,0.3396985030198433,-2.614603043321528
NOR,2001,no_capital,lnorm,no_prereg,d,0.29302059447417567,0.048,0.2941569913926879,0.35643142380654064,-1.3991821462640748
NOR,2001,no_capital,flat,all,mawd,0.8651740995163741,1.0,,,
NOR,2001,no_capital,flat,all,d,0.5629138764537767,1.0,,,
NOR,2002,no_capital,perm,all,mawd,0.7138549281452307,0.995,0.2317818616472799,0.32234025697225677,4.058283547521151
NOR,2002,no_capital,perm,all,d,0.507499946188802,0.964,0.2797579378165055,0.34159024433532786,2.642411708779542
NOR,2002,no_capital,perm,no_prereg,mawd,0.1512997990700311,0.001,0.21195437700721767,0.29269627212858795,-2.435438314420188
NOR,2002,no_capital,perm,no_prereg,d,0.3048433253986122,0.265,0.2616596555070886,0.3290180858010926,-0.5987609420064042
NOR,2002,no_capital,lnorm,all,mawd,0.7138549281452307,0.995,0.2673363499994007,0.37662271498420163,3.300851347871294
NOR,2002,no_capital,lnorm,all,d,0.507499946188802,0.991,0.3016877682642469,0.3679376173143545,2.757902924543145
NOR,2002,no_capital,lnorm,no_prereg,mawd,0.1512997990700311,0.0,0.23703992217771544,0.33513187606620615,-2.6633613298349625
NOR,2002,no_capital,lnorm,no_prereg,d,0.3048433253986122,0.131,0.28709873902912236,0.3527518361364229,-1.057412524508107
NOR,2002,no_capital,flat,all,mawd,0.7138549281452307,1.0,,,
NOR,2002,no_capital,flat,all,d,0.507499946188802,1.0,,,
NOR,2003,no_capital,perm,all,mawd,0.7154428554984266,0.996,0.23003198609239975,0.31868587132284426,4.123905436966474
NOR,2003,no_capital,perm,all,d,0.49145480968974387,0.964,0.28139176073488636,0.34386468180496055,2.528070454084602
NOR,2003,no_capital,perm,no_prereg,mawd,0.16214550668897323,0.002,0.20863824502382852,0.29250058256208644,-2.1833176752591945
NOR,2003,no_capital,perm,no_prereg,d,0.30093987225020774,0.254,0.26530599869912996,0.3282314095756453,-0.6689745881405433
NOR,2003,no_capital,lnorm,all,mawd,0.7154428554984266,0.996,0.2679434581348589,0.37999980612052764,3.327656942609613
NOR,2003,no_capital,lnorm,all,d,0.49145480968974387,0.986,0.3019289819067131,0.36687528353477483,2.622404301555454
NOR,2003,no_capital,lnorm,no_prereg,mawd,0.16214550668897323,0.0,0.24069585121340867,0.3404877610143832,-2.49909706395041
NOR,2003,no_capital,lnorm,no_prereg,d,0.30093987225020774,0.114,0.2883010195164664,0.34988367417461685,-1.1513099947232233
NOR,2003,no_capital,flat,all,mawd,0.7154428554984266,1.0,,,
NOR,2003,no_capital,flat,all,d,0.49145480968974387,1.0,,,
NOR,2004,no_capital,perm,all,mawd,0.8337412524189415,0.996,0.2351797242964515,0.33787570642479725,4.084636520158403
NOR,2004,no_capital,perm,all,d,0.5370945766049527,0.981,0.2918520884222404,0.35835679605592075,3.0057311047298136
NOR,2004,no_capital,perm,no_prereg,mawd,0.1579342360843163,0.001,0.21328199148047586,0.3002911995989622,-2.322516694190832
NOR,2004,no_capital,perm,no_prereg,d,0.2690912839514237,0.046,0.27045031190634017,0.3345122764566446,-1.3704095994317633
NOR,2004,no_capital,lnorm,all,mawd,0.8337412524189415,0.997,0.2745419986393315,0.4008244783447187,3.519163774448196
NOR,2004,no_capital,lnorm,all,d,0.5370945766049527,0.996,0.3095339009683389,0.3766446087441081,3.1843339369193813
NOR,2004,no_capital,lnorm,no_prereg,mawd,0.1579342360843163,0.0,0.24414517682652587,0.3480644083837655,-2.566280739630897
NOR,2004,no_capital,lnorm,no_prereg,d,0.2690912839514237,0.017,0.28892829114531315,0.35200645538325004,-1.8764092537357018
NOR,2004,no_capital,flat,all,mawd,0.8337412524189415,1.0,,,
NOR,2004,no_capital,flat,all,d,0.5370945766049527,1.0,,,
NOR,2005,no_capital,perm,all,mawd,1.022333525557343,0.998,0.24154344587750312,0.3482419833402375,4.630611770179167
NOR,2005,no_capital,perm,all,d,0.5939818382359421,0.996,0.29273946665971157,0.3592208691643164,3.534657069703304
NOR,2005,no_capital,perm,no_prereg,mawd,0.17737171632929524,0.006,0.21967514457608583,0.3038173351980354,-2.0838439067826373
NOR,2005,no_capital,perm,no_prereg,d,0.30323649449458184,0.226,0.27105954486117917,0.33636772175020774,-0.7593969325716451
NOR,2005,no_capital,lnorm,all,mawd,1.022333525557343,0.998,0.28116457838056286,0.4206302408040544,3.9952086574906085
NOR,2005,no_capital,lnorm,all,d,0.5939818382359421,0.997,0.3143997719942305,0.3853299561058917,3.7412676616252423
NOR,2005,no_capital,lnorm,no_prereg,mawd,0.17737171632929524,0.0,0.2508142144818248,0.35760655340200365,-2.3647035526432645
NOR,2005,no_capital,lnorm,no_prereg,d,0.30323649449458184,0.087,0.2940726185678415,0.3582927094479345,-1.2565862043141243
NOR,2005,no_capital,flat,all,mawd,1.022333525557343,1.0,,,
NOR,2005,no_capital,flat,all,d,0.5939818382359421,1.0,,,
NOR,2006,no_capital,perm,all,mawd,1.0390391454756938,0.999,0.24270520713100208,0.3553206846301809,4.6390141908152005
NOR,2006,no_capital,perm,all,d,0.5887726840105705,0.995,0.2919817487991579,0.3549384462092021,3.5074882407548844
NOR,2006,no_capital,perm,no_prereg,mawd,0.19979095378111472,0.014,0.22055027171703526,0.30610210187707315,-1.8074420278612369
NOR,2006,no_capital,perm,no_prereg,d,0.318932384030389,0.359,0.27472486167884075,0.335827682580503,-0.49955863590808103
NOR,2006,no_capital,lnorm,all,mawd,1.0390391454756938,0.998,0.27930561563185063,0.4211628444524097,3.9990566537969
NOR,2006,no_capital,lnorm,all,d,0.5887726840105705,0.997,0.31269408301219404,0.38051778825561294,3.6692415952563917
NOR,2006,no_capital,lnorm,no_prereg,mawd,0.19979095378111472,0.002,0.2510780398449505,0.35742377267410264,-2.0965629406940085
NOR,2006,no_capital,lnorm,no_prereg,d,0.318932384030389,0.183,0.292820437450728,0.36031124332595865,-0.9153726090787496
NOR,2006,no_capital,flat,all,mawd,1.0390391454756938,1.0,,,
NOR,2006,no_capital,flat,all,d,0.5887726840105705,1.0,,,
NOR,2007,no_capital,perm,all,mawd,0.790509222258577,0.992,0.24859783729322368,0.35195749253879377,3.826025005885285
NOR,2007,no_capital,perm,all,d,0.5060693419493238,0.989,0.29598384836861796,0.3560222859154545,2.6492538970044963
NOR,2007,no_capital,perm,no_prereg,mawd,0.1706877414651109,0.001,0.22197542204677828,0.3100141201056372,-2.2952943511978554
NOR,2007,no_capital,perm,no_prereg,d,0.27691606606248964,0.052,0.2763470347835864,0.3358980576654854,-1.3086618010472124
NOR,2007,no_capital,lnorm,all,mawd,0.790509222258577,0.989,0.27635180654734676,0.4074760422038097,3.0259091102708973
NOR,2007,no_capital,lnorm,all,d,0.5060693419493238,0.982,0.31394449814793596,0.38278057341182004,2.4608490054695253
NOR,2007,no_capital,lnorm,no_prereg,mawd,0.1706877414651109,0.0,0.24642895150182212,0.3541478587196113,-2.4242241714591852
NOR,2007,no_capital,lnorm,no_prereg,d,0.27691606606248964,0.02,0.292716830190655,0.36109203894804887,-1.7671396083488604
NOR,2007,no_capital,flat,all,mawd,0.790509222258577,1.0,,,
NOR,2007,no_capital,flat,all,d,0.5060693419493238,1.0,,,
NOR,2008,no_capital,perm,all,mawd,0.9140665420507814,0.995,0.24652999944584061,0.3538222101030951,4.219109489469911
NOR,2008,no_capital,perm,all,d,0.5395462119287365,0.995,0.29267702778640137,0.3613317222893076,2.990580274956754
NOR,2008,no_capital,perm,no_prereg,mawd,0.19154629880257815,0.01,0.22349402136118798,0.30970857385767936,-1.9297184075649039
NOR,2008,no_capital,perm,no_prereg,d,0.3173505074423964,0.3,0.27344901279034967,0.3385386568201719,-0.5821637238646231
NOR,2008,no_capital,lnorm,all,mawd,0.9140665420507814,0.992,0.28373141746409397,0.4318926379381578,3.170700610175004
NOR,2008,no_capital,lnorm,all,d,0.5395462119287365,0.988,0.3241876065521575,0.39559682898647486,2.6933193056424107
NOR,2008,no_capital,lnorm,no_prereg,mawd,0.19154629880257815,0.001,0.25629920185231925,0.3673332299300648,-2.2223824294227557
NOR,2008,no_capital,lnorm,no_prereg,d,0.3173505074423964,0.122,0.3026593875257064,0.3735664518617259,-1.1711827381523052
NOR,2008,no_capital,flat,all,mawd,0.9140665420507814,1.0,,,
NOR,2008,no_capital,flat,all,d,0.5395462119287365,1.0,,,
NOR,2009,no_capital,perm,all,mawd,0.6280872838029855,0.993,0.23221472557632952,0.32657922685276203,3.52223343060967
NOR,2009,no_capital,perm,all,d,0.44425386290377517,0.971,0.2844974789107717,0.35237785108566255,1.922241101349754
NOR,2009,no_capital,perm,no_prereg,mawd,0.1707100192128673,0.002,0.21920409571276087,0.30442795149863333,-2.136235149516142
NOR,2009,no_capital,perm,no_prereg,d,0.3064182528630326,0.256,0.2706244797077636,0.33401211198267855,-0.7246620793385231
NOR,2009,no_capital,lnorm,all,mawd,0.6280872838029855,0.972,0.2795481721857632,0.3987837267235059,2.295730155184961
NOR,2009,no_capital,lnorm,all,d,0.44425386290377517,0.929,0.3160894013949116,0.3794243780004808,1.5044696737249805
NOR,2009,no_capital,lnorm,no_prereg,mawd,0.1707100192128673,0.0,0.25406954371441465,0.3643547397147362,-2.432979755725473
NOR,2009,no_capital,lnorm,no_prereg,d,0.3064182528630326,0.082,0.29919544442145607,0.36682429892606794,-1.3502416096906333
NOR,2009,no_capital,flat,all,mawd,0.6280872838029855,1.0,,,
NOR,2009,no_capital,flat,all,d,0.44425386290377517,1.0,,,
NOR,2010,no_capital,perm,all,mawd,0.6603999571508117,0.993,0.24417403607678445,0.34159769826062814,3.425481796387865
NOR,2010,no_capital,perm,all,d,0.4562952877651299,0.971,0.2953104164880247,0.36652333655904423,1.8957185915964927
NOR,2010,no_capital,perm,no_prereg,mawd,0.19565263642715294,0.009,0.23018271855807668,0.31879793738116274,-1.93682939337987
NOR,2010,no_capital,perm,no_prereg,d,0.33944144723049685,0.411,0.28290349384773283,0.34999230395188397,-0.35885738075094076
NOR,2010,no_capital,lnorm,all,mawd,0.6603999571508117,0.971,0.29234475326732856,0.41494552362807097,2.241286062656538
NOR,2010,no_capital,lnorm,all,d,0.4562952877651299,0.924,0.3233366189998348,0.3901884630468362,1.47300193931889
NOR,2010,no_capital,lnorm,no_prereg,mawd,0.19565263642715294,0.001,0.2665080703997776,0.3791066891022302,-2.2316372353261706
NOR,2010,no_capital,lnorm,no_prereg,d,0.33944144723049685,0.2,0.3082054546849803,0.3793117568723017,-0.8740786572228082
NOR,2010,no_capital,flat,all,mawd,0.6603999571508117,1.0,,,
NOR,2010,no_capital,flat,all,d,0.4562952877651299,1.0,,,
NOR,2011,no_capital,perm,all,mawd,0.769907900127731,0.993,0.24689804100034735,0.35612456848542257,3.524866485025262
NOR,2011,no_capital,perm,all,d,0.4867752633730326,0.983,0.30041978690772636,0.37449877265743264,2.1719697252709946
NOR,2011,no_capital,perm,no_prereg,mawd,0.18732260602124573,0.004,0.2320627874375851,0.3259319516958823,-2.044861018039052
NOR,2011,no_capital,perm,no_prereg,d,0.33764245465247383,0.371,0.28370846079454504,0.3553342783037675,-0.45830003886017684
NOR,2011,no_capital,lnorm,all,mawd,0.769907900127731,0.975,0.2937651878358814,0.43520586837840636,2.481943469576268
NOR,2011,no_capital,lnorm,all,d,0.4867752633730326,0.964,0.328929803691897,0.3987544004461906,1.8400455901100257
NOR,2011,no_capital,lnorm,no_prereg,mawd,0.18732260602124573,0.0,0.2725770499949038,0.3880090668114995,-2.3179876946501494
NOR,2011,no_capital,lnorm,no_prereg,d,0.33764245465247383,0.176,0.3103226199395802,0.38167407158130884,-0.9632118995148135
NOR,2011,no_capital,flat,all,mawd,0.769907900127731,1.0,,,
NOR,2011,no_capital,flat,all,d,0.4867752633730326,1.0,,,
NOR,2012,no_capital,perm,all,mawd,0.7386938183800456,0.991,0.24664669830639988,0.3569661150998097,3.3123021418896252
NOR,2012,no_capital,perm,all,d,0.47278200971116213,0.961,0.3029320155323743,0.37952141375887216,1.8038352679626972
NOR,2012,no_capital,perm,no_prereg,mawd,0.1857039684052056,0.004,0.2314079311386414,0.33004409613233715,-2.0253356759322254
NOR,2012,no_capital,perm,no_prereg,d,0.3192220005162893,0.236,0.28339541489961234,0.3553908872327287,-0.7847548261598082
NOR,2012,no_capital,lnorm,all,mawd,0.7386938183800456,0.974,0.29222986275734875,0.4317182766086274,2.38014073190508
NOR,2012,no_capital,lnorm,all,d,0.47278200971116213,0.935,0.3278034990100491,0.39643929270098593,1.564228065255603
NOR,2012,no_capital,lnorm,no_prereg,mawd,0.1857039684052056,0.0,0.26689061037291606,0.3882615685470621,-2.2662828904099346
NOR,2012,no_capital,lnorm,no_prereg,d,0.3192220005162893,0.111,0.30438217493596564,0.375463862717652,-1.1945034999715618
NOR,2012,no_capital,flat,all,mawd,0.7386938183800456,1.0,,,
NOR,2012,no_capital,flat,all,d,0.47278200971116213,1.0,,,
NOR,2013,no_capital,perm,all,mawd,0.6786059508793965,0.991,0.24111753949121875,0.34738642827684885,3.1162921339468084
NOR,2013,no_capital,perm,all,d,0.4547039233341686,0.931,0.3012890045069261,0.3735439448009029,1.5797758229164347
NOR,2013,no_capital,perm,no_prereg,mawd,0.1855456993179935,0.005,0.23295710088700083,0.3271152373738908,-1.9729016263691956
NOR,2013,no_capital,perm,no_prereg,d,0.31103603186862305,0.185,0.27989235291395353,0.3531882396703626,-0.9035922748820375
NOR,2013,no_capital,lnorm,all,mawd,0.6786059508793965,0.954,0.29449942682888414,0.4316268725739039,2.019469103091941
NOR,2013,no_capital,lnorm,all,d,0.4547039233341686,0.868,0.3279853319887766,0.3966955186949156,1.1896628372996803
NOR,2013,no_capital,lnorm,no_prereg,mawd,0.1855456993179935,0.0,0.2703720125799215,0.3933756455376875,-2.277298739392584
NOR,2013,no_capital,lnorm,no_prereg,d,0.31103603186862305,0.059,0.3081461593348186,0.3783622620053795,-1.414664587462767
NOR,2013,no_capital,flat,all,mawd,0.6786059508793965,1.0,,,
NOR,2013,no_capital,flat,all,d,0.4547039233341686,1.0,,,
NOR,2014,no_capital,perm,all,mawd,0.6172479520390652,0.988,0.2478967023368001,0.3524812940997907,2.7076155954405428
NOR,2014,no_capital,perm,all,d,0.43526157800850285,0.897,0.3037473618802538,0.3749994099153425,1.2623822016597328
NOR,2014,no_capital,perm,no_prereg,mawd,0.1888620107454754,0.005,0.23371963510753094,0.3312850474590197,-1.985647578861888
NOR,2014,no_capital,perm,no_prereg,d,0.3034427416852214,0.119,0.28175563709221435,0.3551312668956066,-1.1032152103276165
NOR,2014,no_capital,lnorm,all,mawd,0.6172479520390652,0.93,0.29402577389508155,0.4279225516115749,1.662260519722626
NOR,2014,no_capital,lnorm,all,d,0.43526157800850285,0.775,0.32676682654506534,0.3946291330885219,0.8292010782371482
NOR,2014,no_capital,lnorm,no_prereg,mawd,0.1888620107454754,0.0,0.268341203478302,0.39005224489732004,-2.221928570135868
NOR,2014,no_capital,lnorm,no_prereg,d,0.3034427416852214,0.041,0.3066382126771425,0.3774458121635019,-1.535026381604699
NOR,2014,no_capital,flat,all,mawd,0.6172479520390652,1.0,,,
NOR,2014,no_capital,flat,all,d,0.43526157800850285,1.0,,,
POL,2000,no_capital,perm,all,mawd,0.34315770136851276,0.552,0.2655251108567444,0.33627135336356256,0.026855254559972824
POL,2000,no_capital,perm,all,d,0.29458781207116747,0.029,0.30351633434953196,0.3526218452921823,-1.6049828665483086
POL,2000,no_capital,perm,no_prereg,mawd,0.2830656005840992,0.173,0.2492346467096773,0.3269255793736383,-0.8765984161920779
POL,2000,no_capital,perm,no_prereg,d,0.27516288021555246,0.008,0.2919376435478432,0.34759995781159964,-1.8825858782793097
POL,2000,no_capital,lnorm,all,mawd,0.34315770136851276,0.424,0.2603168155941493,0.35305691348707396,-0.2243909720908226
POL,2000,no_capital,lnorm,all,d,0.29458781207116747,0.03,0.3039978967782964,0.36042537160750154,-1.7675731420548193
POL,2000,no_capital,lnorm,no_prereg,mawd,0.2830656005840992,0.158,0.2439760558533686,0.3420348308684654,-0.9557337387173056
POL,2000,no_capital,lnorm,no_prereg,d,0.27516288021555246,0.016,0.2923058693585035,0.35471585350995666,-1.939750662604024
POL,2000,no_capital,flat,all,mawd,0.34315770136851276,1.0,,,
POL,2000,no_capital,flat,all,d,0.29458781207116747,1.0,,,
POL,2001,no_capital,perm,all,mawd,0.3762702413328303,0.624,0.2801865878014586,0.3573145783466629,0.1869901431009236
POL,2001,no_capital,perm,all,d,0.31233762801962045,0.041,0.3163860809767685,0.3689355164600314,-1.5392247051463566
POL,2001,no_capital,perm,no_prereg,mawd,0.3289989077550339,0.367,0.26436443954426253,0.34969752409971355,-0.4577840828159425
POL,2001,no_capital,perm,no_prereg,d,0.2941644298621162,0.013,0.30665452630377177,0.3646125476108391,-1.76844539869816
POL,2001,no_capital,lnorm,all,mawd,0.3762702413328303,0.524,0.2764854140315625,0.3734670187365628,-0.040967339275915934
POL,2001,no_capital,lnorm,all,d,0.31233762801962045,0.034,0.3179575621489303,0.37523118427548857,-1.6525368696431277
POL,2001,no_capital,lnorm,no_prereg,mawd,0.3289989077550339,0.296,0.2592750759047457,0.36425292438039014,-0.567957407166682
POL,2001,no_capital,lnorm,no_prereg,d,0.2941644298621162,0.023,0.30717559137647393,0.37152865725341766,-1.813855287060978
POL,2001,no_capital,flat,all,mawd,0.3762702413328303,1.0,,,
POL,2001,no_capital,flat,all,d,0.31233762801962045,1.0,,,
POL,2002,no_capital,perm,all,mawd,0.36804672855268844,0.633,0.2743308451283953,0.34845802555211614,0.23982195830096856
POL,2002,no_capital,perm,all,d,0.316315322403778,0.08,0.31072688680997396,0.3618650020893929,-1.3227174636539232
POL,2002,no_capital,perm,no_prereg,mawd,0.3136448519181263,0.3,0.2622267268960105,0.342997817092981,-0.592171903615562
POL,2002,no_capital,perm,no_prereg,d,0.29700254596991066,0.04,0.3028665177297889,0.35922217539181,-1.6074989372274286
POL,2002,no_capital,lnorm,all,mawd,0.36804672855268844,0.575,0.26427286269648914,0.3579927141681848,0.0704580839300263
POL,2002,no_capital,lnorm,all,d,0.316315322403778,0.068,0.31305003783079766,0.3686647159143923,-1.4118999408303627
POL,2002,no_capital,lnorm,no_prereg,mawd,0.3136448519181263,0.278,0.24958943939864203,0.3525548405360565,-0.6228676084904038
POL,2002,no_capital,lnorm,no_prereg,d,0.29700254596991066,0.038,0.30097760999107953,0.3655188490978283,-1.6386179127100473
POL,2002,no_capital,flat,all,mawd,0.36804672855268844,1.0,,,
POL,2002,no_capital,flat,all,d,0.316315322403778,1.0,,,
POL,2003,no_capital,perm,all,mawd,0.3603715739799462,0.634,0.2755781414394093,0.34464263073251533,0.20609643472228265
POL,2003,no_capital,perm,all,d,0.3173457570171092,0.099,0.30665518619429843,0.3580415828130359,-1.2034015662104556
POL,2003,no_capital,perm,no_prereg,mawd,0.3057651814218507,0.253,0.259939293080217,0.33870199644014454,-0.6764274870744625
POL,2003,no_capital,perm,no_prereg,d,0.29994423375376583,0.053,0.2987800597310444,0.3546162748062815,-1.4462005628202528
POL,2003,no_capital,lnorm,all,mawd,0.3603715739799462,0.564,0.261852108723981,0.35123396475084756,0.06756610955671452
POL,2003,no_capital,lnorm,all,d,0.3173457570171092,0.106,0.30605070888575775,0.36114862901430345,-1.226330282193891
POL,2003,no_capital,lnorm,no_prereg,mawd,0.3057651814218507,0.265,0.2485662149913535,0.34694865441032163,-0.6710320346014027
POL,2003,no_capital,lnorm,no_prereg,d,0.29994423375376583,0.064,0.29721863934369,0.3583061913100728,-1.4237566124609313
POL,2003,no_capital,flat,all,mawd,0.3603715739799462,1.0,,,
POL,2003,no_capital,flat,all,d,0.3173457570171092,1.0,,,
POL,2004,no_capital,perm,all,mawd,0.3484738807394314,0.484,0.2786955087697061,0.35093815876900847,-0.10875148630033643
POL,2004,no_capital,perm,all,d,0.3137162985404394,0.062,0.31068772273568235,0.3624911292058167,-1.383710022629442
POL,2004,no_capital,perm,no_prereg,mawd,0.29684340425422134,0.182,0.26073058491048123,0.34199126929477747,-0.8938082925049984
POL,2004,no_capital,perm,no_prereg,d,0.29638661284705903,0.036,0.3012868213437528,0.3602650591066154,-1.56172361950754
POL,2004,no_capital,lnorm,all,mawd,0.3484738807394314,0.379,0.2680922028843456,0.36277517352024136,-0.3063086384462337
POL,2004,no_capital,lnorm,all,d,0.3137162985404394,0.055,0.31293448885468694,0.36961042363094354,-1.4981954961361057
POL,2004,no_capital,lnorm,no_prereg,mawd,0.29684340425422134,0.168,0.2551429194728957,0.3567690429129883,-0.9231090383683798
POL,2004,no_capital,lnorm,no_prereg,d,0.29638661284705903,0.035,0.30070867008704805,0.3662759771063815,-1.619326538805514
POL,2004,no_capital,flat,all,mawd,0.3484738807394314,1.0,,,
POL,2004,no_capital,flat,all,d,0.3137162985404394,1.0,,,
POL,2005,no_capital,perm,all,mawd,0.3347561928667076,0.353,0.2829063673002172,0.3522715101781996,-0.42682498892771426
POL,2005,no_capital,perm,all,d,0.321178571480935,0.096,0.31144013512641844,0.36023427387459594,-1.1799534759178403
POL,2005,no_capital,perm,no_prereg,mawd,0.282958646078378,0.112,0.2633584021387269,0.34493659141356436,-1.1632514847043058
POL,2005,no_capital,perm,no_prereg,d,0.30307055786838444,0.051,0.3028441705349217,0.3585600367972024,-1.432178745528062
POL,2005,no_capital,lnorm,all,mawd,0.3347561928667076,0.32,0.2711108473813109,0.35933049643387277,-0.4635387756724774
POL,2005,no_capital,lnorm,all,d,0.321178571480935,0.11,0.31128474898907754,0.3662561847551512,-1.2299310311035885
POL,2005,no_capital,lnorm,no_prereg,mawd,0.282958646078378,0.125,0.2547019251466251,0.3524163199093486,-1.0831630155378251
POL,2005,no_capital,lnorm,no_prereg,d,0.30307055786838444,0.066,0.29873852832673464,0.36247859068156885,-1.4167431799141847
POL,2005,no_capital,flat,all,mawd,0.3347561928667076,1.0,,,
POL,2005,no_capital,flat,all,d,0.321178571480935,1.0,,,
POL,2006,no_capital,perm,all,mawd,0.31136603829391585,0.259,0.27313986605720375,0.34181481089633836,-0.7028477020702069
POL,2006,no_capital,perm,all,d,0.3085222196808128,0.058,0.30525887160124465,0.3541792162893613,-1.3786543132235196
POL,2006,no_capital,perm,no_prereg,mawd,0.26537377019181957,0.069,0.2589923303720497,0.3369668181443658,-1.375783805508363
POL,2006,no_capital,perm,no_prereg,d,0.28793509782494076,0.026,0.29970993608974067,0.3547362938872207,-1.7342015892180942
POL,2006,no_capital,lnorm,all,mawd,0.31136603829391585,0.236,0.2637673952978941,0.35116311891373575,-0.7065177109453231
POL,2006,no_capital,lnorm,all,d,0.3085222196808128,0.076,0.30440284676556184,0.3595272281676193,-1.4098551559782169
POL,2006,no_capital,lnorm,no_prereg,mawd,0.26537377019181957,0.09,0.2494904034279437,0.3443738884377684,-1.2668790118297193
POL,2006,no_capital,lnorm,no_prereg,d,0.28793509782494076,0.03,0.29488655505515243,0.35983940940741177,-1.7173372134508682
POL,2006,no_capital,flat,all,mawd,0.31136603829391585,1.0,,,
POL,2006,no_capital,flat,all,d,0.3085222196808128,1.0,,,
POL,2007,no_capital,perm,all,mawd,0.2977475797375626,0.166,0.27185285117024166,0.33915076799129784,-0.9556638933315829
POL,2007,no_capital,perm,all,d,0.30740169882002244,0.05,0.30750157351653595,0.35070515729140117,-1.4391740671392306
POL,2007,no_capital,perm,no_prereg,mawd,0.2568848706333509,0.05,0.25687579620490436,0.33258715389104676,-1.5084573235799106
POL,2007,no_capital,perm,no_prereg,d,0.28897287846685954,0.028,0.2989106313159204,0.35159997935310877,-1.765054292523537
POL,2007,no_capital,lnorm,all,mawd,0.2977475797375626,0.211,0.25623482634823425,0.3409030796641992,-0.7930430977201866
POL,2007,no_capital,lnorm,all,d,0.30740169882002244,0.069,0.30360478908306565,0.3556325670589737,-1.3980140655662656
POL,2007,no_capital,lnorm,no_prereg,mawd,0.2568848706333509,0.084,0.24486530385968466,0.33383514788700186,-1.2796722164140417
POL,2007,no_capital,lnorm,no_prereg,d,0.28897287846685954,0.038,0.292593936179771,0.3542785620917448,-1.6657639140443965
POL,2007,no_capital,flat,all,mawd,0.2977475797375626,1.0,,,
POL,2007,no_capital,flat,all,d,0.30740169882002244,1.0,,,
POL,2008,no_capital,perm,all,mawd,0.2996633022620604,0.2,0.2687848882418553,0.33759816761908346,-0.8534638539185009
POL,2008,no_capital,perm,all,d,0.31236048468432004,0.082,0.3074220845500983,0.34815831502112726,-1.2459241820917228
POL,2008,no_capital,perm,no_prereg,mawd,0.25842693033030073,0.061,0.25409489259143647,0.33295006867003063,-1.4219944678100145
POL,2008,no_capital,perm,no_prereg,d,0.2973697547009771,0.045,0.29866358644077345,0.3495727309029041,-1.5189094162987176
POL,2008,no_capital,lnorm,all,mawd,0.2996633022620604,0.222,0.25362368799930707,0.3405331568640997,-0.7551263648998325
POL,2008,no_capital,lnorm,all,d,0.31236048468432004,0.101,0.3026737337961047,0.35663757487305203,-1.26255909626392
POL,2008,no_capital,lnorm,no_prereg,mawd,0.25842693033030073,0.093,0.24218932943933372,0.3340639997845612,-1.2441588801421202
POL,2008,no_capital,lnorm,no_prereg,d,0.2973697547009771,0.063,0.29365121501301095,0.35697458353885825,-1.4871843816564656
POL,2008,no_capital,flat,all,mawd,0.2996633022620604,1.0,,,
POL,2008,no_capital,flat,all,d,0.31236048468432004,1.0,,,
POL,2009,no_capital,perm,all,mawd,0.2834117483082213,0.145,0.2614152191577103,0.33049607131205805,-1.0547913405820875
POL,2009,no_capital,perm,all,d,0.30087591942520736,0.05,0.3014286539576912,0.34396144598280176,-1.410082496772303
POL,2009,no_capital,perm,no_prereg,mawd,0.24570779159706765,0.045,0.2493747399861497,0.3298690277660824,-1.554172500496658
POL,2009,no_capital,perm,no_prereg,d,0.28746123052698513,0.028,0.2941201913860437,0.3456079251030711,-1.6293776052466062
POL,2009,no_capital,lnorm,all,mawd,0.2834117483082213,0.172,0.2476090314005012,0.3312678390239574,-0.8941988396332958
POL,2009,no_capital,lnorm,all,d,0.30087591942520736,0.077,0.2943461807179871,0.34986516601390677,-1.3566197859106397
POL,2009,no_capital,lnorm,no_prereg,mawd,0.24570779159706765,0.071,0.2363515936298131,0.3291029343624928,-1.3661954537559347
POL,2009,no_capital,lnorm,no_prereg,d,0.28746123052698513,0.047,0.2880633791454684,0.3518554342897301,-1.5607982893655328
POL,2009,no_capital,flat,all,mawd,0.2834117483082213,1.0,,,
POL,2009,no_capital,flat,all,d,0.30087591942520736,1.0,,,
POL,2010,no_capital,perm,all,mawd,0.29072525714430525,0.135,0.2693325333867998,0.34520855201987194,-1.106620097469582
POL,2010,no_capital,perm,all,d,0.29208760800202344,0.006,0.3132312337086123,0.35964669040018515,-1.87236750284863
POL,2010,no_capital,perm,no_prereg,mawd,0.25043977954212854,0.041,0.2539400437386826,0.3393554146849851,-1.594331807757452
POL,2010,no_capital,perm,no_prereg,d,0.2729391391656575,0.007,0.3051158268076208,0.3623227603875532,-2.14635769004759
POL,2010,no_capital,lnorm,all,mawd,0.29072525714430525,0.138,0.26134662241033013,0.3506668467716021,-1.0462398071228154
POL,2010,no_capital,lnorm,all,d,0.29208760800202344,0.017,0.30848359925028457,0.3683981489936473,-1.971773618415858
POL,2010,no_capital,lnorm,no_prereg,mawd,0.25043977954212854,0.05,0.25054704116558496,0.3458433728664657,-1.4873438689565794
POL,2010,no_capital,lnorm,no_prereg,d,0.2729391391656575,0.009,0.3028541274543384,0.36995830621481096,-2.2063144019405843
POL,2010,no_capital,flat,all,mawd,0.29072525714430525,1.0,,,
POL,2010,no_capital,flat,all,d,0.29208760800202344,1.0,,,
POL,2011,no_capital,perm,all,mawd,0.27825946759336534,0.1,0.2651993516029887,0.33996923442914573,-1.238297845343612
POL,2011,no_capital,perm,all,d,0.2838307211689672,0.002,0.3127908058060152,0.3624019923140987,-1.9910006078276086
POL,2011,no_capital,perm,no_prereg,mawd,0.24170208129943938,0.03,0.2516324025555732,0.3342567673843037,-1.647077544482118
POL,2011,no_capital,perm,no_prereg,d,0.26744647117269027,0.002,0.3057613524206957,0.36441746653585616,-2.2205248710683163
POL,2011,no_capital,lnorm,all,mawd,0.27825946759336534,0.087,0.263238973443543,0.35243335308288914,-1.2700848567902832
POL,2011,no_capital,lnorm,all,d,0.2838307211689672,0.006,0.3133832383862096,0.37427151222772925,-2.285993736344439
POL,2011,no_capital,lnorm,no_prereg,mawd,0.24170208129943938,0.035,0.2514386452522377,0.3468851477424836,-1.6204822626319588
POL,2011,no_capital,lnorm,no_prereg,d,0.26744647117269027,0.006,0.3094608051670046,0.37670106278539583,-2.4299930331783117
POL,2011,no_capital,flat,all,mawd,0.27825946759336534,1.0,,,
POL,2011,no_capital,flat,all,d,0.2838307211689672,1.0,,,
POL,2012,no_capital,perm,all,mawd,0.29059903828171607,0.133,0.2718725544095993,0.3422193809089036,-1.0915075932094762
POL,2012,no_capital,perm,all,d,0.2946289451254236,0.013,0.3094895827494059,0.35944143378377047,-1.7299385051029113
POL,2012,no_capital,perm,no_prereg,mawd,0.2557655730062622,0.046,0.2581687555759232,0.3386995652274704,-1.4988292139795636
POL,2012,no_capital,perm,no_prereg,d,0.2773876431688502,0.01,0.301849285170272,0.3612192519749192,-1.9783252861993372
POL,2012,no_capital,lnorm,all,mawd,0.29059903828171607,0.121,0.2675866671692717,0.3552992240169079,-1.1126775079375402
POL,2012,no_capital,lnorm,all,d,0.2946289451254236,0.02,0.30945266857671483,0.370323042608685,-1.935959839278938
POL,2012,no_capital,lnorm,no_prereg,mawd,0.2557655730062622,0.052,0.2537047810803093,0.3482042583175256,-1.4649673507337497
POL,2012,no_capital,lnorm,no_prereg,d,0.2773876431688502,0.01,0.3041720173245386,0.37046383232474533,-2.1428081633095433
POL,2012,no_capital,flat,all,mawd,0.29059903828171607,1.0,,,
POL,2012,no_capital,flat,all,d,0.2946289451254236,1.0,,,
POL,2013,no_capital,perm,all,mawd,0.2859969454563973,0.114,0.26982575750293725,0.33977064632461396,-1.1566356108437696
POL,2013,no_capital,perm,all,d,0.2968786366246277,0.018,0.30850309317327207,0.3566333922518341,-1.5976324146841006
POL,2013,no_capital,perm,no_prereg,mawd,0.25357741905628706,0.045,0.2544321237945448,0.3372401878738577,-1.5223524836368192
POL,2013,no_capital,perm,no_prereg,d,0.2773760397604442,0.01,0.3025098740874757,0.3583755305722294,-1.8910289834091236
POL,2013,no_capital,lnorm,all,mawd,0.2859969454563973,0.11,0.2639486304231349,0.3529103553710356,-1.1639282010329262
POL,2013,no_capital,lnorm,all,d,0.2968786366246277,0.031,0.30721197338435197,0.36745466688740713,-1.8001797887963649
POL,2013,no_capital,lnorm,no_prereg,mawd,0.25357741905628706,0.051,0.2518300458402945,0.34608985192759184,-1.4818050300746677
POL,2013,no_capital,lnorm,no_prereg,d,0.2773760397604442,0.01,0.30096305799391,0.3683691381814992,-2.0595358625477833
POL,2013,no_capital,flat,all,mawd,0.2859969454563973,1.0,,,
POL,2013,no_capital,flat,all,d,0.2968786366246277,1.0,,,
POL,2014,no_capital,perm,all,mawd,0.28396013131840164,0.114,0.26959452131706935,0.3388529427293473,-1.1799308409937548
POL,2014,no_capital,perm,all,d,0.2979026909435439,0.021,0.30781173029081416,0.35596610206888646,-1.558294798181869
POL,2014,no_capital,perm,no_prereg,mawd,0.24888600995301818,0.04,0.253414580323269,0.3356105605335057,-1.593128441601836
POL,2014,no_capital,perm,no_prereg,d,0.27798014060499854,0.012,0.30104189785593416,0.3575599863439638,-1.860440231033469
POL,2014,no_capital,lnorm,all,mawd,0.28396013131840164,0.107,0.2637393990746184,0.351851443666399,-1.1772557367631313
POL,2014,no_capital,lnorm,all,d,0.2979026909435439,0.035,0.3062332977622918,0.3663238235167563,-1.744853437123448
POL,2014,no_capital,lnorm,no_prereg,mawd,0.24888600995301818,0.048,0.2513065658555614,0.345177194175828,-1.536747986563002
POL,2014,no_capital,lnorm,no_prereg,d,0.27798014060499854,0.012,0.29970820178230667,0.36715703251939497,-2.0166445667756667
POL,2014,no_capital,flat,all,mawd,0.28396013131840164,1.0,,,
POL,2014,no_capital,flat,all,d,0.2979026909435439,1.0,,,
PRT,2000,no_capital,perm,all,mawd,0.45218243491217286,0.628,0.30626710297796983,0.4209635949786754,0.1942645909677311
PRT,2000,no_capital,perm,all,d,0.4227776165683886,0.517,0.33701904686565337,0.42054059849256253,-0.10189158298021728
PRT,2000,no_capital,perm,no_prereg,mawd,0.28332453509510425,0.066,0.2739880164083807,0.39829448883428276,-1.2569965462113923
PRT,2000,no_capital,perm,no_prereg,d,0.28229296393909276,0.004,0.3176307737890288,0.400224937547931,-1.7563859374001562
PRT,2000,no_capital,lnorm,all,mawd,0.45218243491217286,0.334,0.35092720447362935,0.4883026254890285,-0.47608286232375957
PRT,2000,no_capital,lnorm,all,d,0.4227776165683886,0.39,0.3600699168547578,0.4368219352155486,-0.35371446806672263
PRT,2000,no_capital,lnorm,no_prereg,mawd,0.28332453509510425,0.017,0.31792537549013167,0.46636260452675493,-1.658653688565666
PRT,2000,no_capital,lnorm,no_prereg,d,0.28229296393909276,0.003,0.33952115425779605,0.42365262064419407,-2.3645894767730757
PRT,2000,no_capital,flat,all,mawd,0.45218243491217286,1.0,,,
PRT,2000,no_capital,flat,all,d,0.4227776165683886,1.0,,,
PRT,2001,no_capital,perm,all,mawd,0.46015830888716674,0.628,0.311107991475054,0.4305809373196464,0.17658007963733752
PRT,2001,no_capital,perm,all,d,0.4356408303316187,0.534,0.34225763105368123,0.4285435359911499,-0.04964191935919546
PRT,2001,no_capital,perm,no_prereg,mawd,0.28314507110329584,0.06,0.2779757541011112,0.4078360686682023,-1.2964406274516862
PRT,2001,no_capital,perm,no_prereg,d,0.28646763648470003,0.004,0.3223070693979663,0.4103033559599737,-1.730198989750376
PRT,2001,no_capital,lnorm,all,mawd,0.46015830888716674,0.34,0.3542303836411357,0.49751016588278624,-0.47449996757088236
PRT,2001,no_capital,lnorm,all,d,0.4356408303316187,0.432,0.363782957034885,0.4454844874857436,-0.2636895479311262
PRT,2001,no_capital,lnorm,no_prereg,mawd,0.28314507110329584,0.015,0.3259023965011396,0.4763647917679276,-1.6743901752738337
PRT,2001,no_capital,lnorm,no_prereg,d,0.28646763648470003,0.003,0.3442992249866444,0.433863655834702,-2.3589959918704033
PRT,2001,no_capital,flat,all,mawd,0.46015830888716674,1.0,,,
PRT,2001,no_capital,flat,all,d,0.4356408303316187,1.0,,,
PRT,2002,no_capital,perm,all,mawd,0.47321868907033476,0.621,0.31446085243946026,0.4444719436036174,0.15639045442104518
PRT,2002,no_capital,perm,all,d,0.4441065428998053,0.545,0.34647733017781673,0.43484918717276805,-0.04597718794448534
PRT,2002,no_capital,perm,no_prereg,mawd,0.2817719430661018,0.049,0.28400609612505007,0.4223208275725223,-1.3443010927024688
PRT,2002,no_capital,perm,no_prereg,d,0.2922242077488778,0.005,0.326803029562897,0.4193665155762155,-1.6754015860284934
PRT,2002,no_capital,lnorm,all,mawd,0.47321868907033476,0.335,0.36061435205644854,0.5135113752288849,-0.4770858414989849
PRT,2002,no_capital,lnorm,all,d,0.4441065428998053,0.451,0.3680557589230715,0.4500950594019193,-0.2199562742018329
PRT,2002,no_capital,lnorm,no_prereg,mawd,0.2817719430661018,0.012,0.33379541267718627,0.49341774010518163,-1.7215551057597447
PRT,2002,no_capital,lnorm,no_prereg,d,0.2922242077488778,0.003,0.3504610402544328,0.44116603322989384,-2.299269928228903
PRT,2002,no_capital,flat,all,mawd,0.47321868907033476,1.0,,,
PRT,2002,no_capital,flat,all,d,0.4441065428998053,1.0,,,
PRT,2003,no_capital,perm,all,mawd,0.5037562234367979,0.683,0.32125018998045596,0.4537190713988677,0.3425963913209698
PRT,2003,no_capital,perm,all,d,0.4659660711259884,0.618,0.3488406409694575,0.440366588493298,0.17404047783908494
PRT,2003,no_capital,perm,no_prereg,mawd,0.29322539266799413,0.061,0.2879081081197903,0.4284060092020976,-1.2814414968744634
PRT,2003,no_capital,perm,no_prereg,d,0.3001794503810548,0.006,0.3272978677705813,0.42152514959735776,-1.6081499294725508
PRT,2003,no_capital,lnorm,all,mawd,0.5037562234367979,0.402,0.37114782879935293,0.528024812437568,-0.33590083742323107
PRT,2003,no_capital,lnorm,all,d,0.4659660711259884,0.566,0.3721356189342369,0.4560974828635125,0.06159062200070247
PRT,2003,no_capital,lnorm,no_prereg,mawd,0.29322539266799413,0.012,0.3397530651489989,0.5051707429213668,-1.695850921013643
PRT,2003,no_capital,lnorm,no_prereg,d,0.3001794503810548,0.004,0.3515306758910886,0.4444215060679192,-2.217874234754326
PRT,2003,no_capital,flat,all,mawd,0.5037562234367979,1.0,,,
PRT,2003,no_capital,flat,all,d,0.4659660711259884,1.0,,,
PRT,2004,no_capital,perm,all,mawd,0.502507364813857,0.668,0.3235129993522513,0.4555861715647334,0.3024902293908132
PRT,2004,no_capital,perm,all,d,0.47435982576042035,0.65,0.3517639806345463,0.44245985539486765,0.26499500736451004
PRT,2004,no_capital,perm,no_prereg,mawd,0.28502092730213735,0.047,0.28603380623477614,0.42859638634037767,-1.366377801989564
PRT,2004,no_capital,perm,no_prereg,d,0.29526131297491015,0.005,0.32823672254300473,0.4211509760514627,-1.6545151813021437
PRT,2004,no_capital,lnorm,all,mawd,0.502507364813857,0.368,0.37774643346940456,0.5387953897348126,-0.41923905518854937
PRT,2004,no_capital,lnorm,all,d,0.47435982576042035,0.594,0.3750500384602657,0.46003770343448314,0.14129562222805195
PRT,2004,no_capital,lnorm,no_prereg,mawd,0.28502092730213735,0.011,0.3435528330025601,0.5125331439445638,-1.7736066921392877
PRT,2004,no_capital,lnorm,no_prereg,d,0.29526131297491015,0.003,0.35258877433531666,0.4458263224502853,-2.291049599726704
PRT,2004,no_capital,flat,all,mawd,0.502507364813857,1.0,,,
PRT,2004,no_capital,flat,all,d,0.47435982576042035,1.0,,,
PRT,2005,no_capital,perm,all,mawd,0.5075414979010037,0.65,0.3272184662261771,0.4658749538367302,0.2406325769827875
PRT,2005,no_capital,perm,all,d,0.47485861007695995,0.664,0.3519716117785722,0.44129706322221507,0.2959433679450051
PRT,2005,no_capital,perm,no_prereg,mawd,0.2831446363082069,0.036,0.2912623991888927,0.4356189234456504,-1.4030120391718461
PRT,2005,no_capital,perm,no_prereg,d,0.2796027630337986,0.002,0.32804843017230395,0.41747941628094365,-1.8212969809838955
PRT,2005,no_capital,lnorm,all,mawd,0.5075414979010037,0.326,0.38782048691715293,0.557980527225844,-0.5042899955122503
PRT,2005,no_capital,lnorm,all,d,0.47485861007695995,0.591,0.37735656373958737,0.4618093196833496,0.117558652287184
PRT,2005,no_capital,lnorm,no_prereg,mawd,0.2831446363082069,0.009,0.34857205768293476,0.5267356279203308,-1.8312667927001207
PRT,2005,no_capital,lnorm,no_prereg,d,0.2796027630337986,0.001,0.3569497211684917,0.44541592974567623,-2.504195651755201
PRT,2005,no_capital,flat,all,mawd,0.5075414979010037,1.0,,,
PRT,2005,no_capital,flat,all,d,0.47485861007695995,1.0,,,
PRT,2006,no_capital,perm,all,mawd,0.5322766853830045,0.687,0.33815135199301766,0.47604664291058957,0.37713790320236945
PRT,2006,no_capital,perm,all,d,0.49425474387013885,0.727,0.3590854039240936,0.44878703674010567,0.4682615275607775
PRT,2006,no_capital,perm,no_prereg,mawd,0.28517767895139046,0.028,0.29981158281226755,0.4419509142169252,-1.4621010656341054
PRT,2006,no_capital,perm,no_prereg,d,0.28499963371967046,0.001,0.3343308676474411,0.42234776831248855,-1.8505811757378918
PRT,2006,no_capital,lnorm,all,mawd,0.5322766853830045,0.369,0.39628108258031,0.5683664044590033,-0.4130284005641482
PRT,2006,no_capital,lnorm,all,d,0.49425474387013885,0.659,0.38386107350054705,0.4688922917477966,0.3299296709031
PRT,2006,no_capital,lnorm,no_prereg,mawd,0.28517767895139046,0.008,0.3558846716162525,0.5323442865093924,-1.8814226035556905
PRT,2006,no_capital,lnorm,no_prereg,d,0.28499963371967046,0.002,0.3621878150262435,0.4498018230111207,-2.5121195844283437
PRT,2006,no_capital,flat,all,mawd,0.5322766853830045,1.0,,,
PRT,2006,no_capital,flat,all,d,0.49425474387013885,1.0,,,
PRT,2007,no_capital,perm,all,mawd,0.5528959482090374,0.737,0.3424933270413978,0.4786053524940599,0.5485852466762899
PRT,2007,no_capital,perm,all,d,0.5065533188391554,0.769,0.3577308484928358,0.4483301449002314,0.6399358023266974
PRT,2007,no_capital,perm,no_prereg,mawd,0.2899839806747451,0.036,0.3007716361909462,0.4396225954564291,-1.450855622990591
PRT,2007,no_capital,perm,no_prereg,d,0.28297991316677773,0.001,0.332863699549832,0.4178532171012963,-1.862220200225078
PRT,2007,no_capital,lnorm,all,mawd,0.5528959482090374,0.435,0.39880433354239025,0.5691460712246451,-0.2729041367260477
PRT,2007,no_capital,lnorm,all,d,0.5065533188391554,0.732,0.38261874156114545,0.46904277424956303,0.5243634201728591
PRT,2007,no_capital,lnorm,no_prereg,mawd,0.2899839806747451,0.008,0.35671803765121257,0.5243578751229286,-1.869776203476515
PRT,2007,no_capital,lnorm,no_prereg,d,0.28297991316677773,0.001,0.3574433834775755,0.44197648541364354,-2.473384208667782
PRT,2007,no_capital,flat,all,mawd,0.5528959482090374,1.0,,,
PRT,2007,no_capital,flat,all,d,0.5065533188391554,1.0,,,
PRT,2008,no_capital,perm,all,mawd,0.5500711027003969,0.72,0.33941448292043946,0.47956878201300535,0.5130401456892023
PRT,2008,no_capital,perm,all,d,0.521873260876867,0.801,0.35789251007460404,0.45183839040911816,0.8037647604923318
PRT,2008,no_capital,perm,no_prereg,mawd,0.26835514053082377,0.019,0.30191346897950067,0.43380906807224023,-1.6647412354684055
PRT,2008,no_capital,perm,no_prereg,d,0.260822022179241,0.001,0.3312912603863375,0.41563210789132643,-2.1311455854014865
PRT,2008,no_capital,lnorm,all,mawd,0.5500711027003969,0.399,0.4075823971430146,0.5789125769442935,-0.3552245166144816
PRT,2008,no_capital,lnorm,all,d,0.521873260876867,0.765,0.38578509135358274,0.4749912534003895,0.6760519391512672
PRT,2008,no_capital,lnorm,no_prereg,mawd,0.26835514053082377,0.006,0.3544620340057304,0.5280740316235785,-2.056129765640304
PRT,2008,no_capital,lnorm,no_prereg,d,0.260822022179241,0.0,0.3573426678200375,0.44296392198291146,-2.8429025823236356
PRT,2008,no_capital,flat,all,mawd,0.5500711027003969,1.0,,,
PRT,2008,no_capital,flat,all,d,0.521873260876867,1.0,,,
PRT,2009,no_capital,perm,all,mawd,0.5699603215718383,0.813,0.3325647934634757,0.46703529221354645,0.8052468388185683
PRT,2009,no_capital,perm,all,d,0.5102908017261483,0.834,0.3490830340606411,0.43495195165360206,0.8991601029249279
PRT,2009,no_capital,perm,no_prereg,mawd,0.28791448603153236,0.04,0.2947045616399528,0.42810594847556993,-1.422512361650115
PRT,2009,no_capital,perm,no_prereg,d,0.28483336900846157,0.002,0.3293150410621935,0.41214758081383235,-1.8803550767248058
PRT,2009,no_capital,lnorm,all,mawd,0.5699603215718383,0.54,0.3913362329806671,0.5560833631432561,-0.031737732383902865
PRT,2009,no_capital,lnorm,all,d,0.5102908017261483,0.811,0.3733553405823521,0.45528885319048334,0.8603206805122351
PRT,2009,no_capital,lnorm,no_prereg,mawd,0.28791448603153236,0.009,0.3469830248843451,0.5160884189752253,-1.8459065623645394
PRT,2009,no_capital,lnorm,no_prereg,d,0.28483336900846157,0.002,0.3525717357859091,0.4343145996527127,-2.548646552156378
PRT,2009,no_capital,flat,all,mawd,0.5699603215718383,1.0,,,
PRT,2009,no_capital,flat,all,d,0.5102908017261483,1.0,,,
PRT,2010,no_capital,perm,all,mawd,0.5964796653456713,0.815,0.3384090077754791,0.4823905675960706,0.8175460032357967
PRT,2010,no_capital,perm,all,d,0.5423612070654389,0.877,0.3523475429783999,0.44481673194524096,1.0768646205004935
PRT,2010,no_capital,perm,no_prereg,mawd,0.28014398109520233,0.028,0.29712124945960466,0.431831051763897,-1.5526734133437465
PRT,2010,no_capital,perm,no_prereg,d,0.2777933112148414,0.001,0.3298270660090004,0.41549142834924513,-1.9848413972169345
PRT,2010,no_capital,lnorm,all,mawd,0.5964796653456713,0.541,0.40166593247918914,0.5836261291277169,-0.04077713586541804
PRT,2010,no_capital,lnorm,all,d,0.5423612070654389,0.84,0.38034854557090897,0.46722323523349363,1.0449140725431563
PRT,2010,no_capital,lnorm,no_prereg,mawd,0.28014398109520233,0.007,0.3538146081175685,0.5267382385410895,-1.9789687590650913
PRT,2010,no_capital,lnorm,no_prereg,d,0.2777933112148414,0.001,0.35738664711652723,0.4402300845052146,-2.6984998687527373
PRT,2010,no_capital,flat,all,mawd,0.5964796653456713,1.0,,,
PRT,2010,no_capital,flat,all,d,0.5423612070654389,1.0,,,
PRT,2011,no_capital,perm,all,mawd,0.5979256634126416,0.79,0.3446385783622308,0.49419472222015143,0.7216756727092692
PRT,2011,no_capital,perm,all,d,0.549265312438658,0.87,0.3586357210959245,0.45493417015002746,1.08596559040041
PRT,2011,no_capital,perm,no_prereg,mawd,0.27405978120544144,0.017,0.30141295961951187,0.4438129561279014,-1.7479380991173232
PRT,2011,no_capital,perm,no_prereg,d,0.2725366339888034,0.001,0.33673726496461587,0.423544668818696,-2.280632433473853
PRT,2011,no_capital,lnorm,all,mawd,0.5979256634126416,0.497,0.4158914107514831,0.5985428232290704,-0.15945355829031954
PRT,2011,no_capital,lnorm,all,d,0.549265312438658,0.848,0.3887544661842088,0.47700762207443914,1.0493591152308606
PRT,2011,no_capital,lnorm,no_prereg,mawd,0.27405978120544144,0.006,0.3629898508376771,0.5394709360498158,-2.1292654790217007
PRT,2011,no_capital,lnorm,no_prereg,d,0.2725366339888034,0.001,0.3640702311075306,0.4500990633845052,-3.0800906066883367
PRT,2011,no_capital,flat,all,mawd,0.5979256634126416,1.0,,,
PRT,2011,no_capital,flat,all,d,0.549265312438658,1.0,,,
PRT,2012,no_capital,perm,all,mawd,0.7221790350548053,0.891,0.35287900300028563,0.510558250644449,1.2051403549997575
PRT,2012,no_capital,perm,all,d,0.6474768924792169,0.95,0.366289371624975,0.4602910446743128,1.7086157080317463
PRT,2012,no_capital,perm,no_prereg,mawd,0.2830573464771804,0.019,0.3099228153363913,0.4489611954657091,-1.7484105139105082
PRT,2012,no_capital,perm,no_prereg,d,0.2840216757126386,0.001,0.34164703524399814,0.4283251625730419,-2.1711705121201326
PRT,2012,no_capital,lnorm,all,mawd,0.7221790350548053,0.7,0.4267567142789603,0.6270474905898442,0.35764678846642134
PRT,2012,no_capital,lnorm,all,d,0.6474768924792169,0.937,0.39204038826343296,0.48708150898013436,1.7843886542256804
PRT,2012,no_capital,lnorm,no_prereg,mawd,0.2830573464771804,0.005,0.3684170487057147,0.5537969721073174,-2.136003083756858
PRT,2012,no_capital,lnorm,no_prereg,d,0.2840216757126386,0.001,0.36878609369983756,0.45659086905374097,-2.9418375106167596
PRT,2012,no_capital,flat,all,mawd,0.7221790350548053,1.0,,,
PRT,2012,no_capital,flat,all,d,0.6474768924792169,1.0,,,
PRT,2013,no_capital,perm,all,mawd,0.81756569335126,0.926,0.351402308977747,0.5164546928739091,1.3531256984933615
PRT,2013,no_capital,perm,all,d,0.7149742987400293,0.965,0.36377136758098755,0.4621701790297149,1.9809459614665719
PRT,2013,no_capital,perm,no_prereg,mawd,0.28958797031066824,0.02,0.3131467403915752,0.45417657699884373,-1.682120377649771
PRT,2013,no_capital,perm,no_prereg,d,0.28399473551635285,0.001,0.34446162217374554,0.43098402991083967,-2.1538749314300065
PRT,2013,no_capital,lnorm,all,mawd,0.81756569335126,0.79,0.4336052034395913,0.6446356326962328,0.6473126867839121
PRT,2013,no_capital,lnorm,all,d,0.7149742987400293,0.953,0.39383998383233626,0.4905288478099666,2.1048299115233355
PRT,2013,no_capital,lnorm,no_prereg,mawd,0.28958797031066824,0.006,0.37305308121433756,0.5655225994978166,-2.1150729756808277
PRT,2013,no_capital,lnorm,no_prereg,d,0.28399473551635285,0.001,0.3705512673643667,0.46083009741903425,-2.961733911560098
PRT,2013,no_capital,flat,all,mawd,0.81756569335126,1.0,,,
PRT,2013,no_capital,flat,all,d,0.7149742987400293,1.0,,,
PRT,2014,no_capital,perm,all,mawd,0.8276556139944303,0.928,0.3506277913037213,0.5169727104024349,1.35933423276048
PRT,2014,no_capital,perm,all,d,0.7151187824590115,0.965,0.36358813630106246,0.46200492978183727,1.9761556261556197
PRT,2014,no_capital,perm,no_prereg,mawd,0.2874352306633323,0.02,0.3135693640683072,0.45348784558219923,-1.7104857160834563
PRT,2014,no_capital,perm,no_prereg,d,0.2831070374546171,0.001,0.3444065501376969,0.43150724565968523,-2.167535784433811
PRT,2014,no_capital,lnorm,all,mawd,0.8276556139944303,0.794,0.4331287049535784,0.6436952605545073,0.6739930053374419
PRT,2014,no_capital,lnorm,all,d,0.7151187824590115,0.953,0.39431446790107794,0.4903368277379473,2.1022460140942196
PRT,2014,no_capital,lnorm,no_prereg,mawd,0.2874352306633323,0.006,0.3737519988971675,0.5643994571774807,-2.139614403676221
PRT,2014,no_capital,lnorm,no_prereg,d,0.2831070374546171,0.0,0.3709224051325132,0.4605338786098401,-2.9793317946216775
PRT,2014,no_capital,flat,all,mawd,0.8276556139944303,1.0,,,
PRT,2014,no_capital,flat,all,d,0.7151187824590115,1.0,,,
ROU,2000,no_capital,perm,all,mawd,0.6113779762440252,0.997,0.26268419106733254,0.35633497548686816,3.6749919280698577
ROU,2000,no_capital,perm,all,d,0.49162904416403064,0.963,0.33139273014982684,0.4015627237438952,1.8944009286636723
ROU,2000,no_capital,perm,no_prereg,mawd,0.44797444290156535,0.926,0.2332987859408703,0.33047907959739764,1.4656387885967326
ROU,2000,no_capital,perm,no_prereg,d,0.26596340658531104,0.005,0.2994978691420934,0.3585834314545425,-2.491613130070501
ROU,2000,no_capital,lnorm,all,mawd,0.6113779762440252,0.99,0.26207000405006153,0.370278696236115,2.986615963845161
ROU,2000,no_capital,lnorm,all,d,0.49162904416403064,0.981,0.32732073935826467,0.39606809412410493,2.1388971910744883
ROU,2000,no_capital,lnorm,no_prereg,mawd,0.44797444290156535,0.867,0.2377472111569693,0.3471871706004778,1.1122024721926351
ROU,2000,no_capital,lnorm,no_prereg,d,0.26596340658531104,0.003,0.29798996598382854,0.3583778430638431,-2.4287937051647552
ROU,2000,no_capital,flat,all,mawd,0.6113779762440252,1.0,,,
ROU,2000,no_capital,flat,all,d,0.49162904416403064,1.0,,,
ROU,2001,no_capital,perm,all,mawd,0.5147942766957888,0.985,0.23849350188707538,0.3314586661982065,2.517299419443055
ROU,2001,no_capital,perm,all,d,0.4624674368885315,0.943,0.30540630716557055,0.3775082474398457,1.7714266087400823
ROU,2001,no_capital,perm,no_prereg,mawd,0.363706495457259,0.733,0.21153341970064707,0.3071145982343031,0.549487647301165
ROU,2001,no_capital,perm,no_prereg,d,0.22817799462432042,0.0,0.2739850034635074,0.32992312508720933,-2.991139690659349
ROU,2001,no_capital,lnorm,all,mawd,0.5147942766957888,0.968,0.2447635662210205,0.34870264389264105,2.0102689994843077
ROU,2001,no_capital,lnorm,all,d,0.4624674368885315,0.976,0.3055707972461196,0.36996758406317787,2.0760276676831038
ROU,2001,no_capital,lnorm,no_prereg,mawd,0.363706495457259,0.664,0.21884185005359896,0.3286576479588235,0.2862899954443133
ROU,2001,no_capital,lnorm,no_prereg,d,0.22817799462432042,0.002,0.2771280425853838,0.3275581384184322,-2.8837622626885064
ROU,2001,no_capital,flat,all,mawd,0.5147942766957888,1.0,,,
ROU,2001,no_capital,flat,all,d,0.4624674368885315,1.0,,,
ROU,2002,no_capital,perm,all,mawd,0.42697840755584227,0.94,0.2356787023961583,0.3213040885041101,1.6784168040287348
ROU,2002,no_capital,perm,all,d,0.3979128561151749,0.834,0.29837243183793555,0.35782919541675684,0.9906299038828995
ROU,2002,no_capital,perm,no_prereg,mawd,0.3077376060420079,0.521,0.21734794928172285,0.3040380601864415,-0.07300239012094303
ROU,2002,no_capital,perm,no_prereg,d,0.2403456184298874,0.002,0.27256344607629834,0.3272379829648674,-2.5105668586261536
ROU,2002,no_capital,lnorm,all,mawd,0.42697840755584227,0.874,0.23952770648082786,0.33889664240260275,1.1259621276478715
ROU,2002,no_capital,lnorm,all,d,0.3979128561151749,0.896,0.29610842229587825,0.3537767091437962,1.255525550079053
ROU,2002,no_capital,lnorm,no_prereg,mawd,0.3077376060420079,0.394,0.22169147315220947,0.32775488181283374,-0.34536685420548063
ROU,2002,no_capital,lnorm,no_prereg,d,0.2403456184298874,0.005,0.2741941743015078,0.3257449754964238,-2.522560863763734
ROU,2002,no_capital,flat,all,mawd,0.42697840755584227,1.0,,,
ROU,2002,no_capital,flat,all,d,0.3979128561151749,1.0,,,
ROU,2003,no_capital,perm,all,mawd,0.42719622657718037,0.956,0.22127766334616727,0.30262557075992536,1.9330152348477523
ROU,2003,no_capital,perm,all,d,0.3316815857267273,0.574,0.2766956465803582,0.32653735918629956,0.11667842263113477
ROU,2003,no_capital,perm,no_prereg,mawd,0.3501552360592207,0.775,0.20898224525194017,0.29518297144461425,0.657843819633651
ROU,2003,no_capital,perm,no_prereg,d,0.24616485501215568,0.02,0.25663772638954446,0.31301716043119654,-1.8478834890969495
ROU,2003,no_capital,lnorm,all,mawd,0.42719622657718037,0.915,0.2251231802272038,0.3217195778637727,1.4814529654160036
ROU,2003,no_capital,lnorm,all,d,0.3316815857267273,0.58,0.2735843675898717,0.32584558042926226,0.203394981168844
ROU,2003,no_capital,lnorm,no_prereg,mawd,0.3501552360592207,0.687,0.21295607353195006,0.3171096631033351,0.3713208568882616
ROU,2003,no_capital,lnorm,no_prereg,d,0.24616485501215568,0.014,0.2606934354312198,0.3142987648147748,-1.9638138461863974
ROU,2003,no_capital,flat,all,mawd,0.42719622657718037,1.0,,,
ROU,2003,no_capital,flat,all,d,0.3316815857267273,1.0,,,
ROU,2004,no_capital,perm,all,mawd,0.33633586847740343,0.795,0.21341043052850683,0.2869460257500016,0.7236091628405573
ROU,2004,no_capital,perm,all,d,0.3239734591129046,0.483,0.2705281448354885,0.3252557476555844,-0.061109504070572675
ROU,2004,no_capital,perm,no_prereg,mawd,0.2536195083885097,0.331,0.1960539304023187,0.27821321174453667,-0.5310367410132225
ROU,2004,no_capital,perm,no_prereg,d,0.21468123059358446,0.001,0.25013192638968784,0.30519381108836463,-2.4781384235325112
ROU,2004,no_capital,lnorm,all,mawd,0.33633586847740343,0.683,0.21522556396761755,0.3058712710859353,0.37098876950304605
ROU,2004,no_capital,lnorm,all,d,0.3239734591129046,0.524,0.2690856106109157,0.3219848123972242,0.08468835129810376
ROU,2004,no_capital,lnorm,no_prereg,mawd,0.2536195083885097,0.232,0.20222937129796348,0.2989442939062501,-0.7422769445272117
ROU,2004,no_capital,lnorm,no_prereg,d,0.21468123059358446,0.005,0.25224083935411884,0.3053280947526804,-2.6149168218392402
ROU,2004,no_capital,flat,all,mawd,0.33633586847740343,1.0,,,
ROU,2004,no_capital,flat,all,d,0.3239734591129046,1.0,,,
ROU,2005,no_capital,perm,all,mawd,0.4201032201448844,0.947,0.23319205984667096,0.3145889864347885,1.7512435701737548
ROU,2005,no_capital,perm,all,d,0.3434712857604361,0.613,0.28634194964250537,0.33404083262836876,0.2468979636507264
ROU,2005,no_capital,perm,no_prereg,mawd,0.3254671226697709,0.624,0.2200253313892692,0.30359308818468156,0.237674074992739
ROU,2005,no_capital,perm,no_prereg,d,0.24316015168509425,0.005,0.26438630850236144,0.31841017726681253,-2.0831691463264086
ROU,2005,no_capital,lnorm,all,mawd,0.4201032201448844,0.911,0.23201914499592813,0.3300327451148645,1.3962437372180108
ROU,2005,no_capital,lnorm,all,d,0.3434712857604361,0.621,0.28118712991291084,0.3339096453073984,0.3031415957390816
ROU,2005,no_capital,lnorm,no_prereg,mawd,0.3254671226697709,0.543,0.21828311516447582,0.3205954057701498,0.027864195283412923
ROU,2005,no_capital,lnorm,no_prereg,d,0.24316015168509425,0.01,0.2650958687368892,0.3200522626323744,-2.1636816494835154
ROU,2005,no_capital,flat,all,mawd,0.4201032201448844,1.0,,,
ROU,2005,no_capital,flat,all,d,0.3434712857604361,1.0,,,
ROU,2006,no_capital,perm,all,mawd,0.38889507055822636,0.912,0.24236470804699484,0.3153244265043884,1.3605656391733265
ROU,2006,no_capital,perm,all,d,0.33427502288017646,0.508,0.2901298527965729,0.33362875710603024,-0.04432570844953189
ROU,2006,no_capital,perm,no_prereg,mawd,0.29989516948260675,0.452,0.2287666261600873,0.3075667423573194,-0.21967310190309455
ROU,2006,no_capital,perm,no_prereg,d,0.23989367156083857,0.002,0.26955693071999787,0.32110290218106113,-2.2660190952524832
ROU,2006,no_capital,lnorm,all,mawd,0.38889507055822636,0.866,0.2298989043063704,0.32398825907622636,1.0498162757796057
ROU,2006,no_capital,lnorm,all,d,0.33427502288017646,0.55,0.27871949645682276,0.33027708717518517,0.11906973997506497
ROU,2006,no_capital,lnorm,no_prereg,mawd,0.29989516948260675,0.403,0.21716932158192148,0.3146712367013355,-0.28436937954462654
ROU,2006,no_capital,lnorm,no_prereg,d,0.23989367156083857,0.008,0.2636182484452182,0.31958833019002697,-2.1892068744922004
ROU,2006,no_capital,flat,all,mawd,0.38889507055822636,1.0,,,
ROU,2006,no_capital,flat,all,d,0.33427502288017646,1.0,,,
ROU,2007,no_capital,perm,all,mawd,0.5644675256553786,0.995,0.2626252019672935,0.3584726135300602,3.015727045348755
ROU,2007,no_capital,perm,all,d,0.4977312710661864,0.999,0.305131861432386,0.3632244077846356,2.957966782362562
ROU,2007,no_capital,perm,no_prereg,mawd,0.35371248428875623,0.685,0.2414278160300534,0.32586492639521925,0.3804383307750346
ROU,2007,no_capital,perm,no_prereg,d,0.24968082626879667,0.005,0.28222088327157596,0.33668980297060225,-2.260411925016355
ROU,2007,no_capital,lnorm,all,mawd,0.5644675256553786,0.991,0.26474908285270776,0.36629018128672963,2.6113204648219583
ROU,2007,no_capital,lnorm,all,d,0.4977312710661864,0.999,0.30598957229968177,0.365339520642518,3.251183709849575
ROU,2007,no_capital,lnorm,no_prereg,mawd,0.35371248428875623,0.604,0.2354276918344259,0.33820237855486357,0.19050896185876456
ROU,2007,no_capital,lnorm,no_prereg,d,0.24968082626879667,0.005,0.28156819476378125,0.3382408077909872,-2.3357193527009925
ROU,2007,no_capital,flat,all,mawd,0.5644675256553786,1.0,,,
ROU,2007,no_capital,flat,all,d,0.4977312710661864,1.0,,,
ROU,2008,no_capital,perm,all,mawd,0.45869243865605225,0.988,0.24071168995562411,0.3139798958282477,2.605644635092041
ROU,2008,no_capital,perm,all,d,0.4721935198927801,0.978,0.29345499966167515,0.35453861793456826,2.3760163941025882
ROU,2008,no_capital,perm,no_prereg,mawd,0.32723130741976747,0.682,0.21819639880353423,0.2962413698191015,0.42257904677782254
ROU,2008,no_capital,perm,no_prereg,d,0.24089292160195663,0.01,0.26816252953515163,0.31788181562897144,-2.040726793324911
ROU,2008,no_capital,lnorm,all,mawd,0.45869243865605225,0.972,0.23410364907386289,0.32775364787801425,2.153579997844077
ROU,2008,no_capital,lnorm,all,d,0.4721935198927801,0.996,0.29078279687503034,0.35591023734504745,2.659624004349501
ROU,2008,no_capital,lnorm,no_prereg,mawd,0.32723130741976747,0.61,0.21477452398565494,0.3098328217094835,0.2215431162188278
ROU,2008,no_capital,lnorm,no_prereg,d,0.24089292160195663,0.008,0.2678112935360347,0.32312557619744275,-2.236820943465218
ROU,2008,no_capital,flat,all,mawd,0.45869243865605225,1.0,,,
ROU,2008,no_capital,flat,all,d,0.4721935198927801,1.0,,,
ROU,2009,no_capital,perm,all,mawd,0.5030461205284678,0.997,0.22230915386851358,0.3054900229588071,3.2862060690027395
ROU,2009,no_capital,perm,all,d,0.4328999402973327,0.933,0.28389881309466314,0.3493461531334147,1.535673516088681
ROU,2009,no_capital,perm,no_prereg,mawd,0.3419680032183116,0.831,0.2031032363503875,0.28073945403268974,0.8814008526371807
ROU,2009,no_capital,perm,no_prereg,d,0.23858636578904543,0.017,0.25366409460874056,0.30878045793873665,-1.6502261291064104
ROU,2009,no_capital,lnorm,all,mawd,0.5030461205284678,0.994,0.23161393796349128,0.32440605428165203,2.934947594443789
ROU,2009,no_capital,lnorm,all,d,0.4328999402973327,0.94,0.2854151644404162,0.35208363329222886,1.7131857002334465
ROU,2009,no_capital,lnorm,no_prereg,mawd,0.3419680032183116,0.758,0.20990347302924459,0.30170184845223824,0.6039432158442406
ROU,2009,no_capital,lnorm,no_prereg,d,0.23858636578904543,0.013,0.2585112870237759,0.31748886205208426,-1.920642404473434
ROU,2009,no_capital,flat,all,mawd,0.5030461205284678,1.0,,,
ROU,2009,no_capital,flat,all,d,0.4328999402973327,1.0,,,
ROU,2010,no_capital,perm,all,mawd,0.6013085980204427,0.999,0.27769749894810053,0.3681387495177332,3.4228273135259526
ROU,2010,no_capital,perm,all,d,0.4795445389035979,0.698,0.34580687907078583,0.43900368654355115,0.283112322157652
ROU,2010,no_capital,perm,no_prereg,mawd,0.39467986257975457,0.825,0.2529666191689092,0.33368145976821606,0.8641736233599486
ROU,2010,no_capital,perm,no_prereg,d,0.2947376540440318,0.012,0.31494719203446636,0.3849645318190694,-1.732667537436757
ROU,2010,no_capital,lnorm,all,mawd,0.6013085980204427,0.998,0.26152080881129985,0.3638693155349799,3.2547151675267854
ROU,2010,no_capital,lnorm,all,d,0.4795445389035979,0.716,0.34598452010232095,0.43150655528229087,0.3272117341578022
ROU,2010,no_capital,lnorm,no_prereg,mawd,0.39467986257975457,0.822,0.2398196979514516,0.33101421219021465,0.8888007863200279
ROU,2010,no_capital,lnorm,no_prereg,d,0.2947376540440318,0.02,0.3114047844069973,0.3881865579987248,-1.7414883928493667
ROU,2010,no_capital,flat,all,mawd,0.6013085980204427,1.0,,,
ROU,2010,no_capital,flat,all,d,0.4795445389035979,1.0,,,
ROU,2011,no_capital,perm,all,mawd,0.5308909847824611,0.99,0.2835388182459833,0.37452334119560393,2.433876559877516
ROU,2011,no_capital,perm,all,d,0.4526748066252216,0.627,0.35403771531891454,0.4320615615138722,0.08150269116308503
ROU,2011,no_capital,perm,no_prereg,mawd,0.35986371097356873,0.638,0.25864821380321956,0.33789302510588837,0.30100228459255557
ROU,2011,no_capital,perm,no_prereg,d,0.29853907846801453,0.014,0.3192263739372999,0.3807837610534768,-1.8042603871109903
ROU,2011,no_capital,lnorm,all,mawd,0.5308909847824611,0.974,0.26965237432034117,0.36968077237196373,2.2176626795127317
ROU,2011,no_capital,lnorm,all,d,0.4526748066252216,0.635,0.34812904252865096,0.4304280175376801,0.12061239293244681
ROU,2011,no_capital,lnorm,no_prereg,mawd,0.35986371097356873,0.652,0.24195433491406024,0.3333180086479266,0.3066070710730282
ROU,2011,no_capital,lnorm,no_prereg,d,0.29853907846801453,0.023,0.3140799217692825,0.38429259996245047,-1.8335975549483288
ROU,2011,no_capital,flat,all,mawd,0.5308909847824611,1.0,,,
ROU,2011,no_capital,flat,all,d,0.4526748066252216,1.0,,,
ROU,2012,no_capital,perm,all,mawd,0.44716919343155026,0.94,0.2630591829041448,0.3465260654613218,1.6105294629838864
ROU,2012,no_capital,perm,all,d,0.4768841515476275,0.952,0.3113350530470909,0.36581199773608997,2.144828225430146
ROU,2012,no_capital,perm,no_prereg,mawd,0.2725455508245345,0.199,0.23549834016579757,0.3116770227136948,-0.8431972445897777
ROU,2012,no_capital,perm,no_prereg,d,0.2975477755776418,0.092,0.28810228101322777,0.34614121610147447,-1.1149706357348925
ROU,2012,no_capital,lnorm,all,mawd,0.44716919343155026,0.887,0.2578684189477716,0.355704532726955,1.2605776159572393
ROU,2012,no_capital,lnorm,all,d,0.4768841515476275,0.976,0.3045910078381874,0.37211267917862856,2.2531302409675416
ROU,2012,no_capital,lnorm,no_prereg,mawd,0.2725455508245345,0.195,0.2328085925020931,0.3210278628598193,-0.8495519769219875
ROU,2012,no_capital,lnorm,no_prereg,d,0.2975477755776418,0.098,0.28703930573709685,0.3519400757729473,-1.2500332149393478
ROU,2012,no_capital,flat,all,mawd,0.44716919343155026,1.0,,,
ROU,2012,no_capital,flat,all,d,0.4768841515476275,1.0,,,
ROU,2013,no_capital,perm,all,mawd,0.5006340515006746,0.969,0.28493163709065084,0.3688076445356143,2.0631672265101804
ROU,2013,no_capital,perm,all,d,0.8015774780381605,0.952,0.32859105943163347,0.43554438890199965,2.238708997626923
ROU,2013,no_capital,perm,no_prereg,mawd,0.27801952640801586,0.173,0.24423116885292612,0.3235517355384225,-0.9160550605144898
ROU,2013,no_capital,perm,no_prereg,d,0.2917725149958812,0.039,0.294625094570225,0.3543028457367371,-1.283797870259972
ROU,2013,no_capital,lnorm,all,mawd,0.5006340515006746,0.913,0.2857418729145555,0.38983729904346043,1.4068800473553429
ROU,2013,no_capital,lnorm,all,d,0.8015774780381605,0.963,0.3349866230794359,0.4368545431666736,2.5252235138577177
ROU,2013,no_capital,lnorm,no_prereg,mawd,0.27801952640801586,0.147,0.2439387016982884,0.3419805160301535,-1.029181689605299
ROU,2013,no_capital,lnorm,no_prereg,d,0.2917725149958812,0.036,0.29798653997518404,0.36460082222847157,-1.5499819282418321
ROU,2013,no_capital,flat,all,mawd,0.5006340515006746,1.0,,,
ROU,2013,no_capital,flat,all,d,0.8015774780381605,1.0,,,
ROU,2014,no_capital,perm,all,mawd,0.5148782616048809,0.964,0.2881288008347636,0.3795832934375678,1.9517595594553514
ROU,2014,no_capital,perm,all,d,0.7195160951865532,0.952,0.3403396927269595,0.4327678869927133,2.1962930395278515
ROU,2014,no_capital,perm,no_prereg,mawd,0.28779103148538004,0.17,0.2513669923693852,0.3365587507150177,-0.9333066951545819
ROU,2014,no_capital,perm,no_prereg,d,0.28601817255011663,0.011,0.3057454287821434,0.36774481748145715,-1.6168572119475186
ROU,2014,no_capital,lnorm,all,mawd,0.5148782616048809,0.89,0.2931783931734683,0.402844746222182,1.3169205234552028
ROU,2014,no_capital,lnorm,all,d,0.7195160951865532,0.965,0.34699460409684163,0.4400528916157169,2.5145027727189
ROU,2014,no_capital,lnorm,no_prereg,mawd,0.28779103148538004,0.137,0.2558536004518034,0.35904215192548244,-1.0667094722761605
ROU,2014,no_capital,lnorm,no_prereg,d,0.28601817255011663,0.015,0.3080921809130922,0.378675867983761,-1.89217567080442
ROU,2014,no_capital,flat,all,mawd,0.5148782616048809,1.0,,,
ROU,2014,no_capital,flat,all,d,0.7195160951865532,1.0,,,
RUS,2000,no_capital,perm,all,mawd,,0.0,,,
RUS,2000,no_capital,perm,all,d,,0.0,,,
RUS,2000,no_capital,perm,no_prereg,mawd,,0.0,,,
RUS,2000,no_capital,perm,no_prereg,d,,0.0,,,
RUS,2000,no_capital,lnorm,all,mawd,,0.0,0.2946404955038764,0.43151159733163363,
RUS,2000,no_capital,lnorm,all,d,,0.0,0.6061395880520152,0.7767547036966191,
RUS,2000,no_capital,lnorm,no_prereg,mawd,,0.0,0.28097852416871033,0.4242977780224805,
RUS,2000,no_capital,lnorm,no_prereg,d,,0.0,0.5904734649675512,0.7770392902597298,
RUS,2000,no_capital,flat,all,mawd,,0.0,,,
RUS,2000,no_capital,flat,all,d,,0.0,,,
RUS,2001,no_capital,perm,all,mawd,,0.0,,,
RUS,2001,no_capital,perm,all,d,,0.0,,,
RUS,2001,no_capital,perm,no_prereg,mawd,,0.0,,,
RUS,2001,no_capital,perm,no_prereg,d,,0.0,,,
RUS,2001,no_capital,lnorm,all,mawd,,0.0,0.28314773581069314,0.40792445898972196,
RUS,2001,no_capital,lnorm,all,d,,0.0,0.6048079120924856,0.7709834023488649,
RUS,2001,no_capital,lnorm,no_prereg,mawd,,0.0,0.2700023144332942,0.40595058498041414,
RUS,2001,no_capital,lnorm,no_prereg,d,,0.0,0.5916996237358831,0.7715234956126578,
RUS,2001,no_capital,flat,all,mawd,,0.0,,,
RUS,2001,no_capital,flat,all,d,,0.0,,,
RUS,2002,no_capital,perm,all,mawd,,0.0,,,
RUS,2002,no_capital,perm,all,d,,0.0,,,
RUS,2002,no_capital,perm,no_prereg,mawd,,0.0,,,
RUS,2002,no_capital,perm,no_prereg,d,,0.0,,,
RUS,2002,no_capital,lnorm,all,mawd,,0.0,0.2885968520064859,0.4121921578416559,
RUS,2002,no_capital,lnorm,all,d,,0.0,0.601985717915796,0.766583374490349,
RUS,2002,no_capital,lnorm,no_prereg,mawd,,0.0,0.2795870915441404,0.4100505419657657,
RUS,2002,no_capital,lnorm,no_prereg,d,,0.0,0.5880895366269424,0.7676050201459785,
RUS,2002,no_capital,flat,all,mawd,,0.0,,,
RUS,2002,no_capital,flat,all,d,,0.0,,,
RUS,2003,no_capital,perm,all,mawd,,0.0,,,
RUS,2003,no_capital,perm,all,d,,0.0,,,
RUS,2003,no_capital,perm,no_prereg,mawd,,0.0,,,
RUS,2003,no_capital,perm,no_prereg,d,,0.0,,,
RUS,2003,no_capital,lnorm,all,mawd,,0.0,0.30289562734536474,0.43131771932826735,
RUS,2003,no_capital,lnorm,all,d,,0.0,0.6330799262627123,0.8008809970202266,
RUS,2003,no_capital,lnorm,no_prereg,mawd,,0.0,0.28118560064648174,0.4166665803579539,
RUS,2003,no_capital,lnorm,no_prereg,d,,0.0,0.6257902639090615,0.8057246179412976,
RUS,2003,no_capital,flat,all,mawd,,0.0,,,
RUS,2003,no_capital,flat,all,d,,0.0,,,
RUS,2004,no_capital,perm,all,mawd,,0.0,,,
RUS,2004,no_capital,perm,all,d,,0.0,,,
RUS,2004,no_capital,perm,no_prereg,mawd,,0.0,,,
RUS,2004,no_capital,perm,no_prereg,d,,0.0,,,
RUS,2004,no_capital,lnorm,all,mawd,,0.0,0.30223696847757064,0.42026530483462676,
RUS,2004,no_capital,lnorm,all,d,,0.0,0.6317998752973069,0.8010065674676661,
RUS,2004,no_capital,lnorm,no_prereg,mawd,,0.0,0.27930704354868596,0.4021541337286832,
RUS,2004,no_capital,lnorm,no_prereg,d,,0.0,0.6184076517554636,0.8051970106763668,
RUS,2004,no_capital,flat,all,mawd,,0.0,,,
RUS,2004,no_capital,flat,all,d,,0.0,,,
RUS,2005,no_capital,perm,all,mawd,,0.0,,,
RUS,2005,no_capital,perm,all,d,,0.0,,,
RUS,2005,no_capital,perm,no_prereg,mawd,,0.0,,,
RUS,2005,no_capital,perm,no_prereg,d,,0.0,,,
RUS,2005,no_capital,lnorm,all,mawd,,0.0,0.3235916946997939,0.44765999026682024,
RUS,2005,no_capital,lnorm,all,d,,0.0,0.658352409205538,0.8393973802652139,
RUS,2005,no_capital,lnorm,no_prereg,mawd,,0.0,0.29408893921235785,0.4217041029928691,
RUS,2005,no_capital,lnorm,no_prereg,d,,0.0,0.652070352534228,0.8419028200361912,
RUS,2005,no_capital,flat,all,mawd,,0.0,,,
RUS,2005,no_capital,flat,all,d,,0.0,,,
RUS,2006,no_capital,perm,all,mawd,,0.0,,,
RUS,2006,no_capital,perm,all,d,,0.0,,,
RUS,2006,no_capital,perm,no_prereg,mawd,,0.0,,,
RUS,2006,no_capital,perm,no_prereg,d,,0.0,,,
RUS,2006,no_capital,lnorm,all,mawd,,0.0,0.3153823185410097,0.44207359429330595,
RUS,2006,no_capital,lnorm,all,d,,0.0,0.6571596254681373,0.8369064629993189,
RUS,2006,no_capital,lnorm,no_prereg,mawd,,0.0,0.28681981415878766,0.41306330523621737,
RUS,2006,no_capital,lnorm,no_prereg,d,,0.0,0.6506732526290131,0.8400386801169297,
RUS,2006,no_capital,flat,all,mawd,,0.0,,,
RUS,2006,no_capital,flat,all,d,,0.0,,,
RUS,2007,no_capital,perm,all,mawd,,0.0,,,
RUS,2007,no_capital,perm,all,d,,0.0,,,
RUS,2007,no_capital,perm,no_prereg,mawd,,0.0,,,
RUS,2007,no_capital,perm,no_prereg,d,,0.0,,,
RUS,2007,no_capital,lnorm,all,mawd,,0.0,0.3132400168050387,0.4363664584633872,
RUS,2007,no_capital,lnorm,all,d,,0.0,0.65186619961622,0.830900295104203,
RUS,2007,no_capital,lnorm,no_prereg,mawd,,0.0,0.2836189870158801,0.4106073154179517,
RUS,2007,no_capital,lnorm,no_prereg,d,,0.0,0.6441594438536846,0.8316659397077597,
RUS,2007,no_capital,flat,all,mawd,,0.0,,,
RUS,2007,no_capital,flat,all,d,,0.0,,,
RUS,2008,no_capital,perm,all,mawd,,0.0,,,
RUS,2008,no_capital,perm,all,d,,0.0,,,
RUS,2008,no_capital,perm,no_prereg,mawd,,0.0,,,
RUS,2008,no_capital,perm,no_prereg,d,,0.0,,,
RUS,2008,no_capital,lnorm,all,mawd,,0.0,0.3362069069160828,0.47298084846250343,
RUS,2008,no_capital,lnorm,all,d,,0.0,0.6907739688087496,0.8745070659860918,
RUS,2008,no_capital,lnorm,no_prereg,mawd,,0.0,0.3081855065663135,0.4505002591788473,
RUS,2008,no_capital,lnorm,no_prereg,d,,0.0,0.6837867950655279,0.8765361322116605,
RUS,2008,no_capital,flat,all,mawd,,0.0,,,
RUS,2008,no_capital,flat,all,d,,0.0,,,
RUS,2009,no_capital,perm,all,mawd,,0.0,,,
RUS,2009,no_capital,perm,all,d,,0.0,,,
RUS,2009,no_capital,perm,no_prereg,mawd,,0.0,,,
RUS,2009,no_capital,perm,no_prereg,d,,0.0,,,
RUS,2009,no_capital,lnorm,all,mawd,,0.0,0.32833146399381136,0.45883865558934384,
RUS,2009,no_capital,lnorm,all,d,,0.0,0.6845592331672812,0.866307718449915,
RUS,2009,no_capital,lnorm,no_prereg,mawd,,0.0,0.29317167137056444,0.43440283413699765,
RUS,2009,no_capital,lnorm,no_prereg,d,,0.0,0.6770918328870505,0.8680554335646637,
RUS,2009,no_capital,flat,all,mawd,,0.0,,,
RUS,2009,no_capital,flat,all,d,,0.0,,,
RUS,2010,no_capital,perm,all,mawd,,0.0,,,
RUS,2010,no_capital,perm,all,d,,0.0,,,
RUS,2010,no_capital,perm,no_prereg,mawd,,0.0,,,
RUS,2010,no_capital,perm,no_prereg,d,,0.0,,,
RUS,2010,no_capital,lnorm,all,mawd,,0.0,0.34282067612675976,0.4814637504463043,
RUS,2010,no_capital,lnorm,all,d,,0.0,0.7061606984155581,0.8889425242129456,
RUS,2010,no_capital,lnorm,no_prereg,mawd,,0.0,0.308354192214042,0.4548901718825041,
RUS,2010,no_capital,lnorm,no_prereg,d,,0.0,0.699054199837547,0.8920308706744844,
RUS,2010,no_capital,flat,all,mawd,,0.0,,,
RUS,2010,no_capital,flat,all,d,,0.0,,,
RUS,2011,no_capital,perm,all,mawd,,0.0,,,
RUS,2011,no_capital,perm,all,d,,0.0,,,
RUS,2011,no_capital,perm,no_prereg,mawd,,0.0,,,
RUS,2011,no_capital,perm,no_prereg,d,,0.0,,,
RUS,2011,no_capital,lnorm,all,mawd,,0.0,0.3507138427724793,0.4922052577821241,
RUS,2011,no_capital,lnorm,all,d,,0.0,0.7151846748254396,0.9001007433588999,
RUS,2011,no_capital,lnorm,no_prereg,mawd,,0.0,0.3179947907834773,0.46658093198074624,
RUS,2011,no_capital,lnorm,no_prereg,d,,0.0,0.708188392321811,0.9019375850094496,
RUS,2011,no_capital,flat,all,mawd,,0.0,,,
RUS,2011,no_capital,flat,all,d,,0.0,,,
RUS,2012,no_capital,perm,all,mawd,,0.0,,,
RUS,2012,no_capital,perm,all,d,,0.0,,,
RUS,2012,no_capital,perm,no_prereg,mawd,,0.0,,,
RUS,2012,no_capital,perm,no_prereg,d,,0.0,,,
RUS,2012,no_capital,lnorm,all,mawd,,0.0,0.3514058777782777,0.49851404978973185,
RUS,2012,no_capital,lnorm,all,d,,0.0,0.6989051637194682,0.8847795596155477,
RUS,2012,no_capital,lnorm,no_prereg,mawd,,0.0,0.31837306588183,0.47269995245467206,
RUS,2012,no_capital,lnorm,no_prereg,d,,0.0,0.6922985993742109,0.8872914042302393,
RUS,2012,no_capital,flat,all,mawd,,0.0,,,
RUS,2012,no_capital,flat,all,d,,0.0,,,
RUS,2013,no_capital,perm,all,mawd,,0.0,,,
RUS,2013,no_capital,perm,all,d,,0.0,,,
RUS,2013,no_capital,perm,no_prereg,mawd,,0.0,,,
RUS,2013,no_capital,perm,no_prereg,d,,0.0,,,
RUS,2013,no_capital,lnorm,all,mawd,,0.0,0.3405853907264448,0.48522574624453185,
RUS,2013,no_capital,lnorm,all,d,,0.0,0.7092087698918336,0.8936191766394969,
RUS,2013,no_capital,lnorm,no_prereg,mawd,,0.0,0.30761655089492673,0.4606669345353066,
RUS,2013,no_capital,lnorm,no_prereg,d,,0.0,0.7015629852182106,0.8966260306465577,
RUS,2013,no_capital,flat,all,mawd,,0.0,,,
RUS,2013,no_capital,flat,all,d,,0.0,,,
RUS,2014,no_capital,perm,all,mawd,,0.0,,,
RUS,2014,no_capital,perm,all,d,,0.0,,,
RUS,2014,no_capital,perm,no_prereg,mawd,,0.0,,,
RUS,2014,no_capital,perm,no_prereg,d,,0.0,,,
RUS,2014,no_capital,lnorm,all,mawd,,0.0,0.32746073731047365,0.46414051257024586,
RUS,2014,no_capital,lnorm,all,d,,0.0,0.7137889052265383,0.8966005823831,
RUS,2014,no_capital,lnorm,no_prereg,mawd,,0.0,0.29505701248774063,0.4443975865953479,
RUS,2014,no_capital,lnorm,no_prereg,d,,0.0,0.7065098441702824,0.8994336311042663,
RUS,2014,no_capital,flat,all,mawd,,0.0,,,
RUS,2014,no_capital,flat,all,d,,0.0,,,
SVK,2000,no_capital,perm,all,mawd,0.267393887411032,0.225,0.22862046274893047,0.30393580578873824,-0.7809942347515338
SVK,2000,no_capital,perm,all,d,0.3522812233432761,0.503,0.2816147726524072,0.3509849025085097,-0.13712778975131937
SVK,2000,no_capital,perm,no_prereg,mawd,0.1965913252702177,0.025,0.2098452463511684,0.28314467317900655,-1.7908102090017914
SVK,2000,no_capital,perm,no_prereg,d,0.2222775350487974,0.002,0.26688858476309135,0.338328552682972,-2.01992926538511
SVK,2000,no_capital,lnorm,all,mawd,0.267393887411032,0.104,0.24897905810681148,0.3385545165845532,-1.2156975059579949
SVK,2000,no_capital,lnorm,all,d,0.3522812233432761,0.383,0.296371924802363,0.3669079234011664,-0.3598044888510949
SVK,2000,no_capital,lnorm,no_prereg,mawd,0.1965913252702177,0.012,0.2230794398390814,0.3136985463494561,-2.0284160418715462
SVK,2000,no_capital,lnorm,no_prereg,d,0.2222775350487974,0.0,0.28012126980509516,0.35573612305341434,-2.60946531403292
SVK,2000,no_capital,flat,all,mawd,0.267393887411032,1.0,,,
SVK,2000,no_capital,flat,all,d,0.3522812233432761,1.0,,,
SVK,2001,no_capital,perm,all,mawd,0.2522990432949917,0.105,0.23698548744175665,0.3104689535311456,-1.189510361311086
SVK,2001,no_capital,perm,all,d,0.3516820479531608,0.524,0.28338089589553045,0.3487824867711327,-0.07136228728322128
SVK,2001,no_capital,perm,no_prereg,mawd,0.1733960376517513,0.003,0.2190931589678272,0.2885142581412161,-2.4087111524461444
SVK,2001,no_capital,perm,no_prereg,d,0.20575529011778695,0.0,0.2670266615170553,0.33456571923306744,-2.415529297127454
SVK,2001,no_capital,lnorm,all,mawd,0.2522990432949917,0.056,0.24857598308476872,0.33652585509141486,-1.4687586202536986
SVK,2001,no_capital,lnorm,all,d,0.3516820479531608,0.432,0.29347631895184556,0.3598754012678683,-0.2417907997135388
SVK,2001,no_capital,lnorm,no_prereg,mawd,0.1733960376517513,0.003,0.22739372189511847,0.31090975508124785,-2.468006645454034
SVK,2001,no_capital,lnorm,no_prereg,d,0.20575529011778695,0.0,0.2773317376165373,0.34721191280948505,-2.9466027608880405
SVK,2001,no_capital,flat,all,mawd,0.2522990432949917,1.0,,,
SVK,2001,no_capital,flat,all,d,0.3516820479531608,1.0,,,
SVK,2002,no_capital,perm,all,mawd,0.2769549700869742,0.119,0.2553066838924848,0.339666835705676,-1.1582441113953545
SVK,2002,no_capital,perm,all,d,0.36779389334720075,0.465,0.3016631032878739,0.3729018398826793,-0.15187740953496925
SVK,2002,no_capital,perm,no_prereg,mawd,0.17596495349874308,0.0,0.23561861884391994,0.31631273289215933,-2.6177853979934933
SVK,2002,no_capital,perm,no_prereg,d,0.20771156834921406,0.0,0.2846742517615363,0.3528069232004673,-2.823280124295155
SVK,2002,no_capital,lnorm,all,mawd,0.2769549700869742,0.071,0.2683945217922127,0.36288371251035134,-1.3537883410986968
SVK,2002,no_capital,lnorm,all,d,0.36779389334720075,0.395,0.30971488197181946,0.37791036870467093,-0.2631804674842694
SVK,2002,no_capital,lnorm,no_prereg,mawd,0.17596495349874308,0.002,0.23760239412651749,0.33352706406416405,-2.538628182925247
SVK,2002,no_capital,lnorm,no_prereg,d,0.20771156834921406,0.0,0.290344008040641,0.3612988275282336,-3.3435665576658815
SVK,2002,no_capital,flat,all,mawd,0.2769549700869742,1.0,,,
SVK,2002,no_capital,flat,all,d,0.36779389334720075,1.0,,,
SVK,2003,no_capital,perm,all,mawd,0.2694671781261742,0.091,0.25778836733174604,0.3441073211875014,-1.286859882162749
SVK,2003,no_capital,perm,all,d,0.35673917555957185,0.327,0.30789112440020444,0.3776497518910541,-0.5167249763789288
SVK,2003,no_capital,perm,no_prereg,mawd,0.17648021727286553,0.002,0.23371408947704464,0.3198696779943062,-2.470726518355867
SVK,2003,no_capital,perm,no_prereg,d,0.20839555646441435,0.0,0.28578828508165,0.358818947412994,-2.697030603659189
SVK,2003,no_capital,lnorm,all,mawd,0.2694671781261742,0.043,0.2743071334339687,0.3733001971475048,-1.516613115725087
SVK,2003,no_capital,lnorm,all,d,0.35673917555957185,0.234,0.3173187384669604,0.38633290689265276,-0.7173465564595096
SVK,2003,no_capital,lnorm,no_prereg,mawd,0.17648021727286553,0.0,0.24118242644410637,0.3416343141212471,-2.4569331318870993
SVK,2003,no_capital,lnorm,no_prereg,d,0.20839555646441435,0.0,0.2975241518104168,0.3712749334215554,-3.367960880240795
SVK,2003,no_capital,flat,all,mawd,0.2694671781261742,1.0,,,
SVK,2003,no_capital,flat,all,d,0.35673917555957185,1.0,,,
SVK,2004,no_capital,perm,all,mawd,0.29252458420848804,0.178,0.25726568037945086,0.3452319195759167,-0.9277767480685966
SVK,2004,no_capital,perm,all,d,0.3738080127119754,0.441,0.3113729506877993,0.3802325976770558,-0.2003704784736443
SVK,2004,no_capital,perm,no_prereg,mawd,0.19769001963987576,0.005,0.23123589643107278,0.3214182314349413,-2.13145130648694
SVK,2004,no_capital,perm,no_prereg,d,0.22800185768268375,0.0,0.28896487797928383,0.35669027530515596,-2.51855234807811
SVK,2004,no_capital,lnorm,all,mawd,0.29252458420848804,0.082,0.2807366834304331,0.3826871528590746,-1.3201890110276604
SVK,2004,no_capital,lnorm,all,d,0.3738080127119754,0.366,0.31997834882087983,0.3883432176859304,-0.3594176412440557
SVK,2004,no_capital,lnorm,no_prereg,mawd,0.19769001963987576,0.003,0.2515532842309021,0.3531178769294996,-2.23071271049877
SVK,2004,no_capital,lnorm,no_prereg,d,0.22800185768268375,0.001,0.3011593524026488,0.3686155653634799,-3.143176215971887
SVK,2004,no_capital,flat,all,mawd,0.29252458420848804,1.0,,,
SVK,2004,no_capital,flat,all,d,0.3738080127119754,1.0,,,
SVK,2005,no_capital,perm,all,mawd,0.25669447512128485,0.041,0.26166823604913947,0.348619119619672,-1.6230696767875774
SVK,2005,no_capital,perm,all,d,0.3522897224707061,0.243,0.3128889717531893,0.3889409193241709,-0.7570190193122186
SVK,2005,no_capital,perm,no_prereg,mawd,0.17350589675756622,0.0,0.23828559452518247,0.32916519614889417,-2.68932182569602
SVK,2005,no_capital,perm,no_prereg,d,0.21667448416942256,0.0,0.29651045819725563,0.36863010563902054,-2.8122248284660514
SVK,2005,no_capital,lnorm,all,mawd,0.25669447512128485,0.014,0.2813523305392984,0.38406284809791813,-1.8873500387414746
SVK,2005,no_capital,lnorm,all,d,0.3522897224707061,0.164,0.3254488841335646,0.396822014561007,-0.9997280194087355
SVK,2005,no_capital,lnorm,no_prereg,mawd,0.17350589675756622,0.001,0.2564426646000781,0.3580187532437645,-2.643553218736155
SVK,2005,no_capital,lnorm,no_prereg,d,0.21667448416942256,0.0,0.3084744734338962,0.38000462242041094,-3.446937063748716
SVK,2005,no_capital,flat,all,mawd,0.25669447512128485,1.0,,,
SVK,2005,no_capital,flat,all,d,0.3522897224707061,1.0,,,
SVK,2006,no_capital,perm,all,mawd,0.2602833935989836,0.073,0.2532047301834755,0.340237238678944,-1.386122604948962
SVK,2006,no_capital,perm,all,d,0.3484383413098924,0.262,0.306754106946055,0.37876326405834626,-0.6911962810691037
SVK,2006,no_capital,perm,no_prereg,mawd,0.1835072837140228,0.003,0.23000172606572672,0.320795110939713,-2.329378289948452
SVK,2006,no_capital,perm,no_prereg,d,0.22746613425351833,0.0,0.2916734272893723,0.3602017645533179,-2.846882879097225
SVK,2006,no_capital,lnorm,all,mawd,0.2602833935989836,0.018,0.28424386083817665,0.389208607913167,-1.8275464762691334
SVK,2006,no_capital,lnorm,all,d,0.3484383413098924,0.159,0.32303513951286517,0.38879679642462417,-0.9908342551458569
SVK,2006,no_capital,lnorm,no_prereg,mawd,0.1835072837140228,0.0,0.2564158567149244,0.3603920164361642,-2.474244364216226
SVK,2006,no_capital,lnorm,no_prereg,d,0.22746613425351833,0.001,0.30526871948369505,0.37093974075416203,-3.54376787426352
SVK,2006,no_capital,flat,all,mawd,0.2602833935989836,1.0,,,
SVK,2006,no_capital,flat,all,d,0.3484383413098924,1.0,,,
SVK,2007,no_capital,perm,all,mawd,0.24636020116843754,0.027,0.2588754055966213,0.34788679695720337,-1.6764561034167889
SVK,2007,no_capital,perm,all,d,0.3391371496642235,0.12,0.32087271349649743,0.3880454645851684,-1.1581050118267837
SVK,2007,no_capital,perm,no_prereg,mawd,0.18336543631487723,0.002,0.23970913742029382,0.3292149874946346,-2.3556590830201323
SVK,2007,no_capital,perm,no_prereg,d,0.2525455862292544,0.0,0.30447580106555133,0.3722252108854963,-2.6632340610868237
SVK,2007,no_capital,lnorm,all,mawd,0.24636020116843754,0.006,0.2892808253692521,0.3972185592236902,-2.0348393143397554
SVK,2007,no_capital,lnorm,all,d,0.3391371496642235,0.067,0.33132062764231074,0.39469076383499285,-1.499851601645513
SVK,2007,no_capital,lnorm,no_prereg,mawd,0.18336543631487723,0.001,0.2628864018863709,0.37184784938929916,-2.476895896548102
SVK,2007,no_capital,lnorm,no_prereg,d,0.2525455862292544,0.001,0.31677265164930085,0.3816215904955839,-3.2922221444197937
SVK,2007,no_capital,flat,all,mawd,0.24636020116843754,1.0,,,
SVK,2007,no_capital,flat,all,d,0.3391371496642235,1.0,,,
SVK,2008,no_capital,perm,all,mawd,0.24854498900948965,0.043,0.251892427368831,0.34213063417648837,-1.5247108682025274
SVK,2008,no_capital,perm,all,d,0.3483747970031208,0.196,0.3179528124839232,0.3808744940188914,-0.8095058984954934
SVK,2008,no_capital,perm,no_prereg,mawd,0.17577403132222721,0.001,0.23163860875991713,0.319867372763318,-2.3945931876875886
SVK,2008,no_capital,perm,no_prereg,d,0.22912298342899698,0.0,0.29910847228016424,0.36546455115013793,-2.9401053613741035
SVK,2008,no_capital,lnorm,all,mawd,0.24854498900948965,0.011,0.2852281307781246,0.39079153215113405,-1.953477777989798
SVK,2008,no_capital,lnorm,all,d,0.3483747970031208,0.114,0.332495297186338,0.3900455513566992,-1.1708647468084634
SVK,2008,no_capital,lnorm,no_prereg,mawd,0.17577403132222721,0.001,0.2578721796370864,0.3648888092926586,-2.5599306229637677
SVK,2008,no_capital,lnorm,no_prereg,d,0.22912298342899698,0.0,0.3173968243863537,0.3770682498992176,-3.802527446855439
SVK,2008,no_capital,flat,all,mawd,0.24854498900948965,1.0,,,
SVK,2008,no_capital,flat,all,d,0.3483747970031208,1.0,,,
SVK,2009,no_capital,perm,all,mawd,0.25865466453710245,0.056,0.25692149028362843,0.3512201164129157,-1.5097869789088751
SVK,2009,no_capital,perm,all,d,0.35390283120338323,0.267,0.31346657885482043,0.3842792119077404,-0.6624966253358374
SVK,2009,no_capital,perm,no_prereg,mawd,0.1810566826547056,0.0,0.23306372398245603,0.33603897562056934,-2.409650698301565
SVK,2009,no_capital,perm,no_prereg,d,0.22936458518139025,0.0,0.2982177375304433,0.3656443678438282,-3.0087843283809574
SVK,2009,no_capital,lnorm,all,mawd,0.25865466453710245,0.014,0.2998072205828183,0.4024544075434471,-1.9779986050245957
SVK,2009,no_capital,lnorm,all,d,0.35390283120338323,0.165,0.3300099532680458,0.39108100915811217,-0.9713857816451169
SVK,2009,no_capital,lnorm,no_prereg,mawd,0.1810566826547056,0.001,0.2670803450805281,0.37749385403501723,-2.6012740117766917
SVK,2009,no_capital,lnorm,no_prereg,d,0.22936458518139025,0.0,0.3137795284415572,0.37345106318845944,-3.812269708951504
SVK,2009,no_capital,flat,all,mawd,0.25865466453710245,1.0,,,
SVK,2009,no_capital,flat,all,d,0.35390283120338323,1.0,,,
SVK,2010,no_capital,perm,all,mawd,0.2281736978962335,0.004,0.26792950765266643,0.36710295624978906,-2.0932091566199
SVK,2010,no_capital,perm,all,d,0.3306710320336946,0.088,0.32036586489732005,0.3854287368137063,-1.2163547775173955
SVK,2010,no_capital,perm,no_prereg,mawd,0.16258434038084582,0.0,0.24414348079303907,0.3481779142594534,-2.752447222020687
SVK,2010,no_capital,perm,no_prereg,d,0.23088904724805936,0.0,0.30627132890431746,0.36748764538391127,-3.295073392789737
SVK,2010,no_capital,lnorm,all,mawd,0.2281736978962335,0.001,0.3030490818420594,0.41143547692530824,-2.351915439383124
SVK,2010,no_capital,lnorm,all,d,0.3306710320336946,0.039,0.3343116777330577,0.3951797499872729,-1.6204552482482972
SVK,2010,no_capital,lnorm,no_prereg,mawd,0.16258434038084582,0.0,0.27044119615849394,0.38780512914461607,-2.7856852810388784
SVK,2010,no_capital,lnorm,no_prereg,d,0.23088904724805936,0.0,0.31812641057357455,0.3774872171010811,-3.957914463230759
SVK,2010,no_capital,flat,all,mawd,0.2281736978962335,1.0,,,
SVK,2010,no_capital,flat,all,d,0.3306710320336946,1.0,,,
SVK,2011,no_capital,perm,all,mawd,0.2284489210402321,0.005,0.2711816614256698,0.37201710333705684,-2.1364924821164
SVK,2011,no_capital,perm,all,d,0.33259576483779774,0.063,0.32754407120997664,0.39981260275751385,-1.3598938630636186
SVK,2011,no_capital,perm,no_prereg,mawd,0.1694010579751017,0.0,0.24710597307276944,0.35341790739001155,-2.641546325542391
SVK,2011,no_capital,perm,no_prereg,d,0.22648700444607792,0.0,0.31211292211637953,0.38104910514923607,-3.265766121818614
SVK,2011,no_capital,lnorm,all,mawd,0.2284489210402321,0.001,0.3116550962063175,0.4245452954797131,-2.365341955371991
SVK,2011,no_capital,lnorm,all,d,0.33259576483779774,0.028,0.34166789550143467,0.41123061187776333,-1.8555839059222328
SVK,2011,no_capital,lnorm,no_prereg,mawd,0.1694010579751017,0.0,0.2784051548763592,0.40040808065929373,-2.665038417299962
SVK,2011,no_capital,lnorm,no_prereg,d,0.22648700444607792,0.0,0.3282187511957723,0.3924501417748194,-4.002170514250579
SVK,2011,no_capital,flat,all,mawd,0.2284489210402321,1.0,,,
SVK,2011,no_capital,flat,all,d,0.33259576483779774,1.0,,,
SVK,2012,no_capital,perm,all,mawd,0.2280835557981055,0.003,0.2747060517484222,0.3832330764391103,-2.0797705760105933
SVK,2012,no_capital,perm,all,d,0.3108794417534544,0.013,0.33211791488636605,0.4034920529487648,-1.9352471179849515
SVK,2012,no_capital,perm,no_prereg,mawd,0.17157426357890856,0.0,0.2504929396761732,0.36480938164624443,-2.5407363028729715
SVK,2012,no_capital,perm,no_prereg,d,0.21596284347497005,0.0,0.3134154485042349,0.3880100055043736,-3.6659622737719935
SVK,2012,no_capital,lnorm,all,mawd,0.2280835557981055,0.001,0.3117922865508418,0.4320976984673479,-2.2641165271673023
SVK,2012,no_capital,lnorm,all,d,0.3108794417534544,0.006,0.34735196194030427,0.4116077900195778,-2.4696881501724133
SVK,2012,no_capital,lnorm,no_prereg,mawd,0.17157426357890856,0.0,0.2742156309170579,0.4075691603004138,-2.5272766004070313
SVK,2012,no_capital,lnorm,no_prereg,d,0.21596284347497005,0.0,0.33022939414842467,0.39831989536943363,-4.477453654931657
SVK,2012,no_capital,flat,all,mawd,0.2280835557981055,1.0,,,
SVK,2012,no_capital,flat,all,d,0.3108794417534544,1.0,,,
SVK,2013,no_capital,perm,all,mawd,0.25271338762339624,0.03,0.2633947406951744,0.36765383356074666,-1.606917051047656
SVK,2013,no_capital,perm,all,d,0.3501895556807421,0.177,0.3194101820697768,0.395529729281517,-0.9407573199811312
SVK,2013,no_capital,perm,no_prereg,mawd,0.154184315331467,0.0,0.23843699226083465,0.3446088272560867,-2.7412934800685784
SVK,2013,no_capital,perm,no_prereg,d,0.18177812435173898,0.0,0.3074705839481848,0.3833177611915058,-3.903139775728444
SVK,2013,no_capital,lnorm,all,mawd,0.25271338762339624,0.008,0.3026714068020869,0.42055250963827273,-1.940486924289166
SVK,2013,no_capital,lnorm,all,d,0.3501895556807421,0.062,0.34613534890891146,0.40846400877001665,-1.4843065105799274
SVK,2013,no_capital,lnorm,no_prereg,mawd,0.154184315331467,0.0,0.2678439467802951,0.38746456530259943,-2.685588467936529
SVK,2013,no_capital,lnorm,no_prereg,d,0.18177812435173898,0.0,0.3305731721968633,0.3973919145864911,-5.2770412362567125
SVK,2013,no_capital,flat,all,mawd,0.25271338762339624,1.0,,,
SVK,2013,no_capital,flat,all,d,0.3501895556807421,1.0,,,
SVK,2014,no_capital,perm,all,mawd,0.2295568093180856,0.005,0.26436964468382385,0.36635832941090796,-1.9851921313664815
SVK,2014,no_capital,perm,all,d,0.3987795093677979,0.444,0.32763887147223125,0.40565677789173804,-0.24795067084106134
SVK,2014,no_capital,perm,no_prereg,mawd,0.17057985711825138,0.001,0.24561978312582408,0.34921049662033643,-2.5525033671081623
SVK,2014,no_capital,perm,no_prereg,d,0.3891442461973783,0.434,0.3174888663301699,0.3990993908907906,-0.2976656772348724
SVK,2014,no_capital,lnorm,all,mawd,0.2295568093180856,0.002,0.29358199726237527,0.40063471707410514,-2.1330524999775897
SVK,2014,no_capital,lnorm,all,d,0.3987795093677979,0.393,0.3440208013200697,0.41193623323846856,-0.3587102393035261
SVK,2014,no_capital,lnorm,no_prereg,mawd,0.17057985711825138,0.0,0.2685147958739033,0.3813237176794632,-2.501855132757709
SVK,2014,no_capital,lnorm,no_prereg,d,0.3891442461973783,0.348,0.3314913353302483,0.4074341001792259,-0.42862280410490705
SVK,2014,no_capital,flat,all,mawd,0.2295568093180856,1.0,,,
SVK,2014,no_capital,flat,all,d,0.3987795093677979,1.0,,,
SVN,2000,no_capital,perm,all,mawd,0.3888641522018511,0.853,0.24839928347817095,0.32987243967231283,0.9809389045300086
SVN,2000,no_capital,perm,all,d,0.5740974032673407,0.988,0.30355639286667474,0.37097601818281456,3.569595650585662
SVN,2000,no_capital,perm,no_prereg,mawd,0.15632020115987952,0.0,0.22646035160218309,0.2974040589592391,-2.989191309175679
SVN,2000,no_capital,perm,no_prereg,d,0.23943383987910544,0.0,0.28949381892397813,0.35108635055816545,-2.367058401575477
SVN,2000,no_capital,lnorm,all,mawd,0.3888641522018511,0.643,0.27033552131345756,0.3620640504380709,0.28284373358090154
SVN,2000,no_capital,lnorm,all,d,0.5740974032673407,0.999,0.31777496102561253,0.38576292215482644,3.860222675848412
SVN,2000,no_capital,lnorm,no_prereg,mawd,0.15632020115987952,0.0,0.24800626543075915,0.32967368015191134,-2.9626843547848423
SVN,2000,no_capital,lnorm,no_prereg,d,0.23943383987910544,0.001,0.30248540526865003,0.36620985565938413,-2.9502412773029674
SVN,2000,no_capital,flat,all,mawd,0.3888641522018511,1.0,,,
SVN,2000,no_capital,flat,all,d,0.5740974032673407,1.0,,,
SVN,2001,no_capital,perm,all,mawd,0.3838040848594109,0.833,0.24610552409317307,0.3268575377520788,0.9176853512632677
SVN,2001,no_capital,perm,all,d,0.5686729376660036,0.983,0.3008193008377619,0.3661429571594416,3.4266364706572965
SVN,2001,no_capital,perm,no_prereg,mawd,0.1559294021806873,0.0,0.22492900618897396,0.297334840459456,-2.956993964110055
SVN,2001,no_capital,perm,no_prereg,d,0.24875188576598736,0.001,0.2887796234739967,0.34932175991800657,-2.0637705887333566
SVN,2001,no_capital,lnorm,all,mawd,0.3838040848594109,0.638,0.26832230283322656,0.35909681045740394,0.26800179253904993
SVN,2001,no_capital,lnorm,all,d,0.5686729376660036,0.997,0.3122221010219124,0.3800414756896836,3.7689243244937893
SVN,2001,no_capital,lnorm,no_prereg,mawd,0.1559294021806873,0.0,0.24698233432344344,0.32906050531439407,-2.9714928528337157
SVN,2001,no_capital,lnorm,no_prereg,d,0.24875188576598736,0.001,0.2980801115269853,0.36359963922482536,-2.6050335190890803
SVN,2001,no_capital,flat,all,mawd,0.3838040848594109,1.0,,,
SVN,2001,no_capital,flat,all,d,0.5686729376660036,1.0,,,
SVN,2002,no_capital,perm,all,mawd,0.3610942216982265,0.69,0.2514468882484115,0.3332409710202816,0.407387037906557
SVN,2002,no_capital,perm,all,d,0.5476960494706897,0.982,0.30690231533476714,0.36639544564580684,3.2277416768614846
SVN,2002,no_capital,perm,no_prereg,mawd,0.14824982118694519,0.0,0.23414233664823397,0.3062982653802102,-3.1486646849019047
SVN,2002,no_capital,perm,no_prereg,d,0.24866492549055463,0.001,0.2962658989501554,0.35338922939670364,-2.2275918322425796
SVN,2002,no_capital,lnorm,all,mawd,0.3610942216982265,0.484,0.2750713551128048,0.3631775316385759,-0.1375133326624741
SVN,2002,no_capital,lnorm,all,d,0.5476960494706897,0.994,0.31306766033366296,0.37947549338020137,3.3806063542082665
SVN,2002,no_capital,lnorm,no_prereg,mawd,0.14824982118694519,0.0,0.2515377763242406,0.33492174252499496,-3.1309205867330783
SVN,2002,no_capital,lnorm,no_prereg,d,0.24866492549055463,0.0,0.30337918855589224,0.37072694109940774,-2.7324779924810114
SVN,2002,no_capital,flat,all,mawd,0.3610942216982265,1.0,,,
SVN,2002,no_capital,flat,all,d,0.5476960494706897,1.0,,,
SVN,2003,no_capital,perm,all,mawd,0.3555322788833395,0.673,0.251225643506669,0.3297831599269955,0.3623660362232287
SVN,2003,no_capital,perm,all,d,0.5343213058786862,0.984,0.3049369276917564,0.36644994941527975,3.0153407070657763
SVN,2003,no_capital,perm,no_prereg,mawd,0.15501214816952663,0.0,0.23115129332289822,0.3045576195317198,-2.97858812027418
SVN,2003,no_capital,perm,no_prereg,d,0.26485386122563487,0.002,0.2928796355003781,0.3533912481420498,-1.897825827418989
SVN,2003,no_capital,lnorm,all,mawd,0.3555322788833395,0.465,0.2724709071018411,0.361581623691543,-0.19351438204627402
SVN,2003,no_capital,lnorm,all,d,0.5343213058786862,0.993,0.31437907528489895,0.3799746481383864,3.172114407715238
SVN,2003,no_capital,lnorm,no_prereg,mawd,0.15501214816952663,0.0,0.2507489075764978,0.3321982669644634,-2.943355722321077
SVN,2003,no_capital,lnorm,no_prereg,d,0.26485386122563487,0.004,0.30393979709721825,0.36942832355859134,-2.381432587125399
SVN,2003,no_capital,flat,all,mawd,0.3555322788833395,1.0,,,
SVN,2003,no_capital,flat,all,d,0.5343213058786862,1.0,,,
SVN,2004,no_capital,perm,all,mawd,0.3500180165019171,0.643,0.2520602912249938,0.3321518487899821,0.25478220896854614
SVN,2004,no_capital,perm,all,d,0.5247535871854705,0.983,0.30373496721572324,0.3681436381121593,2.94686367453642
SVN,2004,no_capital,perm,no_prereg,mawd,0.15996740596843972,0.0,0.23501676256316,0.30470230379395935,-2.942840006931791
SVN,2004,no_capital,perm,no_prereg,d,0.2771541325132953,0.013,0.29308783155012164,0.35593457769240716,-1.6954289631806274
SVN,2004,no_capital,lnorm,all,mawd,0.3500180165019171,0.421,0.2710665162186383,0.36203906136682984,-0.2816515872319966
SVN,2004,no_capital,lnorm,all,d,0.5247535871854705,0.993,0.31333600065707196,0.3768354249762278,3.097833114645283
SVN,2004,no_capital,lnorm,no_prereg,mawd,0.15996740596843972,0.0,0.2494209542645511,0.33332555731269015,-2.8528418103294935
SVN,2004,no_capital,lnorm,no_prereg,d,0.2771541325132953,0.013,0.30211452784533815,0.36497286382584937,-2.074978422076335
SVN,2004,no_capital,flat,all,mawd,0.3500180165019171,1.0,,,
SVN,2004,no_capital,flat,all,d,0.5247535871854705,1.0,,,
SVN,2005,no_capital,perm,all,mawd,0.3480248136347197,0.598,0.251957118657245,0.33260019681685626,0.16101822332888158
SVN,2005,no_capital,perm,all,d,0.5345634008297427,0.984,0.30255115695538887,0.3710437750597143,2.852283850523636
SVN,2005,no_capital,perm,no_prereg,mawd,0.15005023945954388,0.0,0.23199909757866807,0.3046715243391204,-3.053016838316719
SVN,2005,no_capital,perm,no_prereg,d,0.2636296150929839,0.003,0.29290629324742457,0.35738851192850574,-1.901622409986047
SVN,2005,no_capital,lnorm,all,mawd,0.3480248136347197,0.386,0.27439753023572483,0.3676146001715336,-0.3803956307947169
SVN,2005,no_capital,lnorm,all,d,0.5345634008297427,0.993,0.31342279775898624,0.3806608069760236,3.0341537161718812
SVN,2005,no_capital,lnorm,no_prereg,mawd,0.15005023945954388,0.0,0.25164362098071924,0.33705850975474794,-2.995805655170111
SVN,2005,no_capital,lnorm,no_prereg,d,0.2636296150929839,0.003,0.30227131201476043,0.3693051611398621,-2.3546292326962543
SVN,2005,no_capital,flat,all,mawd,0.3480248136347197,1.0,,,
SVN,2005,no_capital,flat,all,d,0.5345634008297427,1.0,,,
SVN,2006,no_capital,perm,all,mawd,0.32683128998793654,0.436,0.2520265855014265,0.3358920977714527,-0.22802573588682884
SVN,2006,no_capital,perm,all,d,0.5053607270372347,0.981,0.3022847997397596,0.3663203140834056,2.712091839095625
SVN,2006,no_capital,perm,no_prereg,mawd,0.15767320763978127,0.0,0.23446608866251067,0.30746866222451236,-2.8794509659757725
SVN,2006,no_capital,perm,no_prereg,d,0.2799255433978239,0.018,0.29403180397242556,0.3546165598689621,-1.65526784893789
SVN,2006,no_capital,lnorm,all,mawd,0.32683128998793654,0.29,0.269064513993944,0.3599136287867909,-0.6041582851227028
SVN,2006,no_capital,lnorm,all,d,0.5053607270372347,0.986,0.3116388822377926,0.37610974597335567,2.6578155977980558
SVN,2006,no_capital,lnorm,no_prereg,mawd,0.15767320763978127,0.0,0.24870679469190432,0.331112027294977,-2.784382189103218
SVN,2006,no_capital,lnorm,no_prereg,d,0.2799255433978239,0.017,0.29999385766611114,0.36428068342910597,-1.945599849730518
SVN,2006,no_capital,flat,all,mawd,0.32683128998793654,1.0,,,
SVN,2006,no_capital,flat,all,d,0.5053607270372347,1.0,,,
SVN,2007,no_capital,perm,all,mawd,0.27738779623414894,0.162,0.2469402060974028,0.32724779120862235,-0.9751307954163043
SVN,2007,no_capital,perm,all,d,0.43737532953132024,0.93,0.30105114024531493,0.3605244727589093,1.6761045627644569
SVN,2007,no_capital,perm,no_prereg,mawd,0.15266077414604118,0.0,0.22975412839955267,0.3045664224382935,-2.820211733491967
SVN,2007,no_capital,perm,no_prereg,d,0.26714284646185615,0.003,0.29484563119533386,0.352267549643571,-1.9651878462779016
SVN,2007,no_capital,lnorm,all,mawd,0.27738779623414894,0.087,0.260870258555153,0.3514719305520716,-1.2037460658872092
SVN,2007,no_capital,lnorm,all,d,0.43737532953132024,0.93,0.30734231788925626,0.37019481578841373,1.5093671887831903
SVN,2007,no_capital,lnorm,no_prereg,mawd,0.15266077414604118,0.0,0.24290090283017754,0.32624870270387846,-2.7229544328959436
SVN,2007,no_capital,lnorm,no_prereg,d,0.26714284646185615,0.006,0.29871606975873644,0.36096462274905783,-2.2191956135757978
SVN,2007,no_capital,flat,all,mawd,0.27738779623414894,1.0,,,
SVN,2007,no_capital,flat,all,d,0.43737532953132024,1.0,,,
SVN,2008,no_capital,perm,all,mawd,0.28512220509319663,0.211,0.24676067043799532,0.3253930639280226,-0.8114082691065582
SVN,2008,no_capital,perm,all,d,0.44126378826080237,0.951,0.29712355525997775,0.358192424704868,1.828796730062006
SVN,2008,no_capital,perm,no_prereg,mawd,0.14653095134773178,0.0,0.2264193250343571,0.3000447555831796,-2.8888912381955225
SVN,2008,no_capital,perm,no_prereg,d,0.25534262971537464,0.001,0.28911073424100747,0.3452008275906585,-2.1687148160036105
SVN,2008,no_capital,lnorm,all,mawd,0.28512220509319663,0.12,0.25990411221365006,0.3504452235524397,-1.064108798285879
SVN,2008,no_capital,lnorm,all,d,0.44126378826080237,0.948,0.30464740702119186,0.3664577696486879,1.6654139891015796
SVN,2008,no_capital,lnorm,no_prereg,mawd,0.14653095134773178,0.0,0.23717706784740514,0.3226042928317445,-2.756760998599709
SVN,2008,no_capital,lnorm,no_prereg,d,0.25534262971537464,0.002,0.2937100106021059,0.3554134784834941,-2.440633781694739
SVN,2008,no_capital,flat,all,mawd,0.28512220509319663,1.0,,,
SVN,2008,no_capital,flat,all,d,0.44126378826080237,1.0,,,
SVN,2009,no_capital,perm,all,mawd,0.3508728125075524,0.671,0.24194468921930376,0.32404527045990916,0.3439189731308014
SVN,2009,no_capital,perm,all,d,0.49916425280414667,0.981,0.29117270198697814,0.3566449738343574,2.792088998903508
SVN,2009,no_capital,perm,no_prereg,mawd,0.14220007370957866,0.0,0.22033039044099914,0.2952097425295689,-2.9433911729539544
SVN,2009,no_capital,perm,no_prereg,d,0.24906625734759993,0.001,0.2817777902163793,0.3385926553045881,-2.1129339764116684
SVN,2009,no_capital,lnorm,all,mawd,0.3508728125075524,0.495,0.2617038690417223,0.35159256111458814,-0.1394184659794779
SVN,2009,no_capital,lnorm,all,d,0.49916425280414667,0.988,0.2996179441956432,0.3642524171014781,2.8143771477630604
SVN,2009,no_capital,lnorm,no_prereg,mawd,0.14220007370957866,0.0,0.2378330933705332,0.3198979073807374,-2.845113455728545
SVN,2009,no_capital,lnorm,no_prereg,d,0.24906625734759993,0.003,0.28832504391148234,0.3487769995804589,-2.460707287127121
SVN,2009,no_capital,flat,all,mawd,0.3508728125075524,1.0,,,
SVN,2009,no_capital,flat,all,d,0.49916425280414667,1.0,,,
SVN,2010,no_capital,perm,all,mawd,0.33066572198365746,0.449,0.25539539278611756,0.3371534233460912,-0.20015131516443097
SVN,2010,no_capital,perm,all,d,0.48120157340752584,0.971,0.3012880427423594,0.3663476843199919,2.3732715003599636
SVN,2010,no_capital,perm,no_prereg,mawd,0.14732466642454956,0.0,0.23872594664689759,0.3074299744729585,-3.2057456980266186
SVN,2010,no_capital,perm,no_prereg,d,0.23126706805242364,0.0,0.2911406196442308,0.35155673923691116,-2.858485710897331
SVN,2010,no_capital,lnorm,all,mawd,0.33066572198365746,0.325,0.2686106888470615,0.35999001259288144,-0.5224289229559073
SVN,2010,no_capital,lnorm,all,d,0.48120157340752584,0.973,0.30482651349332307,0.3737872350478323,2.198671847505668
SVN,2010,no_capital,lnorm,no_prereg,mawd,0.14732466642454956,0.0,0.2435880740266181,0.3269567133315917,-2.9868040759943604
SVN,2010,no_capital,lnorm,no_prereg,d,0.23126706805242364,0.0,0.29305738086705185,0.3568801485572656,-2.9940297327789067
SVN,2010,no_capital,flat,all,mawd,0.33066572198365746,1.0,,,
SVN,2010,no_capital,flat,all,d,0.48120157340752584,1.0,,,
SVN,2011,no_capital,perm,all,mawd,0.3050262384763807,0.326,0.25108296984520084,0.3311548310518506,-0.5495322002408175
SVN,2011,no_capital,perm,all,d,0.45504858530644765,0.961,0.30008597686816807,0.36657047799331544,1.9068112748824375
SVN,2011,no_capital,perm,no_prereg,mawd,0.14575569009067565,0.0,0.23625260152304126,0.303316250378281,-3.364743589548287
SVN,2011,no_capital,perm,no_prereg,d,0.20928894463556955,0.0,0.28871499200327594,0.34970326554536274,-3.3354758554175197
SVN,2011,no_capital,lnorm,all,mawd,0.3050262384763807,0.2,0.2660985849709753,0.3527170227634822,-0.8609710679145894
SVN,2011,no_capital,lnorm,all,d,0.45504858530644765,0.953,0.30373617786671486,0.3721349321053933,1.7398057278756363
SVN,2011,no_capital,lnorm,no_prereg,mawd,0.14575569009067565,0.0,0.2422313469120421,0.324022333557957,-3.1414929103870555
SVN,2011,no_capital,lnorm,no_prereg,d,0.20928894463556955,0.0,0.289948647338154,0.3552519044357902,-3.4532923830345577
SVN,2011,no_capital,flat,all,mawd,0.3050262384763807,1.0,,,
SVN,2011,no_capital,flat,all,d,0.45504858530644765,1.0,,,
SVN,2012,no_capital,perm,all,mawd,0.2991794570420282,0.273,0.25796036343032436,0.3308862945855594,-0.674979001340732
SVN,2012,no_capital,perm,all,d,0.457920050530868,0.959,0.3004979470305777,0.36606957822882036,1.974447118736712
SVN,2012,no_capital,perm,no_prereg,mawd,0.148918206338606,0.0,0.23687231465250974,0.3058650648877876,-3.3650050505621314
SVN,2012,no_capital,perm,no_prereg,d,0.21460193101977867,0.0,0.29011165529539695,0.35134093641698716,-3.2722049974782554
SVN,2012,no_capital,lnorm,all,mawd,0.2991794570420282,0.171,0.26604322145076365,0.3513948471124839,-0.9458549218219674
SVN,2012,no_capital,lnorm,all,d,0.457920050530868,0.954,0.30498943792385086,0.37286255474589136,1.7904555214723785
SVN,2012,no_capital,lnorm,no_prereg,mawd,0.148918206338606,0.0,0.24281130329764733,0.3254797691170439,-3.131088467005167
SVN,2012,no_capital,lnorm,no_prereg,d,0.21460193101977867,0.0,0.29082042090065585,0.3569024774799837,-3.3796748513349857
SVN,2012,no_capital,flat,all,mawd,0.2991794570420282,1.0,,,
SVN,2012,no_capital,flat,all,d,0.457920050530868,1.0,,,
SVN,2013,no_capital,perm,all,mawd,0.2991222421240142,0.351,0.24711191039121805,0.3192876974324181,-0.4741314626960986
SVN,2013,no_capital,perm,all,d,0.45814231855106063,0.96,0.2920422875830891,0.3542217763192816,2.167066511543814
SVN,2013,no_capital,perm,no_prereg,mawd,0.1593480343573582,0.0,0.2318289987711717,0.29603251970958977,-3.0784378942078194
SVN,2013,no_capital,perm,no_prereg,d,0.21475766413245728,0.0,0.28119296335754523,0.3385814151807696,-3.093624994582923
SVN,2013,no_capital,lnorm,all,mawd,0.2991222421240142,0.213,0.25895378341058894,0.338884915678735,-0.7908431578532109
SVN,2013,no_capital,lnorm,all,d,0.45814231855106063,0.961,0.2948521520201055,0.36302169784344884,1.9734206539019319
SVN,2013,no_capital,lnorm,no_prereg,mawd,0.1593480343573582,0.0,0.23613250898811863,0.3155974886412586,-2.9200059495683974
SVN,2013,no_capital,lnorm,no_prereg,d,0.21475766413245728,0.0,0.2826657804639524,0.34598699256424914,-3.2325187028609763
SVN,2013,no_capital,flat,all,mawd,0.2991222421240142,1.0,,,
SVN,2013,no_capital,flat,all,d,0.45814231855106063,1.0,,,
SVN,2014,no_capital,perm,all,mawd,0.2908372025708307,0.287,0.24982089674591013,0.31787469716017014,-0.6400298317628342
SVN,2014,no_capital,perm,all,d,0.4478508610566112,0.958,0.2909146737644288,0.3496466074915262,2.1387728690898298
SVN,2014,no_capital,perm,no_prereg,mawd,0.16413584899903355,0.0,0.23150197984458615,0.2951647226314341,-2.970810027124607
SVN,2014,no_capital,perm,no_prereg,d,0.21306256113367306,0.0,0.27934744416282126,0.33484990301019246,-3.211151235102469
SVN,2014,no_capital,lnorm,all,mawd,0.2908372025708307,0.178,0.2586139658062012,0.3395522280840628,-0.9240235566258461
SVN,2014,no_capital,lnorm,all,d,0.4478508610566112,0.955,0.29175725303281647,0.36086381451862237,1.8090437966246444
SVN,2014,no_capital,lnorm,no_prereg,mawd,0.16413584899903355,0.0,0.23868592681984374,0.3158780889265518,-2.8484973786292187
SVN,2014,no_capital,lnorm,no_prereg,d,0.21306256113367306,0.0,0.280741618856864,0.3433620050220445,-3.2678558242282985
SVN,2014,no_capital,flat,all,mawd,0.2908372025708307,1.0,,,
SVN,2014,no_capital,flat,all,d,0.4478508610566112,1.0,,,
SWE,2000,no_capital,perm,all,mawd,,0.0,,,
SWE,2000,no_capital,perm,all,d,,0.0,,,
SWE,2000,no_capital,perm,no_prereg,mawd,,0.0,,,
SWE,2000,no_capital,perm,no_prereg,d,,0.0,,,
SWE,2000,no_capital,lnorm,all,mawd,,0.0,0.28071927443808126,0.3644230410698856,
SWE,2000,no_capital,lnorm,all,d,,0.0,0.3237402961739094,0.4172257355476602,
SWE,2000,no_capital,lnorm,no_prereg,mawd,,0.0,0.25961679516916897,0.357833911639338,
SWE,2000,no_capital,lnorm,no_prereg,d,,0.0,0.31512636966655033,0.4216375741968127,
SWE,2000,no_capital,flat,all,mawd,,0.0,,,
SWE,2000,no_capital,flat,all,d,,0.0,,,
SWE,2001,no_capital,perm,all,mawd,,0.0,,,
SWE,2001,no_capital,perm,all,d,,0.0,,,
SWE,2001,no_capital,perm,no_prereg,mawd,,0.0,,,
SWE,2001,no_capital,perm,no_prereg,d,,0.0,,,
SWE,2001,no_capital,lnorm,all,mawd,,0.0,0.2770402861735265,0.35892727854919965,
SWE,2001,no_capital,lnorm,all,d,,0.0,0.32151629676519294,0.4149161180139277,
SWE,2001,no_capital,lnorm,no_prereg,mawd,,0.0,0.259028776358782,0.35385623524493326,
SWE,2001,no_capital,lnorm,no_prereg,d,,0.0,0.3136829066831821,0.41833931007829445,
SWE,2001,no_capital,flat,all,mawd,,0.0,,,
SWE,2001,no_capital,flat,all,d,,0.0,,,
SWE,2002,no_capital,perm,all,mawd,,0.0,,,
SWE,2002,no_capital,perm,all,d,,0.0,,,
SWE,2002,no_capital,perm,no_prereg,mawd,,0.0,,,
SWE,2002,no_capital,perm,no_prereg,d,,0.0,,,
SWE,2002,no_capital,lnorm,all,mawd,,0.0,0.27243227263473174,0.3562391156273752,
SWE,2002,no_capital,lnorm,all,d,,0.0,0.32043761350845384,0.41088633373511596,
SWE,2002,no_capital,lnorm,no_prereg,mawd,,0.0,0.25832767214417146,0.3522895809252817,
SWE,2002,no_capital,lnorm,no_prereg,d,,0.0,0.31215976247106103,0.41459489957055407,
SWE,2002,no_capital,flat,all,mawd,,0.0,,,
SWE,2002,no_capital,flat,all,d,,0.0,,,
SWE,2003,no_capital,perm,all,mawd,,0.0,,,
SWE,2003,no_capital,perm,all,d,,0.0,,,
SWE,2003,no_capital,perm,no_prereg,mawd,,0.0,,,
SWE,2003,no_capital,perm,no_prereg,d,,0.0,,,
SWE,2003,no_capital,lnorm,all,mawd,,0.0,0.2736471275465026,0.35868950830860247,
SWE,2003,no_capital,lnorm,all,d,,0.0,0.3190843177323617,0.40796316040047576,
SWE,2003,no_capital,lnorm,no_prereg,mawd,,0.0,0.25851685140295616,0.354093391941354,
SWE,2003,no_capital,lnorm,no_prereg,d,,0.0,0.3128042878385096,0.4125370296510242,
SWE,2003,no_capital,flat,all,mawd,,0.0,,,
SWE,2003,no_capital,flat,all,d,,0.0,,,
SWE,2004,no_capital,perm,all,mawd,,0.0,,,
SWE,2004,no_capital,perm,all,d,,0.0,,,
SWE,2004,no_capital,perm,no_prereg,mawd,,0.0,,,
SWE,2004,no_capital,perm,no_prereg,d,,0.0,,,
SWE,2004,no_capital,lnorm,all,mawd,,0.0,0.2803594925710672,0.3657456328398203,
SWE,2004,no_capital,lnorm,all,d,,0.0,0.32325001486736415,0.4143641753507249,
SWE,2004,no_capital,lnorm,no_prereg,mawd,,0.0,0.2642443029995356,0.36263357022388026,
SWE,2004,no_capital,lnorm,no_prereg,d,,0.0,0.3184572567880883,0.41832580994293767,
SWE,2004,no_capital,flat,all,mawd,,0.0,,,
SWE,2004,no_capital,flat,all,d,,0.0,,,
SWE,2005,no_capital,perm,all,mawd,,0.0,,,
SWE,2005,no_capital,perm,all,d,,0.0,,,
SWE,2005,no_capital,perm,no_prereg,mawd,,0.0,,,
SWE,2005,no_capital,perm,no_prereg,d,,0.0,,,
SWE,2005,no_capital,lnorm,all,mawd,,0.0,0.283685395920037,0.37105096137067783,
SWE,2005,no_capital,lnorm,all,d,,0.0,0.3254728842567977,0.4064946703083402,
SWE,2005,no_capital,lnorm,no_prereg,mawd,,0.0,0.2697007993185072,0.36734010849108584,
SWE,2005,no_capital,lnorm,no_prereg,d,,0.0,0.3159869390982908,0.40595409155122836,
SWE,2005,no_capital,flat,all,mawd,,0.0,,,
SWE,2005,no_capital,flat,all,d,,0.0,,,
SWE,2006,no_capital,perm,all,mawd,,0.0,,,
SWE,2006,no_capital,perm,all,d,,0.0,,,
SWE,2006,no_capital,perm,no_prereg,mawd,,0.0,,,
SWE,2006,no_capital,perm,no_prereg,d,,0.0,,,
SWE,2006,no_capital,lnorm,all,mawd,,0.0,0.29087485097638793,0.3779720312996562,
SWE,2006,no_capital,lnorm,all,d,,0.0,0.3319674563045694,0.4184046649153055,
SWE,2006,no_capital,lnorm,no_prereg,mawd,,0.0,0.2740760769252554,0.3768961833768457,
SWE,2006,no_capital,lnorm,no_prereg,d,,0.0,0.3232495253197547,0.42289385360660087,
SWE,2006,no_capital,flat,all,mawd,,0.0,,,
SWE,2006,no_capital,flat,all,d,,0.0,,,
SWE,2007,no_capital,perm,all,mawd,,0.0,,,
SWE,2007,no_capital,perm,all,d,,0.0,,,
SWE,2007,no_capital,perm,no_prereg,mawd,,0.0,,,
SWE,2007,no_capital,perm,no_prereg,d,,0.0,,,
SWE,2007,no_capital,lnorm,all,mawd,,0.0,0.2834682960960423,0.36792007488122924,
SWE,2007,no_capital,lnorm,all,d,,0.0,0.32769313615707113,0.417535587535935,
SWE,2007,no_capital,lnorm,no_prereg,mawd,,0.0,0.26795640106735047,0.36635026364081563,
SWE,2007,no_capital,lnorm,no_prereg,d,,0.0,0.31986960937459336,0.4237464688471506,
SWE,2007,no_capital,flat,all,mawd,,0.0,,,
SWE,2007,no_capital,flat,all,d,,0.0,,,
SWE,2008,no_capital,perm,all,mawd,,0.0,,,
SWE,2008,no_capital,perm,all,d,,0.0,,,
SWE,2008,no_capital,perm,no_prereg,mawd,,0.0,,,
SWE,2008,no_capital,perm,no_prereg,d,,0.0,,,
SWE,2008,no_capital,lnorm,all,mawd,,0.0,0.2881300715224578,0.3741794382707902,
SWE,2008,no_capital,lnorm,all,d,,0.0,0.32960511573121354,0.4253719893679262,
SWE,2008,no_capital,lnorm,no_prereg,mawd,,0.0,0.27085106374686657,0.37115614959120524,
SWE,2008,no_capital,lnorm,no_prereg,d,,0.0,0.3230608256248636,0.4305331908968697,
SWE,2008,no_capital,flat,all,mawd,,0.0,,,
SWE,2008,no_capital,flat,all,d,,0.0,,,
SWE,2009,no_capital,perm,all,mawd,,0.0,,,
SWE,2009,no_capital,perm,all,d,,0.0,,,
SWE,2009,no_capital,perm,no_prereg,mawd,,0.0,,,
SWE,2009,no_capital,perm,no_prereg,d,,0.0,,,
SWE,2009,no_capital,lnorm,all,mawd,,0.0,0.28530062667411626,0.3747026390539794,
SWE,2009,no_capital,lnorm,all,d,,0.0,0.3318974636877247,0.42708757586217705,
SWE,2009,no_capital,lnorm,no_prereg,mawd,,0.0,0.2703751791242912,0.37133424613212695,
SWE,2009,no_capital,lnorm,no_prereg,d,,0.0,0.32604098729054537,0.4312067695124569,
SWE,2009,no_capital,flat,all,mawd,,0.0,,,
SWE,2009,no_capital,flat,all,d,,0.0,,,
SWE,2010,no_capital,perm,all,mawd,,0.0,,,
SWE,2010,no_capital,perm,all,d,,0.0,,,
SWE,2010,no_capital,perm,no_prereg,mawd,,0.0,,,
SWE,2010,no_capital,perm,no_prereg,d,,0.0,,,
SWE,2010,no_capital,lnorm,all,mawd,,0.0,0.2901749861720721,0.37849437933674307,
SWE,2010,no_capital,lnorm,all,d,,0.0,0.33432879396144916,0.42756173104736983,
SWE,2010,no_capital,lnorm,no_prereg,mawd,,0.0,0.27722635840004795,0.3792250590308173,
SWE,2010,no_capital,lnorm,no_prereg,d,,0.0,0.3284897908443921,0.43314546115425967,
SWE,2010,no_capital,flat,all,mawd,,0.0,,,
SWE,2010,no_capital,flat,all,d,,0.0,,,
SWE,2011,no_capital,perm,all,mawd,,0.0,,,
SWE,2011,no_capital,perm,all,d,,0.0,,,
SWE,2011,no_capital,perm,no_prereg,mawd,,0.0,,,
SWE,2011,no_capital,perm,no_prereg,d,,0.0,,,
SWE,2011,no_capital,lnorm,all,mawd,,0.0,0.29144335693557405,0.38005052289411295,
SWE,2011,no_capital,lnorm,all,d,,0.0,0.33496557711339214,0.4288226572549766,
SWE,2011,no_capital,lnorm,no_prereg,mawd,,0.0,0.2752651796322774,0.37831469480942975,
SWE,2011,no_capital,lnorm,no_prereg,d,,0.0,0.32738701792592756,0.4330498201124095,
SWE,2011,no_capital,flat,all,mawd,,0.0,,,
SWE,2011,no_capital,flat,all,d,,0.0,,,
SWE,2012,no_capital,perm,all,mawd,,0.0,,,
SWE,2012,no_capital,perm,all,d,,0.0,,,
SWE,2012,no_capital,perm,no_prereg,mawd,,0.0,,,
SWE,2012,no_capital,perm,no_prereg,d,,0.0,,,
SWE,2012,no_capital,lnorm,all,mawd,,0.0,0.29596857521142605,0.38481459642913307,
SWE,2012,no_capital,lnorm,all,d,,0.0,0.3346975250109449,0.43021513521810817,
SWE,2012,no_capital,lnorm,no_prereg,mawd,,0.0,0.27815853312696126,0.38240853985355455,
SWE,2012,no_capital,lnorm,no_prereg,d,,0.0,0.3272006579027928,0.432418400039412,
SWE,2012,no_capital,flat,all,mawd,,0.0,,,
SWE,2012,no_capital,flat,all,d,,0.0,,,
SWE,2013,no_capital,perm,all,mawd,,0.0,,,
SWE,2013,no_capital,perm,all,d,,0.0,,,
SWE,2013,no_capital,perm,no_prereg,mawd,,0.0,,,
SWE,2013,no_capital,perm,no_prereg,d,,0.0,,,
SWE,2013,no_capital,lnorm,all,mawd,,0.0,0.2934968858137909,0.3855352837819883,
SWE,2013,no_capital,lnorm,all,d,,0.0,0.33793202103693176,0.4315562348261507,
SWE,2013,no_capital,lnorm,no_prereg,mawd,,0.0,0.2794415576214755,0.3825321434609364,
SWE,2013,no_capital,lnorm,no_prereg,d,,0.0,0.32894102674469117,0.4330107358324694,
SWE,2013,no_capital,flat,all,mawd,,0.0,,,
SWE,2013,no_capital,flat,all,d,,0.0,,,
SWE,2014,no_capital,perm,all,mawd,,0.0,,,
SWE,2014,no_capital,perm,all,d,,0.0,,,
SWE,2014,no_capital,perm,no_prereg,mawd,,0.0,,,
SWE,2014,no_capital,perm,no_prereg,d,,0.0,,,
SWE,2014,no_capital,lnorm,all,mawd,,0.0,0.2911767920159765,0.3826092765140219,
SWE,2014,no_capital,lnorm,all,d,,0.0,0.33598670167811984,0.42903445968523757,
SWE,2014,no_capital,lnorm,no_prereg,mawd,,0.0,0.2757114126003776,0.37948165606977424,
SWE,2014,no_capital,lnorm,no_prereg,d,,0.0,0.3272374585381984,0.43038002208254567,
SWE,2014,no_capital,flat,all,mawd,,0.0,,,
SWE,2014,no_capital,flat,all,d,,0.0,,,
TUR,2000,no_capital,perm,all,mawd,,0.0,,,
TUR,2000,no_capital,perm,all,d,,0.0,,,
TUR,2000,no_capital,perm,no_prereg,mawd,,0.0,,,
TUR,2000,no_capital,perm,no_prereg,d,,0.0,,,
TUR,2000,no_capital,lnorm,all,mawd,,0.0,0.3763771111759449,0.5506891948444118,
TUR,2000,no_capital,lnorm,all,d,,0.0,0.5891139079784621,0.8737387397064686,
TUR,2000,no_capital,lnorm,no_prereg,mawd,,0.0,0.32975661876873597,0.49527007047344596,
TUR,2000,no_capital,lnorm,no_prereg,d,,0.0,0.6028873412173783,0.8872546277546056,
TUR,2000,no_capital,flat,all,mawd,,0.0,,,
TUR,2000,no_capital,flat,all,d,,0.0,,,
TUR,2001,no_capital,perm,all,mawd,,0.0,,,
TUR,2001,no_capital,perm,all,d,,0.0,,,
TUR,2001,no_capital,perm,no_prereg,mawd,,0.0,,,
TUR,2001,no_capital,perm,no_prereg,d,,0.0,,,
TUR,2001,no_capital,lnorm,all,mawd,,0.0,0.38420557244153825,0.566889677511678,
TUR,2001,no_capital,lnorm,all,d,,0.0,0.585946002901332,0.8745986593548352,
TUR,2001,no_capital,lnorm,no_prereg,mawd,,0.0,0.33282855221949204,0.505920556401715,
TUR,2001,no_capital,lnorm,no_prereg,d,,0.0,0.5982688673691318,0.887031294240692,
TUR,2001,no_capital,flat,all,mawd,,0.0,,,
TUR,2001,no_capital,flat,all,d,,0.0,,,
TUR,2002,no_capital,perm,all,mawd,,0.0,,,
TUR,2002,no_capital,perm,all,d,,0.0,,,
TUR,2002,no_capital,perm,no_prereg,mawd,,0.0,,,
TUR,2002,no_capital,perm,no_prereg,d,,0.0,,,
TUR,2002,no_capital,lnorm,all,mawd,,0.0,0.36137184830296243,0.5185564764183541,
TUR,2002,no_capital,lnorm,all,d,,0.0,0.5543036866746854,0.8135164988613115,
TUR,2002,no_capital,lnorm,no_prereg,mawd,,0.0,0.31738888817613714,0.4800617485191714,
TUR,2002,no_capital,lnorm,no_prereg,d,,0.0,0.5645920064459155,0.8285579084035193,
TUR,2002,no_capital,flat,all,mawd,,0.0,,,
TUR,2002,no_capital,flat,all,d,,0.0,,,
TUR,2003,no_capital,perm,all,mawd,,0.0,,,
TUR,2003,no_capital,perm,all,d,,0.0,,,
TUR,2003,no_capital,perm,no_prereg,mawd,,0.0,,,
TUR,2003,no_capital,perm,no_prereg,d,,0.0,,,
TUR,2003,no_capital,lnorm,all,mawd,,0.0,0.36579278883948013,0.5259409333800218,
TUR,2003,no_capital,lnorm,all,d,,0.0,0.5586942661491003,0.8180763138239189,
TUR,2003,no_capital,lnorm,no_prereg,mawd,,0.0,0.32523343506774355,0.4860475947320913,
TUR,2003,no_capital,lnorm,no_prereg,d,,0.0,0.5674901799888965,0.8350924923313748,
TUR,2003,no_capital,flat,all,mawd,,0.0,,,
TUR,2003,no_capital,flat,all,d,,0.0,,,
TUR,2004,no_capital,perm,all,mawd,,0.0,,,
TUR,2004,no_capital,perm,all,d,,0.0,,,
TUR,2004,no_capital,perm,no_prereg,mawd,,0.0,,,
TUR,2004,no_capital,perm,no_prereg,d,,0.0,,,
TUR,2004,no_capital,lnorm,all,mawd,,0.0,0.3698627231108154,0.5322945135228121,
TUR,2004,no_capital,lnorm,all,d,,0.0,0.5608013332397633,0.8232535377931655,
TUR,2004,no_capital,lnorm,no_prereg,mawd,,0.0,0.3269759159977452,0.4923635751379676,
TUR,2004,no_capital,lnorm,no_prereg,d,,0.0,0.5697342892154074,0.8387222472722842,
TUR,2004,no_capital,flat,all,mawd,,0.0,,,
TUR,2004,no_capital,flat,all,d,,0.0,,,
TUR,2005,no_capital,perm,all,mawd,,0.0,,,
TUR,2005,no_capital,perm,all,d,,0.0,,,
TUR,2005,no_capital,perm,no_prereg,mawd,,0.0,,,
TUR,2005,no_capital,perm,no_prereg,d,,0.0,,,
TUR,2005,no_capital,lnorm,all,mawd,,0.0,0.36933250988683647,0.5341602977813461,
TUR,2005,no_capital,lnorm,all,d,,0.0,0.5599995107256628,0.8197659013437086,
TUR,2005,no_capital,lnorm,no_prereg,mawd,,0.0,0.32553329688989685,0.49117347573542425,
TUR,2005,no_capital,lnorm,no_prereg,d,,0.0,0.5693247476123127,0.8359456049573404,
TUR,2005,no_capital,flat,all,mawd,,0.0,,,
TUR,2005,no_capital,flat,all,d,,0.0,,,
TUR,2006,no_capital,perm,all,mawd,,0.0,,,
TUR,2006,no_capital,perm,all,d,,0.0,,,
TUR,2006,no_capital,perm,no_prereg,mawd,,0.0,,,
TUR,2006,no_capital,perm,no_prereg,d,,0.0,,,
TUR,2006,no_capital,lnorm,all,mawd,,0.0,0.36291011692650804,0.5234871080012546,
TUR,2006,no_capital,lnorm,all,d,,0.0,0.5515117881209151,0.8072352658944635,
TUR,2006,no_capital,lnorm,no_prereg,mawd,,0.0,0.3210973405133521,0.47713842224394176,
TUR,2006,no_capital,lnorm,no_prereg,d,,0.0,0.5613330315190888,0.8232073548125496,
TUR,2006,no_capital,flat,all,mawd,,0.0,,,
TUR,2006,no_capital,flat,all,d,,0.0,,,
TUR,2007,no_capital,perm,all,mawd,,0.0,,,
TUR,2007,no_capital,perm,all,d,,0.0,,,
TUR,2007,no_capital,perm,no_prereg,mawd,,0.0,,,
TUR,2007,no_capital,perm,no_prereg,d,,0.0,,,
TUR,2007,no_capital,lnorm,all,mawd,,0.0,0.3638580281473186,0.5247613889632234,
TUR,2007,no_capital,lnorm,all,d,,0.0,0.5507585968196399,0.8051740660620728,
TUR,2007,no_capital,lnorm,no_prereg,mawd,,0.0,0.3214488918301389,0.47615773496409486,
TUR,2007,no_capital,lnorm,no_prereg,d,,0.0,0.5596083600116738,0.8215776005220025,
TUR,2007,no_capital,flat,all,mawd,,0.0,,,
TUR,2007,no_capital,flat,all,d,,0.0,,,
TUR,2008,no_capital,perm,all,mawd,,0.0,,,
TUR,2008,no_capital,perm,all,d,,0.0,,,
TUR,2008,no_capital,perm,no_prereg,mawd,,0.0,,,
TUR,2008,no_capital,perm,no_prereg,d,,0.0,,,
TUR,2008,no_capital,lnorm,all,mawd,,0.0,0.37659248565613634,0.5412790693291438,
TUR,2008,no_capital,lnorm,all,d,,0.0,0.5623379420613224,0.820836628218025,
TUR,2008,no_capital,lnorm,no_prereg,mawd,,0.0,0.3284877790563539,0.49398006188286064,
TUR,2008,no_capital,lnorm,no_prereg,d,,0.0,0.5674969913951059,0.838299686982694,
TUR,2008,no_capital,flat,all,mawd,,0.0,,,
TUR,2008,no_capital,flat,all,d,,0.0,,,
TUR,2009,no_capital,perm,all,mawd,,0.0,,,
TUR,2009,no_capital,perm,all,d,,0.0,,,
TUR,2009,no_capital,perm,no_prereg,mawd,,0.0,,,
TUR,2009,no_capital,perm,no_prereg,d,,0.0,,,
TUR,2009,no_capital,lnorm,all,mawd,,0.0,0.37791119184531535,0.5518705843437466,
TUR,2009,no_capital,lnorm,all,d,,0.0,0.5593769892478876,0.8146852115654,
TUR,2009,no_capital,lnorm,no_prereg,mawd,,0.0,0.33367287039069726,0.49617222033326164,
TUR,2009,no_capital,lnorm,no_prereg,d,,0.0,0.5666156282237317,0.8308278668701734,
TUR,2009,no_capital,flat,all,mawd,,0.0,,,
TUR,2009,no_capital,flat,all,d,,0.0,,,
TUR,2010,no_capital,perm,all,mawd,,0.0,,,
TUR,2010,no_capital,perm,all,d,,0.0,,,
TUR,2010,no_capital,perm,no_prereg,mawd,,0.0,,,
TUR,2010,no_capital,perm,no_prereg,d,,0.0,,,
TUR,2010,no_capital,lnorm,all,mawd,,0.0,0.3591086491385141,0.5186278822779715,
TUR,2010,no_capital,lnorm,all,d,,0.0,0.5389894699553995,0.781489009502344,
TUR,2010,no_capital,lnorm,no_prereg,mawd,,0.0,0.317752728041309,0.47325289374420415,
TUR,2010,no_capital,lnorm,no_prereg,d,,0.0,0.5487151437814155,0.7984242483342898,
TUR,2010,no_capital,flat,all,mawd,,0.0,,,
TUR,2010,no_capital,flat,all,d,,0.0,,,
TUR,2011,no_capital,perm,all,mawd,,0.0,,,
TUR,2011,no_capital,perm,all,d,,0.0,,,
TUR,2011,no_capital,perm,no_prereg,mawd,,0.0,,,
TUR,2011,no_capital,perm,no_prereg,d,,0.0,,,
TUR,2011,no_capital,lnorm,all,mawd,,0.0,0.3544339598889462,0.5071920326360233,
TUR,2011,no_capital,lnorm,all,d,,0.0,0.5376201540213789,0.7770520282827758,
TUR,2011,no_capital,lnorm,no_prereg,mawd,,0.0,0.31578348524565863,0.4670886972189629,
TUR,2011,no_capital,lnorm,no_prereg,d,,0.0,0.5446795416311724,0.7949345639849779,
TUR,2011,no_capital,flat,all,mawd,,0.0,,,
TUR,2011,no_capital,flat,all,d,,0.0,,,
TUR,2012,no_capital,perm,all,mawd,,0.0,,,
TUR,2012,no_capital,perm,all,d,,0.0,,,
TUR,2012,no_capital,perm,no_prereg,mawd,,0.0,,,
TUR,2012,no_capital,perm,no_prereg,d,,0.0,,,
TUR,2012,no_capital,lnorm,all,mawd,,0.0,0.355661933876827,0.5095745355384916,
TUR,2012,no_capital,lnorm,all,d,,0.0,0.5345067897355943,0.7749677554291045,
TUR,2012,no_capital,lnorm,no_prereg,mawd,,0.0,0.3146015909630675,0.47098788097750943,
TUR,2012,no_capital,lnorm,no_prereg,d,,0.0,0.5444342895275976,0.793113946895059,
TUR,2012,no_capital,flat,all,mawd,,0.0,,,
TUR,2012,no_capital,flat,all,d,,0.0,,,
TUR,2013,no_capital,perm,all,mawd,,0.0,,,
TUR,2013,no_capital,perm,all,d,,0.0,,,
TUR,2013,no_capital,perm,no_prereg,mawd,,0.0,,,
TUR,2013,no_capital,perm,no_prereg,d,,0.0,,,
TUR,2013,no_capital,lnorm,all,mawd,,0.0,0.354896724678052,0.5085983761830706,
TUR,2013,no_capital,lnorm,all,d,,0.0,0.5328660234828592,0.7745030697540368,
TUR,2013,no_capital,lnorm,no_prereg,mawd,,0.0,0.3162992386946072,0.47080920407965887,
TUR,2013,no_capital,lnorm,no_prereg,d,,0.0,0.542906068387267,0.7922572766505167,
TUR,2013,no_capital,flat,all,mawd,,0.0,,,
TUR,2013,no_capital,flat,all,d,,0.0,,,
TUR,2014,no_capital,perm,all,mawd,,0.0,,,
TUR,2014,no_capital,perm,all,d,,0.0,,,
TUR,2014,no_capital,perm,no_prereg,mawd,,0.0,,,
TUR,2014,no_capital,perm,no_prereg,d,,0.0,,,
TUR,2014,no_capital,lnorm,all,mawd,,0.0,0.35517991245734165,0.5052481982630922,
TUR,2014,no_capital,lnorm,all,d,,0.0,0.5347325505517502,0.7737886526533593,
TUR,2014,no_capital,lnorm,no_prereg,mawd,,0.0,0.31625260704150326,0.4678762749938602,
TUR,2014,no_capital,lnorm,no_prereg,d,,0.0,0.5427935509337837,0.7926020197402288,
TUR,2014,no_capital,flat,all,mawd,,0.0,,,
TUR,2014,no_capital,flat,all,d,,0.0,,,
TWN,2000,no_capital,perm,all,mawd,0.5000967261759562,0.38,0.37365242681385796,0.535611273357655,-0.4275058863985054
TWN,2000,no_capital,perm,all,d,0.535585381967335,0.749,0.40538018675953896,0.4906662857355527,0.6526472278479828
TWN,2000,no_capital,perm,no_prereg,mawd,0.2982528970235659,0.039,0.30794372708441564,0.4662601562601048,-1.3575486425230459
TWN,2000,no_capital,perm,no_prereg,d,0.34036126754526486,0.007,0.3838501211332434,0.460227238969092,-2.353138823992215
TWN,2000,no_capital,lnorm,all,mawd,0.5000967261759562,0.32,0.3843144519374691,0.5593579252618004,-0.5309890989500173
TWN,2000,no_capital,lnorm,all,d,0.535585381967335,0.732,0.41094360450673756,0.5000546972961961,0.5590756635077307
TWN,2000,no_capital,lnorm,no_prereg,mawd,0.2982528970235659,0.02,0.32467829372254664,0.4918510516414811,-1.4485082616534055
TWN,2000,no_capital,lnorm,no_prereg,d,0.34036126754526486,0.002,0.38690521440868253,0.4710326499188212,-2.550622928833795
TWN,2000,no_capital,flat,all,mawd,0.5000967261759562,1.0,,,
TWN,2000,no_capital,flat,all,d,0.535585381967335,1.0,,,
TWN,2001,no_capital,perm,all,mawd,0.5218908246494308,0.381,0.3867311830614766,0.5613711827083747,-0.4256541429606593
TWN,2001,no_capital,perm,all,d,0.5290164314121157,0.67,0.41458632087719277,0.5015576762745356,0.3742933964725466
TWN,2001,no_capital,perm,no_prereg,mawd,0.318272763986215,0.045,0.3249468647882179,0.4900833180974092,-1.319619778786933
TWN,2001,no_capital,perm,no_prereg,d,0.35179092686146807,0.007,0.39289921651597126,0.4740357162067889,-2.2542773096858664
TWN,2001,no_capital,lnorm,all,mawd,0.5218908246494308,0.318,0.40139449969366975,0.5902986027356527,-0.539803110315037
TWN,2001,no_capital,lnorm,all,d,0.5290164314121157,0.647,0.4187078602955776,0.5092964431613566,0.29899152191398304
TWN,2001,no_capital,lnorm,no_prereg,mawd,0.318272763986215,0.025,0.34249532567896673,0.5190807582021394,-1.423142895526873
TWN,2001,no_capital,lnorm,no_prereg,d,0.35179092686146807,0.005,0.39681257146823123,0.48334386976814425,-2.4747852610663683
TWN,2001,no_capital,flat,all,mawd,0.5218908246494308,1.0,,,
TWN,2001,no_capital,flat,all,d,0.5290164314121157,1.0,,,
TWN,2002,no_capital,perm,all,mawd,0.48111002909322886,0.299,0.37703786346888096,0.5462590268310745,-0.6015409977459075
TWN,2002,no_capital,perm,all,d,0.5144004542818998,0.656,0.40831277171707137,0.4906453572558226,0.3144887110170814
TWN,2002,no_capital,perm,no_prereg,mawd,0.3099338000330758,0.039,0.32152666016176096,0.4802920232628584,-1.3646677692480629
TWN,2002,no_capital,perm,no_prereg,d,0.35376315641443334,0.009,0.38887441029298087,0.466698491051076,-2.1934071465641587
TWN,2002,no_capital,lnorm,all,mawd,0.48111002909322886,0.242,0.39499555948193915,0.5721608480145914,-0.6937226937161084
TWN,2002,no_capital,lnorm,all,d,0.5144004542818998,0.635,0.4142712133888197,0.4973208403708629,0.2600032745021702
TWN,2002,no_capital,lnorm,no_prereg,mawd,0.3099338000330758,0.022,0.3396604489115434,0.5096802151286256,-1.4227571881186452
TWN,2002,no_capital,lnorm,no_prereg,d,0.35376315641443334,0.007,0.3877199856038601,0.47219721194211567,-2.3307338258950794
TWN,2002,no_capital,flat,all,mawd,0.48111002909322886,1.0,,,
TWN,2002,no_capital,flat,all,d,0.5144004542818998,1.0,,,
TWN,2003,no_capital,perm,all,mawd,0.4686354366616354,0.224,0.3884310139664371,0.5627363031553958,-0.7614170549237018
TWN,2003,no_capital,perm,all,d,0.5158979835662083,0.63,0.4136327944650695,0.4954283723714197,0.29466879774272564
TWN,2003,no_capital,perm,no_prereg,mawd,0.3049348987356382,0.026,0.33102460270470874,0.49704093599393606,-1.441814440784737
TWN,2003,no_capital,perm,no_prereg,d,0.3432682014699861,0.004,0.39399244471000644,0.47356655656298086,-2.454420880023985
TWN,2003,no_capital,lnorm,all,mawd,0.4686354366616354,0.178,0.39986683981204013,0.5850651683119685,-0.8170520579839845
TWN,2003,no_capital,lnorm,all,d,0.5158979835662083,0.608,0.4168034986578685,0.5020918075023655,0.2078639118037568
TWN,2003,no_capital,lnorm,no_prereg,mawd,0.3049348987356382,0.019,0.3456676138377427,0.5221474036079172,-1.4976601487068182
TWN,2003,no_capital,lnorm,no_prereg,d,0.3432682014699861,0.003,0.3937081632016102,0.4797012736134666,-2.5894866347044765
TWN,2003,no_capital,flat,all,mawd,0.4686354366616354,1.0,,,
TWN,2003,no_capital,flat,all,d,0.5158979835662083,1.0,,,
TWN,2004,no_capital,perm,all,mawd,0.4207826018961686,0.131,0.3752695285844736,0.5465789309142999,-1.026158360418845
TWN,2004,no_capital,perm,all,d,0.4981814976520321,0.506,0.4159523214996728,0.49758780250771495,-0.03259606086133083
TWN,2004,no_capital,perm,no_prereg,mawd,0.27619216688934006,0.017,0.3232193685071085,0.480418862629802,-1.6609566121987849
TWN,2004,no_capital,perm,no_prereg,d,0.3167527100127038,0.0,0.39369273148691813,0.4733559073009228,-3.060838303379167
TWN,2004,no_capital,lnorm,all,mawd,0.4207826018961686,0.093,0.3882909322328808,0.5719670825113461,-1.035118804132517
TWN,2004,no_capital,lnorm,all,d,0.4981814976520321,0.491,0.41638391283019244,0.4994471468450469,-0.0741753265320505
TWN,2004,no_capital,lnorm,no_prereg,mawd,0.27619216688934006,0.007,0.33521098512311587,0.5070884032747498,-1.6436516420351155
TWN,2004,no_capital,lnorm,no_prereg,d,0.3167527100127038,0.001,0.39199881757852495,0.4744388067452271,-3.1151582626677645
TWN,2004,no_capital,flat,all,mawd,0.4207826018961686,1.0,,,
TWN,2004,no_capital,flat,all,d,0.4981814976520321,1.0,,,
TWN,2005,no_capital,perm,all,mawd,0.40567080886833146,0.099,0.3758551393047056,0.5468114749284259,-1.129440477496787
TWN,2005,no_capital,perm,all,d,0.47825619910682254,0.359,0.4157545073922755,0.4999999787185806,-0.4374364605872796
TWN,2005,no_capital,perm,no_prereg,mawd,0.275165042335797,0.013,0.31848845279171517,0.4814349763901626,-1.6797386451314342
TWN,2005,no_capital,perm,no_prereg,d,0.30577596268782287,0.0,0.39325946280093177,0.4760123444709247,-3.193355858992364
TWN,2005,no_capital,lnorm,all,mawd,0.40567080886833146,0.057,0.40043864872054696,0.5900765546581785,-1.1663254260330742
TWN,2005,no_capital,lnorm,all,d,0.47825619910682254,0.307,0.42135489876485943,0.5058053547291173,-0.535194885474309
TWN,2005,no_capital,lnorm,no_prereg,mawd,0.275165042335797,0.006,0.3441263393098354,0.5215474808579412,-1.674492486264139
TWN,2005,no_capital,lnorm,no_prereg,d,0.30577596268782287,0.0,0.3990175963987043,0.4838467353490956,-3.4437413469025695
TWN,2005,no_capital,flat,all,mawd,0.40567080886833146,1.0,,,
TWN,2005,no_capital,flat,all,d,0.47825619910682254,1.0,,,
TWN,2006,no_capital,perm,all,mawd,0.3911387500198846,0.069,0.38115416475118125,0.5573236547818643,-1.2531323817115048
TWN,2006,no_capital,perm,all,d,0.4806189385920681,0.24,0.43328223577031894,0.5261407263808572,-0.785890312651426
TWN,2006,no_capital,perm,no_prereg,mawd,0.2561448708584929,0.005,0.32368634096799787,0.4866569498377643,-1.829864453687141
TWN,2006,no_capital,perm,no_prereg,d,0.2897292119732053,0.0,0.4100154093424542,0.5029208322015698,-3.5012610037605976
TWN,2006,no_capital,lnorm,all,mawd,0.3911387500198846,0.026,0.417827534888916,0.6145220433549006,-1.3041680861706917
TWN,2006,no_capital,lnorm,all,d,0.4806189385920681,0.155,0.4480607454607171,0.5328277222019966,-1.0035893901148714
TWN,2006,no_capital,lnorm,no_prereg,mawd,0.2561448708584929,0.001,0.35676629942614346,0.5435079840434187,-1.8131430882012483
TWN,2006,no_capital,lnorm,no_prereg,d,0.2897292119732053,0.0,0.42562031450194054,0.5154824130850957,-4.037361991460165
TWN,2006,no_capital,flat,all,mawd,0.3911387500198846,1.0,,,
TWN,2006,no_capital,flat,all,d,0.4806189385920681,1.0,,,
TWN,2007,no_capital,perm,all,mawd,0.3881138212257594,0.086,0.3677882818894493,0.5419644082577111,-1.1995323172613024
TWN,2007,no_capital,perm,all,d,0.48788198447224257,0.342,0.42439152064326363,0.513336349137387,-0.46668558482959155
TWN,2007,no_capital,perm,no_prereg,mawd,0.25276930192619496,0.005,0.31550344737403035,0.47174334707360455,-1.8025418648878657
TWN,2007,no_capital,perm,no_prereg,d,0.28264171809754707,0.0,0.39688053196477674,0.48768221603868367,-3.5430519185925107
TWN,2007,no_capital,lnorm,all,mawd,0.3881138212257594,0.039,0.400584722319453,0.5917576405471252,-1.2493412744602903
TWN,2007,no_capital,lnorm,all,d,0.48788198447224257,0.286,0.43162447389343356,0.5195484045750905,-0.5998825380712435
TWN,2007,no_capital,lnorm,no_prereg,mawd,0.25276930192619496,0.001,0.33702728211657934,0.5165284658703948,-1.7866954110582196
TWN,2007,no_capital,lnorm,no_prereg,d,0.28264171809754707,0.0,0.40803178689036307,0.4973222754370068,-3.948031568250674
TWN,2007,no_capital,flat,all,mawd,0.3881138212257594,1.0,,,
TWN,2007,no_capital,flat,all,d,0.48788198447224257,1.0,,,
TWN,2008,no_capital,perm,all,mawd,0.368904651416033,0.04,0.3758264729337042,0.5483344771426779,-1.411985777753095
TWN,2008,no_capital,perm,all,d,0.4744971371431047,0.246,0.4283675072186237,0.515172994782557,-0.7305877741243038
TWN,2008,no_capital,perm,no_prereg,mawd,0.24110909959443072,0.0,0.32246541954319935,0.4794480551932145,-1.9904516363203486
TWN,2008,no_capital,perm,no_prereg,d,0.26347740664582403,0.0,0.39907350952147813,0.4883316538956727,-3.8743841523572375
TWN,2008,no_capital,lnorm,all,mawd,0.368904651416033,0.018,0.4183532597863119,0.6169615021095227,-1.4620985395128532
TWN,2008,no_capital,lnorm,all,d,0.4744971371431047,0.151,0.44158115008309134,0.527677906232142,-0.9961555135177246
TWN,2008,no_capital,lnorm,no_prereg,mawd,0.24110909959443072,0.001,0.3575947353418713,0.5401929830886321,-1.9645850714698492
TWN,2008,no_capital,lnorm,no_prereg,d,0.26347740664582403,0.0,0.4148829050780945,0.5035607871320329,-4.515075117682136
TWN,2008,no_capital,flat,all,mawd,0.368904651416033,1.0,,,
TWN,2008,no_capital,flat,all,d,0.4744971371431047,1.0,,,
TWN,2009,no_capital,perm,all,mawd,0.39788983716606946,0.104,0.36706216708764833,0.5310936462292075,-1.1360033957420934
TWN,2009,no_capital,perm,all,d,0.47151522939004953,0.329,0.41213870562624794,0.4962399756205218,-0.49496088319407766
TWN,2009,no_capital,perm,no_prereg,mawd,0.2649207707701457,0.007,0.31660491414005487,0.4747800634978415,-1.75632954941872
TWN,2009,no_capital,perm,no_prereg,d,0.28641354023238297,0.0,0.3835525482278815,0.47062331548116954,-3.3345092037090707
TWN,2009,no_capital,lnorm,all,mawd,0.39788983716606946,0.047,0.4011294500920248,0.5845342409520677,-1.2118858205323277
TWN,2009,no_capital,lnorm,all,d,0.47151522939004953,0.29,0.42044029549855066,0.4992775605242895,-0.5920777112567738
TWN,2009,no_capital,lnorm,no_prereg,mawd,0.2649207707701457,0.002,0.3467433966416068,0.518257533814557,-1.7535620038425188
TWN,2009,no_capital,lnorm,no_prereg,d,0.28641354023238297,0.0,0.3930518886045396,0.47719593959702694,-3.6978012514996736
TWN,2009,no_capital,flat,all,mawd,0.39788983716606946,1.0,,,
TWN,2009,no_capital,flat,all,d,0.47151522939004953,1.0,,,
TWN,2010,no_capital,perm,all,mawd,0.364535428675607,0.079,0.353015502901755,0.5167784451986623,-1.260551386212048
TWN,2010,no_capital,perm,all,d,0.4605922551343173,0.259,0.4138829250857419,0.49342677781267064,-0.6801407671281828
TWN,2010,no_capital,perm,no_prereg,mawd,0.2530405740400497,0.008,0.301812489533285,0.45508860858383265,-1.7271349498143185
TWN,2010,no_capital,perm,no_prereg,d,0.2812061218851409,0.0,0.3833629968924671,0.4707167160356083,-3.5710353590565043
TWN,2010,no_capital,lnorm,all,mawd,0.364535428675607,0.038,0.379176907710136,0.5587292726220978,-1.291440325191826
TWN,2010,no_capital,lnorm,all,d,0.4605922551343173,0.201,0.42029870505076117,0.5009972371371734,-0.8188278848412199
TWN,2010,no_capital,lnorm,no_prereg,mawd,0.2530405740400497,0.005,0.3244864038320108,0.48957370430134983,-1.7296842034872202
TWN,2010,no_capital,lnorm,no_prereg,d,0.2812061218851409,0.0,0.3909407551669527,0.47765254456067524,-3.8597231553860936
TWN,2010,no_capital,flat,all,mawd,0.364535428675607,1.0,,,
TWN,2010,no_capital,flat,all,d,0.4605922551343173,1.0,,,
TWN,2011,no_capital,perm,all,mawd,0.35048863138103276,0.032,0.36588009425261836,0.5342787219971887,-1.5090055076733113
TWN,2011,no_capital,perm,all,d,0.4457702078887144,0.1,0.4304254586962743,0.5132097416865384,-1.2842984465906604
TWN,2011,no_capital,perm,no_prereg,mawd,0.24750421837382405,0.003,0.3130672701382799,0.47091494086578933,-1.9263527029228107
TWN,2011,no_capital,perm,no_prereg,d,0.2716640122370025,0.0,0.40270651639341354,0.4910323356884305,-4.01446772704283
TWN,2011,no_capital,lnorm,all,mawd,0.35048863138103276,0.02,0.39927644052207945,0.5858367576955582,-1.4775494744204485
TWN,2011,no_capital,lnorm,all,d,0.4457702078887144,0.077,0.43536751517422756,0.5179363515391593,-1.4210848048694549
TWN,2011,no_capital,lnorm,no_prereg,mawd,0.24750421837382405,0.001,0.34092481880576714,0.5146683745912191,-1.8525776402676841
TWN,2011,no_capital,lnorm,no_prereg,d,0.2716640122370025,0.0,0.41004449100665624,0.49668535113416473,-4.3728753492925305
TWN,2011,no_capital,flat,all,mawd,0.35048863138103276,1.0,,,
TWN,2011,no_capital,flat,all,d,0.4457702078887144,1.0,,,
TWN,2012,no_capital,perm,all,mawd,0.35603722467512633,0.033,0.36821792537750075,0.5380463867815158,-1.4957677902661362
TWN,2012,no_capital,perm,all,d,0.44196116359544035,0.097,0.42779983758909046,0.5101554354050595,-1.2816805858114808
TWN,2012,no_capital,perm,no_prereg,mawd,0.2531485467723827,0.002,0.3191379230598287,0.4730658428075279,-1.9303054355272637
TWN,2012,no_capital,perm,no_prereg,d,0.2735074099339529,0.0,0.39952916337415084,0.4885337928816186,-3.8894576099366613
TWN,2012,no_capital,lnorm,all,mawd,0.35603722467512633,0.018,0.4003608443395034,0.5909028724553699,-1.4778493992680586
TWN,2012,no_capital,lnorm,all,d,0.44196116359544035,0.067,0.43380591695728976,0.5168999735513126,-1.4586688810411779
TWN,2012,no_capital,lnorm,no_prereg,mawd,0.2531485467723827,0.001,0.3504652816009944,0.521292598921306,-1.8686332938169803
TWN,2012,no_capital,lnorm,no_prereg,d,0.2735074099339529,0.0,0.4096958207537787,0.4961421681935693,-4.296958025129444
TWN,2012,no_capital,flat,all,mawd,0.35603722467512633,1.0,,,
TWN,2012,no_capital,flat,all,d,0.44196116359544035,1.0,,,
TWN,2013,no_capital,perm,all,mawd,0.3684071716132565,0.064,0.3594023854756135,0.5237737503855564,-1.346686810930472
TWN,2013,no_capital,perm,all,d,0.4379516077864654,0.116,0.4168799526881665,0.5002002032717496,-1.1879759461919221
TWN,2013,no_capital,perm,no_prereg,mawd,0.2654940145280536,0.007,0.31311797886544596,0.46644381784167166,-1.796243423851146
TWN,2013,no_capital,perm,no_prereg,d,0.2786282788638588,0.0,0.3922583043933358,0.47971405722021965,-3.705079562451548
TWN,2013,no_capital,lnorm,all,mawd,0.3684071716132565,0.032,0.391485577333491,0.5663848355447079,-1.345745014666667
TWN,2013,no_capital,lnorm,all,d,0.4379516077864654,0.087,0.42315989396581055,0.5040219893103526,-1.2985858986418777
TWN,2013,no_capital,lnorm,no_prereg,mawd,0.2654940145280536,0.005,0.3411114966480858,0.508211899204299,-1.7558593719386855
TWN,2013,no_capital,lnorm,no_prereg,d,0.2786282788638588,0.0,0.3994855214648247,0.48441395608903026,-3.986375557984056
TWN,2013,no_capital,flat,all,mawd,0.3684071716132565,1.0,,,
TWN,2013,no_capital,flat,all,d,0.4379516077864654,1.0,,,
TWN,2014,no_capital,perm,all,mawd,0.381138443667859,0.11,0.35306963940981295,0.5078360890191866,-1.1709318120497432
TWN,2014,no_capital,perm,all,d,0.44179871293529444,0.191,0.40813089816180737,0.4867186661618677,-0.8980975057591822
TWN,2014,no_capital,perm,no_prereg,mawd,0.2795210791297467,0.018,0.3077490689413873,0.45261941875146655,-1.6527588591382136
TWN,2014,no_capital,perm,no_prereg,d,0.28100446418387953,0.0,0.3833653805048019,0.4639824290402667,-3.5218571236718494
TWN,2014,no_capital,lnorm,all,mawd,0.381138443667859,0.049,0.3821415233888003,0.5494424433475888,-1.2165432632770754
TWN,2014,no_capital,lnorm,all,d,0.44179871293529444,0.159,0.41090061159709057,0.4924059373632087,-1.0129189955394535
TWN,2014,no_capital,lnorm,no_prereg,mawd,0.2795210791297467,0.015,0.33096537677242693,0.4938843846391796,-1.6378253789550177
TWN,2014,no_capital,lnorm,no_prereg,d,0.28100446418387953,0.0,0.3902348331262368,0.470530780402677,-3.780992003761089
TWN,2014,no_capital,flat,all,mawd,0.381138443667859,1.0,,,
TWN,2014,no_capital,flat,all,d,0.44179871293529444,1.0,,,
USA,2000,no_capital,perm,all,mawd,0.36441472156695764,0.456,0.2802113299476524,0.3719145263575996,-0.20835377845487907
USA,2000,no_capital,perm,all,d,0.33610590337129026,0.134,0.32069751525905466,0.3718950877529722,-1.1053971546238195
USA,2000,no_capital,perm,no_prereg,mawd,0.22662437710047126,0.011,0.26548811002142586,0.36002368094975273,-2.078996290566327
USA,2000,no_capital,perm,no_prereg,d,0.274719415758738,0.002,0.31208822668221303,0.3671574771040844,-2.738475004068108
USA,2000,no_capital,lnorm,all,mawd,0.36441472156695764,0.304,0.2889308615850499,0.39971923277236765,-0.5688179849316477
USA,2000,no_capital,lnorm,all,d,0.33610590337129026,0.17,0.31622306475353634,0.36773525351297076,-0.9870581061493552
USA,2000,no_capital,lnorm,no_prereg,mawd,0.22662437710047126,0.008,0.2670046985112621,0.38673626542876605,-1.9859553276620356
USA,2000,no_capital,lnorm,no_prereg,d,0.274719415758738,0.004,0.3079193575804772,0.3646034911215412,-2.5492234859361678
USA,2000,no_capital,flat,all,mawd,0.36441472156695764,1.0,,,
USA,2000,no_capital,flat,all,d,0.33610590337129026,1.0,,,
USA,2001,no_capital,perm,all,mawd,0.3935278497055392,0.595,0.2793954153719593,0.3740005049024656,0.16097947353412909
USA,2001,no_capital,perm,all,d,0.35643730722591976,0.273,0.32465350181054065,0.37711082680386876,-0.6320367449907652
USA,2001,no_capital,perm,no_prereg,mawd,0.22405216754310428,0.012,0.2623298466169534,0.3607484760728126,-2.045447129038073
USA,2001,no_capital,perm,no_prereg,d,0.27834315427025325,0.001,0.31403286170971506,0.36876350973048616,-2.561082533310803
USA,2001,no_capital,lnorm,all,mawd,0.3935278497055392,0.42,0.292206810946211,0.40746719953950544,-0.28582893656340214
USA,2001,no_capital,lnorm,all,d,0.35643730722591976,0.322,0.3178895707339695,0.371956043136504,-0.48526904872936094
USA,2001,no_capital,lnorm,no_prereg,mawd,0.22405216754310428,0.008,0.2660733428468558,0.3908946890529911,-1.9895691942375613
USA,2001,no_capital,lnorm,no_prereg,d,0.27834315427025325,0.007,0.308500414874552,0.3661932645374416,-2.4209317992060493
USA,2001,no_capital,flat,all,mawd,0.3935278497055392,1.0,,,
USA,2001,no_capital,flat,all,d,0.35643730722591976,1.0,,,
USA,2002,no_capital,perm,all,mawd,0.4033855425886638,0.645,0.280666748967749,0.37491589561234095,0.29297207091081084
USA,2002,no_capital,perm,all,d,0.3587612795703649,0.307,0.3260929685932115,0.37614870398176375,-0.5689196431945347
USA,2002,no_capital,perm,no_prereg,mawd,0.23341457409602526,0.012,0.2627116060947089,0.3605608429313986,-1.9421478624700266
USA,2002,no_capital,perm,no_prereg,d,0.2990893432155213,0.013,0.31601352211657585,0.36928392056905335,-2.0908947480240725
USA,2002,no_capital,lnorm,all,mawd,0.4033855425886638,0.5,0.28986769354761044,0.4033853541997978,-0.10495017148626459
USA,2002,no_capital,lnorm,all,d,0.3587612795703649,0.356,0.3180711140093667,0.37126815322036744,-0.4071236032037527
USA,2002,no_capital,lnorm,no_prereg,mawd,0.23341457409602526,0.016,0.2612027254963035,0.38483501092831207,-1.8286234778093386
USA,2002,no_capital,lnorm,no_prereg,d,0.2990893432155213,0.025,0.307982043083349,0.36570110760489394,-1.866524164397007
USA,2002,no_capital,flat,all,mawd,0.4033855425886638,1.0,,,
USA,2002,no_capital,flat,all,d,0.3587612795703649,1.0,,,
USA,2003,no_capital,perm,all,mawd,0.39351943672191003,0.599,0.27912056528635676,0.3731628532361886,0.17498101151171513
USA,2003,no_capital,perm,all,d,0.3541718980692581,0.265,0.3262979888547613,0.37398553946131763,-0.6822032849890131
USA,2003,no_capital,perm,no_prereg,mawd,0.24017620560794678,0.023,0.2604878539276676,0.35853583302468117,-1.805697833992987
USA,2003,no_capital,perm,no_prereg,d,0.3114935466479566,0.037,0.3147558525943301,0.36734604086013967,-1.7127089748625695
USA,2003,no_capital,lnorm,all,mawd,0.39351943672191003,0.442,0.2886783494999602,0.40619001645272634,-0.2579792133528278
USA,2003,no_capital,lnorm,all,d,0.3541718980692581,0.307,0.3178265590855331,0.3706937807943227,-0.5268344821372644
USA,2003,no_capital,lnorm,no_prereg,mawd,0.24017620560794678,0.021,0.2608473496836092,0.38853000998743614,-1.7434801203845682
USA,2003,no_capital,lnorm,no_prereg,d,0.3114935466479566,0.076,0.30671711956762426,0.3640741080250404,-1.5039976444716336
USA,2003,no_capital,flat,all,mawd,0.39351943672191003,1.0,,,
USA,2003,no_capital,flat,all,d,0.3541718980692581,1.0,,,
USA,2004,no_capital,perm,all,mawd,0.37440207852280877,0.501,0.28143057180683395,0.37427097903936524,-0.08224163953993574
USA,2004,no_capital,perm,all,d,0.3480848033318043,0.175,0.3292736504082094,0.37657531202880273,-0.9406413517485672
USA,2004,no_capital,perm,no_prereg,mawd,0.2490342843941888,0.026,0.263288869754432,0.36326810308055874,-1.714648573835802
USA,2004,no_capital,perm,no_prereg,d,0.3243079320997655,0.072,0.31656311729016023,0.3696984705705211,-1.3845372385625794
USA,2004,no_capital,lnorm,all,mawd,0.37440207852280877,0.309,0.29103477079571993,0.4101997980221218,-0.5369616209043665
USA,2004,no_capital,lnorm,all,d,0.3480848033318043,0.2,0.32099485469302036,0.37415466498392724,-0.8222511508266932
USA,2004,no_capital,lnorm,no_prereg,mawd,0.2490342843941888,0.03,0.2679140903961526,0.3959024630948545,-1.6781737520555806
USA,2004,no_capital,lnorm,no_prereg,d,0.3243079320997655,0.109,0.310617051421174,0.3687152290147003,-1.2542035506978821
USA,2004,no_capital,flat,all,mawd,0.37440207852280877,1.0,,,
USA,2004,no_capital,flat,all,d,0.3480848033318043,1.0,,,
USA,2005,no_capital,perm,all,mawd,0.37846884892304294,0.472,0.28558726656292044,0.38249688450908836,-0.1449120269761541
USA,2005,no_capital,perm,all,d,0.34040466841102945,0.084,0.3340188606612669,0.3851408724565465,-1.3474010604908881
USA,2005,no_capital,perm,no_prereg,mawd,0.2506167506822119,0.025,0.26832750653549226,0.3710476018685306,-1.7732435436655318
USA,2005,no_capital,perm,no_prereg,d,0.3062049640981481,0.019,0.32091110592169614,0.3767995213805759,-1.9812246095235886
USA,2005,no_capital,lnorm,all,mawd,0.37846884892304294,0.273,0.3040799647467299,0.4257582800147126,-0.6476033043741605
USA,2005,no_capital,lnorm,all,d,0.34040466841102945,0.104,0.3286712203128977,0.3847585532422918,-1.2839080502624747
USA,2005,no_capital,lnorm,no_prereg,mawd,0.2506167506822119,0.022,0.27879785408112145,0.4130063027085236,-1.7338235639378052
USA,2005,no_capital,lnorm,no_prereg,d,0.3062049640981481,0.024,0.317833320810868,0.3788994981200152,-1.898401631105704
USA,2005,no_capital,flat,all,mawd,0.37846884892304294,1.0,,,
USA,2005,no_capital,flat,all,d,0.34040466841102945,1.0,,,
USA,2006,no_capital,perm,all,mawd,0.37642154343318246,0.417,0.2951449433408978,0.3922372356068968,-0.2939984485713903
USA,2006,no_capital,perm,all,d,0.3527540119398638,0.121,0.3395581492467636,0.3903756666683488,-1.1491947345488047
USA,2006,no_capital,perm,no_prereg,mawd,0.2548026142811077,0.026,0.27266641948908715,0.3794122632856352,-1.795211574855284
USA,2006,no_capital,perm,no_prereg,d,0.3265008009008014,0.049,0.32683853893947606,0.3814833817366442,-1.5768995102817092
USA,2006,no_capital,lnorm,all,mawd,0.37642154343318246,0.219,0.311806787278283,0.43397585814642836,-0.7543121083258167
USA,2006,no_capital,lnorm,all,d,0.3527540119398638,0.146,0.3346459055586221,0.3896867314273219,-1.10591001809264
USA,2006,no_capital,lnorm,no_prereg,mawd,0.2548026142811077,0.023,0.28245382680119985,0.4212847634494299,-1.7250171878033362
USA,2006,no_capital,lnorm,no_prereg,d,0.3265008009008014,0.067,0.3211880373636994,0.38433801345416047,-1.515340140938726
USA,2006,no_capital,flat,all,mawd,0.37642154343318246,1.0,,,
USA,2006,no_capital,flat,all,d,0.3527540119398638,1.0,,,
USA,2007,no_capital,perm,all,mawd,0.40543364365650886,0.518,0.3037672172547614,0.40206077209889673,-0.06371811134929331
USA,2007,no_capital,perm,all,d,0.37417121514659724,0.268,0.34191060231148834,0.3948300159620311,-0.6432715415939777
USA,2007,no_capital,perm,no_prereg,mawd,0.26970170820602174,0.038,0.2777603789113946,0.38613031077064264,-1.670135996601381
USA,2007,no_capital,perm,no_prereg,d,0.33754022721280447,0.075,0.33015561129051413,0.3853075348203145,-1.3744188785161435
USA,2007,no_capital,lnorm,all,mawd,0.40543364365650886,0.296,0.31699140135027193,0.4488316726918821,-0.5655774258080459
USA,2007,no_capital,lnorm,all,d,0.37417121514659724,0.268,0.336867701492087,0.39570230492758335,-0.6184646998282674
USA,2007,no_capital,lnorm,no_prereg,mawd,0.26970170820602174,0.033,0.28692260558473837,0.42769359501372173,-1.6112792436953172
USA,2007,no_capital,lnorm,no_prereg,d,0.33754022721280447,0.103,0.32444927713999255,0.3880171926579738,-1.3187757687537582
USA,2007,no_capital,flat,all,mawd,0.40543364365650886,1.0,,,
USA,2007,no_capital,flat,all,d,0.37417121514659724,1.0,,,
USA,2008,no_capital,perm,all,mawd,0.4157861101163972,0.515,0.31087389566572227,0.4129572037991363,-0.06779427496864486
USA,2008,no_capital,perm,all,d,0.38514423686209903,0.311,0.3473733089837865,0.4024604897597573,-0.515584895535396
USA,2008,no_capital,perm,no_prereg,mawd,0.2768211476070069,0.043,0.28112101544909884,0.39381549396994076,-1.6374689495156047
USA,2008,no_capital,perm,no_prereg,d,0.334287277268612,0.049,0.3345914899896316,0.3915415903436845,-1.564250056821904
USA,2008,no_capital,lnorm,all,mawd,0.4157861101163972,0.29,0.33169615428992866,0.4617146148815434,-0.5869626277837761
USA,2008,no_capital,lnorm,all,d,0.38514423686209903,0.29,0.34621601333488267,0.40480092354937647,-0.5499524521651504
USA,2008,no_capital,lnorm,no_prereg,mawd,0.2768211476070069,0.032,0.2928321798153859,0.43762848427362,-1.5800754282402103
USA,2008,no_capital,lnorm,no_prereg,d,0.334287277268612,0.056,0.3306378990470225,0.3946303703660099,-1.5606512328088247
USA,2008,no_capital,flat,all,mawd,0.4157861101163972,1.0,,,
USA,2008,no_capital,flat,all,d,0.38514423686209903,1.0,,,
USA,2009,no_capital,perm,all,mawd,0.4536682371588394,0.665,0.3152885484263107,0.41813722548546284,0.3314448390186884
USA,2009,no_capital,perm,all,d,0.41572621114038244,0.532,0.3591972964622435,0.41370128640008486,-0.013946690709021941
USA,2009,no_capital,perm,no_prereg,mawd,0.28300387506836977,0.046,0.28637912780415586,0.39842149487087536,-1.5587110327646303
USA,2009,no_capital,perm,no_prereg,d,0.3802086525642836,0.263,0.3475394206956604,0.4020030166024404,-0.6510491087566556
USA,2009,no_capital,lnorm,all,mawd,0.4536682371588394,0.479,0.3265539538069597,0.4588345694598977,-0.19907160289456738
USA,2009,no_capital,lnorm,all,d,0.41572621114038244,0.522,0.3532045015402857,0.41279873505479836,0.059472371400324214
USA,2009,no_capital,lnorm,no_prereg,mawd,0.28300387506836977,0.04,0.2880785815629232,0.4358593345319647,-1.484639763751427
USA,2009,no_capital,lnorm,no_prereg,d,0.3802086525642836,0.273,0.33926118263223914,0.40491680348385983,-0.6221444265419223
USA,2009,no_capital,flat,all,mawd,0.4536682371588394,1.0,,,
USA,2009,no_capital,flat,all,d,0.41572621114038244,1.0,,,
USA,2010,no_capital,perm,all,mawd,0.4470031499106047,0.627,0.31548326362711687,0.41735744830116017,0.21988183830005573
USA,2010,no_capital,perm,all,d,0.40715022730338124,0.452,0.3588929151441633,0.4111231405881541,-0.17127286526338723
USA,2010,no_capital,perm,no_prereg,mawd,0.2941490838521733,0.066,0.28654796046952513,0.39804398865885754,-1.4263309226307057
USA,2010,no_capital,perm,no_prereg,d,0.3745240083687268,0.206,0.3477696506991099,0.4021039946755848,-0.8231517796900568
USA,2010,no_capital,lnorm,all,mawd,0.4470031499106047,0.424,0.3333809939726803,0.46717087403507096,-0.32323989287220195
USA,2010,no_capital,lnorm,all,d,0.40715022730338124,0.46,0.35513114244463945,0.4102580824466121,-0.11072025767700194
USA,2010,no_capital,lnorm,no_prereg,mawd,0.2941490838521733,0.049,0.2962678214523345,0.44261607761534527,-1.4128713952774306
USA,2010,no_capital,lnorm,no_prereg,d,0.3745240083687268,0.229,0.34008067306777484,0.4015373604109115,-0.7481184925152489
USA,2010,no_capital,flat,all,mawd,0.4470031499106047,1.0,,,
USA,2010,no_capital,flat,all,d,0.40715022730338124,1.0,,,
USA,2011,no_capital,perm,all,mawd,0.44433043867350613,0.61,0.31379337266047463,0.4191775925407044,0.15781956870909725
USA,2011,no_capital,perm,all,d,0.41251593565790023,0.517,0.35688551020966836,0.4111583664707924,-0.04938814390159446
USA,2011,no_capital,perm,no_prereg,mawd,0.29715989926778186,0.078,0.2854993973274296,0.3943440211307346,-1.3801648287990098
USA,2011,no_capital,perm,no_prereg,d,0.3808436706780469,0.287,0.34503291559667426,0.40103504876926555,-0.5756148398688843
USA,2011,no_capital,lnorm,all,mawd,0.44433043867350613,0.367,0.33910118872702444,0.47606505776423735,-0.42375766573623175
USA,2011,no_capital,lnorm,all,d,0.41251593565790023,0.468,0.3560682679348618,0.41547220158497566,-0.09749323011595279
USA,2011,no_capital,lnorm,no_prereg,mawd,0.29715989926778186,0.047,0.29927958194971815,0.4452668238123667,-1.4236969919124816
USA,2011,no_capital,lnorm,no_prereg,d,0.3808436706780469,0.27,0.3408944888816273,0.4038025120652785,-0.6107146496443434
USA,2011,no_capital,flat,all,mawd,0.44433043867350613,1.0,,,
USA,2011,no_capital,flat,all,d,0.41251593565790023,1.0,,,
USA,2012,no_capital,perm,all,mawd,0.4404540944148141,0.586,0.31687745217799906,0.4214245572808616,0.09420517501900064
USA,2012,no_capital,perm,all,d,0.4097373595759724,0.37,0.3659684929760668,0.4208695111476164,-0.3865255342738606
USA,2012,no_capital,perm,no_prereg,mawd,0.28970098624026597,0.064,0.2838726150575902,0.3946361981204237,-1.4775461490262478
USA,2012,no_capital,perm,no_prereg,d,0.3807419485288964,0.201,0.35047198786951933,0.410505733811395,-0.8282626731110455
USA,2012,no_capital,lnorm,all,mawd,0.4404540944148141,0.355,0.3409125969493352,0.4778213339140866,-0.46224698775427336
USA,2012,no_capital,lnorm,all,d,0.4097373595759724,0.314,0.36605493532718036,0.4286392263405887,-0.48730269274208077
USA,2012,no_capital,lnorm,no_prereg,mawd,0.28970098624026597,0.043,0.297513114290571,0.4448262364268144,-1.4969004764364808
USA,2012,no_capital,lnorm,no_prereg,d,0.3807419485288964,0.177,0.34890634429414935,0.4183628554753568,-0.9149103969583147
USA,2012,no_capital,flat,all,mawd,0.4404540944148141,1.0,,,
USA,2012,no_capital,flat,all,d,0.4097373595759724,1.0,,,
USA,2013,no_capital,perm,all,mawd,0.44093022394756437,0.584,0.3179610465342056,0.4214010939958496,0.09288499301695495
USA,2013,no_capital,perm,all,d,0.4093114283739396,0.414,0.3644389079328764,0.41613194558744515,-0.2930870945472572
USA,2013,no_capital,perm,no_prereg,mawd,0.2948143744758531,0.065,0.28849922978381265,0.39777218850784857,-1.4416935806715134
USA,2013,no_capital,perm,no_prereg,d,0.38062206679983956,0.222,0.349123992804958,0.4069149786950086,-0.760507782605189
USA,2013,no_capital,lnorm,all,mawd,0.44093022394756437,0.353,0.3391179466277415,0.4779908400067965,-0.4568950298176313
USA,2013,no_capital,lnorm,all,d,0.4093114283739396,0.354,0.36366829670073153,0.4233040326076436,-0.3739188450880345
USA,2013,no_capital,lnorm,no_prereg,mawd,0.2948143744758531,0.046,0.3011538645181301,0.4468454729652608,-1.46258897657956
USA,2013,no_capital,lnorm,no_prereg,d,0.38062206679983956,0.205,0.34737027845786683,0.41334810789107546,-0.8227045127884423
USA,2013,no_capital,flat,all,mawd,0.44093022394756437,1.0,,,
USA,2013,no_capital,flat,all,d,0.4093114283739396,1.0,,,
USA,2014,no_capital,perm,all,mawd,0.43904227675794244,0.585,0.31624824500611176,0.4177709015543889,0.11675064182000389
USA,2014,no_capital,perm,all,d,0.4025036878779797,0.397,0.3592854841519232,0.4119332679538242,-0.33681905601741047
USA,2014,no_capital,perm,no_prereg,mawd,0.29137501574174696,0.055,0.28848469777836355,0.3952837482386715,-1.491581177237561
USA,2014,no_capital,perm,no_prereg,d,0.3759549005458057,0.212,0.3459423827900209,0.4025378448613165,-0.7841654969912644
USA,2014,no_capital,lnorm,all,mawd,0.43904227675794244,0.378,0.33331549409403044,0.47138528511163547,-0.413798287929462
USA,2014,no_capital,lnorm,all,d,0.4025036878779797,0.352,0.35711735566320946,0.4168376022597746,-0.3896430511878072
USA,2014,no_capital,lnorm,no_prereg,mawd,0.29137501574174696,0.046,0.2943989243218056,0.44058752603997103,-1.4750858256437207
USA,2014,no_capital,lnorm,no_prereg,d,0.3759549005458057,0.209,0.34318623210438526,0.4074180990427093,-0.8164352518355923
USA,2014,no_capital,flat,all,mawd,0.43904227675794244,1.0,,,
USA,2014,no_capital,flat,all,d,0.4025036878779797,1.0,,,
