country,basis,lag,n,beta,se,r2_within,spec,subset
USA_BEA,k:111CA,0,1725,0.22167414952595882,0.0889036115980856,0.21013130246734646,open_cap,all
USA_BEA,k:111CA,1,1656,-0.0038956146070577746,0.01274675214941997,6.196155077464738e-05,open_cap,all
USA_BEA,k:111CA,2,1587,-0.058940309940355116,0.03647616134714904,0.014289230447042445,open_cap,all
USA_BEA,k:113FF,0,1725,0.2545513740995235,0.09800250847181018,0.22201387712191523,open_cap,all
USA_BEA,k:113FF,1,1656,-0.006167006567638437,0.01110242945861307,0.0001268490761476837,open_cap,all
USA_BEA,k:113FF,2,1587,-0.06862466198121518,0.04369641098356815,0.015981750160379504,open_cap,all
USA_BEA,k:211,0,1725,0.15551607417280414,0.0750574883409519,0.11467583310437424,open_cap,all
USA_BEA,k:211,1,1656,0.009860447120846307,0.008603616649987593,0.00045136965791514605,open_cap,all
USA_BEA,k:211,2,1587,-0.05102202175034975,0.030719074569849524,0.012597448703555836,open_cap,all
USA_BEA,k:212,0,1725,0.20488966210857829,0.08557516512624118,0.13684432639145805,open_cap,all
USA_BEA,k:212,1,1656,6.535377103254771e-05,0.02244420217740449,1.3679806398769756e-08,open_cap,all
USA_BEA,k:212,2,1587,-0.0637753268466809,0.042008973209940764,0.013391266684066983,open_cap,all
USA_BEA,k:213,0,1725,0.2157872993931338,0.0809066317315956,0.10949520914110045,open_cap,all
USA_BEA,k:213,1,1656,0.005999848993230102,0.014981134403265485,8.33759486368324e-05,open_cap,all
USA_BEA,k:213,2,1587,-0.09396169629140882,0.04950315544025401,0.02103434370129431,open_cap,all
USA_BEA,k:22,0,1725,0.13287262319407644,0.06298783234228829,0.1136391328554196,open_cap,all
USA_BEA,k:22,1,1656,-0.0023781013739439,0.012815230351606078,3.564082296725335e-05,open_cap,all
USA_BEA,k:22,2,1587,-0.053189184958586086,0.028172122574462288,0.018824616052276366,open_cap,all
USA_BEA,k:23,0,1725,0.33216881785701186,0.11659678357975686,0.25639770941143825,open_cap,all
USA_BEA,k:23,1,1656,0.0020100120129271275,0.01639034849830972,9.2816788437311e-06,open_cap,all
USA_BEA,k:23,2,1587,-0.1198127486788834,0.06482583526884404,0.034534482240556885,open_cap,all
USA_BEA,k:311FT,0,1725,0.2193641308236968,0.08395012575873101,0.2061448152753459,open_cap,all
USA_BEA,k:311FT,1,1656,0.0001182986084052051,0.01198459475770309,5.8435707495085865e-08,open_cap,all
USA_BEA,k:311FT,2,1587,-0.05956403695088039,0.03576984899895081,0.015332287351886631,open_cap,all
USA_BEA,k:313TT,0,1725,0.2207447646562502,0.08706298528523902,0.1922957149306359,open_cap,all
USA_BEA,k:313TT,1,1656,0.0003448134632685658,0.011601226820627275,4.41055088118425e-07,open_cap,all
USA_BEA,k:313TT,2,1587,-0.05638266379521682,0.04132998000916804,0.0122999660134121,open_cap,all
USA_BEA,k:315AL,0,1725,0.06553309181787581,0.031657534804140644,0.0584218389566451,open_cap,all
USA_BEA,k:315AL,1,1656,0.007632493154958456,0.005194335482950495,0.0007292905778413239,open_cap,all
USA_BEA,k:315AL,2,1587,-0.02338299310727063,0.01433072287053937,0.006786324850130532,open_cap,all
USA_BEA,k:321,0,1725,0.29229627151022974,0.10708698268893764,0.2300274413191421,open_cap,all
USA_BEA,k:321,1,1656,-3.2226365076996194e-05,0.013513180047364431,2.7620070675027364e-09,open_cap,all
USA_BEA,k:321,2,1587,-0.08770384664765843,0.05348609753709132,0.02133436595230087,open_cap,all
USA_BEA,k:322,0,1725,0.21733688190851097,0.08921546590118255,0.18929283403695696,open_cap,all
USA_BEA,k:322,1,1656,-0.008751146145958164,0.012335132026428166,0.0003004262691684856,open_cap,all
USA_BEA,k:322,2,1587,-0.05895488104293512,0.03770337887347143,0.014196630364544549,open_cap,all
USA_BEA,k:323,0,1725,0.23516015200351575,0.09282260343546765,0.2148526536085087,open_cap,all
USA_BEA,k:323,1,1656,-0.0036691542717537206,0.011113957721963554,5.15827876358399e-05,open_cap,all
USA_BEA,k:323,2,1587,-0.08137444485819985,0.04257102989935856,0.026666390079709834,open_cap,all
USA_BEA,k:324,0,1725,0.16574863051629143,0.0673682975196701,0.13742880281340464,open_cap,all
USA_BEA,k:324,1,1656,-0.008762232955521787,0.016128018618992945,0.00038172885068377127,open_cap,all
USA_BEA,k:324,2,1587,-0.05280411026890518,0.02654604935550291,0.014322823143886443,open_cap,all
USA_BEA,k:325,0,1725,0.2480711336835481,0.0838191758309969,0.21651801921230596,open_cap,all
USA_BEA,k:325,1,1656,0.006734533942761168,0.023569593214441187,0.00015371851109247103,open_cap,all
USA_BEA,k:325,2,1587,-0.06479553618236443,0.032464844647795484,0.01464115213244288,open_cap,all
USA_BEA,k:326,0,1725,0.28152379792513404,0.10001358290215888,0.24771418072724782,open_cap,all
USA_BEA,k:326,1,1656,-0.010504292848846004,0.014125891261093407,0.0003338326067122699,open_cap,all
USA_BEA,k:326,2,1587,-0.09206415727533339,0.04799052608425915,0.026190510580910598,open_cap,all
USA_BEA,k:327,0,1725,0.329174053325188,0.11300612726912282,0.2633982761016296,open_cap,all
USA_BEA,k:327,1,1656,-0.0017218850801516434,0.027569175374021822,7.074451852218111e-06,open_cap,all
USA_BEA,k:327,2,1587,-0.07866783777732356,0.05549393490774545,0.01536083799020993,open_cap,all
USA_BEA,k:331,0,1725,0.33398512581929046,0.11154613764686085,0.3018305453505268,open_cap,all
USA_BEA,k:331,1,1656,-0.006669238241091848,0.016974434451404088,0.00011723817157205385,open_cap,all
USA_BEA,k:331,2,1587,-0.10540485203548529,0.05494677530449955,0.030215723446036957,open_cap,all
USA_BEA,k:332,0,1725,0.31445526880588914,0.11028455605680919,0.26704003432637524,open_cap,all
USA_BEA,k:332,1,1656,-0.0072299377175873555,0.014870732840684828,0.00013796355040485153,open_cap,all
USA_BEA,k:332,2,1587,-0.09786169297874962,0.04878168567151558,0.02633148325631096,open_cap,all
USA_BEA,k:333,0,1725,0.3152079406491921,0.112481745272775,0.2477902649259318,open_cap,all
USA_BEA,k:333,1,1656,0.011128283279169619,0.014452221806142078,0.00030410943558245584,open_cap,all
USA_BEA,k:333,2,1587,-0.08720633484637282,0.05149752070138404,0.019421671000006357,open_cap,all
USA_BEA,k:334,0,1725,0.34558659987422224,0.11102157730744872,0.2833584823204538,open_cap,all
USA_BEA,k:334,1,1656,0.002541961839898956,0.01520320279626936,1.4899918757138586e-05,open_cap,all
USA_BEA,k:334,2,1587,-0.12139874937770805,0.06236106620295331,0.03496311924928708,open_cap,all
USA_BEA,k:335,0,1725,0.31291478213285534,0.10695460821698746,0.25363825066951307,open_cap,all
USA_BEA,k:335,1,1656,0.002881368787346044,0.014107658845997717,2.1169981810231775e-05,open_cap,all
USA_BEA,k:335,2,1587,-0.09391399767489987,0.05869879416681614,0.023515322443941278,open_cap,all
USA_BEA,k:3361MV,0,1725,0.31575059358461,0.10534803657696241,0.2619938128936674,open_cap,all
USA_BEA,k:3361MV,1,1656,0.0009023454892843075,0.014407493954353616,2.1027369272452745e-06,open_cap,all
USA_BEA,k:3361MV,2,1587,-0.1120991618103529,0.05851945960437223,0.03347986326898911,open_cap,all
USA_BEA,k:3364OT,0,1725,0.24254539518620546,0.09684587538085514,0.19494012575156316,open_cap,all
USA_BEA,k:3364OT,1,1656,0.0016173097508953706,0.013940718275004737,8.502478529459623e-06,open_cap,all
USA_BEA,k:3364OT,2,1587,-0.09354686068877485,0.0548930815714682,0.029877685998308645,open_cap,all
USA_BEA,k:337,0,1725,0.21682749780513458,0.09912880579142183,0.16914045749399165,open_cap,all
USA_BEA,k:337,1,1656,0.005291205559842446,0.01130028868671351,0.00010042976202995213,open_cap,all
USA_BEA,k:337,2,1587,-0.07410971459889079,0.04790461325032477,0.020836841732725486,open_cap,all
USA_BEA,k:339,0,1725,0.246402920685514,0.09634031254915111,0.20131658224792814,open_cap,all
USA_BEA,k:339,1,1656,0.0019564513291491347,0.010436298925243209,1.222855404647838e-05,open_cap,all
USA_BEA,k:339,2,1587,-0.07996239868224086,0.04929527965362026,0.021428442028948336,open_cap,all
USA_BEA,k:42,0,1725,0.3344078991380247,0.11413504397412645,0.27578318464161167,open_cap,all
USA_BEA,k:42,1,1656,-0.0027523101197503893,0.015964621199651443,1.8385732550085798e-05,open_cap,all
USA_BEA,k:42,2,1587,-0.10079255566578639,0.053401833187328177,0.025549943126185193,open_cap,all
USA_BEA,k:441,0,1725,0.2651956865403084,0.09939689320251406,0.2227175934650707,open_cap,all
USA_BEA,k:441,1,1656,-0.0017782025369799165,0.013740837186637551,9.895903144929719e-06,open_cap,all
USA_BEA,k:441,2,1587,-0.10067489613724713,0.052181510942924406,0.03301148196321624,open_cap,all
USA_BEA,k:445,0,1725,0.21518903861963265,0.08219580239152184,0.1839721961716162,open_cap,all
USA_BEA,k:445,1,1656,-0.004771434617551527,0.014495650629186174,8.90568031294281e-05,open_cap,all
USA_BEA,k:445,2,1587,-0.06570848503719977,0.03731772508880151,0.017565889161671122,open_cap,all
USA_BEA,k:452,0,1725,0.2908224728400526,0.10496457418017764,0.23487552670734801,open_cap,all
USA_BEA,k:452,1,1656,-0.0042240312459378045,0.014900318196817421,4.891124815131764e-05,open_cap,all
USA_BEA,k:452,2,1587,-0.10309624877323963,0.05564212525490416,0.030365461681522876,open_cap,all
USA_BEA,k:481,0,1725,0.20312788328065837,0.0829228247724132,0.17026497011624664,open_cap,all
USA_BEA,k:481,1,1656,0.006590323666249884,0.01670131577846,0.00017758330330286398,open_cap,all
USA_BEA,k:481,2,1587,-0.08107533233770262,0.03785141379964705,0.027717844675755887,open_cap,all
USA_BEA,k:482,0,1725,0.25042517342940357,0.10205784483556353,0.19220880331267176,open_cap,all
USA_BEA,k:482,1,1656,-0.01153326177425478,0.014869350632452098,0.00039922735099662265,open_cap,all
USA_BEA,k:482,2,1587,-0.07906039932746628,0.050708462883884343,0.01925060321317429,open_cap,all
USA_BEA,k:483,0,1725,0.18670896421113808,0.0756681379586931,0.17368936369797794,open_cap,all
USA_BEA,k:483,1,1656,0.030884307059603808,0.01747418418482941,0.004679637624305788,open_cap,all
USA_BEA,k:483,2,1587,-0.04084007804510719,0.030605252938052926,0.00814614596747909,open_cap,all
USA_BEA,k:484,0,1725,0.2636778074246077,0.10357354224518862,0.19981818341432633,open_cap,all
USA_BEA,k:484,1,1656,-0.00864900250808105,0.012202800114271528,0.00021237753860936515,open_cap,all
USA_BEA,k:484,2,1587,-0.06808907868771158,0.045313785192895153,0.013731569792369225,open_cap,all
USA_BEA,k:485,0,1725,0.2053126821283751,0.08190503551732933,0.18158979474230863,open_cap,all
USA_BEA,k:485,1,1656,-0.007421874823692546,0.013880137314744002,0.00023452237952636956,open_cap,all
USA_BEA,k:485,2,1587,-0.0734568503232971,0.03772226235895476,0.023980243073551732,open_cap,all
USA_BEA,k:486,0,1725,0.1329114387140868,0.06491712115836636,0.09252568626579505,open_cap,all
USA_BEA,k:486,1,1656,0.016905730448590447,0.011575297041783037,0.0014869704884246104,open_cap,all
USA_BEA,k:486,2,1587,-0.041290814134283586,0.025625638443102044,0.009276680358080602,open_cap,all
USA_BEA,k:487OS,0,1725,0.2038829550855033,0.08428677433489642,0.17861694303642628,open_cap,all
USA_BEA,k:487OS,1,1656,-0.009403590788500192,0.012276644942820093,0.0003771022799379242,open_cap,all
USA_BEA,k:487OS,2,1587,-0.06824916531368319,0.036613739674551185,0.020946492295234598,open_cap,all
USA_BEA,k:493,0,1725,0.14092302917114613,0.060804118760777515,0.12642400490384043,open_cap,all
USA_BEA,k:493,1,1656,-0.007418491733155907,0.006212094598487184,0.00034881069691439226,open_cap,all
USA_BEA,k:493,2,1587,-0.04456159350655557,0.024893073818896713,0.013193158252824522,open_cap,all
USA_BEA,k:4A0,0,1725,0.3399826678726539,0.11053066104335545,0.27589301682401524,open_cap,all
USA_BEA,k:4A0,1,1656,-0.010467965417506527,0.01697030914886435,0.00025721874797790534,open_cap,all
USA_BEA,k:4A0,2,1587,-0.12265904935254116,0.06346560457208746,0.03669081241201144,open_cap,all
USA_BEA,k:511,0,1725,0.31853081839279135,0.1083978305527756,0.26028314418689624,open_cap,all
USA_BEA,k:511,1,1656,-0.00013059509500823926,0.014978197536281355,4.3111661351957764e-08,open_cap,all
USA_BEA,k:511,2,1587,-0.10904219395448077,0.05918639403697251,0.03156520816185582,open_cap,all
USA_BEA,k:512,0,1725,0.22699874960552027,0.095130333677225,0.19257744472247396,open_cap,all
USA_BEA,k:512,1,1656,0.002943853156367535,0.008444356474072809,3.2245577086253974e-05,open_cap,all
USA_BEA,k:512,2,1587,-0.07649750233056135,0.04527473780314538,0.023117638337653568,open_cap,all
USA_BEA,k:513,0,1725,0.25039526504625925,0.09683956957320773,0.2269525122485858,open_cap,all
USA_BEA,k:513,1,1656,-0.010906886224322326,0.012203162965196319,0.00042227183264076373,open_cap,all
USA_BEA,k:513,2,1587,-0.08297929121502672,0.043439684216963335,0.02564020591961158,open_cap,all
USA_BEA,k:514,0,1725,0.24588942026792077,0.0932579468262206,0.20871428658174396,open_cap,all
USA_BEA,k:514,1,1656,-0.007673155701652159,0.012182406764593284,0.0002005659872810206,open_cap,all
USA_BEA,k:514,2,1587,-0.0834207843253515,0.04556791533478733,0.024953492774872132,open_cap,all
USA_BEA,k:521CI,0,1725,0.22548802105838525,0.08778081271153976,0.17347989862745927,open_cap,all
USA_BEA,k:521CI,1,1656,-0.004230769440365595,0.018756030608406735,5.249925714367887e-05,open_cap,all
USA_BEA,k:521CI,2,1587,-0.09401905239739812,0.04929277908879766,0.026721376005083175,open_cap,all
USA_BEA,k:523,0,1725,0.17036845978722073,0.06372051611098777,0.14506393449885124,open_cap,all
USA_BEA,k:523,1,1656,-0.012277478595936732,0.012124134134204871,0.0007387028381298233,open_cap,all
USA_BEA,k:523,2,1587,-0.04877189258201573,0.023135567588388552,0.012199544309543509,open_cap,all
USA_BEA,k:524,0,1725,0.19551500848004627,0.07291031166196976,0.18721437104373762,open_cap,all
USA_BEA,k:524,1,1656,-0.013485159269406964,0.017028572850156905,0.0008561498695215386,open_cap,all
USA_BEA,k:524,2,1587,-0.05903606324682304,0.022564241792352457,0.017091815573523683,open_cap,all
USA_BEA,k:525,0,1725,0.1909511765562708,0.0757148262361064,0.18632377044296344,open_cap,all
USA_BEA,k:525,1,1656,-0.0058936355999816645,0.013433063966577325,0.00016629559281833295,open_cap,all
USA_BEA,k:525,2,1587,-0.058232454335836896,0.025434595059886406,0.016166216254770105,open_cap,all
USA_BEA,k:532RL,0,1725,0.14906559054486257,0.05968997997023399,0.11632315674237736,open_cap,all
USA_BEA,k:532RL,1,1656,-0.028947483375927025,0.014962794371009934,0.004352053538425715,open_cap,all
USA_BEA,k:532RL,2,1587,-0.047960807107331326,0.02670497071271437,0.012508706190892283,open_cap,all
USA_BEA,k:5411,0,1725,0.22073024734803498,0.08864293233361645,0.20459098938817355,open_cap,all
USA_BEA,k:5411,1,1656,-0.010258852399166444,0.010121732169787206,0.000433232194553268,open_cap,all
USA_BEA,k:5411,2,1587,-0.06544083093445348,0.03301550305676803,0.018606937728591344,open_cap,all
USA_BEA,k:5412OP,0,1725,0.275544639113696,0.10219907789825784,0.23714341377253068,open_cap,all
USA_BEA,k:5412OP,1,1656,-0.007774844859732359,0.013317411836654088,0.00018597618341431588,open_cap,all
USA_BEA,k:5412OP,2,1587,-0.09382790783768204,0.05057142291676403,0.028504566124051278,open_cap,all
USA_BEA,k:5415,0,1725,0.32648664768735214,0.11072001508258487,0.2739713675400791,open_cap,all
USA_BEA,k:5415,1,1656,-0.0018763591167172493,0.017683303823620596,8.870028363583415e-06,open_cap,all
USA_BEA,k:5415,2,1587,-0.12067815879925985,0.06357764157186203,0.038410794248484925,open_cap,all
USA_BEA,k:55,0,1725,0.18846881240526656,0.0717261799348303,0.202102957414532,open_cap,all
USA_BEA,k:55,1,1656,-0.017133617310539598,0.011511774436071737,0.0016255994735759893,open_cap,all
USA_BEA,k:55,2,1587,-0.07030893178646648,0.03509671192533164,0.02846586133426554,open_cap,all
USA_BEA,k:561,0,1725,0.18780707621706277,0.0771305002706362,0.17075457285835582,open_cap,all
USA_BEA,k:561,1,1656,-0.011284005020014275,0.010560702069646393,0.000607495948496406,open_cap,all
USA_BEA,k:561,2,1587,-0.06147092533416101,0.034990880702596906,0.01886441841485953,open_cap,all
USA_BEA,k:562,0,1725,0.1825807879249882,0.07705350544081319,0.1723038364841698,open_cap,all
USA_BEA,k:562,1,1656,0.0002725470729491486,0.01568117096056205,3.80061871751991e-07,open_cap,all
USA_BEA,k:562,2,1587,-0.0577803366557445,0.03185931641369225,0.018030340124276067,open_cap,all
USA_BEA,k:61,0,1725,0.2593251933476639,0.09513843328099196,0.2244269677692594,open_cap,all
USA_BEA,k:61,1,1656,0.0012486750087147686,0.013186688033259555,5.131820774106899e-06,open_cap,all
USA_BEA,k:61,2,1587,-0.08865199370830842,0.04795942720611285,0.027145156586583008,open_cap,all
USA_BEA,k:621,0,1725,0.2194295561868826,0.0874693646054952,0.18830459505880204,open_cap,all
USA_BEA,k:621,1,1656,-0.01048632960793433,0.010615699140160405,0.0004267941917794893,open_cap,all
USA_BEA,k:621,2,1587,-0.05962456542867844,0.037004206480533215,0.014592699061560799,open_cap,all
USA_BEA,k:622,0,1725,0.12574687070397425,0.08888992222514908,0.10538729233094746,open_cap,all
USA_BEA,k:622,1,1656,-0.004719553949954341,0.006876754781137799,0.00014919712634819948,open_cap,all
USA_BEA,k:622,2,1587,-0.04284148206843871,0.03453860748128847,0.01298846942902221,open_cap,all
USA_BEA,k:623,0,1725,0.22723224101635614,0.07992311673728979,0.20642348885123785,open_cap,all
USA_BEA,k:623,1,1656,-0.013268844093319077,0.015991243478242732,0.0006944078862846093,open_cap,all
USA_BEA,k:623,2,1587,-0.07199415442830265,0.036931104559897614,0.02139780199060104,open_cap,all
USA_BEA,k:624,0,1725,0.09655508935590623,0.06772778530795881,0.07828880740235977,open_cap,all
USA_BEA,k:624,1,1656,0.0017175617463505303,0.01063829878817853,2.4961511238319467e-05,open_cap,all
USA_BEA,k:624,2,1587,-0.030689303787697148,0.023832680057815886,0.008508643567076368,open_cap,all
USA_BEA,k:711AS,0,1725,0.272094388556889,0.09551441618911327,0.24436585366014496,open_cap,all
USA_BEA,k:711AS,1,1656,-0.014126819021731442,0.014948912193643683,0.0006483568217038327,open_cap,all
USA_BEA,k:711AS,2,1587,-0.09453870411974678,0.0461019027253904,0.03047289321564728,open_cap,all
USA_BEA,k:713,0,1725,0.18468536648739603,0.07213280882226304,0.1692174676732675,open_cap,all
USA_BEA,k:713,1,1656,-0.007117467870414548,0.01215744824694744,0.00024776755255917493,open_cap,all
USA_BEA,k:713,2,1587,-0.06949751694202275,0.03307809710856964,0.023438780775070445,open_cap,all
USA_BEA,k:721,0,1725,0.2348268112027177,0.08652363539657192,0.20936377208518653,open_cap,all
USA_BEA,k:721,1,1656,-0.00788848805404752,0.015200790854204947,0.0002318973638907318,open_cap,all
USA_BEA,k:721,2,1587,-0.08499559998925345,0.04378910216717866,0.028154868059188876,open_cap,all
USA_BEA,k:722,0,1725,0.20952374385873931,0.07916199496566739,0.19637756861064193,open_cap,all
USA_BEA,k:722,1,1656,-0.00853515295679834,0.013775689638052844,0.00032190322132252813,open_cap,all
USA_BEA,k:722,2,1587,-0.07569161213322452,0.037168208367375985,0.02636843705470482,open_cap,all
USA_BEA,k:81,0,1725,0.17667405690232002,0.07405296789828279,0.15606886929780595,open_cap,all
USA_BEA,k:81,1,1656,-0.012130833190878064,0.01089539284526969,0.0007254291146043812,open_cap,all
USA_BEA,k:81,2,1587,-0.05700060460321007,0.031481565910082776,0.016818085398532245,open_cap,all
USA_BEA,k:GFE,0,1725,0.2082251915544686,0.08734906067264661,0.19088056614709137,open_cap,all
USA_BEA,k:GFE,1,1656,-0.009096640173782745,0.013878714012026047,0.00035108550459661547,open_cap,all
USA_BEA,k:GFE,2,1587,-0.08016971627716699,0.039956688779190785,0.028159194700760004,open_cap,all
USA_BEA,k:GFGD+GFGN,0,1725,0.25140907646834326,0.09081274269845699,0.219897319588384,open_cap,all
USA_BEA,k:GFGD+GFGN,1,1656,-0.013586733257816754,0.013797224122142147,0.0005896870475834426,open_cap,all
USA_BEA,k:GFGD+GFGN,2,1587,-0.09643819372923339,0.05097266784280764,0.02950062149854238,open_cap,all
USA_BEA,k:GSLE,0,1725,0.17967060506838478,0.07855856301654508,0.15407342967198578,open_cap,all
USA_BEA,k:GSLE,1,1656,-0.0038895726934355026,0.015659884954086684,7.032233537096477e-05,open_cap,all
USA_BEA,k:GSLE,2,1587,-0.06863737985734143,0.03538574522791263,0.023020567049682805,open_cap,all
USA_BEA,k:GSLG,0,1725,0.20845269379241615,0.0852974532887313,0.17451931578507585,open_cap,all
USA_BEA,k:GSLG,1,1656,-0.008616293881953268,0.011794753646097965,0.00029339167854591786,open_cap,all
USA_BEA,k:GSLG,2,1587,-0.07215057830777061,0.03858572317566757,0.021399271927223684,open_cap,all
USA_BEA,k:HS+ORE,0,1725,0.2529370651071077,0.09435043692557736,0.22676640783340207,open_cap,all
USA_BEA,k:HS+ORE,1,1656,1.679689792390296e-05,0.010284908957985985,9.795420030656032e-10,open_cap,all
USA_BEA,k:HS+ORE,2,1587,-0.07702283199311365,0.044641216721523456,0.021653575524703927,open_cap,all
USA_BEA,labour,0,1725,0.47539725213767214,0.14840116294975378,0.3908716629257972,open_cap,all
USA_BEA,labour,1,1656,-0.001323818569923963,0.024958197513942442,2.9614898399143996e-06,open_cap,all
USA_BEA,labour,2,1587,-0.13906079318833212,0.06639404375178919,0.03365082894909943,open_cap,all
USA_BEA,placebo_perm_000,0,1725,0.012369544052412194,0.005814567846662055,0.015056009098037393,open_cap,all
USA_BEA,placebo_perm_000,1,1656,1.4438399535737364e-05,0.0019528534737279467,2.0204845685434236e-08,open_cap,all
USA_BEA,placebo_perm_000,2,1587,-0.0035643502506447883,0.0027445134218196977,0.0012835431778484008,open_cap,all
USA_BEA,placebo_perm_001,0,1725,0.007196068326348568,0.004113128551556476,0.0054712961750357225,open_cap,all
USA_BEA,placebo_perm_001,1,1656,0.0014427540396137624,0.001852017326715156,0.00021748950371180964,open_cap,all
USA_BEA,placebo_perm_001,2,1587,-0.0045983481887909615,0.0035882000008448803,0.0023038451938541815,open_cap,all
USA_BEA,placebo_perm_002,0,1725,0.012620712584770086,0.005660386769381169,0.015411612472629677,open_cap,all
USA_BEA,placebo_perm_002,1,1656,1.4267684290274053e-05,0.0018119081024744708,1.90554944046184e-08,open_cap,all
USA_BEA,placebo_perm_002,2,1587,-0.004808161522541327,0.0029657868251783148,0.0022564174079445776,open_cap,all
USA_BEA,placebo_perm_003,0,1725,0.011785110776327828,0.006245791947914187,0.014459956721397549,open_cap,all
USA_BEA,placebo_perm_003,1,1656,-0.0008874136708041579,0.0012354797589247267,8.054381608890715e-05,open_cap,all
USA_BEA,placebo_perm_003,2,1587,-0.006058149558664544,0.004378982373487437,0.00393212252068853,open_cap,all
USA_BEA,placebo_perm_004,0,1725,0.011903291861983393,0.005090972853994373,0.014256506060022378,open_cap,all
USA_BEA,placebo_perm_004,1,1656,-0.001748733101611039,0.00229382100629913,0.00030240626268340787,open_cap,all
USA_BEA,placebo_perm_004,2,1587,-0.003677291725838541,0.002723514522099143,0.001397325184750442,open_cap,all
USA_BEA,placebo_perm_005,0,1725,0.007896235307289575,0.003511860516163756,0.006179584396445281,open_cap,all
USA_BEA,placebo_perm_005,1,1656,-0.0004835419935569118,0.0017209357216690824,2.2706716023335183e-05,open_cap,all
USA_BEA,placebo_perm_005,2,1587,-0.004125703313523346,0.0017830036503545803,0.00172031779348647,open_cap,all
USA_BEA,placebo_perm_006,0,1725,0.008774704886721213,0.004674082982110453,0.008651651152666306,open_cap,all
USA_BEA,placebo_perm_006,1,1656,-0.00021116579848708085,0.0025743156037268205,4.964964366527269e-06,open_cap,all
USA_BEA,placebo_perm_006,2,1587,-0.0026736426411941567,0.0017656501805793168,0.0008240972114877954,open_cap,all
USA_BEA,placebo_perm_007,0,1725,0.011192285438664682,0.00617962826001518,0.012190311583143654,open_cap,all
USA_BEA,placebo_perm_007,1,1656,-0.002633975573000269,0.0011343369210295323,0.0006633686920174409,open_cap,all
USA_BEA,placebo_perm_007,2,1587,-0.0005584365242108941,0.002384465130016698,3.1120983562726856e-05,open_cap,all
USA_BEA,placebo_perm_008,0,1725,0.0070596195134016515,0.004081816575344017,0.0052616586340370475,open_cap,all
USA_BEA,placebo_perm_008,1,1656,-0.002738658071421188,0.0018173608776050217,0.0007792344236603466,open_cap,all
USA_BEA,placebo_perm_008,2,1587,-0.001917104300949572,0.0031285308418777763,0.00039408687221120786,open_cap,all
USA_BEA,placebo_perm_009,0,1725,0.012294842612234853,0.005486965267225013,0.015110558287478315,open_cap,all
USA_BEA,placebo_perm_009,1,1656,-0.001198703713031395,0.0013493757365851055,0.00014248781838155367,open_cap,all
USA_BEA,placebo_perm_009,2,1587,-0.00041387064227279766,0.0018682042885376745,1.7764209538695397e-05,open_cap,all
USA_BEA,placebo_perm_010,0,1725,0.008753888990728896,0.0037763902395266517,0.007952337768986295,open_cap,all
USA_BEA,placebo_perm_010,1,1656,-0.0026742306064352337,0.001287681773074103,0.0007297040850580139,open_cap,all
USA_BEA,placebo_perm_010,2,1587,0.00037129869928178736,0.0013859883650108075,1.466896404456186e-05,open_cap,all
USA_BEA,placebo_perm_011,0,1725,0.008835230971826542,0.004759737221210839,0.007938196601688374,open_cap,all
USA_BEA,placebo_perm_011,1,1656,0.001017851707914096,0.0015729484293040949,0.00010353671524043762,open_cap,all
USA_BEA,placebo_perm_011,2,1587,-0.002993878124627437,0.002350270305376883,0.0009357074838867163,open_cap,all
USA_BEA,placebo_perm_012,0,1725,0.01426010838125013,0.0058463957907337934,0.02119359951075206,open_cap,all
USA_BEA,placebo_perm_012,1,1656,-0.006439546396343235,0.004505211171988834,0.004246490838153982,open_cap,all
USA_BEA,placebo_perm_012,2,1587,0.0005732301047294641,0.0011959198740344567,3.5204049556147865e-05,open_cap,all
USA_BEA,placebo_perm_013,0,1725,0.013054663192649437,0.0041369490688326575,0.017239153305133814,open_cap,all
USA_BEA,placebo_perm_013,1,1656,-4.8474056490130374e-05,0.0014302007994998066,2.3417260064384493e-07,open_cap,all
USA_BEA,placebo_perm_013,2,1587,-0.004780241903748286,0.0017228266884487867,0.0023635899278066086,open_cap,all
USA_BEA,placebo_perm_014,0,1725,0.013404401301185195,0.005926549203719517,0.01915918557824614,open_cap,all
USA_BEA,placebo_perm_014,1,1656,-0.002178489232903273,0.0019895085540280488,0.0005017183369628864,open_cap,all
USA_BEA,placebo_perm_014,2,1587,-0.005471206913160249,0.005836572358788216,0.0032854419904295717,open_cap,all
USA_BEA,placebo_perm_015,0,1725,0.01025319388649299,0.004829573241946549,0.011131742508172948,open_cap,all
USA_BEA,placebo_perm_015,1,1656,-0.0019077053377960032,0.0018744197837062542,0.0003803073252606204,open_cap,all
USA_BEA,placebo_perm_015,2,1587,-0.00434757893077908,0.0038393304016933762,0.002046952714600425,open_cap,all
USA_BEA,placebo_perm_016,0,1725,0.008883677256363156,0.003566728301665895,0.007997597664365363,open_cap,all
USA_BEA,placebo_perm_016,1,1656,-8.318071363508234e-05,0.0013382232684199015,6.850370180000454e-07,open_cap,all
USA_BEA,placebo_perm_016,2,1587,-0.001763099403583383,0.0016405797026760739,0.00032195011246261007,open_cap,all
USA_BEA,placebo_perm_017,0,1725,0.007639122184227731,0.0037953764494956257,0.005968289465235976,open_cap,all
USA_BEA,placebo_perm_017,1,1656,0.0029207406128819564,0.002824722530954328,0.0008547835591673492,open_cap,all
USA_BEA,placebo_perm_017,2,1587,-0.0008759597295352217,0.0019301390484333437,7.990296029758426e-05,open_cap,all
USA_BEA,placebo_perm_018,0,1725,0.010136090560904218,0.004633186986614487,0.010801192250988634,open_cap,all
USA_BEA,placebo_perm_018,1,1656,-0.0009723574248154665,0.002063398484731138,9.781004748510291e-05,open_cap,all
USA_BEA,placebo_perm_018,2,1587,-0.004763116409823936,0.002867579712926072,0.002432348634979875,open_cap,all
USA_BEA,placebo_perm_019,0,1725,0.005782873506628425,0.002328339373691809,0.0034177092699797518,open_cap,all
USA_BEA,placebo_perm_019,1,1656,-0.0021400730456137525,0.0015597384541617858,0.0004602997689923116,open_cap,all
USA_BEA,placebo_perm_019,2,1587,0.002257929640936961,0.001737408437110039,0.0005332254136807268,open_cap,all
USA_BEA,placebo_random_000,0,1725,0.0046716991637937265,0.0022943900588743437,0.002676105564727971,open_cap,all
USA_BEA,placebo_random_000,1,1656,0.0008127208824080297,0.0013789901120417,7.923641055662678e-05,open_cap,all
USA_BEA,placebo_random_000,2,1587,-0.0013353629662241553,0.0015024420580100517,0.00022283487826002535,open_cap,all
USA_BEA,placebo_random_001,0,1725,0.007812468235648905,0.005459070242666832,0.008519568132930422,open_cap,all
USA_BEA,placebo_random_001,1,1656,-0.00305769732272649,0.0036078446811235953,0.0012761101654481521,open_cap,all
USA_BEA,placebo_random_001,2,1587,0.0031867224454917957,0.002352182066099403,0.0014517344130920984,open_cap,all
USA_BEA,placebo_random_002,0,1725,0.006053210384953483,0.0031895066778123192,0.004570337603234664,open_cap,all
USA_BEA,placebo_random_002,1,1656,0.0017806875688444054,0.0019451624926688303,0.00038840035525344874,open_cap,all
USA_BEA,placebo_random_002,2,1587,-0.0025717517944371317,0.001916926200628958,0.0008332395909453894,open_cap,all
USA_BEA,placebo_random_003,0,1725,0.008777689290364385,0.004645280797094393,0.009048704449947875,open_cap,all
USA_BEA,placebo_random_003,1,1656,0.001340897037079088,0.0014238610881599628,0.0002044928182974859,open_cap,all
USA_BEA,placebo_random_003,2,1587,-0.003312970884141202,0.0028057317924485028,0.0013035727818526688,open_cap,all
USA_BEA,placebo_random_004,0,1725,0.009330155390349959,0.004978113699645192,0.011133307731659547,open_cap,all
USA_BEA,placebo_random_004,1,1656,-0.0018764788921887539,0.001836155100924718,0.00044168199441252387,open_cap,all
USA_BEA,placebo_random_004,2,1587,-0.0037394154451127312,0.002851117005773178,0.0017966137807998717,open_cap,all
USA_BEA,placebo_random_005,0,1725,0.00618769548966747,0.0030529801850185216,0.0049123525471466145,open_cap,all
USA_BEA,placebo_random_005,1,1656,0.0011255267905846593,0.001530936485124704,0.00016188956281482092,open_cap,all
USA_BEA,placebo_random_005,2,1587,-0.001314416857994561,0.0016823277623713418,0.00022668896332356248,open_cap,all
USA_BEA,placebo_random_006,0,1725,0.006250999823436912,0.00254923697943554,0.004888964986782929,open_cap,all
USA_BEA,placebo_random_006,1,1656,0.0016301660617475291,0.0019406959374560198,0.00032819976436615494,open_cap,all
USA_BEA,placebo_random_006,2,1587,-0.000881738030047785,0.0016919560083302507,0.00010156905003566585,open_cap,all
USA_BEA,placebo_random_007,0,1725,0.008287693128767775,0.003647466123242431,0.009152425344296833,open_cap,all
USA_BEA,placebo_random_007,1,1656,-0.0013005836344690336,0.002514182655043964,0.0002222707496652987,open_cap,all
USA_BEA,placebo_random_007,2,1587,-0.004539593921753478,0.0025058263513526276,0.0028233058638373887,open_cap,all
USA_BEA,placebo_random_008,0,1725,0.002719272880930713,0.0015039817560074376,0.0009031122818937698,open_cap,all
USA_BEA,placebo_random_008,1,1656,-0.0009283932111315161,0.0017144038641623582,0.0001017994819692003,open_cap,all
USA_BEA,placebo_random_008,2,1587,0.005055091350587205,0.0022283167256112618,0.0031801985746875427,open_cap,all
USA_BEA,placebo_random_009,0,1725,0.006658583856642298,0.0032443825696131137,0.005210374585453592,open_cap,all
USA_BEA,placebo_random_009,1,1656,0.0008645608100954877,0.0017593844315417766,8.529374107901777e-05,open_cap,all
USA_BEA,placebo_random_009,2,1587,0.00045426954572514247,0.0013407121939956845,2.4263810803670793e-05,open_cap,all
USA_BEA,placebo_random_010,0,1725,0.0030183470758297624,0.002408512777078602,0.0011428350720201763,open_cap,all
USA_BEA,placebo_random_010,1,1656,0.0016733875722331388,0.0014463601824256677,0.0003438540031599491,open_cap,all
USA_BEA,placebo_random_010,2,1587,0.0020949156231141234,0.00158990908404399,0.0005573264029963276,open_cap,all
USA_BEA,placebo_random_011,0,1725,0.005088429564371249,0.0025298256615039144,0.0031439967572902683,open_cap,all
USA_BEA,placebo_random_011,1,1656,0.000686730946534819,0.0013215108797720654,5.5960145173061804e-05,open_cap,all
USA_BEA,placebo_random_011,2,1587,-0.0025516663361466584,0.0012146722789157292,0.0008112977427315871,open_cap,all
USA_BEA,placebo_random_012,0,1725,0.009363470652197088,0.003755577270049015,0.010855984165767274,open_cap,all
USA_BEA,placebo_random_012,1,1656,2.02698111416361e-05,0.00174298461960909,4.897895766742266e-08,open_cap,all
USA_BEA,placebo_random_012,2,1587,-0.006304637499409656,0.002741045153151329,0.004889480021089021,open_cap,all
USA_BEA,placebo_random_013,0,1725,0.008840812968092852,0.005245345917148362,0.009472056230248604,open_cap,all
USA_BEA,placebo_random_013,1,1656,0.00021819767039147548,0.001838793884726903,5.695327444321663e-06,open_cap,all
USA_BEA,placebo_random_013,2,1587,-0.0014422364657031065,0.0026197226185789026,0.0002543296161888753,open_cap,all
USA_BEA,placebo_random_014,0,1725,0.006169996303145648,0.004291212342293468,0.004746166478149405,open_cap,all
USA_BEA,placebo_random_014,1,1656,0.0018689188011104024,0.0013302640168254257,0.00042817344841128424,open_cap,all
USA_BEA,placebo_random_014,2,1587,-0.0020879015431238984,0.001913418031143809,0.000550104101727289,open_cap,all
USA_BEA,placebo_random_015,0,1725,0.008480592388401159,0.0042787310130708205,0.009038561259915201,open_cap,all
USA_BEA,placebo_random_015,1,1656,0.00016527281268974867,0.001682117450415238,3.3437161528482306e-06,open_cap,all
USA_BEA,placebo_random_015,2,1587,-0.0029621233415029037,0.003065883074619764,0.0011012784863722036,open_cap,all
USA_BEA,placebo_random_016,0,1725,0.005922770246508792,0.002894956575492095,0.004379832528005889,open_cap,all
USA_BEA,placebo_random_016,1,1656,-0.003936661850790866,0.0021808746138035798,0.00187291280381352,open_cap,all
USA_BEA,placebo_random_016,2,1587,-0.0010441228071305843,0.0017888260654109465,0.00013694380307771592,open_cap,all
USA_BEA,placebo_random_017,0,1725,0.009896816139214957,0.00438076494153658,0.011498472212178479,open_cap,all
USA_BEA,placebo_random_017,1,1656,0.0014615368736990225,0.001827299668036067,0.00024274460773554551,open_cap,all
USA_BEA,placebo_random_017,2,1587,-0.0036835093357038017,0.0018103831357879471,0.0015958759134525602,open_cap,all
USA_BEA,placebo_random_018,0,1725,0.0046244422258762425,0.0022518479412918075,0.002772199292714106,open_cap,all
USA_BEA,placebo_random_018,1,1656,3.2514179070917526e-05,0.0012621126408385239,1.3560105982524107e-07,open_cap,all
USA_BEA,placebo_random_018,2,1587,-0.002985479596691979,0.003409779593751349,0.001198730703899642,open_cap,all
USA_BEA,placebo_random_019,0,1725,0.009531125740092985,0.006055622554573553,0.010994089204308,open_cap,all
USA_BEA,placebo_random_019,1,1656,-0.0010510521306844023,0.0025242389590282273,0.00013099749323064458,open_cap,all
USA_BEA,placebo_random_019,2,1587,0.00025788979984223213,0.0011205368645198965,8.141038883469065e-06,open_cap,all
USA_BEA,placebo_random_020,0,1725,0.003853625977616451,0.0019747242014189364,0.0019231717390469916,open_cap,all
USA_BEA,placebo_random_020,1,1656,-0.000647212384563737,0.0018691024192365971,5.372908369893903e-05,open_cap,all
USA_BEA,placebo_random_020,2,1587,-0.004540376157106907,0.0017439457909517184,0.0027658815588158525,open_cap,all
USA_BEA,placebo_random_021,0,1725,0.007658765338689123,0.0031563035930981466,0.006833904977728844,open_cap,all
USA_BEA,placebo_random_021,1,1656,-0.002494504365577038,0.0016112409644257078,0.0007134157770192218,open_cap,all
USA_BEA,placebo_random_021,2,1587,-0.004229906708525536,0.0022854693965243737,0.0021503325909013604,open_cap,all
USA_BEA,placebo_random_022,0,1725,0.007489567424448625,0.002788058220747656,0.0073773463286351815,open_cap,all
USA_BEA,placebo_random_022,1,1656,-0.0015621963938118218,0.0017144655840942947,0.00031908947162051504,open_cap,all
USA_BEA,placebo_random_022,2,1587,-0.0016411363608356394,0.0014214444182044236,0.0003649653765104288,open_cap,all
USA_BEA,placebo_random_023,0,1725,0.008265939083071562,0.004886089131740383,0.008286096977506041,open_cap,all
USA_BEA,placebo_random_023,1,1656,0.002758170416299336,0.0013367390399876466,0.0009049273568344507,open_cap,all
USA_BEA,placebo_random_023,2,1587,-0.002975045475518103,0.003297485041282981,0.0010916225877725116,open_cap,all
USA_BEA,placebo_random_024,0,1725,0.008952582284160463,0.004262434145922327,0.010488184579514503,open_cap,all
USA_BEA,placebo_random_024,1,1656,-0.0022389275977917726,0.0021734736423463853,0.0006353430312976416,open_cap,all
USA_BEA,placebo_random_024,2,1587,-0.0018439342705221416,0.0016995095186067221,0.0004444531895134718,open_cap,all
USA_BEA,placebo_random_025,0,1725,0.0015724356716639422,0.0017495949917481516,0.0003248526291855791,open_cap,all
USA_BEA,placebo_random_025,1,1656,0.0015639819881140384,0.0018765188109312071,0.0003177526276618714,open_cap,all
USA_BEA,placebo_random_025,2,1587,-9.570500652366634e-05,0.0018541270146848912,1.2408306113709244e-06,open_cap,all
USA_BEA,placebo_random_026,0,1725,0.005012194912716203,0.0020383167785049585,0.003338931830171199,open_cap,all
USA_BEA,placebo_random_026,1,1656,0.001973652307751225,0.003013387085294743,0.0005048372235444409,open_cap,all
USA_BEA,placebo_random_026,2,1587,-0.0013164934505930856,0.0012526411849119166,0.00023224555717105133,open_cap,all
USA_BEA,placebo_random_027,0,1725,0.007448756546984166,0.003112614573857245,0.0072455460500110425,open_cap,all
USA_BEA,placebo_random_027,1,1656,-0.004397159220582894,0.0022306370815793385,0.0024744034229008394,open_cap,all
USA_BEA,placebo_random_027,2,1587,-0.0012638276333211695,0.0017248832750393248,0.00021011627847933312,open_cap,all
USA_BEA,placebo_random_028,0,1725,0.008234923591726902,0.004815105933610063,0.00824428647951092,open_cap,all
USA_BEA,placebo_random_028,1,1656,0.0011171632689347686,0.0013067949948052473,0.0001496984131140744,open_cap,all
USA_BEA,placebo_random_028,2,1587,-0.004043865354229981,0.0032498909154572205,0.002053000368171687,open_cap,all
USA_BEA,placebo_random_029,0,1725,0.007421163581333346,0.004983182415415844,0.007366632056914235,open_cap,all
USA_BEA,placebo_random_029,1,1656,-0.002101556963199011,0.002064521456613597,0.0005756794962173961,open_cap,all
USA_BEA,placebo_random_029,2,1587,-0.002807334740990915,0.0030679846624941517,0.0010776612357674686,open_cap,all
USA_BEA,placebo_random_030,0,1725,0.008822687891678739,0.002958358220565482,0.00958673488324302,open_cap,all
USA_BEA,placebo_random_030,1,1656,0.0016121418286139254,0.00147770853515776,0.0003130879224233496,open_cap,all
USA_BEA,placebo_random_030,2,1587,-0.0029395987820882634,0.0015217687189744142,0.0010884816203776682,open_cap,all
USA_BEA,placebo_random_031,0,1725,0.007421614600938336,0.0037594473048976887,0.00698685369332952,open_cap,all
USA_BEA,placebo_random_031,1,1656,-0.00023685127278272214,0.0019709243209811507,7.0542296084497025e-06,open_cap,all
USA_BEA,placebo_random_031,2,1587,0.0007361088684735206,0.002394901561335255,7.06361272160283e-05,open_cap,all
USA_BEA,placebo_random_032,0,1725,0.007352575149509451,0.003972032752414128,0.006756435670994376,open_cap,all
USA_BEA,placebo_random_032,1,1656,0.00038304021512374924,0.0016765456800360988,1.815315830444586e-05,open_cap,all
USA_BEA,placebo_random_032,2,1587,-0.0014643793343905576,0.001354573904628352,0.0002779946513803422,open_cap,all
USA_BEA,placebo_random_033,0,1725,0.007491734738195309,0.004581518796707965,0.007180577314716108,open_cap,all
USA_BEA,placebo_random_033,1,1656,0.000552046067960983,0.0015704254372332141,3.8201044090135916e-05,open_cap,all
USA_BEA,placebo_random_033,2,1587,-0.0014551947407835419,0.0022936467262561224,0.000278763014477712,open_cap,all
USA_BEA,placebo_random_034,0,1725,0.007446946441988252,0.0021153606433867165,0.007249807972442235,open_cap,all
USA_BEA,placebo_random_034,1,1656,0.0005240395143802281,0.0013171279337406833,3.516109449797078e-05,open_cap,all
USA_BEA,placebo_random_034,2,1587,-0.0010048518260187703,0.0014859087286687536,0.00013422326496836945,open_cap,all
USA_BEA,placebo_random_035,0,1725,0.008404060640545032,0.0039645523008801165,0.00815009359864094,open_cap,all
USA_BEA,placebo_random_035,1,1656,0.0017623453118825049,0.0014260307624189086,0.00035183526019755273,open_cap,all
USA_BEA,placebo_random_035,2,1587,-0.005708789618647574,0.0029973584959075285,0.0038316232491151236,open_cap,all
USA_BEA,placebo_random_036,0,1725,0.006104439244404371,0.0033738044724452446,0.0050578473376011734,open_cap,all
USA_BEA,placebo_random_036,1,1656,0.001557933570924336,0.0009866310507725743,0.00031886295574679036,open_cap,all
USA_BEA,placebo_random_036,2,1587,-0.0037542693293770362,0.0021668925018049805,0.0019409962141845316,open_cap,all
USA_BEA,placebo_random_037,0,1725,0.005258132412917981,0.0024120819339970207,0.0035483956488220336,open_cap,all
USA_BEA,placebo_random_037,1,1656,0.001117416332439691,0.0009001614944414569,0.00015844179533808234,open_cap,all
USA_BEA,placebo_random_037,2,1587,-0.0020126093146986745,0.0014633763870170432,0.0005394317214275635,open_cap,all
USA_BEA,placebo_random_038,0,1725,0.009239915964618876,0.005825287927343764,0.011725505741681519,open_cap,all
USA_BEA,placebo_random_038,1,1656,0.0010815769492796812,0.0012174351108430335,0.0001556963165066927,open_cap,all
USA_BEA,placebo_random_038,2,1587,-0.007567432346907895,0.005352585368546586,0.007813226098534964,open_cap,all
USA_BEA,placebo_random_039,0,1725,0.009306950681226587,0.0048324509203940685,0.01035015949005813,open_cap,all
USA_BEA,placebo_random_039,1,1656,-0.0025075921206171533,0.0024018507734261856,0.0007298049084998315,open_cap,all
USA_BEA,placebo_random_039,2,1587,-0.0020912557016176912,0.0020241338884281848,0.0005270848756574464,open_cap,all
USA_BEA,placebo_random_040,0,1725,0.009632011525032201,0.0038183941692045073,0.011109956175279545,open_cap,all
USA_BEA,placebo_random_040,1,1656,-0.0003254891955448084,0.001202203647716322,1.2433539098077873e-05,open_cap,all
USA_BEA,placebo_random_040,2,1587,-0.001118658002422433,0.0014399705404263006,0.0001528330670731437,open_cap,all
USA_BEA,placebo_random_041,0,1725,0.010019728906129496,0.004024974956136282,0.012348989247395581,open_cap,all
USA_BEA,placebo_random_041,1,1656,0.003690729735000036,0.002071636693659714,0.0016483821717280245,open_cap,all
USA_BEA,placebo_random_041,2,1587,-0.007698393286495096,0.004609920229570752,0.00752491619897,open_cap,all
USA_BEA,placebo_random_042,0,1725,0.006194177011009729,0.0028004277633981735,0.005034586364222826,open_cap,all
USA_BEA,placebo_random_042,1,1656,0.0011260975851867005,0.0014040839832271815,0.000161563655744712,open_cap,all
USA_BEA,placebo_random_042,2,1587,-0.0022535844069130665,0.001474469822869716,0.0006734398130405772,open_cap,all
USA_BEA,placebo_random_043,0,1725,0.009526796773880125,0.0041963440515647476,0.01089029346108128,open_cap,all
USA_BEA,placebo_random_043,1,1656,-0.0050155354407952464,0.003029976437576349,0.0029631783756303154,open_cap,all
USA_BEA,placebo_random_043,2,1587,-0.001041676648186082,0.001943612847867144,0.00013273593729667965,open_cap,all
USA_BEA,placebo_random_044,0,1725,0.012095485039398505,0.0052946031042479715,0.017607472524808987,open_cap,all
USA_BEA,placebo_random_044,1,1656,-0.003264271059892224,0.0027219407462430664,0.0012461425045512398,open_cap,all
USA_BEA,placebo_random_044,2,1587,-0.005244695720623369,0.0019645586614451763,0.003373153881767954,open_cap,all
USA_BEA,placebo_random_045,0,1725,0.008298324811552474,0.004028426519793972,0.008978687970554011,open_cap,all
USA_BEA,placebo_random_045,1,1656,0.0025626405008123206,0.0015229070612112767,0.0008347417161063131,open_cap,all
USA_BEA,placebo_random_045,2,1587,-0.004141092075452057,0.0027528145501537382,0.002247108736707082,open_cap,all
USA_BEA,placebo_random_046,0,1725,0.010753125997831363,0.005666450351291056,0.016020125671926677,open_cap,all
USA_BEA,placebo_random_046,1,1656,-0.0036782464259459014,0.002533105220337274,0.0018306510241077323,open_cap,all
USA_BEA,placebo_random_046,2,1587,-0.0034769714490732744,0.0031609036513810503,0.0016917878775819517,open_cap,all
USA_BEA,placebo_random_047,0,1725,0.007330960512927757,0.003096718437704062,0.0067674977630486355,open_cap,all
USA_BEA,placebo_random_047,1,1656,-0.0012781718359298549,0.0025084783454005274,0.00020337229049782746,open_cap,all
USA_BEA,placebo_random_047,2,1587,-0.004247503337470986,0.0018775464477372562,0.0023205305736189175,open_cap,all
USA_BEA,placebo_random_048,0,1725,0.004573219255969456,0.002698613275546139,0.002503988351537423,open_cap,all
USA_BEA,placebo_random_048,1,1656,0.0027329066509240814,0.002555577073629296,0.0008750972444080407,open_cap,all
USA_BEA,placebo_random_048,2,1587,-0.006134770022635081,0.003990502620439186,0.004630114520665973,open_cap,all
USA_BEA,placebo_random_049,0,1725,0.005385792006074047,0.0028858884281226386,0.0036880159358556597,open_cap,all
USA_BEA,placebo_random_049,1,1656,-9.33155640813813e-05,0.0013316901961363007,1.0850123561834124e-06,open_cap,all
USA_BEA,placebo_random_049,2,1587,-0.00593480655139116,0.0038723977235445143,0.004562993727141418,open_cap,all
USA_BEA,pp_actual_wage,0,1725,0.6546764521435878,0.1435512398097708,0.551995726993334,open_cap,all
USA_BEA,pp_actual_wage,1,1656,-0.006698746413002251,0.03262903578997372,5.558579067099778e-05,open_cap,all
USA_BEA,pp_actual_wage,2,1587,-0.21235343996487346,0.0797580983562037,0.05784680481950655,open_cap,all
USA_BEA,pp_eigen,0,1725,0.6836955310908357,0.14926691990219854,0.5389526760805213,open_cap,all
USA_BEA,pp_eigen,1,1656,-0.001304730335733878,0.03955763237902364,1.8852382137612977e-06,open_cap,all
USA_BEA,pp_eigen,2,1587,-0.221650204782651,0.08551897580306474,0.05632378429083196,open_cap,all
USA_BEA,pp_uniform_wage,0,1725,0.46024138090489997,0.1380551160998745,0.4031588601242635,open_cap,all
USA_BEA,pp_uniform_wage,1,1656,0.001199835392074456,0.023589210212992952,2.6788254096077324e-06,open_cap,all
USA_BEA,pp_uniform_wage,2,1587,-0.1434608678520813,0.06441731732597533,0.039464290212230635,open_cap,all
USA_BEA,k:111CA,0,1350,0.14636484714400355,0.06575615978128531,0.13632576485819414,open_cap,core
USA_BEA,k:111CA,1,1296,0.007225436221682938,0.012576204527607444,0.0003149651514985363,open_cap,core
USA_BEA,k:111CA,2,1242,-0.028663056770263668,0.018817643477724626,0.004874963054535053,open_cap,core
USA_BEA,k:113FF,0,1350,0.18083492175800114,0.08090142608266027,0.15804367189156354,open_cap,core
USA_BEA,k:113FF,1,1296,0.00016610454967818313,0.011991828216343644,1.2971979967968394e-07,open_cap,core
USA_BEA,k:113FF,2,1242,-0.04178883308179891,0.025885678288147765,0.008180324321771626,open_cap,core
USA_BEA,k:211,0,1350,0.06922731083424787,0.017277323776119728,0.030532135161792984,open_cap,core
USA_BEA,k:211,1,1296,0.01501637679716184,0.011528724302733603,0.0014217489277335016,open_cap,core
USA_BEA,k:211,2,1242,-0.01800701107031759,0.009278615964396882,0.002089030936913705,open_cap,core
USA_BEA,k:212,0,1350,0.12738100058747964,0.03727259451847258,0.07381473083132895,open_cap,core
USA_BEA,k:212,1,1296,0.016659672596511417,0.026499038621256767,0.0012362775832018835,open_cap,core
USA_BEA,k:212,2,1242,-0.03515008355807598,0.025229924689567727,0.005576298845234251,open_cap,core
USA_BEA,k:213,0,1350,0.2513114425708348,0.0886774458640301,0.15829691875143048,open_cap,core
USA_BEA,k:213,1,1296,0.022559078769441847,0.021714194078944166,0.0012369438037247438,open_cap,core
USA_BEA,k:213,2,1242,-0.11158481322667191,0.05775660666397544,0.03123979100350982,open_cap,core
USA_BEA,k:22,0,1350,0.0746931101505895,0.03519175131736327,0.05162982654912984,open_cap,core
USA_BEA,k:22,1,1296,0.010280159435315347,0.012948358500421975,0.0009617244769263289,open_cap,core
USA_BEA,k:22,2,1242,-0.03652841869471664,0.019868565204984878,0.012636597967631391,open_cap,core
USA_BEA,k:23,0,1350,0.2783162114765007,0.11358334213866467,0.20107540627628617,open_cap,core
USA_BEA,k:23,1,1296,0.017753457504220305,0.02457197663531809,0.0007992286982212438,open_cap,core
USA_BEA,k:23,2,1242,-0.09589449115957631,0.05088471792354214,0.0240937084318531,open_cap,core
USA_BEA,k:311FT,0,1350,0.15039409781974744,0.06173057983193819,0.13847612517790098,open_cap,core
USA_BEA,k:311FT,1,1296,0.013681840437835959,0.011582283030790124,0.0011152949532297063,open_cap,core
USA_BEA,k:311FT,2,1242,-0.029304953954627407,0.017437007379130978,0.005217133729961465,open_cap,core
USA_BEA,k:313TT,0,1350,0.15442722377282395,0.06704594379235229,0.13612148322393858,open_cap,core
USA_BEA,k:313TT,1,1296,0.005987302972552453,0.014165507571309863,0.0001895357149104271,open_cap,core
USA_BEA,k:313TT,2,1242,-0.02591968454275023,0.02374644456370796,0.003651978526557187,open_cap,core
USA_BEA,k:315AL,0,1350,0.043564865290895045,0.022273814759306516,0.039918388876464816,open_cap,core
USA_BEA,k:315AL,1,1296,0.008680735031611587,0.005719073083531029,0.0014361845994373956,open_cap,core
USA_BEA,k:315AL,2,1242,-0.01574312404482354,0.00910106233758533,0.004548098813240253,open_cap,core
USA_BEA,k:321,0,1350,0.22743656093406817,0.09674575681820798,0.17155695435213913,open_cap,core
USA_BEA,k:321,1,1296,0.011645306788982675,0.01797573717029519,0.0004422106281644078,open_cap,core
USA_BEA,k:321,2,1242,-0.060754630362784896,0.03656910676453623,0.012413084378352535,open_cap,core
USA_BEA,k:322,0,1350,0.15926258408928068,0.07092333287739735,0.13705816823892414,open_cap,core
USA_BEA,k:322,1,1296,0.0075018997561828085,0.013284992133201426,0.0002964951912254321,open_cap,core
USA_BEA,k:322,2,1242,-0.03722972014056594,0.0234299911826803,0.0074442563912126,open_cap,core
USA_BEA,k:323,0,1350,0.1831828153217831,0.0793942988455126,0.16838160124942525,open_cap,core
USA_BEA,k:323,1,1296,0.006891307805360514,0.013807585548360772,0.0002355239677639398,open_cap,core
USA_BEA,k:323,2,1242,-0.05613303790033328,0.02837471310984709,0.0161369892557075,open_cap,core
USA_BEA,k:324,0,1350,0.09410202448233822,0.01820290719977859,0.06172643209547313,open_cap,core
USA_BEA,k:324,1,1296,0.007679381591697015,0.012514559319930644,0.0004104716968099664,open_cap,core
USA_BEA,k:324,2,1242,-0.026782308195915486,0.00951957925916854,0.005092612120383033,open_cap,core
USA_BEA,k:325,0,1350,0.18531266166222174,0.05144113254528267,0.16055027222727913,open_cap,core
USA_BEA,k:325,1,1296,0.028864002716390984,0.02750618087163345,0.003731999405366837,open_cap,core
USA_BEA,k:325,2,1242,-0.03987092248474038,0.018916257260975854,0.007173814031331105,open_cap,core
USA_BEA,k:326,0,1350,0.2066734114125514,0.08047047273181551,0.18385854473500973,open_cap,core
USA_BEA,k:326,1,1296,0.004314958398342514,0.015241338069347226,7.694962579740672e-05,open_cap,core
USA_BEA,k:326,2,1242,-0.056080024622619004,0.03023512553927608,0.012953104953300043,open_cap,core
USA_BEA,k:327,0,1350,0.25541505917982654,0.08436606495313866,0.18662669277773603,open_cap,core
USA_BEA,k:327,1,1296,0.024854856969055924,0.03831321066264241,0.0017217022649516078,open_cap,core
USA_BEA,k:327,2,1242,-0.04409482848986641,0.030650201691995175,0.005582320614181735,open_cap,core
USA_BEA,k:331,0,1350,0.25043430561757984,0.0986223700379047,0.22639965865581702,open_cap,core
USA_BEA,k:331,1,1296,0.013760316583733072,0.015215655774429916,0.0006653796330083894,open_cap,core
USA_BEA,k:331,2,1242,-0.07124151905198718,0.04351233154980102,0.01825861989567501,open_cap,core
USA_BEA,k:332,0,1350,0.23232802519170348,0.08975172473695055,0.20097099274161778,open_cap,core
USA_BEA,k:332,1,1296,0.01287849679990213,0.012483260324874186,0.0006010814519096241,open_cap,core
USA_BEA,k:332,2,1242,-0.0696921440764614,0.03532102054498287,0.01810848500425033,open_cap,core
USA_BEA,k:333,0,1350,0.2643140241620986,0.10186283386501749,0.21205546994372282,open_cap,core
USA_BEA,k:333,1,1296,0.013021412696875118,0.021403604895213424,0.0005050750296103912,open_cap,core
USA_BEA,k:333,2,1242,-0.07214065468186485,0.043602952047815786,0.015992249750570675,open_cap,core
USA_BEA,k:334,0,1350,0.29308245555302603,0.10531825764783755,0.24036654983280936,open_cap,core
USA_BEA,k:334,1,1296,0.014510593595673714,0.021559866883655802,0.0005649288323313906,open_cap,core
USA_BEA,k:334,2,1242,-0.09224757224512516,0.04549591888593065,0.023000763977087835,open_cap,core
USA_BEA,k:335,0,1350,0.2490252442484347,0.09509415865239834,0.20117945798898895,open_cap,core
USA_BEA,k:335,1,1296,0.013992708502734968,0.019083334028893333,0.000620674195279669,open_cap,core
USA_BEA,k:335,2,1242,-0.05848025871242196,0.04002180430138483,0.01117436528661786,open_cap,core
USA_BEA,k:3361MV,0,1350,0.24617819879326447,0.09397813313785655,0.2037955115948854,open_cap,core
USA_BEA,k:3361MV,1,1296,0.009814023957821195,0.02010340804911567,0.0003167015255644001,open_cap,core
USA_BEA,k:3361MV,2,1242,-0.07721607675788507,0.04102412587419887,0.019883355618994347,open_cap,core
USA_BEA,k:3364OT,0,1350,0.17461314790711938,0.08219961199320999,0.13688725593044582,open_cap,core
USA_BEA,k:3364OT,1,1296,0.007849370235859486,0.01822035938777104,0.0002697696196413135,open_cap,core
USA_BEA,k:3364OT,2,1242,-0.059581327354182013,0.03771156911399183,0.016070728240586307,open_cap,core
USA_BEA,k:337,0,1350,0.15299385606660487,0.08325754754192358,0.11661675836278151,open_cap,core
USA_BEA,k:337,1,1296,0.011732884224245909,0.013359352566522311,0.0006823824210481222,open_cap,core
USA_BEA,k:337,2,1242,-0.047524862086712145,0.031739311184602784,0.011704998086837448,open_cap,core
USA_BEA,k:339,0,1350,0.24386491596634371,0.09349839211860346,0.20727513126534303,open_cap,core
USA_BEA,k:339,1,1296,0.011210399228746273,0.01656627546698856,0.0004078892875100104,open_cap,core
USA_BEA,k:339,2,1242,-0.07294360417307916,0.03931255348024418,0.017663751900532376,open_cap,core
USA_BEA,k:42,0,1350,0.25956449763106904,0.09283612861916407,0.21254091353671223,open_cap,core
USA_BEA,k:42,1,1296,0.01551714399317974,0.018952182832114597,0.0007455105892058,open_cap,core
USA_BEA,k:42,2,1242,-0.06892053875301621,0.034585497346804564,0.015054410392833284,open_cap,core
USA_BEA,k:441,0,1350,0.2017106027621417,0.0842594741490876,0.16622562719507572,open_cap,core
USA_BEA,k:441,1,1296,0.008583735003824394,0.018424282853086043,0.0002969282815279417,open_cap,core
USA_BEA,k:441,2,1242,-0.06661954162173059,0.03632218684503149,0.018289411627154695,open_cap,core
USA_BEA,k:445,0,1350,0.16204248846932054,0.06649440970594693,0.1403202741183075,open_cap,core
USA_BEA,k:445,1,1296,0.013532205762704346,0.014683294092234098,0.0009638004926483257,open_cap,core
USA_BEA,k:445,2,1242,-0.04013297872596763,0.024526383784754767,0.008678747267019227,open_cap,core
USA_BEA,k:452,0,1350,0.22231357619710113,0.09151992394493229,0.1722722792768029,open_cap,core
USA_BEA,k:452,1,1296,0.01208570288149372,0.02017238758125399,0.0005013943380383079,open_cap,core
USA_BEA,k:452,2,1242,-0.06997850205190152,0.038573799376596524,0.01725236045040901,open_cap,core
USA_BEA,k:481,0,1350,0.1439906558443731,0.06393156165584599,0.11243024576538185,open_cap,core
USA_BEA,k:481,1,1296,0.027607357641122973,0.017183854309415304,0.0040916562507924414,open_cap,core
USA_BEA,k:481,2,1242,-0.060518247893888176,0.025253920195768782,0.019719209973774077,open_cap,core
USA_BEA,k:482,0,1350,0.1537037720668597,0.0572259471883054,0.09328180699795285,open_cap,core
USA_BEA,k:482,1,1296,0.005884597792723751,0.016509796345090415,0.00013362114942272463,open_cap,core
USA_BEA,k:482,2,1242,-0.04924412231818467,0.040375291059357346,0.00941291528575905,open_cap,core
USA_BEA,k:483,0,1350,0.12809596388073682,0.052764733372545336,0.10675568815724423,open_cap,core
USA_BEA,k:483,1,1296,0.03352767331736985,0.02373603583584396,0.0072228162037418775,open_cap,core
USA_BEA,k:483,2,1242,-0.01880123063336377,0.019006156553187756,0.002207405237317217,open_cap,core
USA_BEA,k:484,0,1350,0.16940402687354886,0.05876855980130536,0.11243649036816428,open_cap,core
USA_BEA,k:484,1,1296,0.0015026740991965217,0.013739078774310064,8.756154101230429e-06,open_cap,core
USA_BEA,k:484,2,1242,-0.03364978062124116,0.015272681266138049,0.0045236770805486826,open_cap,core
USA_BEA,k:485,0,1350,0.16123598146492424,0.06817597783820366,0.1378144224228638,open_cap,core
USA_BEA,k:485,1,1296,0.01228657875485262,0.015960164352130258,0.0007926762061851722,open_cap,core
USA_BEA,k:485,2,1242,-0.050491075985289166,0.027378095011531264,0.013777430363811516,open_cap,core
USA_BEA,k:486,0,1350,0.05834480133463298,0.013184972646026243,0.025155936761979247,open_cap,core
USA_BEA,k:486,1,1296,0.02079408089521575,0.015296575309180988,0.0031792083598227716,open_cap,core
USA_BEA,k:486,2,1242,-0.016974991371155424,0.009485355339851393,0.002171717290358033,open_cap,core
USA_BEA,k:487OS,0,1350,0.13192402156899374,0.054660557464874915,0.1082484061175416,open_cap,core
USA_BEA,k:487OS,1,1296,0.004154414199031522,0.013185209884678155,0.00010716529211896031,open_cap,core
USA_BEA,k:487OS,2,1242,-0.039036081085862546,0.020717180392340984,0.009856617027124481,open_cap,core
USA_BEA,k:493,0,1350,0.08423113924675736,0.03560707681361011,0.07333739373432913,open_cap,core
USA_BEA,k:493,1,1296,-0.0005091850965489639,0.005855974290138391,2.6746824239864964e-06,open_cap,core
USA_BEA,k:493,2,1242,-0.02419595004729378,0.009499175228502006,0.0062272039224609,open_cap,core
USA_BEA,k:4A0,0,1350,0.27419848995371654,0.1004961255718889,0.22193274682061603,open_cap,core
USA_BEA,k:4A0,1,1296,-0.0022614097595861312,0.02535406186372736,1.4740060134577071e-05,open_cap,core
USA_BEA,k:4A0,2,1242,-0.08552825572905448,0.04395123469549622,0.02155419840917716,open_cap,core
USA_BEA,k:511,0,1350,0.2688726717261134,0.10340625318882066,0.21798786465708975,open_cap,core
USA_BEA,k:511,1,1296,0.013237026221616011,0.02110682620922622,0.0005174431907998267,open_cap,core
USA_BEA,k:511,2,1242,-0.0814994907546048,0.04435711541503662,0.02024915284618145,open_cap,core
USA_BEA,k:512,0,1350,0.18551151214401695,0.0911324725529035,0.16091083240070925,open_cap,core
USA_BEA,k:512,1,1296,0.010122877516253953,0.011399329162412795,0.00047661759893125044,open_cap,core
USA_BEA,k:512,2,1242,-0.05575458845560495,0.0322575915854829,0.015131411678769191,open_cap,core
USA_BEA,k:513,0,1350,0.18318780310523974,0.07896852580014631,0.16153071001028807,open_cap,core
USA_BEA,k:513,1,1296,0.0035521097546706384,0.013800227689324769,5.967384572691525e-05,open_cap,core
USA_BEA,k:513,2,1242,-0.05203480179635727,0.028147356206987505,0.013248802584233332,open_cap,core
USA_BEA,k:514,0,1350,0.19132866860913153,0.07940949151548267,0.16071580637672134,open_cap,core
USA_BEA,k:514,1,1296,0.004515160370110988,0.015760280584672173,8.822542710551495e-05,open_cap,core
USA_BEA,k:514,2,1242,-0.06030500584923273,0.030295776708856824,0.016287960412549762,open_cap,core
USA_BEA,k:521CI,0,1350,0.1636314999858458,0.06995017407172714,0.1322175256836824,open_cap,core
USA_BEA,k:521CI,1,1296,0.015542016661457877,0.015942350172708886,0.0009965243415809288,open_cap,core
USA_BEA,k:521CI,2,1242,-0.06042782443111849,0.03441540472881858,0.015281865286219332,open_cap,core
USA_BEA,k:523,0,1350,0.1395258958387915,0.055249942063731634,0.13464179223666883,open_cap,core
USA_BEA,k:523,1,1296,-0.0004714434284162572,0.00856129387053579,1.5102808645917065e-06,open_cap,core
USA_BEA,k:523,2,1242,-0.036628913367054226,0.01990027174605306,0.009405277030539727,open_cap,core
USA_BEA,k:524,0,1350,0.1546253428226587,0.061081249548587874,0.15768210841705377,open_cap,core
USA_BEA,k:524,1,1296,0.004303241678306086,0.010534761026046896,0.00011876802621535454,open_cap,core
USA_BEA,k:524,2,1242,-0.043839204163295425,0.019042992798115072,0.012666152500993899,open_cap,core
USA_BEA,k:525,0,1350,0.18971179494685245,0.07058389471775399,0.20309021129183868,open_cap,core
USA_BEA,k:525,1,1296,0.008247192784227027,0.009941888041219642,0.00037595597307493733,open_cap,core
USA_BEA,k:525,2,1242,-0.048330929147728165,0.02080326094439143,0.013264038107945963,open_cap,core
USA_BEA,k:532RL,0,1350,0.11145925388599995,0.05066491298679499,0.08559817597894004,open_cap,core
USA_BEA,k:532RL,1,1296,-0.00936247559680667,0.009319462273067465,0.0006020191810116593,open_cap,core
USA_BEA,k:532RL,2,1242,-0.02961140104995318,0.023334892142118795,0.00621834013738376,open_cap,core
USA_BEA,k:5411,0,1350,0.18188528303093285,0.07496033146603702,0.16456594060765983,open_cap,core
USA_BEA,k:5411,1,1296,0.0007923860926135145,0.012006104891042046,3.067090230124414e-06,open_cap,core
USA_BEA,k:5411,2,1242,-0.054624149368358965,0.026064008602046086,0.0150954079445621,open_cap,core
USA_BEA,k:5412OP,0,1350,0.22116237946068704,0.08860209568378737,0.18809400507319907,open_cap,core
USA_BEA,k:5412OP,1,1296,0.0061868682725490535,0.017258265425867593,0.000144845224795076,open_cap,core
USA_BEA,k:5412OP,2,1242,-0.06722738095403062,0.0356881297245899,0.01769509638295974,open_cap,core
USA_BEA,k:5415,0,1350,0.2774750073505615,0.10438535940848924,0.23041353270227793,open_cap,core
USA_BEA,k:5415,1,1296,0.01659282332510961,0.025045866561724826,0.000803015473211488,open_cap,core
USA_BEA,k:5415,2,1242,-0.09120187241360968,0.047829047238456046,0.024991867332563422,open_cap,core
USA_BEA,k:55,0,1350,0.13321179852794257,0.05284680430237023,0.13201582559150904,open_cap,core
USA_BEA,k:55,1,1296,-0.0022374149787372753,0.008325526547614346,3.635802828527712e-05,open_cap,core
USA_BEA,k:55,2,1242,-0.048806887187991026,0.025598107167040574,0.017717855031987195,open_cap,core
USA_BEA,k:561,0,1350,0.13632134173310095,0.05913425827853548,0.12269464245502426,open_cap,core
USA_BEA,k:561,1,1296,0.0010187821294195289,0.010415052123367657,6.750723973714123e-06,open_cap,core
USA_BEA,k:561,2,1242,-0.03543889365666906,0.02143889819915404,0.00837642186013654,open_cap,core
USA_BEA,k:562,0,1350,0.13195016305465795,0.05581485582676657,0.11028551888218008,open_cap,core
USA_BEA,k:562,1,1296,0.02239832762246007,0.016689591939042285,0.0031498419926961896,open_cap,core
USA_BEA,k:562,2,1242,-0.044322652942009114,0.023619996096891235,0.012758495100394729,open_cap,core
USA_BEA,k:61,0,1350,0.20974786074800814,0.08271872679308225,0.18245929686797713,open_cap,core
USA_BEA,k:61,1,1296,0.013072293026290956,0.018160401923703696,0.0006981842367935753,open_cap,core
USA_BEA,k:61,2,1242,-0.06402238691106528,0.032813069038042576,0.01727107459834909,open_cap,core
USA_BEA,k:621,0,1350,0.19403728315009638,0.08846895763105293,0.16764115086473208,open_cap,core
USA_BEA,k:621,1,1296,0.004455905175526431,0.012336457723533823,8.767942255105687e-05,open_cap,core
USA_BEA,k:621,2,1242,-0.038028036447053055,0.029661488612486867,0.006650073858652683,open_cap,core
USA_BEA,k:622,0,1350,0.2471492597871493,0.09384126924857018,0.2069321714066955,open_cap,core
USA_BEA,k:622,1,1296,0.010098812440355579,0.0185982289215355,0.00033938883995232594,open_cap,core
USA_BEA,k:622,2,1242,-0.07261510981470026,0.0398511709435148,0.018146080300656564,open_cap,core
USA_BEA,k:623,0,1350,0.23241849235860557,0.08187289366388963,0.23910850978089915,open_cap,core
USA_BEA,k:623,1,1296,0.011091103348899817,0.01641213957928588,0.0005370049399824328,open_cap,core
USA_BEA,k:623,2,1242,-0.05791444607793843,0.027674803775687717,0.015029150014455706,open_cap,core
USA_BEA,k:624,0,1350,0.17753414193064143,0.07084643226358352,0.14828728178880168,open_cap,core
USA_BEA,k:624,1,1296,0.038066003535667595,0.022129707648082555,0.006781111751591018,open_cap,core
USA_BEA,k:624,2,1242,-0.04908967578289929,0.027706994547229476,0.011740217501793104,open_cap,core
USA_BEA,k:711AS,0,1350,0.21807802925518896,0.08281363145565274,0.2029670414498287,open_cap,core
USA_BEA,k:711AS,1,1296,0.006466111857135524,0.014247683839671572,0.00017560265984084555,open_cap,core
USA_BEA,k:711AS,2,1242,-0.06678330215737871,0.03167316721749201,0.019416662461743006,open_cap,core
USA_BEA,k:713,0,1350,0.15318819355582738,0.05924836912872099,0.14433172854906895,open_cap,core
USA_BEA,k:713,1,1296,0.005218723932851045,0.014323010891851415,0.0001653398984352572,open_cap,core
USA_BEA,k:713,2,1242,-0.047152375964524734,0.022984883910841653,0.013783037420521005,open_cap,core
USA_BEA,k:721,0,1350,0.18881538399664885,0.07233142396919041,0.16957366874342295,open_cap,core
USA_BEA,k:721,1,1296,0.010797510237840695,0.01868250879872507,0.0005455752551416504,open_cap,core
USA_BEA,k:721,2,1242,-0.06187181551661431,0.031759140364394124,0.018430887468353196,open_cap,core
USA_BEA,k:722,0,1350,0.16424822801989597,0.06324193773187889,0.15401453802266685,open_cap,core
USA_BEA,k:722,1,1296,0.010023963092785455,0.0157306749327989,0.0005691756695165306,open_cap,core
USA_BEA,k:722,2,1242,-0.050553182523662726,0.025573799530764368,0.014857877657360019,open_cap,core
USA_BEA,k:81,0,1350,0.129000482477677,0.057208987892860226,0.10788815769901694,open_cap,core
USA_BEA,k:81,1,1296,0.0004260018714852698,0.010049432057670303,1.1641663890671339e-06,open_cap,core
USA_BEA,k:81,2,1242,-0.03236186797853489,0.018683135438946247,0.006969983847505357,open_cap,core
USA_BEA,k:GFE,0,1350,0.1524245080715136,0.06468819018670575,0.13867202565669712,open_cap,core
USA_BEA,k:GFE,1,1296,0.006942935259010668,0.015505608245378102,0.0002822144232696999,open_cap,core
USA_BEA,k:GFE,2,1242,-0.04941155150532801,0.026383791871264734,0.014673632521187918,open_cap,core
USA_BEA,k:GFGD+GFGN,0,1350,0.19810351743837312,0.07455021773287102,0.17955318599899706,open_cap,core
USA_BEA,k:GFGD+GFGN,1,1296,-0.0047065712825629545,0.01894012777270935,9.028550919065736e-05,open_cap,core
USA_BEA,k:GFGD+GFGN,2,1242,-0.06960748618375429,0.03586056103756315,0.01888080696493566,open_cap,core
USA_BEA,k:GSLE,0,1350,0.11259575877046284,0.05095571268306967,0.08268107527615554,open_cap,core
USA_BEA,k:GSLE,1,1296,0.01238915876636152,0.017550617766631988,0.0009822925064292276,open_cap,core
USA_BEA,k:GSLE,2,1242,-0.04609496671345034,0.02570372380200165,0.014075294171576713,open_cap,core
USA_BEA,k:GSLG,0,1350,0.16118987359160042,0.06802468836051469,0.13404122301978072,open_cap,core
USA_BEA,k:GSLG,1,1296,0.004074185546144441,0.014639929277854962,8.474267720626205e-05,open_cap,core
USA_BEA,k:GSLG,2,1242,-0.05133493603408856,0.025349289746667898,0.013647395547958574,open_cap,core
USA_BEA,k:HS+ORE,0,1350,0.21323466224998597,0.08302074081286108,0.20132136502043763,open_cap,core
USA_BEA,k:HS+ORE,1,1296,0.013965275985822157,0.012708628181356287,0.000848957856283028,open_cap,core
USA_BEA,k:HS+ORE,2,1242,-0.048118216322849135,0.031859244083039445,0.010416902150249152,open_cap,core
USA_BEA,labour,0,1350,0.4720394538945977,0.14984440310787878,0.3879066599123,open_cap,core
USA_BEA,labour,1,1296,0.05248758405128152,0.02906084295155359,0.004688829401280237,open_cap,core
USA_BEA,labour,2,1242,-0.09720235970377367,0.054095256164149445,0.016458160346261796,open_cap,core
USA_BEA,placebo_perm_000,0,1350,0.009661269208058435,0.006086836408257727,0.013455135124013307,open_cap,core
USA_BEA,placebo_perm_000,1,1296,0.002295195243457542,0.0013075864234718287,0.0007452132559823132,open_cap,core
USA_BEA,placebo_perm_000,2,1242,-0.003577086092844795,0.0032505450918140035,0.0018460002610650728,open_cap,core
USA_BEA,placebo_perm_001,0,1350,0.003626194316017165,0.002211107724773469,0.0020898954527337477,open_cap,core
USA_BEA,placebo_perm_001,1,1296,0.0021318289017646192,0.0020953546004455533,0.0007170324027370167,open_cap,core
USA_BEA,placebo_perm_001,2,1242,-0.0030424152532144626,0.0034723231056565484,0.0014920624306833385,open_cap,core
USA_BEA,placebo_perm_002,0,1350,0.008910212548578478,0.003007951780278209,0.011314388137163012,open_cap,core
USA_BEA,placebo_perm_002,1,1296,-6.354841135665567e-05,0.0021732602006734668,5.596448681144395e-07,open_cap,core
USA_BEA,placebo_perm_002,2,1242,-0.0021959973277062726,0.0019540725756822036,0.0006855019579015131,open_cap,core
USA_BEA,placebo_perm_003,0,1350,0.009601921641670137,0.005769786170794248,0.013454610248254673,open_cap,core
USA_BEA,placebo_perm_003,1,1296,-0.001357255301357151,0.0011972995689056214,0.00026323839127206927,open_cap,core
USA_BEA,placebo_perm_003,2,1242,-0.005423623442098525,0.0035396815462338,0.004321105674347958,open_cap,core
USA_BEA,placebo_perm_004,0,1350,0.009987730519085174,0.004012217295323955,0.015121380917290983,open_cap,core
USA_BEA,placebo_perm_004,1,1296,-0.0025151699614630496,0.002798670595838018,0.0009510383712330039,open_cap,core
USA_BEA,placebo_perm_004,2,1242,-0.0017535990269327022,0.0028411960278019485,0.00047717386749646096,open_cap,core
USA_BEA,placebo_perm_005,0,1350,0.006667328132497776,0.003720753069356441,0.006589628743984721,open_cap,core
USA_BEA,placebo_perm_005,1,1296,-0.0005102750811584441,0.00199674849468864,3.772666930379476e-05,open_cap,core
USA_BEA,placebo_perm_005,2,1242,-0.005228739950286706,0.0020210391156235685,0.004032413412089264,open_cap,core
USA_BEA,placebo_perm_006,0,1350,0.00589759523765962,0.0036174505323506075,0.005638864994161441,open_cap,core
USA_BEA,placebo_perm_006,1,1296,0.0031972671706946725,0.0017699906316689046,0.0016488627537265543,open_cap,core
USA_BEA,placebo_perm_006,2,1242,-0.0024975329072295747,0.00197505500554486,0.001027268726851438,open_cap,core
USA_BEA,placebo_perm_007,0,1350,0.006021319582021833,0.003686487230174455,0.005355065036528828,open_cap,core
USA_BEA,placebo_perm_007,1,1296,-0.0026090653397638007,0.001192228786905828,0.0009931672947142145,open_cap,core
USA_BEA,placebo_perm_007,2,1242,0.002035884401021571,0.0017409299267105243,0.0006208787046217967,open_cap,core
USA_BEA,placebo_perm_008,0,1350,0.003473574232061176,0.002326975481119469,0.0018544291157932546,open_cap,core
USA_BEA,placebo_perm_008,1,1296,-0.0014409621434062158,0.0014366494378977618,0.00031465707489286565,open_cap,core
USA_BEA,placebo_perm_008,2,1242,0.0007228843118862261,0.002856338720155158,8.048201670640687e-05,open_cap,core
USA_BEA,placebo_perm_009,0,1350,0.00828233400525594,0.003610678374223228,0.009837366045538531,open_cap,core
USA_BEA,placebo_perm_009,1,1296,-0.0018967450119090354,0.0014045672060213656,0.0005128869849281292,open_cap,core
USA_BEA,placebo_perm_009,2,1242,0.0008657031896185562,0.00144993873943991,0.00011034366756201841,open_cap,core
USA_BEA,placebo_perm_010,0,1350,0.005987696968340471,0.0026120290118457523,0.005427932206645725,open_cap,core
USA_BEA,placebo_perm_010,1,1296,-0.002158218515114971,0.0013366032380451142,0.0006926051389661847,open_cap,core
USA_BEA,placebo_perm_010,2,1242,-9.306589778513742e-05,0.0014654608912123852,1.315141062274705e-06,open_cap,core
USA_BEA,placebo_perm_011,0,1350,0.005897455695463137,0.004517376081752426,0.0053164490060044756,open_cap,core
USA_BEA,placebo_perm_011,1,1296,0.0030450585571707113,0.0012419175158866404,0.0013934147943815978,open_cap,core
USA_BEA,placebo_perm_011,2,1242,-0.003505122620514969,0.0025925348796303226,0.0018965232556038547,open_cap,core
USA_BEA,placebo_perm_012,0,1350,0.009470071525013049,0.0029533724193636945,0.013662696226794058,open_cap,core
USA_BEA,placebo_perm_012,1,1296,-0.0014660188141448248,0.0013363863100051114,0.0003203448652938645,open_cap,core
USA_BEA,placebo_perm_012,2,1242,0.0009257195119300247,0.0011721296024260481,0.00013082256327157094,open_cap,core
USA_BEA,placebo_perm_013,0,1350,0.010400121948208977,0.003834427424084358,0.01573281422037376,open_cap,core
USA_BEA,placebo_perm_013,1,1296,-9.573894177549182e-05,0.0016063113198676391,1.3113232634198724e-06,open_cap,core
USA_BEA,placebo_perm_013,2,1242,-0.0058097188708131015,0.0021023070729431804,0.004963911482351646,open_cap,core
USA_BEA,placebo_perm_014,0,1350,0.008756324788334543,0.004256298949692504,0.012088401004291538,open_cap,core
USA_BEA,placebo_perm_014,1,1296,-0.004655397881892968,0.0016743856845550973,0.00341208000616966,open_cap,core
USA_BEA,placebo_perm_014,2,1242,-0.0001518763491623768,0.004137934550761243,3.6890059234018224e-06,open_cap,core
USA_BEA,placebo_perm_015,0,1350,0.005653351848418501,0.0029525264882462564,0.004875483277733239,open_cap,core
USA_BEA,placebo_perm_015,1,1296,-0.0005638170340527372,0.0020686693250011956,4.793065475261482e-05,open_cap,core
USA_BEA,placebo_perm_015,2,1242,-0.0016645907382121098,0.002872004165255063,0.00042591328195740186,open_cap,core
USA_BEA,placebo_perm_016,0,1350,0.007907900777452173,0.0034996156791785,0.009299387217502453,open_cap,core
USA_BEA,placebo_perm_016,1,1296,0.0008475188930206299,0.0015012948765768532,0.00010452192565757468,open_cap,core
USA_BEA,placebo_perm_016,2,1242,-0.0016546894209271256,0.0019767451247852843,0.00041003254603666495,open_cap,core
USA_BEA,placebo_perm_017,0,1350,0.006104899029148621,0.0035984655297099538,0.0051390374975988085,open_cap,core
USA_BEA,placebo_perm_017,1,1296,0.0005978235536852642,0.002825686785429209,4.819443407899637e-05,open_cap,core
USA_BEA,placebo_perm_017,2,1242,-4.92676717536492e-06,0.0021057647460449823,3.352137678547251e-09,open_cap,core
USA_BEA,placebo_perm_018,0,1350,0.007968441166355991,0.0037156709395858513,0.009531963853087855,open_cap,core
USA_BEA,placebo_perm_018,1,1296,-0.0008372842348976741,0.0020115643327135676,0.00010401316515773473,open_cap,core
USA_BEA,placebo_perm_018,2,1242,-0.00339002216038537,0.0025656113835785975,0.0017320155918932878,open_cap,core
USA_BEA,placebo_perm_019,0,1350,0.0066740444354462455,0.002981263005232971,0.00635940249293232,open_cap,core
USA_BEA,placebo_perm_019,1,1296,-0.0018294259163224244,0.0016268856134758728,0.00047090049360842823,open_cap,core
USA_BEA,placebo_perm_019,2,1242,0.0016522962628772145,0.0018639474025049557,0.0003933867344604325,open_cap,core
USA_BEA,placebo_random_000,0,1350,0.001816774692486352,0.0013275332449574466,0.0006021304656151916,open_cap,core
USA_BEA,placebo_random_000,1,1296,0.002561613012975161,0.0015933500847578924,0.0011701677222595297,open_cap,core
USA_BEA,placebo_random_000,2,1242,-0.0003447871382717741,0.0013637446932900968,2.1615219958803777e-05,open_cap,core
USA_BEA,placebo_random_001,0,1350,0.0020857863673051417,0.0017785771190085026,0.0008844797689225858,open_cap,core
USA_BEA,placebo_random_001,1,1296,0.0012238739763903398,0.001094756267160517,0.00029709025561086566,open_cap,core
USA_BEA,placebo_random_001,2,1242,0.001343094392945625,0.0014745916740283643,0.00036657105693505,open_cap,core
USA_BEA,placebo_random_002,0,1350,0.004059875834153595,0.002115739301272523,0.0030049834300084344,open_cap,core
USA_BEA,placebo_random_002,1,1296,0.0011387227694525453,0.002180557779417865,0.00023202025780821867,open_cap,core
USA_BEA,placebo_random_002,2,1242,-0.001486563494566624,0.0014205718466282925,0.00040200100000775674,open_cap,core
USA_BEA,placebo_random_003,0,1350,0.005110924973178593,0.0029101117972449007,0.004497465930860867,open_cap,core
USA_BEA,placebo_random_003,1,1296,0.0025441033283923253,0.0017562724363521566,0.0010763799707733668,open_cap,core
USA_BEA,placebo_random_003,2,1242,-0.002817158737718766,0.0016797348242299766,0.0013501090397920468,open_cap,core
USA_BEA,placebo_random_004,0,1350,0.0068198485721093155,0.004503209259901341,0.008820649317407447,open_cap,core
USA_BEA,placebo_random_004,1,1296,-0.0010381256262076287,0.0017708306531628456,0.00019941157208991367,open_cap,core
USA_BEA,placebo_random_004,2,1242,-0.0029173471223022398,0.002890273483713817,0.001573535877014809,open_cap,core
USA_BEA,placebo_random_005,0,1350,0.004214539329835699,0.002564981944951687,0.0032634288130714006,open_cap,core
USA_BEA,placebo_random_005,1,1296,0.0016675287301619972,0.0017468417098388757,0.0005105751131189162,open_cap,core
USA_BEA,placebo_random_005,2,1242,-0.0011453957598745999,0.001176585124738452,0.00024123202097003915,open_cap,core
USA_BEA,placebo_random_006,0,1350,0.004565700288212259,0.0016774686646351383,0.0037215578358497092,open_cap,core
USA_BEA,placebo_random_006,1,1296,-0.0009410896032981776,0.0015579416411983312,0.00015576858418497874,open_cap,core
USA_BEA,placebo_random_006,2,1242,0.0012852475733787473,0.0012512927502372404,0.00030109673895428735,open_cap,core
USA_BEA,placebo_random_007,0,1350,0.005992969827435417,0.0027829586384355556,0.006978462390419216,open_cap,core
USA_BEA,placebo_random_007,1,1296,0.0010764166676763152,0.0011533306039783297,0.00022146542116496803,open_cap,core
USA_BEA,placebo_random_007,2,1242,-0.0046020746153881764,0.002908250449451685,0.004154850206527949,open_cap,core
USA_BEA,placebo_random_008,0,1350,0.002266930922212259,0.0012442031334706394,0.0009002405194213914,open_cap,core
USA_BEA,placebo_random_008,1,1296,-0.000499221889447527,0.0015590124590980144,4.2199485570049156e-05,open_cap,core
USA_BEA,placebo_random_008,2,1242,0.003091611110737218,0.001053167491326011,0.001677999444385736,open_cap,core
USA_BEA,placebo_random_009,0,1350,0.004203009989325233,0.0015909854988027077,0.0030020686333893654,open_cap,core
USA_BEA,placebo_random_009,1,1296,0.0013090890892548629,0.0018787760923649382,0.00028730205705751466,open_cap,core
USA_BEA,placebo_random_009,2,1242,-0.00022007439834145922,0.0013365966955938586,8.307523323369814e-06,open_cap,core
USA_BEA,placebo_random_010,0,1350,0.0008581802551226447,0.0016656509007954966,0.00013398884810611467,open_cap,core
USA_BEA,placebo_random_010,1,1296,0.0014902516321135036,0.0016977387960358309,0.000394509136991017,open_cap,core
USA_BEA,placebo_random_010,2,1242,0.001006907379065387,0.001653270375483131,0.00018297794024213498,open_cap,core
USA_BEA,placebo_random_011,0,1350,0.0026996787972534946,0.0024263698777610525,0.001319060089930657,open_cap,core
USA_BEA,placebo_random_011,1,1296,0.0024410868797157927,0.0011998075667752552,0.001065880661901053,open_cap,core
USA_BEA,placebo_random_011,2,1242,-0.0026344276963070996,0.0012622436243107844,0.001279712405388156,open_cap,core
USA_BEA,placebo_random_012,0,1350,0.006703052160747837,0.0022127927088623667,0.008039079423834639,open_cap,core
USA_BEA,placebo_random_012,1,1296,-0.0013126133901070897,0.001770896751741499,0.00029466498787145134,open_cap,core
USA_BEA,placebo_random_012,2,1242,-0.0029952028637902435,0.0014977168094104383,0.0015570968806654095,open_cap,core
USA_BEA,placebo_random_013,0,1350,0.0051661585773312875,0.003023359243627228,0.00461634289101065,open_cap,core
USA_BEA,placebo_random_013,1,1296,0.000647750029632835,0.0021801281848663314,7.169197061618338e-05,open_cap,core
USA_BEA,placebo_random_013,2,1242,0.00048381270822350173,0.0017489004362091626,4.0029653641027174e-05,open_cap,core
USA_BEA,placebo_random_014,0,1350,0.0028049671822321085,0.0020878385454431397,0.0014143942696213108,open_cap,core
USA_BEA,placebo_random_014,1,1296,0.002960898729988721,0.0014090333346849318,0.0015697710823124877,open_cap,core
USA_BEA,placebo_random_014,2,1242,-0.001305796373202856,0.001478837179275003,0.00031095802347158585,open_cap,core
USA_BEA,placebo_random_015,0,1350,0.00490961043351316,0.002587245711809503,0.0044528632027969195,open_cap,core
USA_BEA,placebo_random_015,1,1296,-0.0005074833693326763,0.0019227345939229858,4.632664409143228e-05,open_cap,core
USA_BEA,placebo_random_015,2,1242,-0.0007014450821811776,0.0011502956273038716,8.933794624266245e-05,open_cap,core
USA_BEA,placebo_random_016,0,1350,0.0035433869353627767,0.001871539651998625,0.0022985181270416266,open_cap,core
USA_BEA,placebo_random_016,1,1296,-0.0026397347525220684,0.0018197393431691753,0.0012204922456188205,open_cap,core
USA_BEA,placebo_random_016,2,1242,0.0005655743034868632,0.0012258787864234107,5.7213732345573476e-05,open_cap,core
USA_BEA,placebo_random_017,0,1350,0.007486675279184863,0.0029589690935523903,0.009331477211636408,open_cap,core
USA_BEA,placebo_random_017,1,1296,0.001822482064562474,0.0022559504136126993,0.0005351131929420827,open_cap,core
USA_BEA,placebo_random_017,2,1242,-0.0027126896768104635,0.0019059180429916165,0.00119850804822752,open_cap,core
USA_BEA,placebo_random_018,0,1350,0.0032946417472679707,0.002289874603451519,0.0020558678222012405,open_cap,core
USA_BEA,placebo_random_018,1,1296,0.00040426217780854145,0.0014049551767478666,3.0714260611519606e-05,open_cap,core
USA_BEA,placebo_random_018,2,1242,-0.0010987780594190692,0.003672597001885756,0.0002338023288198654,open_cap,core
USA_BEA,placebo_random_019,0,1350,0.004656080814459319,0.002370285189945893,0.0037737403627823296,open_cap,core
USA_BEA,placebo_random_019,1,1296,0.0016922971857089983,0.0019684599926022414,0.000490404345396267,open_cap,core
USA_BEA,placebo_random_019,2,1242,0.000615971182525384,0.0011511361160497268,6.661018854847711e-05,open_cap,core
USA_BEA,placebo_random_020,0,1350,0.0033156016094823344,0.001841031760645266,0.0021376427163052325,open_cap,core
USA_BEA,placebo_random_020,1,1296,0.00021871650117833889,0.0012810948278117141,9.226619796742774e-06,open_cap,core
USA_BEA,placebo_random_020,2,1242,-0.0035217467619068714,0.0018202393511150346,0.002452262103480818,open_cap,core
USA_BEA,placebo_random_021,0,1350,0.0057791302945529015,0.0020027653817765037,0.005787705124097986,open_cap,core
USA_BEA,placebo_random_021,1,1296,-0.002903752944627038,0.001879268350239986,0.0014367852469580056,open_cap,core
USA_BEA,placebo_random_021,2,1242,-0.002614682286684433,0.0012379246503516224,0.001197503357210472,open_cap,core
USA_BEA,placebo_random_022,0,1350,0.00764060405697243,0.00334209636578828,0.011151072359314229,open_cap,core
USA_BEA,placebo_random_022,1,1296,-0.001854741027309344,0.001978570818141905,0.0006520870295284587,open_cap,core
USA_BEA,placebo_random_022,2,1242,-0.0017959176134962477,0.0015401542728578552,0.0006179298909607667,open_cap,core
USA_BEA,placebo_random_023,0,1350,0.00561980005455125,0.0028483910197868337,0.005599863703514729,open_cap,core
USA_BEA,placebo_random_023,1,1296,0.002234831863343797,0.001455104140446785,0.0008756731818481134,open_cap,core
USA_BEA,placebo_random_023,2,1242,-0.0012959950641518207,0.0026749132104017487,0.0002993543826416145,open_cap,core
USA_BEA,placebo_random_024,0,1350,0.00669457231643889,0.0038289957128939045,0.008169827753650716,open_cap,core
USA_BEA,placebo_random_024,1,1296,-0.00020680113454322208,0.002020247234605643,7.509035808928033e-06,open_cap,core
USA_BEA,placebo_random_024,2,1242,-0.0006858598444644933,0.0014206900621386066,8.3754476143727e-05,open_cap,core
USA_BEA,placebo_random_025,0,1350,0.0015779293480077188,0.0021732268471965186,0.0004852630854880191,open_cap,core
USA_BEA,placebo_random_025,1,1296,0.0004978051423342062,0.0016489146459406768,4.795555578929189e-05,open_cap,core
USA_BEA,placebo_random_025,2,1242,0.0012029004771928328,0.0020219794902522834,0.00028668621906413616,open_cap,core
USA_BEA,placebo_random_026,0,1350,0.0057266655837891435,0.0024795737102645287,0.006499291591911982,open_cap,core
USA_BEA,placebo_random_026,1,1296,-0.0007933505002254549,0.0016331078013783788,0.00012148418734481137,open_cap,core
USA_BEA,placebo_random_026,2,1242,-0.0007718944516584203,0.0012721757231692226,0.00011715658155497799,open_cap,core
USA_BEA,placebo_random_027,0,1350,0.00660179587227038,0.0035361986908830274,0.008648703947054859,open_cap,core
USA_BEA,placebo_random_027,1,1296,-0.006230330174440077,0.0026507036350590825,0.007577080953155901,open_cap,core
USA_BEA,placebo_random_027,2,1242,0.0003156994991804426,0.0016588167990275982,1.9577171860185594e-05,open_cap,core
USA_BEA,placebo_random_028,0,1350,0.004417920869982675,0.002600683023898441,0.003438950845847888,open_cap,core
USA_BEA,placebo_random_028,1,1296,0.0017479295507397798,0.0015703355051962635,0.0005324419892686061,open_cap,core
USA_BEA,placebo_random_028,2,1242,-0.0015779685754239588,0.0018484052799670402,0.00044756532282175243,open_cap,core
USA_BEA,placebo_random_029,0,1350,0.003478649055275264,0.00389159320135113,0.002307575096986869,open_cap,core
USA_BEA,placebo_random_029,1,1296,-2.541325594658672e-05,0.0013748873836394407,1.2049024245008866e-07,open_cap,core
USA_BEA,placebo_random_029,2,1242,-0.0006176033544548052,0.003070295049954436,7.333736910342115e-05,open_cap,core
USA_BEA,placebo_random_030,0,1350,0.00855481919129308,0.0027673892722394583,0.012855058589910873,open_cap,core
USA_BEA,placebo_random_030,1,1296,0.00042918551781103646,0.0011966347436104616,3.169817055925783e-05,open_cap,core
USA_BEA,placebo_random_030,2,1242,-0.003418734755769701,0.0017834408851267372,0.0020680791951908084,open_cap,core
USA_BEA,placebo_random_031,0,1350,0.005428088230519769,0.002498124421375676,0.005327681071721102,open_cap,core
USA_BEA,placebo_random_031,1,1296,0.0022249153188841166,0.0011789435948239015,0.0008854193541409927,open_cap,core
USA_BEA,placebo_random_031,2,1242,-0.0021817490520541476,0.001748228359441366,0.0008700437099934399,open_cap,core
USA_BEA,placebo_random_032,0,1350,0.003834395108304137,0.002900517677316641,0.002682081788743629,open_cap,core
USA_BEA,placebo_random_032,1,1296,0.0016280181167967116,0.0017012684098455279,0.00047952311920462787,open_cap,core
USA_BEA,placebo_random_032,2,1242,-0.0008954896061330028,0.0015117801174356499,0.00014932339956164054,open_cap,core
USA_BEA,placebo_random_033,0,1350,0.0037958918331486317,0.0025030181323588774,0.0026278522483323963,open_cap,core
USA_BEA,placebo_random_033,1,1296,0.001321342363152366,0.001962566661564622,0.00031270951355755194,open_cap,core
USA_BEA,placebo_random_033,2,1242,0.00011040244144366188,0.0018462705022916955,2.2359075769751158e-06,open_cap,core
USA_BEA,placebo_random_034,0,1350,0.005462379417095142,0.0015816028160970106,0.005542733067681382,open_cap,core
USA_BEA,placebo_random_034,1,1296,0.001031748373970813,0.0015238427593779484,0.00019574699134028428,open_cap,core
USA_BEA,placebo_random_034,2,1242,-0.0012231022077818924,0.0016936517148113594,0.0002822863823009891,open_cap,core
USA_BEA,placebo_random_035,0,1350,0.006619584719933134,0.0027982364527284072,0.007137179701207419,open_cap,core
USA_BEA,placebo_random_035,1,1296,0.0005857390198422364,0.0012676120112423033,5.4885879639865465e-05,open_cap,core
USA_BEA,placebo_random_035,2,1242,-0.0040597720980079305,0.0019241046842493202,0.0026702976360992725,open_cap,core
USA_BEA,placebo_random_036,0,1350,0.0028978307973876486,0.0018390900493931855,0.0016948351956305174,open_cap,core
USA_BEA,placebo_random_036,1,1296,0.0013221670961825185,0.0010286344029940557,0.0003410580014910902,open_cap,core
USA_BEA,placebo_random_036,2,1242,-0.0022848079647997017,0.001702364399304848,0.0010457534162831017,open_cap,core
USA_BEA,placebo_random_037,0,1350,0.004065571401895542,0.0021733271829718005,0.0030888428514191935,open_cap,core
USA_BEA,placebo_random_037,1,1296,0.00039477886248688056,0.0008443745771836398,2.8827974762113406e-05,open_cap,core
USA_BEA,placebo_random_037,2,1242,-0.002030768347359955,0.001852718333919958,0.0007878501323582698,open_cap,core
USA_BEA,placebo_random_038,0,1350,0.0051427783810915504,0.003953139290417683,0.0052539426449863535,open_cap,core
USA_BEA,placebo_random_038,1,1296,0.00047973095093948584,0.001175404572038492,4.434319371660056e-05,open_cap,core
USA_BEA,placebo_random_038,2,1242,-0.0031280299806500707,0.0038043536956117656,0.0019068502326302639,open_cap,core
USA_BEA,placebo_random_039,0,1350,0.005919420220300424,0.003870306647439492,0.006225425229684722,open_cap,core
USA_BEA,placebo_random_039,1,1296,-0.0007865084229278615,0.0019173592774585,0.00010690440884286723,open_cap,core
USA_BEA,placebo_random_039,2,1242,-0.0033309130783004343,0.002481506105741711,0.001943998497631827,open_cap,core
USA_BEA,placebo_random_040,0,1350,0.007848756651793166,0.003414540809574294,0.010686801246695188,open_cap,core
USA_BEA,placebo_random_040,1,1296,-0.0005586946365634399,0.0011645388259662356,5.330481525411823e-05,open_cap,core
USA_BEA,placebo_random_040,2,1242,-0.0013011430878634978,0.0017293071482761787,0.00029475103109155576,open_cap,core
USA_BEA,placebo_random_041,0,1350,0.009425110494377489,0.0038879720616669974,0.015183665603433427,open_cap,core
USA_BEA,placebo_random_041,1,1296,0.0029017552868061914,0.0020453175886741564,0.0014105448901801099,open_cap,core
USA_BEA,placebo_random_041,2,1242,-0.004799556175408956,0.0031629928740711482,0.003980890346737764,open_cap,core
USA_BEA,placebo_random_042,0,1350,0.004431612768199238,0.0019779905514704962,0.003545825952309012,open_cap,core
USA_BEA,placebo_random_042,1,1296,0.002160516258394788,0.0016733954110739913,0.0008153963582082646,open_cap,core
USA_BEA,placebo_random_042,2,1242,-0.0026751771823135583,0.0016588928925208226,0.0012693570071650173,open_cap,core
USA_BEA,placebo_random_043,0,1350,0.005692698007046579,0.002453973486211533,0.005518957308368266,open_cap,core
USA_BEA,placebo_random_043,1,1296,-0.0016835703621312947,0.0011023662955749857,0.00047096674558855245,open_cap,core
USA_BEA,placebo_random_043,2,1242,-0.00046974439260071124,0.0022843657284187936,3.7486237962514046e-05,open_cap,core
USA_BEA,placebo_random_044,0,1350,0.009813577744310872,0.004579116837890075,0.017027840572773068,open_cap,core
USA_BEA,placebo_random_044,1,1296,-0.0014260629114237035,0.002878668376543586,0.0003494690443539561,open_cap,core
USA_BEA,placebo_random_044,2,1242,-0.006767726522215674,0.002023446277273673,0.008108196767550035,open_cap,core
USA_BEA,placebo_random_045,0,1350,0.00612155069012755,0.0024586840240496156,0.007267018444470197,open_cap,core
USA_BEA,placebo_random_045,1,1296,0.0015717205542341273,0.0015657119113142992,0.00046619417218063397,open_cap,core
USA_BEA,placebo_random_045,2,1242,-0.003129173398123178,0.001997018644480232,0.0018762076268141747,open_cap,core
USA_BEA,placebo_random_046,0,1350,0.006870121882597517,0.004476500588264833,0.00891785487941621,open_cap,core
USA_BEA,placebo_random_046,1,1296,-0.0018506506466669235,0.001598168223151664,0.0006342716243572522,open_cap,core
USA_BEA,placebo_random_046,2,1242,-0.0018741996696628915,0.0026210623195732693,0.0006633203680436184,open_cap,core
USA_BEA,placebo_random_047,0,1350,0.003639861275762203,0.002375574955532986,0.0024203231133161918,open_cap,core
USA_BEA,placebo_random_047,1,1296,0.0011503048002838119,0.001579938678971275,0.00024042253870060204,open_cap,core
USA_BEA,placebo_random_047,2,1242,-0.0035264246658663215,0.0023291140582387512,0.0022856669142838903,open_cap,core
USA_BEA,placebo_random_048,0,1350,0.0042470952742525445,0.003241238832131964,0.003206728806655179,open_cap,core
USA_BEA,placebo_random_048,1,1296,0.00026557118241881745,0.0020268362543309605,1.237734126358081e-05,open_cap,core
USA_BEA,placebo_random_048,2,1242,-0.0028643323327797675,0.002774570063969742,0.0014892931091294859,open_cap,core
USA_BEA,placebo_random_049,0,1350,0.005297520268237866,0.003290426370546638,0.005074518359389768,open_cap,core
USA_BEA,placebo_random_049,1,1296,-0.0016973247439603064,0.0016529160391074572,0.0005126956216154888,open_cap,core
USA_BEA,placebo_random_049,2,1242,-0.003334763049766219,0.0030459303605899785,0.0020283954139712623,open_cap,core
USA_BEA,pp_actual_wage,0,1350,0.5514045668981632,0.15141416935522053,0.46691975777737904,open_cap,core
USA_BEA,pp_actual_wage,1,1296,0.04029544871700162,0.026745056841146815,0.0024112005896624877,open_cap,core
USA_BEA,pp_actual_wage,2,1242,-0.14636657971605235,0.06460358768315226,0.032315708304650026,open_cap,core
USA_BEA,pp_eigen,0,1350,0.5724906155060486,0.15471004641629274,0.43765814438962036,open_cap,core
USA_BEA,pp_eigen,1,1296,0.055815712281191664,0.037409837643038776,0.004017729453539398,open_cap,core
USA_BEA,pp_eigen,2,1242,-0.14919009022114813,0.06871433563756467,0.029098945236701534,open_cap,core
USA_BEA,pp_uniform_wage,0,1350,0.43025830937407433,0.14054955004542527,0.37876411135586485,open_cap,core
USA_BEA,pp_uniform_wage,1,1296,0.04665901417596878,0.025826161820316832,0.0043699880372565225,open_cap,core
USA_BEA,pp_uniform_wage,2,1242,-0.10151330721656204,0.05223467133657262,0.021168933772488074,open_cap,core
USA_BEA,k:111CA,0,1725,0.16589797316407823,0.06951203406747226,0.1795487020578086,open_nocap,all
USA_BEA,k:111CA,1,1656,-0.01033948070199353,0.013964309804510506,0.0006727259637637761,open_nocap,all
USA_BEA,k:111CA,2,1587,-0.035341332013582714,0.02138939908451774,0.008014536328281863,open_nocap,all
USA_BEA,k:113FF,0,1725,0.16748730497265235,0.07168493110424808,0.17780756426717736,open_nocap,all
USA_BEA,k:113FF,1,1656,-0.01838230538028944,0.015435285805961436,0.0020891488278794723,open_nocap,all
USA_BEA,k:113FF,2,1587,-0.03192573584724179,0.021835192367421593,0.006469440350415745,open_nocap,all
USA_BEA,k:211,0,1725,0.09947395606880265,0.05428110901694042,0.07007430356573463,open_nocap,all
USA_BEA,k:211,1,1656,0.005569970959490217,0.006513375316056801,0.0002165998566580063,open_nocap,all
USA_BEA,k:211,2,1587,-0.027527758046811505,0.020339586537156302,0.005527243576462393,open_nocap,all
USA_BEA,k:212,0,1725,0.09560559142965654,0.04811336151192987,0.06027001148387501,open_nocap,all
USA_BEA,k:212,1,1656,-0.008088757050387193,0.015360193199936386,0.00042600423368066576,open_nocap,all
USA_BEA,k:212,2,1587,-0.021124013209662038,0.018465489233453918,0.0030062481315638045,open_nocap,all
USA_BEA,k:213,0,1725,0.05552606974547981,0.012240279824212136,0.0196769360542568,open_nocap,all
USA_BEA,k:213,1,1656,-0.0072978666213900385,0.007475548005136185,0.00033874001950240373,open_nocap,all
USA_BEA,k:213,2,1587,-0.009125942757492572,0.007898796085161591,0.0005508405831112784,open_nocap,all
USA_BEA,k:22,0,1725,0.10768145704832015,0.05224676905326539,0.09933021843380652,open_nocap,all
USA_BEA,k:22,1,1656,-0.004016506447948899,0.012426199803640499,0.0001354591770369451,open_nocap,all
USA_BEA,k:22,2,1587,-0.04122581445038992,0.021497603491963956,0.015059391481441864,open_nocap,all
USA_BEA,k:23,0,1725,0.14447896027687807,0.06040614060707705,0.13988799983089673,open_nocap,all
USA_BEA,k:23,1,1656,-0.02527434374652243,0.027333751084978892,0.004238790862795105,open_nocap,all
USA_BEA,k:23,2,1587,-0.021527238197801883,0.010126338381038073,0.003239407364673985,open_nocap,all
USA_BEA,k:311FT,0,1725,0.17269709650796833,0.06900333932290562,0.18505266900942818,open_nocap,all
USA_BEA,k:311FT,1,1656,-0.008238245562659535,0.014764348846057228,0.0004121765377739228,open_nocap,all
USA_BEA,k:311FT,2,1587,-0.03966332764689005,0.022598140326149537,0.009912905164360608,open_nocap,all
USA_BEA,k:313TT,0,1725,0.1402685166703918,0.06008787662938224,0.1408053420743457,open_nocap,all
USA_BEA,k:313TT,1,1656,-0.011536708583166194,0.012806554902244197,0.0009077586196495346,open_nocap,all
USA_BEA,k:313TT,2,1587,-0.02429354411849143,0.018220192569585215,0.004208844532514466,open_nocap,all
USA_BEA,k:315AL,0,1725,0.05474796202526959,0.026991167445854825,0.05616660558815478,open_nocap,all
USA_BEA,k:315AL,1,1656,0.0038486966435446112,0.005397083915926482,0.00025464872532310334,open_nocap,all
USA_BEA,k:315AL,2,1587,-0.017010062258112163,0.00993958334337561,0.00493471680013613,open_nocap,all
USA_BEA,k:321,0,1725,0.1569641434322767,0.06878131560186541,0.15632418285792804,open_nocap,all
USA_BEA,k:321,1,1656,-0.017679081108779388,0.01793332489024776,0.0019741205297982845,open_nocap,all
USA_BEA,k:321,2,1587,-0.028371653667754775,0.019144643177912785,0.005333610680083534,open_nocap,all
USA_BEA,k:322,0,1725,0.16145048520426317,0.07023474216103558,0.1607145215119714,open_nocap,all
USA_BEA,k:322,1,1656,-0.0168977047353647,0.015113049100952956,0.001729589638537865,open_nocap,all
USA_BEA,k:322,2,1587,-0.03676835212591869,0.02312267443520583,0.008525805253976837,open_nocap,all
USA_BEA,k:323,0,1725,0.18005122214886832,0.07272555014293933,0.19499230469756557,open_nocap,all
USA_BEA,k:323,1,1656,-0.01412172735512796,0.014032047107424336,0.0011824467597147947,open_nocap,all
USA_BEA,k:323,2,1587,-0.0569847087395434,0.026787614899065924,0.020163387049557224,open_nocap,all
USA_BEA,k:324,0,1725,0.11695770430002407,0.05394431058220928,0.09944737481001287,open_nocap,all
USA_BEA,k:324,1,1656,-0.011614617720500289,0.016049232546736018,0.0009770642538057261,open_nocap,all
USA_BEA,k:324,2,1587,-0.03088344042268669,0.017449296359297567,0.007164814169020706,open_nocap,all
USA_BEA,k:325,0,1725,0.15733797902246488,0.058005506721948756,0.1454447745420645,open_nocap,all
USA_BEA,k:325,1,1656,0.0006441058747154825,0.018735485594221026,2.37583364637306e-06,open_nocap,all
USA_BEA,k:325,2,1587,-0.03366674728841947,0.016484320629501965,0.006697547800810444,open_nocap,all
USA_BEA,k:326,0,1725,0.18173387155476037,0.07233982030327686,0.1864879453505366,open_nocap,all
USA_BEA,k:326,1,1656,-0.02249351858795953,0.01798451339961834,0.0027856076363301785,open_nocap,all
USA_BEA,k:326,2,1587,-0.047756205233356656,0.02441840890451856,0.012848534321060145,open_nocap,all
USA_BEA,k:327,0,1725,0.15713408029544787,0.06606547151220742,0.143564676998867,open_nocap,all
USA_BEA,k:327,1,1656,-0.01726088050545586,0.024458906271830703,0.0017152333292204114,open_nocap,all
USA_BEA,k:327,2,1587,-0.019835795618319583,0.019206750885450336,0.0023731343404472804,open_nocap,all
USA_BEA,k:331,0,1725,0.18128982786766412,0.07282600492085074,0.17499673853828235,open_nocap,all
USA_BEA,k:331,1,1656,-0.011178906104578043,0.01246072745912707,0.0006554347534549754,open_nocap,all
USA_BEA,k:331,2,1587,-0.05207648709934528,0.029391451440783867,0.014829700471266305,open_nocap,all
USA_BEA,k:332,0,1725,0.17776197264238616,0.07002381219975734,0.16440704123597027,open_nocap,all
USA_BEA,k:332,1,1656,-0.01486099913280738,0.014010422573584931,0.0011306535025532582,open_nocap,all
USA_BEA,k:332,2,1587,-0.04786510398587946,0.023280691621511605,0.012299499848687945,open_nocap,all
USA_BEA,k:333,0,1725,0.11698753457285119,0.04663731648009326,0.09750793851122441,open_nocap,all
USA_BEA,k:333,1,1656,-0.0016936431953498935,0.007296673351567135,2.035055595428492e-05,open_nocap,all
USA_BEA,k:333,2,1587,-0.018781960079861326,0.013584347354752977,0.002624189474240257,open_nocap,all
USA_BEA,k:334,0,1725,0.18033148393917695,0.07062573953146148,0.1898315201154881,open_nocap,all
USA_BEA,k:334,1,1656,-0.01662998664196954,0.014658080527367582,0.0015779680013957575,open_nocap,all
USA_BEA,k:334,2,1587,-0.05100044000162673,0.024483903176226205,0.015346619732472866,open_nocap,all
USA_BEA,k:335,0,1725,0.13906503896554678,0.06006771890780171,0.1316542160026034,open_nocap,all
USA_BEA,k:335,1,1656,-0.013089420085922936,0.012520076645192543,0.0011584805732117731,open_nocap,all
USA_BEA,k:335,2,1587,-0.02609407187242628,0.018889785009811887,0.004858926890055182,open_nocap,all
USA_BEA,k:3361MV,0,1725,0.14973449799163976,0.06336605530959247,0.15401622555803196,open_nocap,all
USA_BEA,k:3361MV,1,1656,-0.015195392859352496,0.013386536126064044,0.0015766318719462324,open_nocap,all
USA_BEA,k:3361MV,2,1587,-0.03526477937107811,0.020031984427596582,0.008836548652704002,open_nocap,all
USA_BEA,k:3364OT,0,1725,0.11870137753263323,0.05568969074090596,0.11881679753150609,open_nocap,all
USA_BEA,k:3364OT,1,1656,-0.011924970544221952,0.010441187073585725,0.0011874465179431137,open_nocap,all
USA_BEA,k:3364OT,2,1587,-0.0354493622449485,0.02020766920469858,0.010930534498452271,open_nocap,all
USA_BEA,k:337,0,1725,0.09279291953541559,0.05129996517796655,0.09206296842413242,open_nocap,all
USA_BEA,k:337,1,1656,-0.011187861414287,0.013346638003296375,0.001339505257062168,open_nocap,all
USA_BEA,k:337,2,1587,-0.018432433080605517,0.01196800795646803,0.0038560263207905177,open_nocap,all
USA_BEA,k:339,0,1725,0.14344152768465465,0.05909717166489873,0.15053689218597233,open_nocap,all
USA_BEA,k:339,1,1656,-0.011924470647989464,0.011872487894202316,0.0010121412788004491,open_nocap,all
USA_BEA,k:339,2,1587,-0.033237646862387046,0.018757077306109725,0.008235521782074873,open_nocap,all
USA_BEA,k:42,0,1725,0.18999957439228873,0.0753052355638864,0.16945854496269896,open_nocap,all
USA_BEA,k:42,1,1656,-0.015124045086131055,0.016220639579365898,0.001065909018411415,open_nocap,all
USA_BEA,k:42,2,1587,-0.04446042938310318,0.02452210419972465,0.00961593795737603,open_nocap,all
USA_BEA,k:441,0,1725,0.1663051417846685,0.06835463296549588,0.1576187629939898,open_nocap,all
USA_BEA,k:441,1,1656,-0.01880975880183247,0.017087788804647674,0.0019844066228845714,open_nocap,all
USA_BEA,k:441,2,1587,-0.04846470950574153,0.02515470093859865,0.01362211255835466,open_nocap,all
USA_BEA,k:445,0,1725,0.17008445331438832,0.06711028696044244,0.15794236966321407,open_nocap,all
USA_BEA,k:445,1,1656,-0.011307110354310899,0.01679043214923799,0.0006854510583628182,open_nocap,all
USA_BEA,k:445,2,1587,-0.043419830054097455,0.023067527878661863,0.010463347936971457,open_nocap,all
USA_BEA,k:452,0,1725,0.1613353020772228,0.06873234085910455,0.15013190210240623,open_nocap,all
USA_BEA,k:452,1,1656,-0.02207998628928078,0.019685141149253103,0.0027747795829302646,open_nocap,all
USA_BEA,k:452,2,1587,-0.0422891469866002,0.02296916844543492,0.01056086606017359,open_nocap,all
USA_BEA,k:481,0,1725,0.1658390513004242,0.06982539282621765,0.15261105958987464,open_nocap,all
USA_BEA,k:481,1,1656,-0.004451902397511798,0.021281541387127248,0.00010887610230159162,open_nocap,all
USA_BEA,k:481,2,1587,-0.06122307891861813,0.02614283059545496,0.021139152684261697,open_nocap,all
USA_BEA,k:482,0,1725,0.15485570029898288,0.07273785865914223,0.12745377647134803,open_nocap,all
USA_BEA,k:482,1,1656,-0.014608221138649052,0.014324190838142329,0.001118672234097895,open_nocap,all
USA_BEA,k:482,2,1587,-0.04293316075076856,0.029755787179131386,0.00998895969952196,open_nocap,all
USA_BEA,k:483,0,1725,0.13261817362761613,0.05786239000866547,0.12591648713099124,open_nocap,all
USA_BEA,k:483,1,1656,0.026106172295954896,0.014518011401017225,0.0048236327638603305,open_nocap,all
USA_BEA,k:483,2,1587,-0.022501458214346362,0.020114111910519004,0.0035722746116935156,open_nocap,all
USA_BEA,k:484,0,1725,0.15879029367031894,0.07298919442790341,0.13057131420013213,open_nocap,all
USA_BEA,k:484,1,1656,-0.01895780544323467,0.014186440499772537,0.001848834708436331,open_nocap,all
USA_BEA,k:484,2,1587,-0.030073052496498612,0.022771829050095026,0.004888081591077564,open_nocap,all
USA_BEA,k:485,0,1725,0.1674669932031316,0.06810050637764653,0.1661821051682738,open_nocap,all
USA_BEA,k:485,1,1656,-0.01612721497392718,0.01804974551981907,0.0015220456610891553,open_nocap,all
USA_BEA,k:485,2,1587,-0.0555776492846705,0.02630455855624378,0.018812221148887698,open_nocap,all
USA_BEA,k:486,0,1725,0.09913824510489372,0.05110497501582586,0.06898004798936541,open_nocap,all
USA_BEA,k:486,1,1656,0.014267447907995156,0.009442995707991675,0.0014223535641826324,open_nocap,all
USA_BEA,k:486,2,1587,-0.030186484354973238,0.019537153102916004,0.00666765807919556,open_nocap,all
USA_BEA,k:487OS,0,1725,0.16637396614861938,0.07076444657801893,0.161893946286777,open_nocap,all
USA_BEA,k:487OS,1,1656,-0.014853785050623654,0.014807168334753906,0.0012794498603059257,open_nocap,all
USA_BEA,k:487OS,2,1587,-0.049872051544888614,0.024859103343254016,0.015190345584044973,open_nocap,all
USA_BEA,k:493,0,1725,0.11687988405557657,0.05160256364956815,0.11955072341118078,open_nocap,all
USA_BEA,k:493,1,1656,-0.013772232363901989,0.010353849018362052,0.0016550788842719655,open_nocap,all
USA_BEA,k:493,2,1587,-0.031203480123290148,0.01579049801871883,0.008911026084187368,open_nocap,all
USA_BEA,k:4A0,0,1725,0.17896868075029948,0.07167412734665647,0.17238375644185666,open_nocap,all
USA_BEA,k:4A0,1,1656,-0.03258944491701278,0.021401075530855025,0.005616881786009165,open_nocap,all
USA_BEA,k:4A0,2,1587,-0.0442044580856021,0.02331597803684589,0.010782440878387978,open_nocap,all
USA_BEA,k:511,0,1725,0.177827399039946,0.07087061326030304,0.19153109577877303,open_nocap,all
USA_BEA,k:511,1,1656,-0.014286946749286912,0.014078132903798259,0.0012175528835912663,open_nocap,all
USA_BEA,k:511,2,1587,-0.05426729523287992,0.02670992295728797,0.018419506353915982,open_nocap,all
USA_BEA,k:512,0,1725,0.1251432644168042,0.05688957886562484,0.14594477778228498,open_nocap,all
USA_BEA,k:512,1,1656,-0.00959503911206913,0.008887322535234995,0.0008546490633973836,open_nocap,all
USA_BEA,k:512,2,1587,-0.03491701184021673,0.018589767120101623,0.012044998288141984,open_nocap,all
USA_BEA,k:513,0,1725,0.17909829133050414,0.07262870884580588,0.1922919774102626,open_nocap,all
USA_BEA,k:513,1,1656,-0.02027119498820039,0.014935480407393953,0.002412426746608798,open_nocap,all
USA_BEA,k:513,2,1587,-0.05238766705369366,0.02484423059336087,0.016885665874214806,open_nocap,all
USA_BEA,k:514,0,1725,0.16828266575348166,0.06779634321281951,0.1731558097347764,open_nocap,all
USA_BEA,k:514,1,1656,-0.01741706665431085,0.014640615204710095,0.0018250654646073672,open_nocap,all
USA_BEA,k:514,2,1587,-0.051835279827501655,0.025286459347941558,0.01693402655600884,open_nocap,all
USA_BEA,k:521CI,0,1725,0.17397442482366654,0.06894380012756017,0.1346281913764763,open_nocap,all
USA_BEA,k:521CI,1,1656,-0.010715017704176549,0.020405349193837203,0.00042877029023458135,open_nocap,all
USA_BEA,k:521CI,2,1587,-0.07226384297429148,0.0367870538601192,0.020055846210958683,open_nocap,all
USA_BEA,k:523,0,1725,0.13712986663162036,0.051421139980644924,0.11983039867192524,open_nocap,all
USA_BEA,k:523,1,1656,-0.015017393862859373,0.013222583406436752,0.0014116823880520046,open_nocap,all
USA_BEA,k:523,2,1587,-0.03447120613704128,0.015885252789837035,0.00778463321623879,open_nocap,all
USA_BEA,k:524,0,1725,0.15304091846427234,0.057668831968062516,0.15325251026566822,open_nocap,all
USA_BEA,k:524,1,1656,-0.01600441689464736,0.01751718173407861,0.0016161393082165798,open_nocap,all
USA_BEA,k:524,2,1587,-0.038489526548095565,0.013748350039883424,0.009725780942881457,open_nocap,all
USA_BEA,k:525,0,1725,0.14247892460509423,0.05808220112924206,0.14775748744328754,open_nocap,all
USA_BEA,k:525,1,1656,-0.00916729054585296,0.014346403694634214,0.0005737844876883003,open_nocap,all
USA_BEA,k:525,2,1587,-0.03591773491224497,0.014558995533876745,0.00876278563170485,open_nocap,all
USA_BEA,k:532RL,0,1725,0.1137152550620091,0.04655278410901286,0.09174790166752822,open_nocap,all
USA_BEA,k:532RL,1,1656,-0.027631293540439618,0.014070572619206299,0.0053822725192566034,open_nocap,all
USA_BEA,k:532RL,2,1587,-0.033090538714738715,0.017439183515912254,0.008080505250706693,open_nocap,all
USA_BEA,k:5411,0,1725,0.16608205616258437,0.06654100662515557,0.17179305882038876,open_nocap,all
USA_BEA,k:5411,1,1656,-0.016873417883730268,0.011808901005131643,0.0017441307985043286,open_nocap,all
USA_BEA,k:5411,2,1587,-0.044197704157699795,0.020080147362072587,0.012596071449837765,open_nocap,all
USA_BEA,k:5412OP,0,1725,0.16996854021975114,0.06914886143363674,0.18120701936664574,open_nocap,all
USA_BEA,k:5412OP,1,1656,-0.01839899382454229,0.014716149180497745,0.0020926992329947103,open_nocap,all
USA_BEA,k:5412OP,2,1587,-0.052916868093762344,0.026295282324665967,0.018152645653259136,open_nocap,all
USA_BEA,k:5415,0,1725,0.17115799192841383,0.06545909816361244,0.1789924949777224,open_nocap,all
USA_BEA,k:5415,1,1656,-0.011958905750323151,0.012280017025192864,0.0008593433047962007,open_nocap,all
USA_BEA,k:5415,2,1587,-0.058282762044355625,0.027619492362954978,0.021422141448109167,open_nocap,all
USA_BEA,k:55,0,1725,0.14442128120933473,0.05715301283455278,0.16887704366158796,open_nocap,all
USA_BEA,k:55,1,1656,-0.015888459221077084,0.01043836783302857,0.001998857995661907,open_nocap,all
USA_BEA,k:55,2,1587,-0.05381268671347487,0.02665576173667854,0.023916213934724317,open_nocap,all
USA_BEA,k:561,0,1725,0.1516133709912393,0.06346204962071744,0.15337357482769587,open_nocap,all
USA_BEA,k:561,1,1656,-0.017949609390545487,0.013759107929587696,0.002118085340404252,open_nocap,all
USA_BEA,k:561,2,1587,-0.04505039800562258,0.024087269803462152,0.013953737299855384,open_nocap,all
USA_BEA,k:562,0,1725,0.1417053543953735,0.06173286530856073,0.1453019068591198,open_nocap,all
USA_BEA,k:562,1,1656,-0.0037179040420645816,0.015005427447212292,9.924012324369347e-05,open_nocap,all
USA_BEA,k:562,2,1587,-0.04119517487278367,0.022881233352601737,0.012864468612627467,open_nocap,all
USA_BEA,k:61,0,1725,0.1753430013445984,0.06873420057130357,0.1854307748343874,open_nocap,all
USA_BEA,k:61,1,1656,-0.012655172791012649,0.013871594374377787,0.0009520400356443082,open_nocap,all
USA_BEA,k:61,2,1587,-0.05387841706511166,0.026299279500903498,0.018081686281301912,open_nocap,all
USA_BEA,k:621,0,1725,0.1433907636378889,0.06028442727936694,0.13491162662278633,open_nocap,all
USA_BEA,k:621,1,1656,-0.01462427979408969,0.0112955987520835,0.001393759339735845,open_nocap,all
USA_BEA,k:621,2,1587,-0.02770087366929227,0.016827547102857623,0.005283468301587435,open_nocap,all
USA_BEA,k:622,0,1725,0.09576877703996495,0.057573885358073056,0.09644031693846089,open_nocap,all
USA_BEA,k:622,1,1656,-0.010628872492779742,0.010412330226488895,0.0011889260995615603,open_nocap,all
USA_BEA,k:622,2,1587,-0.026507026009094492,0.017098232992274746,0.0077749363017058926,open_nocap,all
USA_BEA,k:623,0,1725,0.1648391475946994,0.057902974819311094,0.1759686821201617,open_nocap,all
USA_BEA,k:623,1,1656,-0.0187366256743205,0.017172971708650363,0.002244866858005068,open_nocap,all
USA_BEA,k:623,2,1587,-0.04626698740781099,0.020983971433993345,0.014238302994952434,open_nocap,all
USA_BEA,k:624,0,1725,0.05969409070682894,0.03415441729487642,0.06078618097216959,open_nocap,all
USA_BEA,k:624,1,1656,-0.0030860259774953447,0.008915068713010614,0.00016358327278731544,open_nocap,all
USA_BEA,k:624,2,1587,-0.012422901431614812,0.009953875663547511,0.002822073019532634,open_nocap,all
USA_BEA,k:711AS,0,1725,0.1951072997811745,0.07146650589450586,0.20500776881418203,open_nocap,all
USA_BEA,k:711AS,1,1656,-0.02393200914406365,0.019283584461093066,0.0030366541104352995,open_nocap,all
USA_BEA,k:711AS,2,1587,-0.06383074244801289,0.028198194979883236,0.022578832745262956,open_nocap,all
USA_BEA,k:713,0,1725,0.14481976420388998,0.05818772055895977,0.14990515569296115,open_nocap,all
USA_BEA,k:713,1,1656,-0.011019911196834369,0.013288019280448262,0.000856301926088876,open_nocap,all
USA_BEA,k:713,2,1587,-0.0524630459305678,0.023267960824361722,0.019037046368699295,open_nocap,all
USA_BEA,k:721,0,1725,0.19116068418193524,0.07141935260542646,0.1924778018228369,open_nocap,all
USA_BEA,k:721,1,1656,-0.01921864237329389,0.019770195743713942,0.001908992964155587,open_nocap,all
USA_BEA,k:721,2,1587,-0.06298102457160064,0.0292923996639026,0.021355540599382716,open_nocap,all
USA_BEA,k:722,0,1725,0.17411153874331314,0.06727993479302603,0.1823088916027592,open_nocap,all
USA_BEA,k:722,1,1656,-0.017407797128828263,0.017732134544447463,0.0017973406172536732,open_nocap,all
USA_BEA,k:722,2,1587,-0.058520440823656344,0.026700576717060776,0.021110214651132386,open_nocap,all
USA_BEA,k:81,0,1725,0.14467046227310582,0.06211246838518775,0.14355851319520263,open_nocap,all
USA_BEA,k:81,1,1656,-0.01744449058884664,0.014485523964036597,0.0020584248106154668,open_nocap,all
USA_BEA,k:81,2,1587,-0.04229660543591379,0.022535332802244755,0.01269052282742722,open_nocap,all
USA_BEA,k:GFE,0,1725,0.17554800297805612,0.0744971213969713,0.17869717265936957,open_nocap,all
USA_BEA,k:GFE,1,1656,-0.015159443721004855,0.016718377349101976,0.0012842317394000657,open_nocap,all
USA_BEA,k:GFE,2,1587,-0.062145163447762185,0.028796266075102262,0.022309202227959735,open_nocap,all
USA_BEA,k:GFGD+GFGN,0,1725,0.14477684785108913,0.05819892291391481,0.15751669830529447,open_nocap,all
USA_BEA,k:GFGD+GFGN,1,1656,-0.02147613729484128,0.012961344125078635,0.003076841543459663,open_nocap,all
USA_BEA,k:GFGD+GFGN,2,1587,-0.05262855424279343,0.0254795356200248,0.01799398710434963,open_nocap,all
USA_BEA,k:GSLE,0,1725,0.14739924428149473,0.06565721143136724,0.1394018682111784,open_nocap,all
USA_BEA,k:GSLE,1,1656,-0.008018411432790964,0.016324561401118515,0.0004021272610141846,open_nocap,all
USA_BEA,k:GSLE,2,1587,-0.05330293616875742,0.026428310121173276,0.018676579755963374,open_nocap,all
USA_BEA,k:GSLG,0,1725,0.14415041417848476,0.06331959506614118,0.14429018114351644,open_nocap,all
USA_BEA,k:GSLG,1,1656,-0.01465382071771937,0.012480177739462027,0.0014720170855611059,open_nocap,all
USA_BEA,k:GSLG,2,1587,-0.045589464962297516,0.023285663683882154,0.014821265733303113,open_nocap,all
USA_BEA,k:HS+ORE,0,1725,0.1887234017774509,0.07277878805939131,0.2067073600525745,open_nocap,all
USA_BEA,k:HS+ORE,1,1656,-0.018270369932440675,0.01729332632256454,0.0019045918250467642,open_nocap,all
USA_BEA,k:HS+ORE,2,1587,-0.04978899314636319,0.02673127162177277,0.014815988762059695,open_nocap,all
USA_BEA,labour,0,1725,0.40003955155793247,0.12449529907161044,0.34414942929271664,open_nocap,all
USA_BEA,labour,1,1656,-0.018226519417235913,0.030180372878130902,0.0006948007989729943,open_nocap,all
USA_BEA,labour,2,1587,-0.09597457956762366,0.040939005615331224,0.019815069350096026,open_nocap,all
USA_BEA,placebo_perm_000,0,1725,0.007903046573008426,0.004382871765173623,0.009131996233803452,open_nocap,all
USA_BEA,placebo_perm_000,1,1656,0.0032347482723179798,0.0019711620191630993,0.0015087074729109862,open_nocap,all
USA_BEA,placebo_perm_000,2,1587,-0.006886914683069422,0.0041439647142383846,0.007055593388231474,open_nocap,all
USA_BEA,placebo_perm_001,0,1725,0.0062570873852451515,0.0034402017705043226,0.005609404233503978,open_nocap,all
USA_BEA,placebo_perm_001,1,1656,-0.0007158741704429585,0.0021488982875212176,7.247060795700921e-05,open_nocap,all
USA_BEA,placebo_perm_001,2,1587,-0.0023556554144406852,0.0014581016990584362,0.0008171406833805683,open_nocap,all
USA_BEA,placebo_perm_002,0,1725,0.007723592966316809,0.0032939089290803416,0.008831311224085425,open_nocap,all
USA_BEA,placebo_perm_002,1,1656,-0.001182602840302148,0.0014258028108125609,0.0002027158680429908,open_nocap,all
USA_BEA,placebo_perm_002,2,1587,-0.0030542829518061536,0.002024237553073868,0.0013945651634439393,open_nocap,all
USA_BEA,placebo_perm_003,0,1725,0.011959315323642132,0.0064928815733263315,0.02010992152034463,open_nocap,all
USA_BEA,placebo_perm_003,1,1656,-0.003283823511314946,0.0028778982799819676,0.001498421072535061,open_nocap,all
USA_BEA,placebo_perm_003,2,1587,-0.005041330427855224,0.0026224819462894165,0.0036697417796180964,open_nocap,all
USA_BEA,placebo_perm_004,0,1725,0.007943256543763969,0.002654371748070892,0.009222223101348792,open_nocap,all
USA_BEA,placebo_perm_004,1,1656,-0.000846380579307347,0.0012095172434468632,0.0001023474534166402,open_nocap,all
USA_BEA,placebo_perm_004,2,1587,-0.002010254292728709,0.0015641490818471473,0.0006006859571339174,open_nocap,all
USA_BEA,placebo_perm_005,0,1725,0.007410104246839492,0.002789541725620399,0.007682340527441434,open_nocap,all
USA_BEA,placebo_perm_005,1,1656,-0.0010493357694654755,0.00242872868613512,0.00015121606655632558,open_nocap,all
USA_BEA,placebo_perm_005,2,1587,0.0009325153118062966,0.0014144500089012533,0.0001237383632474165,open_nocap,all
USA_BEA,placebo_perm_006,0,1725,0.010555370586931002,0.005121890406458412,0.01566156279656361,open_nocap,all
USA_BEA,placebo_perm_006,1,1656,0.0021002229932688735,0.0015705992213311283,0.0006063906255746598,open_nocap,all
USA_BEA,placebo_perm_006,2,1587,-0.0015738240394292807,0.0027731844338250494,0.00035000624729875085,open_nocap,all
USA_BEA,placebo_perm_007,0,1725,0.006560136982169107,0.004517401525786492,0.006389781233854808,open_nocap,all
USA_BEA,placebo_perm_007,1,1656,0.0006104368244986518,0.002598780129262285,5.4508903699290734e-05,open_nocap,all
USA_BEA,placebo_perm_007,2,1587,-0.003996024984242604,0.0020240179318912264,0.002439571001607521,open_nocap,all
USA_BEA,placebo_perm_008,0,1725,0.009202718653420879,0.006037468126234624,0.011963866304628756,open_nocap,all
USA_BEA,placebo_perm_008,1,1656,-0.0003942340552548248,0.0017522102225825129,2.1532612939023643e-05,open_nocap,all
USA_BEA,placebo_perm_008,2,1587,-0.0070438530130412045,0.004802155252174256,0.007103969223570372,open_nocap,all
USA_BEA,placebo_perm_009,0,1725,0.006133900347365188,0.004945540160808145,0.00559074603632248,open_nocap,all
USA_BEA,placebo_perm_009,1,1656,0.0007666794499409247,0.002088794052307016,8.597647466213054e-05,open_nocap,all
USA_BEA,placebo_perm_009,2,1587,-0.002060807750946301,0.0012296116739373922,0.0006399358155727564,open_nocap,all
USA_BEA,placebo_perm_010,0,1725,0.008227916808275133,0.0043389710683523685,0.009345609579977654,open_nocap,all
USA_BEA,placebo_perm_010,1,1656,-0.0031167830579653523,0.0026346130771884558,0.0013212394695136798,open_nocap,all
USA_BEA,placebo_perm_010,2,1587,-0.001148552499261865,0.001020462261258202,0.00018640338583419958,open_nocap,all
USA_BEA,placebo_perm_011,0,1725,0.0082438582681251,0.004354768262960111,0.009094546405576831,open_nocap,all
USA_BEA,placebo_perm_011,1,1656,0.001168324885442213,0.0018829553716875743,0.00018033273756512536,open_nocap,all
USA_BEA,placebo_perm_011,2,1587,-0.0022013637425486836,0.0019459410658702238,0.0006709844535172094,open_nocap,all
USA_BEA,placebo_perm_012,0,1725,0.006644958652723289,0.0034405533049607874,0.006413490464148075,open_nocap,all
USA_BEA,placebo_perm_012,1,1656,0.0008509334393977514,0.00241518316291342,0.00010389658808140911,open_nocap,all
USA_BEA,placebo_perm_012,2,1587,-0.0019933887751371815,0.0013287203760044735,0.0005955665018747558,open_nocap,all
USA_BEA,placebo_perm_013,0,1725,0.009573580148145926,0.00442260149076296,0.0126833571030045,open_nocap,all
USA_BEA,placebo_perm_013,1,1656,-0.0031060486836229084,0.0016450042993477402,0.0013165961449920216,open_nocap,all
USA_BEA,placebo_perm_013,2,1587,-0.0008808909621820675,0.0021964216523569467,0.00010988559522617791,open_nocap,all
USA_BEA,placebo_perm_014,0,1725,0.0032009225953977443,0.001513320047287892,0.0013713192518247652,open_nocap,all
USA_BEA,placebo_perm_014,1,1656,0.0032814217875096405,0.00228687411504761,0.0014133146341658298,open_nocap,all
USA_BEA,placebo_perm_014,2,1587,0.0024608741075133945,0.0015076617396124175,0.0008298638534894875,open_nocap,all
USA_BEA,placebo_perm_015,0,1725,0.008186412892422364,0.003712417487633481,0.010049116010557135,open_nocap,all
USA_BEA,placebo_perm_015,1,1656,-0.00304296748616403,0.0015142840399400336,0.0013615468274825737,open_nocap,all
USA_BEA,placebo_perm_015,2,1587,0.0027103137603365574,0.0013918349822688372,0.0011150601265764726,open_nocap,all
USA_BEA,placebo_perm_016,0,1725,0.009441495109782237,0.005074033322051466,0.011983301831531623,open_nocap,all
USA_BEA,placebo_perm_016,1,1656,-0.0004886811725853001,0.00182889595614646,3.1440434957064056e-05,open_nocap,all
USA_BEA,placebo_perm_016,2,1587,-0.0048074468008135725,0.002555584589262349,0.00316403615147387,open_nocap,all
USA_BEA,placebo_perm_017,0,1725,0.006734327133238305,0.0026460491187652534,0.0063582238348716125,open_nocap,all
USA_BEA,placebo_perm_017,1,1656,0.0020089608529620397,0.0020860131893559674,0.000556100355773137,open_nocap,all
USA_BEA,placebo_perm_017,2,1587,-0.006197622193092717,0.0025148826850841877,0.0055332615870515856,open_nocap,all
USA_BEA,placebo_perm_018,0,1725,0.008176012852505883,0.0044402147507377684,0.009757474057893512,open_nocap,all
USA_BEA,placebo_perm_018,1,1656,-0.0003051083379603212,0.0010778348122754654,1.3306993823292146e-05,open_nocap,all
USA_BEA,placebo_perm_018,2,1587,-0.00328630387758624,0.002661764338162926,0.0015994485860000296,open_nocap,all
USA_BEA,placebo_perm_019,0,1725,0.010076479143080961,0.005287224738319367,0.014971304512547134,open_nocap,all
USA_BEA,placebo_perm_019,1,1656,-0.0053458222111251825,0.004212308307077093,0.004116395425213248,open_nocap,all
USA_BEA,placebo_perm_019,2,1587,-0.005317532527979606,0.0028681880326198567,0.004236110274264404,open_nocap,all
USA_BEA,placebo_random_000,0,1725,0.002842219652430562,0.001352857415101913,0.0013709583399665881,open_nocap,all
USA_BEA,placebo_random_000,1,1656,0.0002935325359129173,0.0013381951465868817,1.4319068370793886e-05,open_nocap,all
USA_BEA,placebo_random_000,2,1587,-0.0002991625900321246,0.0009442833802225375,1.5443179408047847e-05,open_nocap,all
USA_BEA,placebo_random_001,0,1725,0.006258915474239643,0.004487099099866547,0.007451061738307674,open_nocap,all
USA_BEA,placebo_random_001,1,1656,-0.0027030633477469292,0.003102776260887068,0.00135662328545183,open_nocap,all
USA_BEA,placebo_random_001,2,1587,0.0038177275915093982,0.0028568272756665245,0.0028308134099541693,open_nocap,all
USA_BEA,placebo_random_002,0,1725,0.004549676959122647,0.002536880561469379,0.0036234002717054903,open_nocap,all
USA_BEA,placebo_random_002,1,1656,0.0014510988366823905,0.0016215825803099003,0.000362041788688372,open_nocap,all
USA_BEA,placebo_random_002,2,1587,-0.0018006168768500083,0.0014274344132692617,0.0005735510235617136,open_nocap,all
USA_BEA,placebo_random_003,0,1725,0.006806159823697181,0.0036432539193837947,0.007709626584885498,open_nocap,all
USA_BEA,placebo_random_003,1,1656,0.0014768947228055184,0.0012562643861513045,0.00035280505228207915,open_nocap,all
USA_BEA,placebo_random_003,2,1587,-0.002861161951417084,0.002399576057237395,0.0013805043660137795,open_nocap,all
USA_BEA,placebo_random_004,0,1725,0.0074709383928687366,0.004083343021770591,0.009819607006864906,open_nocap,all
USA_BEA,placebo_random_004,1,1656,-0.0015853131419583744,0.001578886282293962,0.00043423137677267576,open_nocap,all
USA_BEA,placebo_random_004,2,1587,-0.003362115707720615,0.0025360916244668717,0.002007445999283597,open_nocap,all
USA_BEA,placebo_random_005,0,1725,0.004318632988524147,0.0020461838543379394,0.0032354826784490864,open_nocap,all
USA_BEA,placebo_random_005,1,1656,0.0011288981826497633,0.0014075504180981425,0.0002200264500785698,open_nocap,all
USA_BEA,placebo_random_005,2,1587,-0.0007560891832803251,0.0011905710755613292,0.00010119243618267326,open_nocap,all
USA_BEA,placebo_random_006,0,1725,0.0046194009605992365,0.0019039637283225297,0.003656555701362363,open_nocap,all
USA_BEA,placebo_random_006,1,1656,0.001447727479254831,0.001660917611031077,0.0003536045074545857,open_nocap,all
USA_BEA,placebo_random_006,2,1587,-3.416147347496985e-05,0.0012387333561195836,2.0797155075857887e-07,open_nocap,all
USA_BEA,placebo_random_007,0,1725,0.006676427613005696,0.002961449698343646,0.008155787246469925,open_nocap,all
USA_BEA,placebo_random_007,1,1656,-0.0016827696337272967,0.002560357214917443,0.000508383124972589,open_nocap,all
USA_BEA,placebo_random_007,2,1587,-0.0038223673695481487,0.0021036293142932204,0.002728780019428556,open_nocap,all
USA_BEA,placebo_random_008,0,1725,0.0016405582560987228,0.001122389912354617,0.00045096852536818943,open_nocap,all
USA_BEA,placebo_random_008,1,1656,-0.0011441197180771029,0.0016882367766863804,0.00021199874195432233,open_nocap,all
USA_BEA,placebo_random_008,2,1587,0.0049529221448699565,0.002352775821662625,0.004181287126920896,open_nocap,all
USA_BEA,placebo_random_009,0,1725,0.004778233938547421,0.002363659078582882,0.003723245723790347,open_nocap,all
USA_BEA,placebo_random_009,1,1656,0.00044105327221667163,0.001613886161733785,3.091070315031086e-05,open_nocap,all
USA_BEA,placebo_random_009,2,1587,0.0014821460564095293,0.0014445448237839574,0.0003599916667792469,open_nocap,all
USA_BEA,placebo_random_010,0,1725,0.0020541681326330034,0.0019642445051939084,0.0007331543229667226,open_nocap,all
USA_BEA,placebo_random_010,1,1656,0.001148489814019291,0.0011427457081858445,0.00022447512318723994,open_nocap,all
USA_BEA,placebo_random_010,2,1587,0.002960495112344928,0.0020251175771057723,0.0015449407158654171,open_nocap,all
USA_BEA,placebo_random_011,0,1725,0.003224662136720956,0.001696480536971856,0.001742799946594209,open_nocap,all
USA_BEA,placebo_random_011,1,1656,0.00036091409404992203,0.0011109891905345495,2.1340352042376054e-05,open_nocap,all
USA_BEA,placebo_random_011,2,1587,-0.0017414406454828713,0.0010018579633401176,0.0005209123399190219,open_nocap,all
USA_BEA,placebo_random_012,0,1725,0.007777506804524886,0.003272093837927897,0.010384735135015477,open_nocap,all
USA_BEA,placebo_random_012,1,1656,-0.00021301728621122816,0.001362848336802186,7.496325303724127e-06,open_nocap,all
USA_BEA,placebo_random_012,2,1587,-0.004978830825912551,0.0021364826278905337,0.004230935791223689,open_nocap,all
USA_BEA,placebo_random_013,0,1725,0.007471987880152549,0.004613654628254911,0.009282351902721864,open_nocap,all
USA_BEA,placebo_random_013,1,1656,0.00010857581856901548,0.0015910290532316774,1.932726159892262e-06,open_nocap,all
USA_BEA,placebo_random_013,2,1587,-0.001263615634603772,0.0023315593407784926,0.00026752468113555583,open_nocap,all
USA_BEA,placebo_random_014,0,1725,0.004883663386185979,0.0035849494247711076,0.004067391634203887,open_nocap,all
USA_BEA,placebo_random_014,1,1656,0.0015339303756764478,0.001111318022103693,0.00039434794792492234,open_nocap,all
USA_BEA,placebo_random_014,2,1587,-0.0014262071281728962,0.0014150698828915113,0.0003520498720375187,open_nocap,all
USA_BEA,placebo_random_015,0,1725,0.0066190170915376234,0.00349850742464857,0.007610307488127632,open_nocap,all
USA_BEA,placebo_random_015,1,1656,-0.00017075752378919984,0.0013422039014036604,4.929591896796204e-06,open_nocap,all
USA_BEA,placebo_random_015,2,1587,-0.0019897730366183752,0.002132349953868283,0.0006852622974975464,open_nocap,all
USA_BEA,placebo_random_016,0,1725,0.004436869769233171,0.0022952335747644516,0.003488934104718955,open_nocap,all
USA_BEA,placebo_random_016,1,1656,-0.0036742449765668015,0.0021301517252699004,0.0023194450163693814,open_nocap,all
USA_BEA,placebo_random_016,2,1587,-0.000844509932692025,0.0015864793616185556,0.00012730644185454665,open_nocap,all
USA_BEA,placebo_random_017,0,1725,0.008041334289080935,0.0035451234495816916,0.010403789833397292,open_nocap,all
USA_BEA,placebo_random_017,1,1656,0.0013260366375386584,0.0015794656071605627,0.00027357029361807506,open_nocap,all
USA_BEA,placebo_random_017,2,1587,-0.002945586367284141,0.0014539495861202356,0.0013954876757655832,open_nocap,all
USA_BEA,placebo_random_018,0,1725,0.0027020981013230225,0.0014493015296485631,0.0013231980332423232,open_nocap,all
USA_BEA,placebo_random_018,1,1656,0.0010251721961444737,0.0014375592597307798,0.00018807124432518307,open_nocap,all
USA_BEA,placebo_random_018,2,1587,-0.002769236867420218,0.0028971250078827,0.0014351720968963644,open_nocap,all
USA_BEA,placebo_random_019,0,1725,0.008026314652159673,0.005269525958987928,0.010900861488429947,open_nocap,all
USA_BEA,placebo_random_019,1,1656,-0.0016966575275783055,0.0026878865071826028,0.0004776711888289098,open_nocap,all
USA_BEA,placebo_random_019,2,1587,0.0006492971909164043,0.0009248407336570215,7.184182050523624e-05,open_nocap,all
USA_BEA,placebo_random_020,0,1725,0.002558210572594782,0.001387344572791203,0.0011281911718779014,open_nocap,all
USA_BEA,placebo_random_020,1,1656,-0.0003790646771306765,0.0014929350032195652,2.4503397303421437e-05,open_nocap,all
USA_BEA,placebo_random_020,2,1587,-0.0038750952841036072,0.001477622547969058,0.002676986468660769,open_nocap,all
USA_BEA,placebo_random_021,0,1725,0.005234230094458525,0.0020260624879111897,0.0045066916981783,open_nocap,all
USA_BEA,placebo_random_021,1,1656,-0.0017264687373360072,0.0012506036050510178,0.00048216267124823187,open_nocap,all
USA_BEA,placebo_random_021,2,1587,-0.00358524829370366,0.002035552699313155,0.0021817450231575997,open_nocap,all
USA_BEA,placebo_random_022,0,1725,0.005268606099555511,0.0021031948761792963,0.005058272075628478,open_nocap,all
USA_BEA,placebo_random_022,1,1656,-0.0014608168389335853,0.001511965299000862,0.00038403677605647335,open_nocap,all
USA_BEA,placebo_random_022,2,1587,-0.0008688776856023307,0.0010822919367878153,0.00014002095275733595,open_nocap,all
USA_BEA,placebo_random_023,0,1725,0.006751255557159871,0.004184496019118453,0.007645186953222138,open_nocap,all
USA_BEA,placebo_random_023,1,1656,0.0022570239656182797,0.001159190969216334,0.0008387171732069376,open_nocap,all
USA_BEA,placebo_random_023,2,1587,-0.002579880278675161,0.0027951212606178682,0.0011361788023074304,open_nocap,all
USA_BEA,placebo_random_024,0,1725,0.007104006780196958,0.003348585420968144,0.009177604186721311,open_nocap,all
USA_BEA,placebo_random_024,1,1656,-0.002398494055651659,0.00226377940501608,0.001012171657759131,open_nocap,all
USA_BEA,placebo_random_024,2,1587,-0.0013174534583197757,0.0013229738575471577,0.00031470839040514953,open_nocap,all
USA_BEA,placebo_random_025,0,1725,0.00044935926783955244,0.001582869311573673,3.6693687325506374e-05,open_nocap,all
USA_BEA,placebo_random_025,1,1656,0.0012145573656784793,0.00150678633454741,0.00026438347942547846,open_nocap,all
USA_BEA,placebo_random_025,2,1587,0.0002929951143684004,0.0014734857853443797,1.599785089290151e-05,open_nocap,all
USA_BEA,placebo_random_026,0,1725,0.004261162736752886,0.0017052648620513677,0.003266738403457925,open_nocap,all
USA_BEA,placebo_random_026,1,1656,0.0022467961017077656,0.0030133207417382263,0.0008848705756155928,open_nocap,all
USA_BEA,placebo_random_026,2,1587,-0.0012844346585042042,0.0010910073843078349,0.00029922931005299525,open_nocap,all
USA_BEA,placebo_random_027,0,1725,0.00541957645205331,0.0023315600444828053,0.005161016844398625,open_nocap,all
USA_BEA,placebo_random_027,1,1656,-0.003747671078910113,0.0019127083640149778,0.0024220351352316483,open_nocap,all
USA_BEA,placebo_random_027,2,1587,-0.0008890300796067147,0.001410475338482443,0.00014050931572962,open_nocap,all
USA_BEA,placebo_random_028,0,1725,0.006107214073830078,0.003613637214667019,0.006369709360672493,open_nocap,all
USA_BEA,placebo_random_028,1,1656,0.0005848417814959865,0.0011851675895905552,5.756764516040569e-05,open_nocap,all
USA_BEA,placebo_random_028,2,1587,-0.0029128338504139286,0.0023461661104700725,0.001483841833731847,open_nocap,all
USA_BEA,placebo_random_029,0,1725,0.00625548665363323,0.004371822476602706,0.007303596138374391,open_nocap,all
USA_BEA,placebo_random_029,1,1656,-0.00225199140644867,0.002052014618462808,0.0009236661689073777,open_nocap,all
USA_BEA,placebo_random_029,2,1587,-0.0025640565661254363,0.0027082790973518025,0.0012562622822043235,open_nocap,all
USA_BEA,placebo_random_030,0,1725,0.006860498312195644,0.0022716214563046756,0.00805015664716735,open_nocap,all
USA_BEA,placebo_random_030,1,1656,0.0014922055969133921,0.001268248874172552,0.0003717076870706215,open_nocap,all
USA_BEA,placebo_random_030,2,1587,-0.002028721711786957,0.001491218796801195,0.0007179553278829909,open_nocap,all
USA_BEA,placebo_random_031,0,1725,0.005706222184836366,0.0029978867844196997,0.005682780376174201,open_nocap,all
USA_BEA,placebo_random_031,1,1656,-0.0004898400906092179,0.0020060354403915455,4.147600247139671e-05,open_nocap,all
USA_BEA,placebo_random_031,2,1587,0.0015185591348368048,0.002622630750302596,0.00041261775636747267,open_nocap,all
USA_BEA,placebo_random_032,0,1725,0.005978346548986632,0.0033529339584248813,0.006074305273475522,open_nocap,all
USA_BEA,placebo_random_032,1,1656,0.00013113599792447214,0.0015614224235835006,2.884853121498665e-06,open_nocap,all
USA_BEA,placebo_random_032,2,1587,-0.0006009266694496083,0.0012658646255139727,6.328412794842642e-05,open_nocap,all
USA_BEA,placebo_random_033,0,1725,0.006486873161887828,0.004199027656597168,0.007306054554128805,open_nocap,all
USA_BEA,placebo_random_033,1,1656,4.54742856026506e-05,0.0013406190335830054,3.511269771605541e-07,open_nocap,all
USA_BEA,placebo_random_033,2,1587,-0.0010175127938493026,0.001817638202499051,0.0001846646923748807,open_nocap,all
USA_BEA,placebo_random_034,0,1725,0.005660596083994612,0.0015606095042677618,0.005768266326928395,open_nocap,all
USA_BEA,placebo_random_034,1,1656,3.713637148677776e-05,0.0011282525131086016,2.4325746905695667e-07,open_nocap,all
USA_BEA,placebo_random_034,2,1587,-0.0004748427639785495,0.0011613725420472937,4.108822987836103e-05,open_nocap,all
USA_BEA,placebo_random_035,0,1725,0.006076257878768748,0.0028674574540522896,0.006018534783159835,open_nocap,all
USA_BEA,placebo_random_035,1,1656,0.0016760154186938167,0.0013371207663521276,0.0004494623516371199,open_nocap,all
USA_BEA,placebo_random_035,2,1587,-0.004908347372660969,0.002596384246591762,0.004010657741918111,open_nocap,all
USA_BEA,placebo_random_036,0,1725,0.004848218601100641,0.0027396245622412943,0.004357750647048353,open_nocap,all
USA_BEA,placebo_random_036,1,1656,0.0013002581193266116,0.0008321522939938247,0.00030358292964749456,open_nocap,all
USA_BEA,placebo_random_036,2,1587,-0.0030030537150168703,0.0017872863566089686,0.001696818414038126,open_nocap,all
USA_BEA,placebo_random_037,0,1725,0.0038201055248340628,0.0017563081791044364,0.00258340874645846,open_nocap,all
USA_BEA,placebo_random_037,1,1656,0.0004208369814296258,0.0006929414624866347,3.0934389400272266e-05,open_nocap,all
USA_BEA,placebo_random_037,2,1587,-0.0009100140061733797,0.001177900459478992,0.00015164598262917828,open_nocap,all
USA_BEA,placebo_random_038,0,1725,0.007356154312997572,0.004755398849048964,0.01032431360879782,open_nocap,all
USA_BEA,placebo_random_038,1,1656,0.0008562020659174334,0.0010632516216962382,0.00013565750238508922,open_nocap,all
USA_BEA,placebo_random_038,2,1587,-0.006385160059329722,0.00458235628685378,0.007754434022114953,open_nocap,all
USA_BEA,placebo_random_039,0,1725,0.0075196586084590325,0.003938294648388277,0.009253417186683377,open_nocap,all
USA_BEA,placebo_random_039,1,1656,-0.002789104471452438,0.002378183190382542,0.0012347719310965566,open_nocap,all
USA_BEA,placebo_random_039,2,1587,-0.0011865124387987085,0.0016143335571743842,0.00023204826478906426,open_nocap,all
USA_BEA,placebo_random_040,0,1725,0.007862082303098263,0.00315104732448084,0.010271722177034204,open_nocap,all
USA_BEA,placebo_random_040,1,1656,-0.0003230949391587233,0.0010092922503404087,1.6992629231604717e-05,open_nocap,all
USA_BEA,placebo_random_040,2,1587,-0.0009791829903591754,0.001195984175410304,0.00016283053754717614,open_nocap,all
USA_BEA,placebo_random_041,0,1725,0.008076872775242867,0.0033331296148402345,0.011289833885658851,open_nocap,all
USA_BEA,placebo_random_041,1,1656,0.003142274536449674,0.0017352806563778829,0.0016806734129602985,open_nocap,all
USA_BEA,placebo_random_041,2,1587,-0.00686124787025616,0.004193360544196038,0.008405057454011544,open_nocap,all
USA_BEA,placebo_random_042,0,1725,0.004933161153345639,0.002280972944700364,0.004302944577144974,open_nocap,all
USA_BEA,placebo_random_042,1,1656,0.001124570154950578,0.0013214169632294506,0.00021686945254573153,open_nocap,all
USA_BEA,placebo_random_042,2,1587,-0.002288035808974852,0.001430265508530418,0.0009330083154162061,open_nocap,all
USA_BEA,placebo_random_043,0,1725,0.008024395754032222,0.0035929452906136427,0.010554001352151898,open_nocap,all
USA_BEA,placebo_random_043,1,1656,-0.00496200256177948,0.0030712315630461516,0.003960439891455003,open_nocap,all
USA_BEA,placebo_random_043,2,1587,-0.0006372454482926928,0.0015465857526263556,6.763285631616878e-05,open_nocap,all
USA_BEA,placebo_random_044,0,1725,0.010093073378259983,0.004414724431900323,0.017204328805600078,open_nocap,all
USA_BEA,placebo_random_044,1,1656,-0.003291963730298066,0.002622101105350362,0.0017779126170872628,open_nocap,all
USA_BEA,placebo_random_044,2,1587,-0.003923950193831152,0.001437057148377431,0.0026509413316611052,open_nocap,all
USA_BEA,placebo_random_045,0,1725,0.00715032855011701,0.003625802697332684,0.009299306291768006,open_nocap,all
USA_BEA,placebo_random_045,1,1656,0.0018130871681298682,0.0011639794612689034,0.0005838193817322423,open_nocap,all
USA_BEA,placebo_random_045,2,1587,-0.0039494608430106415,0.0025672460943768137,0.0028578461431220115,open_nocap,all
USA_BEA,placebo_random_046,0,1725,0.009044189932913806,0.0048607946359049735,0.015491402811213861,open_nocap,all
USA_BEA,placebo_random_046,1,1656,-0.003677812006564674,0.0026550435257081443,0.002500169626226567,open_nocap,all
USA_BEA,placebo_random_046,2,1587,-0.003216967383563536,0.0029022136735284538,0.0019759381402836285,open_nocap,all
USA_BEA,placebo_random_047,0,1725,0.005424768752124866,0.0022109660068969313,0.005063805769553009,open_nocap,all
USA_BEA,placebo_random_047,1,1656,-0.001389768754067139,0.0022616060719693807,0.0003282927918928369,open_nocap,all
USA_BEA,placebo_random_047,2,1587,-0.003550923720362555,0.0015698346524500079,0.0022158704002934737,open_nocap,all
USA_BEA,placebo_random_048,0,1725,0.0026347038273981035,0.0019391757422060423,0.0011542925448696506,open_nocap,all
USA_BEA,placebo_random_048,1,1656,0.0027233795348230324,0.0024599248695221627,0.0012052195603355909,open_nocap,all
USA_BEA,placebo_random_048,2,1587,-0.005086865026839019,0.0033296180399968608,0.004410378983395691,open_nocap,all
USA_BEA,placebo_random_049,0,1725,0.003690949719468864,0.0020319003206235174,0.0024215556711493225,open_nocap,all
USA_BEA,placebo_random_049,1,1656,-0.0004657947515514235,0.00110606807622074,3.785458406269093e-05,open_nocap,all
USA_BEA,placebo_random_049,2,1587,-0.0047231741132398655,0.0030011390354744046,0.004027758788841651,open_nocap,all
USA_BEA,pp_actual_wage,0,1725,0.4871676722234996,0.1208583660568728,0.4602544354089738,open_nocap,all
USA_BEA,pp_actual_wage,1,1656,-0.032025979481338465,0.03946596112136867,0.0019076811175509079,open_nocap,all
USA_BEA,pp_actual_wage,2,1587,-0.13794124510210426,0.04955064924068216,0.036520442441511314,open_nocap,all
USA_BEA,pp_eigen,0,1725,0.5376004765676092,0.12770876987238727,0.454040782588951,open_nocap,all
USA_BEA,pp_eigen,1,1656,-0.04073564000371422,0.045180786705979505,0.002482058606367743,open_nocap,all
USA_BEA,pp_eigen,2,1587,-0.15384171059238186,0.05612792965037511,0.036315592845917455,open_nocap,all
USA_BEA,pp_uniform_wage,0,1725,0.3464860360322536,0.10860608773291573,0.3388880852650773,open_nocap,all
USA_BEA,pp_uniform_wage,1,1656,-0.014140136912912764,0.026692202512839568,0.0005497265258448403,open_nocap,all
USA_BEA,pp_uniform_wage,2,1587,-0.09226520603911284,0.03818358563242053,0.024132455249902596,open_nocap,all
USA_BEA,k:111CA,0,1350,0.10075646235205342,0.04616131672868341,0.0964184413653284,open_nocap,core
USA_BEA,k:111CA,1,1296,0.004944691395190913,0.009409967679990026,0.000223371374602932,open_nocap,core
USA_BEA,k:111CA,2,1242,-0.014906839541648615,0.011846181965208489,0.002025680829410237,open_nocap,core
USA_BEA,k:113FF,0,1350,0.10539543708295747,0.05082590320920402,0.09635335721086058,open_nocap,core
USA_BEA,k:113FF,1,1296,-0.0009578610852180622,0.008354173309690311,7.83768065326651e-06,open_nocap,core
USA_BEA,k:113FF,2,1242,-0.015575857668423383,0.013324576449418934,0.0020911626172408493,open_nocap,core
USA_BEA,k:211,0,1350,0.038740476716108786,0.012693400501273934,0.014610973577991793,open_nocap,core
USA_BEA,k:211,1,1296,0.008929857664358014,0.008424830574642835,0.0007714263879832206,open_nocap,core
USA_BEA,k:211,2,1242,-0.0032937492315385257,0.008314022374508859,0.0001075098548907194,open_nocap,core
USA_BEA,k:212,0,1350,0.049986107128326386,0.014636139673193507,0.023692921727596516,open_nocap,core
USA_BEA,k:212,1,1296,0.0061587680959360085,0.015407540319289524,0.00035411354574776954,open_nocap,core
USA_BEA,k:212,2,1242,-0.005827381079013744,0.011628365360123568,0.00032245579997369767,open_nocap,core
USA_BEA,k:213,0,1350,0.06138692391094576,0.014005919652279873,0.03245967473152056,open_nocap,core
USA_BEA,k:213,1,1296,0.0014224253173790022,0.006875256209798349,1.7407252925538685e-05,open_nocap,core
USA_BEA,k:213,2,1242,-0.012336982531742912,0.00841784052333868,0.001344520223298229,open_nocap,core
USA_BEA,k:22,0,1350,0.057152576499926395,0.026853014156550593,0.03926393794562355,open_nocap,core
USA_BEA,k:22,1,1296,0.009474073700970477,0.01124089080911921,0.001061115231827392,open_nocap,core
USA_BEA,k:22,2,1242,-0.02799715792477842,0.015974113536821818,0.009625923938247238,open_nocap,core
USA_BEA,k:23,0,1350,0.09195249377416574,0.028469805607622925,0.062350360506046476,open_nocap,core
USA_BEA,k:23,1,1296,0.018049739064537433,0.015765408693763062,0.002368399158314771,open_nocap,core
USA_BEA,k:23,2,1242,-0.015767109161437545,0.010809228511210838,0.0018644280825795834,open_nocap,core
USA_BEA,k:311FT,0,1350,0.10877666969408364,0.04588305460215891,0.10234391502825202,open_nocap,core
USA_BEA,k:311FT,1,1296,0.010031896333979514,0.009467730927316453,0.0008536413038618962,open_nocap,core
USA_BEA,k:311FT,2,1242,-0.017588649810312024,0.011668037022500643,0.002681207052670387,open_nocap,core
USA_BEA,k:313TT,0,1350,0.08957304134870679,0.04039647982221656,0.08221029382130673,open_nocap,core
USA_BEA,k:313TT,1,1296,0.003135027295146495,0.009490495296127248,9.532565506154e-05,open_nocap,core
USA_BEA,k:313TT,2,1242,-0.007973949314990158,0.011299154445710833,0.0006362744719380364,open_nocap,core
USA_BEA,k:315AL,0,1350,0.03347517126369394,0.01685992723750242,0.03188339725703182,open_nocap,core
USA_BEA,k:315AL,1,1296,0.007849409328308405,0.004853506241471718,0.0015838389347394566,open_nocap,core
USA_BEA,k:315AL,2,1242,-0.010934173751214233,0.006713597448627405,0.002959114863047674,open_nocap,core
USA_BEA,k:321,0,1350,0.09884114442098763,0.048217879019165126,0.08020339676394894,open_nocap,core
USA_BEA,k:321,1,1296,0.00714627602467473,0.00927512155761184,0.00041845986373967303,open_nocap,core
USA_BEA,k:321,2,1242,-0.014161914456505746,0.013318345187285304,0.0016987470373470703,open_nocap,core
USA_BEA,k:322,0,1350,0.10979141480290794,0.0514600442559781,0.09824013115402397,open_nocap,core
USA_BEA,k:322,1,1296,0.004639910155860144,0.010104535091758323,0.00017223715121994498,open_nocap,core
USA_BEA,k:322,2,1242,-0.021500661264970758,0.015086726080248542,0.0037713991105651212,open_nocap,core
USA_BEA,k:323,0,1350,0.12827930741791338,0.056708074597424746,0.12995076139188688,open_nocap,core
USA_BEA,k:323,1,1296,0.0032428358789770326,0.009709984627356371,8.243240721317324e-05,open_nocap,core
USA_BEA,k:323,2,1242,-0.037054401195448956,0.01777357079255992,0.011087075682019387,open_nocap,core
USA_BEA,k:324,0,1350,0.05681378159394139,0.010514104372684333,0.03183714489213818,open_nocap,core
USA_BEA,k:324,1,1296,0.005886086448142117,0.009721616912936624,0.00034168370516585167,open_nocap,core
USA_BEA,k:324,2,1242,-0.010798100527446794,0.006597798420286982,0.0011764547948511783,open_nocap,core
USA_BEA,k:325,0,1350,0.1138842124919331,0.03460836455575855,0.10193915823408317,open_nocap,core
USA_BEA,k:325,1,1296,0.020655820718197257,0.020242589103792362,0.0032627702019389915,open_nocap,core
USA_BEA,k:325,2,1242,-0.019782797948944005,0.012092665511344313,0.0030176398756138756,open_nocap,core
USA_BEA,k:326,0,1350,0.12258348981224534,0.052243324378708114,0.11620517112794226,open_nocap,core
USA_BEA,k:326,1,1296,0.0011820641170263448,0.009551653899163405,1.0508493838212729e-05,open_nocap,core
USA_BEA,k:326,2,1242,-0.025930092856457258,0.016653608313524346,0.005048207317523534,open_nocap,core
USA_BEA,k:327,0,1350,0.09773758031702054,0.03429781051170568,0.06940063626024062,open_nocap,core
USA_BEA,k:327,1,1296,0.014700544669308972,0.02243296331172744,0.0015506568442403834,open_nocap,core
USA_BEA,k:327,2,1242,-0.0011020859691855387,0.009238782199395666,9.002710434247163e-06,open_nocap,core
USA_BEA,k:331,0,1350,0.12688924042127855,0.060182065801847706,0.12087275494371186,open_nocap,core
USA_BEA,k:331,1,1296,0.0060267865827804265,0.008863001741144471,0.0002685243342083199,open_nocap,core
USA_BEA,k:331,2,1242,-0.029540250300760088,0.02374739079480144,0.006633627045269375,open_nocap,core
USA_BEA,k:332,0,1350,0.12388123701056879,0.05376108878998088,0.11104882535697813,open_nocap,core
USA_BEA,k:332,1,1296,0.007158920827122424,0.007737656674820914,0.0003635347846490111,open_nocap,core
USA_BEA,k:332,2,1242,-0.030748052775492366,0.01848605844829461,0.006910426340277054,open_nocap,core
USA_BEA,k:333,0,1350,0.08799668332483929,0.038287124629747184,0.07730274644272306,open_nocap,core
USA_BEA,k:333,1,1296,0.001703615264656666,0.009027723907446949,2.8875766970970496e-05,open_nocap,core
USA_BEA,k:333,2,1242,-0.012790197309490823,0.013659693430933352,0.001679619400506982,open_nocap,core
USA_BEA,k:334,0,1350,0.13282629561358308,0.0548238404300651,0.1284178457944638,open_nocap,core
USA_BEA,k:334,1,1296,0.0016857364863191516,0.01001515842980764,2.017058344327971e-05,open_nocap,core
USA_BEA,k:334,2,1242,-0.03405106929241445,0.017427799674540424,0.008346000861743197,open_nocap,core
USA_BEA,k:335,0,1350,0.09534406727281812,0.04359820819296405,0.08262481131853017,open_nocap,core
USA_BEA,k:335,1,1296,0.0035234374558360104,0.008264374160643547,0.00011183944840542637,open_nocap,core
USA_BEA,k:335,2,1242,-0.01209602718556505,0.013019463985790984,0.0013691252699767897,open_nocap,core
USA_BEA,k:3361MV,0,1350,0.09582367229610399,0.0455632472707838,0.0907688432722854,open_nocap,core
USA_BEA,k:3361MV,1,1296,0.0015884347199148345,0.007349534292746956,2.489563436758324e-05,open_nocap,core
USA_BEA,k:3361MV,2,1242,-0.017077639278477823,0.014089991708792915,0.002950312232533614,open_nocap,core
USA_BEA,k:3364OT,0,1350,0.06998396168255192,0.03692368506762595,0.061337195481404816,open_nocap,core
USA_BEA,k:3364OT,1,1296,-0.0007446465239294484,0.008451108264777884,6.907122307664437e-06,open_nocap,core
USA_BEA,k:3364OT,2,1242,-0.01921988111015103,0.014482168529532291,0.004701177978560844,open_nocap,core
USA_BEA,k:337,0,1350,0.050139231064396675,0.028545029161597922,0.04162261833813263,open_nocap,core
USA_BEA,k:337,1,1296,0.003312700870844869,0.006143587292778154,0.00018239201012526518,open_nocap,core
USA_BEA,k:337,2,1242,-0.008990573391393392,0.007352013580679815,0.0014049986941272463,open_nocap,core
USA_BEA,k:339,0,1350,0.11005263919092652,0.04613791325236093,0.11306736563414865,open_nocap,core
USA_BEA,k:339,1,1296,0.0023098416100245864,0.006617625068218768,4.806735938478468e-05,open_nocap,core
USA_BEA,k:339,2,1242,-0.02258929289691049,0.014041037932973963,0.004719870411137195,open_nocap,core
USA_BEA,k:42,0,1350,0.13600905649022332,0.05503541023022291,0.11199442807300586,open_nocap,core
USA_BEA,k:42,1,1296,0.006704281610036553,0.011719485706290627,0.0002702945035134574,open_nocap,core
USA_BEA,k:42,2,1242,-0.026917452061456,0.017413600866572915,0.00447907937276093,open_nocap,core
USA_BEA,k:441,0,1350,0.1172321557783226,0.05376269019616325,0.10466266771750021,open_nocap,core
USA_BEA,k:441,1,1296,0.0007425444286632344,0.010472364780211333,4.145773259356389e-06,open_nocap,core
USA_BEA,k:441,2,1242,-0.030935867518387592,0.0195577215939062,0.007330790522954156,open_nocap,core
USA_BEA,k:445,0,1350,0.12053148330260101,0.05235763955805389,0.10592062416878201,open_nocap,core
USA_BEA,k:445,1,1296,0.010219249854949103,0.011770761259057178,0.0007507892402935923,open_nocap,core
USA_BEA,k:445,2,1242,-0.027139447520139536,0.01772813719581421,0.005404146794992903,open_nocap,core
USA_BEA,k:452,0,1350,0.10525402844355244,0.04996191222343463,0.08340499696848691,open_nocap,core
USA_BEA,k:452,1,1296,0.004646258189949654,0.010979388461505804,0.00016152013358217143,open_nocap,core
USA_BEA,k:452,2,1242,-0.025242373465426095,0.017139409118119286,0.004875748585708273,open_nocap,core
USA_BEA,k:481,0,1350,0.10822803823804504,0.05005446179474855,0.08572709366171882,open_nocap,core
USA_BEA,k:481,1,1296,0.023536346295056895,0.014937637356952188,0.004019600979975113,open_nocap,core
USA_BEA,k:481,2,1242,-0.04540773428015356,0.01888874856995949,0.014963431446493591,open_nocap,core
USA_BEA,k:482,0,1350,0.08308836486790125,0.0340703703841973,0.04722387359075375,open_nocap,core
USA_BEA,k:482,1,1296,0.0044172819090114905,0.011721051833607561,0.00013144213124993698,open_nocap,core
USA_BEA,k:482,2,1242,-0.023209064180166245,0.025230020696426367,0.0036712740128860277,open_nocap,core
USA_BEA,k:483,0,1350,0.08634386287410052,0.037509464080256516,0.07121518013489447,open_nocap,core
USA_BEA,k:483,1,1296,0.027481637929541995,0.019347931860132384,0.007153035657034512,open_nocap,core
USA_BEA,k:483,2,1242,-0.00661218399224541,0.011969160149244455,0.0004043956550715544,open_nocap,core
USA_BEA,k:484,0,1350,0.08754844871618124,0.03212124795423263,0.05350669625884097,open_nocap,core
USA_BEA,k:484,1,1296,-0.002066678189774406,0.008176723618349155,2.9715924724560416e-05,open_nocap,core
USA_BEA,k:484,2,1242,-0.009844865284710274,0.008214214737923891,0.0006981458540243901,open_nocap,core
USA_BEA,k:485,0,1350,0.11981353766082185,0.05199513818751986,0.10707078499864009,open_nocap,core
USA_BEA,k:485,1,1296,0.009314725526649543,0.01289354669379931,0.0006427213649745633,open_nocap,core
USA_BEA,k:485,2,1242,-0.036321335397272406,0.019665168959323548,0.010035172003251325,open_nocap,core
USA_BEA,k:486,0,1350,0.041354345799814785,0.009803876267087964,0.017100178147102407,open_nocap,core
USA_BEA,k:486,1,1296,0.016818555428117724,0.012211535414512979,0.002822102087509437,open_nocap,core
USA_BEA,k:486,2,1242,-0.010632119909335774,0.007830479728534864,0.0011579994011869932,open_nocap,core
USA_BEA,k:487OS,0,1350,0.10241582665906392,0.04272081996831724,0.08494043529762851,open_nocap,core
USA_BEA,k:487OS,1,1296,0.004174661776884406,0.011028837699229327,0.00014112939731569796,open_nocap,core
USA_BEA,k:487OS,2,1242,-0.029212272820474814,0.015374012425099972,0.007188240024591619,open_nocap,core
USA_BEA,k:493,0,1350,0.0669934712639513,0.028180330652625138,0.06048320550464714,open_nocap,core
USA_BEA,k:493,1,1296,-0.0006483118557679014,0.004673075926525964,5.66779325661404e-06,open_nocap,core
USA_BEA,k:493,2,1242,-0.017569689745685516,0.006713833669354383,0.0042951031711711,open_nocap,core
USA_BEA,k:4A0,0,1350,0.11991255873716268,0.05090214681472166,0.10199269045060178,open_nocap,core
USA_BEA,k:4A0,1,1296,-0.005034896553234532,0.012677107179721822,0.00017770195983168868,open_nocap,core
USA_BEA,k:4A0,2,1242,-0.025092021326978582,0.016794626710114557,0.00453719111553752,open_nocap,core
USA_BEA,k:511,0,1350,0.1260922208587631,0.054273872778244116,0.12601602404707857,open_nocap,core
USA_BEA,k:511,1,1296,0.0025118989979171064,0.00934066207548869,4.956604071926218e-05,open_nocap,core
USA_BEA,k:511,2,1242,-0.03571785371401779,0.017898160708007392,0.010359208818826238,open_nocap,core
USA_BEA,k:512,0,1350,0.09046168762944845,0.043810733012301845,0.09897186116875023,open_nocap,core
USA_BEA,k:512,1,1296,0.001043558502832414,0.00479433758476646,1.3203082543156164e-05,open_nocap,core
USA_BEA,k:512,2,1242,-0.02262493999723163,0.01183915881979429,0.00650924876380532,open_nocap,core
USA_BEA,k:513,0,1350,0.11935211138544977,0.054296863049640855,0.11447934918192249,open_nocap,core
USA_BEA,k:513,1,1296,-0.0007626902379335307,0.008824201390859347,4.613145166532107e-06,open_nocap,core
USA_BEA,k:513,2,1242,-0.031657782151768336,0.01684660464990143,0.008234103906412105,open_nocap,core
USA_BEA,k:514,0,1350,0.11691479121867614,0.05097085569514012,0.11123139062029419,open_nocap,core
USA_BEA,k:514,1,1296,0.0003068588004427303,0.009216694739328481,7.578447782652376e-07,open_nocap,core
USA_BEA,k:514,2,1242,-0.03531651956775085,0.016505085596366483,0.01037310454221374,open_nocap,core
USA_BEA,k:521CI,0,1350,0.1259446109765475,0.056109191581827485,0.10324897461763904,open_nocap,core
USA_BEA,k:521CI,1,1296,0.012365175583545987,0.013221984198378172,0.0008085392873061759,open_nocap,core
USA_BEA,k:521CI,2,1242,-0.04662060970536387,0.027398176401325264,0.011641496446865629,open_nocap,core
USA_BEA,k:523,0,1350,0.11009723803359131,0.044450231684784534,0.10974656506488323,open_nocap,core
USA_BEA,k:523,1,1296,-0.001770383204684883,0.0069080721093594975,2.791275206737165e-05,open_nocap,core
USA_BEA,k:523,2,1242,-0.027071524467607747,0.01513325607688531,0.006736825090699505,open_nocap,core
USA_BEA,k:524,0,1350,0.11924351529172479,0.049082287081117636,0.1274893874691736,open_nocap,core
USA_BEA,k:524,1,1296,0.0031866555524151206,0.008489512115514573,8.902027282498004e-05,open_nocap,core
USA_BEA,k:524,2,1242,-0.03105430080248982,0.014224317651900353,0.00868309463320538,open_nocap,core
USA_BEA,k:525,0,1350,0.13657646657799763,0.053887003231796196,0.15476330528709858,open_nocap,core
USA_BEA,k:525,1,1296,0.006670347307187676,0.007838904377299503,0.00036389363738442704,open_nocap,core
USA_BEA,k:525,2,1242,-0.031149700047325098,0.014686186281615127,0.008161356179470891,open_nocap,core
USA_BEA,k:532RL,0,1350,0.08239934292894574,0.038718574310166266,0.06368249893729161,open_nocap,core
USA_BEA,k:532RL,1,1296,-0.009314166719912607,0.007396260656534491,0.0008133076447983667,open_nocap,core
USA_BEA,k:532RL,2,1242,-0.021034081828064967,0.017175426739407692,0.004280566083317616,open_nocap,core
USA_BEA,k:5411,0,1350,0.12494850441450456,0.052738287940954316,0.12436637438392906,open_nocap,core
USA_BEA,k:5411,1,1296,-0.0030983011241430074,0.007643245440592134,7.572740239814024e-05,open_nocap,core
USA_BEA,k:5411,2,1242,-0.03563974476668828,0.016911748521653773,0.010380631061516543,open_nocap,core
USA_BEA,k:5412OP,0,1350,0.11962107688719673,0.052249900325160636,0.11734538445094711,open_nocap,core
USA_BEA,k:5412OP,1,1296,2.4225403982033206e-05,0.008877431806712847,4.7764087129920085e-09,open_nocap,core
USA_BEA,k:5412OP,2,1242,-0.03444060917253823,0.018322866519080206,0.009988500622804763,open_nocap,core
USA_BEA,k:5415,0,1350,0.12849646058801756,0.05373542823560106,0.1308305280894072,open_nocap,core
USA_BEA,k:5415,1,1296,0.0029771582873001595,0.011552171172424065,6.920489545858555e-05,open_nocap,core
USA_BEA,k:5415,2,1242,-0.03846622522359949,0.020034300525816312,0.011950700074361276,open_nocap,core
USA_BEA,k:55,0,1350,0.09799395838615867,0.03979836071799096,0.10266425622139275,open_nocap,core
USA_BEA,k:55,1,1296,-0.0026090312092026382,0.006437875435951587,7.129140700523617e-05,open_nocap,core
USA_BEA,k:55,2,1242,-0.035987122392243116,0.019261433239325883,0.013909963899337852,open_nocap,core
USA_BEA,k:561,0,1350,0.10445177765815479,0.04605056674862483,0.09798288020499613,open_nocap,core
USA_BEA,k:561,1,1296,-0.0006242000514121056,0.00799918687644478,3.4546915543831602e-06,open_nocap,core
USA_BEA,k:561,2,1242,-0.024988930501487323,0.015291675894565735,0.005683127450620273,open_nocap,core
USA_BEA,k:562,0,1350,0.09473459774751247,0.041841244144147305,0.08041336375808461,open_nocap,core
USA_BEA,k:562,1,1296,0.018080118705022956,0.013190527148900979,0.002916664821448478,open_nocap,core
USA_BEA,k:562,2,1242,-0.02943275985010464,0.017723239236759832,0.007999404815284938,open_nocap,core
USA_BEA,k:61,0,1350,0.1256213084017295,0.05270354278855828,0.12457063325929751,open_nocap,core
USA_BEA,k:61,1,1296,0.004616031945079733,0.010650371513442333,0.00016667007235904308,open_nocap,core
USA_BEA,k:61,2,1242,-0.03602420700932961,0.018101821994936013,0.010466200748378007,open_nocap,core
USA_BEA,k:621,0,1350,0.1107951303722803,0.053391640527153374,0.09693657310083725,open_nocap,core
USA_BEA,k:621,1,1296,0.0005694041907952608,0.008158252566505339,2.55910396107506e-06,open_nocap,core
USA_BEA,k:621,2,1242,-0.014751385028419228,0.015561904059101508,0.0017885534407983128,open_nocap,core
USA_BEA,k:622,0,1350,0.12295966627373944,0.05089720866379816,0.1168856174685936,open_nocap,core
USA_BEA,k:622,1,1296,0.0023858423525841173,0.009562944717954313,4.3690145449803985e-05,open_nocap,core
USA_BEA,k:622,2,1242,-0.029530699444120272,0.016872552131925275,0.006924861229800405,open_nocap,core
USA_BEA,k:623,0,1350,0.14642754857790533,0.056340067938254725,0.16270169058467154,open_nocap,core
USA_BEA,k:623,1,1296,0.006509575967198954,0.010952694124252467,0.00031835695543180886,open_nocap,core
USA_BEA,k:623,2,1242,-0.030522477011713886,0.01669011705274853,0.007142725315514298,open_nocap,core
USA_BEA,k:624,0,1350,0.05920997902569225,0.0240378062374425,0.054910848174199,open_nocap,core
USA_BEA,k:624,1,1296,0.012571720775447414,0.008283792223852561,0.0024910705149604473,open_nocap,core
USA_BEA,k:624,2,1242,-0.00585912150282497,0.004658055929416869,0.0005663169538854262,open_nocap,core
USA_BEA,k:711AS,0,1350,0.14641786377959157,0.05890050627502488,0.1513952003146759,open_nocap,core
USA_BEA,k:711AS,1,1296,0.0014088114249929413,0.009257678221329313,1.3863814994463652e-05,open_nocap,core
USA_BEA,k:711AS,2,1242,-0.0434505612180058,0.020885844801471126,0.013648558824408408,open_nocap,core
USA_BEA,k:713,0,1350,0.11338474730455586,0.044234227937246524,0.11407742643294472,open_nocap,core
USA_BEA,k:713,1,1296,0.0037109360623362423,0.011700102516606836,0.00012104149964731192,open_nocap,core
USA_BEA,k:713,2,1242,-0.03448287548481427,0.0162958095997917,0.010650089511951455,open_nocap,core
USA_BEA,k:721,0,1350,0.141152055598637,0.05527144221153394,0.13476235239269285,open_nocap,core
USA_BEA,k:721,1,1296,0.007006554952174693,0.01470269109694976,0.0003278858986544009,open_nocap,core
USA_BEA,k:721,2,1242,-0.04471692032404657,0.02286459019111073,0.013708638851602784,open_nocap,core
USA_BEA,k:722,0,1350,0.126454437686463,0.05042664790560231,0.12348148413401838,open_nocap,core
USA_BEA,k:722,1,1296,0.007046099932612276,0.013052902485393364,0.0003808757846202049,open_nocap,core
USA_BEA,k:722,2,1242,-0.037729442366811076,0.01940092184133651,0.011192670807235294,open_nocap,core
USA_BEA,k:81,0,1350,0.09848245546384009,0.044582660078394676,0.08547730440338985,open_nocap,core
USA_BEA,k:81,1,1296,0.0005497525794687983,0.007931640852348182,2.643499849130926e-06,open_nocap,core
USA_BEA,k:81,2,1242,-0.021988909497753586,0.013462313807561072,0.00438407620390624,open_nocap,core
USA_BEA,k:GFE,0,1350,0.12235342262654748,0.05293074078437504,0.11549166279521328,open_nocap,core
USA_BEA,k:GFE,1,1296,0.006454577966934584,0.0130374141857116,0.0003156467930992557,open_nocap,core
USA_BEA,k:GFE,2,1242,-0.0389390872523428,0.02072173474684627,0.01181419417998153,open_nocap,core
USA_BEA,k:GFGD+GFGN,0,1350,0.10174293892253687,0.04191340674738842,0.11008705515187056,open_nocap,core
USA_BEA,k:GFGD+GFGN,1,1296,-0.007264870528386515,0.009493174793029628,0.00048451914757963177,open_nocap,core
USA_BEA,k:GFGD+GFGN,2,1242,-0.034941454225715575,0.018142648274134032,0.010544462832469348,open_nocap,core
USA_BEA,k:GSLE,0,1350,0.08701997625744062,0.040187466287737304,0.06406730338125022,open_nocap,core
USA_BEA,k:GSLE,1,1296,0.011471756485787785,0.01538590598172192,0.0010934824804854637,open_nocap,core
USA_BEA,k:GSLE,2,1242,-0.03556474336574663,0.02094801965743817,0.010865382149625624,open_nocap,core
USA_BEA,k:GSLG,0,1350,0.09793518085523267,0.044528910873774905,0.08817022648000672,open_nocap,core
USA_BEA,k:GSLG,1,1296,0.002875344313355361,0.009810387052526418,7.578212759151715e-05,open_nocap,core
USA_BEA,k:GSLG,2,1242,-0.028477674547774005,0.015231359946076446,0.007542430861818605,open_nocap,core
USA_BEA,k:HS+ORE,0,1350,0.14342380561189794,0.06021101133304142,0.1531707166931876,open_nocap,core
USA_BEA,k:HS+ORE,1,1296,0.005910636373660997,0.007634787959381489,0.00025807481416817435,open_nocap,core
USA_BEA,k:HS+ORE,2,1242,-0.027008291515438092,0.019945605992592194,0.00556137956129088,open_nocap,core
USA_BEA,labour,0,1350,0.39473195215482165,0.1386248892808929,0.33419624987992524,open_nocap,core
USA_BEA,labour,1,1296,0.04463735666763008,0.025619947738644032,0.00418800740184555,open_nocap,core
USA_BEA,labour,2,1242,-0.0688883713428696,0.04222920080408047,0.01020848191116197,open_nocap,core
USA_BEA,placebo_perm_000,0,1350,0.005058321946419917,0.003483343551606461,0.005513483867185864,open_nocap,core
USA_BEA,placebo_perm_000,1,1296,0.0041429457006878015,0.0023403189706736084,0.00366071166348092,open_nocap,core
USA_BEA,placebo_perm_000,2,1242,-0.006255462119854367,0.004642828262497529,0.008497945788446315,open_nocap,core
USA_BEA,placebo_perm_001,0,1350,0.00384225364455889,0.0030647159089806637,0.0028876167576736833,open_nocap,core
USA_BEA,placebo_perm_001,1,1296,0.0019531822397195167,0.00224263873872471,0.0007357473896500988,open_nocap,core
USA_BEA,placebo_perm_001,2,1242,-0.0034353825622838526,0.0017530617870022474,0.0023329435021359757,open_nocap,core
USA_BEA,placebo_perm_002,0,1350,0.0057554449314346215,0.003071229120148479,0.00714928424113892,open_nocap,core
USA_BEA,placebo_perm_002,1,1296,-0.0027818852096765036,0.001427678324906251,0.00163397981542579,open_nocap,core
USA_BEA,placebo_perm_002,2,1242,-0.0025426752012189992,0.002196674513105578,0.0013885806341841223,open_nocap,core
USA_BEA,placebo_perm_003,0,1350,0.0070819324558314845,0.003912405294416951,0.009928097954656767,open_nocap,core
USA_BEA,placebo_perm_003,1,1296,-0.002116579743093367,0.0019621080482512317,0.0008783969717254259,open_nocap,core
USA_BEA,placebo_perm_003,2,1242,-0.004034117898178027,0.0021018027101765507,0.003241341950617427,open_nocap,core
USA_BEA,placebo_perm_004,0,1350,0.007819501587024427,0.002816941732472041,0.011670806987054472,open_nocap,core
USA_BEA,placebo_perm_004,1,1296,-0.0022853683216638395,0.0015114874425012157,0.000968555998614451,open_nocap,core
USA_BEA,placebo_perm_004,2,1242,-0.0012690639426721014,0.0018225532127330453,0.000305282156973008,open_nocap,core
USA_BEA,placebo_perm_005,0,1350,0.005817005179455984,0.0023252840989447265,0.006736683811440769,open_nocap,core
USA_BEA,placebo_perm_005,1,1296,-0.004315085515562096,0.0024581000186260776,0.0036602918688017905,open_nocap,core
USA_BEA,placebo_perm_005,2,1242,0.002773196394321217,0.0015158184657739567,0.0015353314398273143,open_nocap,core
USA_BEA,placebo_perm_006,0,1350,0.005476661207825179,0.0025242843189986954,0.006350011198800631,open_nocap,core
USA_BEA,placebo_perm_006,1,1296,0.0015363950573835826,0.0018537560903214242,0.00048817413079205174,open_nocap,core
USA_BEA,placebo_perm_006,2,1242,0.0009671871842185395,0.0014349591595142828,0.00019478436418940426,open_nocap,core
USA_BEA,placebo_perm_007,0,1350,0.002297737788794343,0.0027415005114404117,0.001095941501017328,open_nocap,core
USA_BEA,placebo_perm_007,1,1296,0.0038394379804050555,0.0018078472764236119,0.003014569961729996,open_nocap,core
USA_BEA,placebo_perm_007,2,1242,-0.003319919864500409,0.0025654200414411796,0.002302397972306691,open_nocap,core
USA_BEA,placebo_perm_008,0,1350,0.004597627808241611,0.003962001019153699,0.0043737572247199985,open_nocap,core
USA_BEA,placebo_perm_008,1,1296,0.0008497827528334031,0.0018151454651103168,0.00014676731438467705,open_nocap,core
USA_BEA,placebo_perm_008,2,1242,-0.003932631932185463,0.0031427367517086672,0.0031981843751359706,open_nocap,core
USA_BEA,placebo_perm_009,0,1350,0.00104183339219916,0.0021385017028403316,0.0002427600658153617,open_nocap,core
USA_BEA,placebo_perm_009,1,1296,0.002681763535519569,0.0013961801873964303,0.0015839265749943987,open_nocap,core
USA_BEA,placebo_perm_009,2,1242,-0.0011818705760829407,0.001135383904762893,0.00030956596831788197,open_nocap,core
USA_BEA,placebo_perm_010,0,1350,0.005200453274753398,0.0031424859998625356,0.005139539600536036,open_nocap,core
USA_BEA,placebo_perm_010,1,1296,0.00010419428084048841,0.001220312011495162,2.0379370000433994e-06,open_nocap,core
USA_BEA,placebo_perm_010,2,1242,-0.001052345863950925,0.0011891540757038282,0.0002126621966997977,open_nocap,core
USA_BEA,placebo_perm_011,0,1350,0.007397287678363337,0.004483829321796763,0.009682649606078786,open_nocap,core
USA_BEA,placebo_perm_011,1,1296,-0.0008396154047394964,0.0015128828502530322,0.0001233628514617502,open_nocap,core
USA_BEA,placebo_perm_011,2,1242,-0.002095723245279493,0.0020966867619820837,0.0007896396236968251,open_nocap,core
USA_BEA,placebo_perm_012,0,1350,0.004339713153410568,0.0020064327640903225,0.0040279529682850646,open_nocap,core
USA_BEA,placebo_perm_012,1,1296,0.0028697478702440393,0.0014110916531317795,0.0017400934755940067,open_nocap,core
USA_BEA,placebo_perm_012,2,1242,-0.0022088510846240464,0.0015474470641710781,0.0010576928916359307,open_nocap,core
USA_BEA,placebo_perm_013,0,1350,0.0066467453108680075,0.0034383011100336544,0.009291449184918532,open_nocap,core
USA_BEA,placebo_perm_013,1,1296,-0.0017125863111670193,0.0011470821599759878,0.0006064432888259752,open_nocap,core
USA_BEA,placebo_perm_013,2,1242,-0.0029589640193770695,0.002167596799930493,0.001840199099700346,open_nocap,core
USA_BEA,placebo_perm_014,0,1350,0.0026411374081764384,0.0016036330986603008,0.001386978017497098,open_nocap,core
USA_BEA,placebo_perm_014,1,1296,0.0011393042816605827,0.001588965007632149,0.00025404114917915166,open_nocap,core
USA_BEA,placebo_perm_014,2,1242,0.00159736659676559,0.0016777457290719244,0.0005143691950604268,open_nocap,core
USA_BEA,placebo_perm_015,0,1350,0.0064295606407345175,0.0032091250085335477,0.008361782673781848,open_nocap,core
USA_BEA,placebo_perm_015,1,1296,-0.0027017688485941895,0.001565659913301277,0.001445395316993947,open_nocap,core
USA_BEA,placebo_perm_015,2,1242,0.0016937235841771106,0.0011960544128736363,0.0005790139766800317,open_nocap,core
USA_BEA,placebo_perm_016,0,1350,0.005915418594245609,0.0041517212994440006,0.006595495234804738,open_nocap,core
USA_BEA,placebo_perm_016,1,1296,0.0014211685724963578,0.0011763749057376865,0.0003735139155123246,open_nocap,core
USA_BEA,placebo_perm_016,2,1242,-0.004143609236461656,0.002681029327689278,0.003245572354289905,open_nocap,core
USA_BEA,placebo_perm_017,0,1350,0.005357153058478369,0.002304497455514789,0.006127830204862961,open_nocap,core
USA_BEA,placebo_perm_017,1,1296,0.00018716636554593229,0.0015563566790228506,7.371553548685128e-06,open_nocap,core
USA_BEA,placebo_perm_017,2,1242,-0.005059275593130075,0.0019189951190607306,0.005545289531531328,open_nocap,core
USA_BEA,placebo_perm_018,0,1350,0.0060454101356984735,0.003182519773231092,0.00790471986451935,open_nocap,core
USA_BEA,placebo_perm_018,1,1296,-0.0006199627798238522,0.0013353049386385482,8.163184887133301e-05,open_nocap,core
USA_BEA,placebo_perm_018,2,1242,-0.0010191419181895165,0.002006844386115864,0.00022593504883772209,open_nocap,core
USA_BEA,placebo_perm_019,0,1350,0.006862183214201728,0.003199977819081656,0.009476534173549989,open_nocap,core
USA_BEA,placebo_perm_019,1,1296,-0.0025877077436552336,0.002024659697433308,0.0013099542100200035,open_nocap,core
USA_BEA,placebo_perm_019,2,1242,-0.003590176624710925,0.0023142059361719687,0.0025548190589536057,open_nocap,core
USA_BEA,placebo_random_000,0,1350,0.0010933551546406309,0.001091503515334694,0.00029794924784365406,open_nocap,core
USA_BEA,placebo_random_000,1,1296,0.002215439733554807,0.0013749519902156334,0.0011955417769935472,open_nocap,core
USA_BEA,placebo_random_000,2,1242,-9.835981567695583e-05,0.0010773728852223649,2.394361212076923e-06,open_nocap,core
USA_BEA,placebo_random_001,0,1350,0.0014381904455297607,0.0013628968815819907,0.0005677936364434366,open_nocap,core
USA_BEA,placebo_random_001,1,1296,0.0009228757248513787,0.000939764443876121,0.00022773181999169445,open_nocap,core
USA_BEA,placebo_random_001,2,1242,0.001345739189855904,0.001349640168299139,0.0004953483214439336,open_nocap,core
USA_BEA,placebo_random_002,0,1350,0.0029068178452219427,0.0016400151550280922,0.0021457820844521525,open_nocap,core
USA_BEA,placebo_random_002,1,1296,0.0008792441882908808,0.0018062858148844567,0.00019266982337551308,open_nocap,core
USA_BEA,placebo_random_002,2,1242,-0.0010111307128280397,0.0011781645021482828,0.0002592625243399427,open_nocap,core
USA_BEA,placebo_random_003,0,1350,0.003802189645849162,0.0022562288361551866,0.003522413467393015,open_nocap,core
USA_BEA,placebo_random_003,1,1296,0.002299049288066366,0.0015342786196184842,0.0012480501900851149,open_nocap,core
USA_BEA,placebo_random_003,2,1242,-0.0022281532689001323,0.0013725391037825935,0.0011965742623831765,open_nocap,core
USA_BEA,placebo_random_004,0,1350,0.00523799044106414,0.0035603903093413443,0.007120666676347365,open_nocap,core
USA_BEA,placebo_random_004,1,1296,-0.0008522024226057316,0.0014939101174053406,0.0001842459507358507,open_nocap,core
USA_BEA,placebo_random_004,2,1242,-0.0021532355083415766,0.0023351404816066472,0.0011806163376743006,open_nocap,core
USA_BEA,placebo_random_005,0,1350,0.003148891290727626,0.0019707193668185457,0.0024477649244737387,open_nocap,core
USA_BEA,placebo_random_005,1,1296,0.0013207905785375656,0.0014776866847361896,0.00043011712121565626,open_nocap,core
USA_BEA,placebo_random_005,2,1242,-0.0008824272940212724,0.0009368818665195853,0.00019204111333515073,open_nocap,core
USA_BEA,placebo_random_006,0,1350,0.0034142940821944453,0.0013542777455948795,0.002847885138810846,open_nocap,core
USA_BEA,placebo_random_006,1,1296,-0.0008210503248287902,0.001291603520152873,0.00016187067865147675,open_nocap,core
USA_BEA,placebo_random_006,2,1242,0.0014113925695618714,0.0010793467467883951,0.000494734041184719,open_nocap,core
USA_BEA,placebo_random_007,0,1350,0.004724893992616497,0.0022132550876943673,0.005854306083972194,open_nocap,core
USA_BEA,placebo_random_007,1,1296,0.0007835330505759266,0.001033211062540658,0.0001575459897831255,open_nocap,core
USA_BEA,placebo_random_007,2,1242,-0.0038498119784659704,0.0024680491418705083,0.0038948208529638872,open_nocap,core
USA_BEA,placebo_random_008,0,1350,0.0014605567489405866,0.001107366817046644,0.0005102913136922904,open_nocap,core
USA_BEA,placebo_random_008,1,1296,-0.00036982301498841814,0.0012946168476115508,3.161381038907507e-05,open_nocap,core
USA_BEA,placebo_random_008,2,1242,0.00280427085072806,0.0009442540065272124,0.0018837641855390386,open_nocap,core
USA_BEA,placebo_random_009,0,1350,0.0028177643874468146,0.0011550132344487652,0.0018639959762974945,open_nocap,core
USA_BEA,placebo_random_009,1,1296,0.0011746583563604846,0.0015717638463359147,0.0003201153702723225,open_nocap,core
USA_BEA,placebo_random_009,2,1242,8.627747430263098e-05,0.0011968272047812893,1.7678067011361875e-06,open_nocap,core
USA_BEA,placebo_random_010,0,1350,0.0003376946795528164,0.0014950994661008781,2.8409874242685262e-05,open_nocap,core
USA_BEA,placebo_random_010,1,1296,0.0012540622187597202,0.0014175207392475397,0.00038292654686189476,open_nocap,core
USA_BEA,placebo_random_010,2,1242,0.0010924136444016455,0.001512076695290839,0.00029523664253172655,open_nocap,core
USA_BEA,placebo_random_011,0,1350,0.0016453124503078155,0.001854739117266882,0.0006732003475979909,open_nocap,core
USA_BEA,placebo_random_011,1,1296,0.0019181372653812772,0.0010254735425827427,0.0009034091392798871,open_nocap,core
USA_BEA,placebo_random_011,2,1242,-0.0018060639845691709,0.0011028456007810342,0.0008238037654434427,open_nocap,core
USA_BEA,placebo_random_012,0,1350,0.005274557395311782,0.0017601510046273037,0.006870131753168196,open_nocap,core
USA_BEA,placebo_random_012,1,1296,-0.001071500731175743,0.0015320362982967177,0.0002710635297443753,open_nocap,core
USA_BEA,placebo_random_012,2,1242,-0.0023013346348731596,0.0012370260526892896,0.0012706406686094907,open_nocap,core
USA_BEA,placebo_random_013,0,1350,0.004019807225797655,0.0023913920977408076,0.0038173630540124792,open_nocap,core
USA_BEA,placebo_random_013,1,1296,0.00048773938793072953,0.0018764589174642627,5.54742664360397e-05,open_nocap,core
USA_BEA,placebo_random_013,2,1242,0.0005127074655726088,0.0015005125921589396,6.143154790094751e-05,open_nocap,core
USA_BEA,placebo_random_014,0,1350,0.0019403769129226315,0.0015987346198810697,0.000921751469063814,open_nocap,core
USA_BEA,placebo_random_014,1,1296,0.0024338342491033766,0.001161924893879084,0.0014424065838437583,open_nocap,core
USA_BEA,placebo_random_014,2,1242,-0.000931280582190776,0.0012417693530197358,0.0002155992094502457,open_nocap,core
USA_BEA,placebo_random_015,0,1350,0.0036185921222600774,0.001978242220650936,0.0033194152220175077,open_nocap,core
USA_BEA,placebo_random_015,1,1296,-0.00030500352490192686,0.0015985036491832395,2.2947868702050123e-05,open_nocap,core
USA_BEA,placebo_random_015,2,1242,-0.0004514078917244104,0.0009222662422940277,5.0654619511258936e-05,open_nocap,core
USA_BEA,placebo_random_016,0,1350,0.0024345977093460495,0.0013938340093150757,0.0015265093045802036,open_nocap,core
USA_BEA,placebo_random_016,1,1296,-0.002226117763361079,0.0015341208025579092,0.0012238126205714739,open_nocap,core
USA_BEA,placebo_random_016,2,1242,0.000701147931735176,0.001008679003795718,0.0001239376662643954,open_nocap,core
USA_BEA,placebo_random_017,0,1350,0.005998565121771409,0.002345673786328168,0.008197536320113774,open_nocap,core
USA_BEA,placebo_random_017,1,1296,0.001337293226047557,0.0020084431037255945,0.0003946445683213895,open_nocap,core
USA_BEA,placebo_random_017,2,1242,-0.002130993474467,0.0015943234376184147,0.0010123940332787962,open_nocap,core
USA_BEA,placebo_random_018,0,1350,0.002320182163490192,0.001761465997058657,0.0014240116304998773,open_nocap,core
USA_BEA,placebo_random_018,1,1296,0.0004946156131936093,0.0011811825208254358,6.412245906917136e-05,open_nocap,core
USA_BEA,placebo_random_018,2,1242,-0.0008064651744222573,0.002934084183682107,0.00017520071139687232,open_nocap,core
USA_BEA,placebo_random_019,0,1350,0.0036213647336249986,0.001792744057399911,0.0031398675530633913,open_nocap,core
USA_BEA,placebo_random_019,1,1296,0.001380534154902757,0.0017219433665398788,0.00044824271350007994,open_nocap,core
USA_BEA,placebo_random_019,2,1242,0.0005302978309662742,0.0010520802312415736,6.7392669112043e-05,open_nocap,core
USA_BEA,placebo_random_020,0,1350,0.0025251720729701434,0.0014595645905137909,0.0016404879226902258,open_nocap,core
USA_BEA,placebo_random_020,1,1296,0.00018190106997963615,0.0010994750640962922,8.431424828980738e-06,open_nocap,core
USA_BEA,placebo_random_020,2,1242,-0.0029596182279496975,0.0015227103803407984,0.002286064063795501,open_nocap,core
USA_BEA,placebo_random_021,0,1350,0.004186636365389155,0.001487908743754931,0.004254720639859433,open_nocap,core
USA_BEA,placebo_random_021,1,1296,-0.0022611054897164707,0.001508362319155817,0.001220304655298543,open_nocap,core
USA_BEA,placebo_random_021,2,1242,-0.0019118003283689299,0.0009638221668127039,0.0008986187680983804,open_nocap,core
USA_BEA,placebo_random_022,0,1350,0.006255794276961652,0.0026817786544490645,0.010234806315148282,open_nocap,core
USA_BEA,placebo_random_022,1,1296,-0.0016186339509238104,0.0017242628579687562,0.0006754740944552307,open_nocap,core
USA_BEA,placebo_random_022,2,1242,-0.0014677738446501826,0.0012715984799862223,0.0005584201878165995,open_nocap,core
USA_BEA,placebo_random_023,0,1350,0.004293163965004196,0.002217013943022439,0.004519131581506852,open_nocap,core
USA_BEA,placebo_random_023,1,1296,0.0018785687970738073,0.0012161401049016363,0.0008566096368750609,open_nocap,core
USA_BEA,placebo_random_023,2,1242,-0.000977355402758851,0.0021642386473592072,0.00023579666028539226,open_nocap,core
USA_BEA,placebo_random_024,0,1350,0.005191895205067564,0.0030296663568072373,0.006823855912744925,open_nocap,core
USA_BEA,placebo_random_024,1,1296,-6.0122890612149606e-05,0.00173437829575795,8.805229018138405e-07,open_nocap,core
USA_BEA,placebo_random_024,2,1242,-0.00033493334520973334,0.0012231734649629355,2.7689928028262756e-05,open_nocap,core
USA_BEA,placebo_random_025,0,1350,0.0008963626022838652,0.001792238406185024,0.00021250669369166086,open_nocap,core
USA_BEA,placebo_random_025,1,1296,0.0005368590035604917,0.001445699423557651,7.544408397386348e-05,open_nocap,core
USA_BEA,placebo_random_025,2,1242,0.001166198507159673,0.0017912306697024484,0.0003632807161244589,open_nocap,core
USA_BEA,placebo_random_026,0,1350,0.004588734246496997,0.002048139846316096,0.0055591683763750455,open_nocap,core
USA_BEA,placebo_random_026,1,1296,-0.0006395902656630363,0.0013913097974201807,0.0001049855514452247,open_nocap,core
USA_BEA,placebo_random_026,2,1242,-0.0006198844458266314,0.0010627522267511785,0.00010044041995960207,open_nocap,core
USA_BEA,placebo_random_027,0,1350,0.0051758921950408,0.0027967056196066577,0.0070665990473922635,open_nocap,core
USA_BEA,placebo_random_027,1,1296,-0.0054040187449464734,0.0022988358118603445,0.007586169258640529,open_nocap,core
USA_BEA,placebo_random_027,2,1242,0.00047472152437678163,0.0014317569653588727,5.909056496689047e-05,open_nocap,core
USA_BEA,placebo_random_028,0,1350,0.0032523211311009316,0.0020085735891099926,0.0026198928053543513,open_nocap,core
USA_BEA,placebo_random_028,1,1296,0.0014729368910733967,0.0013081801802124677,0.0005313520926099047,open_nocap,core
USA_BEA,placebo_random_028,2,1242,-0.0012959730867351806,0.0014892024294622529,0.00042120488051278215,open_nocap,core
USA_BEA,placebo_random_029,0,1350,0.00251866877172173,0.0031418248609268833,0.0016884031644597286,open_nocap,core
USA_BEA,placebo_random_029,1,1296,-0.00015262712624818193,0.0011516187160887728,6.067896240802284e-06,open_nocap,core
USA_BEA,placebo_random_029,2,1242,-0.0003179013092966837,0.00251980801681965,2.7135952662571405e-05,open_nocap,core
USA_BEA,placebo_random_030,0,1350,0.0067807072746256004,0.0022071385763466314,0.011172648272175012,open_nocap,core
USA_BEA,placebo_random_030,1,1296,0.00047383165074460596,0.0009890766213916519,5.340811991094707e-05,open_nocap,core
USA_BEA,placebo_random_030,2,1242,-0.002858778941001558,0.001508620184552855,0.001999130936895077,open_nocap,core
USA_BEA,placebo_random_031,0,1350,0.004086492655647417,0.001938141306440737,0.004150925547951934,open_nocap,core
USA_BEA,placebo_random_031,1,1296,0.0019338042329636786,0.001016501505443926,0.0009191928810174943,open_nocap,core
USA_BEA,placebo_random_031,2,1242,-0.0015011948243735655,0.0015035168997279676,0.0005655663817319967,open_nocap,core
USA_BEA,placebo_random_032,0,1350,0.0028016196498458425,0.002314445382565259,0.0019345714566435523,open_nocap,core
USA_BEA,placebo_random_032,1,1296,0.0014524554461524902,0.0014634101677554515,0.0005137263468961706,open_nocap,core
USA_BEA,placebo_random_032,2,1242,-0.000618944854293397,0.0013304404869097601,9.561415704995024e-05,open_nocap,core
USA_BEA,placebo_random_033,0,1350,0.0027630673761558228,0.0020217066945818585,0.001884596842689712,open_nocap,core
USA_BEA,placebo_random_033,1,1296,0.0010910829610924627,0.0016436454004997334,0.0002880307679784533,open_nocap,core
USA_BEA,placebo_random_033,2,1242,0.0002565027975446297,0.0015687363357996832,1.631896698439661e-05,open_nocap,core
USA_BEA,placebo_random_034,0,1350,0.0041976056203710714,0.001394047648233292,0.004480106721643784,open_nocap,core
USA_BEA,placebo_random_034,1,1296,0.0007050698367844449,0.001194616034453144,0.00012522018358429587,open_nocap,core
USA_BEA,placebo_random_034,2,1242,-0.0008117817299469865,0.001407882486842744,0.00016983592526420566,open_nocap,core
USA_BEA,placebo_random_035,0,1350,0.0049063922905992876,0.0020169708607999303,0.005534557768311799,open_nocap,core
USA_BEA,placebo_random_035,1,1296,0.00040619865670551807,0.001072051003484331,3.727833236288891e-05,open_nocap,core
USA_BEA,placebo_random_035,2,1242,-0.00325196449817197,0.001542891203681248,0.002427979704926586,open_nocap,core
USA_BEA,placebo_random_036,0,1350,0.002082070348793723,0.0014343424749413871,0.001189657738609018,open_nocap,core
USA_BEA,placebo_random_036,1,1296,0.0011021646838382316,0.0008613959106719258,0.00032248310061955276,open_nocap,core
USA_BEA,placebo_random_036,2,1242,-0.0017535776296763903,0.001461886677185828,0.0008384774536313033,open_nocap,core
USA_BEA,placebo_random_037,0,1350,0.0029990915920474247,0.0016738737657292315,0.002295743577736875,open_nocap,core
USA_BEA,placebo_random_037,1,1296,0.00010209932738717482,0.0007257985003600007,2.6285834066053226e-06,open_nocap,core
USA_BEA,placebo_random_037,2,1242,-0.0013286426517685158,0.0014855670516123187,0.000459024005253883,open_nocap,core
USA_BEA,placebo_random_038,0,1350,0.003912942016189112,0.003187401025989296,0.004201838646097578,open_nocap,core
USA_BEA,placebo_random_038,1,1296,0.00041108688262652966,0.0010115048855167273,4.505051869263532e-05,open_nocap,core
USA_BEA,placebo_random_038,2,1242,-0.002475985889845619,0.003165740584222163,0.0016560626193409256,open_nocap,core
USA_BEA,placebo_random_039,0,1350,0.004717977257037715,0.0031164837452280444,0.005331021686252324,open_nocap,core
USA_BEA,placebo_random_039,1,1296,-0.0009639849300961231,0.0016972410948330415,0.00021621771037316773,open_nocap,core
USA_BEA,placebo_random_039,2,1242,-0.0027145361670518355,0.0020546741012350883,0.0017371727431518824,open_nocap,core
USA_BEA,placebo_random_040,0,1350,0.006241644705118374,0.002688677883520264,0.009310328709302707,open_nocap,core
USA_BEA,placebo_random_040,1,1296,-0.0006083227301894887,0.0009721470376748788,8.702825499673494e-05,open_nocap,core
USA_BEA,placebo_random_040,2,1242,-0.0008614091954946506,0.0014480083052788421,0.00017856175490293946,open_nocap,core
USA_BEA,placebo_random_041,0,1350,0.007274749504825091,0.003076670666820253,0.01265925346359198,open_nocap,core
USA_BEA,placebo_random_041,1,1296,0.002469879949517284,0.0016869286035720106,0.001430290641965648,open_nocap,core
USA_BEA,placebo_random_041,2,1242,-0.0037740493417118674,0.002544106524297729,0.0034430171398894815,open_nocap,core
USA_BEA,placebo_random_042,0,1350,0.0033824931131821757,0.001651782579901788,0.002791418469032636,open_nocap,core
USA_BEA,placebo_random_042,1,1296,0.001801219704172264,0.001411957220636438,0.0007658540289690041,open_nocap,core
USA_BEA,placebo_random_042,2,1242,-0.002164575610787381,0.0014102329866665234,0.001121470222767429,open_nocap,core
USA_BEA,placebo_random_043,0,1350,0.004494037128519542,0.0019362062619102407,0.004684200846739817,open_nocap,core
USA_BEA,placebo_random_043,1,1296,-0.0015718035688506958,0.0009408583324521251,0.0005591384086304219,open_nocap,core
USA_BEA,placebo_random_043,2,1242,-0.00023635836835793683,0.001891855238999188,1.2920102014368773e-05,open_nocap,core
USA_BEA,placebo_random_044,0,1350,0.007976737420078902,0.0037199174526598615,0.015645744033745412,open_nocap,core
USA_BEA,placebo_random_044,1,1296,-0.0012403132474522465,0.0024812909867277465,0.00036759948791953434,open_nocap,core
USA_BEA,placebo_random_044,2,1242,-0.00560158999583179,0.0016520392430170454,0.0077353149494288065,open_nocap,core
USA_BEA,placebo_random_045,0,1350,0.0048798228765357795,0.0019110990610402858,0.00639585047047353,open_nocap,core
USA_BEA,placebo_random_045,1,1296,0.0013126423421274238,0.0013198716015668404,0.00045143070576780797,open_nocap,core
USA_BEA,placebo_random_045,2,1242,-0.002602339103823643,0.001588686252795688,0.001804892819530779,open_nocap,core
USA_BEA,placebo_random_046,0,1350,0.005450966870797602,0.0036468286754742273,0.007653706588916509,open_nocap,core
USA_BEA,placebo_random_046,1,1296,-0.0015517932306322265,0.0013723043970098674,0.0006075111622111384,open_nocap,core
USA_BEA,placebo_random_046,2,1242,-0.0014839055389779911,0.0021902278295643325,0.0005657881535531262,open_nocap,core
USA_BEA,placebo_random_047,0,1350,0.002674639747651502,0.0018440087292631393,0.0017764939714911554,open_nocap,core
USA_BEA,placebo_random_047,1,1296,0.0007282336280426815,0.0013669843893761888,0.00013093909184358488,open_nocap,core
USA_BEA,placebo_random_047,2,1242,-0.0028181895137446445,0.0019507815473927366,0.0019839880136630628,open_nocap,core
USA_BEA,placebo_random_048,0,1350,0.0030781019458205575,0.0024722117022489467,0.0023358600546031782,open_nocap,core
USA_BEA,placebo_random_048,1,1296,0.00023797714327953396,0.0017092618264913453,1.378182563094299e-05,open_nocap,core
USA_BEA,placebo_random_048,2,1242,-0.0022165694434705483,0.0022273529551459855,0.0012365482171072806,open_nocap,core
USA_BEA,placebo_random_049,0,1350,0.0040203308760377926,0.0025785003528904266,0.004053618710434748,open_nocap,core
USA_BEA,placebo_random_049,1,1296,-0.0014769258518780419,0.0014975194094737046,0.0005386884358452582,open_nocap,core
USA_BEA,placebo_random_049,2,1242,-0.002729983608935128,0.0025427688471132575,0.0018751105316586747,open_nocap,core
USA_BEA,pp_actual_wage,0,1350,0.40104085229530834,0.13208718303156164,0.3663946405850568,open_nocap,core
USA_BEA,pp_actual_wage,1,1296,0.026296383745557185,0.018799943912252013,0.0015294133291718914,open_nocap,core
USA_BEA,pp_actual_wage,2,1242,-0.09350858158263922,0.04659403048536561,0.019626877540964816,open_nocap,core
USA_BEA,pp_eigen,0,1350,0.44017977292959776,0.13158826936084625,0.3536974482340606,open_nocap,core
USA_BEA,pp_eigen,1,1296,0.027753290959157687,0.021731737298373018,0.0013561976204634618,open_nocap,core
USA_BEA,pp_eigen,2,1242,-0.10183732002101877,0.05050215864258931,0.018431589999676312,open_nocap,core
USA_BEA,pp_uniform_wage,0,1350,0.3035260503890932,0.11466877594742134,0.2875363483054878,open_nocap,core
USA_BEA,pp_uniform_wage,1,1296,0.033583021801522145,0.018922496766570665,0.003465299771386099,open_nocap,core
USA_BEA,pp_uniform_wage,2,1242,-0.06177751614474447,0.03535404674323619,0.011977081557238423,open_nocap,core
USA_BEA,k:111CA,0,1725,0.6208572387771438,0.15599931500353667,0.4965535833818304,closed_cap,all
USA_BEA,k:111CA,1,1656,-0.011531964499514935,0.03251543158569392,0.00016290107001770693,closed_cap,all
USA_BEA,k:111CA,2,1587,-0.19112897316936348,0.07984936794945312,0.0454211237571398,closed_cap,all
USA_BEA,k:113FF,0,1725,0.5807364817795064,0.14727133053053038,0.4713102662721814,closed_cap,all
USA_BEA,k:113FF,1,1656,-0.00901269563058259,0.028079627243583774,0.00010948752005179863,closed_cap,all
USA_BEA,k:113FF,2,1587,-0.1737114301444031,0.07498561779354328,0.041745019043754605,closed_cap,all
USA_BEA,k:211,0,1725,0.4462958921705539,0.12465944493601437,0.3249631865934417,closed_cap,all
USA_BEA,k:211,1,1656,0.02331240522375574,0.021242529210486,0.0008458243996450898,closed_cap,all
USA_BEA,k:211,2,1587,-0.1398244519592116,0.06433714090286043,0.03172235883585828,closed_cap,all
USA_BEA,k:212,0,1725,0.4851965171435693,0.1464731551512386,0.3462107052264577,closed_cap,all
USA_BEA,k:212,1,1656,0.001108784167801272,0.038787150968867486,1.7569759271918173e-06,closed_cap,all
USA_BEA,k:212,2,1587,-0.14811959513769116,0.07809134753376928,0.03207178613359973,closed_cap,all
USA_BEA,k:213,0,1725,0.5229386830000102,0.17958091807370322,0.293786346449029,closed_cap,all
USA_BEA,k:213,1,1656,0.014445904279411136,0.02887332463443559,0.0002189092223214839,closed_cap,all
USA_BEA,k:213,2,1587,-0.19937105376746203,0.09506985373776793,0.042401640986258426,closed_cap,all
USA_BEA,k:22,0,1725,0.5044800989107207,0.1572643855307797,0.4084503590688272,closed_cap,all
USA_BEA,k:22,1,1656,-0.012577762751108655,0.031964896247314106,0.00024373141637945572,closed_cap,all
USA_BEA,k:22,2,1587,-0.18171579389960674,0.07698500159527127,0.05301473629521769,closed_cap,all
USA_BEA,k:23,0,1725,0.6929105375768256,0.1372548704223043,0.535900966694518,closed_cap,all
USA_BEA,k:23,1,1656,0.0014489817373695396,0.031122019610256183,2.276887281826845e-06,closed_cap,all
USA_BEA,k:23,2,1587,-0.2330047567285209,0.0877815512627613,0.061224226298219775,closed_cap,all
USA_BEA,k:311FT,0,1725,0.7111976550960878,0.14929819618657716,0.5602110928072099,closed_cap,all
USA_BEA,k:311FT,1,1656,-0.010180721050764473,0.03605737454111573,0.00010984610587960741,closed_cap,all
USA_BEA,k:311FT,2,1587,-0.21578848081303495,0.08406587991869169,0.05104840782146569,closed_cap,all
USA_BEA,k:313TT,0,1725,0.5618625180391102,0.14682718675734924,0.4528379766377846,closed_cap,all
USA_BEA,k:313TT,1,1656,-0.007779895679091787,0.028439211412219306,8.123360689482606e-05,closed_cap,all
USA_BEA,k:313TT,2,1587,-0.17136442725281784,0.07852772219325356,0.04079826884256843,closed_cap,all
USA_BEA,k:315AL,0,1725,0.4084053936339271,0.14820743723011226,0.3198444755007459,closed_cap,all
USA_BEA,k:315AL,1,1656,-0.0032077277530909937,0.022102139125768545,1.840281063658633e-05,closed_cap,all
USA_BEA,k:315AL,2,1587,-0.13478446132220376,0.06631796975548772,0.03255110068057421,closed_cap,all
USA_BEA,k:321,0,1725,0.6020012640799325,0.15009224648398606,0.46770103999252677,closed_cap,all
USA_BEA,k:321,1,1656,-0.007581569405454048,0.027713305533394208,7.204868127030917e-05,closed_cap,all
USA_BEA,k:321,2,1587,-0.1872196086870424,0.08148829383164881,0.045592672052766625,closed_cap,all
USA_BEA,k:322,0,1725,0.5795957662124068,0.15367145201429655,0.46628398763716405,closed_cap,all
USA_BEA,k:322,1,1656,-0.012059031919813699,0.03024727903270803,0.00019416450099052351,closed_cap,all
USA_BEA,k:322,2,1587,-0.1738131274548881,0.07664916044810377,0.04190543417515247,closed_cap,all
USA_BEA,k:323,0,1725,0.5439647706435484,0.1568492173146869,0.44174588035384843,closed_cap,all
USA_BEA,k:323,1,1656,-0.011587046666192338,0.025672418381547144,0.0001942467412080484,closed_cap,all
USA_BEA,k:323,2,1587,-0.1729387647747218,0.07811977108316306,0.04526353880828038,closed_cap,all
USA_BEA,k:324,0,1725,0.5174223160932855,0.13471618854493994,0.4045979611727236,closed_cap,all
USA_BEA,k:324,1,1656,-0.010133273095645247,0.035162494374470596,0.0001506925267957815,closed_cap,all
USA_BEA,k:324,2,1587,-0.16195462671009528,0.06736357596861979,0.03959474358805304,closed_cap,all
USA_BEA,k:325,0,1725,0.6282832856565151,0.1363004289958052,0.5179396197658512,closed_cap,all
USA_BEA,k:325,1,1656,0.008780887192267696,0.04088853686027419,9.639532163530085e-05,closed_cap,all
USA_BEA,k:325,2,1587,-0.18554558453757422,0.07301990488319643,0.04442952068728878,closed_cap,all
USA_BEA,k:326,0,1725,0.6259807327495333,0.14689240617531596,0.5075530464298479,closed_cap,all
USA_BEA,k:326,1,1656,-0.014042970416111904,0.030539548749693196,0.00024550257896527317,closed_cap,all
USA_BEA,k:326,2,1587,-0.1984927980247123,0.07940407180965249,0.05064403713896215,closed_cap,all
USA_BEA,k:327,0,1725,0.6458476230960752,0.14591251489679458,0.5100153250938271,closed_cap,all
USA_BEA,k:327,1,1656,-0.006507808898115818,0.04237199522451678,5.012038447738121e-05,closed_cap,all
USA_BEA,k:327,2,1587,-0.18299469694357864,0.08487027084645861,0.04097931479463757,closed_cap,all
USA_BEA,k:331,0,1725,0.6046957149308996,0.1368395310248863,0.5144014844534428,closed_cap,all
USA_BEA,k:331,1,1656,-0.011339585222194795,0.031149889334400056,0.0001743970061054423,closed_cap,all
USA_BEA,k:331,2,1587,-0.1896322061745683,0.0800495408365053,0.0497670704260228,closed_cap,all
USA_BEA,k:332,0,1725,0.5874782975254674,0.151658972636357,0.48219950011246615,closed_cap,all
USA_BEA,k:332,1,1656,-0.013496839849443016,0.028371583900824594,0.0002472453635175009,closed_cap,all
USA_BEA,k:332,2,1587,-0.18096643404668528,0.07549494113819638,0.04597017128438774,closed_cap,all
USA_BEA,k:333,0,1725,0.625708810011253,0.15455996344604253,0.48738467244218087,closed_cap,all
USA_BEA,k:333,1,1656,0.014019068254937712,0.024649430044153292,0.000237867696201155,closed_cap,all
USA_BEA,k:333,2,1587,-0.18519957546806443,0.0814643285591269,0.04294999550124268,closed_cap,all
USA_BEA,k:334,0,1725,0.6416441451633859,0.1408736036531781,0.5093328940808146,closed_cap,all
USA_BEA,k:334,1,1656,0.0008748767509256082,0.027841840520250828,9.127133392405895e-07,closed_cap,all
USA_BEA,k:334,2,1587,-0.21436912557800802,0.08510198824435701,0.05618722085285033,closed_cap,all
USA_BEA,k:335,0,1725,0.6566328704562273,0.14352980790738876,0.5205449316946109,closed_cap,all
USA_BEA,k:335,1,1656,-0.00018059686091751769,0.02831538819911052,3.8064109197932794e-08,closed_cap,all
USA_BEA,k:335,2,1587,-0.2052781872701272,0.08785318066313033,0.05104663715114388,closed_cap,all
USA_BEA,k:3361MV,0,1725,0.6805783801535433,0.13909908081478337,0.5434676194256538,closed_cap,all
USA_BEA,k:3361MV,1,1656,-0.014427349572684692,0.03110853038325637,0.00023642292785019947,closed_cap,all
USA_BEA,k:3361MV,2,1587,-0.22474761243371727,0.08315171776617368,0.05923701909931711,closed_cap,all
USA_BEA,k:3364OT,0,1725,0.5156984519254468,0.1524472155341117,0.40405227707969016,closed_cap,all
USA_BEA,k:3364OT,1,1656,0.008581817760784085,0.023736377516264368,0.00010787794203070966,closed_cap,all
USA_BEA,k:3364OT,2,1587,-0.1839473674828912,0.08385485067483894,0.05173913373872696,closed_cap,all
USA_BEA,k:337,0,1725,0.5857763303980911,0.15278307325120166,0.45876422015699425,closed_cap,all
USA_BEA,k:337,1,1656,-0.005339452095670088,0.026792603278852436,3.7113844602476576e-05,closed_cap,all
USA_BEA,k:337,2,1587,-0.19129882236731324,0.0821398848629527,0.04976206510821124,closed_cap,all
USA_BEA,k:339,0,1725,0.6607745339000103,0.1478363299849195,0.5147515171604642,closed_cap,all
USA_BEA,k:339,1,1656,-0.007211693097655885,0.03027913584956478,5.854387082182555e-05,closed_cap,all
USA_BEA,k:339,2,1587,-0.20985364040083376,0.08704342746789281,0.05154030091150874,closed_cap,all
USA_BEA,k:42,0,1725,0.7026179852264332,0.1482129183028088,0.5624557148930547,closed_cap,all
USA_BEA,k:42,1,1656,-0.005898267039349723,0.03402827152678852,3.818231726526733e-05,closed_cap,all
USA_BEA,k:42,2,1587,-0.22086952609325394,0.08391728855246813,0.055253586092311346,closed_cap,all
USA_BEA,k:441,0,1725,0.7104097267992183,0.15245445735642724,0.552401089099886,closed_cap,all
USA_BEA,k:441,1,1656,-0.015275415019447116,0.03544324074882764,0.0002450858257104782,closed_cap,all
USA_BEA,k:441,2,1587,-0.222820543093519,0.08668282896510783,0.05407080684194243,closed_cap,all
USA_BEA,k:445,0,1725,0.7414937030943228,0.15216376336912463,0.5714153830383757,closed_cap,all
USA_BEA,k:445,1,1656,-0.017544567714819267,0.03855557824466187,0.0003052438877375607,closed_cap,all
USA_BEA,k:445,2,1587,-0.22809739590680936,0.08749859154970296,0.05340738251796884,closed_cap,all
USA_BEA,k:452,0,1725,0.7405728717802337,0.15171133535089681,0.5707383236870511,closed_cap,all
USA_BEA,k:452,1,1656,-0.016872683142463492,0.03794141293359539,0.00028290007067321987,closed_cap,all
USA_BEA,k:452,2,1587,-0.22945421893274087,0.08782983635400934,0.05417646771333373,closed_cap,all
USA_BEA,k:481,0,1725,0.6387506267723441,0.15540298780152378,0.496588764450448,closed_cap,all
USA_BEA,k:481,1,1656,-0.007790849912938972,0.03548161024223053,7.110729802239923e-05,closed_cap,all
USA_BEA,k:481,2,1587,-0.20651863665025913,0.0815398891215055,0.05205320533974267,closed_cap,all
USA_BEA,k:482,0,1725,0.5891998109533385,0.15049910384984744,0.455097537097755,closed_cap,all
USA_BEA,k:482,1,1656,-0.020548955321811217,0.02847029611840376,0.0005333227823315356,closed_cap,all
USA_BEA,k:482,2,1587,-0.18928294850545613,0.08520549009410955,0.04648893399890608,closed_cap,all
USA_BEA,k:483,0,1725,0.555886468964371,0.1420886879445273,0.45214349947537114,closed_cap,all
USA_BEA,k:483,1,1656,0.0743332864460396,0.029355405331667413,0.007793883092704346,closed_cap,all
USA_BEA,k:483,2,1587,-0.16171984377585977,0.07693279388724372,0.0371435394639581,closed_cap,all
USA_BEA,k:484,0,1725,0.6517868883107412,0.15405161056719843,0.5020677200370127,closed_cap,all
USA_BEA,k:484,1,1656,-0.018072067162825074,0.03046989846179153,0.00037277679706937406,closed_cap,all
USA_BEA,k:484,2,1587,-0.19619526041451116,0.08216489917538751,0.045382314851642014,closed_cap,all
USA_BEA,k:485,0,1725,0.6316153848693805,0.15481308530049973,0.4953041910892708,closed_cap,all
USA_BEA,k:485,1,1656,-0.020474022379167036,0.033903710435054316,0.0005007104954399821,closed_cap,all
USA_BEA,k:485,2,1587,-0.199774343684222,0.08156493823338808,0.04952706419064479,closed_cap,all
USA_BEA,k:486,0,1725,0.4297897489325471,0.1189477316601778,0.32308669686765956,closed_cap,all
USA_BEA,k:486,1,1656,0.03702771241535264,0.02951508931572623,0.00233824487187817,closed_cap,all
USA_BEA,k:486,2,1587,-0.14009967501474221,0.05734352436614601,0.034967265259162716,closed_cap,all
USA_BEA,k:487OS,0,1725,0.48383164836469844,0.15136812385812592,0.3877652486248866,closed_cap,all
USA_BEA,k:487OS,1,1656,-0.01820733234569803,0.02600453025807235,0.0005354012970141264,closed_cap,all
USA_BEA,k:487OS,2,1587,-0.15661483355955458,0.07106175567691668,0.0414009082890453,closed_cap,all
USA_BEA,k:493,0,1725,0.4101666232891541,0.13538825773051158,0.3290734895837264,closed_cap,all
USA_BEA,k:493,1,1656,-0.02265663350802259,0.018708510571882327,0.000980470467561556,closed_cap,all
USA_BEA,k:493,2,1587,-0.1343088252393465,0.06024595910665406,0.03571473052639762,closed_cap,all
USA_BEA,k:4A0,0,1725,0.7327330338581499,0.15045860327998936,0.5667555455689954,closed_cap,all
USA_BEA,k:4A0,1,1656,-0.014809226217638045,0.03573936057807845,0.00022148247148146005,closed_cap,all
USA_BEA,k:4A0,2,1587,-0.22897225540956279,0.08853670812691523,0.05485062172624877,closed_cap,all
USA_BEA,k:511,0,1725,0.6580002196667712,0.1481832835357873,0.5160528006172296,closed_cap,all
USA_BEA,k:511,1,1656,-0.006608035507832664,0.02960158292752651,5.0404607603748985e-05,closed_cap,all
USA_BEA,k:511,2,1587,-0.21112848668144468,0.08665647880692526,0.05351805275678234,closed_cap,all
USA_BEA,k:512,0,1725,0.6416067055075454,0.14835879340587588,0.5078070575139224,closed_cap,all
USA_BEA,k:512,1,1656,-0.0033461602365401784,0.027186971037484485,1.3376629669603624e-05,closed_cap,all
USA_BEA,k:512,2,1587,-0.20599889898244786,0.08241305553047501,0.052934509345773706,closed_cap,all
USA_BEA,k:513,0,1725,0.6370950363055673,0.15787337560880513,0.5105776174524425,closed_cap,all
USA_BEA,k:513,1,1656,-0.01692679913421861,0.03092015001519488,0.00034678831928358633,closed_cap,all
USA_BEA,k:513,2,1587,-0.19973877882341767,0.08219641301077567,0.050228755929040636,closed_cap,all
USA_BEA,k:514,0,1725,0.5765304070639327,0.15003801801577032,0.4594273937980792,closed_cap,all
USA_BEA,k:514,1,1656,-0.01552040261907419,0.02720563965023555,0.0003229996675471192,closed_cap,all
USA_BEA,k:514,2,1587,-0.18335624703265382,0.08031383832304839,0.04695321781663364,closed_cap,all
USA_BEA,k:521CI,0,1725,0.6338095314031291,0.16156855942434864,0.4874120764104094,closed_cap,all
USA_BEA,k:521CI,1,1656,-0.007145220085954264,0.037095438665856274,5.737551992834877e-05,closed_cap,all
USA_BEA,k:521CI,2,1587,-0.2133574420995364,0.08937716355903227,0.052702447002724195,closed_cap,all
USA_BEA,k:523,0,1725,0.5591110149427105,0.15811360479945658,0.4381081667950515,closed_cap,all
USA_BEA,k:523,1,1656,-0.010392896644444042,0.03138069350294725,0.00014570763153187727,closed_cap,all
USA_BEA,k:523,2,1587,-0.17144208163601474,0.07412394414387885,0.04128005905439602,closed_cap,all
USA_BEA,k:524,0,1725,0.6195891628500834,0.1467918988160888,0.5013934942988397,closed_cap,all
USA_BEA,k:524,1,1656,-0.022527518779271737,0.035575127285515915,0.0006274164594335385,closed_cap,all
USA_BEA,k:524,2,1587,-0.19250707509850767,0.07143945580598435,0.047187863279531395,closed_cap,all
USA_BEA,k:525,0,1725,0.6873728607774952,0.1603839448009326,0.530494658066287,closed_cap,all
USA_BEA,k:525,1,1656,-0.016720619968710732,0.03699650933286666,0.0002887216065210474,closed_cap,all
USA_BEA,k:525,2,1587,-0.2159532156170943,0.08707954935032869,0.04985227714798668,closed_cap,all
USA_BEA,k:532RL,0,1725,0.4741246265002759,0.13401647770486422,0.36278853577389547,closed_cap,all
USA_BEA,k:532RL,1,1656,-0.04124251764410489,0.03341755140719461,0.002651596670145473,closed_cap,all
USA_BEA,k:532RL,2,1587,-0.1518977758626209,0.07072763813372153,0.03720392303733122,closed_cap,all
USA_BEA,k:5411,0,1725,0.5983218083542537,0.14927604162121358,0.4868343642965276,closed_cap,all
USA_BEA,k:5411,1,1656,-0.016352679660760275,0.028026124712074975,0.000349626354845034,closed_cap,all
USA_BEA,k:5411,2,1587,-0.17927236651199477,0.07280406003715592,0.043902984167114245,closed_cap,all
USA_BEA,k:5412OP,0,1725,0.5991515830939976,0.14956733068217623,0.4817933359990594,closed_cap,all
USA_BEA,k:5412OP,1,1656,-0.013829898104501559,0.027748024965628063,0.0002487616188872055,closed_cap,all
USA_BEA,k:5412OP,2,1587,-0.19461323915542098,0.08213960251987233,0.05127201846677665,closed_cap,all
USA_BEA,k:5415,0,1725,0.6288118690952506,0.14304603610515523,0.504450074696359,closed_cap,all
USA_BEA,k:5415,1,1656,-0.0035726042177369037,0.02913385604953032,1.5790984698726973e-05,closed_cap,all
USA_BEA,k:5415,2,1587,-0.21484895655017963,0.08873927896124825,0.05936741425673009,closed_cap,all
USA_BEA,k:55,0,1725,0.5016949025614067,0.12515807205926766,0.45920719130967,closed_cap,all
USA_BEA,k:55,1,1656,-0.03056406653418664,0.028005167131179426,0.0016221650685911415,closed_cap,all
USA_BEA,k:55,2,1587,-0.179191036351234,0.07275271961090053,0.05715479887418484,closed_cap,all
USA_BEA,k:561,0,1725,0.5022318094631135,0.15501004749004543,0.40859539108326204,closed_cap,all
USA_BEA,k:561,1,1656,-0.019243744515028405,0.025181809231856353,0.000581236324495582,closed_cap,all
USA_BEA,k:561,2,1587,-0.15868831481192283,0.07515302300562418,0.04097430197231422,closed_cap,all
USA_BEA,k:562,0,1725,0.5820479220610252,0.14503150722329033,0.4820078638545474,closed_cap,all
USA_BEA,k:562,1,1656,-0.0007665535055844827,0.03538286515214901,8.082145699361831e-07,closed_cap,all
USA_BEA,k:562,2,1587,-0.1846946973189275,0.07416080017789152,0.048725452612955245,closed_cap,all
USA_BEA,k:61,0,1725,0.7258143599776599,0.15246634692350786,0.5618089526739466,closed_cap,all
USA_BEA,k:61,1,1656,-0.0162248775276324,0.036516019692446264,0.0002683994984979954,closed_cap,all
USA_BEA,k:61,2,1587,-0.22608835595731347,0.08756215130821975,0.054063675445131576,closed_cap,all
USA_BEA,k:621,0,1725,0.7420135279275609,0.15206067993496297,0.5708936896098944,closed_cap,all
USA_BEA,k:621,1,1656,-0.01782316115244296,0.03844986329037629,0.00031419293486756317,closed_cap,all
USA_BEA,k:621,2,1587,-0.2284631639313209,0.08753072322457986,0.053428419776430314,closed_cap,all
USA_BEA,k:622,0,1725,0.7395416863378504,0.15202418884091537,0.5691717893308017,closed_cap,all
USA_BEA,k:622,1,1656,-0.018032955436417617,0.03826521283257461,0.0003229409198396427,closed_cap,all
USA_BEA,k:622,2,1587,-0.22813704117460648,0.08750439237856653,0.05349566162404473,closed_cap,all
USA_BEA,k:623,0,1725,0.7419097865684128,0.1521543835267332,0.5706019752903655,closed_cap,all
USA_BEA,k:623,1,1656,-0.01807110757926347,0.03853158642327385,0.0003228803089112553,closed_cap,all
USA_BEA,k:623,2,1587,-0.2287304985453663,0.0876662295089922,0.05353319349663599,closed_cap,all
USA_BEA,k:624,0,1725,0.7429579051254278,0.15205611338283853,0.5715851285020446,closed_cap,all
USA_BEA,k:624,1,1656,-0.017896044625858566,0.03858287496104745,0.0003163191728293713,closed_cap,all
USA_BEA,k:624,2,1587,-0.22900395182365343,0.0876003827825393,0.05359870013037238,closed_cap,all
USA_BEA,k:711AS,0,1725,0.6432021332853477,0.15424261771883557,0.5090232932888685,closed_cap,all
USA_BEA,k:711AS,1,1656,-0.02277199363701069,0.033475691759866484,0.0006125266890372183,closed_cap,all
USA_BEA,k:711AS,2,1587,-0.20750465301165252,0.0820769893729783,0.05274252421603387,closed_cap,all
USA_BEA,k:713,0,1725,0.7312630254148776,0.1519211463654051,0.5668233605732158,closed_cap,all
USA_BEA,k:713,1,1656,-0.019913179501135053,0.037657184040539624,0.0004009419520454305,closed_cap,all
USA_BEA,k:713,2,1587,-0.22966625536238655,0.0862285371648783,0.0550733790523813,closed_cap,all
USA_BEA,k:721,0,1725,0.6822385625946825,0.15507126539862776,0.5338538644991837,closed_cap,all
USA_BEA,k:721,1,1656,-0.0185563619094272,0.03568305149235844,0.00037841528719062545,closed_cap,all
USA_BEA,k:721,2,1587,-0.21321356032434968,0.08616152756362236,0.05185284659789213,closed_cap,all
USA_BEA,k:722,0,1725,0.7105240281294144,0.15228526330105452,0.555772832940256,closed_cap,all
USA_BEA,k:722,1,1656,-0.016764123070262277,0.03694465733952586,0.0002958021427039714,closed_cap,all
USA_BEA,k:722,2,1587,-0.2204152816767288,0.08558546410700762,0.052985172104976774,closed_cap,all
USA_BEA,k:81,0,1725,0.6566614071487341,0.1586325317721894,0.511829817170283,closed_cap,all
USA_BEA,k:81,1,1656,-0.02016139381656396,0.033700008491789946,0.0004629579189632249,closed_cap,all
USA_BEA,k:81,2,1587,-0.20337039637439128,0.08332300839203322,0.04887685711691192,closed_cap,all
USA_BEA,k:GFE,0,1725,0.5322695980368884,0.15712024449627282,0.4286612397845302,closed_cap,all
USA_BEA,k:GFE,1,1656,-0.021527664956365766,0.029414262202154318,0.0006682913865392326,closed_cap,all
USA_BEA,k:GFE,2,1587,-0.18416044846355056,0.07786075599047748,0.05012080959295939,closed_cap,all
USA_BEA,k:GFGD+GFGN,0,1725,0.6043426935685932,0.1481001389738296,0.48238703415045947,closed_cap,all
USA_BEA,k:GFGD+GFGN,1,1656,-0.013508265793465812,0.02786126907462287,0.00023057284043959125,closed_cap,all
USA_BEA,k:GFGD+GFGN,2,1587,-0.20394385234049825,0.08426088532834454,0.053590811255407655,closed_cap,all
USA_BEA,k:GSLE,0,1725,0.6156922875235041,0.1603253974059153,0.4899326584013638,closed_cap,all
USA_BEA,k:GSLE,1,1656,-0.017241558756358456,0.03506998917984731,0.00036657173172516266,closed_cap,all
USA_BEA,k:GSLE,2,1587,-0.2074161208806527,0.08263831232472976,0.05495436907268658,closed_cap,all
USA_BEA,k:GSLG,0,1725,0.6876197759025502,0.15249134383830712,0.5364841622946734,closed_cap,all
USA_BEA,k:GSLG,1,1656,-0.01717116975411469,0.03459607879408046,0.00032070246077731124,closed_cap,all
USA_BEA,k:GSLG,2,1587,-0.21405273202587052,0.08392939376994259,0.05158436712727965,closed_cap,all
USA_BEA,k:HS+ORE,0,1725,0.7044111817119982,0.1519666394851783,0.5526586201670252,closed_cap,all
USA_BEA,k:HS+ORE,1,1656,-0.01590759249088176,0.03433637656449578,0.00026932966847170725,closed_cap,all
USA_BEA,k:HS+ORE,2,1587,-0.2166868193285973,0.08697010947933574,0.051745635207196994,closed_cap,all
USA_BEA,labour,0,1725,0.47539725213767214,0.1484011629497538,0.39087166292579734,closed_cap,all
USA_BEA,labour,1,1656,-0.0013238185699239737,0.024958197513942456,2.9614898401364442e-06,closed_cap,all
USA_BEA,labour,2,1587,-0.13906079318833212,0.06639404375178919,0.03365082894909943,closed_cap,all
USA_BEA,pp_eigen,0,1725,0.6836955310908357,0.14926691990219854,0.5389526760805213,closed_cap,all
USA_BEA,pp_eigen,1,1656,-0.001304730335733878,0.03955763237902364,1.8852382137612977e-06,closed_cap,all
USA_BEA,pp_eigen,2,1587,-0.221650204782651,0.08551897580306474,0.05632378429083196,closed_cap,all
USA_BEA,k:111CA,0,1350,0.48984839765715416,0.15374032544899122,0.39831988347668257,closed_cap,core
USA_BEA,k:111CA,1,1296,0.03434298975966428,0.02304068944864943,0.0018639176030668114,closed_cap,core
USA_BEA,k:111CA,2,1242,-0.11967505187097846,0.05934403896544638,0.022267547944580635,closed_cap,core
USA_BEA,k:113FF,0,1350,0.44947072334885874,0.14135216463696404,0.36907224491298596,closed_cap,core
USA_BEA,k:113FF,1,1296,0.025875303364568177,0.021647113580928797,0.0011840284672151036,closed_cap,core
USA_BEA,k:113FF,2,1242,-0.10847741721585405,0.05414178507680519,0.02086028171700105,closed_cap,core
USA_BEA,k:211,0,1350,0.27262199408255283,0.060858489825546654,0.1290599870293081,closed_cap,core
USA_BEA,k:211,1,1296,0.05349587464240031,0.035118258917256256,0.0048166850967196195,closed_cap,core
USA_BEA,k:211,2,1242,-0.05500536370832053,0.02439187503525737,0.005140768265782025,closed_cap,core
USA_BEA,k:212,0,1350,0.3567275625160537,0.10717818747832282,0.2360662900739514,closed_cap,core
USA_BEA,k:212,1,1296,0.04365696328582955,0.04250725634568484,0.0034326079605790927,closed_cap,core
USA_BEA,k:212,2,1242,-0.08084792208117823,0.05419720692142672,0.011802079974766455,closed_cap,core
USA_BEA,k:213,0,1350,0.615276120141621,0.1630076941459041,0.4136114780041329,closed_cap,core
USA_BEA,k:213,1,1296,0.06286689217523658,0.04121162895719325,0.004143936863419628,closed_cap,core
USA_BEA,k:213,2,1242,-0.20530016029390624,0.09857584538112374,0.04488448030400871,closed_cap,core
USA_BEA,k:22,0,1350,0.36785431280561126,0.14594578324531074,0.28015477074385275,closed_cap,core
USA_BEA,k:22,1,1296,0.027455131511144468,0.027424555985970486,0.0015156720122521117,closed_cap,core
USA_BEA,k:22,2,1242,-0.1230252912823167,0.061529098098536794,0.031233180659435034,closed_cap,core
USA_BEA,k:23,0,1350,0.6247913202515994,0.16507813123582074,0.46803621919972416,closed_cap,core
USA_BEA,k:23,1,1296,0.048263074073510874,0.03620343855600224,0.00268907626013537,closed_cap,core
USA_BEA,k:23,2,1242,-0.17357031815205137,0.07811649141811734,0.03531291181016827,closed_cap,core
USA_BEA,k:311FT,0,1350,0.606351265016168,0.15031517816852533,0.488596787657244,closed_cap,core
USA_BEA,k:311FT,1,1296,0.046214826730631986,0.025696348655530873,0.0027299121896630085,closed_cap,core
USA_BEA,k:311FT,2,1242,-0.1449432880328287,0.06405667032265724,0.027154410579514177,closed_cap,core
USA_BEA,k:313TT,0,1350,0.4296177373902019,0.13723895718586038,0.34942696495375525,closed_cap,core
USA_BEA,k:313TT,1,1296,0.026943673187888827,0.025410602201522855,0.0012744073776851383,closed_cap,core
USA_BEA,k:313TT,2,1242,-0.09849759365039482,0.05688953293634845,0.01723549366695354,closed_cap,core
USA_BEA,k:315AL,0,1350,0.2793178497354625,0.12101530312718578,0.21917253106748902,closed_cap,core
USA_BEA,k:315AL,1,1296,0.02480657697706975,0.018073000826765613,0.0016085466835674689,closed_cap,core
USA_BEA,k:315AL,2,1242,-0.0754511198142349,0.04408110092877193,0.014527950547539525,closed_cap,core
USA_BEA,k:321,0,1350,0.49222008072779017,0.1558031635512819,0.37421363205511404,closed_cap,core
USA_BEA,k:321,1,1296,0.02927030196663659,0.028024643301675495,0.0012868614949870238,closed_cap,core
USA_BEA,k:321,2,1242,-0.12477491700251056,0.06280736141234966,0.023866211616772826,closed_cap,core
USA_BEA,k:322,0,1350,0.45563018509674497,0.14875096309890457,0.36699473364281765,closed_cap,core
USA_BEA,k:322,1,1296,0.031932919269272005,0.024862812965942616,0.001739423206861046,closed_cap,core
USA_BEA,k:322,2,1242,-0.109254375492604,0.055542628405378526,0.02075382408916071,closed_cap,core
USA_BEA,k:323,0,1350,0.43703289567802417,0.1571493459715257,0.3549484417293822,closed_cap,core
USA_BEA,k:323,1,1296,0.024501035361855807,0.023451964147356154,0.0010879568447359489,closed_cap,core
USA_BEA,k:323,2,1242,-0.11362533319208257,0.05934705273503773,0.024057850131544156,closed_cap,core
USA_BEA,k:324,0,1350,0.37325823681360415,0.09080323850587627,0.26560432315297233,closed_cap,core
USA_BEA,k:324,1,1296,0.03755383602347453,0.028406318398627988,0.0026351650939647753,closed_cap,core
USA_BEA,k:324,2,1242,-0.09429848840057004,0.0370632000986156,0.016795541685919235,closed_cap,core
USA_BEA,k:325,0,1350,0.5082941446287704,0.11881398515965427,0.4199657829205302,closed_cap,core
USA_BEA,k:325,1,1296,0.062765135877282,0.03306889632509842,0.006112956366735811,closed_cap,core
USA_BEA,k:325,2,1242,-0.11742225601745163,0.0500805800138243,0.02163771653586477,closed_cap,core
USA_BEA,k:326,0,1350,0.503425091494622,0.14611669835179372,0.41038412284302794,closed_cap,core
USA_BEA,k:326,1,1296,0.02792453216386349,0.025838431375986282,0.001214958435115876,closed_cap,core
USA_BEA,k:326,2,1242,-0.12835594882938184,0.059917040700375464,0.025938664082027163,closed_cap,core
USA_BEA,k:327,0,1350,0.5313705775433976,0.1476109278861225,0.3979978709073424,closed_cap,core
USA_BEA,k:327,1,1296,0.048621418109471334,0.04616310599135705,0.0032199640224146453,closed_cap,core
USA_BEA,k:327,2,1242,-0.10825898962903072,0.05984799837410277,0.016255145644766933,closed_cap,core
USA_BEA,k:331,0,1350,0.48353985137109645,0.1425241800991584,0.40209305673817475,closed_cap,core
USA_BEA,k:331,1,1296,0.03520599187779992,0.022417450393139072,0.0020573012697407966,closed_cap,core
USA_BEA,k:331,2,1242,-0.11836766205025352,0.06798283928102278,0.023495544357278852,closed_cap,core
USA_BEA,k:332,0,1350,0.45931672242044275,0.14737818274775533,0.3788413133256302,closed_cap,core
USA_BEA,k:332,1,1296,0.028492689668050224,0.020975236862703882,0.001416721877016247,closed_cap,core
USA_BEA,k:332,2,1242,-0.11938180250997366,0.05934697832148953,0.025332260366044967,closed_cap,core
USA_BEA,k:333,0,1350,0.5437502103695334,0.156714140589376,0.4258223037892699,closed_cap,core
USA_BEA,k:333,1,1296,0.04011043837897903,0.03069076388722353,0.002247815775955897,closed_cap,core
USA_BEA,k:333,2,1242,-0.1373849559393851,0.07035535845869104,0.02687130182799291,closed_cap,core
USA_BEA,k:334,0,1350,0.5451375122589106,0.15070915033499943,0.43086731511286724,closed_cap,core
USA_BEA,k:334,1,1296,0.03874594625285817,0.029791669429025724,0.0020918462050715236,closed_cap,core
USA_BEA,k:334,2,1242,-0.1472449546174557,0.0668934451992511,0.030211584588958673,closed_cap,core
USA_BEA,k:335,0,1350,0.5497641969887804,0.15205333560186365,0.43383892115815437,closed_cap,core
USA_BEA,k:335,1,1296,0.03891520024115956,0.028517974192066843,0.0020951604729007034,closed_cap,core
USA_BEA,k:335,2,1242,-0.12954097822334468,0.06857861866778574,0.02362687566209809,closed_cap,core
USA_BEA,k:3361MV,0,1350,0.5765310012426972,0.15080372148181048,0.4568075040530569,closed_cap,core
USA_BEA,k:3361MV,1,1296,0.030551252758811962,0.02891786371957899,0.0012406190784088889,closed_cap,core
USA_BEA,k:3361MV,2,1242,-0.15380762368892376,0.06679239484480726,0.0317775392619053,closed_cap,core
USA_BEA,k:3364OT,0,1350,0.3987680754708295,0.15284227887153898,0.3068392565405148,closed_cap,core
USA_BEA,k:3364OT,1,1296,0.036817762761380865,0.02615600933217194,0.002512173339610735,closed_cap,core
USA_BEA,k:3364OT,2,1242,-0.11473979366682643,0.06227429637935513,0.024980517983080763,closed_cap,core
USA_BEA,k:337,0,1350,0.4588903634369227,0.15581108282715744,0.3565092055638964,closed_cap,core
USA_BEA,k:337,1,1296,0.03025018970046399,0.025502838711179053,0.0015124048994159534,closed_cap,core
USA_BEA,k:337,2,1242,-0.12029879226530889,0.06188144284010629,0.024540515952016118,closed_cap,core
USA_BEA,k:339,0,1350,0.5830250702385887,0.15669458863705557,0.45675952458784796,closed_cap,core
USA_BEA,k:339,1,1296,0.03832388952809245,0.02876033870886131,0.0018698225340220143,closed_cap,core
USA_BEA,k:339,2,1242,-0.1496855748258438,0.06971411731311761,0.028926695531478197,closed_cap,core
USA_BEA,k:42,0,1350,0.5964455391267915,0.1567090359154267,0.47665631087340954,closed_cap,core
USA_BEA,k:42,1,1296,0.046339887807040056,0.028345291721826944,0.0027741450579173987,closed_cap,core
USA_BEA,k:42,2,1242,-0.15113173308769773,0.0667137487549289,0.029876242113826557,closed_cap,core
USA_BEA,k:441,0,1350,0.6003781779037558,0.15876731442343145,0.4664135539951434,closed_cap,core
USA_BEA,k:441,1,1296,0.03671479431968307,0.02871809448525985,0.001680317180452473,closed_cap,core
USA_BEA,k:441,2,1242,-0.14993557143238279,0.06853687526584719,0.028432169646053218,closed_cap,core
USA_BEA,k:445,0,1350,0.636298062214933,0.15796600665092528,0.4923647274548357,closed_cap,core
USA_BEA,k:445,1,1296,0.040646775602223774,0.029693811324463363,0.001924884042410313,closed_cap,core
USA_BEA,k:445,2,1242,-0.15501873268795477,0.06975476267585083,0.028317047281802954,closed_cap,core
USA_BEA,k:452,0,1350,0.6348763444095469,0.1584619902605563,0.4899076013992718,closed_cap,core
USA_BEA,k:452,1,1296,0.0400335503100569,0.029955831744472687,0.0018672251242358717,closed_cap,core
USA_BEA,k:452,2,1242,-0.1559967443738821,0.07005333531391075,0.02869269450314893,closed_cap,core
USA_BEA,k:481,0,1350,0.5500785834816627,0.1563411098931612,0.4224965634043738,closed_cap,core
USA_BEA,k:481,1,1296,0.049903954512621154,0.02705665218035165,0.0033551446727041467,closed_cap,core
USA_BEA,k:481,2,1242,-0.15056342424753053,0.0638491134895781,0.031111359095618574,closed_cap,core
USA_BEA,k:482,0,1350,0.45464873228045943,0.14050390746018354,0.31725385969565856,closed_cap,core
USA_BEA,k:482,1,1296,0.023012628165686243,0.02546900421052592,0.0007845138059824341,closed_cap,core
USA_BEA,k:482,2,1242,-0.12364335848865889,0.0782380467230706,0.022773773066136815,closed_cap,core
USA_BEA,k:483,0,1350,0.4388550638697597,0.1395372070691041,0.3414175914209664,closed_cap,core
USA_BEA,k:483,1,1296,0.09967549244438219,0.037191256299322,0.017128862299441328,closed_cap,core
USA_BEA,k:483,2,1242,-0.09539865664148164,0.05787460340432185,0.015315604422409534,closed_cap,core
USA_BEA,k:484,0,1350,0.5228717771771489,0.1520302526208872,0.3859454921206713,closed_cap,core
USA_BEA,k:484,1,1296,0.024290591138645953,0.027629046943627618,0.0008089878968594588,closed_cap,core
USA_BEA,k:484,2,1242,-0.1207930297690908,0.05317810582891074,0.020259524519745997,closed_cap,core
USA_BEA,k:485,0,1350,0.5299481659835383,0.15695912803930503,0.41298115562981796,closed_cap,core
USA_BEA,k:485,1,1296,0.030821946951032225,0.0293465394471468,0.0013520732119697287,closed_cap,core
USA_BEA,k:485,2,1242,-0.13554581863087956,0.06483258374978174,0.02669902690739112,closed_cap,core
USA_BEA,k:486,0,1350,0.2717600131576375,0.07555326290281915,0.1452052131976742,closed_cap,core
USA_BEA,k:486,1,1296,0.0680188118829362,0.047330660104694576,0.008845955866376931,closed_cap,core
USA_BEA,k:486,2,1242,-0.07219585535024116,0.033447906308840786,0.010073433881751748,closed_cap,core
USA_BEA,k:487OS,0,1350,0.3529469013971803,0.1323949178889549,0.2781476525029898,closed_cap,core
USA_BEA,k:487OS,1,1296,0.014867226203682946,0.02388076157744203,0.00048501115900023706,closed_cap,core
USA_BEA,k:487OS,2,1242,-0.09651446118064048,0.049452841242327336,0.021039483000248604,closed_cap,core
USA_BEA,k:493,0,1350,0.2797559969459961,0.10587429233319551,0.22451547195818256,closed_cap,core
USA_BEA,k:493,1,1296,0.0014793675014598425,0.01501117843739519,6.1779940382367116e-06,closed_cap,core
USA_BEA,k:493,2,1242,-0.0782389350755158,0.033184835028137474,0.01756923413532907,closed_cap,core
USA_BEA,k:4A0,0,1350,0.6282648859458932,0.15843155552026567,0.4870577765817691,closed_cap,core
USA_BEA,k:4A0,1,1296,0.036375656163209265,0.03206561534113034,0.0015659861131056552,closed_cap,core
USA_BEA,k:4A0,2,1242,-0.15551994375638795,0.07035131943974726,0.0289821096482632,closed_cap,core
USA_BEA,k:511,0,1350,0.5635441798837131,0.16111220883752136,0.43900383994555614,closed_cap,core
USA_BEA,k:511,1,1296,0.03731631947233192,0.028360773281161104,0.0018642087446261169,closed_cap,core
USA_BEA,k:511,2,1242,-0.1443853333590398,0.07040887249921496,0.02841472270574208,closed_cap,core
USA_BEA,k:512,0,1350,0.5394919943451533,0.15751626398383534,0.4288973468674696,closed_cap,core
USA_BEA,k:512,1,1296,0.03374330591708065,0.028119370914776107,0.001628907244698441,closed_cap,core
USA_BEA,k:512,2,1242,-0.14225417073693514,0.06193498804224603,0.029632817541133005,closed_cap,core
USA_BEA,k:513,0,1350,0.5301264841943887,0.16563850950074874,0.4217792931029125,closed_cap,core
USA_BEA,k:513,1,1296,0.029830063726440495,0.026599534739514583,0.0012905284504886039,closed_cap,core
USA_BEA,k:513,2,1242,-0.1325939811768399,0.06500415108119563,0.02601441864120413,closed_cap,core
USA_BEA,k:514,0,1350,0.48231325602982045,0.1524164671884066,0.3819588571182323,closed_cap,core
USA_BEA,k:514,1,1296,0.022271330610032836,0.0264467495380191,0.0007926067742339837,closed_cap,core
USA_BEA,k:514,2,1242,-0.12966993822967943,0.062311543032953116,0.02744169795956497,closed_cap,core
USA_BEA,k:521CI,0,1350,0.5098191242893054,0.1594330089004937,0.39732042321511074,closed_cap,core
USA_BEA,k:521CI,1,1296,0.04238768922216928,0.02630532520393914,0.0025373416942530147,closed_cap,core
USA_BEA,k:521CI,2,1242,-0.1388247288892203,0.06801956574969409,0.02748710120960851,closed_cap,core
USA_BEA,k:523,0,1350,0.46138920570766445,0.1532470932187788,0.37060009961658347,closed_cap,core
USA_BEA,k:523,1,1296,0.02800622460492502,0.023397443397208152,0.0013306236651747794,closed_cap,core
USA_BEA,k:523,2,1242,-0.11266810388889435,0.05831044951618298,0.021984557107736835,closed_cap,core
USA_BEA,k:524,0,1350,0.5382460371258639,0.14881577370031993,0.44129964338383176,closed_cap,core
USA_BEA,k:524,1,1296,0.027609256631866384,0.024757706800181693,0.0011083394166209182,closed_cap,core
USA_BEA,k:524,2,1242,-0.14009940625132672,0.059242066828721796,0.028747155246898526,closed_cap,core
USA_BEA,k:525,0,1350,0.635246672885464,0.15731611404265336,0.49300440350894925,closed_cap,core
USA_BEA,k:525,1,1296,0.040226064756566,0.029631886236084256,0.0018909311900178194,closed_cap,core
USA_BEA,k:525,2,1242,-0.15532025890535478,0.06925418828641218,0.028493252141613357,closed_cap,core
USA_BEA,k:532RL,0,1350,0.3774693484963275,0.1327481017541965,0.29091907913297277,closed_cap,core
USA_BEA,k:532RL,1,1296,0.006070059057604178,0.022642821100850242,7.312300673278926e-05,closed_cap,core
USA_BEA,k:532RL,2,1242,-0.09320302900168119,0.058559178021383614,0.01766125326623258,closed_cap,core
USA_BEA,k:5411,0,1350,0.5238124093499127,0.15380721020432944,0.4206531953691186,closed_cap,core
USA_BEA,k:5411,1,1296,0.02630580955625163,0.026854777573973216,0.0010246052449167653,closed_cap,core
USA_BEA,k:5411,2,1242,-0.13507780165487787,0.06078757057750907,0.02763572063011832,closed_cap,core
USA_BEA,k:5412OP,0,1350,0.5006552054956268,0.15472190864617352,0.3990815709860489,closed_cap,core
USA_BEA,k:5412OP,1,1296,0.0255393448662837,0.027546765404275267,0.0010099527231464123,closed_cap,core
USA_BEA,k:5412OP,2,1242,-0.13368282146108681,0.06466249529837384,0.028251439002892065,closed_cap,core
USA_BEA,k:5415,0,1350,0.555777067533284,0.15807370464250453,0.44073563167680496,closed_cap,core
USA_BEA,k:5415,1,1296,0.039169914499265684,0.032215328093481876,0.0021194308820038366,closed_cap,core
USA_BEA,k:5415,2,1242,-0.15344470453287493,0.07280613508711944,0.033132067455991066,closed_cap,core
USA_BEA,k:55,0,1350,0.40148014957058653,0.12314176530004271,0.3457928865878547,closed_cap,core
USA_BEA,k:55,1,1296,0.012112947602595613,0.01957470515333413,0.0003029278760220411,closed_cap,core
USA_BEA,k:55,2,1242,-0.12101744421919525,0.058400915571323854,0.030578797458677198,closed_cap,core
USA_BEA,k:561,0,1350,0.3864736665851654,0.14632926094779658,0.3143130002147453,closed_cap,core
USA_BEA,k:561,1,1296,0.01574537390340995,0.021341585429876,0.0005083654396611514,closed_cap,core
USA_BEA,k:561,2,1242,-0.09626096510499911,0.05432224449173638,0.019296265980015215,closed_cap,core
USA_BEA,k:562,0,1350,0.48602368179834665,0.14738710561768237,0.38646326317212765,closed_cap,core
USA_BEA,k:562,1,1296,0.05468807547719607,0.02760001475993019,0.004749587524648158,closed_cap,core
USA_BEA,k:562,2,1242,-0.13724874948582375,0.06258019748487162,0.030325464391468437,closed_cap,core
USA_BEA,k:61,0,1350,0.622313646185373,0.15952102470519106,0.48163170735261307,closed_cap,core
USA_BEA,k:61,1,1296,0.03864607851251111,0.029865870878407415,0.001782186310873124,closed_cap,core
USA_BEA,k:61,2,1242,-0.15462587860543694,0.06967743297344746,0.028937920990247723,closed_cap,core
USA_BEA,k:621,0,1350,0.6367441822360798,0.15809188153053474,0.49145710492142436,closed_cap,core
USA_BEA,k:621,1,1296,0.04006659411368212,0.029982413788934518,0.001863517381430535,closed_cap,core
USA_BEA,k:621,2,1242,-0.1551136185965424,0.0698068581758574,0.02823163508308435,closed_cap,core
USA_BEA,k:622,0,1350,0.6365351171058906,0.15827347451966328,0.4910583309823364,closed_cap,core
USA_BEA,k:622,1,1296,0.03997147892346821,0.029975909535019843,0.0018546761827626934,closed_cap,core
USA_BEA,k:622,2,1242,-0.155509612670638,0.06998852127142255,0.0283753687108923,closed_cap,core
USA_BEA,k:623,0,1350,0.6368206434032616,0.15813237160963048,0.49137650380649167,closed_cap,core
USA_BEA,k:623,1,1296,0.0399084878351342,0.029960501537025674,0.0018481326618581262,closed_cap,core
USA_BEA,k:623,2,1242,-0.15538991252892947,0.06986552445766221,0.02831794407451682,closed_cap,core
USA_BEA,k:624,0,1350,0.6370341998032047,0.1581825115195337,0.49127952597850066,closed_cap,core
USA_BEA,k:624,1,1296,0.03999385997409309,0.029970993943922827,0.0018542557066082432,closed_cap,core
USA_BEA,k:624,2,1242,-0.15540943808650365,0.06991530704273802,0.028297669224540023,closed_cap,core
USA_BEA,k:711AS,0,1350,0.5302120335277132,0.15602983110376709,0.42297459404911286,closed_cap,core
USA_BEA,k:711AS,1,1296,0.023673268541415677,0.02866658779807361,0.0008128474404406338,closed_cap,core
USA_BEA,k:711AS,2,1242,-0.1419880117563812,0.06229526443266143,0.02973308651399953,closed_cap,core
USA_BEA,k:713,0,1350,0.6300332866846483,0.15725825721721476,0.49021325238799307,closed_cap,core
USA_BEA,k:713,1,1296,0.035536250598347925,0.030697704155787604,0.0014938601267511231,closed_cap,core
USA_BEA,k:713,2,1242,-0.1586215341551315,0.06861623121075,0.03000535317555808,closed_cap,core
USA_BEA,k:721,0,1350,0.5893432140997392,0.15936543005957574,0.4609808568045777,closed_cap,core
USA_BEA,k:721,1,1296,0.03606082732613368,0.030553418076649037,0.001660846067217836,closed_cap,core
USA_BEA,k:721,2,1242,-0.14979423277257273,0.06891646386003225,0.02911311596484456,closed_cap,core
USA_BEA,k:722,0,1350,0.6124916075877884,0.15611985711935164,0.4825410822359243,closed_cap,core
USA_BEA,k:722,1,1296,0.04147935925946802,0.028830569938835017,0.0021257169099184736,closed_cap,core
USA_BEA,k:722,2,1242,-0.15224814768476047,0.06795035766858118,0.02903937579152882,closed_cap,core
USA_BEA,k:81,0,1350,0.5408475642197095,0.16248433441336468,0.41911338389060093,closed_cap,core
USA_BEA,k:81,1,1296,0.02853236530816984,0.026749757327004856,0.0011250750819598032,closed_cap,core
USA_BEA,k:81,2,1242,-0.1317875754693565,0.06434462359320918,0.02444527757566961,closed_cap,core
USA_BEA,k:GFE,0,1350,0.422570821636416,0.1490569622370272,0.3432688234093152,closed_cap,core
USA_BEA,k:GFE,1,1296,0.019904225400064226,0.0272062123614461,0.0007346818904232499,closed_cap,core
USA_BEA,k:GFE,2,1242,-0.1190827485709891,0.06024157368189994,0.026293029175987415,closed_cap,core
USA_BEA,k:GFGD+GFGN,0,1350,0.5073251857510294,0.14980296163609388,0.41110382688762515,closed_cap,core
USA_BEA,k:GFGD+GFGN,1,1296,0.02135820854090615,0.03192006073559368,0.0006927961147927819,closed_cap,core
USA_BEA,k:GFGD+GFGN,2,1242,-0.14124787676949463,0.06645264893376025,0.02992001951251222,closed_cap,core
USA_BEA,k:GSLE,0,1350,0.4891976653443358,0.16203359741491755,0.3793892785439732,closed_cap,core
USA_BEA,k:GSLE,1,1296,0.030873956037464595,0.029870060714835868,0.001455054966901681,closed_cap,core
USA_BEA,k:GSLE,2,1242,-0.14198571152690906,0.06671909881099646,0.03129248130526985,closed_cap,core
USA_BEA,k:GSLG,0,1350,0.5849128294674477,0.1561744764367424,0.45682475995251004,closed_cap,core
USA_BEA,k:GSLG,1,1296,0.03421143373904047,0.029490952523928075,0.001503802291555445,closed_cap,core
USA_BEA,k:GSLG,2,1242,-0.1474576929302568,0.06616395015425619,0.02823501828566477,closed_cap,core
USA_BEA,k:HS+ORE,0,1350,0.5988391164137742,0.15727667238855286,0.4733222588759245,closed_cap,core
USA_BEA,k:HS+ORE,1,1296,0.03742175867850023,0.02713780121583948,0.0017754147145307986,closed_cap,core
USA_BEA,k:HS+ORE,2,1242,-0.14322218597876388,0.06911410613927474,0.026315171367105372,closed_cap,core
USA_BEA,labour,0,1350,0.4720394538945977,0.14984440310787872,0.3879066599123,closed_cap,core
USA_BEA,labour,1,1296,0.052487584051281524,0.029060842951553593,0.004688829401280015,closed_cap,core
USA_BEA,labour,2,1242,-0.09720235970377365,0.054095256164149466,0.016458160346261796,closed_cap,core
USA_BEA,pp_eigen,0,1350,0.5724906155060486,0.15471004641629274,0.43765814438962036,closed_cap,core
USA_BEA,pp_eigen,1,1296,0.055815712281191664,0.037409837643038776,0.004017729453539398,closed_cap,core
USA_BEA,pp_eigen,2,1242,-0.14919009022114813,0.06871433563756467,0.029098945236701534,closed_cap,core
USA_BEA,k:111CA,0,1725,0.44463933000327743,0.1404324227534859,0.3775594151944971,closedU_cap,all
USA_BEA,k:111CA,1,1656,-0.004204009137932429,0.022736673641597486,3.282855392494621e-05,closedU_cap,all
USA_BEA,k:111CA,2,1587,-0.13207782063615325,0.0626826439552368,0.032966092341710995,closedU_cap,all
USA_BEA,k:113FF,0,1725,0.42777764385990863,0.1363145282425567,0.36513277448290493,closedU_cap,all
USA_BEA,k:113FF,1,1656,-0.0033902682710316746,0.02076790135178192,2.2471688668090906e-05,closedU_cap,all
USA_BEA,k:113FF,2,1587,-0.12601837351862472,0.06054092841710881,0.031705694573240906,closedU_cap,all
USA_BEA,k:211,0,1725,0.3454667802076371,0.12261859941909942,0.2562606348983697,closedU_cap,all
USA_BEA,k:211,1,1656,0.01621683489489431,0.017368201481189362,0.0005465662951176231,closedU_cap,all
USA_BEA,k:211,2,1587,-0.10551617153589998,0.05731331530200716,0.023872154801738432,closedU_cap,all
USA_BEA,k:212,0,1725,0.3751845453403243,0.13247973346872777,0.27851388184501324,closedU_cap,all
USA_BEA,k:212,1,1656,0.000994148559189422,0.029783979666393415,1.9236061270522242e-06,closedU_cap,all
USA_BEA,k:212,2,1587,-0.11174632351351577,0.06368648767789903,0.02471241836816873,closedU_cap,all
USA_BEA,k:213,0,1725,0.39057476077859465,0.14105064455059324,0.22569053418637186,closedU_cap,all
USA_BEA,k:213,1,1656,0.009032115337409989,0.02401112651948014,0.00011904740584689488,closedU_cap,all
USA_BEA,k:213,2,1587,-0.14235615118995937,0.07200824082677343,0.029860595653032562,closedU_cap,all
USA_BEA,k:22,0,1725,0.3873146108273238,0.13699278758401137,0.3300930965792872,closedU_cap,all
USA_BEA,k:22,1,1656,-0.006146408382184709,0.0244430388872873,8.098409728096723e-05,closedU_cap,all
USA_BEA,k:22,2,1587,-0.13389425920320788,0.0618315028434532,0.03970529714084425,closedU_cap,all
USA_BEA,k:23,0,1725,0.4999752128057295,0.14550755390962924,0.40093066550059,closedU_cap,all
USA_BEA,k:23,1,1656,0.002381975875371487,0.024517639852801795,8.961128273199392e-06,closedU_cap,all
USA_BEA,k:23,2,1587,-0.1636497762525994,0.0763504950258352,0.04356392127057773,closedU_cap,all
USA_BEA,k:311FT,0,1725,0.47517814826213145,0.1458141205131083,0.3983716520169879,closedU_cap,all
USA_BEA,k:311FT,1,1656,-0.0005657247230709169,0.024274804288508176,5.520001625791693e-07,closedU_cap,all
USA_BEA,k:311FT,2,1587,-0.13924306868293077,0.06534358601818753,0.034371459527954284,closedU_cap,all
USA_BEA,k:313TT,0,1725,0.4267226769552746,0.1349981228051899,0.3623291790507549,closedU_cap,all
USA_BEA,k:313TT,1,1656,-0.0010214171978452915,0.0218983662370993,1.992815117812796e-06,closedU_cap,all
USA_BEA,k:313TT,2,1587,-0.1264210845802545,0.06368985486115022,0.03137118412802764,closedU_cap,all
USA_BEA,k:315AL,0,1725,0.3444752503482952,0.12487830689521459,0.2870303851195044,closedU_cap,all
USA_BEA,k:315AL,1,1656,0.002147325449139098,0.01853975446373418,1.0650333881367935e-05,closedU_cap,all
USA_BEA,k:315AL,2,1587,-0.10685245405279363,0.05416688069484042,0.02659641216634967,closedU_cap,all
USA_BEA,k:321,0,1725,0.44691556863953735,0.14246683642216684,0.3630718796186343,closedU_cap,all
USA_BEA,k:321,1,1656,-0.002443912775816687,0.02172700086936068,1.0687548896437526e-05,closedU_cap,all
USA_BEA,k:321,2,1587,-0.13548027443500898,0.06736718179868258,0.03375405000154563,closedU_cap,all
USA_BEA,k:322,0,1725,0.43036933407484734,0.1411521772972114,0.3632478179294256,closedU_cap,all
USA_BEA,k:322,1,1656,-0.004357107320479836,0.022607624314248276,3.6409121621283624e-05,closedU_cap,all
USA_BEA,k:322,2,1587,-0.1260893834470963,0.06229931495380115,0.03149645199394413,closedU_cap,all
USA_BEA,k:323,0,1725,0.41734441845514975,0.1392566724378946,0.3545284121411266,closedU_cap,all
USA_BEA,k:323,1,1656,-0.00481433159811602,0.020390693420205993,4.6306418680863715e-05,closedU_cap,all
USA_BEA,k:323,2,1587,-0.12765497523362515,0.06368390027185471,0.03390136620658557,closedU_cap,all
USA_BEA,k:324,0,1725,0.39310642473622,0.12629684366612617,0.3214592969573039,closedU_cap,all
USA_BEA,k:324,1,1656,-0.00517337185272951,0.025597574843009917,5.4698865771585226e-05,closedU_cap,all
USA_BEA,k:324,2,1587,-0.11832872418818013,0.056245803203185486,0.02923106936139186,closedU_cap,all
USA_BEA,k:325,0,1725,0.4548244452018872,0.1356326741675985,0.3911383703510162,closedU_cap,all
USA_BEA,k:325,1,1656,0.006733183945153699,0.028473542429138948,8.331288719376495e-05,closedU_cap,all
USA_BEA,k:325,2,1587,-0.13132403536987483,0.060347209726989454,0.032448373836230004,closedU_cap,all
USA_BEA,k:326,0,1725,0.45738122266840253,0.1411660641926101,0.3884356380101712,closedU_cap,all
USA_BEA,k:326,1,1656,-0.0054971048653362845,0.022926513590557265,5.487666439552008e-05,closedU_cap,all
USA_BEA,k:326,2,1587,-0.14072103834891292,0.0652994987761163,0.03689628621275798,closedU_cap,all
USA_BEA,k:327,0,1725,0.47098660260260194,0.1445055507913544,0.3860306312278472,closedU_cap,all
USA_BEA,k:327,1,1656,-0.0028338934080882386,0.03140896571972139,1.3724683229576762e-05,closedU_cap,all
USA_BEA,k:327,2,1587,-0.1309537217326057,0.06946775042298145,0.030054253143583676,closedU_cap,all
USA_BEA,k:331,0,1725,0.45294886877810436,0.13657094740233583,0.3973599917564228,closedU_cap,all
USA_BEA,k:331,1,1656,-0.007372875283047053,0.024256005435173474,0.00010298288714616355,closedU_cap,all
USA_BEA,k:331,2,1587,-0.13764872329341016,0.06759847448617169,0.03636046173663243,closedU_cap,all
USA_BEA,k:332,0,1725,0.4460653582329794,0.14071157013159974,0.3786554442254245,closedU_cap,all
USA_BEA,k:332,1,1656,-0.008130616052996947,0.022300936344741628,0.00012376888858545154,closedU_cap,all
USA_BEA,k:332,2,1587,-0.13339647439700375,0.06274493276616092,0.03410418318543418,closedU_cap,all
USA_BEA,k:333,0,1725,0.4698394103028715,0.14782106303199072,0.37744030664581063,closedU_cap,all
USA_BEA,k:333,1,1656,0.01130524205061172,0.021408720935090327,0.00021514288789881153,closedU_cap,all
USA_BEA,k:333,2,1587,-0.1356145681557694,0.06783240666694534,0.03174452394702809,closedU_cap,all
USA_BEA,k:334,0,1725,0.4687591158910011,0.14028193084987822,0.3870108630808664,closedU_cap,all
USA_BEA,k:334,1,1656,0.002751308085389355,0.022314019685871822,1.3060003653420083e-05,closedU_cap,all
USA_BEA,k:334,2,1587,-0.1513648388261162,0.07171858325728048,0.04026673246167478,closedU_cap,all
USA_BEA,k:335,0,1725,0.47226960662260237,0.142956453378007,0.39042977507970245,closedU_cap,all
USA_BEA,k:335,1,1656,0.0027867846766632155,0.02232784595148975,1.334592657697975e-05,closedU_cap,all
USA_BEA,k:335,2,1587,-0.14388971467134065,0.07239875991290859,0.03659376115289259,closedU_cap,all
USA_BEA,k:3361MV,0,1725,0.4816591909880389,0.14310903310432363,0.4025942990768522,closedU_cap,all
USA_BEA,k:3361MV,1,1656,-0.0058619840390443925,0.023874119714928244,5.860678916413953e-05,closedU_cap,all
USA_BEA,k:3361MV,2,1587,-0.15332095512250302,0.07016656644446803,0.04111774662553003,closedU_cap,all
USA_BEA,k:3364OT,0,1725,0.3990927573920009,0.13342962961417584,0.3252581174290582,closedU_cap,all
USA_BEA,k:3364OT,1,1656,0.008465361223499428,0.020094192916266285,0.00014298898475306743,closedU_cap,all
USA_BEA,k:3364OT,2,1587,-0.13853564800547397,0.06938772602254324,0.039640447504785015,closedU_cap,all
USA_BEA,k:337,0,1725,0.42861812197974547,0.1383664755851261,0.3516928814106318,closedU_cap,all
USA_BEA,k:337,1,1656,0.0003752065495991762,0.021190012480520333,2.6560687593768506e-07,closedU_cap,all
USA_BEA,k:337,2,1587,-0.1358343588679242,0.06663807070628526,0.036005460433592096,closedU_cap,all
USA_BEA,k:339,0,1725,0.4701329729327662,0.14462240400292167,0.38567734793913944,closedU_cap,all
USA_BEA,k:339,1,1656,0.00011595843850045264,0.023093426594650922,2.288134048900048e-08,closedU_cap,all
USA_BEA,k:339,2,1587,-0.14483030762385565,0.07068164993665906,0.03678174076410812,closedU_cap,all
USA_BEA,k:42,0,1725,0.48594334477780055,0.14796365713235288,0.40696146692446533,closedU_cap,all
USA_BEA,k:42,1,1656,-0.0011720143790714406,0.024239707194648775,2.3213538241639853e-06,closedU_cap,all
USA_BEA,k:42,2,1587,-0.14820155751331585,0.06853611300679627,0.03798766088765626,closedU_cap,all
USA_BEA,k:441,0,1725,0.4713919129495491,0.1471804422486924,0.3893009265399756,closedU_cap,all
USA_BEA,k:441,1,1656,-0.00201959554791782,0.024356921136424497,6.999625434378487e-06,closedU_cap,all
USA_BEA,k:441,2,1587,-0.1413008423558633,0.0672052191643649,0.03530460095619148,closedU_cap,all
USA_BEA,k:445,0,1725,0.475626370959315,0.14830454387540565,0.3914451588107549,closedU_cap,all
USA_BEA,k:445,1,1656,-0.0014713033005839867,0.02500438409558231,3.6603580759742016e-06,closedU_cap,all
USA_BEA,k:445,2,1587,-0.13908837742329522,0.06637363332331002,0.033689701205505296,closedU_cap,all
USA_BEA,k:452,0,1725,0.4765578120269805,0.14846734251268093,0.3919181631000148,closedU_cap,all
USA_BEA,k:452,1,1656,-0.0013255450054615845,0.024877788293031947,2.9641835670446426e-06,closedU_cap,all
USA_BEA,k:452,2,1587,-0.1405080300120765,0.06696520097277321,0.034306882917013226,closedU_cap,all
USA_BEA,k:481,0,1725,0.4449279390298761,0.1435608786208571,0.3673364332397493,closedU_cap,all
USA_BEA,k:481,1,1656,0.002493468017092935,0.024810118327944934,1.129547745437609e-05,closedU_cap,all
USA_BEA,k:481,2,1587,-0.13612986903441407,0.06422100317502195,0.034795755023636854,closedU_cap,all
USA_BEA,k:482,0,1725,0.4335328455070219,0.14242819024136522,0.3498993217110956,closedU_cap,all
USA_BEA,k:482,1,1656,-0.01338842647065292,0.020698992195481256,0.0003269723678861469,closedU_cap,all
USA_BEA,k:482,2,1587,-0.13552890107326743,0.06937168017851167,0.03414714539532471,closedU_cap,all
USA_BEA,k:483,0,1725,0.4116379654795007,0.13212633420952755,0.35089938387563,closedU_cap,all
USA_BEA,k:483,1,1656,0.055957082535239296,0.02599686608236463,0.006342430715216452,closedU_cap,all
USA_BEA,k:483,2,1587,-0.11660702576979534,0.06187704024647263,0.027898148503620934,closedU_cap,all
USA_BEA,k:484,0,1725,0.46418393136178854,0.1477955571585567,0.3755429166139934,closedU_cap,all
USA_BEA,k:484,1,1656,-0.009005550694736558,0.022090756970047698,0.00013886302488264057,closedU_cap,all
USA_BEA,k:484,2,1587,-0.1362705736008176,0.06654887757454003,0.032570114984709186,closedU_cap,all
USA_BEA,k:485,0,1725,0.4402866372592821,0.14163465781887927,0.3652287760066475,closedU_cap,all
USA_BEA,k:485,1,1656,-0.006401577400507924,0.02390620833082799,7.556692151045041e-05,closedU_cap,all
USA_BEA,k:485,2,1587,-0.1326360785585995,0.06383717390565609,0.03352798590487771,closedU_cap,all
USA_BEA,k:486,0,1725,0.3364949491677291,0.11585459644552613,0.2575050245465361,closedU_cap,all
USA_BEA,k:486,1,1656,0.02589037456016081,0.023547239461072567,0.0015007132968163361,closedU_cap,all
USA_BEA,k:486,2,1587,-0.10734519802775837,0.052278699360320785,0.02668324282973078,closedU_cap,all
USA_BEA,k:487OS,0,1725,0.3777964318057938,0.13339892076250898,0.3170138655511282,closedU_cap,all
USA_BEA,k:487OS,1,1656,-0.00936521569452288,0.020569942156216582,0.00019174060660942516,closedU_cap,all
USA_BEA,k:487OS,2,1587,-0.11841288707613372,0.05843884770973169,0.03175761822441292,closedU_cap,all
USA_BEA,k:493,0,1725,0.3418123685987346,0.1218557301429635,0.28915170831333814,closedU_cap,all
USA_BEA,k:493,1,1656,-0.01431264404127822,0.01583808693197784,0.0004999796523526001,closedU_cap,all
USA_BEA,k:493,2,1587,-0.10867952663345408,0.051564895515868264,0.029665452341427923,closedU_cap,all
USA_BEA,k:4A0,0,1725,0.4804837583450183,0.14869862716522025,0.39467136958121307,closedU_cap,all
USA_BEA,k:4A0,1,1656,-0.0013681824738689939,0.024519048385811315,3.1295519953289386e-06,closedU_cap,all
USA_BEA,k:4A0,2,1587,-0.14330990487031559,0.06865499375337876,0.035361500598529494,closedU_cap,all
USA_BEA,k:511,0,1725,0.4651999203534948,0.14321891912396165,0.38229019224402816,closedU_cap,all
USA_BEA,k:511,1,1656,-0.0013694758564481364,0.022789075730757728,3.2578734241450746e-06,closedU_cap,all
USA_BEA,k:511,2,1587,-0.14399342184922787,0.0705586153396596,0.0371555232300943,closedU_cap,all
USA_BEA,k:512,0,1725,0.4633550331908827,0.14309913971363347,0.3830764599945925,closedU_cap,all
USA_BEA,k:512,1,1656,0.0013613523403123483,0.021800060052245274,3.2492108020809596e-06,closedU_cap,all
USA_BEA,k:512,2,1587,-0.14452014852856612,0.06807696828320667,0.03788135907813628,closedU_cap,all
USA_BEA,k:513,0,1725,0.44498692821192487,0.1442257457601341,0.37545755675971215,closedU_cap,all
USA_BEA,k:513,1,1656,-0.005447112397036086,0.02258445471437281,5.505724245014054e-05,closedU_cap,all
USA_BEA,k:513,2,1587,-0.1340134716225547,0.06496335338789905,0.03443762170539921,closedU_cap,all
USA_BEA,k:514,0,1725,0.4301988037245809,0.13828483957619211,0.35902068240569107,closedU_cap,all
USA_BEA,k:514,1,1656,-0.006931720723411846,0.021576992729430724,9.160970686050707e-05,closedU_cap,all
USA_BEA,k:514,2,1587,-0.13127244806489646,0.06548957745562085,0.03398211948775476,closedU_cap,all
USA_BEA,k:521CI,0,1725,0.45797896123990445,0.14858938293630788,0.37043229815046164,closedU_cap,all
USA_BEA,k:521CI,1,1656,0.002314946233353288,0.026540049247643686,8.968190780889174e-06,closedU_cap,all
USA_BEA,k:521CI,2,1587,-0.1440254139933094,0.07120162834957827,0.03558738412708351,closedU_cap,all
USA_BEA,k:523,0,1725,0.42738676405910747,0.14006968214724502,0.35184044543364845,closedU_cap,all
USA_BEA,k:523,1,1656,0.0014601484044483414,0.023802669995648337,4.008410985689714e-06,closedU_cap,all
USA_BEA,k:523,2,1587,-0.12219436703392278,0.060113382733939943,0.029061935772859537,closedU_cap,all
USA_BEA,k:524,0,1725,0.4559774143522793,0.1375039913345226,0.3864661543175082,closedU_cap,all
USA_BEA,k:524,1,1656,-0.00824305732814222,0.026125958896761784,0.00012184929718339621,closedU_cap,all
USA_BEA,k:524,2,1587,-0.13304600422665372,0.05835999543265972,0.03297781388940357,closedU_cap,all
USA_BEA,k:525,0,1725,0.4638185006254223,0.14673192185248998,0.38131281809679485,closedU_cap,all
USA_BEA,k:525,1,1656,0.00043274248323681765,0.024797504566635806,3.1634882613484905e-07,closedU_cap,all
USA_BEA,k:525,2,1587,-0.13533986718581792,0.06677374644823388,0.03194839723057663,closedU_cap,all
USA_BEA,k:532RL,0,1725,0.36605730121972513,0.121712974806528,0.29353755796693015,closedU_cap,all
USA_BEA,k:532RL,1,1656,-0.0283978557926777,0.025591224773605422,0.0017274377742177993,closedU_cap,all
USA_BEA,k:532RL,2,1587,-0.11313749877288841,0.05698914980934543,0.02826221236480242,closedU_cap,all
USA_BEA,k:5411,0,1725,0.4445328395749662,0.14002895362055962,0.3789980608212913,closedU_cap,all
USA_BEA,k:5411,1,1656,-0.007175525475408581,0.02198435347627904,9.639245052150969e-05,closedU_cap,all
USA_BEA,k:5411,2,1587,-0.12800470121436236,0.06059477744559288,0.03190741797599972,closedU_cap,all
USA_BEA,k:5412OP,0,1725,0.445400807525988,0.1401356698168626,0.37327288638041567,closedU_cap,all
USA_BEA,k:5412OP,1,1656,-0.00664763618678082,0.022109375216190004,8.164727779780279e-05,closedU_cap,all
USA_BEA,k:5412OP,2,1587,-0.13955406617394187,0.0679010703196228,0.037230928385570516,closedU_cap,all
USA_BEA,k:5415,0,1725,0.4664561093340535,0.13972890517903622,0.3888957110170127,closedU_cap,all
USA_BEA,k:5415,1,1656,-0.0007277684974022395,0.02353507044761312,9.303490674517079e-07,closedU_cap,all
USA_BEA,k:5415,2,1587,-0.15322566596866558,0.07443915755247729,0.04261424084176624,closedU_cap,all
USA_BEA,k:55,0,1725,0.4066702051248176,0.12341288582622488,0.3833888338773149,closedU_cap,all
USA_BEA,k:55,1,1656,-0.022999367806140474,0.02333802925941187,0.0011839218081907132,closedU_cap,all
USA_BEA,k:55,2,1587,-0.14066185076090174,0.06394982301040987,0.045141516449598296,closedU_cap,all
USA_BEA,k:561,0,1725,0.3827946579408841,0.1346830827740255,0.3259278675522116,closedU_cap,all
USA_BEA,k:561,1,1656,-0.009861565995366521,0.019597166996280505,0.00021227658911149305,closedU_cap,all
USA_BEA,k:561,2,1587,-0.11599550634211094,0.06018922564524408,0.030309202478276953,closedU_cap,all
USA_BEA,k:562,0,1725,0.4328208817635961,0.13760025762276834,0.37581083756723777,closedU_cap,all
USA_BEA,k:562,1,1656,0.0031149432015750316,0.026181284141450236,1.908614851187096e-05,closedU_cap,all
USA_BEA,k:562,2,1587,-0.13265830587202426,0.06229512263720987,0.035728860241616256,closedU_cap,all
USA_BEA,k:61,0,1725,0.4735402956049076,0.1478552163086374,0.39005631494478143,closedU_cap,all
USA_BEA,k:61,1,1656,-0.0020372305324333623,0.02455100617560197,7.058077100885463e-06,closedU_cap,all
USA_BEA,k:61,2,1587,-0.14046553556045804,0.06728088560044689,0.03459289915256669,closedU_cap,all
USA_BEA,k:621,0,1725,0.4757404381335886,0.14850051070446332,0.39106677821929237,closedU_cap,all
USA_BEA,k:621,1,1656,-0.0014616152375514601,0.024965337031245875,3.6066568479542482e-06,closedU_cap,all
USA_BEA,k:621,2,1587,-0.13910724300789995,0.06641206829838928,0.033641963122290064,closedU_cap,all
USA_BEA,k:622,0,1725,0.4755713794927944,0.14840083529864947,0.39100854895830417,closedU_cap,all
USA_BEA,k:622,1,1656,-0.0016297437231775353,0.024954015671416994,4.487162319266602e-06,closedU_cap,all
USA_BEA,k:622,2,1587,-0.13936647940362815,0.06652024403447726,0.03378971865542213,closedU_cap,all
USA_BEA,k:623,0,1725,0.47473979830414376,0.14831481175499225,0.3901474480901066,closedU_cap,all
USA_BEA,k:623,1,1656,-0.0015417048524708587,0.024944320459250137,4.020209276700548e-06,closedU_cap,all
USA_BEA,k:623,2,1587,-0.13893429709090185,0.06636561454186816,0.03362145754371504,closedU_cap,all
USA_BEA,k:624,0,1725,0.4753349071645905,0.14839698488036182,0.3907705437753013,closedU_cap,all
USA_BEA,k:624,1,1656,-0.0014085226766469526,0.02497834501672569,3.352637715225981e-06,closedU_cap,all
USA_BEA,k:624,2,1587,-0.1390886688171798,0.06636662385930932,0.03366479467396566,closedU_cap,all
USA_BEA,k:711AS,0,1725,0.4466419186124186,0.14208373519843318,0.3726420668654151,closedU_cap,all
USA_BEA,k:711AS,1,1656,-0.009652006747079745,0.023605715100835662,0.0001701220045341456,closedU_cap,all
USA_BEA,k:711AS,2,1587,-0.13830590139922108,0.06455615759710916,0.03604536997386909,closedU_cap,all
USA_BEA,k:713,0,1725,0.47162675191841597,0.14710441891264261,0.3896463020813913,closedU_cap,all
USA_BEA,k:713,1,1656,-0.003036360024740396,0.0245694458945619,1.57741399098299e-05,closedU_cap,all
USA_BEA,k:713,2,1587,-0.1411364085860688,0.06563480886451871,0.03506339281742166,closedU_cap,all
USA_BEA,k:721,0,1725,0.4570663577433594,0.14460879765701393,0.3795981981688573,closedU_cap,all
USA_BEA,k:721,1,1656,-0.0038770823353411195,0.024418046873433182,2.6703490148216602e-05,closedU_cap,all
USA_BEA,k:721,2,1587,-0.13553433078987234,0.0657933912752399,0.033683214824432595,closedU_cap,all
USA_BEA,k:722,0,1725,0.4685554174519477,0.14585617979427826,0.38995158431845744,closedU_cap,all
USA_BEA,k:722,1,1656,-0.002020537264583735,0.024748250414066444,7.086738809780613e-06,closedU_cap,all
USA_BEA,k:722,2,1587,-0.13831278266565766,0.06580134139013466,0.03422421887410321,closedU_cap,all
USA_BEA,k:81,0,1725,0.4485526869766183,0.1452831060109304,0.37123038105592177,closedU_cap,all
USA_BEA,k:81,1,1656,-0.005896199585224853,0.02327703487923089,6.274367609104825e-05,closedU_cap,all
USA_BEA,k:81,2,1587,-0.1329668692685903,0.06418164330832869,0.032961358455759204,closedU_cap,all
USA_BEA,k:GFE,0,1725,0.39718903934065614,0.13790748251107446,0.33575376258742384,closedU_cap,all
USA_BEA,k:GFE,1,1656,-0.009784095779850404,0.02224340312311064,0.00019770309705569034,closedU_cap,all
USA_BEA,k:GFE,2,1587,-0.12944640234831112,0.062443359242093856,0.03541130283650984,closedU_cap,all
USA_BEA,k:GFGD+GFGN,0,1725,0.44671504973406867,0.13803665728765713,0.3712547395074147,closedU_cap,all
USA_BEA,k:GFGD+GFGN,1,1656,-0.00469561152487397,0.02225805148713681,3.9931103678947366e-05,closedU_cap,all
USA_BEA,k:GFGD+GFGN,2,1587,-0.14410802498240094,0.06907416437435844,0.03844081588957282,closedU_cap,all
USA_BEA,k:GSLE,0,1725,0.4372492944614498,0.1442546318598588,0.3678924960028608,closedU_cap,all
USA_BEA,k:GSLE,1,1656,-0.006375050452548601,0.02514736472903749,7.605186301073985e-05,closedU_cap,all
USA_BEA,k:GSLE,2,1587,-0.14031102654013275,0.06496747013896477,0.0379182364631393,closedU_cap,all
USA_BEA,k:GSLG,0,1725,0.46423529393310203,0.14571596877902276,0.3840207868471074,closedU_cap,all
USA_BEA,k:GSLG,1,1656,-0.0034239023452830087,0.024055322800341096,2.0443022594518467e-05,closedU_cap,all
USA_BEA,k:GSLG,2,1587,-0.137895559902295,0.06579046633190527,0.03416349800674945,closedU_cap,all
USA_BEA,k:HS+ORE,0,1725,0.47063813660737686,0.146573847857861,0.3918753911373797,closedU_cap,all
USA_BEA,k:HS+ORE,1,1656,-0.0032795799007257834,0.023891425487285414,1.8577788034823683e-05,closedU_cap,all
USA_BEA,k:HS+ORE,2,1587,-0.1380861233990263,0.06708936406313072,0.033957811273554794,closedU_cap,all
USA_BEA,labour,0,1725,0.47539725213767214,0.1484011629497538,0.39087166292579734,closedU_cap,all
USA_BEA,labour,1,1656,-0.0013238185699239737,0.024958197513942456,2.9614898401364442e-06,closedU_cap,all
USA_BEA,labour,2,1587,-0.13906079318833212,0.06639404375178919,0.03365082894909943,closedU_cap,all
USA_BEA,pp_eigen,0,1725,0.6836955310908357,0.14926691990219854,0.5389526760805213,closedU_cap,all
USA_BEA,pp_eigen,1,1656,-0.001304730335733878,0.03955763237902364,1.8852382137612977e-06,closedU_cap,all
USA_BEA,pp_eigen,2,1587,-0.221650204782651,0.08551897580306474,0.05632378429083196,closedU_cap,all
USA_BEA,k:111CA,0,1350,0.41159759341215013,0.13839955060652112,0.35311546169390795,closedU_cap,core
USA_BEA,k:111CA,1,1296,0.0405733283086267,0.024258700749735178,0.003328488120822981,closedU_cap,core
USA_BEA,k:111CA,2,1242,-0.088485230602961,0.04871947167146935,0.015870486448588683,closedU_cap,core
USA_BEA,k:113FF,0,1350,0.3839338293328598,0.13204862120066718,0.3294541175628216,closedU_cap,core
USA_BEA,k:113FF,1,1296,0.033100048425662554,0.022756459019557924,0.002399860100638973,closedU_cap,core
USA_BEA,k:113FF,2,1242,-0.08431385311669207,0.045748538490703705,0.01575311702017168,closedU_cap,core
USA_BEA,k:211,0,1350,0.23632706595141803,0.05948777561494166,0.11484564798219721,closedU_cap,core
USA_BEA,k:211,1,1296,0.055130954506976616,0.03238914911079734,0.006107459872369714,closedU_cap,core
USA_BEA,k:211,2,1242,-0.038148389501816066,0.019314657615289776,0.0029594551218176113,closedU_cap,core
USA_BEA,k:212,0,1350,0.3151434203658213,0.10506259935759708,0.2177841108302433,closedU_cap,core
USA_BEA,k:212,1,1296,0.04702962958815406,0.03894020900533146,0.004750263547485534,closedU_cap,core
USA_BEA,k:212,2,1242,-0.06270124264912948,0.04646619007377775,0.008512847988397465,closedU_cap,core
USA_BEA,k:213,0,1350,0.5026917027379711,0.15619284998168842,0.34981530544918393,closedU_cap,core
USA_BEA,k:213,1,1296,0.06419136225387354,0.037647128111669606,0.005545772841128005,closedU_cap,core
USA_BEA,k:213,2,1242,-0.14874110677533803,0.08112815557089523,0.030443387584515924,closedU_cap,core
USA_BEA,k:22,0,1350,0.3244642878807347,0.13495681411283808,0.2607820993010458,closedU_cap,core
USA_BEA,k:22,1,1296,0.03644442286344207,0.02739883497326295,0.003226861954232274,closedU_cap,core
USA_BEA,k:22,2,1242,-0.09612000474376686,0.051493402756643374,0.023081711312386677,closedU_cap,core
USA_BEA,k:23,0,1350,0.5080789524872183,0.15810182378048754,0.39541142605154056,closedU_cap,core
USA_BEA,k:23,1,1296,0.053354750224997124,0.03405953028980678,0.0042536353457274245,closedU_cap,core
USA_BEA,k:23,2,1242,-0.12515435913662343,0.06555694560485088,0.0239624235532504,closedU_cap,core
USA_BEA,k:311FT,0,1350,0.4695535045558978,0.14532845099315417,0.39944992554943615,closedU_cap,core
USA_BEA,k:311FT,1,1296,0.052334489550796934,0.027120602282721763,0.004857788201677482,closedU_cap,core
USA_BEA,k:311FT,2,1242,-0.09780454925600485,0.05179776114706311,0.01734383009107099,closedU_cap,core
USA_BEA,k:313TT,0,1350,0.3772866893030737,0.12860100436566702,0.32188198653636135,closedU_cap,core
USA_BEA,k:313TT,1,1296,0.03830694239089411,0.025223801837450335,0.0031524582901201192,closedU_cap,core
USA_BEA,k:313TT,2,1242,-0.07616487607680784,0.0482521114072282,0.012697677963504073,closedU_cap,core
USA_BEA,k:315AL,0,1350,0.2783378522602309,0.11424140872292254,0.2304059179121083,closedU_cap,core
USA_BEA,k:315AL,1,1296,0.03634853024294629,0.020407229415494797,0.0037302300324124626,closedU_cap,core
USA_BEA,k:315AL,2,1242,-0.062231041069743184,0.039010446940814604,0.010888599629706452,closedU_cap,core
USA_BEA,k:321,0,1350,0.4111654141650177,0.1450766359476859,0.32681607653833145,closedU_cap,core
USA_BEA,k:321,1,1296,0.03751250511311412,0.027148341427062846,0.002674150728904423,closedU_cap,core
USA_BEA,k:321,2,1242,-0.09277020374992562,0.05267175606121929,0.01676968466241091,closedU_cap,core
USA_BEA,k:322,0,1350,0.3863538827267594,0.14162722923255847,0.32381776725476796,closedU_cap,core
USA_BEA,k:322,1,1296,0.040619336590263885,0.025599057457885918,0.0034989974540000635,closedU_cap,core
USA_BEA,k:322,2,1242,-0.08209866631624178,0.04749269257971984,0.01468795483163543,closedU_cap,core
USA_BEA,k:323,0,1350,0.3652032867282742,0.1418616034600048,0.30828332943399195,closedU_cap,core
USA_BEA,k:323,1,1296,0.032399311475411224,0.023898370760913917,0.0023907634845852233,closedU_cap,core
USA_BEA,k:323,2,1242,-0.08446104658634127,0.04891003470545834,0.01677020129304807,closedU_cap,core
USA_BEA,k:324,0,1350,0.3298032306075624,0.09366336471187497,0.24609542824209052,closedU_cap,core
USA_BEA,k:324,1,1296,0.04366832612334204,0.027575279866464433,0.0042593729720621365,closedU_cap,core
USA_BEA,k:324,2,1242,-0.07216678426616717,0.032723129348294806,0.011795775845235723,closedU_cap,core
USA_BEA,k:325,0,1350,0.4187498220530567,0.12246123837428734,0.3593952860965496,closedU_cap,core
USA_BEA,k:325,1,1296,0.060394997723760266,0.030710196498678285,0.007253703348013674,closedU_cap,core
USA_BEA,k:325,2,1242,-0.08685232997405123,0.043805713520685706,0.015252950416829059,closedU_cap,core
USA_BEA,k:326,0,1350,0.42054809000337207,0.1397026591028355,0.3575929370274814,closedU_cap,core
USA_BEA,k:326,1,1296,0.038456585331005814,0.025624613411549053,0.0029188770701331634,closedU_cap,core
USA_BEA,k:326,2,1242,-0.09515079533619131,0.05077641661119824,0.018205735909875065,closedU_cap,core
USA_BEA,k:327,0,1350,0.4363237490555423,0.14049951481781045,0.3398913289916222,closedU_cap,core
USA_BEA,k:327,1,1296,0.052858573964475256,0.041060803098488995,0.004880611528430112,closedU_cap,core
USA_BEA,k:327,2,1242,-0.07856026744021276,0.0492910850800628,0.011055911636039362,closedU_cap,core
USA_BEA,k:331,0,1350,0.4107969025527378,0.13613842793136705,0.3530188641662746,closedU_cap,core
USA_BEA,k:331,1,1296,0.04217215600731787,0.02181632786949907,0.003628205254407435,closedU_cap,core
USA_BEA,k:331,2,1242,-0.08902149314919129,0.05871703093494117,0.016412994403005365,closedU_cap,core
USA_BEA,k:332,0,1350,0.4023269183168387,0.1370999541104768,0.3435717799452437,closedU_cap,core
USA_BEA,k:332,1,1296,0.0373874553463983,0.02145550999895326,0.0029095787103042836,closedU_cap,core
USA_BEA,k:332,2,1242,-0.09302012503392566,0.050968792480580935,0.018407679652631015,closedU_cap,core
USA_BEA,k:333,0,1350,0.45952400187702247,0.15028480140639333,0.37317912608209725,closedU_cap,core
USA_BEA,k:333,1,1296,0.047554738917255764,0.02924570905866472,0.003918052588136267,closedU_cap,core
USA_BEA,k:333,2,1242,-0.10412341660692666,0.06022629132160597,0.019258760904162564,closedU_cap,core
USA_BEA,k:334,0,1350,0.44925828511783555,0.14284450150865174,0.3689805366409106,closedU_cap,core
USA_BEA,k:334,1,1296,0.0454034844481189,0.028456388534634613,0.003672593495861687,closedU_cap,core
USA_BEA,k:334,2,1242,-0.10743539612000626,0.05671192165583441,0.020712391767330307,closedU_cap,core
USA_BEA,k:335,0,1350,0.45214926995509125,0.14466302969762762,0.3717977785357345,closedU_cap,core
USA_BEA,k:335,1,1296,0.04684275600464422,0.027878009870983315,0.003895398558758978,closedU_cap,core
USA_BEA,k:335,2,1242,-0.094337603671377,0.05729818800906604,0.01618282426734119,closedU_cap,core
USA_BEA,k:3361MV,0,1350,0.4711629138818095,0.14614746796553896,0.3908731172467561,closedU_cap,core
USA_BEA,k:3361MV,1,1296,0.043307955846676,0.027813877858453226,0.0032337490113144574,closedU_cap,core
USA_BEA,k:3361MV,2,1242,-0.10991987881941774,0.05698272040604859,0.02128956966372264,closedU_cap,core
USA_BEA,k:3364OT,0,1350,0.3484755723858292,0.13578188757897586,0.27890168067172316,closedU_cap,core
USA_BEA,k:3364OT,1,1296,0.04324600878948829,0.025171035745550907,0.004169486139818157,closedU_cap,core
USA_BEA,k:3364OT,2,1242,-0.0896194730687925,0.0524640396980923,0.018426140296644022,closedU_cap,core
USA_BEA,k:337,0,1350,0.38505324178404143,0.1398757140005217,0.31287088162953747,closedU_cap,core
USA_BEA,k:337,1,1296,0.04037386862757722,0.024958295536314547,0.0033887435846552405,closedU_cap,core
USA_BEA,k:337,2,1242,-0.08863907053234356,0.05099888399175399,0.016838034507468014,closedU_cap,core
USA_BEA,k:339,0,1350,0.46246056228470134,0.1484518353734041,0.3800095807623375,closedU_cap,core
USA_BEA,k:339,1,1296,0.048564855891856565,0.027871438838080107,0.004061257679764063,closedU_cap,core
USA_BEA,k:339,2,1242,-0.10273184923760555,0.057085259749172806,0.018606257494579892,closedU_cap,core
USA_BEA,k:42,0,1350,0.4749558329886599,0.1506223655184004,0.39558791975229235,closedU_cap,core
USA_BEA,k:42,1,1296,0.05131244929605178,0.02813710894386086,0.004517061404672451,closedU_cap,core
USA_BEA,k:42,2,1242,-0.10595921960530372,0.05529481197352581,0.019653767463566396,closedU_cap,core
USA_BEA,k:441,0,1350,0.45999696450860356,0.14946083950308864,0.378788491901926,closedU_cap,core
USA_BEA,k:441,1,1296,0.048923702151336866,0.028490411755878787,0.004199013402632068,closedU_cap,core
USA_BEA,k:441,2,1242,-0.09879276112159723,0.05425033262028232,0.01755178226871623,closedU_cap,core
USA_BEA,k:445,0,1350,0.4719596308569135,0.14981559670711023,0.3886378170623135,closedU_cap,core
USA_BEA,k:445,1,1296,0.05250587847210227,0.028972865337764955,0.004703480593260867,closedU_cap,core
USA_BEA,k:445,2,1242,-0.09729657325253813,0.05410229189226914,0.01653791980089614,closedU_cap,core
USA_BEA,k:452,0,1350,0.4726959950744977,0.1503182458903001,0.388161688357774,closedU_cap,core
USA_BEA,k:452,1,1296,0.052083676658623256,0.029173488689756482,0.004608764332310722,closedU_cap,core
USA_BEA,k:452,2,1242,-0.09842455566870564,0.05449210904024337,0.016860378876625393,closedU_cap,core
USA_BEA,k:481,0,1350,0.43407907852474553,0.14589759436009306,0.35350271495558283,closedU_cap,core
USA_BEA,k:481,1,1296,0.05662980628447772,0.028311823891263695,0.00589025048812275,closedU_cap,core
USA_BEA,k:481,2,1242,-0.10221469179119827,0.05196067030122038,0.019673051651732387,closedU_cap,core
USA_BEA,k:482,0,1350,0.38437052392469645,0.13517247598579185,0.2807828168056239,closedU_cap,core
USA_BEA,k:482,1,1296,0.030755145151430262,0.024590018065194404,0.0017581484114392865,closedU_cap,core
USA_BEA,k:482,2,1242,-0.09223898859473646,0.06507735277153762,0.01597962810403064,closedU_cap,core
USA_BEA,k:483,0,1350,0.36759667617552433,0.12864499518945452,0.30072185221397707,closedU_cap,core
USA_BEA,k:483,1,1296,0.09168097691420721,0.03727403749887042,0.018383860147295983,closedU_cap,core
USA_BEA,k:483,2,1242,-0.0711721973023123,0.04691010351036052,0.01094272674147534,closedU_cap,core
USA_BEA,k:484,0,1350,0.43559668590195977,0.14517932008366424,0.3372519895542925,closedU_cap,core
USA_BEA,k:484,1,1296,0.035542986134922135,0.027204897599057032,0.0022090345310418202,closedU_cap,core
USA_BEA,k:484,2,1242,-0.08841683563287352,0.04472386524749681,0.013944315710852861,closedU_cap,core
USA_BEA,k:485,0,1350,0.4098331895192653,0.14311723185108316,0.33564619709450283,closedU_cap,core
USA_BEA,k:485,1,1296,0.040437299595598726,0.027875297228339414,0.0032102883392770565,closedU_cap,core
USA_BEA,k:485,2,1242,-0.09096113393386382,0.051404776740117564,0.016709063985487882,closedU_cap,core
USA_BEA,k:486,0,1350,0.2392348030455439,0.0732025439122301,0.1318053659654459,closedU_cap,core
USA_BEA,k:486,1,1296,0.06667226222232309,0.04216302265285724,0.010035591689056766,closedU_cap,core
USA_BEA,k:486,2,1242,-0.05393321544479154,0.02820132517064871,0.00665533850320521,closedU_cap,core
USA_BEA,k:487OS,0,1350,0.31422729293147905,0.1254388984889123,0.25806361344866924,closedU_cap,core
USA_BEA,k:487OS,1,1296,0.024825556511643927,0.02465997751026534,0.0015924050146369773,closedU_cap,core
USA_BEA,k:487OS,2,1242,-0.07641286062943102,0.042934263629742404,0.015580910530087921,closedU_cap,core
USA_BEA,k:493,0,1350,0.27080193821583387,0.1055655942195314,0.22885301976219952,closedU_cap,core
USA_BEA,k:493,1,1296,0.011825296562485202,0.017216030470794945,0.0004318311105379058,closedU_cap,core
USA_BEA,k:493,2,1242,-0.06809629647301478,0.031281402604557876,0.014579869996293127,closedU_cap,core
USA_BEA,k:4A0,0,1350,0.47731937919315476,0.1510190088923058,0.39202140267014796,closedU_cap,core
USA_BEA,k:4A0,1,1296,0.049043422779281476,0.030672175271553286,0.0040449976376277785,closedU_cap,core
USA_BEA,k:4A0,2,1242,-0.10076887095690111,0.05547654171171472,0.01749891826229688,closedU_cap,core
USA_BEA,k:511,0,1350,0.44838039363811644,0.14945894808129082,0.36520498888924824,closedU_cap,core
USA_BEA,k:511,1,1296,0.044711646961945524,0.02765851589594579,0.0035644153168140624,closedU_cap,core
USA_BEA,k:511,2,1242,-0.10055839635725934,0.05751043019680549,0.01847471425680658,closedU_cap,core
USA_BEA,k:512,0,1350,0.44650216668738,0.14784542967418637,0.369813708130048,closedU_cap,core
USA_BEA,k:512,1,1296,0.04241650350641063,0.028456587024710604,0.00327612043631198,closedU_cap,core
USA_BEA,k:512,2,1242,-0.10493255923958933,0.05240182387554358,0.020618615376067462,closedU_cap,core
USA_BEA,k:513,0,1350,0.4177875283603868,0.1512341748778256,0.34846172335273995,closedU_cap,core
USA_BEA,k:513,1,1296,0.04004845894633049,0.026386330152322997,0.0031391002042845395,closedU_cap,core
USA_BEA,k:513,2,1242,-0.09153770704577512,0.05216597897378502,0.01685375147322632,closedU_cap,core
USA_BEA,k:514,0,1350,0.399954671820365,0.1414850412417128,0.330337302907022,closedU_cap,core
USA_BEA,k:514,1,1296,0.03288283198056662,0.02619020264633225,0.0021972603110606004,closedU_cap,core
USA_BEA,k:514,2,1242,-0.09564905043652736,0.05200969535690642,0.019080100942679756,closedU_cap,core
USA_BEA,k:521CI,0,1350,0.41451155983782895,0.14795814454774406,0.33752523283470737,closedU_cap,core
USA_BEA,k:521CI,1,1296,0.05055834209628124,0.02677675800016401,0.004722849933436635,closedU_cap,core
USA_BEA,k:521CI,2,1242,-0.09861908332350354,0.05558910385125994,0.018298888888910514,closedU_cap,core
USA_BEA,k:523,0,1350,0.38720470912464866,0.13697991832986556,0.32596377522810216,closedU_cap,core
USA_BEA,k:523,1,1296,0.04025339194718249,0.024277436077352655,0.0034688172439810705,closedU_cap,core
USA_BEA,k:523,2,1242,-0.08200229876177649,0.04744784888725061,0.014810675294581022,closedU_cap,core
USA_BEA,k:524,0,1350,0.42205250106121067,0.14065968774213639,0.3613172011207949,closedU_cap,core
USA_BEA,k:524,1,1296,0.03818322140033255,0.0253193258879701,0.0028774357797801686,closedU_cap,core
USA_BEA,k:524,2,1242,-0.09495779987679433,0.04851330382550053,0.018188514255528254,closedU_cap,core
USA_BEA,k:525,0,1350,0.47025276438610153,0.14935882938064804,0.3881605356269463,closedU_cap,core
USA_BEA,k:525,1,1296,0.05205411262750496,0.028749118343191635,0.004646133718796963,closedU_cap,core
USA_BEA,k:525,2,1242,-0.09720519769076767,0.05382452410204981,0.01658395037341487,closedU_cap,core
USA_BEA,k:532RL,0,1350,0.3318723853123472,0.12700617069403808,0.2659344880040446,closedU_cap,core
USA_BEA,k:532RL,1,1296,0.016839808113545816,0.023200860569451483,0.0006712149010499324,closedU_cap,core
USA_BEA,k:532RL,2,1242,-0.07291377739314919,0.05007834384754928,0.012975383108674854,closedU_cap,core
USA_BEA,k:5411,0,1350,0.4185561181917597,0.1436855751711412,0.35013787733110435,closedU_cap,core
USA_BEA,k:5411,1,1296,0.03619540309907812,0.026237418817960146,0.0025658031823232452,closedU_cap,core
USA_BEA,k:5411,2,1242,-0.09488240231253872,0.050493885129079985,0.018136163491796697,closedU_cap,core
USA_BEA,k:5412OP,0,1350,0.41440953363267385,0.14384000473689193,0.3431104276035317,closedU_cap,core
USA_BEA,k:5412OP,1,1296,0.03504231623340414,0.0269141904536374,0.0024118016766234707,closedU_cap,core
USA_BEA,k:5412OP,2,1242,-0.09879965128350468,0.05432529741466427,0.019682798070200236,closedU_cap,core
USA_BEA,k:5415,0,1350,0.4538890888115402,0.14865865100578352,0.3737433696089373,closedU_cap,core
USA_BEA,k:5415,1,1296,0.0450376607303469,0.030436503225603626,0.0036059132520999126,closedU_cap,core
USA_BEA,k:5415,2,1242,-0.11142018581620881,0.06087388702609199,0.02264053174700098,closedU_cap,core
USA_BEA,k:55,0,1350,0.3596751628021908,0.12095129261301847,0.32000302654197876,closedU_cap,core
USA_BEA,k:55,1,1296,0.02125830299756943,0.02008397879515245,0.0010860735740932936,closedU_cap,core
USA_BEA,k:55,2,1242,-0.0984388549056993,0.05217678035549178,0.02364628974423344,closedU_cap,core
USA_BEA,k:561,0,1350,0.32735573043038,0.1340078950582488,0.2763992346034879,closedU_cap,core
USA_BEA,k:561,1,1296,0.025607840956890095,0.02227006459292883,0.0016650000050022484,closedU_cap,core
USA_BEA,k:561,2,1242,-0.07144345497553745,0.04525029211914934,0.01323087941686718,closedU_cap,core
USA_BEA,k:562,0,1350,0.4003713884222444,0.14061936286997456,0.3333447434499135,closedU_cap,core
USA_BEA,k:562,1,1296,0.05833233291308494,0.02724760443503909,0.006955918570523911,closedU_cap,core
USA_BEA,k:562,2,1242,-0.09800510153112196,0.05284705661263757,0.020076877604076948,closedU_cap,core
USA_BEA,k:61,0,1350,0.46496621372543406,0.15022357131842562,0.38150067623637196,closedU_cap,core
USA_BEA,k:61,1,1296,0.04982104452040296,0.0289514626710638,0.00428457717558417,closedU_cap,core
USA_BEA,k:61,2,1242,-0.09846534881667594,0.05453546812488385,0.017165109501025677,closedU_cap,core
USA_BEA,k:621,0,1350,0.4720087881639869,0.14986404835303327,0.3880327249310872,closedU_cap,core
USA_BEA,k:621,1,1296,0.05243721915285009,0.029056177116471776,0.004682157055671432,closedU_cap,core
USA_BEA,k:621,2,1242,-0.0970829129166559,0.05409116145014828,0.016427245105355426,closedU_cap,core
USA_BEA,k:622,0,1350,0.47201097793055274,0.14990433123075747,0.387894565045958,closedU_cap,core
USA_BEA,k:622,1,1296,0.05239648442349611,0.029067939494892725,0.004673547926675403,closedU_cap,core
USA_BEA,k:622,2,1242,-0.09736969048999367,0.05420181024801909,0.016518844191983795,closedU_cap,core
USA_BEA,k:623,0,1350,0.471933610562954,0.14981541589535566,0.3879824173140515,closedU_cap,core
USA_BEA,k:623,1,1296,0.05238914553160297,0.029048331398952718,0.004674616459831915,closedU_cap,core
USA_BEA,k:623,2,1242,-0.09720614887841339,0.05407187519176242,0.016471326423088573,closedU_cap,core
USA_BEA,k:624,0,1350,0.47207883732670847,0.14985055422574567,0.3879363948344706,closedU_cap,core
USA_BEA,k:624,1,1296,0.05248862361125392,0.029066272052683344,0.004688650476456946,closedU_cap,core
USA_BEA,k:624,2,1242,-0.09719373865354065,0.054094953319714506,0.016454002429020176,closedU_cap,core
USA_BEA,k:711AS,0,1350,0.41991065960010826,0.1426682995273423,0.35108289520629443,closedU_cap,core
USA_BEA,k:711AS,1,1296,0.03404064916680103,0.027950160628767547,0.0022573728946507776,closedU_cap,core
USA_BEA,k:711AS,2,1242,-0.0994940491061651,0.05055120480618935,0.01978004510421938,closedU_cap,core
USA_BEA,k:713,0,1350,0.46672040594650577,0.14832362790075657,0.3860482979879186,closedU_cap,core
USA_BEA,k:713,1,1296,0.04749163423403924,0.02972231215363161,0.003907976915696887,closedU_cap,core
USA_BEA,k:713,2,1242,-0.10054711236023096,0.05301940146692353,0.01789161623470814,closedU_cap,core
USA_BEA,k:721,0,1350,0.44400554413252075,0.14743007772544403,0.3666605071130048,closedU_cap,core
USA_BEA,k:721,1,1296,0.046477364344981696,0.029352746901540213,0.0039363032788524155,closedU_cap,core
USA_BEA,k:721,2,1242,-0.09665077138160437,0.05361102036038011,0.017465527839376715,closedU_cap,core
USA_BEA,k:722,0,1350,0.45856588052929004,0.14710901638160645,0.3820931844911927,closedU_cap,core
USA_BEA,k:722,1,1296,0.05170768594156609,0.0282570115135426,0.0047554785610031125,closedU_cap,core
USA_BEA,k:722,2,1242,-0.097212041030115,0.05338984398493074,0.017227109923288242,closedU_cap,core
USA_BEA,k:81,0,1350,0.4243954211504203,0.14988341375503356,0.34755745380719616,closedU_cap,core
USA_BEA,k:81,1,1296,0.041662884750486746,0.02674217885434239,0.003281660712395995,closedU_cap,core
USA_BEA,k:81,2,1242,-0.08932793978976813,0.05094740591265739,0.015535247143914965,closedU_cap,core
USA_BEA,k:GFE,0,1350,0.36082028264863636,0.13679416889739918,0.3066825817119382,closedU_cap,core
USA_BEA,k:GFE,1,1296,0.030285826253775787,0.027422012155041444,0.0021060602713602883,closedU_cap,core
USA_BEA,k:GFE,2,1242,-0.08869013081168972,0.05017828328895631,0.01821977926416174,closedU_cap,core
USA_BEA,k:GFGD+GFGN,0,1350,0.41986298156492213,0.1399678071052343,0.35351414695901107,closedU_cap,core
USA_BEA,k:GFGD+GFGN,1,1296,0.03374291604784468,0.029697494357444742,0.002205680392649123,closedU_cap,core
USA_BEA,k:GFGD+GFGN,2,1242,-0.10294278545695447,0.0553335368362504,0.0205905582344722,closedU_cap,core
USA_BEA,k:GSLE,0,1350,0.39828577948101246,0.14797752057332908,0.3257897613573063,closedU_cap,core
USA_BEA,k:GSLE,1,1296,0.04144842252541654,0.029283296259131467,0.0034454012604588913,closedU_cap,core
USA_BEA,k:GSLE,2,1242,-0.10062293442720077,0.0538170398910516,0.02080028284550972,closedU_cap,core
USA_BEA,k:GSLG,0,1350,0.4495728387925834,0.14734742220440764,0.37106942269314747,closedU_cap,core
USA_BEA,k:GSLG,1,1296,0.04615884764785874,0.028401405797164013,0.0038298626518387113,closedU_cap,core
USA_BEA,k:GSLG,2,1242,-0.09716675652536304,0.05295788838102114,0.01736475136155613,closedU_cap,core
USA_BEA,k:HS+ORE,0,1350,0.456813608707031,0.14878357987711446,0.3810922588569483,closedU_cap,core
USA_BEA,k:HS+ORE,1,1296,0.04721271315377053,0.0276931980856549,0.003981319917131243,closedU_cap,core
USA_BEA,k:HS+ORE,2,1242,-0.09407675773624632,0.0543856157420865,0.016188564744592293,closedU_cap,core
USA_BEA,labour,0,1350,0.4720394538945977,0.14984440310787872,0.3879066599123,closedU_cap,core
USA_BEA,labour,1,1296,0.052487584051281524,0.029060842951553593,0.004688829401280015,closedU_cap,core
USA_BEA,labour,2,1242,-0.09720235970377365,0.054095256164149466,0.016458160346261796,closedU_cap,core
USA_BEA,pp_eigen,0,1350,0.5724906155060486,0.15471004641629274,0.43765814438962036,closedU_cap,core
USA_BEA,pp_eigen,1,1296,0.055815712281191664,0.037409837643038776,0.004017729453539398,closedU_cap,core
USA_BEA,pp_eigen,2,1242,-0.14919009022114813,0.06871433563756467,0.029098945236701534,closedU_cap,core
USA_BEA,k:111CA,0,1725,0.16230677481168793,0.07034824614382144,0.13418695963507576,open_cap_comp,all
USA_BEA,k:111CA,1,1656,-0.0021224741287603844,0.015271108324170748,2.2054956185346697e-05,open_cap_comp,all
USA_BEA,k:111CA,2,1587,-0.04335343420108037,0.030034563239395375,0.009288936204224774,open_cap_comp,all
USA_BEA,k:113FF,0,1725,0.20989448039634132,0.08631730984091039,0.15447777860377288,open_cap_comp,all
USA_BEA,k:113FF,1,1656,0.005713865078929182,0.015092726347323395,0.00011099662164493207,open_cap_comp,all
USA_BEA,k:113FF,2,1587,-0.05500074140771008,0.042797350532341065,0.010466558644687374,open_cap_comp,all
USA_BEA,k:211,0,1725,0.14658729001187795,0.07046058438006564,0.10641725673107261,open_cap_comp,all
USA_BEA,k:211,1,1656,0.004198238914740439,0.007496148007997848,8.552554044705118e-05,open_cap_comp,all
USA_BEA,k:211,2,1587,-0.0430920429877907,0.030536734588693833,0.009387369029790427,open_cap_comp,all
USA_BEA,k:212,0,1725,0.20802322044923896,0.08715645069446876,0.14087738769721014,open_cap_comp,all
USA_BEA,k:212,1,1656,0.0021499275038610356,0.023282881822247966,1.4819181520575597e-05,open_cap_comp,all
USA_BEA,k:212,2,1587,-0.059741867198438915,0.04198104839069137,0.011782409521340353,open_cap_comp,all
USA_BEA,k:213,0,1725,0.2135713670278798,0.0754607472503689,0.10896541107935453,open_cap_comp,all
USA_BEA,k:213,1,1656,0.007664953691442346,0.016186443839067557,0.00013847022900437267,open_cap_comp,all
USA_BEA,k:213,2,1587,-0.08457735208231149,0.040839644887114314,0.017376210222561417,open_cap_comp,all
USA_BEA,k:22,0,1725,0.13302782162088184,0.06263328693815128,0.11468828703440914,open_cap_comp,all
USA_BEA,k:22,1,1656,-0.0001042741439581696,0.013434989211449212,6.885827885660945e-08,open_cap_comp,all
USA_BEA,k:22,2,1587,-0.0530065606933288,0.028239559034530223,0.01876268114358637,open_cap_comp,all
USA_BEA,k:23,0,1725,0.3319109519767356,0.11421666778529083,0.26038475349114765,open_cap_comp,all
USA_BEA,k:23,1,1656,0.006021438021348717,0.01859884204035948,8.484082706883278e-05,open_cap_comp,all
USA_BEA,k:23,2,1587,-0.11709173490235704,0.06272254053770421,0.03365776963037026,open_cap_comp,all
USA_BEA,k:311FT,0,1725,0.16632498669576806,0.06916762333215744,0.13225072992021214,open_cap_comp,all
USA_BEA,k:311FT,1,1656,0.006549861773114469,0.015197416740188839,0.00020217590558668785,open_cap_comp,all
USA_BEA,k:311FT,2,1587,-0.04973731079186581,0.032603080906713745,0.012076158709315776,open_cap_comp,all
USA_BEA,k:313TT,0,1725,0.17349389820966415,0.0762153509588526,0.13814531502965743,open_cap_comp,all
USA_BEA,k:313TT,1,1656,-0.0016624156426536503,0.014218350457980304,1.2266332623411813e-05,open_cap_comp,all
USA_BEA,k:313TT,2,1587,-0.05079723671515734,0.03639748918631415,0.012018911792446074,open_cap_comp,all
USA_BEA,k:315AL,0,1725,0.02355233497814297,0.016587566066466917,0.013573353684284917,open_cap_comp,all
USA_BEA,k:315AL,1,1656,0.011811287552709774,0.005644133568304939,0.0027360533969296164,open_cap_comp,all
USA_BEA,k:315AL,2,1587,-0.011190249911347153,0.009745082090474021,0.0021729614360950222,open_cap_comp,all
USA_BEA,k:321,0,1725,0.2815692462589257,0.10458987846158511,0.21191352430415877,open_cap_comp,all
USA_BEA,k:321,1,1656,0.00499222959019002,0.016589143427254604,6.581010849104896e-05,open_cap_comp,all
USA_BEA,k:321,2,1587,-0.08462802085473586,0.053795450602728015,0.019766668473123583,open_cap_comp,all
USA_BEA,k:322,0,1725,0.20659531602613448,0.08641022302622338,0.1688285310540093,open_cap_comp,all
USA_BEA,k:322,1,1656,-0.003641808780731565,0.015136804516434383,5.1414107918978935e-05,open_cap_comp,all
USA_BEA,k:322,2,1587,-0.05771517510503065,0.03850402915443574,0.013448231438399127,open_cap_comp,all
USA_BEA,k:323,0,1725,0.21879568022199444,0.08833731236827257,0.19138273762563807,open_cap_comp,all
USA_BEA,k:323,1,1656,0.00013198408629464952,0.01310042705706246,6.871535263019979e-08,open_cap_comp,all
USA_BEA,k:323,2,1587,-0.07902378534922684,0.04186704045094186,0.02590971317170887,open_cap_comp,all
USA_BEA,k:324,0,1725,0.16528220913109143,0.06900899800074183,0.13557221544242382,open_cap_comp,all
USA_BEA,k:324,1,1656,-0.007260561348231987,0.01687623474466914,0.0002596594263278851,open_cap_comp,all
USA_BEA,k:324,2,1587,-0.04977885888270718,0.026860961142751067,0.0126065723749893,open_cap_comp,all
USA_BEA,k:325,0,1725,0.23745162909374376,0.08391236014155862,0.20641384690914577,open_cap_comp,all
USA_BEA,k:325,1,1656,0.002741645309962666,0.023308698586862225,2.6763249283079382e-05,open_cap_comp,all
USA_BEA,k:325,2,1587,-0.05838473633874649,0.03208485055812009,0.012556614808553301,open_cap_comp,all
USA_BEA,k:326,0,1725,0.27515813851971643,0.0987299551919874,0.23248481215585926,open_cap_comp,all
USA_BEA,k:326,1,1656,-0.006713448007410056,0.016639091901949146,0.00013389259857277125,open_cap_comp,all
USA_BEA,k:326,2,1587,-0.09140569439842783,0.04961777123016254,0.025309833192231457,open_cap_comp,all
USA_BEA,k:327,0,1725,0.3118383146183955,0.10925911463659187,0.2476340542440313,open_cap_comp,all
USA_BEA,k:327,1,1656,0.00403292219810403,0.02815350041164111,4.0751134073868656e-05,open_cap_comp,all
USA_BEA,k:327,2,1587,-0.07224406728573465,0.05234437144982529,0.013602867500656202,open_cap_comp,all
USA_BEA,k:331,0,1725,0.3432602424612825,0.11183769237939918,0.30958880636818953,open_cap_comp,all
USA_BEA,k:331,1,1656,0.0008270430973203403,0.020278747209995267,1.7465123449689202e-06,open_cap_comp,all
USA_BEA,k:331,2,1587,-0.10469475057521987,0.055225339456541844,0.028829796888192205,open_cap_comp,all
USA_BEA,k:332,0,1725,0.32012583752839935,0.10961791707947371,0.2718289445771491,open_cap_comp,all
USA_BEA,k:332,1,1656,-0.0008324072907451824,0.017499628521999287,1.7893527625156835e-06,open_cap_comp,all
USA_BEA,k:332,2,1587,-0.0955730139041726,0.04904477343692754,0.024553461353925554,open_cap_comp,all
USA_BEA,k:333,0,1725,0.34145533767443914,0.11597195002817742,0.28037830483900816,open_cap_comp,all
USA_BEA,k:333,1,1656,0.014470031323108432,0.01865405674040435,0.0004913746436154831,open_cap_comp,all
USA_BEA,k:333,2,1587,-0.09345029732990207,0.05270902555894053,0.02129232414769411,open_cap_comp,all
USA_BEA,k:334,0,1725,0.338179558398182,0.10901231123261053,0.27162990569550505,open_cap_comp,all
USA_BEA,k:334,1,1656,0.005860792692115619,0.019405472007022355,7.880657137493419e-05,open_cap_comp,all
USA_BEA,k:334,2,1587,-0.11125171839020863,0.06197959183413086,0.029254299543086004,open_cap_comp,all
USA_BEA,k:335,0,1725,0.33373452061917447,0.10919702665236479,0.27084815933650297,open_cap_comp,all
USA_BEA,k:335,1,1656,0.008723857417560089,0.018827686409602258,0.0001806888055893019,open_cap_comp,all
USA_BEA,k:335,2,1587,-0.1006693372192125,0.05979379754384442,0.024920506108673912,open_cap_comp,all
USA_BEA,k:3361MV,0,1725,0.3256650984679964,0.10569066570808164,0.2679543349642426,open_cap_comp,all
USA_BEA,k:3361MV,1,1656,0.008404300413360892,0.01902229767701469,0.00017486557936885472,open_cap_comp,all
USA_BEA,k:3361MV,2,1587,-0.1128322975880837,0.05980972840591134,0.03246935347623958,open_cap_comp,all
USA_BEA,k:3364OT,0,1725,0.2549229007752812,0.09759285974618771,0.20198197939376816,open_cap_comp,all
USA_BEA,k:3364OT,1,1656,0.006502851979777207,0.017005483365965485,0.0001288501471865544,open_cap_comp,all
USA_BEA,k:3364OT,2,1587,-0.0972006932159434,0.05687423296639515,0.03018005933194312,open_cap_comp,all
USA_BEA,k:337,0,1725,0.21728546015272407,0.09712064482313193,0.16739616622854914,open_cap_comp,all
USA_BEA,k:337,1,1656,0.008719151780309279,0.014046558213529386,0.0002672418019369349,open_cap_comp,all
USA_BEA,k:337,2,1587,-0.07623167685051045,0.04844635450088955,0.021549325287121612,open_cap_comp,all
USA_BEA,k:339,0,1725,0.2260152939719116,0.08914000889487311,0.17861421680725786,open_cap_comp,all
USA_BEA,k:339,1,1656,0.00840994320820122,0.01340031294104576,0.00023565361214406,open_cap_comp,all
USA_BEA,k:339,2,1587,-0.0755440400597349,0.04631530428338198,0.01987695994744898,open_cap_comp,all
USA_BEA,k:42,0,1725,0.32775452510943776,0.11263577470687756,0.2687176728565789,open_cap_comp,all
USA_BEA,k:42,1,1656,0.0028583514408845627,0.01821163925898666,2.0150372760152635e-05,open_cap_comp,all
USA_BEA,k:42,2,1587,-0.09664703334122539,0.05285926586220137,0.02388311297872847,open_cap_comp,all
USA_BEA,k:441,0,1725,0.2556213582610756,0.09720410789416051,0.2092831464752284,open_cap_comp,all
USA_BEA,k:441,1,1656,0.0044794598420391666,0.017009138520692146,6.356427931442088e-05,open_cap_comp,all
USA_BEA,k:441,2,1587,-0.09963756414271299,0.052010090145505235,0.032758657655490575,open_cap_comp,all
USA_BEA,k:445,0,1725,0.18450417671734864,0.07410708562546992,0.1427177707423728,open_cap_comp,all
USA_BEA,k:445,1,1656,0.0006048187547498775,0.016031035778592623,1.512401273662256e-06,open_cap_comp,all
USA_BEA,k:445,2,1587,-0.0563372798706557,0.03457583993145104,0.013658276427061855,open_cap_comp,all
USA_BEA,k:452,0,1725,0.2747745365505799,0.10181949522302754,0.2150049945543948,open_cap_comp,all
USA_BEA,k:452,1,1656,0.0010301837382802634,0.017649348404978185,2.9869496758205827e-06,open_cap_comp,all
USA_BEA,k:452,2,1587,-0.09993020926754263,0.05468354006087645,0.029327580324498226,open_cap_comp,all
USA_BEA,k:481,0,1725,0.1855014564241503,0.07873588412394907,0.1431195344528997,open_cap_comp,all
USA_BEA,k:481,1,1656,0.010515472777144123,0.018769713586432753,0.0004552521276542931,open_cap_comp,all
USA_BEA,k:481,2,1587,-0.07861314990279888,0.038947125516592934,0.02617888988540218,open_cap_comp,all
USA_BEA,k:482,0,1725,0.24429717427055023,0.10118146346491555,0.18589959702194836,open_cap_comp,all
USA_BEA,k:482,1,1656,-0.006652473917983191,0.01685393052729495,0.0001350857778008585,open_cap_comp,all
USA_BEA,k:482,2,1587,-0.07509854513952151,0.049947147781781255,0.017672950515362884,open_cap_comp,all
USA_BEA,k:483,0,1725,0.19059450347209456,0.07588159143771876,0.18156070436851357,open_cap_comp,all
USA_BEA,k:483,1,1656,0.03315816697450241,0.019501484106536966,0.005406800979272264,open_cap_comp,all
USA_BEA,k:483,2,1587,-0.03735098510826476,0.030032449338440643,0.0068481500349294455,open_cap_comp,all
USA_BEA,k:484,0,1725,0.2599037915138185,0.10256444851709563,0.19552089150262442,open_cap_comp,all
USA_BEA,k:484,1,1656,-0.004656116283555628,0.013768765904548043,6.198596689177549e-05,open_cap_comp,all
USA_BEA,k:484,2,1587,-0.06530040466334307,0.04579319233459497,0.012713157872182634,open_cap_comp,all
USA_BEA,k:485,0,1725,0.1800483648522944,0.07485251267431454,0.1473324081743037,open_cap_comp,all
USA_BEA,k:485,1,1656,-0.004505402074464953,0.014930933056951992,9.122901538261008e-05,open_cap_comp,all
USA_BEA,k:485,2,1587,-0.07043784225440183,0.037036454603062895,0.023277040597349585,open_cap_comp,all
USA_BEA,k:486,0,1725,0.12902708819883438,0.05924962062655232,0.09257764320811546,open_cap_comp,all
USA_BEA,k:486,1,1656,0.013724179142957461,0.00932440790808101,0.0010384793309770046,open_cap_comp,all
USA_BEA,k:486,2,1587,-0.036713013314992174,0.023560776048271802,0.007772530539752909,open_cap_comp,all
USA_BEA,k:487OS,0,1725,0.1876124867988494,0.0793982604112452,0.15467625867699575,open_cap_comp,all
USA_BEA,k:487OS,1,1656,-0.005254569658395105,0.014269648890699121,0.0001204609860240291,open_cap_comp,all
USA_BEA,k:487OS,2,1587,-0.06516069264448777,0.035862143096463496,0.01954529198326893,open_cap_comp,all
USA_BEA,k:493,0,1725,0.12437355447066338,0.05478615124539533,0.10345352318131806,open_cap_comp,all
USA_BEA,k:493,1,1656,-0.004755757995735174,0.0066497067624528535,0.00015100312333571342,open_cap_comp,all
USA_BEA,k:493,2,1587,-0.040497391276517185,0.02321776195039551,0.011492358093277422,open_cap_comp,all
USA_BEA,k:4A0,0,1725,0.32221851899341036,0.10719788769751765,0.2539397736399126,open_cap_comp,all
USA_BEA,k:4A0,1,1656,-0.00417251043916409,0.02064960668132409,4.1937379630430094e-05,open_cap_comp,all
USA_BEA,k:4A0,2,1587,-0.11803552717357112,0.062193716862744566,0.03490462103616487,open_cap_comp,all
USA_BEA,k:511,0,1725,0.30147052990237716,0.10553693028947839,0.2408747573369926,open_cap_comp,all
USA_BEA,k:511,1,1656,0.005963022246721546,0.018523060305266445,9.300318826233056e-05,open_cap_comp,all
USA_BEA,k:511,2,1587,-0.10367682913157397,0.05766256519128638,0.029574007248263645,open_cap_comp,all
USA_BEA,k:512,0,1725,0.1958454037141926,0.08695734906384231,0.15844447293691755,open_cap_comp,all
USA_BEA,k:512,1,1656,0.007245110977081808,0.011281317027315437,0.00021643659748837862,open_cap_comp,all
USA_BEA,k:512,2,1587,-0.0672759346109641,0.041956776781344164,0.01985012338772052,open_cap_comp,all
USA_BEA,k:513,0,1725,0.23578301801247226,0.093618577841969,0.20680269049737454,open_cap_comp,all
USA_BEA,k:513,1,1656,-0.007578472084582457,0.01415677502824743,0.00020960782616064044,open_cap_comp,all
USA_BEA,k:513,2,1587,-0.07898681562710218,0.042502252795085606,0.023905869334972518,open_cap_comp,all
USA_BEA,k:514,0,1725,0.2329358229879808,0.0909410908757902,0.18927356819344376,open_cap_comp,all
USA_BEA,k:514,1,1656,-0.0037642789943061767,0.014241030316853236,4.876112562857138e-05,open_cap_comp,all
USA_BEA,k:514,2,1587,-0.08105685532645533,0.045421484191255676,0.023814665920288802,open_cap_comp,all
USA_BEA,k:521CI,0,1725,0.19745670084649197,0.0794098650705039,0.13943604206065108,open_cap_comp,all
USA_BEA,k:521CI,1,1656,-0.0036163251424007428,0.017790918415840427,4.008099509966723e-05,open_cap_comp,all
USA_BEA,k:521CI,2,1587,-0.08687948295247593,0.047466200419683,0.02385764496758358,open_cap_comp,all
USA_BEA,k:523,0,1725,0.15010155230791092,0.056851895722737536,0.11852090217279554,open_cap_comp,all
USA_BEA,k:523,1,1656,-0.01088372381228206,0.011725829306005561,0.0006106638383905905,open_cap_comp,all
USA_BEA,k:523,2,1587,-0.041194999305660646,0.02049809192076167,0.009160323293936679,open_cap_comp,all
USA_BEA,k:524,0,1725,0.18186615565643552,0.06802068146236731,0.1723403335118191,open_cap_comp,all
USA_BEA,k:524,1,1656,-0.015003938350080856,0.015890707001171785,0.0011249378630314721,open_cap_comp,all
USA_BEA,k:524,2,1587,-0.049768885603324285,0.018848991623230754,0.012885596717959635,open_cap_comp,all
USA_BEA,k:525,0,1725,0.1434856754335027,0.06201239623413571,0.13196414372286347,open_cap_comp,all
USA_BEA,k:525,1,1656,-0.010179427269333864,0.012318891152026357,0.0006133164479102948,open_cap_comp,all
USA_BEA,k:525,2,1587,-0.04188792976584352,0.017907169378362845,0.010195036517803624,open_cap_comp,all
USA_BEA,k:532RL,0,1725,0.1431596299968991,0.057915918854026326,0.10960903139996736,open_cap_comp,all
USA_BEA,k:532RL,1,1656,-0.027116354480666127,0.014418627014833825,0.0039051311824264134,open_cap_comp,all
USA_BEA,k:532RL,2,1587,-0.04344070902340832,0.024776668516509167,0.010484557457796306,open_cap_comp,all
USA_BEA,k:5411,0,1725,0.21156789514816698,0.08656216970981767,0.19507013485171953,open_cap_comp,all
USA_BEA,k:5411,1,1656,-0.006636561489891027,0.011480768201698294,0.00018824255195049044,open_cap_comp,all
USA_BEA,k:5411,2,1587,-0.06054008469895267,0.031342832680957125,0.016547486181375914,open_cap_comp,all
USA_BEA,k:5412OP,0,1725,0.26435798409137623,0.10040377582362577,0.22251201708494062,open_cap_comp,all
USA_BEA,k:5412OP,1,1656,-0.003241617268271822,0.015796729106892414,3.297159160697838e-05,open_cap_comp,all
USA_BEA,k:5412OP,2,1587,-0.09041150611325748,0.04979578795876846,0.02701814334122077,open_cap_comp,all
USA_BEA,k:5415,0,1725,0.3181106389267019,0.10943622327916236,0.26630795958024167,open_cap_comp,all
USA_BEA,k:5415,1,1656,0.0036832360438325664,0.020675502857441522,3.5010610002439435e-05,open_cap_comp,all
USA_BEA,k:5415,2,1587,-0.11836724202955742,0.062234210668221254,0.03788780723791585,open_cap_comp,all
USA_BEA,k:55,0,1725,0.18533973201627885,0.07018793438033075,0.20440174073810669,open_cap_comp,all
USA_BEA,k:55,1,1656,-0.014654334733025857,0.011351235590577019,0.0012422694687040936,open_cap_comp,all
USA_BEA,k:55,2,1587,-0.06940757904066869,0.03418580106715405,0.028969141030046996,open_cap_comp,all
USA_BEA,k:561,0,1725,0.17342470325187567,0.07316088348301274,0.14864521567310607,open_cap_comp,all
USA_BEA,k:561,1,1656,-0.0084504921940584,0.011412689444012905,0.00034785449652241507,open_cap_comp,all
USA_BEA,k:561,2,1587,-0.060591245209165284,0.034886752643077654,0.01872469723352921,open_cap_comp,all
USA_BEA,k:562,0,1725,0.17624892464767858,0.07376937735432121,0.1702487789066306,open_cap_comp,all
USA_BEA,k:562,1,1656,0.0027133457506836375,0.015364077029651861,3.9897040795322525e-05,open_cap_comp,all
USA_BEA,k:562,2,1587,-0.05452505146113173,0.030636356024845535,0.017028781463067633,open_cap_comp,all
USA_BEA,k:61,0,1725,0.24199278578698274,0.09219350012336462,0.1991740408235836,open_cap_comp,all
USA_BEA,k:61,1,1656,0.006680768245125169,0.016643493783475575,0.0001497585882823671,open_cap_comp,all
USA_BEA,k:61,2,1587,-0.08718525937132222,0.047821112666867026,0.026797919155903238,open_cap_comp,all
USA_BEA,k:621,0,1725,0.1666016161816738,0.07355517603969115,0.12409671019618385,open_cap_comp,all
USA_BEA,k:621,1,1656,-0.009078400356340353,0.011578488366349449,0.00036722607696826337,open_cap_comp,all
USA_BEA,k:621,2,1587,-0.04756661272961099,0.032749568423800626,0.010706430396089872,open_cap_comp,all
USA_BEA,k:622,0,1725,0.11998801285576752,0.0856867787595565,0.09780819722462775,open_cap_comp,all
USA_BEA,k:622,1,1656,-0.004606623537122091,0.0072263944886016085,0.00014493001593507415,open_cap_comp,all
USA_BEA,k:622,2,1587,-0.041695202420289686,0.03377731974544867,0.012556739577297638,open_cap_comp,all
USA_BEA,k:623,0,1725,0.16553095495090406,0.06552216704495677,0.11879340592660614,open_cap_comp,all
USA_BEA,k:623,1,1656,-0.02148003688789307,0.013254847837271022,0.001959181717433589,open_cap_comp,all
USA_BEA,k:623,2,1587,-0.05674437413767772,0.0328148800757928,0.014361704912520201,open_cap_comp,all
USA_BEA,k:624,0,1725,0.08772036917900895,0.06329566806171869,0.06901627810869015,open_cap_comp,all
USA_BEA,k:624,1,1656,-0.004666272023681446,0.0085632316531601,0.00019691510545416513,open_cap_comp,all
USA_BEA,k:624,2,1587,-0.026385377726784502,0.021332027556095968,0.006732766601211915,open_cap_comp,all
USA_BEA,k:711AS,0,1725,0.24160522712135968,0.089836497489009,0.20065395769823602,open_cap_comp,all
USA_BEA,k:711AS,1,1656,-0.011590608151456808,0.015811900446459054,0.0004549876308033163,open_cap_comp,all
USA_BEA,k:711AS,2,1587,-0.08822795449674567,0.04527172846258821,0.027715760519675392,open_cap_comp,all
USA_BEA,k:713,0,1725,0.16856126651408937,0.06755248391521121,0.14598576726956125,open_cap_comp,all
USA_BEA,k:713,1,1656,-0.005187184232043743,0.012888704736525316,0.00013624971459891277,open_cap_comp,all
USA_BEA,k:713,2,1587,-0.06734992115709804,0.032907982968939126,0.022696011306291064,open_cap_comp,all
USA_BEA,k:721,0,1725,0.2103950837409845,0.08066976314808241,0.17308360721733818,open_cap_comp,all
USA_BEA,k:721,1,1656,-0.003085903821943711,0.017592259008579296,3.652932299780254e-05,open_cap_comp,all
USA_BEA,k:721,2,1587,-0.08249671504970746,0.04371877410575519,0.027348967658440082,open_cap_comp,all
USA_BEA,k:722,0,1725,0.18618216204956853,0.0729867635899703,0.16244083230583672,open_cap_comp,all
USA_BEA,k:722,1,1656,-0.004837188218048535,0.015278614327632327,0.00010820648175147163,open_cap_comp,all
USA_BEA,k:722,2,1587,-0.07338760051068274,0.037030933596935024,0.025968007371906188,open_cap_comp,all
USA_BEA,k:81,0,1725,0.1621290694081206,0.06972215660326755,0.13500779631695636,open_cap_comp,all
USA_BEA,k:81,1,1656,-0.009754540288552823,0.011322507347468693,0.0004814881379636704,open_cap_comp,all
USA_BEA,k:81,2,1587,-0.05427747016738139,0.031069783748650857,0.01566134706342348,open_cap_comp,all
USA_BEA,k:GFE,0,1725,0.19733452880131228,0.08423308485239463,0.17451740742759658,open_cap_comp,all
USA_BEA,k:GFE,1,1656,-0.0057412981889501235,0.015836556665173925,0.00014212875718067064,open_cap_comp,all
USA_BEA,k:GFE,2,1587,-0.08082621224618547,0.04021142791531859,0.02906734252582166,open_cap_comp,all
USA_BEA,k:GFGD+GFGN,0,1725,0.24363286374180387,0.1000028737100286,0.1798243307963293,open_cap_comp,all
USA_BEA,k:GFGD+GFGN,1,1656,-0.01244484330889015,0.016276904784101178,0.00044230225563035575,open_cap_comp,all
USA_BEA,k:GFGD+GFGN,2,1587,-0.08598907675313665,0.04834908898460906,0.021813681220394177,open_cap_comp,all
USA_BEA,k:GSLE,0,1725,0.17153580231376253,0.0757942177066575,0.1449999810544621,open_cap_comp,all
USA_BEA,k:GSLE,1,1656,-2.3065779101243203e-05,0.01734440726899051,2.549307209775975e-09,open_cap_comp,all
USA_BEA,k:GSLE,2,1587,-0.06802433231853028,0.03518418309630905,0.023302774918833924,open_cap_comp,all
USA_BEA,k:GSLG,0,1725,0.20164743575335936,0.08121806798868005,0.17088774325193434,open_cap_comp,all
USA_BEA,k:GSLG,1,1656,-0.0010892561479998212,0.013879813364941209,4.856114860007921e-06,open_cap_comp,all
USA_BEA,k:GSLG,2,1587,-0.07108635620261136,0.037813946712172246,0.02144670639190771,open_cap_comp,all
USA_BEA,k:HS+ORE,0,1725,0.22575997961476846,0.08922563120012113,0.18791782365355592,open_cap_comp,all
USA_BEA,k:HS+ORE,1,1656,0.004533626497677875,0.01296061110054766,7.429300289829577e-05,open_cap_comp,all
USA_BEA,k:HS+ORE,2,1587,-0.07216813858568391,0.04364448051186566,0.01981777639257265,open_cap_comp,all
USA_BEA,labour,0,1725,0.4444028132354139,0.15109699147457564,0.33479994648713396,open_cap_comp,all
USA_BEA,labour,1,1656,0.003394388830242303,0.02826267047981053,1.9119151504765064e-05,open_cap_comp,all
USA_BEA,labour,2,1587,-0.13150631040426475,0.06754073407407782,0.029513621841878446,open_cap_comp,all
USA_BEA,pp_actual_wage,0,1725,0.6388282985123453,0.14522137854693493,0.5204738329579087,open_cap_comp,all
USA_BEA,pp_actual_wage,1,1656,0.0052313530531482915,0.03712489863101972,3.363277698653633e-05,open_cap_comp,all
USA_BEA,pp_actual_wage,2,1587,-0.20967581595606494,0.08152144801985457,0.05599739891957767,open_cap_comp,all
USA_BEA,pp_eigen,0,1725,0.6836955310908357,0.14926691990219854,0.5389526760805213,open_cap_comp,all
USA_BEA,pp_eigen,1,1656,-0.001304730335733878,0.03955763237902364,1.8852382137612977e-06,open_cap_comp,all
USA_BEA,pp_eigen,2,1587,-0.221650204782651,0.08551897580306474,0.05632378429083196,open_cap_comp,all
USA_BEA,pp_uniform_wage,0,1725,0.4363805616605111,0.13721320637057083,0.36630210864710877,open_cap_comp,all
USA_BEA,pp_uniform_wage,1,1656,0.008471408667642942,0.0267568613709791,0.0001352701546417645,open_cap_comp,all
USA_BEA,pp_uniform_wage,2,1587,-0.13718548352420204,0.06382414655388949,0.03654276832133441,open_cap_comp,all
USA_BEA,k:111CA,0,1350,0.10297311674640464,0.04364470304413554,0.08009318257805687,open_cap_comp,core
USA_BEA,k:111CA,1,1296,0.007096072892578456,0.01765609843761402,0.0003629230233559433,open_cap_comp,core
USA_BEA,k:111CA,2,1242,-0.02261231743959716,0.014817250485805091,0.0036245670535260954,open_cap_comp,core
USA_BEA,k:113FF,0,1350,0.1416367556068961,0.06110421922172983,0.09622304527496228,open_cap_comp,core
USA_BEA,k:113FF,1,1296,0.012348807222287397,0.019413716714369093,0.0007048032562939621,open_cap_comp,core
USA_BEA,k:113FF,2,1242,-0.03035035300150145,0.023486004758174986,0.004222262435578772,open_cap_comp,core
USA_BEA,k:211,0,1350,0.06721053199998686,0.01618661739916528,0.03020967181436751,open_cap_comp,core
USA_BEA,k:211,1,1296,0.007758004830402387,0.009571830392355946,0.0003981458273076832,open_cap_comp,core
USA_BEA,k:211,2,1242,-0.010676408827064299,0.010594548465620652,0.0007696903361689156,open_cap_comp,core
USA_BEA,k:212,0,1350,0.13122957316016276,0.0381008408963022,0.07692948720390813,open_cap_comp,core
USA_BEA,k:212,1,1296,0.018348664906487913,0.028405103699349475,0.001477986226733785,open_cap_comp,core
USA_BEA,k:212,2,1242,-0.031035035422600332,0.023102319250018523,0.004291476614006751,open_cap_comp,core
USA_BEA,k:213,0,1350,0.2357990018054645,0.0721712151956766,0.14938490647756686,open_cap_comp,core
USA_BEA,k:213,1,1296,0.02740081963812048,0.022163468083182387,0.0019671393957316763,open_cap_comp,core
USA_BEA,k:213,2,1242,-0.09097585722096883,0.03684459794493111,0.02240756968743407,open_cap_comp,core
USA_BEA,k:22,0,1350,0.07747391103804095,0.036194447417579045,0.055163149994013394,open_cap_comp,core
USA_BEA,k:22,1,1296,0.012836199649297244,0.014177102881025676,0.0014843704965972204,open_cap_comp,core
USA_BEA,k:22,2,1242,-0.03738106067329537,0.02033802302365398,0.013073857306042047,open_cap_comp,core
USA_BEA,k:23,0,1350,0.2773359929703634,0.10839871197713902,0.20541015480802338,open_cap_comp,core
USA_BEA,k:23,1,1296,0.02418596157573973,0.02737380220437584,0.0015302067120143148,open_cap_comp,core
USA_BEA,k:23,2,1242,-0.09210355167261867,0.04595759772466584,0.022963883106128846,open_cap_comp,core
USA_BEA,k:311FT,0,1350,0.1069710937041911,0.039157281711684526,0.07731637349017484,open_cap_comp,core
USA_BEA,k:311FT,1,1296,0.020620697278437905,0.01825039354337649,0.0028326320338526445,open_cap_comp,core
USA_BEA,k:311FT,2,1242,-0.02412534194910261,0.015846054506576873,0.003952396929793434,open_cap_comp,core
USA_BEA,k:313TT,0,1350,0.11322026442667679,0.052370321808822895,0.08607351602371227,open_cap_comp,core
USA_BEA,k:313TT,1,1296,0.00483089565045684,0.018273497957184217,0.00015024870195312623,open_cap_comp,core
USA_BEA,k:313TT,2,1242,-0.028593135210359805,0.021260553793522156,0.00545413484393098,open_cap_comp,core
USA_BEA,k:315AL,0,1350,0.014960259850777842,0.012561045086696778,0.007684877997574002,open_cap_comp,core
USA_BEA,k:315AL,1,1296,0.013332804179018987,0.006785885328187888,0.004579344713172007,open_cap_comp,core
USA_BEA,k:315AL,2,1242,-0.009075994968559186,0.007255260613055285,0.001730182810910974,open_cap_comp,core
USA_BEA,k:321,0,1350,0.21632663997218962,0.08736915724639341,0.15012971463896563,open_cap_comp,core
USA_BEA,k:321,1,1296,0.018680331851989487,0.02414968401946512,0.0010999018306018238,open_cap_comp,core
USA_BEA,k:321,2,1242,-0.05756751748064475,0.035456918844184775,0.01078270118313629,open_cap_comp,core
USA_BEA,k:322,0,1350,0.14998266008382416,0.06296946972927374,0.11677104985827658,open_cap_comp,core
USA_BEA,k:322,1,1296,0.013557493943937807,0.018814631415292,0.0009303837324106112,open_cap_comp,core
USA_BEA,k:322,2,1242,-0.0360807009786616,0.023816941494737436,0.006711333301818612,open_cap_comp,core
USA_BEA,k:323,0,1350,0.16734184670612895,0.07030567150522682,0.1434418280691041,open_cap_comp,core
USA_BEA,k:323,1,1296,0.011491936548400458,0.01743170753459651,0.0006686272364504475,open_cap_comp,core
USA_BEA,k:323,2,1242,-0.05512405940051406,0.028190566375113486,0.0158944266788551,open_cap_comp,core
USA_BEA,k:324,0,1350,0.0935239949063795,0.020286832364992468,0.05983555586060052,open_cap_comp,core
USA_BEA,k:324,1,1296,0.009534568827567817,0.013526632078161214,0.0006199243518354436,open_cap_comp,core
USA_BEA,k:324,2,1242,-0.024677375316084216,0.00958576688560139,0.00422809322640294,open_cap_comp,core
USA_BEA,k:325,0,1350,0.17651820253617476,0.04912326707703403,0.14807548209530474,open_cap_comp,core
USA_BEA,k:325,1,1296,0.02321728181096724,0.02798106811308928,0.0024840995417054756,open_cap_comp,core
USA_BEA,k:325,2,1242,-0.036721271260072956,0.017648750904875596,0.006294279418414428,open_cap_comp,core
USA_BEA,k:326,0,1350,0.20160461636592403,0.07493202012244951,0.1667608320746813,open_cap_comp,core
USA_BEA,k:326,1,1296,0.00840045671557398,0.01973026117473864,0.0002773742115960154,open_cap_comp,core
USA_BEA,k:326,2,1242,-0.05637828388225067,0.031188031799624937,0.012433034180665992,open_cap_comp,core
USA_BEA,k:327,0,1350,0.24960303855403007,0.07944388641505054,0.18197498271580903,open_cap_comp,core
USA_BEA,k:327,1,1296,0.03201519301536522,0.04082814777653726,0.0029217468254426615,open_cap_comp,core
USA_BEA,k:327,2,1242,-0.04139143115278317,0.027441647559611593,0.005018737935864048,open_cap_comp,core
USA_BEA,k:331,0,1350,0.266943350633971,0.09752257941942222,0.24195096726043464,open_cap_comp,core
USA_BEA,k:331,1,1296,0.02408499489662542,0.020074345871531115,0.0019058441253063663,open_cap_comp,core
USA_BEA,k:331,2,1242,-0.07414891776826711,0.04215693667218603,0.01844095161310555,open_cap_comp,core
USA_BEA,k:332,0,1350,0.24288967556245475,0.08890511978034314,0.21114688244332702,open_cap_comp,core
USA_BEA,k:332,1,1296,0.02018467270578778,0.01722748189019618,0.0014110445506075875,open_cap_comp,core
USA_BEA,k:332,2,1242,-0.06859611183230427,0.03415852005058575,0.016763657207965466,open_cap_comp,core
USA_BEA,k:333,0,1350,0.2873577599188194,0.102783499558076,0.24056816369729017,open_cap_comp,core
USA_BEA,k:333,1,1296,0.025616129269791364,0.026758701466634765,0.001850600908093858,open_cap_comp,core
USA_BEA,k:333,2,1242,-0.07434203783095758,0.03920725075151968,0.01606281148770472,open_cap_comp,core
USA_BEA,k:334,0,1350,0.27349481044318397,0.09565849658827713,0.21502746360227543,open_cap_comp,core
USA_BEA,k:334,1,1296,0.020319028339789522,0.027642343672460684,0.001130091478899864,open_cap_comp,core
USA_BEA,k:334,2,1242,-0.07523341698166586,0.0430163602488868,0.01560793998708021,open_cap_comp,core
USA_BEA,k:335,0,1350,0.26375868791405177,0.09227929477615235,0.21094090130433985,open_cap_comp,core
USA_BEA,k:335,1,1296,0.022754099811581534,0.026129786395363626,0.0015171312657363822,open_cap_comp,core
USA_BEA,k:335,2,1242,-0.0656851399646983,0.04001437600014286,0.012824472912893792,open_cap_comp,core
USA_BEA,k:3361MV,0,1350,0.25991347158504297,0.09198490317574536,0.21114887406119842,open_cap_comp,core
USA_BEA,k:3361MV,1,1296,0.021331049739076152,0.027087728529899845,0.0013827572204130334,open_cap_comp,core
USA_BEA,k:3361MV,2,1242,-0.08041958275005585,0.041690705043425515,0.01987547732508199,open_cap_comp,core
USA_BEA,k:3364OT,0,1350,0.18462877321041837,0.08127564620849632,0.139531825609313,open_cap_comp,core
USA_BEA,k:3364OT,1,1296,0.015326262605897895,0.023113202740336423,0.0009364211756093255,open_cap_comp,core
USA_BEA,k:3364OT,2,1242,-0.06375950919075851,0.038909886659967724,0.016686216838898704,open_cap_comp,core
USA_BEA,k:337,0,1350,0.153102737419393,0.07958243983746718,0.11356453294836866,open_cap_comp,core
USA_BEA,k:337,1,1296,0.01543927718299823,0.018279314694813528,0.001140315907420919,open_cap_comp,core
USA_BEA,k:337,2,1242,-0.049445958197959834,0.03166230674655837,0.012182207520956001,open_cap_comp,core
USA_BEA,k:339,0,1350,0.21776593573072306,0.07817483875879128,0.17664378016142135,open_cap_comp,core
USA_BEA,k:339,1,1296,0.023203276951887425,0.021808112428219496,0.001845563962676211,open_cap_comp,core
USA_BEA,k:339,2,1242,-0.07186031837049979,0.035287026158050294,0.018174192106143794,open_cap_comp,core
USA_BEA,k:42,0,1350,0.2575317238900863,0.0897939223154188,0.20790127891385135,open_cap_comp,core
USA_BEA,k:42,1,1296,0.022825833969495574,0.02292861042561586,0.0016060986801887944,open_cap_comp,core
USA_BEA,k:42,2,1242,-0.06617848423875693,0.03305620795653432,0.01381124204306483,open_cap_comp,core
USA_BEA,k:441,0,1350,0.19392639592417393,0.07829772276659308,0.15289600018242044,open_cap_comp,core
USA_BEA,k:441,1,1296,0.0172668043406896,0.023840999687781,0.0011962302184851392,open_cap_comp,core
USA_BEA,k:441,2,1242,-0.06789148371146675,0.037501336978219,0.018916903369951665,open_cap_comp,core
USA_BEA,k:445,0,1350,0.1348301260406071,0.05109534203619521,0.10043125255402918,open_cap_comp,core
USA_BEA,k:445,1,1296,0.019454055971560996,0.019138797137643007,0.002059948082305363,open_cap_comp,core
USA_BEA,k:445,2,1242,-0.03292508669837222,0.020313796488594337,0.006036088300149456,open_cap_comp,core
USA_BEA,k:452,0,1350,0.20781732178734025,0.0832436439244254,0.1522649054886599,open_cap_comp,core
USA_BEA,k:452,1,1296,0.019352438720686174,0.024856173150817378,0.0013013388989572272,open_cap_comp,core
USA_BEA,k:452,2,1242,-0.06949963610673053,0.03860546472533358,0.01723156082368682,open_cap_comp,core
USA_BEA,k:481,0,1350,0.12524502327375614,0.05302684144495521,0.0848567133873267,open_cap_comp,core
USA_BEA,k:481,1,1296,0.033346483326196115,0.02141317509504121,0.005947681743117661,open_cap_comp,core
USA_BEA,k:481,2,1242,-0.05794792812661694,0.02761506736081808,0.017940910619651085,open_cap_comp,core
USA_BEA,k:482,0,1350,0.15215032261624145,0.05552926797913674,0.09092445675595151,open_cap_comp,core
USA_BEA,k:482,1,1296,0.011663875192951622,0.020156326460892344,0.000522012646033021,open_cap_comp,core
USA_BEA,k:482,2,1242,-0.047258369681556375,0.039006779627687865,0.00861228906946454,open_cap_comp,core
USA_BEA,k:483,0,1350,0.13435115116145924,0.05566905771008631,0.1186169778619045,open_cap_comp,core
USA_BEA,k:483,1,1296,0.03700791888672154,0.026574162707445767,0.008876885035211779,open_cap_comp,core
USA_BEA,k:483,2,1242,-0.014713669320216383,0.01553580382113993,0.0013667784946138628,open_cap_comp,core
USA_BEA,k:484,0,1350,0.1687609166591262,0.056531213638129095,0.10988630886405082,open_cap_comp,core
USA_BEA,k:484,1,1296,0.005873637035940236,0.01652448168810794,0.00013168956168463364,open_cap_comp,core
USA_BEA,k:484,2,1242,-0.03163317353393729,0.015010998498250988,0.003930941064896443,open_cap_comp,core
USA_BEA,k:485,0,1350,0.1367284536918814,0.054898588679024085,0.10313945615550268,open_cap_comp,core
USA_BEA,k:485,1,1296,0.01606139523516004,0.01919969884893609,0.001407954070162143,open_cap_comp,core
USA_BEA,k:485,2,1242,-0.04985147852604688,0.028587785900092092,0.01395035156230151,open_cap_comp,core
USA_BEA,k:486,0,1350,0.06595503630657425,0.01643467871429461,0.0344187660291051,open_cap_comp,core
USA_BEA,k:486,1,1296,0.01618132611626093,0.01186391414767189,0.0020563215785875943,open_cap_comp,core
USA_BEA,k:486,2,1242,-0.015784668981548483,0.008754815632176416,0.002006311063663224,open_cap_comp,core
USA_BEA,k:487OS,0,1350,0.1183005143147385,0.04489849394231184,0.0878347806716353,open_cap_comp,core
USA_BEA,k:487OS,1,1296,0.00862280595810864,0.016767013045999406,0.0004657176417409703,open_cap_comp,core
USA_BEA,k:487OS,2,1242,-0.0374051585384773,0.020042208751756784,0.009130387919267458,open_cap_comp,core
USA_BEA,k:493,0,1350,0.07164592323289645,0.027827729365959394,0.05558211793251833,open_cap_comp,core
USA_BEA,k:493,1,1296,0.0013411133733136264,0.006998192371049497,1.9483793280983264e-05,open_cap_comp,core
USA_BEA,k:493,2,1242,-0.0222631028653573,0.008403162670984895,0.00554307760268169,open_cap_comp,core
USA_BEA,k:4A0,0,1350,0.25647010987315155,0.09069074943335137,0.19652707700176264,open_cap_comp,core
USA_BEA,k:4A0,1,1296,0.006688414118916406,0.03151993374293273,0.00013063923165512747,open_cap_comp,core
USA_BEA,k:4A0,2,1242,-0.08312848782184425,0.04267673817631987,0.020630618944315837,open_cap_comp,core
USA_BEA,k:511,0,1350,0.25140185308857915,0.09441813444132406,0.19482990847378068,open_cap_comp,core
USA_BEA,k:511,1,1296,0.02272572870008321,0.026965725212869364,0.0015614122113657425,open_cap_comp,core
USA_BEA,k:511,2,1242,-0.07708508018679987,0.041710196682870924,0.01856565370978991,open_cap_comp,core
USA_BEA,k:512,0,1350,0.15429970725492861,0.07778181975577769,0.12245052148024782,open_cap_comp,core
USA_BEA,k:512,1,1296,0.016992038536391838,0.016456504091805872,0.0014799899353339363,open_cap_comp,core
USA_BEA,k:512,2,1242,-0.0482491621530074,0.02921001803702443,0.012509525645291064,open_cap_comp,core
USA_BEA,k:513,0,1350,0.16955134931272195,0.07325198254465513,0.1409532272744929,open_cap_comp,core
USA_BEA,k:513,1,1296,0.007711784746136794,0.017354529063448875,0.0002863879338917963,open_cap_comp,core
USA_BEA,k:513,2,1242,-0.049114958176547534,0.026883101557866437,0.012024280438608037,open_cap_comp,core
USA_BEA,k:514,0,1350,0.17777482572495953,0.07197388155824652,0.13804473564704378,open_cap_comp,core
USA_BEA,k:514,1,1296,0.009947184356788749,0.01949586190158062,0.0004254484874902653,open_cap_comp,core
USA_BEA,k:514,2,1242,-0.05863846416637701,0.030044604778506654,0.015304755798375647,open_cap_comp,core
USA_BEA,k:521CI,0,1350,0.13800430688342968,0.05530604096041568,0.09735833418761408,open_cap_comp,core
USA_BEA,k:521CI,1,1296,0.015583822478866183,0.01626006628072894,0.0010285578720823363,open_cap_comp,core
USA_BEA,k:521CI,2,1242,-0.055936450183077926,0.03279875862482461,0.01343578017435787,open_cap_comp,core
USA_BEA,k:523,0,1350,0.11895144282022142,0.04378385710992901,0.10229669291605803,open_cap_comp,core
USA_BEA,k:523,1,1296,0.0006923235071049722,0.008839786013456826,3.400349635862554e-06,open_cap_comp,core
USA_BEA,k:523,2,1242,-0.028558687956077803,0.015334419168103375,0.005970019650984981,open_cap_comp,core
USA_BEA,k:524,0,1350,0.14075817156778958,0.05395715851526162,0.14057445724250484,open_cap_comp,core
USA_BEA,k:524,1,1296,0.001967908199419774,0.009190682635742471,2.6625833194904303e-05,open_cap_comp,core
USA_BEA,k:524,2,1242,-0.033472134451381065,0.012503175423208786,0.0079106676847005,open_cap_comp,core
USA_BEA,k:525,0,1350,0.14617429276807145,0.05527633799808573,0.14591883206262257,open_cap_comp,core
USA_BEA,k:525,1,1296,0.0028969922746804612,0.009159751993800891,5.542529993896039e-05,open_cap_comp,core
USA_BEA,k:525,2,1242,-0.03505717875812073,0.013044922173319146,0.008291184644759197,open_cap_comp,core
USA_BEA,k:532RL,0,1350,0.10522655351423454,0.04606251141616379,0.07730330095244153,open_cap_comp,core
USA_BEA,k:532RL,1,1296,-0.007868906451217784,0.008997549436432672,0.00043138453762725515,open_cap_comp,core
USA_BEA,k:532RL,2,1242,-0.024354141160555485,0.01899528445567564,0.0042591718615722085,open_cap_comp,core
USA_BEA,k:5411,0,1350,0.17409559910792782,0.0723108524608349,0.15598669209158345,open_cap_comp,core
USA_BEA,k:5411,1,1296,0.0056419435235115075,0.014579572005506622,0.00016076066571379943,open_cap_comp,core
USA_BEA,k:5411,2,1242,-0.04886371376782644,0.022048783346157567,0.012497107469245372,open_cap_comp,core
USA_BEA,k:5412OP,0,1350,0.21126916922847044,0.0833582536230877,0.17199099382742022,open_cap_comp,core
USA_BEA,k:5412OP,1,1296,0.012640267085255518,0.02164071826537313,0.0006056500932095643,open_cap_comp,core
USA_BEA,k:5412OP,2,1242,-0.06504812122840611,0.034333183287994444,0.016603656446908865,open_cap_comp,core
USA_BEA,k:5415,0,1350,0.2687953506202764,0.09967925619733387,0.2205646631464525,open_cap_comp,core
USA_BEA,k:5415,1,1296,0.025375429673250835,0.029501183671881554,0.0019165350745050658,open_cap_comp,core
USA_BEA,k:5415,2,1242,-0.08973719705040385,0.04633515604612748,0.02470648930366015,open_cap_comp,core
USA_BEA,k:55,0,1350,0.13623447662841137,0.05448098571739085,0.1438596972502928,open_cap_comp,core
USA_BEA,k:55,1,1296,-1.6742070514343398e-05,0.008344598687481889,2.1159309859797304e-09,open_cap_comp,core
USA_BEA,k:55,2,1242,-0.05090857681464068,0.026597089396763234,0.020009123796730255,open_cap_comp,core
USA_BEA,k:561,0,1350,0.12330527426781908,0.05145259413949076,0.10116235116561112,open_cap_comp,core
USA_BEA,k:561,1,1296,0.004211945695345005,0.012673952813158742,0.00011616257066449087,open_cap_comp,core
USA_BEA,k:561,2,1242,-0.03583091644317299,0.022236335564076407,0.008621332893778089,open_cap_comp,core
USA_BEA,k:562,0,1350,0.1324231140856061,0.05317562381435501,0.11655526136808136,open_cap_comp,core
USA_BEA,k:562,1,1296,0.023708146762916566,0.01695305494116007,0.0036968766954043053,open_cap_comp,core
USA_BEA,k:562,2,1242,-0.0422050986419624,0.022119343729895005,0.012139437522710406,open_cap_comp,core
USA_BEA,k:61,0,1350,0.19220460282284133,0.07441954678156616,0.15327244631036563,open_cap_comp,core
USA_BEA,k:61,1,1296,0.020994801020945607,0.024148095826905563,0.0018000884223798863,open_cap_comp,core
USA_BEA,k:61,2,1242,-0.06446276730945759,0.03380452792415892,0.017516961645156703,open_cap_comp,core
USA_BEA,k:621,0,1350,0.14138653421474828,0.06812412093390022,0.09825137705194287,open_cap_comp,core
USA_BEA,k:621,1,1296,0.006395282043173002,0.01611676512954086,0.00019973478172974346,open_cap_comp,core
USA_BEA,k:621,2,1242,-0.02881985220027605,0.026736048324437024,0.0042350330265717995,open_cap_comp,core
USA_BEA,k:622,0,1350,0.23787771455401938,0.09012389524945741,0.1891120953968608,open_cap_comp,core
USA_BEA,k:622,1,1296,0.010279816437481127,0.021766887934670635,0.0003467504551887268,open_cap_comp,core
USA_BEA,k:622,2,1242,-0.07275210800103131,0.038953080785540654,0.017959123596220206,open_cap_comp,core
USA_BEA,k:623,0,1350,0.14040946683615313,0.05240709261253279,0.09355830665086828,open_cap_comp,core
USA_BEA,k:623,1,1296,-0.009132647302821885,0.011594341280119779,0.00038632971710439445,open_cap_comp,core
USA_BEA,k:623,2,1242,-0.03976373010241475,0.022413367509122314,0.007544790568502657,open_cap_comp,core
USA_BEA,k:624,0,1350,0.16462169828541748,0.06403590947497648,0.1287430090235847,open_cap_comp,core
USA_BEA,k:624,1,1296,0.013648815548268873,0.015357857170461082,0.0008804356574827477,open_cap_comp,core
USA_BEA,k:624,2,1242,-0.04033091047059039,0.022817577485763532,0.008012067665318257,open_cap_comp,core
USA_BEA,k:711AS,0,1350,0.18901204647931605,0.0704316470890594,0.15510920243599435,open_cap_comp,core
USA_BEA,k:711AS,1,1296,0.009919415691332732,0.017164565024492085,0.000420149879678533,open_cap_comp,core
USA_BEA,k:711AS,2,1242,-0.06315065092727676,0.031646107595532394,0.01767269909833935,open_cap_comp,core
USA_BEA,k:713,0,1350,0.13715007156425724,0.05047903311103319,0.11906023030075175,open_cap_comp,core
USA_BEA,k:713,1,1296,0.0074582011437228585,0.01647406569125597,0.0003471028029953249,open_cap_comp,core
USA_BEA,k:713,2,1242,-0.04644507411365831,0.02387371729616019,0.013667662697512184,open_cap_comp,core
USA_BEA,k:721,0,1350,0.1629369375790065,0.05901465824696721,0.1286813745256461,open_cap_comp,core
USA_BEA,k:721,1,1296,0.01711644781359674,0.023631411667612238,0.0013939572406775902,open_cap_comp,core
USA_BEA,k:721,2,1242,-0.061462851477711834,0.03341062211035568,0.018518384425118772,open_cap_comp,core
USA_BEA,k:722,0,1350,0.14186433439437665,0.05121823306133568,0.11941262842203892,open_cap_comp,core
USA_BEA,k:722,1,1296,0.0144316940447567,0.01939242393622773,0.001223503747296295,open_cap_comp,core
USA_BEA,k:722,2,1242,-0.05068208124216257,0.027533572260529736,0.015492380110200044,open_cap_comp,core
USA_BEA,k:81,0,1350,0.11526932342899916,0.048595912972622946,0.08736223539130072,open_cap_comp,core
USA_BEA,k:81,1,1296,0.0031326303033927774,0.011812772404785513,6.373621229716075e-05,open_cap_comp,core
USA_BEA,k:81,2,1242,-0.0300951190806201,0.018611615331894368,0.006103522682500362,open_cap_comp,core
USA_BEA,k:GFE,0,1350,0.14196073548240717,0.05836125220678926,0.12195505261768125,open_cap_comp,core
USA_BEA,k:GFE,1,1296,0.010894139225632336,0.01899583052822972,0.000703213079811249,open_cap_comp,core
USA_BEA,k:GFE,2,1242,-0.05076167708516956,0.027434694390214086,0.01566623178580062,open_cap_comp,core
USA_BEA,k:GFGD+GFGN,0,1350,0.13953043674334933,0.05652242892950933,0.08416281318153251,open_cap_comp,core
USA_BEA,k:GFGD+GFGN,1,1296,-8.394382568671715e-06,0.01580194000850943,2.8703261989448947e-10,open_cap_comp,core
USA_BEA,k:GFGD+GFGN,2,1242,-0.04408595690764965,0.023906225600176346,0.008063951805252767,open_cap_comp,core
USA_BEA,k:GSLE,0,1350,0.10782322190189077,0.04722895722307332,0.07740863151806232,open_cap_comp,core
USA_BEA,k:GSLE,1,1296,0.016699663571021223,0.020592114041239663,0.0018167153860951801,open_cap_comp,core
USA_BEA,k:GSLE,2,1242,-0.047191567716005606,0.026499253197089477,0.015002064216344757,open_cap_comp,core
USA_BEA,k:GSLG,0,1350,0.1510486640538605,0.06060123653683448,0.12446015776145924,open_cap_comp,core
USA_BEA,k:GSLG,1,1296,0.013299532295740402,0.017938826284406705,0.0009437636224493007,open_cap_comp,core
USA_BEA,k:GSLG,2,1242,-0.04810003319500913,0.023226009994661217,0.01249712184558549,open_cap_comp,core
USA_BEA,k:HS+ORE,0,1350,0.1870934104972094,0.0719132030062954,0.15773009370183866,open_cap_comp,core
USA_BEA,k:HS+ORE,1,1296,0.020047536850573398,0.017987459905478426,0.0017794700037414568,open_cap_comp,core
USA_BEA,k:HS+ORE,2,1242,-0.04534443901208778,0.0315967446652563,0.009414859152340749,open_cap_comp,core
USA_BEA,labour,0,1350,0.44111139159442875,0.14879730038256514,0.3155018308340162,open_cap_comp,core
USA_BEA,labour,1,1296,0.06592654857212567,0.040107704622639184,0.006894932335083315,open_cap_comp,core
USA_BEA,labour,2,1242,-0.08743394339892083,0.05469561315376299,0.012391556530055192,open_cap_comp,core
USA_BEA,pp_actual_wage,0,1350,0.5285859852473894,0.14781693309713742,0.4200913319387348,open_cap_comp,core
USA_BEA,pp_actual_wage,1,1296,0.0568941326462427,0.035974778050655236,0.0047161068496015535,open_cap_comp,core
USA_BEA,pp_actual_wage,2,1242,-0.14055995047561817,0.0643487661334836,0.029260682949737937,open_cap_comp,core
USA_BEA,pp_eigen,0,1350,0.5724906155060486,0.15471004641629274,0.43765814438962036,open_cap_comp,core
USA_BEA,pp_eigen,1,1296,0.055815712281191664,0.037409837643038776,0.004017729453539398,open_cap_comp,core
USA_BEA,pp_eigen,2,1242,-0.14919009022114813,0.06871433563756467,0.029098945236701534,open_cap_comp,core
USA_BEA,pp_uniform_wage,0,1350,0.4088342157390552,0.13430561060555532,0.3361216229924928,open_cap_comp,core
USA_BEA,pp_uniform_wage,1,1296,0.05990685435539858,0.0336573762603737,0.007096079249562126,open_cap_comp,core
USA_BEA,pp_uniform_wage,2,1242,-0.0946076537567257,0.05021178756589726,0.01810817490815242,open_cap_comp,core
USA_BEA,labour,0,1725,0.7430850560300215,0.15205454053647852,0.5717019143234101,open_cap_wage,all
USA_BEA,labour,1,1656,-0.01779353731790599,0.038538850363891305,0.0003126552976945307,open_cap_wage,all
USA_BEA,labour,2,1587,-0.22898740116940078,0.08766905304742303,0.05358017445393526,open_cap_wage,all
USA_BEA,pp_eigen,0,1725,0.6836955310908357,0.14926691990219854,0.5389526760805213,open_cap_wage,all
USA_BEA,pp_eigen,1,1656,-0.001304730335733878,0.03955763237902364,1.8852382137612977e-06,open_cap_wage,all
USA_BEA,pp_eigen,2,1587,-0.221650204782651,0.08551897580306474,0.05632378429083196,open_cap_wage,all
USA_BEA,pp_uniform_wage,0,1725,0.6546764521435875,0.14355123980977086,0.5519957269933338,open_cap_wage,all
USA_BEA,pp_uniform_wage,1,1656,-0.006698746413002218,0.0326290357899737,5.558579067099778e-05,open_cap_wage,all
USA_BEA,pp_uniform_wage,2,1587,-0.21235343996487346,0.07975809835620373,0.05784680481950677,open_cap_wage,all
USA_BEA,labour,0,1350,0.637053847544011,0.15818276130490452,0.49123403744683714,open_cap_wage,core
USA_BEA,labour,1,1296,0.039960882207313544,0.029964170204713935,0.0018508517144083525,open_cap_wage,core
USA_BEA,labour,2,1242,-0.15546993861376615,0.06992526063455504,0.028314021717388504,open_cap_wage,core
USA_BEA,pp_eigen,0,1350,0.5724906155060486,0.15471004641629274,0.43765814438962036,open_cap_wage,core
USA_BEA,pp_eigen,1,1296,0.055815712281191664,0.037409837643038776,0.004017729453539398,open_cap_wage,core
USA_BEA,pp_eigen,2,1242,-0.14919009022114813,0.06871433563756467,0.029098945236701534,open_cap_wage,core
USA_BEA,pp_uniform_wage,0,1350,0.5514045668981629,0.15141416935522056,0.46691975777737893,open_cap_wage,core
USA_BEA,pp_uniform_wage,1,1296,0.04029544871700163,0.026745056841146777,0.0024112005896624877,open_cap_wage,core
USA_BEA,pp_uniform_wage,2,1242,-0.14636657971605224,0.06460358768315225,0.032315708304649804,open_cap_wage,core
USA_BEA,labour,0,1725,0.4729210590476973,0.14722070709072524,0.3906812034074666,open_cap_edu,all
USA_BEA,labour,1,1656,-0.0006021977473985969,0.024851778749863756,6.18902357585327e-07,open_cap_edu,all
USA_BEA,labour,2,1587,-0.13861679147841569,0.06556581855714855,0.033769961967677786,open_cap_edu,all
USA_BEA,pp_eigen,0,1725,0.6836955310908357,0.14926691990219854,0.5389526760805213,open_cap_edu,all
USA_BEA,pp_eigen,1,1656,-0.001304730335733878,0.03955763237902364,1.8852382137612977e-06,open_cap_edu,all
USA_BEA,pp_eigen,2,1587,-0.221650204782651,0.08551897580306474,0.05632378429083196,open_cap_edu,all
USA_BEA,pp_uniform_wage,0,1725,0.4576875904581683,0.13714184578973848,0.4022258522189338,open_cap_edu,all
USA_BEA,pp_uniform_wage,1,1656,0.0016133648923858164,0.023478919031948507,4.885602745363649e-06,open_cap_edu,all
USA_BEA,pp_uniform_wage,2,1587,-0.14301793102139734,0.06377541515854894,0.039555935771386386,open_cap_edu,all
USA_BEA,labour,0,1350,0.46818873684429,0.14903645746629357,0.38750428752165555,open_cap_edu,core
USA_BEA,labour,1,1296,0.052414130983252545,0.028798161976003104,0.004749686799507491,open_cap_edu,core
USA_BEA,labour,2,1242,-0.09768376371480678,0.053183656622848796,0.01688369322650607,open_cap_edu,core
USA_BEA,pp_eigen,0,1350,0.5724906155060486,0.15471004641629274,0.43765814438962036,open_cap_edu,core
USA_BEA,pp_eigen,1,1296,0.055815712281191664,0.037409837643038776,0.004017729453539398,open_cap_edu,core
USA_BEA,pp_eigen,2,1242,-0.14919009022114813,0.06871433563756467,0.029098945236701534,open_cap_edu,core
USA_BEA,pp_uniform_wage,0,1350,0.4264529362652498,0.13941740955030296,0.37733235502247564,open_cap_edu,core
USA_BEA,pp_uniform_wage,1,1296,0.04632558032019198,0.0255520258088352,0.004368304535991796,open_cap_edu,core
USA_BEA,pp_uniform_wage,2,1242,-0.10156323408655771,0.051512615631038185,0.021484801590444413,open_cap_edu,core
