geo,variant,decade,y0,y1,r0,r1,rM0,rM1,dlnr,c_share,c_qyk,c_pyk,dlnrM,c_e,c_1k,e0,e1,k0,k1,dlnk,c_tech,c_pkw
AUS,hc,1980-1989,1980,1989,0.0695600605713259,0.0859377503447214,0.0516967671709853,0.0653364559228441,0.21143264069503864,0.245370667717153,0.012027448594637669,0.08283227841493096,0.23415491514028774,0.30298160536395313,-0.06882669022366494,0.2013083576003345,0.2725492836772249,2.894022172305552,3.171473334872628,0.09154896466891493,,
AUS,hc,1990-1999,1990,1999,0.0720852612976871,0.0713831077674129,0.0552674097601652,0.056679749858307,-0.009788347648390872,0.11932733935001827,0.09736866288413193,0.10525987913757895,0.02523360204318914,0.14981027128281466,-0.12457666923962574,0.2368890975710742,0.2751736519900558,3.2862348461609128,3.854884728284064,0.15959861893120575,,
AUS,hc,2000-2009,2000,2009,0.0686318895885863,0.089287850729427,0.0544508224573521,0.0725142747753942,0.26310813904041774,0.2891781115402394,-0.08394831613590292,0.1544687109286614,0.2864854818502569,0.381696606956897,-0.09521112510664076,0.2635247968518345,0.3860025888123984,3.8396844153866834,4.323125550217568,0.11858846791647903,,
AUS,hc,2010-2019,2010,2019,0.0942314872331902,0.0850099952642164,0.076242813482812,0.0703844097359259,-0.10298554418507155,0.017114809125789998,-0.0701031240882023,-0.017467799648346168,-0.07995137561496568,0.024032975514990285,-0.10398435112995585,0.3993887378816398,0.4091035074631379,4.238378801061383,4.812416542215047,0.1270185197000615,,
AUS,hc,2020-2024,2020,2024,0.0936855481509048,0.0816878586097333,0.0775392962531102,0.0666085033860088,-0.13703856063854314,-0.1572263196344501,0.01095989291031707,-0.032466482203050186,-0.15195260841617086,-0.2206298315710894,0.06867722315491886,0.4499069826663757,0.3608314762849869,4.802309337419726,4.41719837471652,-0.08359127093254592,,
AUS,hc_d07,1980-1989,1980,1989,0.0618443663945861,0.0773270446014672,0.0473101233258287,0.0602368005823451,0.2234227501632562,0.245370667717153,0.012027448594637669,0.08283227841493096,0.24155917449840292,0.30298160536395313,-0.06142243086554844,0.2013083576003345,0.2725492836772249,3.25507995855152,3.524630807784077,0.07955885520069672,,
AUS,hc_d07,1990-1999,1990,1999,0.0647114511568638,0.0627581529162228,0.0508269541674216,0.0511031808174932,-0.030649677836483757,0.11932733935001827,0.09736866288413193,0.10525987913757895,0.005419934473898991,0.14981027128281466,-0.14439033680891522,0.2368890975710742,0.2751736519900558,3.660698274202554,4.384667795392113,0.1804599491192982,,
AUS,hc_d07,2000-2009,2000,2009,0.0601840164709238,0.0782501628345821,0.0489945903895247,0.0650610369502091,0.26250410043721706,0.2891781115402394,-0.08394831613590292,0.1544687109286614,0.28361596748369866,0.381696606956897,-0.09808063947319945,0.2635247968518345,0.3860025888123984,4.378650882816183,4.932930166910873,0.11919250651968016,,
AUS,hc_d07,2010-2019,2010,2019,0.0824981188970667,0.0729252877480917,0.0683745969005329,0.0618925493598974,-0.123340030278412,0.017114809125789998,-0.0701031240882023,-0.017467799648346168,-0.09960155860980224,0.024032975514990285,-0.12363453412479308,0.3993887378816398,0.4091035074631379,4.84118599576748,5.609899118620112,0.14737300579340218,,
AUS,hc_d07,2020-2024,2020,2024,0.0801250168112125,0.0696988307420301,0.068012506009365,0.0584152418110857,-0.13940458300799996,-0.1572263196344501,0.01095989291031707,-0.032466482203050186,-0.1521147544707233,-0.2206298315710894,0.06851507710036464,0.4499069826663757,0.3608314762849869,5.615062568116884,5.177009032195949,-0.08122524856308999,,
AUS,hc_d13,1980-1989,1980,1989,0.0773919779169817,0.0944743821511456,0.0559010879444777,0.0701560350966141,0.19944557866016321,0.245370667717153,0.012027448594637669,0.08283227841493096,0.2271379918552987,0.30298160536395313,-0.07584361350865376,0.2013083576003345,0.2725492836772249,2.6011527682659525,2.8849014671637065,0.10353602670378936,,
AUS,hc_d13,1990-1999,1990,1999,0.0794400099760544,0.0801893780527437,0.0594901696533284,0.0620942589523933,0.009388917551819809,0.11932733935001827,0.09736866288413193,0.10525987913757895,0.04284245324265834,0.14981027128281466,-0.10696781804015698,0.2368890975710742,0.2751736519900558,2.9819872585927354,3.4315474028126656,0.14042135373099507,,
AUS,hc_d13,2000-2009,2000,2009,0.0772773814620107,0.1003927490942867,0.0597546246675231,0.0796715306013537,0.2616886789161583,0.2891781115402394,-0.08394831613590292,0.1544687109286614,0.2876657268635392,0.381696606956897,-0.0940308800933578,0.2635247968518345,0.3860025888123984,3.410115506843127,3.8449249800886816,0.12000792804073979,,
AUS,hc_d13,2010-2019,2010,2019,0.1060507420784136,0.0974732252350968,0.0837992948897787,0.078717863955226,-0.08433995110789327,0.017114809125789998,-0.0701031240882023,-0.017467799648346168,-0.06255447558879146,0.024032975514990285,-0.08658745110378141,0.3993887378816398,0.4091035074631379,3.766015494604771,4.197085984139914,0.10837292662288323,,
AUS,hc_d13,2020-2024,2020,2024,0.1077039794190857,0.0939620931439626,0.0869006811135389,0.0745491648585418,-0.13649509607806332,-0.1572263196344501,0.01095989291031707,-0.032466482203050186,-0.15330703142700974,-0.2206298315710894,0.06732280014408087,0.4499069826663757,0.3608314762849869,4.177254963957716,3.8401813349575393,-0.08413473549302553,,
AUS,hc_hcdep,1980-1989,1980,1989,0.1043568275556107,0.126950197948575,0.0775575894059667,0.0965172578918093,0.19597880665259382,0.22991683367470817,0.012027448594637669,0.08283227841493096,0.21870108109784292,0.2875277713215082,-0.06882669022366494,0.3020109727774046,0.4026191676507075,2.894022172305552,3.171473334872628,0.09154896466891493,,
AUS,hc_hcdep,1990-1999,1990,1999,0.1093328284190515,0.0948942315141756,0.0838249334148898,0.0753480966777847,-0.1416337827060401,-0.012518095707630295,0.09736866288413193,0.10525987913757895,-0.10661183301445831,0.017964836225166758,-0.12457666923962574,0.3592933505800192,0.3658063238662482,3.2862348461609128,3.854884728284064,0.15959861893120575,,
AUS,hc_hcdep,2000-2009,2000,2009,0.0937633877957086,0.1106821354809973,0.0743895237690359,0.0898894387022272,0.16588799111368369,0.1919579636135047,-0.08394831613590292,0.1544687109286614,0.18926533392352152,0.2844764590301623,-0.09521112510664076,0.3600218188530404,0.4784927678505418,3.8396844153866834,4.323125550217568,0.11858846791647903,,
AUS,hc_hcdep,2010-2019,2010,2019,0.1141919138147323,0.1014974197826879,0.0923928194476745,0.0840352473720354,-0.11784711018993876,0.0022532431209223436,-0.0701031240882023,-0.017467799648346168,-0.09481294161983289,0.009171409510122741,-0.10398435112995585,0.4839885867649901,0.4884478619543522,4.238378801061383,4.812416542215047,0.1270185197000615,,
AUS,hc_hcdep,2020-2024,2020,2024,0.1099177084839504,0.1073317903415884,0.090973922123737,0.0875186354749448,-0.023807100057621433,-0.04399485905352818,0.01095989291031707,-0.032466482203050186,-0.03872114783524783,-0.10739837099016736,0.06867722315491886,0.5278588378002547,0.4741058098522787,4.802309337419726,4.41719837471652,-0.08359127093254592,,
AUS,hc_i07,1980-1989,1980,1989,0.0721098187264768,0.0866364056688511,0.0530919683895991,0.0657395074631271,0.18352989893730376,0.245370667717153,0.012027448594637669,0.08283227841493096,0.21367441363878203,0.30298160536395313,-0.08930719172516932,0.2013083576003345,0.2725492836772249,2.791691355707419,3.145897865603813,0.1194517064266496,,
AUS,hc_i07,1990-1999,1990,1999,0.0725964361849917,0.0715507898878847,0.0555673929117913,0.0567854174040421,-0.014508286660399605,0.11932733935001827,0.09736866288413193,0.10525987913757895,0.02168298611897468,0.14981027128281466,-0.12812728516384064,0.2368890975710742,0.2751736519900558,3.2630954082570724,3.8458506526795095,0.16431855794321515,,
AUS,hc_i07,2000-2009,2000,2009,0.0687759667066577,0.0893461859817426,0.0545414715890963,0.0725527463585076,0.26166419163568344,0.2891781115402394,-0.08394831613590292,0.1544687109286614,0.2853524744289824,0.381696606956897,-0.09634413252791418,0.2635247968518345,0.3860025888123984,3.831640752878351,4.320302926990926,0.12003241532121334,,
AUS,hc_i07,2010-2019,2010,2019,0.0942859651663046,0.0850286787765832,0.0762784732440818,0.0703972169616593,-0.1033437498601737,0.017114809125789998,-0.0701031240882023,-0.017467799648346168,-0.08023703479030919,0.024032975514990285,-0.10427001030529981,0.3993887378816398,0.4091035074631379,4.235929888156576,4.8113591008285095,0.12737672537516387,,
AUS,hc_i07,2020-2024,2020,2024,0.0937043032510125,0.081698494272885,0.0775521432881451,0.0666155746730163,-0.13710854228405545,-0.1572263196344501,0.01095989291031707,-0.032466482203050186,-0.1520121225849338,-0.2206298315710894,0.06861770898615593,0.4499069826663757,0.3608314762849869,4.801348145785546,4.4166233355507964,-0.08352128928703295,,
AUS,hc_i13,1980-1989,1980,1989,0.0671844600238471,0.0852502731031711,0.0503730171381981,0.0649383165161878,0.23814934857310455,0.245370667717153,0.012027448594637669,0.08283227841493096,0.2539821851869064,0.30298160536395313,-0.048999420177045394,0.2013083576003345,0.2725492836772249,2.9963529889036846,3.197048804141444,0.06483225679084814,,
AUS,hc_i13,1990-1999,1990,1999,0.0715812347704938,0.0712162097487978,0.0549706481627843,0.0565744748391069,-0.0051124978881618155,0.11932733935001827,0.09736866288413193,0.10525987913757895,0.028758535902919657,0.14981027128281466,-0.12105173537989478,0.2368890975710742,0.2751736519900558,3.3093742840647544,3.863918803888618,0.1549227691709767,,
AUS,hc_i13,2000-2009,2000,2009,0.0684884148559691,0.0892295916030526,0.0543604741473582,0.0724758439702909,0.26454812422528784,0.2891781115402394,-0.08394831613590292,0.1544687109286614,0.28761600812247234,0.381696606956897,-0.09408059883442443,0.2635247968518345,0.3860025888123984,3.847728077895016,4.325948173444209,0.11714848273160872,,
AUS,hc_i13,2010-2019,2010,2019,0.0941770722178468,0.0849913199607728,0.0762071870474421,0.0703716071693313,-0.1026276240746622,0.017114809125789998,-0.0701031240882023,-0.017467799648346168,-0.0796659018928838,0.024032975514990285,-0.10369887740787465,0.3993887378816398,0.4091035074631379,4.240827713966188,4.813473983601581,0.1266605995896517,,
AUS,hc_i13,2020-2024,2020,2024,0.0936668005570349,0.0816772257153624,0.0775264534737661,0.0666014336000855,-0.1369686021065184,-0.1572263196344501,0.01095989291031707,-0.032466482203050186,-0.15189311042160059,-0.2206298315710894,0.06873672114948892,0.4499069826663757,0.3608314762849869,4.803270529053902,4.41777341388224,-0.08366122946457089,,
AUS,main,1960-1969,1960,1969,0.0325494098680045,0.0404205857412189,0.0296080800296232,0.0359057622723239,0.2165799647665474,-0.014400314345844434,0.21177755564004674,0.024491756506965667,0.19285049353927208,-0.019073823931603284,0.21192431747087292,0.3276495956737936,0.3214592890577636,10.06622230641013,7.952860730812103,-0.23565378869814957,,
AUS,main,1970-1979,1970,1979,0.0368610996553346,0.037205455132249,0.032465140904282,0.0319940044293202,0.009298608774176209,-0.14044439565402178,-0.005735239800488179,0.15610430058136215,-0.014618402479843251,-0.17549240336544414,0.160874000885598,0.2722274848258497,0.2284107754539586,7.385224189491918,6.139174339947163,-0.18479101213961902,,
AUS,main,1980-1989,1980,1989,0.0340908784138151,0.0462504726846693,0.0291537851134967,0.039540598599549,0.30504183080506264,0.245370667717153,0.012027448594637669,0.08283227841493096,0.3047432028297212,0.30298160536395313,0.0017615974657683164,0.2013083576003345,0.2725492836772249,5.905050470003596,5.892897258270977,-0.002060225441110175,,
AUS,main,1990-1999,1990,1999,0.0407945069723865,0.0563349691646887,0.0348013846854003,0.0467616774061464,0.3227680249432501,0.11932733935001827,0.09736866288413193,0.10525987913757895,0.2954068328333488,0.14981027128281466,0.14559656155053546,0.2368890975710742,0.2751736519900558,5.806887131432235,4.884597543412467,-0.1729577536604343,,
AUS,main,2000-2009,2000,2009,0.0539522269126934,0.079185033300106,0.0447835546279307,0.0657060213903212,0.3836883392831596,0.2891781115402394,-0.08394831613590292,0.1544687109286614,0.38334958323649193,0.381696606956897,0.001652976279594931,0.2635247968518345,0.3860025888123984,4.8844100036551925,4.874691248148803,-0.0019917323262628184,,
AUS,main,2010-2019,2010,2019,0.0848517035007058,0.0798113669799248,0.069983445974716,0.0667828120470025,-0.06123913042367102,0.017114809125789998,-0.0701031240882023,-0.017467799648346168,-0.04681298525815336,0.024032975514990285,-0.07084596077314309,0.3993887378816398,0.4091035074631379,4.70690300140312,5.125880221623582,0.08527210593866141,,
AUS,main,2020-2024,2020,2024,0.0891574439733308,0.0704025094717438,0.0744114332498844,0.0589087183893427,-0.23617493180954297,-0.1572263196344501,0.01095989291031707,-0.032466482203050186,-0.23362050284989566,-0.2206298315710894,-0.01299067127880571,0.4499069826663757,0.3608314762849869,5.046207726647633,5.125264411630205,0.015545100238454124,,
AUS,no_mi,1960-1969,1960,1969,0.0486746142379627,0.0576920584847086,0.0449352414367872,0.0520465934271905,0.1699619034943871,-0.06101837561800194,0.21177755564004674,0.024491756506965667,0.14691697071556886,-0.09505580682690462,0.24197277754247226,0.5849124061494458,0.531873828168082,12.016785655247288,9.219186178095129,-0.26501771032129273,,
AUS,no_mi,1970-1979,1970,1979,0.0553563715557191,0.0631298412326443,0.0495620596790086,0.0555249269489038,0.13140181099513626,-0.01834119343306062,-0.005735239800488179,0.15610430058136215,0.11360643893688271,-0.026909679246873153,0.14051611818375687,0.4734946701238836,0.4609229889984284,8.553571283972007,7.301190372075355,-0.15831149024200974,,
AUS,no_mi,1980-1989,1980,1989,0.0618445900518735,0.0714055626768946,0.0541739465092758,0.0623879615185198,0.1437511487839469,0.08407998569603703,0.012027448594637669,0.08283227841493096,0.14117223121485933,0.12314554397786304,0.018026687236996075,0.4367776308144925,0.4940169140611292,7.06250345338429,6.918465390385935,-0.020605604806083866,,
AUS,no_mi,1990-1999,1990,1999,0.0671266622034491,0.0858297538212792,0.0585810286799982,0.073032280160135,0.24578441218315605,0.04234372658992425,0.09736866288413193,0.10525987913757895,0.22049063587904838,0.062447720325730094,0.15804291555331784,0.4601588534005912,0.4898109418410531,6.855083185961642,5.706773234617125,-0.18333669185742507,,
AUS,no_mi,2000-2009,2000,2009,0.0825888329239658,0.1032136834478519,0.0702228423616489,0.0873868317467356,0.22292695904472826,0.12841673130180853,-0.08394831613590292,0.1544687109286614,0.21867095692575322,0.19483995159649226,0.02383100532926119,0.4689978183329293,0.5698869844583244,5.678707419981407,5.521428607344066,-0.028087007448236667,,
AUS,no_mi,2010-2019,2010,2019,0.1097074515033787,0.0988863712261792,0.0923775852529151,0.084086089348238,-0.10384586561204534,-0.025491926062584547,-0.0701031240882023,-0.017467799648346168,-0.09404321816386174,-0.04010392427731435,-0.05393929388654772,0.5848002118228885,0.5618114786476087,5.330542308740788,5.681384316981331,0.0637419413347311,,
AUS,no_mi,2020-2024,2020,2024,0.1080939160514463,0.0871747862489139,0.091664662154172,0.0739810370859638,-0.21508530173435414,-0.1361366895592605,0.01095989291031707,-0.032466482203050186,-0.21432813658032268,-0.21009308746793376,-0.004235049112389921,0.6030944775539159,0.4888133778192742,5.579356355882955,5.607279339045858,0.0049922142664200475,,
CAN,main,2000-2009,2000,2009,0.1718393142464144,0.1001393131367537,0.1109760413977561,0.0722345236809328,-0.539997472812398,-0.1474927724168933,-0.3519202400119833,-0.019847825362450618,-0.42939623581221165,-0.18956212810086104,-0.2398341077113506,0.3133260168080575,0.259221292374248,1.823366312779588,2.5886066546137227,0.3504353447115366,0.43089818757863263,-0.08046284286709637
CAN,main,2010-2019,2010,2019,0.1198474286372561,0.0906117804792064,0.0869939705221,0.0700105354908918,-0.2796352738483998,-0.02294880090612006,-0.18661605332905667,-0.061483334154294064,-0.2171930741721937,-0.03012284905797613,-0.18707022511421711,0.3173487441557692,0.3079318398830119,2.647939532489204,3.3983642993713827,0.24951242479042313,0.26698303387789224,-0.017470609087467004
CAN,main,2020-2024,2020,2024,0.0885914276681752,0.0895362429234965,0.069498518004361,0.0715126332301782,0.010608392427751134,0.07232661889280911,0.007398339441428203,-0.05020611104725396,0.028568693961207536,0.09681158266779621,-0.06824288870658912,0.3224743132000318,0.3552547247719103,3.64001711777216,3.9677198101271074,0.08620319024004441,-0.06493746079748108,0.1511406510375255
CAN,no_mi,2000-2009,2000,2009,0.230797747940019,0.1369625530511972,0.154952132191064,0.1014924628360576,-0.5218342238882943,-0.12932952349278937,-0.3519202400119833,-0.019847825362450618,-0.4231317066975715,-0.18495584026095235,-0.23817586643661892,0.4715183968783908,0.391898265303735,2.0429939247107893,2.861353388741532,0.33687838362734157,0.43089818757863263,-0.0940198039512925
CAN,no_mi,2010-2019,2010,2019,0.1549532942644832,0.1149382671719213,0.1154174709468583,0.0905073669678057,-0.2987285671551341,-0.04204209421285343,-0.18661605332905667,-0.061483334154294064,-0.2431244869497755,-0.06049460666400808,-0.18262988028576665,0.4523572759623867,0.4258033817280452,2.919313707459987,3.704626772310225,0.23823396049112522,0.26698303387789224,-0.028749073386765467
CAN,no_mi,2020-2024,2020,2024,0.109693989272346,0.1071469035944341,0.0875016870476097,0.0867991608924036,-0.023493749724223356,0.038224476740833735,0.007398339441428203,-0.05020611104725396,-0.00806111924044206,0.0552206311465836,-0.06328175038702644,0.4325107428292852,0.4570659979540659,3.942884616544086,4.265788208720654,0.07871438087080684,-0.06493746079748108,0.14365184166828726
DEU,deu_shift,1960-1969,1960,1969,0.066680652205881,0.0569618301698354,0.0560780891869848,0.048101098653391,-0.15753344158855942,-0.09800179006812648,-0.01483362644843722,-0.01409866152852702,-0.1534401512828416,-0.1310923639839412,-0.02350340184492139,0.3525824486062286,0.3092630247714284,5.27580360609309,5.425053408663683,0.027896734146503954,,
DEU,deu_shift,1970-1979,1970,1979,0.0501587866407404,0.0429608413953042,0.0424169859573915,0.0361158127075618,-0.15490467069359637,-0.1536192574090327,-0.008154223706765995,0.01628789553373891,-0.16081809964285387,-0.1933948844372244,0.03065833026421938,0.2749131485161557,0.226571448199195,5.483818482406039,5.288051708931341,-0.03635178062013433,0.3703237292967487,-0.40628184933459277
DEU,deu_shift,1980-1989,1980,1989,0.0376505260008037,0.0528427921992312,0.0317361737774664,0.0447390833907766,0.3389743958337945,0.29362490250228923,0.01766221387732614,0.02980724884302531,0.3433903094686772,0.36791911956353207,-0.020645490034694847,0.2020250694930561,0.2918707057454309,5.389771062603284,5.523062213537917,0.02442954575388212,0.1785863221330768,-0.15441791696569718
DEU,deu_shift,1990-1999,1990,1999,0.0547516341302397,0.0500408569353324,0.0462751013317638,0.0422218078348481,-0.0899674049201371,-0.07852654702677153,-0.030490486370224,0.05698820205387518,-0.0916671873323156,-0.10114070700317712,0.009102863123256144,0.2989733471946108,0.2702138608240548,5.45838783059889,5.399864777960352,-0.010779564896980176,0.12353157839979612,-0.1450533085904464
DEU,deu_shift,2000-2009,2000,2009,0.0465589620296586,0.0469485387187,0.0392117800078848,0.0394655117126807,0.008332570970310815,-0.0028348495677297247,-0.028781306154280983,0.06839593835867772,0.006449957259355266,-0.00353802053432295,0.009987977793676217,0.2484843537416119,0.2476067643756566,5.33698224593848,5.27400364597573,-0.011870591504633321,0.09331727204383466,-0.10518786354847087
DEU,deu_shift,2010-2019,2010,2019,0.0544377933010636,0.0462561330194086,0.0456549822646562,0.0381518119281749,-0.16286458145571547,-0.2098286248851382,0.07763647259214657,-0.021978656392383108,-0.17953949016041326,-0.26200493909903644,0.08246544893862384,0.2829796152262111,0.2177548578856328,5.198219804047093,4.707588889764413,-0.09914035764332052,0.01750236976373909,-0.11664272740705961
DEU,deu_shift,2020-2024,2020,2024,0.0421581411856365,0.0382540000420991,0.0349273544019314,0.0319121071483866,-0.09717968266752708,-0.04698975976840192,0.027752428929513462,-0.0482896105473405,-0.09028484373607748,-0.05629396162931566,-0.03399088210676182,0.2036392971005117,0.1924923313366178,4.830367074388287,5.031953027782112,0.040885721038212086,-0.023341656187831017,0.06422737722604444
DEU,dw_only,1960-1969,1960,1969,0.0668586395061203,0.0571398174700747,0.0563043806592108,0.0483273901256171,-0.15707933002296892,-0.09703515456225187,-0.01483362644843722,-0.01409866152852702,-0.15277385806724242,-0.1294866509581929,-0.023287207109049524,0.3566744329197355,0.3133550090849353,5.3347545740455145,5.484004376616107,0.027592679064775805,,
DEU,dw_only,1970-1979,1970,1979,0.0503367739409797,0.0431388286955436,0.0426432774296176,0.0363421041797878,-0.15431241290065367,-0.15174139719133972,-0.008154223706765995,0.01628789553373891,-0.15989267582712774,-0.1902705329384975,0.030377857111369755,0.2790051328296626,0.2306634325127019,5.542769450358463,5.347002676883765,-0.035958120037843155,0.3703237292967487,-0.40628184933459277
DEU,dw_only,1980-1989,1980,1989,0.037828513301043,0.0530207794994706,0.0319624652496924,0.0449653748630026,0.3376207643395559,0.28994151366213683,0.01766221387732614,0.02980724884302531,0.3413304927093175,0.36178916950693374,-0.02045867679761737,0.206117053806563,0.2959626900589377,5.448722030555708,5.582013181490341,0.024168405167379614,0.1785863221330768,-0.15441791696569718
DEU,hc,1980-1989,1980,1989,0.0672776692924969,0.0860143278711333,0.0507218092008207,0.0666454542168621,0.2456855123718107,0.28994151366213683,0.01766221387732614,0.02980724884302531,0.2730308606447327,0.36178916950693374,-0.08875830886220148,0.206117053806563,0.2959626900589377,3.0636770859354057,3.44085337157257,0.11610365713512305,0.1785863221330768,-0.15441791696569718
DEU,hc,1990-1999,1990,1999,0.0895246329534928,0.0675948535692866,0.0691097965313526,0.054069257471925,-0.28098196642405204,-0.08920051966652709,-0.030490486370224,0.05698820205387518,-0.24543072339014538,-0.11473467520905745,-0.13069604818108727,0.3030653315081177,0.2702138608240548,3.385273097579267,3.997550797962421,0.1662472912149946,0.12353157839979612,-0.1450533085904464
DEU,hc,2000-2009,2000,2009,0.0615465439457205,0.0540451833979521,0.04932848084324,0.0443622296823328,-0.12997327440719975,-0.0028348495677297247,-0.028781306154280983,0.06839593835867772,-0.10611319440067613,-0.00353802053432295,-0.10257517386635384,0.2484843537416119,0.2476067643756566,4.037340487562658,4.5814769940264215,0.12643525387287613,0.09331727204383466,-0.10518786354847087
DEU,hc,2010-2019,2010,2019,0.0621020612923646,0.0514132825158631,0.0509259650832892,0.0415929315073332,-0.1888826277190172,-0.2098286248851382,0.07763647259214657,-0.021978656392383108,-0.20244267586346565,-0.26200493909903644,0.05956226323556968,0.2829796152262111,0.2177548578856328,4.556686353678298,4.235381349526676,-0.07312231138002012,0.01750236976373909,-0.11664272740705961
DEU,hc,2020-2024,2020,2024,0.0464043879015679,0.046641325779056,0.0377924238901541,0.0375442655966169,0.005092945827559259,-0.04698975976840192,0.027752428929513462,-0.0482896105473405,-0.006588003608069215,-0.05629396162931566,0.04970595802124511,0.2036392971005117,0.1924923313366178,4.388362961116248,4.127076752673594,-0.06138690745687514,-0.023341656187831017,0.06422737722604444
DEU,hc_d07,1980-1989,1980,1989,0.0593021088195047,0.0743520877053825,0.0460523491727422,0.0594236179869333,0.22616688468702328,0.28994151366213683,0.01766221387732614,0.02980724884302531,0.2549129816272915,0.36178916950693374,-0.1068761878796416,0.206117053806563,0.2959626900589377,3.4757120431233304,3.980556554533872,0.13562228481991134,0.1785863221330768,-0.15441791696569718
DEU,hc_d07,1990-1999,1990,1999,0.0773757201497898,0.0586450349453224,0.0616387168936793,0.0481869321906687,-0.27717012237625704,-0.08920051966652709,-0.030490486370224,0.05698820205387518,-0.24620232618246352,-0.11473467520905745,-0.1314676509734063,0.3030653315081177,0.2702138608240548,3.9168014323022855,4.607617014398377,0.16243544716720026,0.12353157839979612,-0.1450533085904464
DEU,hc_d07,2000-2009,2000,2009,0.0532839274143826,0.0453056065158636,0.0438754603951682,0.0382980568670628,-0.16220394726995258,-0.0028348495677297247,-0.028781306154280983,0.06839593835867772,-0.13595601471002317,-0.00353802053432295,-0.13241799417569933,0.2484843537416119,0.2476067643756566,4.663401625957097,5.465256585605095,0.1586659267356303,0.09331727204383466,-0.10518786354847087
DEU,hc_d07,2010-2019,2010,2019,0.0518977559347412,0.0424218291910076,0.0438548802345272,0.0355049466211988,-0.20161248182129876,-0.2098286248851382,0.07763647259214657,-0.021978656392383108,-0.21121397824088373,-0.26200493909903644,0.050790960858153156,0.2829796152262111,0.2177548578856328,5.452636826571918,5.1330850658318905,-0.060392457277739675,0.01750236976373909,-0.11664272740705961
DEU,hc_d07,2020-2024,2020,2024,0.0382527215209287,0.0384556360242486,0.0322034491551143,0.0320523064824097,0.005290557199016277,-0.04698975976840192,0.027752428929513462,-0.0482896105473405,-0.004704417525142723,-0.05629396162931566,0.05158954410417116,0.2036392971005117,0.1924923313366178,5.323524418755335,5.005568786204431,-0.06158451882833371,-0.023341656187831017,0.06422737722604444
DEU,hc_d13,1980-1989,1980,1989,0.0756097068977074,0.0981133068548565,0.0553176062720299,0.0736859855833683,0.2605383301304065,0.28994151366213683,0.01766221387732614,0.02980724884302531,0.28672139091706894,0.36178916950693374,-0.07506777858986435,0.206117053806563,0.2959626900589377,2.7260660338945533,3.016539749259179,0.10125083937652812,0.1785863221330768,-0.15441791696569718
DEU,hc_d13,1990-1999,1990,1999,0.1020761688701828,0.0766638687773827,0.0763578846621102,0.0597202939256076,-0.28628876285064786,-0.08920051966652709,-0.030490486370224,0.05698820205387518,-0.24575940191429524,-0.11473467520905745,-0.13102472670523801,0.3030653315081177,0.2702138608240548,2.9690116200731067,3.524657249019149,0.17155408764159086,0.12353157839979612,-0.1450533085904464
DEU,hc_d13,2000-2009,2000,2009,0.0699414066875907,0.0632104821404296,0.0545789549724865,0.0503554520633943,-0.1011877001570185,-0.0028348495677297247,-0.028781306154280983,0.06839593835867772,-0.08054147179814386,-0.00353802053432295,-0.07700345126382047,0.2484843537416119,0.2476067643756566,3.552750302142537,3.917178860075277,0.09764967962269577,0.09331727204383466,-0.10518786354847087
DEU,hc_d13,2010-2019,2010,2019,0.0728181169556348,0.0607166884452535,0.0579150479437883,0.0474782936996101,-0.18174619004453518,-0.2098286248851382,0.07763647259214657,-0.021978656392383108,-0.1987046143634399,-0.26200493909903644,0.06330032473559677,0.2829796152262111,0.2177548578856328,3.886115530817961,3.5864086705251745,-0.08025874905450125,0.01750236976373909,-0.11664272740705961
DEU,hc_d13,2020-2024,2020,2024,0.0548264702536909,0.0550015379935167,0.0431965284194228,0.042778329435502,0.003188037202823235,-0.04698975976840192,0.027752428929513462,-0.0482896105473405,-0.009728478596198631,-0.05629396162931566,0.046565483033117694,0.2036392971005117,0.1924923313366178,3.71425145843312,3.499762704077616,-0.05948199883213823,-0.023341656187831017,0.06422737722604444
DEU,hc_hcdep,1980-1989,1980,1989,0.0867207312324918,0.1053916469520176,0.0653802729729916,0.0816593508967896,0.1949904122723387,0.23924641356266552,0.01766221387732614,0.02980724884302531,0.22233576054526072,0.3110940694074622,-0.08875830886220148,0.265684317152548,0.3626372037504359,3.0636770859354057,3.44085337157257,0.11610365713512305,0.1785863221330768,-0.15441791696569718
DEU,hc_hcdep,1990-1999,1990,1999,0.1105778913902545,0.0890909176403555,0.0853621547805334,0.071264001768549,-0.21606277726277323,-0.024281330505248055,-0.030490486370224,0.05698820205387518,-0.18051153422886568,-0.04981548604777819,-0.13069604818108727,0.3743363609104707,0.3561454689044077,3.385273097579267,3.997550797962421,0.1662472912149946,0.12353157839979612,-0.1450533085904464
DEU,hc_hcdep,2000-2009,2000,2009,0.0825471674091699,0.0724701019327832,0.0661601140398411,0.0594860652682329,-0.130195766467605,-0.003057341628135646,-0.028781306154280983,0.06839593835867772,-0.10633568646108227,-0.003760512594729093,-0.10257517386635384,0.3332710211146546,0.3320201047597962,4.037340487562658,4.5814769940264215,0.12643525387287613,0.09331727204383466,-0.10518786354847087
DEU,hc_hcdep,2010-2019,2010,2019,0.0805032252708134,0.0742298234204652,0.0660155935876748,0.0600513293500808,-0.08113124678754602,-0.10207724395366768,0.07763647259214657,-0.021978656392383108,-0.09469129493199535,-0.15425355816756614,0.05956226323556968,0.3668279480186054,0.3143916096936969,4.556686353678298,4.235381349526676,-0.07312231138002012,0.01750236976373909,-0.11664272740705961
DEU,hc_hcdep,2020-2024,2020,2024,0.0692188457379024,0.0807992438524244,0.0563728577750642,0.0650399237271132,0.154694444421696,0.1026117388257346,0.027752428929513462,-0.0482896105473405,0.14301349498606708,0.09330753696482152,0.04970595802124511,0.3037574188474303,0.3334646809369459,4.388362961116248,4.127076752673594,-0.06138690745687514,-0.023341656187831017,0.06422737722604444
DEU,hc_i07,1980-1989,1980,1989,0.0696566476815956,0.0871736967649728,0.0520623356059524,0.0673393670875777,0.22432450303637452,0.28994151366213683,0.01766221387732614,0.02980724884302531,0.25730325263657905,0.36178916950693374,-0.10448591687035491,0.206117053806563,0.2959626900589377,2.959043546693996,3.3950916508322053,0.13746466647055988,0.1785863221330768,-0.15441791696569718
DEU,hc_i07,1990-1999,1990,1999,0.0906008688293921,0.0678623847323515,0.0697494027253599,0.0542403000041498,-0.28898190204825536,-0.08920051966652709,-0.030490486370224,0.05698820205387518,-0.2514846829207311,-0.11473467520905745,-0.1367500077116739,0.3030653315081177,0.2702138608240548,3.345059881035041,3.981791413457913,0.17424722683919702,0.12353157839979612,-0.1450533085904464
DEU,hc_i07,2000-2009,2000,2009,0.0617667406075452,0.0541377471722504,0.0494698291227263,0.0444245773987508,-0.13183336955376745,-0.0028348495677297247,-0.028781306154280983,0.06839593835867772,-0.10757010976852577,-0.00353802053432295,-0.10403208923420282,0.2484843537416119,0.2476067643756566,4.022947484317437,4.573643664703016,0.12829534901944584,0.09331727204383466,-0.10518786354847087
DEU,hc_i07,2010-2019,2010,2019,0.0622004966679907,0.051451724158194,0.0509921400668127,0.0416180867383633,-0.18971901167545457,-0.2098286248851382,0.07763647259214657,-0.021978656392383108,-0.20313665436674855,-0.26200493909903644,0.05886828473228878,0.2829796152262111,0.2177548578856328,4.54947517118198,4.232216926611077,-0.07228592742358253,0.01750236976373909,-0.11664272740705961
DEU,hc_i07,2020-2024,2020,2024,0.0464362843038649,0.0466637432710997,0.0378135771693264,0.0375587897814473,0.004886344842936374,-0.04698975976840192,0.027752428929513462,-0.0482896105473405,-0.0067607896282679825,-0.05629396162931566,0.04953317200104679,0.2036392971005117,0.1924923313366178,4.385348658991707,4.125094084679533,-0.06118030647225181,-0.023341656187831017,0.06422737722604444
DEU,hc_i13,1980-1989,1980,1989,0.0650558225474057,0.0848853923426928,0.0494485829730647,0.0659656966263989,0.26605631154934883,0.28994151366213683,0.01766221387732614,0.02980724884302531,0.2882014569195457,0.36178916950693374,-0.07358771258738828,0.206117053806563,0.2959626900589377,3.168310625176815,3.486615092312934,0.09573285795758446,0.1785863221330768,-0.15441791696569718
DEU,hc_i13,1990-1999,1990,1999,0.0884736658437549,0.0673294234780422,0.0684818141999254,0.0538992902870991,-0.2731076067569407,-0.08920051966652709,-0.030490486370224,0.05698820205387518,-0.23945091327498869,-0.11473467520905745,-0.12471623806593168,0.3030653315081177,0.2702138608240548,3.4254863141234924,4.013310182466931,0.1583729315478839,0.12353157839979612,-0.1450533085904464
DEU,hc_i13,2000-2009,2000,2009,0.0613279116963999,0.0539529356112322,0.0491879380006394,0.0443000567245761,-0.12812296500168063,-0.0028348495677297247,-0.028781306154280983,0.06839593835867772,-0.10466247333763024,-0.00353802053432295,-0.10112445280330662,0.2484843537416119,0.2476067643756566,4.05173349080788,4.589310323349828,0.12458494446735746,0.09331727204383466,-0.10518786354847087
DEU,hc_i13,2010-2019,2010,2019,0.0620039369822048,0.0513748982732256,0.0508599616341551,0.0415678066670996,-0.1880481900108122,-0.2098286248851382,0.07763647259214657,-0.021978656392383108,-0.20175001617728938,-0.26200493909903644,0.06025492292174861,0.2829796152262111,0.2177548578856328,4.5638975361746175,4.238545772442278,-0.07395674908822425,0.01750236976373909,-0.11664272740705961
DEU,hc_i13,2020-2024,2020,2024,0.0463725352875348,0.046618929815617,0.037771294264446,0.0375297526406041,0.005299305789537634,-0.04698975976840192,0.027752428929513462,-0.0482896105473405,-0.006415380986019237,-0.05629396162931566,0.049878580643297754,0.2036392971005117,0.1924923313366178,4.391377263240791,4.129059420667657,-0.061593267418853515,-0.023341656187831017,0.06422737722604444
DEU,kdrift,1960-1969,1960,1969,0.0998881566417795,0.0804582511086096,0.0780343209018095,0.0640201805157744,-0.21631269636636308,-0.09703515456225187,-0.01483362644843722,-0.01409866152852702,-0.19795038725898495,-0.1294866509581929,-0.06846373630079272,0.3566744329197355,0.3133550090849353,3.570737962447809,3.894628639913401,0.08682604540817018,,
DEU,kdrift,1970-1979,1970,1979,0.070413967457254,0.0568744305903323,0.056224340132932,0.0456247787355592,-0.21354577924404916,-0.15174139719133972,-0.008154223706765995,0.01628789553373891,-0.20889879933101252,-0.1902705329384975,-0.018628266392514137,0.2790051328296626,0.2306634325127019,3.962354954633642,4.055661395085872,0.023275246305551445,0.3703237292967487,-0.40628184933459277
DEU,kdrift,1980-1989,1980,1989,0.0495461237930075,0.0654503230071939,0.039944356319254,0.0535975544933989,0.27838739799616086,0.28994151366213683,0.01766221387732614,0.02980724884302531,0.2940160482842149,0.36178916950693374,-0.06777312122271884,0.206117053806563,0.2959626900589377,4.1601045253847335,4.521943918082837,0.08340177151077421,0.1785863221330768,-0.15441791696569718
DEU,kdrift,1990-1999,1990,1999,0.0673618473848042,0.0578372183036893,0.0551121563749409,0.0476401970654022,-0.15244631136180242,-0.08920051966652709,-0.030490486370224,0.05698820205387518,-0.14569343465772233,-0.11473467520905745,-0.030958759448665107,0.3030653315081177,0.2702138608240548,4.499065023808782,4.671971936914858,0.03771163615274453,0.12353157839979612,-0.1450533085904464
DEU,kdrift,2000-2009,2000,2009,0.0534598389477727,0.0508067847002874,0.0439946647549316,0.0421566098688342,-0.05090079537308423,-0.0028348495677297247,-0.028781306154280983,0.06839593835867772,-0.04267688107729395,-0.00353802053432295,-0.03913886054297233,0.2484843537416119,0.2476067643756566,4.648056534258683,4.873498014808559,0.0473627748387615,0.09331727204383466,-0.10518786354847087
DEU,kdrift,2010-2019,2010,2019,0.0585250565183676,0.046869026021337,0.0484953775011508,0.0385677889305798,-0.22209794779910963,-0.2098286248851382,0.07763647259214657,-0.021978656392383108,-0.22905103971486485,-0.26200493909903644,0.03295389938417159,0.2829796152262111,0.2177548578856328,4.835187389138191,4.646029080836895,-0.03990699129992592,0.01750236976373909,-0.11664272740705961
DEU,kdrift,2020-2024,2020,2024,0.0424365194320671,0.0375061033457999,0.0351182132007443,0.0313899409026589,-0.12350562326459036,-0.04698975976840192,0.027752428929513462,-0.0482896105473405,-0.11223240232908216,-0.05629396162931566,-0.05593844069976872,0.2036392971005117,0.1924923313366178,4.7986804720519,5.132293524653072,0.06721166163527625,-0.023341656187831017,0.06422737722604444
DEU,main,1960-1969,1960,1969,0.0668586395061203,0.0571398174700747,0.0563043806592108,0.0483273901256171,-0.15707933002296892,-0.09703515456225187,-0.01483362644843722,-0.01409866152852702,-0.15277385806724242,-0.1294866509581929,-0.023287207109049524,0.3566744329197355,0.3133550090849353,5.3347545740455145,5.484004376616107,0.027592679064775805,,
DEU,main,1970-1979,1970,1979,0.0503367739409797,0.0431388286955436,0.0426432774296176,0.0363421041797878,-0.15431241290065367,-0.15174139719133972,-0.008154223706765995,0.01628789553373891,-0.15989267582712774,-0.1902705329384975,0.030377857111369755,0.2790051328296626,0.2306634325127019,5.542769450358463,5.347002676883765,-0.035958120037843155,0.3703237292967487,-0.40628184933459277
DEU,main,1980-1989,1980,1989,0.037828513301043,0.0530207794994706,0.0319624652496924,0.0449653748630026,0.3376207643395559,0.28994151366213683,0.01766221387732614,0.02980724884302531,0.3413304927093175,0.36178916950693374,-0.02045867679761737,0.206117053806563,0.2959626900589377,5.448722030555708,5.582013181490341,0.024168405167379614,0.1785863221330768,-0.15441791696569718
DEU,main,1990-1999,1990,1999,0.054929621430479,0.0500408569353324,0.0465013928039898,0.0422218078348481,-0.09321294501840782,-0.08920051966652709,-0.030490486370224,0.05698820205387518,-0.09654540402046718,-0.11473467520905745,0.018189271188589817,0.3030653315081177,0.2702138608240548,5.5173387985513145,5.399864777960352,-0.02152173019065029,0.12353157839979612,-0.1450533085904464
DEU,main,2000-2009,2000,2009,0.0465589620296586,0.0469485387187,0.0392117800078848,0.0394655117126807,0.008332570970310815,-0.0028348495677297247,-0.028781306154280983,0.06839593835867772,0.006449957259355266,-0.00353802053432295,0.009987977793676217,0.2484843537416119,0.2476067643756566,5.33698224593848,5.27400364597573,-0.011870591504633321,0.09331727204383466,-0.10518786354847087
DEU,main,2010-2019,2010,2019,0.0544377933010636,0.0462561330194086,0.0456549822646562,0.0381518119281749,-0.16286458145571547,-0.2098286248851382,0.07763647259214657,-0.021978656392383108,-0.17953949016041326,-0.26200493909903644,0.08246544893862384,0.2829796152262111,0.2177548578856328,5.198219804047093,4.707588889764413,-0.09914035764332052,0.01750236976373909,-0.11664272740705961
DEU,main,2020-2024,2020,2024,0.0421581411856365,0.0382540000420991,0.0349273544019314,0.0319121071483866,-0.09717968266752708,-0.04698975976840192,0.027752428929513462,-0.0482896105473405,-0.09028484373607748,-0.05629396162931566,-0.03399088210676182,0.2036392971005117,0.1924923313366178,4.830367074388287,5.031953027782112,0.040885721038212086,-0.023341656187831017,0.06422737722604444
DEU,no_mi,1960-1969,1960,1969,0.1093807559260235,0.0885666073560292,0.0955350576455011,0.0769527641939472,-0.21108007447725674,-0.15103589901653958,-0.01483362644843722,-0.01409866152852702,-0.21630149429958756,-0.2516047404984184,0.03530324619883052,0.7547251580226492,0.5868380652476989,6.899981186206881,6.6259517301895325,-0.04052466602116178,,
DEU,no_mi,1970-1979,1970,1979,0.0797919055245473,0.0651086250786751,0.0693263875522816,0.0558847916385106,-0.20336503465512168,-0.2007940189458064,-0.008154223706765995,0.01628789553373891,-0.21553332704729167,-0.2926032369313405,0.07706990988404838,0.528562903488309,0.3944761112606111,6.624267211236119,6.058738159252158,-0.08923820227621948,0.3703237292967487,-0.4595619315729662
DEU,no_mi,1980-1989,1980,1989,0.0589390651269646,0.0717436900059221,0.0507038160936809,0.0618254143416799,0.1965957908562861,0.14891654017886902,0.01766221387732614,0.02980724884302531,0.19831333934727313,0.20895365219334205,-0.010640312846069921,0.3628834424864403,0.4472131559126286,6.156925660505956,6.233484169488816,0.012357861337056075,0.1785863221330768,-0.1662284607960247
DEU,no_mi,1990-1999,1990,1999,0.0734363567066574,0.06893140215652,0.0631580169589927,0.0591026707267299,-0.06330729753131115,-0.059294872179431746,-0.030490486370224,0.05698820205387518,-0.06636367843922386,-0.0849421070772518,0.018578428638027056,0.4512494017664206,0.4145021148955753,6.144768368193192,6.01325523531903,-0.021634809545939993,0.12353157839979612,-0.14516638794573788
DEU,no_mi,2000-2009,2000,2009,0.0653683240460074,0.0677762155651083,0.0559390937160775,0.0579887771645374,0.03617353119851252,0.025006110660472647,-0.028781306154280983,0.06839593835867772,0.03598600801739105,0.034874245609271215,0.001111762408120276,0.387798863420034,0.4015616446925976,5.9325195969089535,5.924816564991632,-0.0012992855892413058,0.09331727204383466,-0.09461655763307819
DEU,no_mi,2010-2019,2010,2019,0.0755853565306543,0.0657016215652134,0.0645352454197245,0.0550736478639086,-0.14013896119551905,-0.18710300462494178,0.07763647259214657,-0.021978656392383108,-0.15854017360046058,-0.2597282050168803,0.10118803141641863,0.4414362430273107,0.3404626386802333,5.840234977899223,5.181951838773121,-0.11958924382136082,0.01750236976373909,-0.13709161358509725
DEU,no_mi,2020-2024,2020,2024,0.0607537097537973,0.0542606084627872,0.0511210674492145,0.0458776828791632,-0.11302962525758353,-0.06283970235845704,0.027752428929513462,-0.0482896105473405,-0.10821790405139842,-0.08228692707840635,-0.025930976972992292,0.3224239410028003,0.2969549190260163,5.307065894567002,5.4727532078758845,0.030742698179176742,-0.023341656187831017,0.0540843543670082
FRA,hc,1980-1989,1980,1989,0.0413843647347477,0.0836544311112901,0.029271693772015,0.0623962113428205,0.7037912519849958,0.7739344650248798,0.009253915453542483,0.0447624224538786,0.7568835916743684,0.8981833021353678,-0.14129971046099854,0.1000101839794064,0.2455388842637438,2.416617595084998,2.935156942697867,0.1943920501503713,0.26206173223508955,-0.19307201663703566
FRA,hc,1990-1999,1990,1999,0.078585506973582,0.0726821915313929,0.059012580569261,0.0573915913684135,-0.07809089655463852,0.11237991000461611,0.012163302728801284,0.05368390231206176,-0.027852850407854124,0.14096528732551694,-0.16881813773337107,0.2369361364803848,0.2728046375988473,3.015010599346711,3.753390367721885,0.2190561838801559,0.1449209484615006,-0.16955031246290853
FRA,hc,2000-2009,2000,2009,0.0756504709127472,0.053826615783051,0.0597202418366595,0.043546466396591,-0.3403556031099608,-0.1739167569201836,-0.07120607269086632,-0.029775743204778805,-0.31584246116398296,-0.21819435196489745,-0.09764810919908395,0.283603229833527,0.2280082542891927,3.748862715747343,4.235976031043514,0.12216125114506382,0.151776688148485,-0.07363118389582812
FRA,hc,2010-2019,2010,2019,0.0554931831204008,0.0401896127715649,0.0449697969322468,0.0330685868994472,-0.32265161307932777,-0.19782762125075282,-0.008993445352766916,-0.009170561305490356,-0.30740728965277153,-0.23951066441937763,-0.06789662523339368,0.2371401306983844,0.1866323372865941,4.273320025342088,4.643795359447722,0.08314094865995014,0.08275934125666207,-0.0655759372881124
FRA,hc,2020-2024,2020,2024,0.034529534164923,0.0398308435662794,0.0287212752094731,0.0325848132615636,0.14282655556175428,0.040737204972245866,0.0634306936150344,-0.02203803112336176,0.1262081843197933,0.047861827671146884,0.07834635664864464,0.1707451856420956,0.1791160877167565,4.944902668728955,4.496919263552705,-0.09496472789060806,-0.0924248769879572,0.04629008531263912
FRA,hc_d07,1980-1989,1980,1989,0.0373562426688404,0.0749721447058036,0.0271973639647542,0.057435080537188,0.6966166032856456,0.7739344650248798,0.009253915453542483,0.0447624224538786,0.747535220283194,0.8981833021353678,-0.1506480818521736,0.1000101839794064,0.2455388842637438,2.6772013680815623,3.275068163345957,0.2015666988497219,0.26206173223508955,-0.19307201663703566
FRA,hc_d07,1990-1999,1990,1999,0.0703558585034685,0.0630129565526055,0.0542475741792375,0.0511891785175875,-0.11022569180550335,0.11237991000461611,0.012163302728801284,0.05368390231206176,-0.05803012320266676,0.14096528732551694,-0.19899541052818392,0.2369361364803848,0.2728046375988473,3.3676816901993143,4.32934197225137,0.2511909791310196,0.1449209484615006,-0.16955031246290853
FRA,hc_d07,2000-2009,2000,2009,0.0654476012314784,0.0458464855227756,0.0531760690483709,0.0381712477809229,-0.35595129715185747,-0.1739167569201836,-0.07120607269086632,-0.029775743204778805,-0.3315259089081861,-0.21819435196489745,-0.11333155694328911,0.283603229833527,0.2280082542891927,4.333286850811608,4.973298426024879,0.13775694518695825,0.151776688148485,-0.07363118389582812
FRA,hc_d07,2010-2019,2010,2019,0.0471476037529735,0.0333971153850127,0.0393284252578572,0.0283279425879302,-0.34481365547114695,-0.19782762125075282,-0.008993445352766916,-0.009170561305490356,-0.32809885831407604,-0.23951066441937763,-0.08858819389469619,0.2371401306983844,0.1866323372865941,5.029738774018352,5.588277165109504,0.10530299105176955,0.08275934125666207,-0.0655759372881124
FRA,hc_d07,2020-2024,2020,2024,0.0286230899558859,0.0329203607703521,0.0245137035644683,0.0278092104894322,0.13987760153484707,0.040737204972245866,0.0634306936150344,-0.02203803112336176,0.126134988047804,0.047861827671146884,0.07827316037665755,0.1707451856420956,0.1791160877167565,5.965295357882357,5.440890789935301,-0.09201577386370041,-0.0924248769879572,0.04629008531263912
FRA,hc_d13,1980-1989,1980,1989,0.0454689383799419,0.0924463325462027,0.0312577971256511,0.0671602431665929,0.7095988675927938,0.7739344650248798,0.009253915453542483,0.0447624224538786,0.7648125998271609,0.8981833021353678,-0.1333707023082069,0.1000101839794064,0.2455388842637438,2.199527579547023,2.6560154145761112,0.188584434542574,0.26206173223508955,-0.19307201663703566
FRA,hc_d13,1990-1999,1990,1999,0.0869202849960199,0.0827789510800705,0.0635916262362313,0.0635082227335376,-0.04881761914964633,0.11237991000461611,0.012163302728801284,0.05368390231206176,-0.0013124093433791728,0.14096528732551694,-0.14227769666889523,0.2369361364803848,0.2728046375988473,2.7259015141429184,3.295579782533949,0.18978290647516305,0.1449209484615006,-0.16955031246290853
FRA,hc_d13,2000-2009,2000,2009,0.0862918336234078,0.0620667052399117,0.0661610417158353,0.0487864279433408,-0.32952526818589645,-0.1739167569201836,-0.07120607269086632,-0.029775743204778805,-0.3046396377315168,-0.21819435196489745,-0.0864452857666187,0.283603229833527,0.2280082542891927,3.2865593176663674,3.673600095378883,0.11133091622099944,0.151776688148485,-0.07363118389582812
FRA,hc_d13,2010-2019,2010,2019,0.0641220429259219,0.0472612093324257,0.0504740089244105,0.0377114721128622,-0.3050983278592194,-0.19782762125075282,-0.008993445352766916,-0.009170561305490356,-0.2914941807866396,-0.23951066441937763,-0.051983516367261284,0.2371401306983844,0.1866323372865941,3.698262249260283,3.9489539079260583,0.06558766343984179,0.08275934125666207,-0.0655759372881124
FRA,hc_d13,2020-2024,2020,2024,0.0406832690550868,0.0469624076899766,0.0328549548228368,0.037207089157483,0.14353051708227893,0.040737204972245866,0.0634306936150344,-0.02203803112336176,0.12439674657065813,0.047861827671146884,0.07653491889951147,0.1707451856420956,0.1791160877167565,4.19693868285018,3.814031190632207,-0.09566868941113138,-0.0924248769879572,0.04629008531263912
FRA,hc_hcdep,1980-1989,1980,1989,0.0884743510883775,0.1215115015672107,0.0625790471434312,0.090633063086456,0.3172962296069026,0.38743944264678465,0.009253915453542483,0.0447624224538786,0.37038856929627517,0.5116882797572735,-0.14129971046099854,0.2138086735539008,0.3566553274426414,2.416617595084998,2.935156942697867,0.1943920501503713,0.26206173223508955,-0.19307201663703566
FRA,hc_hcdep,1990-1999,1990,1999,0.1142938363487803,0.0906855876859219,0.0858272025701852,0.0716075022204978,-0.2313742005712176,-0.040903394011961636,0.012163302728801284,0.05368390231206176,-0.18113615442443187,-0.012318016691061251,-0.16881813773337107,0.3445971280315711,0.3403784113115378,3.015010599346711,3.753390367721885,0.2190561838801559,0.1449209484615006,-0.16955031246290853
FRA,hc_hcdep,2000-2009,2000,2009,0.0948537697651882,0.0720772769216607,0.0748797727383526,0.0583115002079549,-0.27459760605437955,-0.10815875986460233,-0.07120607269086632,-0.029775743204778805,-0.25008446410840035,-0.15243635490931617,-0.09764810919908395,0.355593760920797,0.3053176174230408,3.748862715747343,4.235976031043514,0.12216125114506382,0.151776688148485,-0.07363118389582812
FRA,hc_hcdep,2010-2019,2010,2019,0.0729307467069745,0.0536352867934035,0.0591006081308043,0.0441318793561338,-0.3073031284576051,-0.18247913662902948,-0.008993445352766916,-0.009170561305490356,-0.29205880503104886,-0.22416217979765407,-0.06789662523339368,0.3116564203660659,0.2490712959138551,4.273320025342088,4.643795359447722,0.08314094865995014,0.08275934125666207,-0.0655759372881124
FRA,hc_hcdep,2020-2024,2020,2024,0.0479975745587583,0.0580033607326569,0.0399238385813415,0.0474513846253766,0.18935047292891083,0.08726112233940131,0.0634306936150344,-0.02203803112336176,0.1727321016869463,0.09438574503830166,0.07834635664864464,0.2373433345281214,0.2608364302294816,4.944902668728955,4.496919263552705,-0.09496472789060806,-0.0924248769879572,0.04629008531263912
FRA,hc_i07,1980-1989,1980,1989,0.04225757036439,0.0840987959801546,0.0297058697957134,0.0626430950418436,0.6882087323757426,0.7739344650248798,0.009253915453542483,0.0447624224538786,0.746108797952536,0.8981833021353678,-0.15207450418283153,0.1000101839794064,0.2455388842637438,2.3666808838513784,2.9196480330311165,0.20997456975962514,0.26206173223508955,-0.19307201663703566
FRA,hc_i07,1990-1999,1990,1999,0.0789472109780746,0.0728090185009641,0.0592163129381383,0.0574706397028104,-0.08093958560631798,0.11237991000461611,0.012163302728801284,0.05368390231206176,-0.02992285678725848,0.14096528732551694,-0.1708881441127752,0.2369361364803848,0.2728046375988473,3.0011970473052845,3.746852288569648,0.22190487293183425,0.1449209484615006,-0.16955031246290853
FRA,hc_i07,2000-2009,2000,2009,0.0757692758015022,0.0538603677411785,0.0597942552713715,0.0435685545116009,-0.3412979629614492,-0.1739167569201836,-0.07120607269086632,-0.029775743204778805,-0.31657392729817646,-0.21819435196489745,-0.09837957533327835,0.283603229833527,0.2280082542891927,3.7429845650960303,4.233321528454226,0.12310361099655132,0.151776688148485,-0.07363118389582812
FRA,hc_i07,2010-2019,2010,2019,0.0555249058607205,0.0402001306360983,0.0449906267849238,0.0330757074088637,-0.3229614290656495,-0.19782762125075282,-0.008993445352766916,-0.009170561305490356,-0.3076550766104318,-0.23951066441937763,-0.06814441219105172,0.2371401306983844,0.1866323372865941,4.270878572819735,4.642580368109663,0.08345076464627144,0.08275934125666207,-0.0655759372881124
FRA,hc_i07,2020-2024,2020,2024,0.0345378594488212,0.0398375271510282,0.0287270350099191,0.0325892861458854,0.14275326359840657,0.040737204972245866,0.0634306936150344,-0.02203803112336176,0.12614492274191624,0.047861827671146884,0.07828309507076914,0.1707451856420956,0.1791160877167565,4.943710709550738,4.496164810574428,-0.0948914359272599,-0.0924248769879572,0.04629008531263912
FRA,hc_i13,1980-1989,1980,1989,0.0405465161351641,0.0832147374691623,0.0288500266091646,0.0621512659990669,0.7189746035990003,0.7739344650248798,0.009253915453542483,0.0447624224538786,0.7674602725248993,0.8981833021353678,-0.1307230296104689,0.1000101839794064,0.2455388842637438,2.466554306318619,2.950665852364616,0.17920869853636667,0.26206173223508955,-0.19307201663703566
FRA,hc_i13,1990-1999,1990,1999,0.0782271022144996,0.0725558056365801,0.0588102452669094,0.0573127601903343,-0.07526016445426675,0.11237991000461611,0.012163302728801284,0.05368390231206176,-0.02579278910030247,0.14096528732551694,-0.16675807642581875,0.2369361364803848,0.2728046375988473,3.0288241513881373,3.75992844687412,0.21622545177978236,0.1449209484615006,-0.16955031246290853
FRA,hc_i13,2000-2009,2000,2009,0.0755320380086692,0.0537929061002101,0.0596464114033483,0.0435244006664232,-0.3394153091315659,-0.1739167569201836,-0.07120607269086632,-0.029775743204778805,-0.31511227016171883,-0.21819435196489745,-0.09691791819681983,0.283603229833527,0.2280082542891927,3.754740866398656,4.238630533632799,0.12122095716666892,0.151776688148485,-0.07363118389582812
FRA,hc_i13,2010-2019,2010,2019,0.0554614966073425,0.0401791004093289,0.04494898635834,0.0330614694551649,-0.3223420550505498,-0.19782762125075282,-0.008993445352766916,-0.009170561305490356,-0.307159670702414,-0.23951066441937763,-0.06764900628303483,0.2371401306983844,0.1866323372865941,4.275761477864439,4.645010350785778,0.08283139063117129,0.08275934125666207,-0.0655759372881124
FRA,hc_i13,2020-2024,2020,2024,0.0345212128936446,0.0398241622237789,0.028715517718256,0.0325803416048812,0.14289981756807046,0.040737204972245866,0.0634306936150344,-0.02203803112336176,0.12627142453460216,0.047861827671146884,0.07840959686345483,0.1707451856420956,0.1791160877167565,4.946094627907169,4.497673716530979,-0.09503798989692269,-0.0924248769879572,0.04629008531263912
FRA,kdrift,1960-1969,1960,1969,0.0464068539019441,0.0578838791235669,0.0369114173102906,0.0452704236239835,0.22099175789300052,0.11826430900929852,0.07548050495442826,0.04279953292862331,0.2041330037326694,0.1411719450960085,0.06296105863666002,0.1803964182055653,0.2077486006122499,3.887279637329773,3.589058020260892,-0.07981981279699113,0.44551558731847685,-0.5670830495508179
FRA,kdrift,1970-1979,1970,1979,0.0605834544253583,0.0296719507177509,0.0472762650270474,0.0235178459188828,-0.71381964722638,-0.553357058498464,-0.04344032936361941,-0.02871432769722669,-0.698248839332821,-0.6408833472606199,-0.057365492072203095,0.2152339883304629,0.1133910435228683,3.552685966358049,3.8214893453241463,0.07293629996575923,0.41747568103041166,-0.3862870304999122
FRA,kdrift,1980-1989,1980,1989,0.0253346435915041,0.0556798714948258,0.0202140161324617,0.0453875240549299,0.7874459371020954,0.7739344650248798,0.009253915453542483,0.0447624224538786,0.8088610349947642,0.8981833021353678,-0.08932226714060443,0.1000101839794064,0.2455388842637438,3.94756624928184,4.40983209321094,0.11073736503327636,0.26206173223508955,-0.19307201663703566
FRA,kdrift,1990-1999,1990,1999,0.0540494803855239,0.0611755091624481,0.0440099933434845,0.0499699241671232,0.12384700189170195,0.11237991000461611,0.012163302728801284,0.05368390231206176,0.12700457821396505,0.14096528732551694,-0.013960709111551672,0.2369361364803848,0.2728046375988473,4.383689441422331,4.459376657976476,0.017118285433814995,0.1449209484615006,-0.16955031246290853
FRA,kdrift,2000-2009,2000,2009,0.0635148673355604,0.0452945403934613,0.0518930636740569,0.0377878649061611,-0.33808750565277546,-0.1739167569201836,-0.07120607269086632,-0.029775743204778805,-0.3171971164869758,-0.21819435196489745,-0.09900276452207613,0.283603229833527,0.2280082542891927,4.465147165232987,5.033901488094309,0.11989315368787845,0.151776688148485,-0.07363118389582812
FRA,kdrift,2010-2019,2010,2019,0.0468098083451273,0.0347316384753583,0.0390931024895511,0.0292823023445319,-0.2984417178231511,-0.19782762125075282,-0.008993445352766916,-0.009170561305490356,-0.2889627265257806,-0.23951066441937763,-0.04945206210640385,0.2371401306983844,0.1866323372865941,5.066035070042531,5.373554069987432,0.05893105340377125,0.08275934125666207,-0.0655759372881124
FRA,kdrift,2020-2024,2020,2024,0.0297785346914133,0.032112004432274,0.0253563090968909,0.0272301687911565,0.07544210848636812,0.040737204972245866,0.0634306936150344,-0.02203803112336176,0.07129792675327362,0.047861827671146884,0.023436099082128736,0.1707451856420956,0.1791160877167565,5.733834367992928,5.577854477895394,-0.02758028081522057,-0.0924248769879572,0.04629008531263912
FRA,main,1960-1969,1960,1969,0.0349700111916547,0.0454780721235145,0.0292917739372823,0.0373104686806111,0.2627394073282243,0.11826430900929852,0.07548050495442826,0.04279953292862331,0.2419672253394869,0.1411719450960085,0.10079528024347795,0.1803964182055653,0.2077486006122499,5.158603387825481,4.568104823089745,-0.12156746223221426,0.44551558731847685,-0.5670830495508179
FRA,main,1970-1979,1970,1979,0.0478203754370124,0.0244194468095416,0.0391271598058959,0.0200924222046245,-0.6720719977911589,-0.553357058498464,-0.04344032936361941,-0.02871432769722669,-0.6664741108074836,-0.6408833472606199,-0.025590763546862405,0.2152339883304629,0.1133910435228683,4.500884536424497,4.643473065022988,0.0311886505305361,0.41747568103041166,-0.3862870304999122
FRA,main,1980-1989,1980,1989,0.0209468658696324,0.0479991173030648,0.017319370074158,0.0401503370784403,0.8291935865373157,0.7739344650248798,0.009253915453542483,0.0447624224538786,0.8408053032149132,0.8981833021353678,-0.05737799892045792,0.1000101839794064,0.2455388842637438,4.774470061623656,5.115487493518251,0.06898971559805278,0.26206173223508955,-0.19307201663703566
FRA,main,1990-1999,1990,1999,0.0468102628844077,0.0552405410270897,0.0390878716356987,0.0459384156742731,0.1655946513269244,0.11237991000461611,0.012163302728801284,0.05368390231206176,0.1614894792921331,0.14096528732551694,0.020524191966616367,0.2369361364803848,0.2728046375988473,5.06162798242492,4.938485983782542,-0.024629364001408582,0.1449209484615006,-0.16955031246290853
FRA,main,2000-2009,2000,2009,0.0576196023133736,0.0428421731548257,0.0478898355511013,0.03606554807083,-0.29633985621755077,-0.1739167569201836,-0.07120607269086632,-0.029775743204778805,-0.28356521786926203,-0.21819435196489745,-0.06537086590436392,0.283603229833527,0.2280082542891927,4.9219921423807165,5.322051555722964,0.07814550425265487,0.151776688148485,-0.07363118389582812
FRA,main,2010-2019,2010,2019,0.0444812546286366,0.0344109142144875,0.0374555736383948,0.0290539942043282,-0.2566940683879242,-0.19782762125075282,-0.008993445352766916,-0.009170561305490356,-0.2539995597135465,-0.23951066441937763,-0.014488895294171078,0.2371401306983844,0.1866323372865941,5.331237454478534,5.423637864524366,0.017183403968548117,0.08275934125666207,-0.0655759372881124
FRA,main,2020-2024,2020,2024,0.0296407230306815,0.0325619950803771,0.0252563206163568,0.0275530517377134,0.09399661934646986,0.040737204972245866,0.0634306936150344,-0.02203803112336176,0.08703685450711385,0.047861827671146884,0.039175026835967186,0.1707451856420956,0.1791160877167565,5.760493273573474,5.500771291028714,-0.046134791675320086,-0.0924248769879572,0.04629008531263912
FRA,no_mi,1960-1969,1960,1969,0.0884671081127081,0.092025622242213,0.0775786484093272,0.0784959361413001,0.039436217719258426,-0.10503888059966582,0.07548050495442826,0.04279953292862331,0.011754614583369793,-0.16599192382083933,0.17774653840420962,0.6303149263558976,0.5339101966601237,7.124850577831354,5.801755898535113,-0.2054281415400976,0.44551558731847685,-0.650943728858568
FRA,no_mi,1970-1979,1970,1979,0.0930063991508818,0.0588270280793202,0.0790203820959748,0.0498133744404613,-0.45806688835442966,-0.3393519490617376,-0.04344032936361941,-0.02871432769722669,-0.46142230936982687,-0.48017164774713617,0.018749338377310076,0.5254820703722013,0.3251037697190342,5.649956080115795,5.526435387500384,-0.022104759392707063,0.41747568103041166,-0.4395804404231347
FRA,no_mi,1980-1989,1980,1989,0.0538907220526296,0.073892468379275,0.0458058333995733,0.0631780174688437,0.31565257588288054,0.26039345437044337,0.009253915453542483,0.0447624224538786,0.3215449659750593,0.355600880083083,-0.03405591410802411,0.3053238630803286,0.4357087168635796,5.665610915031893,5.896524049341205,0.03994830420020379,0.26206173223508955,-0.22211342803489487
FRA,no_mi,1990-1999,1990,1999,0.0721553745505561,0.0738670171192974,0.0615544760352073,0.062394811699559,0.02344463679784825,-0.02977010452446094,0.012163302728801284,0.05368390231206176,0.013559554155067932,-0.041984235803067316,0.055543789958137024,0.4189726245518577,0.4017465217312846,5.806533846737938,5.438780898414405,-0.0654288726009149,0.1449209484615006,-0.21034982106241795
FRA,no_mi,2000-2009,2000,2009,0.0757459202378782,0.0595437048233378,0.0639182641401704,0.0508400884000563,-0.24067400693433028,-0.118250907636962,-0.07120607269086632,-0.029775743204778805,-0.2289199592242812,-0.1628920599871022,-0.06602789923717856,0.4093412673913714,0.3478102744495759,5.404136171371937,5.841260221907686,0.07778194694722806,0.151776688148485,-0.0739947412012607
FRA,no_mi,2010-2019,2010,2019,0.0615973210647356,0.0534392582066503,0.0526266980161437,0.0458568410966853,-0.1420727321164832,-0.08320628497930982,-0.008993445352766916,-0.009170561305490356,-0.13769916421508466,-0.11164879228669733,-0.026050371928387328,0.3613643775597233,0.3231892332441783,5.866559962566358,6.0477866663942335,0.03042393982978564,0.08275934125666207,-0.05233540142687554
FRA,no_mi,2020-2024,2020,2024,0.0480336224096616,0.052835058793853,0.041580231396991,0.045487874402993,0.09527373011125206,0.04201431573703229,0.0634306936150344,-0.02203803112336176,0.08982094628526882,0.05538324369183556,0.034437702593433484,0.3094883187316607,0.3271123182207526,6.443160086743935,6.191198149263905,-0.03989048641941717,-0.0924248769879572,0.05253439056853981
GBR,hc,1980-1989,1980,1989,0.1219830152693977,0.1439936903576881,0.0836564706302451,0.1063471638013936,0.1658876657174302,0.318550896812517,0.08567694363443068,-0.04187178516283119,0.23999009469610444,0.4237797942062006,-0.18378969951009627,0.2662558973252318,0.4067658287661023,2.182729265522824,2.824886477703807,0.25789212848876997,0.11982262025940438,-0.0807104473076734
GBR,hc,1990-1999,1990,1999,0.134196824317929,0.1194186844983212,0.0996149208270125,0.0927325132848447,-0.11667188515540472,0.05063747964871257,0.0303261334739795,0.10498732938121026,-0.07159281317071509,0.07092032726736586,-0.1425131404380806,0.3865607349571822,0.4149712844946037,2.880550541504406,3.47492761486949,0.18759221242277002,0.20180407553622892,-0.3156991195166272
GBR,hc,2000-2009,2000,2009,0.1132931072217657,0.07772036350373,0.087762411201728,0.0609792674397848,-0.3768610280666693,-0.23931455728442264,-0.029222192629361654,0.04130809457247654,-0.36409936217550065,-0.31894543519219876,-0.04515392698330101,0.3894479122118102,0.2830956117513855,3.4375252101567373,3.642489548286776,0.057915592874471455,0.1186726310274242,-0.19653973240945577
GBR,hc,2010-2019,2010,2019,0.0753599589018398,0.0719013710309068,0.0592245791664931,0.0571304848895592,-0.04698075178494188,0.0042092809430902545,0.06344150658928949,0.010448838403852558,-0.035998784168886466,0.0053767333841932,-0.04137551755307922,0.2766071778396732,0.2780984263172353,3.6704794146712336,3.867776404398387,0.05235748516913441,-0.021299007209799825,-0.03569907058105137
GBR,hc,2020-2024,2020,2024,0.0707664554935723,0.0844562294057574,0.0567265288835726,0.0668838687102101,0.1768483089982391,0.08988370536440327,0.09279981901831147,0.006884568215553602,0.1647158297950999,0.11714205754514762,0.04757377224995207,0.2859228180498504,0.3214570573187383,4.040372179949305,3.80619712223175,-0.059706251453090387,-0.2039049357988043,0.1716140890077078
GBR,hc_d07,1980-1989,1980,1989,0.1117309592717422,0.1325762869512505,0.0787038657580265,0.0999875620036303,0.17106439817483476,0.318550896812517,0.08567694363443068,-0.04187178516283119,0.23935352389333664,0.4237797942062006,-0.18442627031286318,0.2662558973252318,0.4067658287661023,2.383009141429347,3.0681642857872,0.2527153960313665,0.11982262025940438,-0.0807104473076734
GBR,hc_d07,1990-1999,1990,1999,0.1236057609398358,0.1072227078936903,0.0936579218316402,0.0852065429135561,-0.14218909991202944,0.05063747964871257,0.0303261334739795,0.10498732938121026,-0.09457078943241326,0.07092032726736586,-0.16549111669977945,0.3865607349571822,0.4149712844946037,3.127368271656348,3.8701809779514367,0.21310942717939563,0.20180407553622892,-0.3156991195166272
GBR,hc_d07,2000-2009,2000,2009,0.1014769417216119,0.0683292065592797,0.0805010843807897,0.0550436324456912,-0.3954943006859044,-0.23931455728442264,-0.029222192629361654,0.04130809457247654,-0.3801444669855094,-0.31894543519219876,-0.06119903179331021,0.3894479122118102,0.2830956117513855,3.837797095622048,4.143112821100632,0.07654886549370454,0.1186726310274242,-0.19653973240945577
GBR,hc_d07,2010-2019,2010,2019,0.0660450705475131,0.0620454142225209,0.0533151049215555,0.0507277510246943,-0.06247079168157299,0.0042092809430902545,0.06344150658928949,0.010448838403852558,-0.04974656708315006,0.0053767333841932,-0.05512330046734193,0.2766071778396732,0.2780984263172353,4.188157807185331,4.482175351748918,0.06784752506576552,-0.021299007209799825,-0.03569907058105137
GBR,hc_d07,2020-2024,2020,2024,0.0609262490729585,0.0725868381992245,0.0502241651466786,0.0592156144861034,0.17511951225952904,0.08988370536440327,0.09279981901831147,0.006884568215553602,0.16468897702646768,0.11714205754514762,0.04754691948131895,0.2859228180498504,0.3214570573187383,4.692933216805464,4.428586025974228,-0.05797745471438187,-0.2039049357988043,0.1716140890077078
GBR,hc_d13,1980-1989,1980,1989,0.1323023384940568,0.1553450299049134,0.0883842678135842,0.1124138572653859,0.16055889578295024,0.318550896812517,0.08567694363443068,-0.04187178516283119,0.24049322724371391,0.4237797942062006,-0.18328656696248657,0.2662558973252318,0.4067658287661023,2.012480658739017,2.6184669636040705,0.2632208984232498,0.11982262025940438,-0.0807104473076734
GBR,hc_d13,1990-1999,1990,1999,0.1447278577743016,0.1319853621033944,0.1053026694632761,0.1001361544597626,-0.09216411272699543,0.05063747964871257,0.0303261334739795,0.10498732938121026,-0.05030796532250248,0.07092032726736586,-0.12122829258986734,0.3865607349571822,0.4149712844946037,2.6709490550189106,3.144070508133503,0.16308443999436129,0.20180407553622892,-0.3156991195166272
GBR,hc_d13,2000-2009,2000,2009,0.1254814951002842,0.087435508302307,0.0949033121707174,0.0668030493850236,-0.3612568246634429,-0.23931455728442264,-0.029222192629361654,0.04130809457247654,-0.3511098777232813,-0.31894543519219876,-0.032164442531081416,0.3894479122118102,0.2830956117513855,3.103628243356243,3.2377648080066783,0.04231138947124369,0.1186726310274242,-0.19653973240945577
GBR,hc_d13,2010-2019,2010,2019,0.0850215318756221,0.0820762437990047,0.0650323532283614,0.0633727914046995,-0.03525592290235391,0.0042092809430902545,0.06344150658928949,0.010448838403852558,-0.02585027636388393,0.0053767333841932,-0.031227009748076018,0.2766071778396732,0.2780984263172353,3.253377958942464,3.3882937796016384,0.04063265628654733,-0.021299007209799825,-0.03569907058105137
GBR,hc_d13,2020-2024,2020,2024,0.0809395508998078,0.0966204073280399,0.063082143178708,0.0742908059941731,0.17708738401545254,0.08988370536440327,0.09279981901831147,0.006884568215553602,0.16354946531674575,0.11714205754514762,0.04640740777159791,0.2859228180498504,0.3214570573187383,3.532547621913348,3.327009957920651,-0.05994532647030493,-0.2039049357988043,0.1716140890077078
GBR,hc_hcdep,1980-1989,1980,1989,0.1947194179349295,0.1896902030225934,0.1335394049051554,0.1400965211895916,-0.026167408969145267,0.12649582212594102,0.08567694363443068,-0.04187178516283119,0.04793502000952832,0.2317247195196248,-0.18378969951009627,0.4250197720921404,0.535853289471414,2.182729265522824,2.824886477703807,0.25789212848876997,0.11982262025940438,-0.0807104473076734
GBR,hc_hcdep,1990-1999,1990,1999,0.1782865420190411,0.1405324678890582,0.1323429213620806,0.1091280564697336,-0.23795349234289787,-0.07064412753878091,0.0303261334739795,0.10498732938121026,-0.1928744203582089,-0.050361279920127955,-0.1425131404380806,0.513563395155897,0.4883401534534484,2.880550541504406,3.47492761486949,0.18759221242277002,0.20180407553622892,-0.3156991195166272
GBR,hc_hcdep,2000-2009,2000,2009,0.1353727240112799,0.1044502919771192,0.1048663679681784,0.0819515246905747,-0.2593206093298499,-0.121774138547601,-0.029222192629361654,0.04130809457247654,-0.24655894343867857,-0.20140501645537767,-0.04515392698330101,0.4653471515563649,0.380459096842159,3.4375252101567373,3.642489548286776,0.057915592874471455,0.1186726310274242,-0.19653973240945577
GBR,hc_hcdep,2010-2019,2010,2019,0.1001964939318445,0.0981154748844522,0.0787433442579372,0.0779593570324084,-0.02098809718881789,0.030201935539214908,0.06344150658928949,0.010448838403852558,-0.010006129572760702,0.031369387980317964,-0.04137551755307922,0.3677691683990663,0.3794887186644271,3.6704794146712336,3.867776404398387,0.05235748516913441,-0.021299007209799825,-0.03569907058105137
GBR,hc_hcdep,2020-2024,2020,2024,0.0963182791738814,0.1134816321235536,0.0772089206314632,0.0898701094919437,0.16398287663353717,0.07701827299970243,0.09279981901831147,0.006884568215553602,0.15185039743039974,0.10427662518044656,0.04757377224995207,0.3891616955947413,0.4319334616148321,4.040372179949305,3.80619712223175,-0.059706251453090387,-0.2039049357988043,0.1716140890077078
GBR,hc_i07,1980-1989,1980,1989,0.1261513562860611,0.1451352768212702,0.0855961306974515,0.1069685683933741,0.14018382468904722,0.318550896812517,0.08567694363443068,-0.04187178516283119,0.2228949579815187,0.4237797942062006,-0.20088483622468134,0.2662558973252318,0.4067658287661023,2.110606696304313,2.802666847612951,0.2835959695171537,0.11982262025940438,-0.0807104473076734
GBR,hc_i07,1990-1999,1990,1999,0.1350993697607344,0.1197112371540204,0.1001113774939744,0.0929088268998774,-0.12092809416983297,0.05063747964871257,0.0303261334739795,0.10498732938121026,-0.07466468476589183,0.07092032726736586,-0.14558501203325802,0.3865607349571822,0.4149712844946037,2.8613067229091773,3.4664355190039657,0.1918484214371987,0.20180407553622892,-0.3156991195166272
GBR,hc_i07,2000-2009,2000,2009,0.1135438004400159,0.077792522822755,0.0879127725441622,0.0610236794406637,-0.3781433505499736,-0.23931455728442264,-0.029222192629361654,0.04130809457247654,-0.36508312540476373,-0.31894543519219876,-0.046137690212564975,0.3894479122118102,0.2830956117513855,3.4299355024456104,3.6391108229822975,0.05919791535777419,0.1186726310274242,-0.19653973240945577
GBR,hc_i07,2010-2019,2010,2019,0.075424493406567,0.071929961355737,0.0592644297807632,0.0571485335548817,-0.04743918187281482,0.0042092809430902545,0.06344150658928949,0.010448838403852558,-0.036355560638155815,0.0053767333841932,-0.04173229402234857,0.2766071778396732,0.2780984263172353,3.667338888822948,3.8662390619379146,0.05281591525700713,-0.021299007209799825,-0.03569907058105137
GBR,hc_i07,2020-2024,2020,2024,0.0707924836328747,0.0844779364978513,0.0567432524525192,0.0668974818348087,0.17673756204811042,0.08988370536440327,0.09279981901831147,0.006884568215553602,0.16462457591313262,0.11714205754514762,0.04748251836798456,0.2859228180498504,0.3214570573187383,4.038886663909517,3.805219097970208,-0.05959550450296258,-0.2039049357988043,0.1716140890077078
GBR,hc_i13,1980-1989,1980,1989,0.1180813272175709,0.1428699224284192,0.0818027704005738,0.1057329372699,0.190560982149522,0.318550896812517,0.08567694363443068,-0.04187178516283119,0.25660534420163916,0.4237797942062006,-0.16717445000456155,0.2662558973252318,0.4067658287661023,2.2548518347413355,2.847106107794664,0.2332188120566786,0.11982262025940438,-0.0807104473076734
GBR,hc_i13,1990-1999,1990,1999,0.1333062579457876,0.1191275582485129,0.0991233637630333,0.0925568675850276,-0.1124543353403884,0.05063747964871257,0.0303261334739795,0.10498732938121026,-0.0685419326958856,0.07092032726736586,-0.1394622599632518,0.3865607349571822,0.4149712844946037,2.8997943600996354,3.483419710735015,0.18337466260775415,0.20180407553622892,-0.3156991195166272
GBR,hc_i13,2000-2009,2000,2009,0.1130435185752335,0.0776483379287126,0.0876125633212227,0.0609349200364979,-0.37558271999458004,-0.23931455728442264,-0.029222192629361654,0.04130809457247654,-0.3631179945688645,-0.31894543519219876,-0.044172559376665976,0.3894479122118102,0.2830956117513855,3.445114917867864,3.645868273591252,0.05663728480238195,0.1186726310274242,-0.19653973240945577
GBR,hc_i13,2010-2019,2010,2019,0.0752955347363875,0.0718728034248962,0.059184782108946,0.0571124476209062,-0.04652289579239177,0.0042092809430902545,0.06344150658928949,0.010448838403852558,-0.03564236010652566,0.0053767333841932,-0.04101909349071953,0.2766071778396732,0.2780984263172353,3.673619940519517,3.869313746858858,0.051899629176585416,-0.021299007209799825,-0.03569907058105137
GBR,hc_i13,2020-2024,2020,2024,0.0707404464866696,0.0844345334663223,0.0567098151693786,0.0668702611248173,0.17695898679477562,0.08988370536440327,0.09279981901831147,0.006884568215553602,0.16480703822426257,0.11714205754514762,0.0476649806791154,0.2859228180498504,0.3214570573187383,4.041857695989092,3.807175146493291,-0.05981692924962689,-0.2039049357988043,0.1716140890077078
GBR,kdrift,1960-1969,1960,1969,0.1191855673016858,0.1088007310791886,0.0832183701081367,0.0786578617600955,-0.09116361373956572,0.02276484514431698,0.0226042903967425,0.037657507098903864,-0.056360534709796184,0.02913479718192935,-0.08549533189172598,0.2757631793738678,0.2839156675507103,2.313729637044463,2.6095014687361564,0.1202984109214944,,
GBR,kdrift,1970-1979,1970,1979,0.1016889609292931,0.0906663108471809,0.0751914293129233,0.0697305014198475,-0.11473289858778823,0.035097218823830545,0.006422054717524883,-0.0071129179341268,-0.07539942047390458,0.04545820048381133,-0.12085762095771502,0.2885603998259172,0.301980553424771,2.837676746707643,3.330680939845036,0.16019109907159912,0.27187171972940005,-0.23573673425674802
GBR,kdrift,1980-1989,1980,1989,0.0766827244109542,0.0995129667548328,0.0595360985998495,0.0799529325603156,0.2606115076555202,0.318550896812517,0.08567694363443068,-0.04187178516283119,0.29485529079498196,0.4237797942062006,-0.12892450341121875,0.2662558973252318,0.4067658287661023,3.4721757654087297,4.087566093454325,0.16316828655068027,0.11982262025940438,-0.0807104473076734
GBR,kdrift,1990-1999,1990,1999,0.0925058948786046,0.0983007472205435,0.0746433679265088,0.0794744011369136,0.06075925764881385,0.05063747964871257,0.0303261334739795,0.10498732938121026,0.06271329373508605,0.07092032726736586,-0.008207033532279251,0.3865607349571822,0.4149712844946037,4.17876866619652,4.221445881419306,0.010161069618552565,0.20180407553622892,-0.3156991195166272
GBR,kdrift,2000-2009,2000,2009,0.0940617554994076,0.0652885771732378,0.0757630234605796,0.053053239161879,-0.3651344474091216,-0.23931455728442264,-0.029222192629361654,0.04130809457247654,-0.3563144346287386,-0.31894543519219876,-0.037368999436538264,0.3894479122118102,0.2830956117513855,4.140342800791792,4.336066491389675,0.04618901221692284,0.1186726310274242,-0.19653973240945577
GBR,kdrift,2010-2019,2010,2019,0.06497253312834,0.0610860368688088,0.0526139827649416,0.0500846370249406,-0.06168130242390868,0.0042092809430902545,0.06344150658928949,0.010448838403852558,-0.04926760159321386,0.0053767333841932,-0.05464433497740839,0.2766071778396732,0.2780984263172353,4.257294036747681,4.552569467135217,0.06705803580810143,-0.021299007209799825,-0.03569907058105137
GBR,kdrift,2020-2024,2020,2024,0.0601724752558647,0.066122684988607,0.0497108282804481,0.0548418852128658,0.09429685384781994,0.08988370536440327,0.09279981901831147,0.006884568215553602,0.09823144848769294,0.11714205754514762,-0.01891060905745512,0.2859228180498504,0.3214570573187383,4.751721062396928,4.861524564135974,0.022845203697326788,-0.2039049357988043,0.1716140890077078
GBR,main,1960-1969,1960,1969,0.0514112437052413,0.0531304068214082,0.043332629385562,0.0447551716721278,0.032892499859385804,0.02276484514431698,0.0226042903967425,0.037657507098903864,0.032301089428675045,0.02913479718192935,0.0031662922467463606,0.2757631793738678,0.2839156675507103,5.363869058584042,5.343751055870138,-0.0037577026774560096,,
GBR,main,1970-1979,1970,1979,0.0503467519676808,0.0508183405060995,0.04286743080175,0.0434982956413899,0.009323215011163288,0.035097218823830545,0.006422054717524883,-0.0071129179341268,0.01460940783551301,0.04545820048381133,-0.030848792648297874,0.2885603998259172,0.301980553424771,5.731460095204414,5.942353693909492,0.036134985472648706,0.27187171972940005,-0.23573673425674802
GBR,main,1980-1989,1980,1989,0.0435771063901468,0.0640202571284404,0.0374481137438933,0.0553144065402611,0.3846676212544713,0.318550896812517,0.08567694363443068,-0.04187178516283119,0.3900770493231356,0.4237797942062006,-0.033702744883067126,0.2662558973252318,0.4067658287661023,6.109994889092374,6.353705014805391,0.039112172951730306,0.11982262025940438,-0.0807104473076734
GBR,main,1990-1999,1990,1999,0.06033835550935,0.0725868191447452,0.0521917353366125,0.0617802172767361,0.18481537124776404,0.05063747964871257,0.0303261334739795,0.10498732938121026,0.16865904895846118,0.07092032726736586,0.0977387216910961,0.3865607349571822,0.4149712844946037,6.406550720416645,5.716895841201007,-0.11389504398039785,0.20180407553622892,-0.3156991195166272
GBR,main,2000-2009,2000,2009,0.0704207014686825,0.0553351837879971,0.0596370231574969,0.0462875953143438,-0.24107833381017008,-0.23931455728442264,-0.029222192629361654,0.04130809457247654,-0.25340256970927966,-0.31894543519219876,0.06554286548291932,0.3894479122118102,0.2830956117513855,5.530304357803153,5.116014665027505,-0.07786710138202779,0.1186726310274242,-0.19653973240945577
GBR,main,2010-2019,2010,2019,0.0558316255234481,0.0594250161884567,0.0464549511489297,0.0489625353522144,0.062374811175042844,0.0042092809430902545,0.06344150658928949,0.010448838403852558,0.052572370503608745,0.0053767333841932,0.04719563711941421,0.2766071778396732,0.2780984263172353,4.954309949716647,4.6798207918916095,-0.056998077790848756,-0.021299007209799825,-0.03569907058105137
GBR,main,2020-2024,2020,2024,0.0593487472781058,0.0689143147582297,0.0491472880292538,0.0567485077388052,0.1494329043362428,0.08988370536440327,0.09279981901831147,0.006884568215553602,0.14380769302474317,0.11714205754514762,0.026665635479594663,0.2859228180498504,0.3214570573187383,4.817672337884869,4.664590491053962,-0.032290846791095396,-0.2039049357988043,0.1716140890077078
GBR,no_mi,1960-1969,1960,1969,0.0702414894891684,0.0722276502688199,0.0601587431272984,0.0618367710184644,0.027883785484132062,0.017756130769063683,0.0226042903967425,0.037657507098903864,0.02751140056250545,0.025292441911074603,0.0022189586514302917,0.4190961045135347,0.4298312552060445,5.9665036655887125,5.951062420088151,-0.0025913435730573475,,
GBR,no_mi,1970-1979,1970,1979,0.0685433376672436,0.0687432669350443,0.0592792364027012,0.0597581217693873,0.0029125843663431183,0.028686588179010153,0.006422054717524883,-0.0071129179341268,0.00804601105998115,0.041532770621279025,-0.03348675956129865,0.4385958876505663,0.4571955645225782,6.398811359023851,6.650768648434811,0.038620186254936684,0.27187171972940005,-0.23325153347449668
GBR,no_mi,1980-1989,1980,1989,0.0619454863877959,0.0892105131987617,0.0540867904993673,0.0787940759832112,0.36474414714682224,0.29862742270486775,0.08567694363443068,-0.04187178516283119,0.3762478283400008,0.4592275906948466,-0.08297976235484583,0.4263344188660343,0.6748238202780739,6.882412968671555,7.564397917704621,0.09448344354802529,0.11982262025940438,-0.025339176711399958
GBR,no_mi,1990-1999,1990,1999,0.0853826638115376,0.0945048752639007,0.075490006094684,0.0819641870143143,0.10150834294079791,-0.032669548658252556,0.0303261334739795,0.10498732938121026,0.08228213024954378,-0.05339510762162675,0.1356772378711706,0.6515476423016637,0.6176706665322174,7.630912567213922,6.535860343790718,-0.15490345056242494,0.20180407553622892,-0.35670752609865364
GBR,no_mi,2000-2009,2000,2009,0.0925556670415463,0.0818656857748982,0.079879790076296,0.0700344721143046,-0.12273034340428879,-0.12096656687853957,-0.029222192629361654,0.04130809457247654,-0.13153530094876764,-0.18530617318359988,0.05377087223483201,0.5832596256589091,0.4846011788813276,6.301717056364533,5.919466432050785,-0.06257582977931153,0.1186726310274242,-0.18124846080673862
GBR,no_mi,2010-2019,2010,2019,0.0840331475305646,0.0924646268447917,0.0716002670389234,0.0783171249313116,0.09561482442833702,0.03744929419638443,0.06344150658928949,0.010448838403852558,0.08966748474199004,0.05608885961819132,0.0335786251237995,0.4839422213826321,0.5118616542070036,5.758944364265443,5.5357564473406535,-0.03952596481014492,-0.021299007209799825,-0.018226957600341542
GBR,no_mi,2020-2024,2020,2024,0.0891560173498139,0.0972172512596553,0.0756995291323311,0.0819652995591226,0.08656033886896974,0.027011139897129333,0.09279981901831147,0.006884568215553602,0.07952404134822322,0.040838290074264094,0.03868575127396001,0.5015475377837724,0.5224538654639109,5.625504062343796,5.374085964110433,-0.045722048794704984,-0.2039049357988043,0.15818288700409644
ITA,hc,1980-1989,1980,1989,0.1359916615013045,0.1361445933841692,0.0903075962662371,0.0970300748652492,0.001123936235751577,0.17529786254843494,-0.034433711526945965,0.052459772245989966,0.07179940117044614,0.22817917686723277,-0.15637977569678663,0.2688263401963527,0.3377293288724753,1.9767854677896848,2.480666477290652,0.2270552406314813,0.1844303141357999,-0.11175126737768615
ITA,hc,1990-1999,1990,1999,0.1244711559850303,0.1085237178543051,0.0888369248002763,0.084226525465984,-0.13710526340093532,0.14348618430806526,-0.022014495369655274,0.05641572036485006,-0.05329248246775675,0.19254817603360064,-0.24584065850135728,0.3103093389812374,0.3761988438595262,2.493022070258246,3.466512678496503,0.32965343943453584,0.14843418221578997,-0.060081677001354805
ITA,hc,2000-2009,2000,2009,0.1121656873724665,0.0670118814553268,0.0875692875537585,0.0544587294998777,-0.5151071908493887,-0.23666288809001945,-0.13483154185023705,0.012602405834135369,-0.4749871798444669,-0.31746607317164177,-0.1575211066728237,0.3993376837090475,0.2907143909677123,3.560248174497199,4.338251436225017,0.19764111767774661,0.11437176817888006,-0.046650252325453945
ITA,hc,2010-2019,2010,2019,0.0641577280689738,0.063876724418809,0.052291506005475,0.0527915707927438,-0.004389507603579368,0.05661251829514535,0.028128169668442116,0.030283852424362333,0.009517585082962299,0.07321725752172914,-0.06369967243876618,0.282727240790164,0.3042044100530124,4.406752690591122,4.762367087868975,0.07760676512530917,-0.015348340981803377,-0.0198135634909109
ITA,hc,2020-2024,2020,2024,0.0534271754242169,0.0771910275159379,0.0447118511396814,0.0637199825242563,0.3679637067952788,0.21775410722028377,0.10753555699627282,0.01457055932099392,0.3542596181362736,0.2867636465381529,0.06749597159811871,0.2740951267435898,0.3651246749886281,5.130256738583837,4.730143991323852,-0.08120006025712567,-0.14956798412860128,0.07607769357609317
ITA,hc_d07,1980-1989,1980,1989,0.1251055530364936,0.1249818458695261,0.0853743211422645,0.0912232883726952,-0.0009893115574666211,0.17529786254843494,-0.034433711526945965,0.052459772245989966,0.06626485306870666,0.22817917686723277,-0.161914323798525,0.2688263401963527,0.3377293288724753,2.148796225839276,2.702227083644176,0.2291684884246994,0.1844303141357999,-0.11175126737768615
ITA,hc_d07,1990-1999,1990,1999,0.1140777146686266,0.0964826079151868,0.0834129597660102,0.0767888086447377,-0.1675171605133361,0.14348618430806526,-0.022014495369655274,0.05641572036485006,-0.08274478140661978,0.19254817603360064,-0.27529295744022053,0.3103093389812374,0.3761988438595262,2.720157393428026,3.8991363520171873,0.3600653365469362,0.14843418221578997,-0.060081677001354805
ITA,hc_d07,2000-2009,2000,2009,0.0994879874998388,0.0580053610976779,0.0796456653659739,0.0483568628518971,-0.5395014692380578,-0.23666288809001945,-0.13483154185023705,0.012602405834135369,-0.49897946093723844,-0.31746607317164177,-0.18151338776559567,0.3993376837090475,0.2907143909677123,4.0139286535441725,5.011853826375891,0.22203539606641653,0.11437176817888006,-0.046650252325453945
ITA,hc_d07,2010-2019,2010,2019,0.0552957068967492,0.052685965655642,0.0462501222045429,0.0449081964413398,-0.04834615880758575,0.05661251829514535,0.028128169668442116,0.030283852424362333,-0.02944377932223219,0.07321725752172914,-0.10266103684395955,0.282727240790164,0.3042044100530124,5.113005270338357,5.773917328218048,0.12156341632931533,-0.015348340981803377,-0.0198135634909109
ITA,hc_d07,2020-2024,2020,2024,0.0438706673338783,0.0634217095234504,0.0378177034988725,0.0540357634876286,0.3685602976509341,0.21775410722028377,0.10753555699627282,0.01457055932099392,0.35686877464053124,0.2867636465381529,0.07010512810237746,0.2740951267435898,0.3651246749886281,6.247799347513561,5.75709292184282,-0.08179665111278012,-0.14956798412860128,0.07607769357609317
ITA,hc_d13,1980-1989,1980,1989,0.1467754530268743,0.1473887689743127,0.0949396959090674,0.1026090559184948,0.0041698941629368935,0.17529786254843494,-0.034433711526945965,0.052459772245989966,0.0776842830164961,0.22817917686723277,-0.15049489385073622,0.2688263401963527,0.3377293288724753,1.831548359432631,2.291418343627904,0.22400928270429576,0.1844303141357999,-0.11175126737768615
ITA,hc_d13,1990-1999,1990,1999,0.1349607730371334,0.1210077972362769,0.0940543439570043,0.0915574927115743,-0.10912918262964544,0.14348618430806526,-0.022014495369655274,0.05641572036485006,-0.02690563181412209,0.19254817603360064,-0.2194538078477224,0.3103093389812374,0.3761988438595262,2.29925579113168,3.1088810180138178,0.30167735866324663,0.14843418221578997,-0.060081677001354805
ITA,hc_d13,2000-2009,2000,2009,0.125302253615959,0.0763973620291633,0.0953757199226008,0.0604987783489379,-0.4947806803398622,-0.23666288809001945,-0.13483154185023705,0.012602405834135369,-0.45520086565932294,-0.31746607317164177,-0.13773479248768128,0.3993376837090475,0.2907143909677123,3.186995223030738,3.805293576193604,0.17731460716822056,0.11437176817888006,-0.046650252325453945
ITA,hc_d13,2010-2019,2010,2019,0.073425713890326,0.0759151505001128,0.058288017039992,0.0607538416028051,0.03334207606197026,0.05661251829514535,0.028128169668442116,0.030283852424362333,0.041433783873991104,0.07321725752172914,-0.03178347364773737,0.282727240790164,0.3042044100530124,3.8505208299706246,4.0071633665872834,0.039875181459759323,-0.015348340981803377,-0.0198135634909109
ITA,hc_d13,2020-2024,2020,2024,0.0637256899685485,0.0916266065591989,0.0517046321737946,0.0732458479960176,0.36313391663786687,0.21775410722028377,0.10753555699627282,0.01457055932099392,0.3482741889695915,0.2867636465381529,0.061510542431438386,0.2740951267435898,0.3651246749886281,4.301171582118107,3.984919759663098,-0.07637027009971331,-0.14956798412860128,0.07607769357609317
ITA,hc_hcdep,1980-1989,1980,1989,0.2052054141367187,0.1895814573502678,0.1362701763249434,0.1351144584041815,-0.07919271137760875,0.09498121493507417,-0.034433711526945965,0.052459772245989966,-0.008517246442914406,0.147862529253872,-0.15637977569678663,0.4056470805772295,0.4702883659647167,1.9767854677896848,2.480666477290652,0.2270552406314813,0.1844303141357999,-0.11175126737768615
ITA,hc_hcdep,1990-1999,1990,1999,0.1761999274675019,0.141920861019357,0.1257565223233497,0.1101464385034156,-0.21634971637585498,0.06424173133314559,-0.022014495369655274,0.05641572036485006,-0.1325369354426762,0.11330372305868108,-0.24584065850135728,0.4392703079543844,0.4919704640667412,2.493022070258246,3.466512678496503,0.32965343943453584,0.14843418221578997,-0.060081677001354805
ITA,hc_hcdep,2000-2009,2000,2009,0.1451741856131202,0.0912904977138721,0.1133394739794432,0.0741892991651524,-0.46388759698065174,-0.18544329422128203,-0.13483154185023705,0.012602405834135369,-0.4237675859757286,-0.2662464793029048,-0.1575211066728237,0.5168561293132288,0.3960411328209025,3.560248174497199,4.338251436225017,0.19764111767774661,0.11437176817888006,-0.046650252325453945
ITA,hc_hcdep,2010-2019,2010,2019,0.0881908639138744,0.0835914043397441,0.0718796196308975,0.0690849692124642,-0.053562678002811115,0.007439347895913384,0.028128169668442116,0.030283852424362333,-0.039655585316268116,0.02404408712249717,-0.06369967243876618,0.3886353268380219,0.398092952856345,4.406752690591122,4.762367087868975,0.07760676512530917,-0.015348340981803377,-0.0198135634909109
ITA,hc_hcdep,2020-2024,2020,2024,0.0722910544351207,0.0988582625694193,0.060498554134094,0.0816059452246714,0.3129867399793227,0.162777140404327,0.10753555699627282,0.01457055932099392,0.2992826513203153,0.2317866797221967,0.06749597159811871,0.3708716691551091,0.4676138166854547,5.130256738583837,4.730143991323852,-0.08120006025712567,-0.14956798412860128,0.07607769357609317
ITA,hc_i07,1980-1989,1980,1989,0.1379288574185208,0.1364667814185063,0.0911578024440951,0.0971936156827127,-0.010656800838378722,0.17529786254843494,-0.034433711526945965,0.052459772245989966,0.06411292952647552,0.22817917686723277,-0.16406624734075703,0.2688263401963527,0.3377293288724753,1.9490217292284715,2.474809806180977,0.23883597770561193,0.1844303141357999,-0.11175126737768615
ITA,hc_i07,1990-1999,1990,1999,0.1247194538194644,0.1085897885670477,0.0889633328030064,0.0842663176927134,-0.13848947033492376,0.14348618430806526,-0.022014495369655274,0.05641572036485006,-0.05424206157189149,0.19254817603360064,-0.24679023760549224,0.3103093389812374,0.3761988438595262,2.488058835074923,3.4644035026115345,0.3310376463685246,0.14843418221578997,-0.060081677001354805
ITA,hc_i07,2000-2009,2000,2009,0.11222605411222,0.0670252136079836,0.0876060775766679,0.054467534218462,-0.5154463063639461,-0.23666288809001945,-0.13483154185023705,0.012602405834135369,-0.4752455525103598,-0.31746607317164177,-0.1577794793387186,0.3993376837090475,0.2907143909677123,3.5583331060515686,4.337388503795595,0.19798023319230484,0.11437176817888006,-0.046650252325453945
ITA,hc_i07,2010-2019,2010,2019,0.0641694085601737,0.0638827056396016,0.0522992650961936,0.052795656118303,-0.004477917470368631,0.05661251829514535,0.028128169668442116,0.030283852424362333,0.009446597566995951,0.07321725752172914,-0.0637706599547343,0.282727240790164,0.3042044100530124,4.405950547682566,4.76192119615598,0.07769517499209799,-0.015348340981803377,-0.0198135634909109
ITA,hc_i07,2020-2024,2020,2024,0.0534318474866467,0.0771956915556377,0.0447151232151693,0.0637231606809899,0.36793668353413667,0.21775410722028377,0.10753555699627282,0.01457055932099392,0.35423631510260245,0.2867636465381529,0.06747266856445022,0.2740951267435898,0.3651246749886281,5.129808150693073,4.729858203620981,-0.08117303699598288,-0.14956798412860128,0.07607769357609317
ITA,hc_i13,1980-1989,1980,1989,0.1341081273259073,0.1358239230910636,0.0894731028628581,0.0968670834804097,0.012712968847474082,0.17529786254843494,-0.034433711526945965,0.052459772245989966,0.07940171198079593,0.22817917686723277,-0.14877746488643773,0.2688263401963527,0.3377293288724753,2.0045492063508976,2.4865231484003267,0.21546620801975924,0.1844303141357999,-0.11175126737768615
ITA,hc_i13,1990-1999,1990,1999,0.1242238448341809,0.108457727493218,0.0887108755141169,0.0841867708028738,-0.1357246497588971,0.14348618430806526,-0.022014495369655274,0.05641572036485006,-0.05234469933097241,0.19254817603360064,-0.24489287536457272,0.3103093389812374,0.3761988438595262,2.4979853054415693,3.468621854381471,0.32827282579249717,0.14843418221578997,-0.060081677001354805
ITA,hc_i13,2000-2009,2000,2009,0.1121053855407088,0.0669985546054788,0.0875325284176929,0.0544499276274124,-0.5147683251084096,-0.23666288809001945,-0.13483154185023705,0.012602405834135369,-0.4747289574041873,-0.31746607317164177,-0.15726288423254497,0.3993376837090475,0.2907143909677123,3.5621632429428285,4.339114368654439,0.19730225193676754,0.11437176817888006,-0.046650252325453945
ITA,hc_i13,2010-2019,2010,2019,0.0641460518293026,0.0638707443179329,0.0522837492166838,0.0527874860993804,-0.004301122103967714,0.05661251829514535,0.028128169668442116,0.030283852424362333,0.009588556576059837,0.07321725752172914,-0.06362870094567019,0.282727240790164,0.3042044100530124,4.407554833499679,4.762812979581969,0.07751837962569685,-0.015348340981803377,-0.0198135634909109
ITA,hc_i13,2020-2024,2020,2024,0.0534225041787627,0.0771863640397917,0.0447085795430336,0.0637168046845244,0.3679907260611115,0.21775410722028377,0.10753555699627282,0.01457055932099392,0.35428291830266856,0.2867636465381529,0.06751927176451433,0.2740951267435898,0.3651246749886281,5.1307053264746,4.730429779026724,-0.08122707952295705,-0.14956798412860128,0.07607769357609317
ITA,kdrift,1960-1969,1960,1969,0.078370020680719,0.1046645813279062,0.0591133654096075,0.0785871105497497,0.28931930847253895,0.21227783482111007,0.13957183552010755,0.03840472319970887,0.28475065016406154,0.2708549349990581,0.013895715165002764,0.2405773798426854,0.3154173613473771,3.069762873009848,3.013601710775477,-0.018464373473479512,,
ITA,kdrift,1970-1979,1970,1979,0.0877654422346474,0.0682596922682183,0.0660754952746203,0.0540087019736671,-0.25134839150698296,-0.026111390141023483,-0.06199225766768446,-0.13485691764814067,-0.2016527748635113,-0.03297868555448291,-0.16867408930902728,0.2673655714482733,0.2586920137008303,3.046365000172294,3.789820977866863,0.21836970595250027,0.4109373407629038,-0.24495302476484504
ITA,kdrift,1980-1989,1980,1989,0.0672577275344266,0.0745631680645222,0.053797994249126,0.0610784064617231,0.103114740154719,0.17529786254843494,-0.034433711526945965,0.052459772245989966,0.12692220578934243,0.22817917686723277,-0.101256971077891,0.2688263401963527,0.3377293288724753,3.996958417287456,4.529439100283745,0.1250644367125131,0.1844303141357999,-0.11175126737768615
ITA,kdrift,1990-1999,1990,1999,0.069079509010439,0.0727528751743726,0.05650144144102,0.0609632313847735,0.05181028086475603,0.14348618430806526,-0.022014495369655274,0.05641572036485006,0.07600476819650037,0.19254817603360064,-0.11654340783710015,0.3103093389812374,0.3761988438595262,4.4920605752184,5.170913767433384,0.1407378951688436,0.14843418221578997,-0.060081677001354805
ITA,kdrift,2000-2009,2000,2009,0.0761234642124754,0.0491454157822059,0.0639357558601949,0.0420387446065139,-0.4375729789794711,-0.23666288809001945,-0.13483154185023705,0.012602405834135369,-0.4192870808341751,-0.31746607317164177,-0.10182100766253277,0.3993376837090475,0.2907143909677123,5.245921055227046,5.915391829342727,0.12010690580782879,0.11437176817888006,-0.046650252325453945
ITA,kdrift,2010-2019,2010,2019,0.047221826206162,0.0499413829835474,0.0404635077464532,0.0428986853619724,0.05599377204003586,0.05661251829514535,0.028128169668442116,0.030283852424362333,0.05844065658984077,0.07321725752172914,-0.014776600931887707,0.282727240790164,0.3042044100530124,5.987215309205267,6.091229194698686,0.017223485481693723,-0.015348340981803377,-0.0198135634909109
ITA,kdrift,2020-2024,2020,2024,0.0422446566458491,0.0591720568293982,0.0366032194671156,0.0509199727409372,0.33697154155537,0.21775410722028377,0.10753555699627282,0.01457055932099392,0.3301190382367545,0.2867636465381529,0.0433553916986027,0.2740951267435898,0.3651246749886281,6.488279193305315,6.170559121196963,-0.05020789501721734,-0.14956798412860128,0.07607769357609317
ITA,main,1960-1969,1960,1969,0.0549478708489579,0.0773305917966299,0.0447312531360298,0.06210448971323,0.3417046984269416,0.21227783482111007,0.13957183552010755,0.03840472319970887,0.3281458518326743,0.2708549349990581,0.05729091683361687,0.2405773798426854,0.3154173613473771,4.378283928489069,4.078817373813541,-0.07084976342788374,,
ITA,main,1970-1979,1970,1979,0.0652233336952249,0.0534557539160531,0.052432518389816,0.0443013792154119,-0.19896300155257807,-0.026111390141023483,-0.06199225766768446,-0.13485691764814067,-0.16851116870800942,-0.03297868555448291,-0.13553248315352606,0.2673655714482733,0.2586920137008303,4.0992319205518815,4.839367041891881,0.16598431599809604,0.4109373407629038,-0.24495302476484504
ITA,main,1980-1989,1980,1989,0.0529785632747308,0.0618917873828186,0.0442567317041722,0.0523062244843033,0.155500130109123,0.17529786254843494,-0.034433711526945965,0.052459772245989966,0.16710789019403727,0.22817917686723277,-0.061071286673195946,0.2688263401963527,0.3377293288724753,5.074247461228811,5.456771296384149,0.0726790467581091,0.1844303141357999,-0.11175126737768615
ITA,main,1990-1999,1990,1999,0.0576747563954331,0.0640084592959134,0.0486352963560864,0.0547012923496397,0.10419567081916137,0.14348618430806526,-0.022014495369655274,0.05641572036485006,0.11753780550845727,0.19254817603360064,-0.07501037052514392,0.3103093389812374,0.3761988438595262,5.3803320269560535,5.877330090392351,0.08835250521443938,0.14843418221578997,-0.060081677001354805
ITA,main,2000-2009,2000,2009,0.0673648908357595,0.0458298848372106,0.0576412921996476,0.0395888684384962,-0.3851875890250658,-0.23666288809001945,-0.13483154185023705,0.012602405834135369,-0.3756912106268824,-0.31746607317164177,-0.058225137455240716,0.3993376837090475,0.2907143909677123,5.927979378496459,6.343336711413094,0.06772151585342434,0.11437176817888006,-0.046650252325453945
ITA,main,2010-2019,2010,2019,0.0442931313992291,0.0493633763397577,0.0382938675735089,0.0424715071779172,0.10837916199444031,0.05661251829514535,0.028128169668442116,0.030283852424362333,0.10354366396315218,0.07321725752172914,0.030326406441421483,0.282727240790164,0.3042044100530124,6.383094440576945,6.162552738678919,-0.03516190447271006,-0.015348340981803377,-0.0198135634909109
ITA,main,2020-2024,2020,2024,0.0419994816693236,0.0602143811964371,0.0364190117291732,0.0516899542712684,0.36025393709065945,0.21775410722028377,0.10753555699627282,0.01457055932099392,0.3501725159914568,0.2867636465381529,0.06340886945330149,0.2740951267435898,0.3651246749886281,6.526154986902821,6.063745366700409,-0.07349029055250811,-0.14956798412860128,0.07607769357609317
ITA,no_mi,1960-1969,1960,1969,0.1471874102354289,0.1543546214846724,0.1295480847957823,0.1321365170377584,0.04754601774648615,-0.08188084585934541,0.13957183552010755,0.03840472319970887,0.019783484747350588,-0.16344716019434802,0.1832306449416985,1.0809850505503773,0.9179847957056058,7.3442765846706735,5.947245290590553,-0.21099317794083428,,
ITA,no_mi,1970-1979,1970,1979,0.139788308718517,0.1124508445269037,0.119540209724729,0.0979841250552923,-0.21761300905891057,-0.04476139764735432,-0.06199225766768446,-0.13485691764814067,-0.19884732150877626,-0.08025022081479913,-0.11859710069397744,0.8252786469684541,0.7616376079123642,5.903774461069316,6.773071479513372,0.13736278824411108,0.4109373407629038,-0.2735745525188884
ITA,no_mi,1980-1989,1980,1989,0.1099357418623972,0.1155368629156379,0.0964250175450041,0.1022799970449907,0.04969360826972746,0.06949134070903751,-0.034433711526945965,0.052459772245989966,0.05894843548241102,0.12761021057301514,-0.06866177509060423,0.7846030744819502,0.8913954559775643,7.136924363179451,7.71524718157216,0.07791660230328845,0.1844303141357999,-0.10651371183251168
ITA,no_mi,1990-1999,1990,1999,0.1117334765434793,0.1125660719884595,0.098721628714062,0.1003631502231979,0.0074239941588420955,0.046714507647744985,-0.022014495369655274,0.05641572036485006,0.016491051896251996,0.08809994794125446,-0.07160889604500209,0.847728234364904,0.9258016899832988,7.587056812243942,8.224518041974617,0.08067595378241332,0.14843418221578997,-0.06775822843337753
ITA,no_mi,2000-2009,2000,2009,0.1156989876390344,0.0875998077785199,0.1032697089904375,0.0785031869697069,-0.2782130806518457,-0.1296883797167988,-0.13483154185023705,0.012602405834135369,-0.27420487742615185,-0.24026609220522308,-0.0339387852209283,0.9612947880382468,0.7559800757974963,8.30858426382571,8.629928477798186,0.03794698844662259,0.11437176817888006,-0.07642477973225592
ITA,no_mi,2010-2019,2010,2019,0.0863728505979186,0.0892834735716673,0.077493344855513,0.0795504505445672,0.033143007129935675,-0.018623636569357838,0.028128169668442116,0.030283852424362333,0.026199358593036237,-0.03243627778155217,0.05863563637458791,0.7537943317692907,0.7297363346448632,8.727213777837905,8.173252063934404,-0.06557928491148868,-0.015348340981803377,-0.05023094392968286
ITA,no_mi,2020-2024,2020,2024,0.0793427935729386,0.0981201438167614,0.0711029391676487,0.087062445826692,0.21241506050067116,0.06991523063029381,0.10753555699627282,0.01457055932099392,0.20249695484615327,0.12076785375082877,0.08172910109532427,0.6846608625980366,0.7725459415898187,8.629149942504085,7.873469315664089,-0.09164720674984261,-0.14956798412860128,0.05792077737875889
JPN,main,1980-1989,1980,1989,0.0266167305490933,0.0431525358783096,0.0219062147815966,0.0357337007484818,0.4832011986277749,0.446157855136881,-0.013960719949791756,0.09429559048483253,0.4893238655099674,0.5183004166815057,-0.02897655117153719,0.123780886206901,0.2078493155096501,4.650491764140334,4.816618798389654,0.03509921805373173,0.3623826732842135,-0.32728345523048175
JPN,main,1990-1999,1990,1999,0.0429993459002244,0.0215977006935755,0.0356989705577215,0.0182353744905058,-0.6885980443026982,-0.5049886676751443,-0.18479876301951625,0.07094327255386929,-0.6717584914945358,-0.5850638289562122,-0.08669466253832359,0.2102675973872752,0.117133834284619,4.89001851040199,5.42344002014351,0.10353421534648222,0.37392950915889145,-0.2703952938124087
JPN,main,2000-2009,2000,2009,0.0274769337116307,0.0201471231199101,0.0232736087243013,0.0172792722746686,-0.3102853735879898,-0.19873380308912392,-0.044381704601028193,-0.02190863733357604,-0.29781239708163376,-0.2257848097752022,-0.07202758730643177,0.152138463258431,0.1213897251727113,5.536952006913062,6.025164210802352,0.08450056381278603,0.12056277832209883,-0.03606221450931302
JPN,main,2010-2019,2010,2019,0.0302732838914731,0.0323700724060112,0.0259620334349927,0.0276924376061585,0.06696870094176122,0.042065199195969516,0.06667759188989208,-0.03016588671537361,0.06452414699765185,0.0499282415567226,0.014595905440931922,0.1823034909502991,0.1916366387642183,6.021926514607401,5.920179490504651,-0.017040459385039508,0.02982834906045362,-0.04686880844549224
JPN,main,2020-2024,2020,2024,0.0233866679237292,0.0292617484836389,0.0200582594269638,0.0252523240833095,0.22411503744829986,0.2309388051272807,0.04532100295190955,-0.049575661618671926,0.23027718396659846,0.26823879231308867,-0.037961608346489095,0.140936983186493,0.1842975654790837,6.026381511300781,6.2982417329617135,0.04412375486479059,-0.0013897481781279808,0.04551350304291879
JPN,no_mi,1960-1969,1960,1969,0.0988402553894131,0.1628750238212556,0.0914253155106702,0.1413653841335752,0.4994782167157701,-0.0605480289461271,0.3136574995683634,0.262321624666298,0.43582550032215295,-0.12970060768193403,0.5655261080040859,1.218688442779976,1.070445188416817,12.329879541271506,6.572187455773195,-0.6291788243977043,,
JPN,no_mi,1970-1979,1970,1979,0.1644138438891348,0.0955175315856479,0.141748647399807,0.0822024977980827,-0.5430768801965262,-0.31237828968991677,-0.26163682493344287,0.05447070013801207,-0.5448697119708452,-0.5560097953470817,0.011140083376236953,1.0282478687560237,0.5896928092800034,6.254022437729614,6.173660473535602,-0.01293291515055639,0.6531504231456438,-0.6660833382961999
JPN,no_mi,1980-1989,1980,1989,0.0887637429774625,0.0915082141149955,0.0769927782745651,0.0789368265445855,0.030450473183104343,-0.006592870307788656,-0.013960719949791756,0.09429559048483253,0.02493623975938597,-0.010400810254015846,0.03533705001340204,0.5805953338898382,0.5745879668845978,6.540906392796588,6.279086226756988,-0.04085128343711997,0.3623826732842135,-0.40323395672133344
JPN,no_mi,1990-1999,1990,1999,0.0889042127141397,0.056203158018702,0.076734614213848,0.0488816897836463,-0.45858658068330804,-0.2749772040557572,-0.18479876301951625,0.07094327255386929,-0.4509500157945032,-0.4014065673795496,-0.04954344841495262,0.5605797483328542,0.3752396714605913,6.305435155646985,6.676487312967846,0.05718001330375766,0.37392950915889145,-0.31674949585513346
JPN,no_mi,2000-2009,2000,2009,0.0601349905915762,0.043887545206329,0.0523848270757897,0.0384226811853428,-0.3149613067632888,-0.20340973626442493,-0.044381704601028193,-0.02190863733357604,-0.30996904868071695,-0.27555565301337326,-0.03441339566734536,0.4064638219474131,0.3085670843765609,6.759189915036767,7.030857682421985,0.03940565374991478,0.12056277832209883,-0.08115712457218394
JPN,no_mi,2010-2019,2010,2019,0.0532977456651611,0.0518218884126409,0.046628256543105,0.0450836036720776,-0.02808141882230908,-0.052984920568101224,0.06667759188989208,-0.03016588671537361,-0.033688095489760705,-0.07203165371845288,0.03834355822869151,0.3726193884664709,0.3467228781042615,6.991278595673123,6.690664673263525,-0.043950234896145135,0.02982834906045362,-0.07377858395659809
JPN,no_mi,2020-2024,2020,2024,0.0423877819287538,0.0463161854952616,0.0369574101006644,0.0405670252885716,0.0886313200815767,0.09545508776055844,0.04532100295190955,-0.049575661618671926,0.0931893803119146,0.12477451549048091,-0.03158513517856543,0.2884779697580379,0.3268146652219015,6.805686842565075,7.0561653928805566,0.03614319540890509,-0.0013897481781279808,0.03753294358703285
NLD,hc,1980-1989,1980,1989,0.0534683310529428,0.0665834298859502,0.0385137355552594,0.0515830603369558,0.21936621038017945,0.43132480375081284,0.019259584969102406,0.03680064326823146,0.2921783852093469,0.5084884019422695,-0.2163100167329235,0.1377011610292712,0.228966164468841,2.5753779539691144,3.43878596913727,0.28912219156208974,0.13765629858416073,-0.09563983139643417
NLD,hc,1990-1999,1990,1999,0.0643419556904409,0.0730460673318945,0.0498503228560738,0.0569811184033128,0.12687838392285578,0.1270591514607864,0.10384101537092527,0.08951538864674596,0.13369498393689927,0.15750499131148898,-0.02381000737459038,0.221332357852258,0.2590886924097114,3.4399383027323887,3.5469218518295773,0.03062660738863321,0.009698587985766505,-0.15688257287384877
NLD,hc,2000-2009,2000,2009,0.074678107736428,0.0621774163272101,0.0581033084195592,0.0495693669566601,-0.18319512780254144,-0.05466611785637365,-0.058891836366163575,0.015033961534893635,-0.1588495645185044,-0.0684967128212206,-0.09035285169728335,0.2617856809634337,0.2444545603969244,3.505521081056187,3.9315651057367256,0.11469841498132083,0.13798072107850023,-0.08534621422970234
NLD,hc,2010-2019,2010,2019,0.0660637324721699,0.0696845744442262,0.0529962081881879,0.0561151000988819,0.05335906009343239,0.05700837105273959,0.03302573401933384,0.05542013259636404,0.05718457290980794,0.07285098638528886,-0.015666413475481145,0.2679258322921576,0.2881730545168371,4.055566076364581,4.1353923277164215,0.019491926291856476,0.0029930129556439145,-0.0760386311594341
NLD,hc,2020-2024,2020,2024,0.0605504714823453,0.0833226436869371,0.0487520108095253,0.0657784913483703,0.3192430885791988,0.17348081206063037,0.04463134796758006,0.021991765789298574,0.29954646172243615,0.22203792750106532,0.0775085342213715,0.250198506575484,0.3124025425176102,4.132065373734276,3.749311455975644,-0.09720516107813348,-0.04016506922647034,0.029358724772735822
NLD,hc_d07,1980-1989,1980,1989,0.0475741311376318,0.0580217896034784,0.0353582661562304,0.0462912342926378,0.19852947280145905,0.43132480375081284,0.019259584969102406,0.03680064326823146,0.26942041651104276,0.5084884019422695,-0.23906798543122565,0.1377011610292712,0.228966164468841,2.894454564622569,3.94620996755871,0.3099589291408107,0.13765629858416073,-0.09563983139643417
NLD,hc_d07,1990-1999,1990,1999,0.0559754525253274,0.0626039407011869,0.0446766316188808,0.0504207167541012,0.1119149797522736,0.1270591514607864,0.10384101537092527,0.08951538864674596,0.12095155498343013,0.15750499131148898,-0.03655343632805841,0.221332357852258,0.2590886924097114,3.9540968025602097,4.138536480416789,0.04559001155921605,0.009698587985766505,-0.15688257287384877
NLD,hc_d07,2000-2009,2000,2009,0.0640130077645885,0.052821396696647,0.0514357160048601,0.0434358413484681,-0.19216995993835884,-0.05466611785637365,-0.058891836366163575,0.015033961534893635,-0.16904785725026983,-0.0684967128212206,-0.10055114442904811,0.2617856809634337,0.2444545603969244,4.089570074978596,4.627945788726974,0.12367324711713801,0.13798072107850023,-0.08534621422970234
NLD,hc_d07,2010-2019,2010,2019,0.0559414827573013,0.0576899961174729,0.0462787309213912,0.0480672982145594,0.030777587337976087,0.05700837105273959,0.03302573401933384,0.05542013259636404,0.037919594896492104,0.07285098638528886,-0.03493139148879587,0.2679258322921576,0.2881730545168371,4.789394543840344,4.995199755778041,0.04207339904731211,0.0029930129556439145,-0.0760386311594341
NLD,hc_d07,2020-2024,2020,2024,0.0500843857883349,0.0690135776740285,0.0417307773624657,0.0565262347138618,0.3205939645205169,0.17348081206063037,0.04463134796758006,0.021991765789298574,0.3034659387888188,0.22203792750106532,0.08142801128775212,0.250198506575484,0.3124025425176102,4.9955390814387775,4.526682328992992,-0.09855603701945159,-0.04016506922647034,0.029358724772735822
NLD,hc_d13,1980-1989,1980,1989,0.0595436333441043,0.0754163674073199,0.0415687900379445,0.0567305760846105,0.23631494851601165,0.43132480375081284,0.019259584969102406,0.03680064326823146,0.3109636799121289,0.5084884019422695,-0.1975247220301406,0.1377011610292712,0.228966164468841,2.3126093134675245,3.036027487669972,0.2721734534262591,0.13765629858416073,-0.09563983139643417
NLD,hc_d13,1990-1999,1990,1999,0.0729672062319478,0.0837547116095774,0.0548760710926099,0.0632939075381978,0.1378823166324019,0.1270591514607864,0.10384101537092527,0.08951538864674596,0.1427116871194336,0.15750499131148898,-0.014793304192054268,0.221332357852258,0.2590886924097114,3.0333127617451567,3.0934222974517933,0.019622674679086627,0.009698587985766505,-0.15688257287384877
NLD,hc_d13,2000-2009,2000,2009,0.0855783629189014,0.0717067188706643,0.0644948445500285,0.0554433309469186,-0.17684803024329376,-0.05466611785637365,-0.058891836366163575,0.015033961534893635,-0.15122385605835298,-0.0684967128212206,-0.0827271432371317,0.2617856809634337,0.2444545603969244,3.05901716315274,3.4090886355829664,0.10835131742207382,0.13798072107850023,-0.08534621422970234
NLD,hc_d13,2010-2019,2010,2019,0.0764187945244758,0.0821042197872312,0.0594595284236465,0.0638986658019379,0.07176074572847879,0.05700837105273959,0.03302573401933384,0.05542013259636404,0.0720025951428731,0.07285098638528886,-0.000848391242415536,0.2679258322921576,0.2881730545168371,3.506020134959664,3.50984462508288,0.0010902406568100709,0.0029930129556439145,-0.0760386311594341
NLD,hc_d13,2020-2024,2020,2024,0.0713669634245884,0.0978989119832965,0.0555280629716094,0.0745399965751814,0.31610037078951736,0.17348081206063037,0.04463134796758006,0.021991765789298574,0.2944473160169627,0.22203792750106532,0.07240938851589718,0.250198506575484,0.3124025425176102,3.505802889313935,3.191072670663718,-0.09406244328845159,-0.04016506922647034,0.029358724772735822
NLD,hc_hcdep,1980-1989,1980,1989,0.0834620549801052,0.090812708206364,0.0601184935288041,0.0703538014607399,0.08440713683828305,0.29636573020891555,0.019259584969102406,0.03680064326823146,0.15721931166744874,0.37352932840037334,-0.2163100167329235,0.2149463363887211,0.3122854667994018,2.5753779539691144,3.43878596913727,0.28912219156208974,0.13765629858416073,-0.09563983139643417
NLD,hc_hcdep,1990-1999,1990,1999,0.0888898421214065,0.0937693422929899,0.0688693292087151,0.0731467441158826,0.05344008722179305,0.05362085475972367,0.10384101537092527,0.08951538864674596,0.06025668723583699,0.08406669461042604,-0.02381000737459038,0.3057755726372611,0.3325925292106932,3.4399383027323887,3.5469218518295773,0.03062660738863321,0.009698587985766505,-0.15688257287384877
NLD,hc_hcdep,2000-2009,2000,2009,0.0970837496533876,0.0833845666391542,0.0755360201218171,0.0664762292551144,-0.15211076452574845,-0.023581754579580894,-0.058891836366163575,0.015033961534893635,-0.12776520124171054,-0.037412349544427626,-0.09035285169728335,0.3403291310379316,0.3278318525554773,3.505521081056187,3.9315651057367256,0.11469841498132083,0.13798072107850023,-0.08534621422970234
NLD,hc_hcdep,2010-2019,2010,2019,0.0864472038191417,0.0849546953085322,0.0693477924944053,0.0684117147751813,-0.017415749092651645,-0.013766438133345549,0.03302573401933384,0.05542013259636404,-0.013590236276276091,0.0020761771992039435,-0.015666413475481145,0.350592347205486,0.3513209951823903,4.055566076364581,4.1353923277164215,0.019491926291856476,0.0029930129556439145,-0.0760386311594341
NLD,hc_hcdep,2020-2024,2020,2024,0.0763114864486199,0.1062195412034784,0.0614419396109706,0.0838542905375463,0.3306846254882916,0.18492234896972293,0.04463134796758006,0.021991765789298574,0.31098799863153026,0.23347946441015743,0.0775085342213715,0.3153240507725351,0.3982501426826788,4.132065373734276,3.749311455975644,-0.09720516107813348,-0.04016506922647034,0.029358724772735822
NLD,hc_i07,1980-1989,1980,1989,0.0549414193805721,0.0672220295095716,0.0392721963192428,0.0519655090159996,0.20173349845410238,0.43132480375081284,0.019259584969102406,0.03680064326823146,0.28006341464922757,0.5084884019422695,-0.2284249872930415,0.1377011610292712,0.228966164468841,2.506326967554896,3.406117996426143,0.3067549034881685,0.13765629858416073,-0.09563983139643417
NLD,hc_i07,1990-1999,1990,1999,0.0648927533299065,0.0732859530250443,0.0501803145178695,0.0571269860744702,0.12163299530142258,0.1270591514607864,0.10384101537092527,0.08951538864674596,0.12965380706600538,0.15750499131148898,-0.027851184245483163,0.221332357852258,0.2590886924097114,3.410740745226702,3.535311771427356,0.035871996010067075,0.009698587985766505,-0.15688257287384877
NLD,hc_i07,2000-2009,2000,2009,0.074896698947817,0.062248429348646,0.058235549306548,0.0496144900460399,-0.18497651307966034,-0.05466611785637365,-0.058891836366163575,0.015033961534893635,-0.16021305200257485,-0.0684967128212206,-0.09171633918135513,0.2617856809634337,0.2444545603969244,3.495289974606599,3.92707997542819,0.11647980025843996,0.13798072107850023,-0.08534621422970234
NLD,hc_i07,2010-2019,2010,2019,0.0661329000396658,0.0697186548934674,0.0530407098217129,0.0561371979545421,0.05280157314455147,0.05700837105273959,0.03302573401933384,0.05542013259636404,0.05673892939106828,0.07285098638528886,-0.016112056994221025,0.2679258322921576,0.2881730545168371,4.051324410867488,4.133370831051972,0.02004941324073739,0.0029930129556439145,-0.0760386311594341
NLD,hc_i07,2020-2024,2020,2024,0.0605775308557303,0.0833479173744516,0.0487695508231991,0.06579424142281,0.31909957601347605,0.17348081206063037,0.04463134796758006,0.021991765789298574,0.2994261585558644,0.22203792750106532,0.0773882310547993,0.250198506575484,0.3124025425176102,4.130219621716662,3.748174547830631,-0.09706164851241073,-0.04016506922647034,0.029358724772735822
NLD,hc_i13,1980-1989,1980,1989,0.0520721729090252,0.0659568492926414,0.0377840158998373,0.0512061999176472,0.23637003277016477,0.43132480375081284,0.019259584969102406,0.03680064326823146,0.30397446345348333,0.5084884019422695,-0.20451393848878574,0.1377011610292712,0.228966164468841,2.644428940383333,3.471453941848398,0.2721183691721032,0.13765629858416073,-0.09563983139643417
NLD,hc_i13,1990-1999,1990,1999,0.0638004294928561,0.0728077469427734,0.0495246429676603,0.0568359937500459,0.13206244139911893,0.1270591514607864,0.10384101537092527,0.08951538864674596,0.1376994343860498,0.15750499131148898,-0.01980555692543806,0.221332357852258,0.2590886924097114,3.469135860238074,3.558531932231797,0.025442549912369605,0.009698587985766505,-0.15688257287384877
NLD,hc_i13,2000-2009,2000,2009,0.0744607887591632,0.0621065651444885,0.0579716667552627,0.0495243258692562,-0.18142095918289014,-0.05466611785637365,-0.058891836366163575,0.015033961534893635,-0.15749040640597434,-0.0684967128212206,-0.08899369358475506,0.2617856809634337,0.2444545603969244,3.515752187505775,3.93605023604526,0.11292424636167042,0.13798072107850023,-0.08534621422970234
NLD,hc_i13,2010-2019,2010,2019,0.065994709436486,0.0696505272976796,0.0529517811666058,0.056093019633583,0.05391569211434444,0.05700837105273959,0.03302573401933384,0.05542013259636404,0.05762966744476783,0.07285098638528886,-0.015221318940521922,0.2679258322921576,0.2881730545168371,4.0598077418616745,4.137413824380871,0.01893529427094398,0.0029930129556439145,-0.0760386311594341
NLD,hc_i13,2020-2024,2020,2024,0.0605234362724663,0.0832973853223165,0.0487344834078796,0.0657627488127508,0.31938649356215576,0.17348081206063037,0.04463134796758006,0.021991765789298574,0.2996666928448142,0.22203792750106532,0.07762876534375063,0.250198506575484,0.3124025425176102,4.133911125751892,3.7504483641206585,-0.0973485660610911,-0.04016506922647034,0.029358724772735822
NLD,kdrift,1960-1969,1960,1969,0.0710548786225574,0.0555560746380947,0.0603634740129251,0.0451520893690267,-0.24605965229616134,-0.3878489225341084,0.05846240452735363,0.11547127639067736,-0.29034763216832626,-0.5091561050262048,0.21880847285787897,0.4011745393453779,0.2411069202980802,5.645981628881691,4.33988401572118,-0.2630964527300428,,
NLD,kdrift,1970-1979,1970,1979,0.0484431663113052,0.0279776003617192,0.0393507990792917,0.0228273345736088,-0.548987079249212,-0.45171833365638747,-0.026095296601748474,-0.03512049500572671,-0.5445575789485053,-0.5251576850342639,-0.019399893914241684,0.2096568754470285,0.1240040942154944,4.327893723951332,4.4322634040181885,0.023829394214945898,0.3796921965774356,-0.37312197730888563
NLD,kdrift,1980-1989,1980,1989,0.0291856097610069,0.0457361279348814,0.0240815514040253,0.0381213629463112,0.44921275980814857,0.43132480375081284,0.019259584969102406,0.03680064326823146,0.45932878680459455,0.5084884019422695,-0.049159615137678525,0.1377011610292712,0.228966164468841,4.718118352053247,5.006242872042873,0.05927564213412184,0.13765629858416073,-0.09563983139643417
NLD,kdrift,1990-1999,1990,1999,0.0451584498375729,0.0601960787975245,0.0375060823528898,0.0488470630305124,0.28742980125317574,0.1270591514607864,0.10384101537092527,0.08951538864674596,0.2641911385799549,0.15750499131148898,0.10668614726846459,0.221332357852258,0.2590886924097114,4.901239051569571,4.304079228834516,-0.12992480994168742,0.009698587985766505,-0.15688257287384877
NLD,kdrift,2000-2009,2000,2009,0.0612055130013041,0.0532952320695489,0.0496073180915018,0.0437557400758915,-0.13839039461641045,-0.05466611785637365,-0.058891836366163575,0.015033961534893635,-0.12551555908289025,-0.0684967128212206,-0.057018846261669864,0.2617856809634337,0.2444545603969244,4.2771585127937,4.586799811246108,0.06989368179519118,0.13798072107850023,-0.08534621422970234
NLD,kdrift,2010-2019,2010,2019,0.0569646648615751,0.0647846433894019,0.0469767671815266,0.0528935582990665,0.1286374296426871,0.05700837105273959,0.03302573401933384,0.05542013259636404,0.11862839595602903,0.07285098638528886,0.04577740957074017,0.2679258322921576,0.2881730545168371,4.703368885663083,4.448169187020317,-0.05578644325739757,0.0029930129556439145,-0.0760386311594341
NLD,kdrift,2020-2024,2020,2024,0.0556669746912897,0.0697251151251641,0.0455356841041772,0.0570026869470861,0.22517352753418196,0.17348081206063037,0.04463134796758006,0.021991765789298574,0.2246021215392089,0.22203792750106532,0.0025641940381422312,0.250198506575484,0.3124025425176102,4.494559080370371,4.48048801291778,-0.0031356000331168588,-0.04016506922647034,0.029358724772735822
NLD,main,1960-1969,1960,1969,0.0632107046643014,0.050283308700692,0.0546066561168969,0.0416062465267927,-0.22880047734976872,-0.3878489225341084,0.05846240452735363,0.11547127639067736,-0.2719054693348357,-0.5091561050262048,0.23725063569136906,0.4011745393453779,0.2411069202980802,6.346623431520506,4.794969275654728,-0.28035562767643585,,
NLD,main,1970-1979,1970,1979,0.0439296412177728,0.0258125649390549,0.036319562405605,0.0213652056634379,-0.5317279043028167,-0.45171833365638747,-0.026095296601748474,-0.03512049500572671,-0.5305928101222435,-0.5251576850342639,-0.005435125087976944,0.2096568754470285,0.1240040942154944,4.772560613634295,4.804020619735998,0.006570219268553057,0.3796921965774356,-0.37312197730888563
NLD,main,1980-1989,1980,1989,0.0269787802700142,0.0430138680221036,0.0225589670303743,0.0362111890707194,0.46647193475454296,0.43132480375081284,0.019259584969102406,0.03680064326823146,0.4732355235036505,0.5084884019422695,-0.03525287843862057,0.1377011610292712,0.228966164468841,5.104054358688702,5.323077765319353,0.04201646718772922,0.13765629858416073,-0.09563983139643417
NLD,main,1990-1999,1990,1999,0.0425520972734123,0.0577092873380294,0.0356904540534521,0.0471967144746698,0.3046889761995675,0.1270591514607864,0.10384101537092527,0.08951538864674596,0.27944102201235266,0.15750499131148898,0.12193603070086478,0.221332357852258,0.2590886924097114,5.201444159852315,4.489549331845174,-0.14718398488808004,0.009698587985766505,-0.15688257287384877
NLD,main,2000-2009,2000,2009,0.0587896523498556,0.0520827937192096,0.0480083386795389,0.0429351522367966,-0.12113121967001916,-0.05466611785637365,-0.058891836366163575,0.015033961534893635,-0.11168382844164437,-0.0684967128212206,-0.0431871156204251,0.2617856809634337,0.2444545603969244,4.45292105837868,4.693576187844983,0.05263450684879878,0.13798072107850023,-0.08534621422970234
NLD,main,2010-2019,2010,2019,0.0557756064684914,0.0645366460535415,0.0461651509547972,0.0527281285188528,0.14589660458908016,0.05700837105273959,0.03302573401933384,0.05542013259636404,0.1329238560240551,0.07285098638528886,0.06007286963876646,0.2679258322921576,0.2881730545168371,4.803638171886368,4.465262329835987,-0.07304561820379041,0.0029930129556439145,-0.0760386311594341
NLD,main,2020-2024,2020,2024,0.0555603252002156,0.0701274038642514,0.0454642971691488,0.0572712789536266,0.23284427195480095,0.17348081206063037,0.04463134796758006,0.021991765789298574,0.2308719178210077,0.22203792750106532,0.00883399031994303,0.250198506575484,0.3124025425176102,4.50318650356843,4.454785508990764,-0.010806344453735406,-0.04016506922647034,0.029358724772735822
NLD,no_mi,1960-1969,1960,1969,0.0992696499053405,0.0890466926625153,0.0885146622911112,0.0761220431672892,-0.10867901508804945,-0.26772746027238914,0.05846240452735363,0.11547127639067736,-0.1508303304302827,-0.44327603609740995,0.292445705667127,0.8169995031424064,0.5244564802522543,8.230103600863544,5.889679499270467,-0.33459702100936006,,
NLD,no_mi,1970-1979,1970,1979,0.0823095133248974,0.0620807303469665,0.0702808565850664,0.0529748419630576,-0.2820510538423697,-0.20204148319593895,-0.026095296601748474,-0.03512049500572671,-0.2826823305078099,-0.2863627992121325,0.0036804687043230366,0.4809167994975142,0.3611637591443863,5.8427851176717365,5.817646750060081,-0.004311745369763864,0.3796921965774356,-0.38400394194719834
NLD,no_mi,1980-1989,1980,1989,0.0613513501309517,0.0768705094313472,0.0528185135421138,0.0666119609880175,0.22550513258010207,0.19035800157637284,0.019259584969102406,0.03680064326823146,0.23202239131453117,0.2733380202966311,-0.041315628982099506,0.3797666911795335,0.4991442408891082,6.190029891256477,6.493312514533184,0.04783288771652994,0.13765629858416073,-0.0898234108676288
NLD,no_mi,1990-1999,1990,1999,0.0765480318427029,0.0935530610412689,0.0660889091785058,0.0788216340336531,0.20061036206505545,0.02298053732627392,0.10384101537092527,0.08951538864674596,0.17618655850322407,0.0342883969508051,0.14189816155241886,0.4836902756254412,0.5005628535722122,6.318781345278311,5.350576966705552,-0.16632196511425112,0.009698587985766505,-0.1760205531000203
NLD,no_mi,2000-2009,2000,2009,0.0934295755409024,0.085511558100411,0.0785167505225885,0.0724902508417867,-0.08855640045648583,-0.02209129864284054,-0.058891836366163575,0.015033961534893635,-0.0798599028081175,-0.03278175668131422,-0.04707814612680217,0.4919112686675749,0.4760470030737705,5.265048736652148,5.567048638206045,0.05577464377517116,0.13798072107850023,-0.08220607730333107
NLD,no_mi,2010-2019,2010,2019,0.0886891112040764,0.1014992066644301,0.0754632652785999,0.0855098521665667,0.13491386037613173,0.04602562683979183,0.03302573401933384,0.05542013259636404,0.12498561407404196,0.07014925735135336,0.05483635672268883,0.5060371914075025,0.5428100401463383,5.705742052630282,5.347923968912786,-0.06476460302477816,0.0029930129556439145,-0.06775761598042385
NLD,no_mi,2020-2024,2020,2024,0.0925866986658868,0.1084587311691566,0.0781296900515537,0.0914378981966705,0.15822425432063492,0.09886079442646489,0.04463134796758006,0.021991765789298574,0.1572898947071013,0.15225540846104635,0.005034486246054737,0.5003642359658406,0.5826529427329715,5.404277754534492,5.372116531810077,-0.0059688458595887894,-0.04016506922647034,0.03419622336688022
SWE,hc,1980-1989,1980,1989,0.0750880976439677,0.08479286941235,0.0564658464370123,0.0656034914385968,0.12154939269883291,0.19211588990426787,-0.030537209062007964,0.05758815504564663,0.14999295014761405,0.24154261460484538,-0.09154966445723178,0.2276799374947793,0.2898847628180407,3.0321708052097684,3.418739863706267,0.11999322190601269,0.13975323848099275,-0.06931664820509931
SWE,hc,1990-1999,1990,1999,0.0720906640861915,0.0766939956827707,0.055528690483622,0.0621396357069119,0.06189887188532017,0.236831423868199,0.021687282049332346,0.007653907957756808,0.11248420865769093,0.3036017978698111,-0.1911175892121193,0.2417042961703447,0.3274439384857692,3.352782211596265,4.2694859691516776,0.24170292598449095,0.16316415981055143,-0.09024160380457347
SWE,hc,2000-2009,2000,2009,0.0721282304457267,0.0424443861610186,0.0580649222220832,0.0349881137873367,-0.5302508552676857,-0.3232442342981394,-0.016069864338569717,-0.0017289581879092967,-0.5065533354653029,-0.40229064625960653,-0.10426268920569481,0.2978047571912319,0.1991677527603612,4.128823837087153,4.692440409075324,0.1279602090080798,0.14497253921813485,-0.17239364889903852
SWE,hc,2010-2019,2010,2019,0.0566486505624015,0.0458346514033372,0.0468054855122555,0.0381049092358392,-0.2118277806635489,-0.14097640424986357,0.0017775772260242295,0.0027732080150162297,-0.20565728268876882,-0.17578325982552268,-0.029874022863245697,0.2693714450260072,0.225948704851282,4.755125538767775,4.929648157743614,0.03604452083802756,0.0708154566523701,-0.10708408711318751
SWE,hc,2020-2024,2020,2024,0.0451501786054191,0.0428599920210219,0.0377459018895286,0.0357347590319723,-0.05205543179673722,-0.05594720834602729,-0.013858304857101489,-0.02308085516700723,-0.05475305312878653,-0.06839314291303156,0.013640089784244802,0.2301688979664061,0.2149531796837097,5.097851328073813,5.015240776953006,-0.01633771111629323,0.021750740362367016,0.03255566963920664
SWE,hc_d07,1980-1989,1980,1989,0.0671672310284644,0.0762691585556921,0.0518662975088147,0.0603824393175936,0.12708314858163128,0.19211588990426787,-0.030537209062007964,0.05758815504564663,0.15202911728127955,0.24154261460484538,-0.08951349732356584,0.2276799374947793,0.2898847628180407,3.3897472622965807,3.800812390061511,0.11445946602321344,0.13975323848099275,-0.06931664820509931
SWE,hc_d07,1990-1999,1990,1999,0.0649257512426217,0.0672835391804144,0.0511783927890596,0.0558146780020424,0.03567128962112598,0.236831423868199,0.021687282049332346,0.007653907957756808,0.08671945429511307,0.3036017978698111,-0.21688234357469738,0.2417042961703447,0.3274439384857692,3.722780122591377,4.8666277439383725,0.26793050824868603,0.16316415981055143,-0.09024160380457347
SWE,hc_d07,2000-2009,2000,2009,0.0631998489277215,0.0367290623343197,0.0521356662641609,0.0310103585043554,-0.5427335798655939,-0.3232442342981394,-0.016069864338569717,-0.0017289581879092967,-0.5195279937816046,-0.40229064625960653,-0.11723734752199944,0.2978047571912319,0.1991677527603612,4.712111852226358,5.42262012973465,0.14044293360598514,0.14497253921813485,-0.17239364889903852
SWE,hc_d07,2010-2019,2010,2019,0.0489200694416105,0.0391187475528346,0.0414012601570624,0.0333455890747829,-0.22358590117770794,-0.14097640424986357,0.0017775772260242295,0.0027732080150162297,-0.21638581695581838,-0.17578325982552268,-0.0406025571302957,0.2693714450260072,0.225948704851282,5.50635859884706,5.775969809516791,0.047802641352182595,0.0708154566523701,-0.10708408711318751
SWE,hc_d07,2020-2024,2020,2024,0.0384937471179864,0.0365546880170136,0.0329783969407482,0.0312417519715646,-0.05168637449339952,-0.05594720834602729,-0.013858304857101489,-0.02308085516700723,-0.054097304503212484,-0.06839314291303156,0.014295838409818185,0.2301688979664061,0.2149531796837097,5.979384061024764,5.880317719676995,-0.0167067684196327,0.021750740362367016,0.03255566963920664
SWE,hc_d13,1980-1989,1980,1989,0.083222042226138,0.0932980268588519,0.0609452194201006,0.0705816574125756,0.11428671593680262,0.19211588990426787,-0.030537209062007964,0.05758815504564663,0.1467948823242331,0.24154261460484538,-0.09474773228061228,0.2276799374947793,0.2898847628180407,2.7358129097109622,3.107083531965789,0.127255898668043,0.13975323848099275,-0.06931664820509931
SWE,hc_d13,1990-1999,1990,1999,0.0792243522475838,0.0863880961289711,0.0596670518320856,0.068354443514968,0.08656616060064959,0.236831423868199,0.021687282049332346,0.007653907957756808,0.13592659981058564,0.3036017978698111,-0.1676751980592257,0.2417042961703447,0.3274439384857692,3.05088384206658,3.7903826239777194,0.21703563726916153,0.16316415981055143,-0.09024160380457347
SWE,hc_d13,2000-2009,2000,2009,0.0813134038682495,0.048298120233825,0.0638732748325854,0.0388717359413298,-0.5209182308456559,-0.3232442342981394,-0.016069864338569717,-0.0017289581879092967,-0.49663363561699647,-0.40229064625960653,-0.09434298935738994,0.2978047571912319,0.1991677527603612,3.662431321578406,4.1237164468541,0.11862758458604894,0.14497253921813485,-0.17239364889903852
SWE,hc_d13,2010-2019,2010,2019,0.0645744283431327,0.0526967709152983,0.0520878036282554,0.0427308826938593,-0.203264305623716,-0.14097640424986357,0.0017775772260242295,0.0027732080150162297,-0.19800891901128992,-0.17578325982552268,-0.022225659185766578,0.2693714450260072,0.225948704851282,4.171487877440173,4.287714425888797,0.02748104579819244,0.0708154566523701,-0.10708408711318751
SWE,hc_d13,2020-2024,2020,2024,0.0519495078579757,0.0492448400173542,0.0423834841212407,0.0400659132749103,-0.05346765321367197,-0.05594720834602729,-0.013858304857101489,-0.02308085516700723,-0.05623283110934141,-0.06839314291303156,0.012160311803690593,0.2301688979664061,0.2149531796837097,4.430627111919187,4.364988892398856,-0.014925489699358696,0.021750740362367016,0.03255566963920664
SWE,hc_hcdep,1980-1989,1980,1989,0.1110203097012093,0.1253736353821925,0.0834866770590193,0.0970004703511481,0.12158520707679532,0.19215170428223027,-0.030537209062007964,0.05758815504564663,0.150028764525576,0.2415784289828079,-0.09154966445723178,0.3366325418613538,0.4286198451388761,3.0321708052097684,3.418739863706267,0.11999322190601269,0.13975323848099275,-0.06931664820509931
SWE,hc_hcdep,1990-1999,1990,1999,0.1121679091078414,0.1049442301233304,0.0863986645982001,0.0850287714357679,-0.06656786972760909,0.1083646822552693,0.021687282049332346,0.007653907957756808,-0.015982532955237883,0.17513505625688164,-0.1911175892121193,0.3760745703687175,0.4480579180549841,3.352782211596265,4.2694859691516776,0.24170292598449095,0.16316415981055143,-0.09024160380457347
SWE,hc_hcdep,2000-2009,2000,2009,0.102412732254179,0.0680395002002557,0.0824446585773996,0.0560868937062497,-0.4089226214703161,-0.20191600050077052,-0.016069864338569717,-0.0017289581879092967,-0.3852251016679329,-0.2809624124622373,-0.10426268920569481,0.4228441301522789,0.3192713001529685,4.128823837087153,4.692440409075324,0.1279602090080798,0.14497253921813485,-0.17239364889903852
SWE,hc_hcdep,2010-2019,2010,2019,0.0793531535804321,0.0643365575583709,0.0655648959575719,0.0534865786309782,-0.20978017237868318,-0.13892879596499608,0.0017775772260242295,0.0027732080150162297,-0.20360967440390176,-0.1737356515406554,-0.029874022863245697,0.3773342071720743,0.3171565924431891,4.755125538767775,4.929648157743614,0.03604452083802756,0.0708154566523701,-0.10708408711318751
SWE,hc_hcdep,2020-2024,2020,2024,0.06278650675273,0.0667824861014994,0.0524900099418503,0.0556802728106579,0.06170067229406362,0.05780889574477621,-0.013858304857101489,-0.02308085516700723,0.05900305096201741,0.04536296117777194,0.013640089784244802,0.32007627683452,0.3349302474825376,5.097851328073813,5.015240776953006,-0.01633771111629323,0.021750740362367016,0.03255566963920664
SWE,hc_i07,1980-1989,1980,1989,0.0772063699856371,0.0854003513520645,0.0576553982951752,0.0659665402690321,0.1008682485847947,0.19211588990426787,-0.030537209062007964,0.05758815504564663,0.13466376640559075,0.24154261460484538,-0.10687884819925353,0.2276799374947793,0.2898847628180407,2.9489786598843484,3.39442119650053,0.14067436602005023,0.13975323848099275,-0.06931664820509931
SWE,hc_i07,1990-1999,1990,1999,0.0725294710403414,0.0768644577478389,0.0557886725701863,0.0622514917053143,0.05805060536413853,0.236831423868199,0.021687282049332346,0.007653907957756808,0.1096116499497124,0.3036017978698111,-0.1939901479200996,0.2417042961703447,0.3274439384857692,3.3324977102880955,4.260017543608773,0.24555119250567303,0.16316415981055143,-0.09024160380457347
SWE,hc_i07,2000-2009,2000,2009,0.0722712571804344,0.0424763121107614,0.058157576715872,0.0350098051576811,-0.5314799423027878,-0.3232442342981394,-0.016069864338569717,-0.0017289581879092967,-0.5075279969188009,-0.40229064625960653,-0.10523735065919348,0.2978047571912319,0.1991677527603612,4.120652785210643,4.688913487616588,0.12918929604318086,0.14497253921813485,-0.17239364889903852
SWE,hc_i07,2010-2019,2010,2019,0.056687267199207,0.045847516267162,0.0468318450251333,0.0381138004001129,-0.21222859472844524,-0.14097640424986357,0.0017775772260242295,0.0027732080150162297,-0.2059869890033399,-0.17578325982552268,-0.030203729177816774,0.2693714450260072,0.225948704851282,4.751886240686078,4.928264893012676,0.036445334902923676,0.0708154566523701,-0.10708408711318751
SWE,hc_i07,2020-2024,2020,2024,0.0451616731730243,0.0428671648343444,0.0377539352115387,0.0357397450631472,-0.052142644087107115,-0.05594720834602729,-0.013858304857101489,-0.02308085516700723,-0.05482633766648215,-0.06839314291303156,0.01356680524654763,0.2301688979664061,0.2149531796837097,5.0965538208599614,5.014401594189244,-0.016250498825923554,0.021750740362367016,0.03255566963920664
SWE,hc_i13,1980-1989,1980,1989,0.0730829573021872,0.0841939688841872,0.0553243882086197,0.0652444168361062,0.1415280928960927,0.19211588990426787,-0.030537209062007964,0.05758815504564663,0.1649266490718122,0.24154261460484538,-0.07661596553303207,0.2276799374947793,0.2898847628180407,3.115362950535189,3.4430585309120048,0.10001452170875313,0.13975323848099275,-0.06931664820509931
SWE,hc_i13,1990-1999,1990,1999,0.0716571348101861,0.076524288011053,0.0552711202546035,0.0620281809622857,0.06571545281830904,0.236831423868199,0.021687282049332346,0.007653907957756808,0.11533827902256721,0.3036017978698111,-0.1882635188472428,0.2417042961703447,0.3274439384857692,3.373066712904436,4.278954394694582,0.23788634505150297,0.16316415981055143,-0.09024160380457347
SWE,hc_i13,2000-2009,2000,2009,0.0719857687002928,0.0424125081674514,0.0579725624861019,0.0349664492794215,-0.5290251198568416,-0.3232442342981394,-0.016069864338569717,-0.0017289581879092967,-0.5055808283037799,-0.40229064625960653,-0.10329018204417295,0.2978047571912319,0.1991677527603612,4.136994888963662,4.695967330534062,0.126734473597234,0.14497253921813485,-0.17239364889903852
SWE,hc_i13,2010-2019,2010,2019,0.0566100865028161,0.0458217937572771,0.0467791556558243,0.0380960222188489,-0.2114273519257508,-0.14097640424986357,0.0017775772260242295,0.0027732080150162297,-0.20532783876011473,-0.17578325982552268,-0.029544578934591392,0.2693714450260072,0.225948704851282,4.7583648368494735,4.931031422474555,0.035644092100227454,0.0708154566523701,-0.10708408711318751
SWE,hc_i13,2020-2024,2020,2024,0.0451386898875292,0.0428528216077016,0.0377378719854686,0.0357297743918,-0.05196825628884527,-0.05594720834602729,-0.013858304857101489,-0.02308085516700723,-0.054679794403987625,-0.06839314291303156,0.013713348509044376,0.2301688979664061,0.2149531796837097,5.099148835287668,5.0160799597167705,-0.01642488662418451,0.021750740362367016,0.03255566963920664
SWE,kdrift,1960-1969,1960,1969,0.1207969789452787,0.0808255810274734,0.0862491275308044,0.0582369685728675,-0.4018177641613492,-0.29534723017837905,0.01825024388670493,0.044318325136105126,-0.3927195883449155,-0.36963789754175447,-0.023081690803161248,0.3015711141452415,0.208380963268107,2.4965120550063915,2.57815608151677,0.03217986661959471,,
SWE,kdrift,1970-1979,1970,1979,0.0929133679485682,0.0656927066125935,0.0671523369362415,0.0502410223731957,-0.34667962271155517,-0.10237224379070797,-0.11453465878358404,-0.02371834643016813,-0.2901318523569172,-0.12566656052390734,-0.1644652918330094,0.2422010899865654,0.213599287400901,2.606741046354434,3.251491655847731,0.2210130621876475,0.34906928835822865,-0.2603901046476742
SWE,kdrift,1980-1989,1980,1989,0.0673864763738623,0.0700505060137942,0.051996933597548,0.0564172952181018,0.03877214585186195,0.19211588990426787,-0.030537209062007964,0.05758815504564663,0.08159101673412739,0.24154261460484538,-0.1599515978707189,0.2276799374947793,0.2898847628180407,3.378718546308962,4.138225108052141,0.2027704687529832,0.13975323848099275,-0.06931664820509931
SWE,kdrift,1990-1999,1990,1999,0.0581239777281061,0.0641307289381332,0.0468562052028185,0.0536276225416103,0.09834536338674305,0.236831423868199,0.021687282049332346,0.007653907957756808,0.13498083304406405,0.3036017978698111,-0.1686209648257475,0.2417042961703447,0.3274439384857692,4.158426618718273,5.105882061650254,0.20525643448306918,0.16316415981055143,-0.09024160380457347
SWE,kdrift,2000-2009,2000,2009,0.0601018726888786,0.0361919813833806,0.0500091982337555,0.0306266304484794,-0.5072034150557947,-0.3232442342981394,-0.016069864338569717,-0.0017289581879092967,-0.49033704660207045,-0.40229064625960653,-0.08804640034246347,0.2978047571912319,0.1991677527603612,4.954999634251637,5.503090605915791,0.10491276879618705,0.14497253921813485,-0.17239364889903852
SWE,kdrift,2010-2019,2010,2019,0.0486882782043914,0.0370989919958206,0.0412351231477512,0.0318667271875643,-0.27184850784179604,-0.14097640424986357,0.0017775772260242295,0.0027732080150162297,-0.25772796618809224,-0.17578325982552268,-0.08194470636257023,0.2693714450260072,0.225948704851282,5.532572827800498,6.090427062728181,0.09606524801627336,0.0708154566523701,-0.10708408711318751
SWE,kdrift,2020-2024,2020,2024,0.0365085754908741,0.0304483732149731,0.0315104927241031,0.0266704695281897,-0.18151461001553448,-0.05594720834602729,-0.013858304857101489,-0.02308085516700723,-0.16676364957236478,-0.06839314291303156,-0.09837050665933211,0.2301688979664061,0.2149531796837097,6.304515990330556,7.059594881016681,0.11312146710250293,0.021750740362367016,0.03255566963920664
SWE,main,1960-1969,1960,1969,0.0492634120123245,0.0376260929060264,0.0423459521212587,0.0318712869691966,-0.2694838856842585,-0.29534723017837905,0.01825024388670493,0.044318325136105126,-0.28416732552498924,-0.36963789754175447,0.08547057201676433,0.3015711141452415,0.208380963268107,6.121604286560485,5.538203602179785,-0.10015401185749595,,
SWE,main,1970-1979,1970,1979,0.0438939085715128,0.0354254259431654,0.0371595188778978,0.0303859228898248,-0.2143457442344645,-0.10237224379070797,-0.11453465878358404,-0.02371834643016813,-0.20124052821937433,-0.12566656052390734,-0.07557396769546632,0.2422010899865654,0.213599287400901,5.517874754579363,6.029547470892446,0.0886791837105565,0.34906928835822865,-0.2603901046476742
SWE,main,1980-1989,1980,1989,0.0368770724542298,0.0437589445847404,0.0317367116939663,0.0380197527801764,0.1711060243289526,0.19211588990426787,-0.030537209062007964,0.05758815504564663,0.1806317262696453,0.24154261460484538,-0.060910888335200974,0.2276799374947793,0.2898847628180407,6.174024192873919,6.624583055395011,0.07043659027589277,0.13975323848099275,-0.06931664820509931
SWE,main,1990-1999,1990,1999,0.0368465349772914,0.0464065598636392,0.0319724976813367,0.0406460518319908,0.23067924186383326,0.236831423868199,0.021687282049332346,0.007653907957756808,0.2400256195677235,0.3036017978698111,-0.0635761783020885,0.2417042961703447,0.3274439384857692,6.559756468805198,7.0559838834838935,0.0729225560059783,0.16316415981055143,-0.09024160380457347
SWE,main,2000-2009,2000,2009,0.0441353898175932,0.030337737943805,0.0384386833869773,0.0263274707352816,-0.37486953657870314,-0.3232442342981394,-0.016069864338569717,-0.0017289581879092967,-0.37845142368894713,-0.40229064625960653,0.023839222570659402,0.2978047571912319,0.1991677527603612,6.747527515266695,6.565016585260314,-0.02742110968090361,0.14497253921813485,-0.17239364889903852
SWE,main,2010-2019,2010,2019,0.0414172267822443,0.0360238878852215,0.035897763462197,0.0310702380212746,-0.13951462936470715,-0.14097640424986357,0.0017775772260242295,0.0027732080150162297,-0.14442461026776776,-0.17578325982552268,0.03135864955775425,0.2693714450260072,0.225948704851282,6.5038503529523535,6.272190985359334,-0.03626863046081752,0.0708154566523701,-0.10708408711318751
SWE,main,2020-2024,2020,2024,0.0359756893199812,0.031821554058309,0.0311127302974288,0.0277181708337343,-0.12269955291460377,-0.05594720834602729,-0.013858304857101489,-0.02308085516700723,-0.11552888484779222,-0.06839314291303156,-0.04713574193476289,0.2301688979664061,0.2149531796837097,6.397900980275814,6.754955439631736,0.05430641000157377,0.021750740362367016,0.03255566963920664
SWE,no_mi,1960-1969,1960,1969,0.0793253568863311,0.05893052355774,0.069995395774502,0.0508346248828564,-0.2971986532877553,-0.32306199778187483,0.01825024388670493,0.044318325136105126,-0.31985175064794813,-0.4751771541761728,0.15532540352822388,0.5951160657221491,0.3700282302818108,7.502217312112668,6.279058931476448,-0.17797850088841805,,
SWE,no_mi,1970-1979,1970,1979,0.062434163045037,0.0482134756743059,0.0536980793982869,0.0418134331552295,-0.2584740499694953,-0.14650054952573943,-0.11453465878358404,-0.02371834643016813,-0.25015958022691986,-0.19747627024044423,-0.05268330998647475,0.3837640274432552,0.3149933670409127,6.14669931855138,6.533305525798871,0.06099777972905085,0.34906928835822865,-0.28807150862918474
SWE,no_mi,1980-1989,1980,1989,0.0491633041755654,0.0533499498036547,0.0427624986342389,0.0467423612207766,0.08172554173630386,0.1027354073116189,-0.030537209062007964,0.05758815504564663,0.08898932767160073,0.13891994386527395,-0.04993061619367367,0.328450179292061,0.3773998022961871,6.680799527207195,7.074042312788329,0.05719440212896987,0.13975323848099275,-0.08255883635202199
SWE,no_mi,1990-1999,1990,1999,0.0463310467116308,0.0578913527548236,0.0405360115323821,0.0512204574002429,0.22275573379771174,0.22890791580207703,0.021687282049332346,0.007653907957756808,0.23394825817081877,0.31595145237505884,-0.08200319420424185,0.3240835966855168,0.4445012865603922,6.994955212271504,7.678198304380705,0.09319571857734754,0.16316415981055143,-0.06996844123320356
SWE,no_mi,2000-2009,2000,2009,0.055882499350162,0.0412762051830084,0.04917263191619,0.0361632917225928,-0.30296507224379265,-0.2513397699632287,-0.016069864338569717,-0.0017289581879092967,-0.30729264332902506,-0.33844791182328027,0.031155268494254873,0.409529636485768,0.2919438126209529,7.328405873896912,7.072932488016918,-0.03548283957948817,0.14497253921813485,-0.18045537879762286
SWE,no_mi,2010-2019,2010,2019,0.0526557233498786,0.0449770400002138,0.0460874917138383,0.0390941258901899,-0.15762280092749092,-0.15908457581264912,0.0017775772260242295,0.0027732080150162297,-0.1645693610505483,-0.2119997591725351,0.04743039812198768,0.3694708633991913,0.2988889572500215,7.016727525404756,6.645367441890365,-0.05437695824504418,0.0708154566523701,-0.12519241489741462
SWE,no_mi,2020-2024,2020,2024,0.0449241769888445,0.0395586285595615,0.0391546331501458,0.0346913492724751,-0.12719227403049205,-0.06043992946191268,-0.013858304857101489,-0.02308085516700723,-0.12102840362170042,-0.07816277070730981,-0.04286563291439105,0.3048749985695906,0.2819526308549597,6.786434810932579,7.127462228131518,0.04902950332318046,0.021750740362367016,0.02727876296081333
USA,bea_K,1960-1969,1960,1969,0.0601421848428558,0.063712154303901,0.0491261328989815,0.0517074668646209,0.05766384359607368,0.0180375859317794,0.1506315226798397,0.07057655754428088,0.05121106638728845,0.022931193254452253,0.02827987313283664,0.2682043422161053,0.2744256461657733,4.459504471227482,4.307273065305379,-0.034732650341621873,,
USA,bea_K,1970-1979,1970,1979,0.0555767050871326,0.0519659334237464,0.0453015292076337,0.0436068299071984,-0.06717576278381188,0.08036042997797854,0.07671718104057523,-0.08165133291851612,-0.038127001927683146,0.10107692626662135,-0.13920392819430316,0.2450283828028813,0.2710900296057025,4.4088324850983565,5.216687390085923,0.168252689050433,0.07243768270313788,-0.03199733116299308
USA,bea_K,1980-1989,1980,1989,0.0452628849427058,0.0592986962589495,0.0381831922519096,0.0489308042471158,0.2700999405194482,0.1083066092817635,0.07869978905370545,0.10466363019426772,0.24801171647185782,0.1366284344697588,0.1113832820020999,0.2441181436999658,0.2798575540181257,5.393340349581616,4.719455429441903,-0.1334715060496885,0.056737969915118036,-0.2191356385296901
USA,bea_K,1990-1999,1990,1999,0.0566109855880291,0.0697850832382447,0.0465857040140396,0.0570447124578709,0.20921722170414103,0.13372744278678161,0.06989809195406493,0.10370205252682255,0.2025416761661698,0.17209320448896226,0.030448471677206435,0.2630612017311675,0.3124610794928094,4.646822502712162,4.477476632449861,-0.03712401721517988,0.08125162942566444,-0.2476086721404518
USA,bea_K,2000-2009,2000,2009,0.0678415379234563,0.0581235280764626,0.0553086823078515,0.0490614851244729,-0.15460412091777886,0.03810330030723286,-0.09630564873085523,0.038846692326939505,-0.11985558999548518,0.04979934828672228,-0.16965493828220746,0.2993911510168968,0.31467811653653,4.4130949884227455,5.413954158504708,0.20440346920450114,0.2911664946755004,-0.16896782803550936
USA,bea_K,2010-2019,2010,2019,0.0670488586048641,0.0672040356111446,0.0565886625371529,0.0566597895613621,0.0023117129249596857,-0.0032566219295102616,0.02724256242847789,0.017576433678258212,0.0012561237216663912,-0.004435273382746185,0.005691397104413465,0.3627279267550234,0.3611226916959411,5.409904572614287,5.373526878437268,-0.006746986307705871,0.029455039560609908,-0.07347947522310072
USA,bea_K,2020-2024,2020,2024,0.0656676742870369,0.0696988368707335,0.0556054421982003,0.0593497463690458,0.0595768455515584,0.06997796241975762,0.052996789490527885,0.014267679636595561,0.06516676983888425,0.09663399145165097,-0.031467221612766716,0.3628896684771526,0.3997074225818156,5.526153810335089,5.734778950804159,0.037057145900092126,-0.011524291072765758,0.0015367868262625706
USA,hc,1980-1989,1980,1989,0.0859157401001039,0.0923687273859026,0.0635498111477293,0.0694472352045639,0.07242142346567171,0.1083066092817635,0.07869978905370545,0.10466363019426772,0.08874323261895789,0.1366284344697588,-0.047885201850800696,0.2441181436999658,0.2798575540181257,2.8413669417912697,3.0297868330362823,0.06420701100408688,0.056737969915118036,-0.2191356385296901
USA,hc,1990-1999,1990,1999,0.0865559806321323,0.0967777283077272,0.0651270058530698,0.0738915099973434,0.11162550879617372,0.13372744278678161,0.06989809195406493,0.10370205252682255,0.1262586366923597,0.17209320448896226,-0.04583456779660122,0.2630612017311675,0.3124610794928094,3.0392030661542835,3.228646559043696,0.06046769569278854,0.08125162942566444,-0.2476086721404518
USA,hc,2000-2009,2000,2009,0.0936759492397592,0.0806883322295575,0.0713510498517409,0.0642210599602321,-0.14924749517396085,0.03810330030723286,-0.09630564873085523,0.038846692326939505,-0.10528086425712768,0.04979934828672228,-0.1550802125438493,0.2993911510168968,0.31467811653653,3.1960300743856798,3.8999209407535353,0.19904684346068202,0.2911664946755004,-0.16896782803550936
USA,hc,2010-2019,2010,2019,0.0922567988372557,0.0921243385866645,0.0735499797882904,0.073399684715819,-0.0014368093746428556,-0.0032566219295102616,0.02724256242847789,0.017576433678258212,-0.002045532058667643,-0.004435273382746185,0.0023897413240778764,0.3627279267550234,0.3611226916959411,3.931720277818099,3.919948813051404,-0.0029984640081031078,0.029455039560609908,-0.07347947522310072
USA,hc,2020-2024,2020,2024,0.0902337699834909,0.1054788088929781,0.0722648622768092,0.0834556846819286,0.1561063221036827,0.06997796241975762,0.052996789490527885,0.014267679636595561,0.14397775651040456,0.09663399145165097,0.04734376505875271,0.3628896684771526,0.3997074225818156,4.021661386236512,3.789457112540685,-0.05947233065203217,-0.011524291072765758,0.0015367868262625706
USA,hc_d07,1980-1989,1980,1989,0.0752567772492052,0.0810743575835748,0.0575234420671423,0.0628630239599551,0.07446076574589044,0.1083066092817635,0.07869978905370545,0.10466363019426772,0.08876558363423914,0.1366284344697588,-0.047862850835519444,0.2441181436999658,0.2798575540181257,3.243802785915121,3.451862738839922,0.062167668723869696,0.056737969915118036,-0.2191356385296901
USA,hc_d07,1990-1999,1990,1999,0.0758497964946603,0.0837534146407432,0.0588742729548552,0.0660492807237749,0.09912191891008248,0.13372744278678161,0.06989809195406493,0.10370205252682255,0.11499693773610886,0.17209320448896226,-0.05709626675285362,0.2630612017311675,0.3124610794928094,3.4681859924263128,3.730726452564329,0.07297128557888022,0.08125162942566444,-0.2476086721404518
USA,hc_d07,2000-2009,2000,2009,0.0810886358594304,0.0689574528878594,0.0638068587654988,0.0565625377971758,-0.16205313667272847,0.03810330030723286,-0.09630564873085523,0.038846692326939505,-0.12051379903672554,0.04979934828672228,-0.17031314732344716,0.2993911510168968,0.31467811653653,3.69214684454552,4.563366298466225,0.21185248495945186,0.2911664946755004,-0.16896782803550936
USA,hc_d07,2010-2019,2010,2019,0.0785077671106213,0.0772524883351281,0.0645391113958089,0.0636386999049844,-0.01611843726102169,-0.0032566219295102616,0.02724256242847789,0.017576433678258212,-0.01404964389458252,-0.004435273382746185,-0.009614370511835002,0.3627279267550234,0.3611226916959411,4.620280770995842,4.674576825659763,0.01168316387827506,0.029455039560609908,-0.07347947522310072
USA,hc_d07,2020-2024,2020,2024,0.0755858970014069,0.08853816051602,0.0625561451171217,0.0724827037153187,0.15816393316574207,0.06997796241975762,0.052996789490527885,0.014267679636595561,0.14728348858784335,0.09663399145165097,0.05064949713619282,0.3628896684771526,0.3997074225818156,4.801023509324732,4.514521425024327,-0.061529941714090874,-0.011524291072765758,0.0015367868262625706
USA,hc_d13,1980-1989,1980,1989,0.0968667878372815,0.1037451482301506,0.0693489308351812,0.075687327682448,0.06860068060225633,0.1083066092817635,0.07869978905370545,0.10466363019426772,0.08746001491151878,0.1366284344697588,-0.049168419558240695,0.2441181436999658,0.2798575540181257,2.52014285959435,2.697548355681012,0.0680277538675026,0.056737969915118036,-0.2191356385296901
USA,hc_d13,1990-1999,1990,1999,0.09736385883037,0.1099871934107343,0.0710623552901585,0.0813513023672588,0.12190885292336207,0.13372744278678161,0.06989809195406493,0.10370205252682255,0.13521910783399171,0.17209320448896226,-0.03687409665497032,0.2630612017311675,0.3124610794928094,2.701836234628701,2.8408860141194783,0.050184351565600194,0.08125162942566444,-0.2476086721404518
USA,hc_d13,2000-2009,2000,2009,0.1064123403894327,0.0926791139720099,0.0785082281110634,0.0715933997061458,-0.1381784118450491,0.03810330030723286,-0.09630564873085523,0.038846692326939505,-0.0922005491544815,0.04979934828672228,-0.14199989744120334,0.2993911510168968,0.31467811653653,2.81350029443228,3.395350937769712,0.18797776013177026,0.2911664946755004,-0.16896782803550936
USA,hc_d13,2010-2019,2010,2019,0.1063941754651481,0.1073736083982413,0.082264592741723,0.082764893712253,0.00916358647754878,-0.0032566219295102616,0.02724256242847789,0.017576433678258212,0.0060631892392346565,-0.004435273382746185,0.01049846262198062,0.3627279267550234,0.3611226916959411,3.409283686528904,3.363235129032472,-0.013598859860294077,0.029455039560609908,-0.07347947522310072
USA,hc_d13,2020-2024,2020,2024,0.1052430875535877,0.122610709105615,0.0815829028407606,0.0938286602442935,0.15274157569633307,0.06997796241975762,0.052996789490527885,0.014267679636595561,0.139850639650287,0.09663399145165097,0.04321664819863624,0.3628896684771526,0.3997074225818156,3.4481092954668027,3.259971543248426,-0.05610758424468143,-0.011524291072765758,0.0015367868262625706
USA,hc_hcdep,1980-1989,1980,1989,0.1202247923534971,0.1214955424897776,0.0889273937515725,0.0913461704451437,0.010514314767558375,0.04639950058364928,0.07869978905370545,0.10466363019426772,0.026836123920844557,0.07472132577164492,-0.047885201850800696,0.3416027505769465,0.3681055949081284,2.8413669417912697,3.0297868330362823,0.06420701100408688,0.056737969915118036,-0.2191356385296901
USA,hc_hcdep,1990-1999,1990,1999,0.1148428821015624,0.1190643647061953,0.0864108176025363,0.0909077516992379,0.03609927516495315,0.05820120915556193,0.06989809195406493,0.10370205252682255,0.05073240306114091,0.09656697085774224,-0.04583456779660122,0.3490308394090634,0.3844167514133814,3.0392030661542835,3.228646559043696,0.06046769569278854,0.08125162942566444,-0.2476086721404518
USA,hc_hcdep,2000-2009,2000,2009,0.1167081581782812,0.0995469633700639,0.0888942111594749,0.079230928769972,-0.15904691763845902,0.028303877842733804,-0.09630564873085523,0.038846692326939505,-0.11508028672162629,0.039999925822223226,-0.1550802125438493,0.3730027834639478,0.3882252870353375,3.1960300743856798,3.8999209407535353,0.19904684346068202,0.2911664946755004,-0.16896782803550936
USA,hc_hcdep,2010-2019,2010,2019,0.1095438652448617,0.1116853392399125,0.0873317649889798,0.0889848308639637,0.019360381368634716,0.017540568813766866,0.02724256242847789,0.017576433678258212,0.018751658684608152,0.01636191736053072,0.0023897413240778764,0.4306958362937964,0.4378008129887384,3.931720277818099,3.919948813051404,-0.0029984640081031078,0.029455039560609908,-0.07347947522310072
USA,hc_hcdep,2020-2024,2020,2024,0.1096483207654785,0.1317604404336106,0.0878132521831951,0.1042499236177047,0.1837072683093801,0.09757890862545393,0.052996789490527885,0.014267679636595561,0.17157870271610065,0.12423493765734706,0.04734376505875271,0.4409684176882003,0.4993005381526388,4.021661386236512,3.789457112540685,-0.05947233065203217,-0.011524291072765758,0.0015367868262625706
USA,hc_i07,1980-1989,1980,1989,0.0896335752117347,0.0934903360440913,0.0655612563291965,0.0700793481523945,0.04212810000076894,0.1083066092817635,0.07869978905370545,0.10466363019426772,0.0666432283699816,0.1366284344697588,-0.06998520609977787,0.2441181436999658,0.2798575540181257,2.723512290158052,2.9934383152301534,0.09450033446899031,0.056737969915118036,-0.2191356385296901
USA,hc_i07,1990-1999,1990,1999,0.0874846907045989,0.097138722326583,0.0656513979094714,0.0741017693463136,0.1046762692440999,0.13372744278678161,0.06989809195406493,0.10370205252682255,0.12108051594696212,0.17209320448896226,-0.05101268854200036,0.2630612017311675,0.3124610794928094,3.006939838416082,3.216648026749896,0.0674169352448617,0.08125162942566444,-0.2476086721404518
USA,hc_i07,2000-2009,2000,2009,0.0939839938703466,0.080786078356459,0.0715296237388701,0.0642829649507512,-0.1513198366824855,0.03810330030723286,-0.09630564873085523,0.038846692326939505,-0.10681701655836351,0.04979934828672228,-0.1566163648450858,0.2993911510168968,0.31467811653653,3.185554674659971,3.89520227913589,0.20111918496920755,0.2911664946755004,-0.16896782803550936
USA,hc_i07,2010-2019,2010,2019,0.0923593310793463,0.092167128657546,0.0736151322678539,0.0734268454578214,-0.0020831970827699386,-0.0032566219295102616,0.02724256242847789,0.017576433678258212,-0.0025609953817875564,-0.004435273382746185,0.001874278000958185,0.3627279267550234,0.3611226916959411,3.927355498529999,3.918128913809607,-0.002352076299976469,0.029455039560609908,-0.07347947522310072
USA,hc_i07,2020-2024,2020,2024,0.0902717824950173,0.1055077589123045,0.0722892407378894,0.0834738066510609,0.15595956902782282,0.06997796241975762,0.052996789490527885,0.014267679636595561,0.14385758588954456,0.09663399145165097,0.04722359443789381,0.3628896684771526,0.3997074225818156,4.019967906329786,3.788417332549376,-0.05932557757617207,-0.011524291072765758,0.0015367868262625706
USA,hc_i13,1980-1989,1980,1989,0.0824940397307205,0.0912737116909192,0.0616581158542374,0.0688264235867469,0.10113676781086589,0.1083066092817635,0.07869978905370545,0.10466363019426772,0.10998286999394802,0.1366284344697588,-0.026645564475812122,0.2441181436999658,0.2798575540181257,2.959221593424488,3.066135350842412,0.03549166665889336,0.056737969915118036,-0.2191356385296901
USA,hc_i13,1990-1999,1990,1999,0.0856467812309243,0.096419407459349,0.0646109246012375,0.0736824404690417,0.1184758599736111,0.13372744278678161,0.06989809195406493,0.10370205252682255,0.13138100597742142,0.17209320448896226,-0.040712198511540176,0.2630612017311675,0.3124610794928094,3.071466293892485,3.2406450913374965,0.05361734451535116,0.08125162942566444,-0.2476086721404518
USA,hc_i13,2000-2009,2000,2009,0.0933699173240508,0.0805908223502713,0.071173365364547,0.0641592740849698,-0.14718443262222003,0.03810330030723286,-0.09630564873085523,0.038846692326939505,-0.10375001711596088,0.04979934828672228,-0.15354936540268294,0.2993911510168968,0.31467811653653,3.206505474111388,3.904639602371181,0.19698378090894253,0.2911664946755004,-0.16896782803550936
USA,hc_i13,2010-2019,2010,2019,0.0921544939940145,0.0920815882293016,0.0734849425321034,0.0733725440600159,-0.0007914385460070505,-0.0032566219295102616,0.02724256242847789,0.017576433678258212,-0.0015307152075436647,-0.004435273382746185,0.002904558175203187,0.3627279267550234,0.3611226916959411,3.936085057106199,3.921768712293202,-0.003643834836739579,0.029455039560609908,-0.07347947522310072
USA,hc_i13,2020-2024,2020,2024,0.0901957894718385,0.1054498747563455,0.0722405002527259,0.083437570579563,0.15625297315160136,0.06997796241975762,0.052996789490527885,0.014267679636595561,0.14409786053522078,0.09663399145165097,0.047463869083570254,0.3628896684771526,0.3997074225818156,4.023354866143239,3.790496892531993,-0.05961898169995061,-0.011524291072765758,0.0015367868262625706
USA,kdrift,1960-1969,1960,1969,0.0795054431533788,0.0919326589407116,0.0613261575623846,0.0688634022537295,0.14523085433929506,0.0180375859317794,0.1506315226798397,0.07057655754428088,0.11591839913275503,0.022931193254452253,0.09298720587830323,0.2682043422161053,0.2744256461657733,3.373408556426708,2.9850724359311025,-0.12229966108484325,,
USA,kdrift,1970-1979,1970,1979,0.0801543617771267,0.077468837497857,0.060397096611669,0.0602510262479532,-0.03407853905623126,0.08036042997797854,0.07671718104057523,-0.08165133291851612,-0.0024214290554218643,0.10107692626662135,-0.10349835532204343,0.2450283828028813,0.2710900296057025,3.0569563199092653,3.4993429404849588,0.1351554653228526,0.07243768270313788,-0.03199733116299308
USA,kdrift,1980-1989,1980,1989,0.067670982566828,0.0830106123628937,0.0529836137788561,0.0640209009379815,0.20431098930164104,0.1083066092817635,0.07869978905370545,0.10466363019426772,0.1892269154367754,0.1366284344697588,0.05259848096701614,0.2441181436999658,0.2798575540181257,3.607427207945273,3.3713466995603523,-0.06768255483188224,0.056737969915118036,-0.2191356385296901
USA,kdrift,1990-1999,1990,1999,0.0784966129655255,0.1001621737951466,0.0604565682588008,0.0758483209537804,0.24373513342105424,0.13372744278678161,0.06989809195406493,0.10370205252682255,0.2268103419281151,0.17209320448896226,0.05471713743915174,0.2630612017311675,0.3124610794928094,3.351242707079603,3.119551699545378,-0.07164192893209353,0.08125162942566444,-0.2476086721404518
USA,kdrift,2000-2009,2000,2009,0.0974638009940867,0.0824643934040186,0.0735276186280114,0.0653411290611741,-0.1671144321359641,0.03810330030723286,-0.09630564873085523,0.038846692326939505,-0.11803941347475577,0.04979934828672228,-0.16783876176147916,0.2993911510168968,0.31467811653653,3.0718189518902643,3.815927135907305,0.2169137804226866,0.2911664946755004,-0.16896782803550936
USA,kdrift,2010-2019,2010,2019,0.0960116155895173,0.0908621232447747,0.0759169224636611,0.0725961878247285,-0.05512595150295052,-0.0032566219295102616,0.02724256242847789,0.017576433678258212,-0.04472720575994593,-0.004435273382746185,-0.040291932377199746,0.3627279267550234,0.3611226916959411,3.77795878683898,3.974402961320942,0.05069067812020411,0.029455039560609908,-0.07347947522310072
USA,kdrift,2020-2024,2020,2024,0.0888345637762505,0.0947556711080167,0.0713646581173267,0.0765973144546832,0.06452588957251137,0.06997796241975762,0.052996789490527885,0.014267679636595561,0.07075925434443509,0.09663399145165097,-0.025874737107215884,0.3628896684771526,0.3997074225818156,4.085005352096628,4.2182955163303,0.03210810187913893,-0.011524291072765758,0.0015367868262625706
USA,main,1960-1969,1960,1969,0.0418406139429869,0.0531869710543767,0.0361942167339713,0.0445522184800026,0.23994596812198976,0.0180375859317794,0.1506315226798397,0.07057655754428088,0.20776260286901937,0.022931193254452253,0.18483140961456868,0.2682043422161053,0.2744256461657733,6.410143564852255,5.159640429330128,-0.21701477486753684,,
USA,main,1970-1979,1970,1979,0.0468633218623835,0.0497928746449761,0.0393393980890242,0.0420662854980722,0.06063657472646211,0.08036042997797854,0.07671718104057523,-0.08165133291851612,0.0670200877221574,0.10107692626662135,-0.03405683854446462,0.2450283828028813,0.2710900296057025,5.228574780132305,5.444353866664216,0.04044035154015857,0.07243768270313788,-0.03199733116299308
USA,main,1980-1989,1980,1989,0.0439554889592173,0.0592759471308146,0.037248575203144,0.048915313644735,0.2990261030843362,0.1083066092817635,0.07869978905370545,0.10466363019426772,0.2724768154107058,0.1366284344697588,0.1358483809409452,0.2441181436999658,0.2798575540181257,5.553757891908849,4.721266678379932,-0.1623976686145765,0.056737969915118036,-0.2191356385296901
USA,main,1990-1999,1990,1999,0.0566456121727534,0.079460876151855,0.0466091498926899,0.0633504471547486,0.33845024720374894,0.13372744278678161,0.06989809195406493,0.10370205252682255,0.3068850937368044,0.17209320448896226,0.13479188924784347,0.2630612017311675,0.3124610794928094,4.643981972141174,3.9322632045445274,-0.16635704271478735,0.08125162942566444,-0.2476086721404518
USA,main,2000-2009,2000,2009,0.078138204005815,0.0726809843241855,0.0619657425957955,0.0590437018372252,-0.07239931835326985,0.03810330030723286,-0.09630564873085523,0.038846692326939505,-0.04830381474016621,0.04979934828672228,-0.0981031630268876,0.2993911510168968,0.31467811653653,3.8315591563202047,4.329579730689157,0.12219866663999279,0.2911664946755004,-0.16896782803550936
USA,main,2010-2019,2010,2019,0.085516236887251,0.0889696611183759,0.0692014081297869,0.0713830468379414,0.03958916227974285,-0.0032566219295102616,0.02724256242847789,0.017576433678258212,0.031039190794925897,-0.004435273382746185,0.03547446417767208,0.3627279267550234,0.3611226916959411,4.241626385329169,4.058941971414951,-0.04402443566249015,0.029455039560609908,-0.07347947522310072
USA,main,2020-2024,2020,2024,0.0879045796881243,0.0977949950279953,0.0707632448960425,0.0785712471345197,0.10662149569815416,0.06997796241975762,0.052996789490527885,0.014267679636595561,0.10466609395801241,0.09663399145165097,0.008032102506360328,0.3628896684771526,0.3997074225818156,4.128222554099509,4.087197125654468,-0.009987504246502743,-0.011524291072765758,0.0015367868262625706
USA,no_mi,1960-1969,1960,1969,0.0599174538095612,0.0691808025573771,0.0526549694257124,0.0587364051906755,0.14375555930334327,-0.07815282288686687,0.1506315226798397,0.07057655754428088,0.10929910505782692,-0.11028906118783499,0.21958816624566357,0.4344176912001804,0.3890537201678199,7.250269555527388,5.623723717936729,-0.2540446204911784,,
USA,no_mi,1970-1979,1970,1979,0.062362379709284,0.0641393555227003,0.0530401649531771,0.0548513705228272,0.02809594194640086,0.0478197971979184,0.07671718104057523,-0.08165133291851612,0.033577717301880305,0.06535226509697223,-0.03177454779509259,0.3548202860791499,0.3787830788829908,5.689652763945554,5.905626518946401,0.037256323150569814,0.07243768270313788,-0.03518135955258739
USA,no_mi,1980-1989,1980,1989,0.0583733683381815,0.0759800114214946,0.0500783682091454,0.0635760930840651,0.26361053386362476,0.07289104006105185,0.07869978905370545,0.10466363019426772,0.23864836219745644,0.09989941761028953,0.13874894458716724,0.3524102456629138,0.3894343825277326,6.037175097062287,5.125484653685668,-0.1637111162533349,0.056737969915118036,-0.22044908616845804
USA,no_mi,1990-1999,1990,1999,0.0735314700484198,0.0972133046658019,0.0613556505067546,0.078616300539791,0.2791941028702243,0.07447129845325606,0.06989809195406493,0.10370205252682255,0.24789179422078256,0.10353737802580476,0.1443544161949768,0.3705353189656203,0.4109559972288007,5.039139279027414,4.227363719828036,-0.1756567248444194,0.08125162942566444,-0.25690835427008274
USA,no_mi,2000-2009,2000,2009,0.0961912001861814,0.0881943660186219,0.0773902234000531,0.0725607277772777,-0.0867947956989128,0.023707822961590796,-0.09630564873085523,0.038846692326939505,-0.06443662419358809,0.03325251499799875,-0.09768913919158817,0.3959506230027556,0.4093383309358557,4.1162873759385405,4.64132063548623,0.1200473106969111,0.2911664946755004,-0.17111918397859238
USA,no_mi,2010-2019,2010,2019,0.1012185563347577,0.1030918740830909,0.0829622009734819,0.0836616683557652,0.018338469003769564,-0.02450731520548488,0.02724256242847789,0.017576433678258212,0.00839581380343768,-0.035581310272618794,0.04397712407605647,0.4599666278791711,0.4438881554189773,4.544291526525374,4.305753090308632,-0.053919779276388136,0.029455039560609908,-0.08337481883699649
USA,no_mi,2020-2024,2020,2024,0.1021964911625534,0.1118128366782798,0.0832257552681621,0.0908568344922092,0.0899290282285845,0.05328549495018842,0.052996789490527885,0.014267679636595561,0.08772816189000077,0.07812965998508703,0.009598501904914514,0.4483421312756855,0.4847756888923945,4.387059929117857,4.335599590297884,-0.011799368243497366,-0.011524291072765758,-0.00027507717073183
USA_NFC,gni,1960-1969,1960,1969,,,,,,,0.1425424548232923,-0.03860856852593858,,,0.07543744341130854,,,2.3637955977805984,2.1193746068122583,-0.10914758286862236,,
USA_NFC,gni,1970-1979,1970,1979,,,,,,,0.057707327428463184,-0.181007574720864,,,-0.09085006085896041,,,2.2171568954697785,2.523123938879457,0.12927209466759382,0.15795074123382102,-0.028678646566227428
USA_NFC,gni,1980-1989,1980,1989,,,,,,,0.14490642951974253,-0.01436467137720654,,,0.07786090685422731,,,2.644704033220464,2.371690522435656,-0.10895616087148607,0.07271459222463728,-0.18167075309612368
USA_NFC,gni,1990-1999,1990,1999,,0.1167603320496563,,0.0810261410798356,,,0.12010771149149252,-0.06639811872325754,,,0.03296661937467582,,0.2647503379934894,2.376980775186341,2.267468183294436,-0.047167229212257245,0.12835526503248218,-0.17552249424473976
USA_NFC,gni,2000-2009,2000,2009,0.108472534040987,0.1145707183427785,0.0749331035779744,0.0863390723862025,0.05469526133364111,0.30522226850020684,-0.1208988514602421,-0.09721456840446832,0.1416864831213971,0.36865997408409745,-0.22697349096269992,0.2423470976235694,0.3503844430307566,2.234179368686981,3.0582372887150675,0.31396471275045634,0.22495930038213574,0.08900541236832105
USA_NFC,gni,2010-2019,2010,2019,0.1351456950831182,0.1314787134154198,0.1021700369304318,0.0975145444003244,-0.027508455987323988,-0.07667997703417573,0.05260990998674575,-0.0034771273319554284,-0.04663691384866331,-0.10368182871640697,0.057044914867743435,0.4187282811368606,0.3774886066356328,3.098347164364588,2.871100551789861,-0.07617337272908209,0.05338498293410332,-0.12955835566318585
USA_NFC,gni,2020-2024,2020,2024,0.1269561732020916,0.1389127458929979,0.0946080738755386,0.1033782945872056,0.09000407463544247,0.010237548863884616,0.08612188111950642,-0.019956281717547868,0.08865220314960176,0.08470885836806497,0.003943344781536684,0.3713071019106174,0.4041307024347703,2.9246872565980917,2.909241335896312,-0.005295216267378278,-0.012758983282696867,0.007463767015318368
USA_NFC,hc,1960-1969,1960,1969,0.1649272688471096,0.1735126921930624,0.1017452662916648,0.1050926105373902,0.05074616870584214,0.00743091020625708,0.1425424548232923,-0.03860856852593858,0.03236966622913551,0.0034689528447120477,0.02890071338442446,0.2655909627568469,0.2665138851442437,1.610352033435139,1.5359907207693,-0.04727721586113015,,
USA_NFC,hc,1970-1979,1970,1979,0.1443254803425894,0.1710811863138069,0.0881843045316818,0.0999824487751185,0.17006718845588775,0.07085471435688673,0.057707327428463184,-0.181007574720864,0.1255656643135299,0.05943278723155543,0.0661328770819738,0.2267006689186483,0.2405825551782682,1.570759843518432,1.4062478777589134,-0.11063440122433232,0.15795074123382102,-0.028678646566227428
USA_NFC,hc,1980-1989,1980,1989,0.1503655824251254,0.1514843695108355,0.0887842093238101,0.0922986674420905,0.0074129030118961214,0.06383980580804272,0.14490642951974253,-0.01436467137720654,0.03882089290177859,0.08591324239627807,-0.047092349494499475,0.2167877829415246,0.2362362015730646,1.4417380589702045,1.5594757553924856,0.07850033938438217,0.07271459222463728,-0.18167075309612368
USA_NFC,hc,1990-1999,1990,1999,0.1423474043873282,0.135300839366999,0.0870827778183213,0.0849087345622681,-0.050769840633613006,0.01430825538995717,0.12010771149149252,-0.06639811872325754,-0.025282166853266563,0.01624652004918148,-0.04152868690244693,0.2243027440671835,0.2279766463492926,1.5757417216885403,1.6849610646606092,0.06701636068279504,0.12835526503248218,-0.17552249424473976
USA_NFC,hc,2000-2009,2000,2009,0.1211648487631537,0.1228527744079985,0.0757158891181016,0.0839604675630582,0.01383467755318879,0.20954846816686268,-0.1208988514602421,-0.09721456840446832,0.10335802951750139,0.2729861737507542,-0.16962814423325223,0.201855099118012,0.2652137972128643,1.665954286070105,2.1587937145976017,0.25915149619756483,0.22495930038213574,0.08900541236832105
USA_NFC,hc,2010-2019,2010,2019,0.149221232001453,0.1370293471348256,0.1023787517245411,0.0934126366060382,-0.08523486773410993,-0.07853542928032509,0.05260990998674575,-0.0034771273319554284,-0.09165255673267936,-0.10553728096255588,0.013884724229876966,0.3261373730168768,0.2934717555057222,2.185596303170189,2.141670829220037,-0.020302413228445726,0.05338498293410332,-0.12955835566318585
USA_NFC,hc,2020-2024,2020,2024,0.1365307665691799,0.1730577307676982,0.0939449508477958,0.1157986015817065,0.23707525735222168,0.07568159737744828,0.08612188111950642,-0.019956281717547868,0.20914350747148003,0.1501529068816292,0.05899060058985017,0.3011889272820213,0.3499851202890036,2.2060150605644577,2.0223605078862468,-0.0869223504705926,-0.012758983282696867,0.007463767015318368
USA_NFC,hc_hcdep,1960-1969,1960,1969,0.1844713997563007,0.188666894613566,0.1138022342975935,0.1142711592236772,0.02248856113992037,-0.020826697359664914,0.1425424548232923,-0.03860856852593858,0.004112058663213958,-0.024788654721209946,0.02890071338442446,0.2970638937081853,0.2897905994427968,1.610352033435139,1.5359907207693,-0.04727721586113015,,
USA_NFC,hc_hcdep,1970-1979,1970,1979,0.1615671527610136,0.2113898681605254,0.0987191379344372,0.1235394558591104,0.26878328213967895,0.1695708080406777,0.057707327428463184,-0.181007574720864,0.22428175799732086,0.15814888091534685,0.0661328770819738,0.2537831955886083,0.2972665534804753,1.570759843518432,1.4062478777589134,-0.11063440122433232,0.15795074123382102,-0.028678646566227428
USA_NFC,hc_hcdep,1980-1989,1980,1989,0.1935349280107134,0.1760111993870032,0.1142737937953847,0.1072427420120231,-0.09491037680144454,-0.0384834740052975,0.14490642951974253,-0.01436467137720654,-0.06350238691156118,-0.01641003741706215,-0.047092349494499475,0.2790266714531042,0.2744851981215843,1.4417380589702045,1.5594757553924856,0.07850033938438217,0.07271459222463728,-0.18167075309612368
USA_NFC,hc_hcdep,1990-1999,1990,1999,0.1663138780480967,0.146951711609041,0.1017445632570668,0.0922202990968762,-0.12377279424192178,-0.058694698218350716,0.12010771149149252,-0.06639811872325754,-0.09828512046157378,-0.05675643355912685,-0.04152868690244693,0.262067716536206,0.2476079124464686,1.5757417216885403,1.6849610646606092,0.06701636068279504,0.12835526503248218,-0.17552249424473976
USA_NFC,hc_hcdep,2000-2009,2000,2009,0.1329574716034616,0.1396314846631429,0.0830850967100966,0.0954274316989149,0.04897738502850624,0.2446911756421808,-0.1208988514602421,-0.09721456840446832,0.13850073699281884,0.30812888122607185,-0.16962814423325223,0.2215010696828312,0.3014355714507245,1.665954286070105,2.1587937145976017,0.25915149619756483,0.22495930038213574,0.08900541236832105
USA_NFC,hc_hcdep,2010-2019,2010,2019,0.1646413182497467,0.1488975422163733,0.1129582728852409,0.1015031618657943,-0.10051084563203183,-0.09381140717824632,0.05260990998674575,-0.0034771273319554284,-0.10692853463060059,-0.12081325886047733,0.013884724229876966,0.3598394565157129,0.3188895227073657,2.185596303170189,2.141670829220037,-0.020302413228445726,0.05338498293410332,-0.12955835566318585
USA_NFC,hc_hcdep,2020-2024,2020,2024,0.1483275431182269,0.1920053388937838,0.1020621512481987,0.1284770674010932,0.2581002208014205,0.09670656082664753,0.08612188111950642,-0.019956281717547868,0.23016847092067838,0.17117787033082787,0.05899060058985017,0.3272127940153327,0.3883040146821037,2.2060150605644577,2.0223605078862468,-0.0869223504705926,-0.012758983282696867,0.007463767015318368
USA_NFC,hc_no_ip,1960-1969,1960,1969,0.1789275178311363,0.1916397908635059,0.1069056378974518,0.1114793308138804,0.06863672519809616,0.00743091020625708,0.1425424548232923,-0.03860856852593858,0.041892643289436204,0.0034689528447120477,0.0384236904447246,0.2655909627568469,0.2665138851442437,1.4843494504154449,1.390702233306372,-0.06516777235338383,,
USA_NFC,hc_no_ip,1970-1979,1970,1979,0.15950878748821,0.1889896296395089,0.0936298897453345,0.1058439293972323,0.1695931292447701,0.07085471435688673,0.057707327428463184,-0.181007574720864,0.12261597754867815,0.05943278723155543,0.0631831903171216,0.2267006689186483,0.2405825551782682,1.4212425063754222,1.2729934210526317,-0.1101603420132137,0.15795074123382102,-0.028678646566227428
USA_NFC,hc_no_ip,1980-1989,1980,1989,0.1662248950869991,0.1739294061418589,0.0940844221164773,0.1001752011284407,0.045307843925055824,0.06383980580804272,0.14490642951974253,-0.01436467137720654,0.06272817745624071,0.08591324239627807,-0.02318506494003758,0.2167877829415246,0.2362362015730646,1.3041836051577098,1.3582303695120277,0.04060539847122224,0.07271459222463728,-0.18167075309612368
USA_NFC,hc_no_ip,1990-1999,1990,1999,0.1640492439919408,0.1611897672073858,0.0947508876507596,0.094426192172956,-0.017584301800964264,0.01430825538995717,0.12010771149149252,-0.06639811872325754,-0.003432718138423496,0.01624652004918148,-0.019679238187604975,0.2243027440671835,0.2279766463492926,1.3672891054481349,1.414336966291286,0.03383082185014552,0.12835526503248218,-0.17552249424473976
USA_NFC,hc_no_ip,2000-2009,2000,2009,0.1451191637939838,0.1495388408970457,0.0844242536772455,0.0956226921324753,0.03000094023771549,0.20954846816686268,-0.1208988514602421,-0.09721456840446832,0.12455543112871004,0.2729861737507542,-0.14843074262204414,0.201855099118012,0.2652137972128643,1.3909610132854162,1.773544556196328,0.24298523351303825,0.22495930038213574,0.08900541236832105
USA_NFC,hc_no_ip,2010-2019,2010,2019,0.1819456119214495,0.1701010220978701,0.1167904961651345,0.1076850237549254,-0.06731529863052588,-0.07853542928032509,0.05260990998674575,-0.0034771273319554284,-0.08117117934139273,-0.10553728096255588,0.024366101621162928,0.3261373730168768,0.2934717555057222,1.7924992505874695,1.725279201067169,-0.038221982332030224,0.05338498293410332,-0.12955835566318585
USA_NFC,hc_no_ip,2020-2024,2020,2024,0.1708575609896416,0.22340092474912,0.1090155456953155,0.1363601367657925,0.2681377933425253,0.07568159737744828,0.08612188111950642,-0.019956281717547868,0.22380895712742266,0.1501529068816292,0.07365605024579325,0.3011889272820213,0.3499851202890036,1.762807133248736,1.5666234178844067,-0.11798488646089589,-0.012758983282696867,0.007463767015318368
USA_NFC,main,1960-1969,1960,1969,0.1123578379645914,0.125751192963997,0.0789557376589949,0.0854382428331039,0.11261653571333374,0.00743091020625708,0.1425424548232923,-0.03860856852593858,0.07890639625602125,0.0034689528447120477,0.07543744341130854,0.2655909627568469,0.2665138851442437,2.3637955977805984,2.1193746068122583,-0.10914758286862236,,
USA_NFC,main,1970-1979,1970,1979,0.1022483656352223,0.0953510651898904,0.0704661526572967,0.0682867135394579,-0.06983930743603883,0.07085471435688673,0.057707327428463184,-0.181007574720864,-0.031417273627404985,0.05943278723155543,-0.09085006085896041,0.2267006689186483,0.2405825551782682,2.2171568954697785,2.523123938879457,0.12927209466759382,0.15795074123382102,-0.028678646566227428
USA_NFC,main,1980-1989,1980,1989,0.0819705268409718,0.0996066726827651,0.059480215942245,0.0700646159548508,0.19486940326776514,0.06383980580804272,0.14490642951974253,-0.01436467137720654,0.16377414925050537,0.08591324239627807,0.07786090685422731,0.2167877829415246,0.2362362015730646,2.644704033220464,2.371690522435656,-0.10895616087148607,0.07271459222463728,-0.18167075309612368
USA_NFC,main,1990-1999,1990,1999,0.0943645596164317,0.1005423793942997,0.0664210900208061,0.0697716499627655,0.06341374926143928,0.01430825538995717,0.12010771149149252,-0.06639811872325754,0.0492131394238573,0.01624652004918148,0.03296661937467582,0.2243027440671835,0.2279766463492926,2.376980775186341,2.267468183294436,-0.047167229212257245,0.12835526503248218,-0.17552249424473976
USA_NFC,main,2000-2009,2000,2009,0.0903486541622849,0.0867211312187927,0.0624130810654331,0.0653519689325109,-0.04097853899970305,0.20954846816686268,-0.1208988514602421,-0.09721456840446832,0.04601268278805559,0.2729861737507542,-0.22697349096269992,0.201855099118012,0.2652137972128643,2.234179368686981,3.0582372887150675,0.31396471275045634,0.22495930038213574,0.08900541236832105
USA_NFC,main,2010-2019,2010,2019,0.1052617268871357,0.102215770646824,0.0795777809778204,0.0758109358254802,-0.029363908233472902,-0.07853542928032509,0.05260990998674575,-0.0034771273319554284,-0.04849236609481178,-0.10553728096255588,0.057044914867743435,0.3261373730168768,0.2934717555057222,3.098347164364588,2.871100551789861,-0.07617337272908209,0.05338498293410332,-0.12955835566318585
USA_NFC,main,2020-2024,2020,2024,0.1029815843053097,0.1203011644206465,0.0767421472311378,0.0895276321457291,0.15544812314900724,0.07568159737744828,0.08612188111950642,-0.019956281717547868,0.1540962516631672,0.1501529068816292,0.003943344781536684,0.3011889272820213,0.3499851202890036,2.9246872565980917,2.909241335896312,-0.005295216267378278,-0.012758983282696867,0.007463767015318368
USA_NFC,no_ip,1960-1969,1960,1969,0.1194048075916687,0.1364736540096039,0.0823719122351901,0.0902561995497462,0.13361212034261238,0.00743091020625708,0.1425424548232923,-0.03860856852593858,0.091407780052144,0.0034689528447120477,0.08793882720743129,0.2655909627568469,0.2665138851442437,2.224290362454201,1.9528595982744676,-0.1301431674979,,
USA_NFC,no_ip,1970-1979,1970,1979,0.110985754196152,0.10222415596595,0.0745086061933699,0.0717411527946537,-0.08223384291462299,0.07085471435688673,0.057707327428463184,-0.181007574720864,-0.03785009704869413,0.05943278723155543,-0.09728288428025023,0.2267006689186483,0.2405825551782682,2.042610518445332,2.353480475382004,0.1416666301461783,0.15795074123382102,-0.028678646566227428
USA_NFC,no_ip,1980-1989,1980,1989,0.0878673313052314,0.1104127769861195,0.0625250096120858,0.0752446903168401,0.22839778261284138,0.06383980580804272,0.14490642951974253,-0.01436467137720654,0.18517871007036613,0.08591324239627807,0.09926546767408695,0.2167877829415246,0.2362362015730646,2.4672171069865816,2.1395730459959625,-0.14248454021656287,0.07271459222463728,-0.18167075309612368
USA_NFC,no_ip,1990-1999,1990,1999,0.1049155745756575,0.1157277666001221,0.0714809897873128,0.0767613889289007,0.09808461823373182,0.01430825538995717,0.12010771149149252,-0.06639811872325754,0.07127022816385109,0.01624652004918148,0.05502370811466939,0.2243027440671835,0.2279766463492926,2.1379356208494333,1.9699390478780048,-0.08183809818455068,0.12835526503248218,-0.17552249424473976
USA_NFC,no_ip,2000-2009,2000,2009,0.1044515909923576,0.1000612887140684,0.0688332541649655,0.0726510932617485,-0.04294083459174525,0.20954846816686268,-0.1208988514602421,-0.09721456840446832,0.053981464654430766,0.2729861737507542,-0.2190047090963223,0.201855099118012,0.2652137972128643,1.9325229726063344,2.6505135064843093,0.3159270083424993,0.22495930038213574,0.08900541236832105
USA_NFC,no_ip,2010-2019,2010,2019,0.1216694921370028,0.1209863601486358,0.0886117914432243,0.0856686795697309,-0.0056304744902391235,-0.07853542928032509,0.05260990998674575,-0.0034771273319554284,-0.033777642148493214,-0.10553728096255588,0.07175963881406333,0.3261373730168768,0.2934717555057222,2.680518898275979,2.42565984417733,-0.09990680647231642,0.05338498293410332,-0.12955835566318585
USA_NFC,no_ip,2020-2024,2020,2024,0.12365026291661,0.1453897238713972,0.0876616162190247,0.1027186596125172,0.1619607674525536,0.07568159737744828,0.08612188111950642,-0.019956281717547868,0.1585096587317154,0.1501529068816292,0.00835675185008622,0.3011889272820213,0.3499851202890036,2.4358130761528884,2.4072204759022635,-0.011807860570924422,-0.012758983282696867,0.007463767015318368
