geo,ind,lam,lr,se,p,n,p_holm,measure
AT,A,0.9510496249075939,-0.08900497924195999,0.1234155111940145,0.4707978736818157,25,1.0,r
AT,C10-C12,0.7607966617519967,0.0790622086281517,0.019206876507472815,3.849211609719555e-05,25,0.016359149341308107,r
AT,C13-C15,0.1846586599903862,-0.04676793209393543,0.005293235291926368,9.972706940009319e-19,25,5.305480092084958e-16,r
AT,C16-C18,0.8817462533421496,0.0007307371058380788,0.02865787551251343,0.9796572261618371,25,1.0,r
AT,C19,0.5695244721190321,0.1453828740099146,0.09561534392596625,0.128386032272629,25,1.0,r
AT,C20,0.6290780306296587,0.09115308109888538,0.026265048033399366,0.0005194732644541982,25,0.2025945731371373,r
AT,C21,0.4790591497244102,0.05831862994438287,0.014305865915954858,4.5708112699874515e-05,25,0.019288823559347044,r
AT,C22-C23,0.7116798553807967,-0.0027553651366157964,0.01138259118812819,0.808727197314288,25,1.0,r
AT,C24-C25,0.6471879335101611,0.0466523145289397,0.01359861550432789,0.000602100361434166,25,0.2336149402364564,r
AT,C26,0.666285780563271,0.020307504387490478,0.01553066551557453,0.19101762279926215,25,1.0,r
AT,C27,0.9025675888572944,0.11215632538033889,0.1474463956213922,0.4468611848900802,25,1.0,r
AT,C28,0.6826724023348809,0.117115751220682,0.023612179431391177,7.05033045423679e-07,25,0.0003236101678494687,r
AT,C29-C30,0.8440101284327759,0.04427738584683377,0.03503013271643802,0.2062372189223599,25,1.0,r
AT,C31-C33,0.2872920250278838,0.02651621581027128,0.008250809813528274,0.0013100397040971211,25,0.48602473022003195,r
AT,F,0.4270311159257607,0.07091485600665119,0.007617745879410072,1.2884080247833696e-20,25,6.905867012838861e-18,r
AT,G45,0.31064878706872456,0.04216102289494357,0.011111691889735865,0.00014806431014951645,25,0.06041023854100271,r
AT,G46,0.7274045923075527,0.1641770630428104,0.026493097891318415,5.755867029344587e-10,25,2.7973513762614695e-07,r
AT,G47,0.6746693445456937,0.01590836706829729,0.011658424036597967,0.17239818286500397,25,1.0,r
AT,H49,0.7871541506727961,-0.057309258508804514,0.01770297120678406,0.0012068010813179504,25,0.45134360441291344,r
AT,H50,0.6457836206218859,-0.09732386627289483,0.029263647435194613,0.0008817783784581734,25,0.3351536094014813,r
AT,H51,0.4110994767710261,-0.171206190815287,0.02556065525114953,2.1123913537593844e-11,25,1.060420459587211e-08,r
AT,H52,0.6385981060072141,-0.06485859082364058,0.00787028552182666,1.7085563327325778e-16,25,8.987006310173359e-14,r
AT,H53,0.6384419562320035,0.037384223705644114,0.0297658427678026,0.20913637079912595,25,1.0,r
AT,I,0.7254988177335379,0.02944682642734518,0.011768589108551705,0.012344009550473349,25,1.0,r
AT,J58-J60,0.8594043540722658,-0.004025685215262425,0.08057882606231485,0.9601545895791578,25,1.0,r
AT,J61,0.45313302383454507,-0.06101942673665928,0.007128842762660961,1.1334467497623469e-17,25,6.007267773740438e-15,r
AT,J62-J63,0.7809826640106374,-0.08124386329200904,0.06172810696080165,0.1881214440298743,25,1.0,r
AT,M,0.7430311540118983,-0.12072063952916036,0.022899307398457344,1.3508996977827255e-07,25,6.335719582600982e-05,r
AT,N,0.6761500493939945,-0.03530698892703901,0.008379266413944009,2.5131735709588015e-05,25,0.010756382883703671,r
AT,R,0.6425533650415144,-0.0654884158855101,0.009254046560311186,1.4759259601490294e-12,25,7.57150017556452e-10,r
AT,S,0.787079918364026,-0.07672971967344369,0.0196585344235686,9.495857873473065e-05,25,0.03950276875364795,r
BE,A,0.1913439600005275,0.0049380668331498265,0.00503254020006897,0.32648056639519507,25,1.0,r
BE,C10-C12,0.7153892907842984,0.02018084423811847,0.014226092943776273,0.15602163729985985,25,1.0,r
BE,C13-C15,0.7390352451036006,-0.04576919235339656,0.011145746857334432,4.0182691547820835e-05,25,0.017037461216276036,r
BE,C16-C18,0.7025202072082393,-0.020458252279455268,0.009961178068457411,0.0399952010700398,25,1.0,r
BE,C19,0.5917674822002822,0.21332375008568719,0.08945208851188527,0.01708923462298984,25,1.0,r
BE,C20,0.7819925161015813,0.12296238092192255,0.0247523869378272,6.775239718458839e-07,25,0.00031166102704910663,r
BE,C21,0.5386477920253532,0.06249571743486611,0.0219958024744505,0.004493614932013113,25,1.0,r
BE,C22-C23,0.5548692182724632,0.014845228611187361,0.008084612021858976,0.06632325478020913,25,1.0,r
BE,C24-C25,0.35118714506988824,-0.0016325084904909792,0.010164171748829184,0.8723974114430446,25,1.0,r
BE,C26,0.8640465258829892,-0.04189350449021833,0.03950457236627631,0.2889297879168391,25,1.0,r
BE,C27,0.6748184219958344,0.017539364957336778,0.02412308736511969,0.4671782043134489,25,1.0,r
BE,C28,0.3765003787689576,0.16419240382637468,0.010789735250881833,2.70828978221768e-52,25,1.5274754371707714e-49,r
BE,C29-C30,0.705492964966721,-0.039290844765341074,0.022440627271659856,0.07996658799599801,25,1.0,r
BE,C31-C33,0.8278637894459893,-0.04209753706853985,0.03231643309059222,0.19268861961314376,25,1.0,r
BE,F,0.787939023943058,0.049928254750631194,0.01477150160440334,0.0007247548710438335,25,0.27830587048083205,r
BE,G,0.8917074445754706,0.11340132705097308,0.061187824449306115,0.0638348481588207,25,1.0,r
BE,H,0.7881433183188041,-0.026025945320423505,0.01428115111138953,0.06839457433595814,25,1.0,r
BE,I,0.894959244515805,-0.05033922178313,0.06703501862372219,0.45268926069693016,25,1.0,r
BE,J,0.8259222970818025,0.10486646841057064,0.02340402248271944,7.4397659357100306e-06,25,0.0032883765435838333,r
BE,J58-J60,0.8789551525554531,0.07379519568573005,0.05245966343117694,0.15951530752042065,25,1.0,r
BE,J62-J63,0.43074419586810936,0.04652899397505716,0.016259214084943793,0.004213754668259391,25,1.0,r
BE,M,0.9237877124027953,-0.3218092540431919,0.17666733639396887,0.06852254785030487,25,1.0,r
BE,N,0.6954001835282644,-0.0010333794477888063,0.009824386854378165,0.9162289066272652,25,1.0,r
BE,R,0.6394334475747826,-0.03557473904816165,0.012969903523133302,0.006090508125994341,25,1.0,r
BE,S,0.7840283970472637,-0.26428492127632663,0.046819375910537704,1.653957964101449e-08,25,7.856300329481882e-06,r
CZ,A,0.7645269118674625,-0.002667508739711523,0.02082792760374874,0.8980906874248533,25,1.0,r
CZ,C10-C12,0.6893911552978427,0.05335829654266677,0.01606909755657516,0.0008983917028917219,25,0.3404904553959626,r
CZ,C13-C15,0.7498274290471767,-0.07672992950726759,0.02026225099036695,0.0001525744587508242,25,0.06209780471158544,r
CZ,C16-C18,0.9096243166025252,0.01853531464909867,0.11612032446843518,0.8731791447302791,25,1.0,r
CZ,C19,0.8424398695382511,-0.05679574862686844,0.07692758102925602,0.4603312539095503,25,1.0,r
CZ,C20,0.7643989009406666,-0.02903232631602643,0.02757941902489446,0.292487287381199,25,1.0,r
CZ,C21,0.504996683504831,0.17189033407959756,0.022421928285903357,1.772070462508333e-14,25,9.232487109668414e-12,r
CZ,C22-C23,0.6481733597871745,0.0400529488330581,0.010876350840599534,0.00023089231292511994,25,0.09281870979589821,r
CZ,C24-C25,0.8091993235594134,-0.03648201249883643,0.030713681996033106,0.23490835215983197,25,1.0,r
CZ,C26,0.8244147360858864,-0.0033744462793673367,0.07710115690599402,0.9650905461643127,25,1.0,r
CZ,C27,0.7619852849499309,0.0542108394197371,0.04331164813208373,0.21069898358937023,25,1.0,r
CZ,C28,0.7389010633945987,-0.022584001801706662,0.022542583073825635,0.3164221524805152,25,1.0,r
CZ,C29-C30,0.7669839459497462,0.04906049796198257,0.02997033537500916,0.10163703051221816,25,1.0,r
CZ,C31-C33,0.49504634432250727,0.024859864970701803,0.009946116889292238,0.012438472880790787,25,1.0,r
CZ,F,0.6460383218105119,0.010981900568734895,0.015094228621893753,0.4668852623048647,25,1.0,r
CZ,G45,0.6395901060151429,0.005951270366650721,0.019253481036555258,0.7572446935919201,25,1.0,r
CZ,G46,0.7939457465932885,0.19256356638852026,0.06222832974007111,0.001971662953768113,25,0.7236003040328974,r
CZ,G47,0.8016754744036034,-0.02640403212775942,0.03326272476327893,0.4273104510992838,25,1.0,r
CZ,H49,0.9037584352318927,-0.1026605188780329,0.055929090950801494,0.06642456600781066,25,1.0,r
CZ,H50,0.6934032839784726,-0.1545138901643596,0.01701585876263249,1.0799643314240719e-19,25,5.777809173118784e-17,r
CZ,H51,0.8560359293858314,-0.11474229784025282,0.17044304858194234,0.5008199211271073,25,1.0,r
CZ,H52,0.7749270496830974,-0.09136165185636412,0.014265260954507475,1.50877643680014e-10,25,7.423180069056689e-08,r
CZ,H53,0.03404074372129889,-0.08434448938244873,0.008032817562330569,8.639095165973491e-26,25,4.6996677702895794e-23,r
CZ,I,0.9443671783549998,-0.14670121154838456,0.4290213710205053,0.7323931626251426,25,1.0,r
CZ,J58-J60,1.0034612857854575,-6.084181987983008,79.31204694163903,0.9388526957385556,25,1.0,r
CZ,J61,0.8408621193886843,-0.010199984349123338,0.028587166362318606,0.7212393523079095,25,1.0,r
CZ,J62-J63,0.7092578539495846,0.10964531174596533,0.05853047345842661,0.061026555323626615,25,1.0,r
CZ,M,0.7993944116678325,-0.06203905118199542,0.02609007666089743,0.01741252820810212,25,1.0,r
CZ,N,0.7569899415707001,0.0204953151463458,0.024538608838904533,0.4035897611665985,25,1.0,r
CZ,R,0.4959357793305874,-0.06389028627154951,0.005227176147016914,2.3509861603213786e-34,25,1.297744360497401e-31,r
CZ,S,0.8566575390316334,-0.044252532707242505,0.060897695019450075,0.4674280884492559,25,1.0,r
DE,A,0.6016950993665094,-0.1132878888163921,0.009319469287342575,5.327609965679945e-34,25,2.9355130910896495e-31,r
DE,C10-C12,0.5488174010590632,-0.09634629571795672,0.014093614578096356,8.134040675836356e-12,25,4.1158245819731964e-09,r
DE,C13-C15,0.5265150735270465,-0.07711745680113416,0.010167836137132581,3.3389735800658743e-14,25,1.7329272880541888e-11,r
DE,C16-C18,0.432437475155313,-0.048384852933136775,0.01052876951953602,4.317339136837059e-06,25,0.0019384852724398396,r
DE,C19,0.68525418594875,0.3580652739114212,0.13591309605766186,0.008425724544104654,25,1.0,r
DE,C20,0.27471989454564594,0.013342673769331079,0.0062895652661771745,0.03388828877246497,25,1.0,r
DE,C21,0.7254213164733586,-0.001643301174217654,0.019573410233963723,0.933091579847051,25,1.0,r
DE,C22-C23,0.4761547672011623,0.010757055654614102,0.007596761559283437,0.15677391325288467,25,1.0,r
DE,C24-C25,0.7434972587529812,-0.03507429015476989,0.024525579242472707,0.15268528646251334,25,1.0,r
DE,C26,0.34357697113812125,-0.02602300479748275,0.009919598813454446,0.00870588193573612,25,1.0,r
DE,C27,0.2696532360833514,0.059289466128079005,0.010861878917070484,4.8019874404611025e-08,25,2.2665380718976402e-05,r
DE,C28,0.548027086024604,0.03749058945074465,0.014630807406245417,0.01039390681254021,25,1.0,r
DE,C29-C30,0.6709889532965818,-0.0394039244937218,0.023777960789403856,0.09748679974726292,25,1.0,r
DE,C31-C33,0.602516412440565,-0.1287275592373602,0.019395206833669177,3.1995579418686824e-11,25,1.599778970934341e-08,r
DE,F,1.0819512780053868,-0.2381976178601508,0.18255631412847165,0.19196443095320936,25,1.0,r
DE,G,0.876877702609103,0.13354110684896622,0.10668623802141006,0.21067256235360032,25,1.0,r
DE,H,0.751008835475468,-0.07461936704777888,0.017450519660811317,1.9023496887364977e-05,25,0.008237174152229035,r
DE,I,0.3047301795180511,-0.10749442461417154,0.009879382097874242,1.4249130062203176e-27,25,7.780025013962935e-25,r
DE,J58-J60,0.5839926195756816,0.1000494333105933,0.019336150056805192,2.288689029726477e-07,25,0.00010665290878525382,r
DE,J61,0.7902443703534292,0.016169449705239928,0.03395482752188047,0.6339285251654277,25,1.0,r
DE,J62-J63,0.7259932735310564,0.05094009174112195,0.0685996358215892,0.4577415258436264,25,1.0,r
DE,M,0.92771423571154,-0.19017053629110142,0.21158555478135482,0.36876564676797197,25,1.0,r
DE,N,0.7870327991322165,-0.09047619724007605,0.025464764472747068,0.000380870772097858,25,0.1504439549786539,r
DE,R,0.6760969800520263,-0.11908649418229893,0.014451083488191293,1.712604437783769e-16,25,8.991173298364788e-14,r
DE,S,0.9764945708727405,-0.268731597688591,1.5894656052266598,0.8657412611545947,25,1.0,r
DK,A,0.6522701337299652,-0.0714551535222573,0.01424366309655888,5.258635372404899e-07,25,0.00024294895420510633,r
DK,C10-C12,0.9614361322441755,-0.11530021129327969,0.4034763084087259,0.7750565903187595,25,1.0,r
DK,C13-C15,0.46708774134301234,-0.05196925093166239,0.007509991408971072,4.515967883708786e-12,25,2.298627652807772e-09,r
DK,C16-C18,0.8982930814855566,-0.06002296537003941,0.04314987378971742,0.1642149493682843,25,1.0,r
DK,C19,0.4651380824334295,-0.0723146658470384,0.02724375861540633,0.00794596722422461,18,1.0,r
DK,C20,0.9407626362256851,0.14439333614805006,0.17956740068234012,0.42132896814228593,25,1.0,r
DK,C21,0.7031925846554214,0.19438717875228548,0.029775018136611937,6.641712495911902e-11,25,3.287647685476391e-08,r
DK,C22-C23,0.7588834484809704,0.012697747779581988,0.026347455987318878,0.6298524836673662,25,1.0,r
DK,C24-C25,0.7240032169007716,-0.002856181067608622,0.0180811557710701,0.8744847576633421,25,1.0,r
DK,C26,0.8103903643801916,0.09120695488107934,0.04660778957279933,0.050358793955936704,25,1.0,r
DK,C27,0.061278820546486104,0.05530977017804481,0.008847625518868509,4.0687080178140387e-10,25,1.9855295126932508e-07,r
DK,C28,0.10377325180306869,0.04024117725940406,0.01050071356775223,0.0001269855713328961,25,0.0522238990834241,r
DK,C29-C30,0.1940086749182766,0.02081644368516813,0.01164449583254298,0.07383026522394111,25,1.0,r
DK,C31-C33,0.9089049432298529,0.13906704621957597,0.09605215161666482,0.14766500947847544,25,1.0,r
DK,F,0.66906766613166,0.10666650226510829,0.04211099398216553,0.011309589834909324,25,1.0,r
DK,G45,0.586936454682902,-0.03239774592581887,0.017181918872371534,0.05935264728941111,25,1.0,r
DK,G46,0.9604885802094814,0.6721539464966678,1.062482531819618,0.5269779827146989,25,1.0,r
DK,G47,0.5832982318526336,-0.02231277112648657,0.022279843871144598,0.3165958220358074,25,1.0,r
DK,H49,0.9190528122466101,-0.09909170336191123,0.06594438878141791,0.1329278845154259,25,1.0,r
DK,H50,0.42052450385480916,0.007378324666275222,0.0308990778193931,0.8112700843346823,25,1.0,r
DK,H51,0.36133116256022896,-0.18456510581095847,0.01547641519416272,8.708368265221235e-33,25,4.7896025458716795e-30,r
DK,H52,0.9518320154289374,-0.06661623307915635,0.12362441721613089,0.5899835731117998,25,1.0,r
DK,H53,0.8570432795786452,-0.16253119191779575,0.13037677134864734,0.2125343290295808,25,1.0,r
DK,I,0.2561599423654894,0.009459438027620242,0.007547850662840202,0.2101101988751406,25,1.0,r
DK,J58-J60,0.4017836966106617,-0.0009786675386541821,0.008954549444311842,0.9129702786650681,25,1.0,r
DK,J61,0.9762846350768003,-0.2916893263585686,1.0770503295777156,0.7865276513489838,25,1.0,r
DK,J62-J63,0.5938004818499696,-0.13496323823654569,0.03663198721125684,0.00022933182132091773,25,0.09242072399232985,r
DK,M,0.6942445906444452,0.027224375426701773,0.03655676720035796,0.45644398721590096,25,1.0,r
DK,N,0.8752225014262847,-0.1287453701157017,0.07209009942177454,0.07411621126962634,25,1.0,r
DK,R,0.8571214307933416,-0.04316154351010498,0.025669214802070163,0.09267522088928569,25,1.0,r
DK,S,0.7940405372205114,-0.1279806173447213,0.015579970524621305,2.1316983695051277e-16,25,1.1170099456206869e-13,r
EE,A,0.5880153222107762,0.042098551133724744,0.029280055766198358,0.15049384381822556,20,1.0,r
EE,F,0.887609515846848,0.045609242769014284,0.23193075543355496,0.8441012386699827,20,1.0,r
EE,G,0.9240520919743372,0.1789345719917555,0.18543592067700815,0.334574771283329,20,1.0,r
EE,H,0.6632285704462559,-0.031027537751057647,0.02058623747172399,0.1317598902841839,20,1.0,r
EE,I,0.7743256964546412,-0.06812387528611924,0.027631383233301138,0.013684014569917706,20,1.0,r
EE,J,0.7153377877275465,0.047739757107695714,0.03430662820930299,0.16405545295480084,20,1.0,r
EE,M,0.7524749133116837,-0.046018414904850244,0.0348420088041053,0.18657677385811633,20,1.0,r
EE,N,0.6345379620999388,0.05597032885469459,0.03544049867450887,0.11427276512153825,20,1.0,r
EE,R,0.9389805153012221,-0.006193496860700361,0.2066186680727274,0.9760865965089652,20,1.0,r
EE,S,0.3479722667851861,-0.17749451376418604,0.009239758482775652,3.060604611982977e-82,20,1.744544628830297e-79,r
EL,A,0.7033788362943946,-0.0037133206244380247,0.06409094313616806,0.9537977712115052,25,1.0,r
EL,C10-C12,0.8509749350766571,0.2022939114091678,0.12247744145707685,0.09859918421701845,25,1.0,r
EL,C13-C15,0.8717189626203323,-0.22886087817754566,0.13771385931901245,0.09654125056609762,25,1.0,r
EL,C16-C18,0.7957728212534576,0.04251960142709131,0.1492336207423193,0.7757056475660196,25,1.0,r
EL,C19,0.5508697333416924,-0.07124180899765481,0.1314562586596666,0.5878577218174027,25,1.0,r
EL,C20,0.7544175840814755,0.1814109369043156,0.07441549233314632,0.014776480383911914,25,1.0,r
EL,C21,0.8487784202840812,0.4902382950099708,0.4729474508459904,0.29994107618971555,25,1.0,r
EL,C22-C23,0.8316112220054903,0.0340254745618774,0.07951313861355824,0.6687074216762057,25,1.0,r
EL,C24-C25,0.7854419991244153,0.03177458763054323,0.07191698856802772,0.6586172132598249,25,1.0,r
EL,C26,0.7028899509616701,0.20443961627214743,0.18792342635623688,0.27664461109844385,25,1.0,r
EL,C27,1.0013896704623764,-32.06791528853498,1805.4495891113138,0.985828931813228,25,1.0,r
EL,C28,0.7869359615036435,-0.11056639454080454,0.08807660446350872,0.20935408358653185,25,1.0,r
EL,C29-C30,0.6657083414213805,0.4438399082031652,0.1607104927119571,0.005749499684914049,25,1.0,r
EL,C31-C33,0.6683785146863084,-0.049546701230098404,0.09084679827432314,0.585487088405639,25,1.0,r
EL,F,0.8609198407187755,0.21131034949113067,0.46282825455852966,0.6479850341037316,25,1.0,r
EL,G45,0.3449825992490165,-0.017326755168751252,0.058248944738393885,0.7661150265989849,25,1.0,r
EL,G46,0.4918521971874634,0.1920060405507439,0.04307236784631817,8.282268697714724e-06,25,0.0036441982269944787,r
EL,G47,0.8770213835299242,-0.3233759182942841,0.20760159517565707,0.11931019143907987,25,1.0,r
EL,H49,0.9279577104817055,-0.20318122849914622,0.22317419690114604,0.3626034726512368,25,1.0,r
EL,H50,0.628807823812774,-0.125134019097638,0.0544989664678237,0.021671273871841815,25,1.0,r
EL,H51,0.8899457266086108,0.2529401803083425,0.3298825193263402,0.44322519656377135,25,1.0,r
EL,H52,0.7849044960085311,0.22582794509863335,0.2859083495672731,0.42960876556645944,25,1.0,r
EL,H53,0.6714123081211669,-0.23138040663522758,0.08018239192403687,0.003905739716663394,25,1.0,r
EL,I,0.8423902878535352,0.1252625144182622,0.12292004292881835,0.30817596759526567,25,1.0,r
EL,J58-J60,0.8021975685483084,-0.26252125952114563,0.06149820416979436,1.9655996234594247e-05,25,0.008491390373344714,r
EL,J61,0.8710390195553347,-0.1040328451054526,0.10167318010360925,0.30620935390298976,25,1.0,r
EL,J62-J63,0.8040909870222187,-0.4206979377061145,0.1657595499026012,0.011148759997033922,25,1.0,r
EL,M,0.8506447567223138,-0.2722414102735383,0.27608382351728766,0.32409265997516057,25,1.0,r
EL,N,0.8170241377350447,-0.07717924524120501,0.10249413062348531,0.4514430843995869,25,1.0,r
EL,R,0.3957159548432186,0.016608054554709713,0.022513019998026608,0.46069138054715386,25,1.0,r
EL,S,0.7892299230812457,-0.32386120435579785,0.06834122697994545,2.148975855559164e-06,25,0.0009756350384238604,r
ES,A,0.7912589890665709,0.19576737252034013,0.02802579816969014,2.843371935906073e-12,25,1.4529630592480034e-09,r
ES,C10-C12,0.9031951118290513,-0.01421831410312013,0.03994153826191138,0.7218569434691706,25,1.0,r
ES,C13-C15,0.9531884385038185,0.6132965418709078,0.365164216824213,0.09305291126050015,25,1.0,r
ES,C16-C18,0.8587618879399092,-0.07693662513724683,0.023281456127262838,0.0009510146900126859,25,0.3575815234447699,r
ES,C19,0.7118342565097815,-0.10815831607586116,0.05265863064940947,0.03998030765479205,23,1.0,r
ES,C20-C21,0.8471747064901743,0.14278769042199912,0.044015354132254936,0.0011784605819082203,25,0.4419227182155826,r
ES,C22-C23,0.8276421632412252,-0.04476249321492477,0.018597027771730713,0.016085478662624775,25,1.0,r
ES,C24-C25,0.6807238290840587,-0.05908199865993298,0.014655659268418865,5.545888865763279e-05,25,0.02329273323620577,r
ES,C26-C27,0.6377322500959214,-0.06367960975577798,0.012505082003291238,3.5374866993772904e-07,25,0.00016449313152104401,r
ES,C28,0.6093977809531049,0.07348725871110146,0.016217058450971187,5.85721793503449e-06,25,0.0026064619810903483,r
ES,C29-C30,0.5205917968548078,0.05315901103313196,0.014813382641169048,0.0003324837695741438,25,0.13199605652093507,r
ES,C31-C33,0.700770805712509,0.0091881757104834,0.02500176977505943,0.7132453366165752,25,1.0,r
ES,F,0.7871291541285426,-0.08611114194494376,0.014125063898083818,1.0852687214269775e-09,25,5.252700611706571e-07,r
ES,G,0.6609955745793625,-0.025409973218046597,0.013267887961938521,0.055473592225300454,25,1.0,r
ES,H,0.7519893972118769,-0.14043363447940302,0.008030222594011321,1.764305945420522e-68,25,1.003890082944277e-65,r
ES,I,0.8708041749643043,0.14172074147876462,0.1518081760692262,0.35053532381546015,25,1.0,r
ES,J58-J60,0.6670100649930679,-0.11435132068283044,0.009058893842159249,1.574975211751428e-36,25,8.741112425220424e-34,r
ES,J61,0.8456525572848008,-0.04349674593104792,0.03917195547348243,0.26682442679887386,25,1.0,r
ES,J62-J63,0.7792171742283869,-0.0036509750002239535,0.061712977337404926,0.952824214097165,25,1.0,r
ES,M,0.9045099952292306,-0.1911936322142907,0.0789044935932992,0.015388607378954443,25,1.0,r
ES,N,0.86980820973655,-0.0007957280393280713,0.07866266552747865,0.9919289756435823,25,1.0,r
ES,R,0.8237156037910275,-0.10295366245637026,0.013432817799217784,1.797552529421771e-14,25,9.34727315299321e-12,r
ES,S,0.8060142441729967,-0.02603614955363495,0.038988775052982184,0.504270344957252,25,1.0,r
FI,A,0.8127234484877015,-0.04790978285537207,0.030190602120846004,0.11253292137480457,25,1.0,r
FI,C10-C12,0.4384713752905282,-0.026978620680113273,0.01239230046266282,0.029477060051175164,25,1.0,r
FI,C13-C15,0.7283444208834777,-0.19888092481831507,0.047132065283705026,2.4467945131132165e-05,25,0.010496748461255699,r
FI,C16-C18,0.6572171094083292,-0.035814152684696114,0.02432280023120703,0.14089889494802793,25,1.0,r
FI,C19,0.6512221081564773,0.008855092759150127,0.052473653730595766,0.8659908345661728,25,1.0,r
FI,C20,0.8476299174714952,0.07423679179013415,0.05418105611475363,0.17063652416716735,25,1.0,r
FI,C21,0.9163896747126282,0.21733332129592364,0.11560442445175721,0.06011161081462763,25,1.0,r
FI,C22-C23,0.5591978845505083,0.033231875879161675,0.009393110830144415,0.0004033245525827604,25,0.15850654916502485,r
FI,C24-C25,0.45963248657431643,0.005789361462051486,0.018608057421147156,0.7557084725500316,25,1.0,r
FI,C26,0.9289329330281447,-0.023450578546330196,0.38619298440901906,0.9515802637858358,25,1.0,r
FI,C27,0.48846653784318345,0.19998040429038916,0.029241034415440143,7.97294251882998e-12,25,4.0422818570468e-09,r
FI,C28,0.6680763512950686,0.18945033880472975,0.03599720675957601,1.4178701130371924e-07,25,6.635632129014061e-05,r
FI,C29-C30,0.2090101414009936,-0.03551004473234258,0.013053823304100123,0.00652268058739284,25,1.0,r
FI,C31-C33,0.7553903292335364,-0.06585075234915524,0.023902910356625156,0.005870538783170895,25,1.0,r
FI,F,0.660282671582856,-0.019064946970678547,0.0456722256656383,0.6763640785368524,25,1.0,r
FI,G45,0.5962754241637701,0.09961053295760257,0.0321397900693118,0.00193984980802302,25,0.7138647293524714,r
FI,G46,0.8665410200780408,0.19120710631068447,0.07452277452994195,0.010295181595190857,25,1.0,r
FI,G47,0.5984176640106882,0.008252198158995904,0.014402116524028577,0.5666547834478567,25,1.0,r
FI,H49,0.7408736378845379,-0.08560441706401596,0.025279912201929784,0.000708515917705932,25,0.2734871442344898,r
FI,H50,0.43696240505102324,-0.0847633360470073,0.0066471847834858565,3.0476731616608415e-37,25,1.6945062778834278e-34,r
FI,H51,0.6706934112959109,-0.045430992582460694,0.03330047925304592,0.1724812082308369,23,1.0,r
FI,H52,0.8064577882059913,-0.05196885762380607,0.030431000155206275,0.08768080586872831,25,1.0,r
FI,H53,0.6964474727930117,0.0050497468690937465,0.0432048339950274,0.9069557731721222,25,1.0,r
FI,I,0.8625219850412895,-0.14416461700596353,0.07541732979518179,0.05593288201252082,25,1.0,r
FI,J58-J60,0.9635689316621323,0.5164452946334455,1.129037299541048,0.647368521400921,25,1.0,r
FI,J61,0.7008562405711181,0.03610997936782242,0.028886895439239713,0.2112823486694948,25,1.0,r
FI,J62-J63,-0.03566544597417352,0.01047655166253981,0.02064196531569247,0.6117784044672515,25,1.0,r
FI,M,0.3353545147533691,-0.2025681087874467,0.007946505984408294,2.4510369144463004e-143,25,1.4093462258066227e-140,r
FI,N,0.7490918999241677,0.014954082806911729,0.03549384819723505,0.6735252397777627,25,1.0,r
FI,R,0.5573893419674226,-0.12007096959023833,0.010438043962833233,1.271048831983304e-30,25,6.978058087588339e-28,r
FI,S,0.5516065563781173,-0.12340534110694784,0.013010086386564377,2.4154997706084725e-21,25,1.2995388765873582e-18,r
FR,A,1.0328624936856678,-0.5301208700977018,0.6100395098190177,0.38485023655740036,25,1.0,r
FR,C10-C12,0.8467256976649179,0.05929500226366285,0.028890818141796254,0.040132528444677226,25,1.0,r
FR,C13-C15,0.5535586311630286,-0.09867571238171144,0.013880184661730254,1.1679651353508102e-12,25,6.015020447056673e-10,r
FR,C16-C18,0.7511699781111945,-0.000590827073960378,0.014959580101733738,0.968495822018788,25,1.0,r
FR,C19,0.4970606550080445,0.11071084811791217,0.058959538629742826,0.060416361016751845,25,1.0,r
FR,C20,0.9532322949406846,0.0336973461309119,0.13483161781363084,0.8026479072286465,25,1.0,r
FR,C21,0.7980294059934779,0.2579480609130685,0.03906541977350535,4.029825946444037e-11,25,2.0028234953826865e-08,r
FR,C22-C23,0.7161555903987427,0.08925737246591887,0.016095513392286043,2.931462568212629e-08,25,1.3895132573327862e-05,r
FR,C24-C25,0.6023905426362997,0.05336832417548034,0.01195617347309149,8.057040969820277e-06,25,0.003553155067690742,r
FR,C26,0.9734456123435795,-0.06076944807443801,0.3469212036404942,0.8609477304982263,25,1.0,r
FR,C27,0.9354577592537787,-0.14241539824242927,0.2800761833716261,0.6111111027073419,25,1.0,r
FR,C28,0.6882946798103823,0.19147785871207948,0.028595984381027312,2.142454111247158e-11,25,1.0733695097348262e-08,r
FR,C29-C30,0.8095024242377944,-0.014651831421218809,0.036408784799378355,0.6873707448616582,25,1.0,r
FR,C31-C33,0.8828559895476435,0.0014204570678236035,0.07468369380264807,0.9848254367438545,25,1.0,r
FR,F,0.8707355594241553,-0.11553395581472489,0.06638726645399375,0.08180583590804448,25,1.0,r
FR,G,0.7723091768714936,0.22553909722092336,0.03625541580872994,4.945040355543398e-10,25,2.408234653149635e-07,r
FR,H,1.025739057673237,-0.48636776561267364,0.9312653863593041,0.601485499321336,25,1.0,r
FR,I,0.5596008714725832,-0.171349705367952,0.01607617484667044,1.5895239947558006e-26,25,8.662905771419113e-24,r
FR,J58-J60,0.793148676221894,0.00824771143576528,0.03238082311485846,0.7989472833649489,25,1.0,r
FR,J61,0.9384629596649552,0.01427216385266899,0.27260215783500147,0.9582456020730462,25,1.0,r
FR,J62-J63,0.9343744495313404,-0.32327058161267364,0.24342500484761861,0.18417515496400927,25,1.0,r
FR,M,0.9161228214797023,-0.06101988007211043,0.05834398947951608,0.2956238127520556,25,1.0,r
FR,N,0.43927113395386624,0.04777546260591232,0.005453068505714545,1.931704996194466e-18,25,1.0257353529792614e-15,r
FR,R,0.9619776643963454,0.03939529279053062,0.24100003905274753,0.8701516051224258,25,1.0,r
FR,S,0.8237726157390282,-0.24551231446351773,0.03715310304080312,3.8922044004691727e-11,25,1.938317791433648e-08,r
HU,A,0.7761165150205159,-0.03648898512861106,0.02520445900320808,0.14769553248097558,25,1.0,r
HU,F,0.9221190280704663,0.22326221003546104,0.2042572068786023,0.27437427602072173,25,1.0,r
HU,G,0.559161031863071,0.03618921643333357,0.012152516668860315,0.0029021219076522603,25,1.0,r
HU,H,0.832773048771945,-0.08646292278247215,0.025400812979903802,0.0006642058110563603,25,0.25704764887881143,r
HU,I,0.7671539257292296,-0.0223824821470548,0.030530855921130903,0.46349121436381047,25,1.0,r
HU,J,0.7172957578676922,-0.043419601803236174,0.013521046940905163,0.0013215415071977294,25,0.4889703576631599,r
HU,M,0.7883182311423914,0.06513148797256824,0.03410518461098975,0.05616876521483064,25,1.0,r
HU,N,0.9119202205784167,0.05923520615085648,0.10584843977075556,0.5757367117132886,25,1.0,r
HU,R,0.8036095264017619,-0.09792446758470007,0.025614662619089065,0.00013184587386059145,25,0.0540568082828425,r
HU,S,0.9245413175363297,-0.1255784315736379,0.12191489478415592,0.3029865571314708,25,1.0,r
IE,A,0.7915474007511281,-0.2034011858498818,0.055340047078537034,0.00023740348614382774,25,0.09519879794367492,r
IE,F,0.8580079091397983,0.12851848433806268,0.4280132934079118,0.7639731164124864,25,1.0,r
IE,G,0.611339866521276,0.4942840090273006,0.039605224881190275,9.565840196112266e-36,25,5.289909628450083e-33,r
IE,H,0.8491756573049636,-0.25125401911814316,0.0788763357905313,0.0014454557190837132,25,0.5333731603418902,r
IE,I,0.533548517782006,-0.2054307182072224,0.027426435534740883,6.87452318143544e-14,25,3.5610030079835574e-11,r
IE,J,0.8247497773362547,0.2737755936196685,0.11110326438730475,0.013733695065603775,25,1.0,r
IE,M,0.8029196818796062,-0.04138469775415687,0.10343630990849466,0.6890840735600448,25,1.0,r
IE,N,0.8557289355745742,-0.17988573034574662,0.17851301181286544,0.3136034323494018,25,1.0,r
IE,R,0.8197226241977635,0.15038058575294258,0.06725146633364895,0.025345628624701376,25,1.0,r
IE,S,0.25954497704855256,-0.21193987565956407,0.03328168872974963,1.9143085133449094e-10,25,9.399254800523505e-08,r
IT,A,0.8669716133208459,-0.058710203203458475,0.02639658565011611,0.026137749341841755,25,1.0,r
IT,C10-C12,0.825643459119128,-0.04430719176947796,0.020652914612242855,0.03192695715471023,24,1.0,r
IT,C13-C15,0.8345190738377242,0.0727766313854958,0.054903615496991964,0.184993965502268,24,1.0,r
IT,C16-C18,0.7079437107346542,-0.050783398696700864,0.00947926195366931,8.446746570514072e-08,24,3.969970888141614e-05,r
IT,C19,0.581522635620998,-0.09803797211782189,0.01999793459739582,9.467046055231601e-07,20,0.00043359070932960734,r
IT,C20,0.7750730727406678,-0.04505557773406878,0.01926978181908349,0.01937963675446044,24,1.0,r
IT,C21,0.5491049555653817,0.07295222642263793,0.0115359766297551,2.550623066630168e-10,24,1.2498053026487823e-07,r
IT,C22-C23,0.8080600957899219,-0.028980116532518255,0.02059105654602931,0.15930501806164032,24,1.0,r
IT,C24-C25,0.9234679173202491,-0.007206146754665431,0.08138354149515545,0.9294431188348399,24,1.0,r
IT,C26,0.7863869137052069,-0.06542662398226777,0.019710105994187276,0.0009019638692770337,24,0.34094234258671874,r
IT,C27,0.521753901843465,0.007882937969067305,0.0068199012749606954,0.2477332146086466,24,1.0,r
IT,C28,0.8403286618522479,0.04763930928610061,0.03229463613053974,0.14017324588969113,24,1.0,r
IT,C29-C30,0.49183074123189185,-0.10492940207706758,0.006860428729767166,8.271908170310066e-53,24,4.673628116225187e-50,r
IT,C31-C33,0.9824108525580145,0.2523039842702027,1.46832739584856,0.8635704901471346,24,1.0,r
IT,F,0.8870467273748827,0.10084672769478945,0.07277287616872676,0.1658160582343442,25,1.0,r
IT,G,0.8709581759471026,0.04473871595955196,0.034605125364991114,0.19606814530593064,25,1.0,r
IT,H,0.8786532061446911,-0.052166622785663884,0.02435536508704564,0.03220197169470472,25,1.0,r
IT,I,0.6491304037156839,-0.037879054823165725,0.013776422796336129,0.0059675947677067425,25,1.0,r
IT,J58-J60,0.7628400781534855,-0.03610234882100754,0.015859541297262147,0.0228232522746717,24,1.0,r
IT,J61,0.9936192766067764,-0.6267773066086189,8.655984549602772,0.9422758598610659,24,1.0,r
IT,J62-J63,0.8892206436798274,-0.015080570300724832,0.057649391268167184,0.7936366712218208,24,1.0,r
IT,M,0.9185522065013999,-0.05487539947772903,0.15626707153183467,0.7254651742831915,25,1.0,r
IT,N,0.6398650064656551,0.060871294334416085,0.007439383623415281,2.784687122920286e-16,25,1.4563913652873096e-13,r
IT,R,0.9300068601885334,-0.10913318767174676,0.08380597501554457,0.1928437555797795,25,1.0,r
IT,S,0.907621893148418,0.06825017880339306,0.139156712930897,0.623811593520662,25,1.0,r
JP,A,0.8747700544272072,-0.48068798053376977,0.07034481800164127,8.297710946257255e-12,24,4.190344027859914e-09,r
JP,C10-C12,0.49818628194504355,0.10836511549330362,0.00708104911937206,7.240912937249067e-53,24,4.0983567224829717e-50,r
JP,C19,0.9834524912209249,0.9237515474807727,4.249259285425143,0.8279034936874586,24,1.0,r
JP,C20,0.6415949045673334,0.049455040986359014,0.007474012840140754,3.6672800655759814e-11,24,1.8299727527224148e-08,r
JP,C24-C25,0.7957565630669904,0.09016391447149977,0.02518727712826289,0.00034393566466840356,24,0.1361985232086878,r
JP,C26,0.7977855037403287,-0.02270081800800917,0.02572992754119819,0.3776292431243713,24,1.0,r
JP,C27,0.700232505090387,-0.030533088541886473,0.012302291564673808,0.013068301682295558,24,1.0,r
JP,C28,0.6964288625422032,0.04580850001201677,0.020466989198654407,0.02521029354370877,24,1.0,r
JP,C29-C30,0.7331699172621545,0.027129546629434894,0.018479943301934552,0.14208967369144118,24,1.0,r
JP,F,0.7589970849637477,-0.23531788553126826,0.05185281082435873,5.673924221105247e-06,24,0.00253057020261294,r
JP,I,0.6439503874193053,-0.02655820042076449,0.030852579594229105,0.38934285037227545,24,1.0,r
JP,M-N,0.7708953144850657,0.11860532146441968,0.026611813004896352,8.316601470897088e-06,24,0.003650988045723822,r
LT,A,0.9145545225112406,-0.12150180849019994,0.17922922092056143,0.49782689349077947,25,1.0,r
LT,F,0.6314906210782913,-0.0132679355915217,0.04051460603891157,0.7433009027921416,25,1.0,r
LT,G,0.6631706597828533,0.21135228764884872,0.03743726085634874,1.6469595134582568e-08,25,7.839527284061302e-06,r
LT,H,0.9060994340476983,0.05723153446847108,0.07117988218016723,0.4213733712527564,25,1.0,r
LT,I,0.8007141159741773,-0.06527107989949757,0.06653365194276262,0.32658112482135815,25,1.0,r
LT,J,0.778507846434448,-0.14118031335357636,0.029621189171505143,1.877391539971558e-06,25,0.0008560905422270304,r
LT,M,0.6425870892004427,0.10565909198405875,0.0301665938238133,0.0004608795380743225,25,0.18057682548093262,r
LT,N,0.8958967971262317,-0.02022253013854662,0.10519921039807494,0.8475614077335853,25,1.0,r
LT,R,0.850770992487484,-0.06200771879870631,0.11094117932405441,0.5762133980164894,25,1.0,r
LT,S,0.893411062817221,0.11959220199562053,0.3980747811283019,0.7638518741662642,25,1.0,r
LU,A,0.5645392438134519,-0.16092090353144606,0.01246022580198974,3.715707602051698e-38,25,2.0733648419448476e-35,r
LU,C13-C15,0.6933061078266918,0.2524365683795486,0.06999257655820242,0.0003102124246740654,25,0.1237747574449521,r
LU,C20,0.37038088385145557,-0.07083072683855358,0.01676184196293324,2.3818582431795658e-05,25,0.010241990445672132,r
LU,F,0.567688654966205,0.08243349729506888,0.02193270237516796,0.0001709526221333593,25,0.06923581196401052,r
LU,G,0.6912701512823182,0.26961911242309405,0.0566043012187842,1.9052170068746514e-06,25,0.0008668737381279664,r
LU,G45,0.823359974357042,-0.07677573449315227,0.061393621092588994,0.21109904943247682,25,1.0,r
LU,H,0.7914067974271796,-0.1170332665375757,0.04882177831362593,0.016523028134551292,25,1.0,r
LU,H49,0.5860371849277541,-0.1432559876967283,0.010572828034039462,7.982776264548553e-42,25,4.494303036940835e-39,r
LU,I,0.921790348327562,-0.2341975280942866,0.24325953007337253,0.33567420419888916,25,1.0,r
LU,J,0.8536353545829262,0.02287292596454683,0.056082580367678866,0.6833884429735566,25,1.0,r
LU,J58-J60,0.7210009004574579,0.06616497488689246,0.09909832851480917,0.5043443032586671,25,1.0,r
LU,J61,0.9056408519623953,-0.01789296756142474,0.0884367220872038,0.8396625882945561,25,1.0,r
LU,M,0.32230424395749485,0.2714889829109912,0.04590992945841157,3.348862749492489e-09,25,1.6141518452553799e-06,r
LU,N,0.5178969405738165,-0.11839284202563594,0.023700294121756595,5.870890012503857e-07,25,0.0002706480295764278,r
LU,R,0.7737624382031152,-0.15084477808692764,0.020611369626481482,2.507154711605325e-13,25,1.2936918311883477e-10,r
LU,S,0.7233882854921089,-0.06706087181783908,0.02849479582229136,0.018600469814339292,25,1.0,r
LV,A,0.6423919898255582,-0.10443291208227433,0.015912404426953717,5.274025402720255e-11,25,2.6159165997492468e-08,r
LV,C10-C12,0.4255436253840256,-0.037885843824879264,0.011271360080043528,0.0007759094153479057,25,0.2971733060782479,r
LV,C13-C15,0.7346734706793087,0.028802093271790848,0.07524827346106015,0.7018970904535542,25,1.0,r
LV,C16-C18,0.584091251986127,-0.0337563048431452,0.017581533945235078,0.05485962607423148,25,1.0,r
LV,C19,1.3914503445503656,-0.2091067194968809,0.20026496792570309,0.29641587285215887,13,1.0,r
LV,C20,0.502263051569354,-0.008108278817432375,0.02842741239724653,0.7754698787366803,25,1.0,r
LV,C21,0.6142876759113671,-5.2405738392037364e-05,0.04322386743793154,0.9990326242931333,25,1.0,r
LV,C22-C23,0.6989464280951515,-0.10986455987754053,0.01751450826741246,3.546705257003478e-10,25,1.7343388706747007e-07,r
LV,C24-C25,0.575386862087244,-0.02567877812481486,0.027950209256149026,0.3582352721965507,25,1.0,r
LV,C26,0.6462381275016362,0.5801547526139219,0.2270331371532022,0.010607351950243812,25,1.0,r
LV,C27,0.8072467740769076,0.07835413528711288,0.11801398746357367,0.5067291017375446,25,1.0,r
LV,C28,0.2376399165690901,-0.04086800348731005,0.014212484700372714,0.004033878101558063,25,1.0,r
LV,C29-C30,0.638827069347156,-0.08491992924186186,0.035058925581928135,0.015426615725208412,25,1.0,r
LV,C31-C33,0.6485796703974702,0.06910102663368026,0.026879565983258094,0.010147438525455407,25,1.0,r
LV,F,0.7089564181069805,-0.03247896534015599,0.03739119195968842,0.38505167254908146,25,1.0,r
LV,G,0.5798387995946532,0.10274710282809058,0.02235271755658711,4.29385497873949e-06,22,0.0019322347404327703,r
LV,H,0.5368751601525585,-0.047401084008847835,0.01074782608857224,1.0322987634249643e-05,22,0.004511145596167094,r
LV,I,0.5802161892936784,-0.11494355216475713,0.012224113483228282,5.30202984959565e-21,25,2.847190029232864e-18,r
LV,J58-J60,0.7798621044343688,-0.15813990516495227,0.05486356422360083,0.003946317241647907,25,1.0,r
LV,J61,0.7145681344868756,-0.02640181345514581,0.026621638726250407,0.32132309993180885,25,1.0,r
LV,J62-J63,0.7574798511811958,0.08625000521984219,0.0977721916236238,0.3776942233609164,25,1.0,r
LV,M,0.8869582517899608,0.11923892534820651,0.15143299148392939,0.43104547502022683,25,1.0,r
LV,N,0.3247268766289703,-0.0131932905961497,0.008885701327847792,0.13760273846480117,25,1.0,r
LV,R,0.5727171465308719,-0.10227195828114748,0.016791266968339238,1.1235998217153879e-09,25,5.426987138885324e-07,r
LV,S,0.8138285802474577,-0.14971952147899373,0.09384979117535018,0.11064290401589622,25,1.0,r
MT,A,0.5109802113299142,-0.5424216746694304,0.08762566223523535,6.00822686794345e-10,20,2.913990030952573e-07,r
MT,F,0.8667058108963018,-0.14663863434766888,0.17004593068155674,0.38849647943685794,20,1.0,r
MT,G,0.843110363448395,-0.1128833181940607,0.11780153133120563,0.3379367065200328,20,1.0,r
MT,H,0.6619652099920493,-0.2768856031697187,0.06266476899268371,9.937858576682784e-06,20,0.004352782056587059,r
MT,I,0.7952602021379322,-0.1988414336524066,0.1404308142299077,0.15679343391593006,20,1.0,r
MT,J,0.8108574393450161,0.1805073714956131,0.11172845692536362,0.10618299946493522,20,1.0,r
MT,M,0.8281274363317237,0.38115657356074445,0.1485749559975775,0.010305216161250122,20,1.0,r
MT,N,0.7950203777619308,-0.1754872484747555,0.12977263056293503,0.17628991054374377,20,1.0,r
MT,R,0.730560504644069,1.018492697851867,0.34968513884928304,0.003584341934877171,20,1.0,r
MT,S,0.8283036393570526,-0.25326504803218486,0.08436535462540316,0.0026820952888830935,20,0.9736005898645629,r
NL,A,0.6778595997566228,-0.08595274411290525,0.014892735835690224,7.85902796242563e-09,25,3.764474394001877e-06,r
NL,C10-C12,0.5678712014666079,0.05437743562082542,0.01427795607059765,0.0001398186844418261,25,0.05718584193670687,r
NL,C13-C15,0.7880080299066258,-0.060135089864806215,0.027656680980348087,0.02967944188029984,25,1.0,r
NL,C16-C18,0.42305622549475824,-0.05123245775262143,0.00725408313088693,1.6345289787743933e-12,25,8.368788371324894e-10,r
NL,C19,0.40813997836642857,-0.10790587456259788,0.03255554023351552,0.0009180176885462239,22,0.3460926685819264,r
NL,C20,0.7012375006303544,0.0015309614935408267,0.012485678948759103,0.9024100749851101,25,1.0,r
NL,C21,1.1235858065622617,-0.0630562288035014,0.12428392747526013,0.6119048691155378,25,1.0,r
NL,C22-C23,0.47537502337525617,0.006253325741130869,0.008542808851569772,0.4641693064132135,25,1.0,r
NL,C24-C25,0.5429787025479471,0.019623398990182724,0.009690275351612552,0.04286109778163182,25,1.0,r
NL,C26,0.7455989996081591,0.240739127712132,0.0746435535255382,0.0012589212269857402,25,0.46957761766568107,r
NL,C27,0.7555723517841978,-0.045326752406571844,0.039714279553839424,0.25373624948175433,25,1.0,r
NL,C28,1.0154357910443188,-0.8983798360955917,5.904677573809461,0.8790708805355283,25,1.0,r
NL,C29-C30,0.29001323660261213,0.08749880679008512,0.011787689432848756,1.1458572102932518e-13,25,5.924081777216111e-11,r
NL,C31-C33,0.8248985299594058,-0.04634418781584248,0.028455233073918444,0.10338287181038405,25,1.0,r
NL,F,0.8527015981754437,-0.1330534780110953,0.07284763728914641,0.06778062432190503,25,1.0,r
NL,G,1.0746269388845169,-0.04006412111869437,0.2594296259461131,0.8772694730609798,25,1.0,r
NL,H,0.8295469448305811,-0.05591732976299172,0.018335177167727458,0.0022904759818802994,25,0.8360237333863093,r
NL,I,0.4630120688824268,0.016636764511157934,0.035951902848928526,0.6435431462869676,25,1.0,r
NL,J58-J60,0.8311387259420453,0.17041336544353866,0.057802236454476345,0.0031961567926676667,25,1.0,r
NL,J61,0.7951140604877414,-0.007959724829882473,0.03278974872661793,0.8081987564131217,25,1.0,r
NL,J62-J63,0.4209495348450658,0.03092093883555605,0.027593133714550543,0.2624570353787983,25,1.0,r
NL,M,0.7560118717749136,0.13569602943404377,0.0387409670453266,0.00046065516704319544,25,0.18057682548093262,r
NL,N,0.7723342856344912,0.00279453019661986,0.032385173647623465,0.9312355547659029,25,1.0,r
NL,R,1.102418280035127,-0.061400400439304656,0.18469332362506177,0.7395531473887225,25,1.0,r
NL,S,1.017415108441618,0.863262508479274,3.3886844579162827,0.798917302646873,25,1.0,r
PL,A,0.4955318210114202,-1.0028204112349002,0.09027101141419737,1.134261299081807e-28,20,6.204409305977485e-26,r
PL,F,0.4079256491595286,1.0520469770911738,0.07932046268084934,3.7815507934079084e-40,20,2.113886893515021e-37,r
PL,G,0.64008141187812,0.49620644262900293,0.0518751324729509,1.1176737631825651e-21,20,6.024261583554026e-19,r
PL,H,0.780107611929979,-0.38150855961043795,0.08085052287475661,2.3736812601605166e-06,20,0.001075277610852714,r
PL,I,0.8932627316165513,-0.11515933471483442,0.3666660861430122,0.7534668030901432,20,1.0,r
PL,J,1.1442602323612363,-0.47604086929431677,0.3182395601047331,0.13469092739196953,20,1.0,r
PL,M,0.5246756565295949,0.4296280888291051,0.048135551437047494,4.441716233772969e-19,20,2.3674347526009927e-16,r
PL,N,0.9076611207237226,0.20248735132278217,0.3572318945891305,0.5708342578182679,20,1.0,r
PL,R,0.337674098379484,-0.45666880419160505,0.020738577743581798,1.8421766808276198e-107,20,1.0537250614333985e-104,r
PL,S,0.7255814338589281,0.24001273139350107,0.29348252214121756,0.41346609580601756,20,1.0,r
PT,A,1.0289989694983417,-0.5242769142681212,1.007594404652898,0.6028368281198884,20,1.0,r
PT,C10-C12,0.23830998854122232,0.06911350025553749,0.0051750572016927955,1.1058257939791065e-40,20,6.203682704222788e-38,r
PT,C13-C15,0.7684429424927575,0.1558861708762289,0.03765505759746435,3.4753779104278967e-05,20,0.01480510989842284,r
PT,C16-C18,0.537017879168051,0.07739576325286684,0.011981014263666752,1.0479477740740123e-10,20,5.176862003925621e-08,r
PT,C19,0.356244943357167,0.015483521029733122,0.04109375386682996,0.7063331903163861,18,1.0,r
PT,C20,0.7442790984059787,-0.02048796995873287,0.03031790513620476,0.4991858634989539,20,1.0,r
PT,C21,0.5373017070422372,0.019670230506517304,0.020795214968083592,0.3441986940420533,20,1.0,r
PT,C22-C23,0.676528143228106,-0.007133178747627078,0.010137991193290155,0.4816764953416435,20,1.0,r
PT,C24-C25,0.36158144357878863,0.004961145486253304,0.008029122829993521,0.5366453240180663,20,1.0,r
PT,C26,0.7740766525425963,0.061262698310854104,0.1793752456019601,0.7327018100381001,20,1.0,r
PT,C27,0.8897288043430116,-0.07054855609577833,0.04962585119041582,0.15513979405004327,20,1.0,r
PT,C28,0.6830500163922121,0.06286959464068197,0.025196955811682967,0.012591219853993469,20,1.0,r
PT,C29-C30,0.5894402983689534,-0.05927213510073938,0.015293644381970015,0.00010635980357839194,20,0.044032958681454265,r
PT,C31-C33,0.7934922731002066,0.015941604691537624,0.030369586108853902,0.599638769916928,20,1.0,r
PT,F,0.5530658504787266,-0.011086598677610507,0.011611540208776557,0.3396831996861137,20,1.0,r
PT,G,0.8134154649254449,0.14174235545931688,0.035134057876972005,5.4758504620562885e-05,20,0.023053330445256974,r
PT,H,0.7341319070218247,-0.07584168436451157,0.012900387269657337,4.1269292634300954e-09,20,1.985052975709876e-06,r
PT,I,0.2415402328767395,0.04163540174370356,0.00899195032720969,3.6514138890915755e-06,20,0.0016504390778693922,r
PT,J58-J60,0.875088493181894,-0.047961512133358156,0.07330552362907826,0.5129386857060867,20,1.0,r
PT,J61,0.9152833696008145,-0.01287563755921294,0.0860945425373494,0.8811178374372644,20,1.0,r
PT,J62-J63,0.9183793192168068,-0.07747477686872518,0.1437885507017608,0.5900176371154362,20,1.0,r
PT,M,0.6894701662086222,-0.07565120327089764,0.01973848307351982,0.00012675703661025266,20,0.0522238990834241,r
PT,N,0.8104014205648067,-0.009231723758225011,0.034207155224942255,0.7872548973129411,20,1.0,r
PT,R,0.4095453904367034,-0.12310701446248187,0.005510358976457871,1.4764900364615347e-110,20,8.460287908924594e-108,r
PT,S,0.7542596330964723,0.05422251331604616,0.04652966938684074,0.24388462534992195,20,1.0,r
RO,A,0.6557847622253676,-0.42843884939830323,0.25043824621862437,0.08712607885977014,20,1.0,r
RO,F,0.6527011043951577,0.03301805946451427,0.03740990180539066,0.3774512708608059,20,1.0,r
RO,G,0.6312570377812368,-0.005739225835064438,0.05121914418628196,0.9107818929584526,20,1.0,r
RO,H,0.5887900390690822,-0.10276295575196592,0.03378891867010238,0.002355423886293124,20,0.8573742946106971,r
RO,I,0.5157599047964814,0.10032864334691602,0.043001336442968024,0.01964018222433223,20,1.0,r
RO,J,0.4998836154823,0.054904456092053196,0.022680495449009404,0.015487310253368478,20,1.0,r
RO,M,0.6485565784375866,0.30366330134178865,0.0472911334302689,1.352516822276715e-10,20,6.667907933824206e-08,r
RO,N,0.44088246802875036,0.007589822839670088,0.027661718444719333,0.7837925963405471,20,1.0,r
RO,R,0.4835194917864643,-0.034515315574459596,0.03019680895227865,0.2530336008184637,20,1.0,r
RO,S,0.8978736541825151,0.07715043923323821,0.24250629501713333,0.7503803490060973,20,1.0,r
SE,A,0.7376330518321769,-0.10380351337792908,0.011585279376085429,3.248283543121517e-19,25,1.7345834120268902e-16,r
SE,C10-C12,0.377758542014809,0.05772105598118154,0.008292789898724976,3.393308384914641e-12,25,1.730587276306467e-09,r
SE,C13-C15,0.72565122180179,-0.0814044284489576,0.0176424780386988,3.947731749790535e-06,25,0.0017804270191555313,r
SE,C16-C18,0.6861124020650701,0.0066164828213921755,0.02105753451253513,0.7533617319863983,25,1.0,r
SE,C19,0.38494864245400723,0.20607139736481167,0.061408293879923886,0.000791476818278974,25,0.3023441445825681,r
SE,C22-C23,0.30047211908162547,-0.0035582003067528237,0.006393163247158982,0.5778258052355314,25,1.0,r
SE,C24-C25,0.3839829646384164,-0.005438013354336974,0.013476457336695804,0.6865660909075048,25,1.0,r
SE,C26,0.7466756971608308,-0.04268379325186032,0.0460678604755533,0.3541645423631694,25,1.0,r
SE,C27,0.7349464952765712,0.0024125121273885337,0.049647550318178156,0.9612438297179783,25,1.0,r
SE,C28,0.22865873858262004,0.1519890778050648,0.017885881601731535,1.933634766949155e-17,25,1.0209591569491539e-14,r
SE,C29-C30,0.847754236776371,-0.024747425310513754,0.06021171665113198,0.6810675445405723,25,1.0,r
SE,C31-C33,0.6357904695579916,-0.004836696306555494,0.015128691408857883,0.7491930705990723,25,1.0,r
SE,F,0.8191451172869586,-0.029943629116380835,0.05660898131400192,0.5968363555416507,25,1.0,r
SE,G45,0.8350203688510442,0.055033911880879804,0.046760386025256735,0.23922164774086507,25,1.0,r
SE,G46,0.9668412144228647,0.3797314872953385,0.9886785269443499,0.700919275400686,25,1.0,r
SE,G47,0.41749067951464,0.026174523070562315,0.006680143189079048,8.919129167971857e-05,25,0.037192768630442644,r
SE,H,0.4900708961823099,-0.06590626533852134,0.004966787163555013,3.4837771339390537e-40,25,1.95091519500587e-37,r
SE,H49,0.4218375144686995,-0.044573337919856536,0.004287940741541141,2.6116303042541403e-25,25,1.4181152552099981e-22,r
SE,H50,0.8482249963107602,-0.015112896672576722,0.040053831735845195,0.7059398016809213,25,1.0,r
SE,H51,1.1612922450506775,0.07733991810045336,0.3149650568518547,0.806029987917384,25,1.0,r
SE,I,0.6749084765138154,-0.08100993547072576,0.019158302601199904,2.3530620279065466e-05,25,0.010141697340277216,r
SE,J58-J60,0.9223748079989478,0.032967092356911,0.09620475028585472,0.7318419591266361,25,1.0,r
SE,J61,0.6047923387835628,0.010956450024611951,0.00868308197540019,0.2070150756378445,25,1.0,r
SE,J62-J63,0.5730236469643731,0.14979143925856173,0.05955612529902344,0.011898826259663504,25,1.0,r
SE,M,0.5355414713023442,-0.025557442677793227,0.009891925157110223,0.009775606837451293,25,1.0,r
SE,N,0.8727084677269414,-0.007786506333902744,0.043957061806141194,0.8593992737137913,25,1.0,r
SE,R,0.7913976065710719,-0.06415290877349032,0.016001594663242226,6.093583745276297e-05,25,0.02547118005525492,r
SE,S,0.7811900267286694,-0.08865456287362639,0.015249891586052064,6.119632309042321e-09,25,2.9374235083403143e-06,r
SI,A,0.8180339200086065,-0.38658392755015264,0.06835246628505622,1.551742426765062e-08,20,7.417328799936997e-06,r
SI,F,0.6524413587554017,0.2128705964798483,0.025680734354119154,1.1409284290115079e-16,20,6.012692820890646e-14,r
SI,G,1.0444799833526024,0.05000470570517411,0.21303900509270568,0.8144253697616295,20,1.0,r
SI,H,0.9488639155666415,0.08795729185230082,0.06864903246873783,0.20010219136398322,20,1.0,r
SI,I,0.27170489976025824,0.02075972297545035,0.005170992865941358,5.953424496040166e-05,20,0.024944848638408294,r
SI,J,0.34952103003099866,0.08374586516646215,0.003468295036562579,8.201518636146654e-129,20,4.70767169714818e-126,r
SI,M,0.790313182226973,0.011429528448835964,0.018141741297502314,0.5286862378945293,20,1.0,r
SI,N,0.6738360849668082,0.0005311810140197624,0.021512541034396464,0.9803008827507155,20,1.0,r
SI,R,0.9627873569942147,-0.1499720162483377,0.35749000842437295,0.6748406215990661,20,1.0,r
SI,S,0.6886618691258675,-0.07343917238209802,0.017984439711447073,4.436547920464672e-05,20,0.018766597703565563,r
SK,A,0.46666807767320484,-0.08667685308558325,0.019658447950144393,1.0378182649459494e-05,20,0.0045248876351643395,r
SK,C10-C12,0.5868760479313746,-0.10285225454653533,0.024775274233333134,3.3043708970227315e-05,20,0.014109663730287063,r
SK,C13-C15,0.36762259566601335,-0.050514205824055414,0.021201018468245257,0.017189410447008124,20,1.0,r
SK,C16-C18,0.6136280263448322,-0.13527630021707468,0.024892412762714568,5.496907879351088e-08,20,2.5890436111743626e-05,r
SK,C19,0.6089660232161417,-0.14644956769195636,0.02888614609898919,3.9804681662168135e-07,20,0.00018429567609583848,r
SK,C20,0.5892653855573875,-0.12111465080745715,0.026808957357229702,6.251690655372131e-06,20,0.0027757506509852262,r
SK,C21,0.37318433820086117,-0.1282263198809642,0.018679709477959442,6.673819904061261e-12,20,3.3903005112631207e-09,r
SK,C22-C23,0.7172726486905449,-0.06729070600865743,0.03232314703078928,0.037359671682996747,20,1.0,r
SK,C24-C25,0.7185971435406548,-0.053555482894498935,0.03589277560821194,0.13567386365856213,20,1.0,r
SK,C26,0.5295865617277934,0.009741069487917408,0.04542366254631257,0.830196753976451,20,1.0,r
SK,C27,0.1827637740738143,-0.10690959068982986,0.015063928082769098,1.2743939996471667e-12,20,6.550385158186437e-10,r
SK,C28,0.4589596759053186,-0.0804615095214959,0.020692021348374688,0.00010085393373413133,20,0.04185438249966451,r
SK,C29-C30,0.6904194308484473,-0.07696528826933222,0.03231790599826571,0.01724200810363982,20,1.0,r
SK,C31-C33,0.6212860434730421,-0.10936023213790183,0.032342077851803146,0.0007212778430696509,20,0.2776919695818156,r
SK,F,0.532792540037507,0.5436162342925058,0.06393211935082027,1.8471746107375475e-17,20,9.771553690801626e-15,r
SK,G45,0.040681576491736635,-0.05003762079846761,0.0215032409401208,0.019966306981733996,20,1.0,r
SK,G46,0.5030450894266085,0.0583318434469043,0.05651479679181619,0.30200105873286676,20,1.0,r
SK,G47,0.10014344205014475,-0.09007812370197593,0.02347763518777398,0.0001246666401405043,20,0.05148732237802828,r
SK,H49,0.6742335305237535,-0.009632370595497161,0.03249759893348876,0.7669226921946715,20,1.0,r
SK,H50,0.872814112530604,-0.15462286947087267,0.04218079604085084,0.00024664637305768863,20,0.09865854922307546,r
SK,H51,-0.284829514359937,-0.09152554946085335,0.11405908264988623,0.42229858821474975,20,1.0,r
SK,H52,0.5629493983526587,-0.12471331428948493,0.0220513737055704,1.553206081128785e-08,20,7.417328799936997e-06,r
SK,H53,0.6506300603959202,-0.13098190984563868,0.036382877092599006,0.00031809771286539837,20,0.12660288972042855,r
SK,I,0.28136114698723447,-0.07838494700527796,0.01783445624058774,1.1070095545595362e-05,20,0.004815491562333982,r
SK,J58-J60,0.22789212678343124,-0.016172603207138096,0.018211082865695956,0.37450644082985485,20,1.0,r
SK,J61,0.6396482417158739,-0.12658092820849856,0.028060319295478836,6.451374605828156e-06,20,0.002857958950381873,r
SK,J62-J63,0.8395419601580775,0.6541884318631805,0.2819122988694485,0.020311747722993243,20,1.0,r
SK,M,0.6816822961875924,0.23657740915706607,0.05476772025860057,1.5627651556844646e-05,20,0.0067824007756705764,r
SK,N,0.6335431524228187,0.3487458883871991,0.06690518149669096,1.862730825582657e-07,20,8.698952955471008e-05,r
SK,R,0.7522932093595365,0.24959237509078938,0.07221774538849111,0.0005480343542100353,20,0.21318536378770372,r
SK,S,0.6598412529077231,0.07616136138481591,0.04609957340168313,0.0985130343705984,20,1.0,r
UK,A,0.8340749975149157,-0.0968098765730687,0.05003704138341428,0.053019237535370724,22,1.0,r
UK,C10-C12,0.32829527694632776,0.11015714021910301,0.007007927724636498,1.1219882591541806e-55,22,6.361673429404204e-53,r
UK,C13-C15,0.32938425774397584,0.05021853106348772,0.0465948566352013,0.28113648327243856,22,1.0,r
UK,C16-C18,0.22504308264561315,-0.12041522661310668,0.006939030955142484,1.8616626702018948e-67,22,1.0574243966746763e-64,r
UK,C19,0.5214462396376717,0.008735511606400266,0.06519936007746999,0.8934171604029131,22,1.0,r
UK,C20,0.4426495804266872,-0.07735617493731817,0.011548194577716234,2.104956885999922e-11,22,1.0587933136579608e-08,r
UK,C21,0.8624918253331524,0.36246166357744064,0.11821338848613384,0.002168241828634949,22,0.7935765092803913,r
UK,C22-C23,0.6642317429347558,-0.05206236623957405,0.021330306250842587,0.014655995811087829,22,1.0,r
UK,C24-C25,0.23954159746210554,-0.09158142010900895,0.007169345758320678,2.289918400303729e-37,22,1.2754845489691771e-34,r
UK,C26,0.6467247859083405,-0.0581499010727336,0.03384627426524765,0.08578582752343929,22,1.0,r
UK,C27,0.4657137531481592,-0.007137815078375955,0.017306967725684054,0.6800284116741877,22,1.0,r
UK,C28,0.5042044055016406,0.06647613530139955,0.031508806727687216,0.03487871833959105,22,1.0,r
UK,C29-C30,0.3457669368383536,-0.13414848913922384,0.0066163267832582235,2.121800849887422e-91,22,1.211548285285718e-88,r
UK,C31-C33,0.5969251980521485,0.02194577315993044,0.02660705189058734,0.4094792403020626,22,1.0,r
UK,F,0.6261399118875982,0.059299287795203076,0.027864374843922936,0.03332548630269024,22,1.0,r
UK,G,0.9373716226142766,-0.09697367762341116,0.17432230992241696,0.5780129365172073,22,1.0,r
UK,H,0.728145210398902,-0.19622298564082347,0.014584755864486798,2.917448195643557e-41,22,1.639605885951679e-38,r
UK,I,0.7323337558900972,-0.0712687135243525,0.018863990602001352,0.0001580741396015434,22,0.06417810067822662,r
UK,J58-J60,0.34811043026951916,-0.05543154752634815,0.006827479205088059,4.704695908080119e-16,22,2.4558512640178223e-13,r
UK,J61,0.8220080408621374,-0.061329316334065,0.0318217732885467,0.05394533530329253,22,1.0,r
UK,J62-J63,0.38820086644030855,-0.03509646168282462,0.01675207778553603,0.03616643593133344,22,1.0,r
UK,M,0.5521000361099461,0.04927498660515852,0.01330839684525787,0.00021344442448922412,22,0.08623154749364655,r
UK,N,0.8927429014473005,0.0859976462472288,0.07449609921523392,0.24833979450676724,22,1.0,r
UK,R,0.7637341091610801,-0.11790184805827081,0.02591415203666802,5.372018070599676e-06,22,0.002401292077558055,r
UK,S,0.6250823514082011,0.29416369483271854,0.028419072275676402,4.144604971442072e-25,22,2.246375894521603e-22,r
US,A,0.6762208808908782,-0.10819546772513847,0.01971935066136607,4.0935823315637176e-08,23,1.9362644428296386e-05,r
US,C10-C12,0.553816281654771,0.12809276750125548,0.01905265151704974,1.7790570264485628e-11,23,8.966447413300756e-09,r
US,C13-C15,0.7821257098659341,-0.14950620266517295,0.0308478111278542,1.2561168040809913e-06,23,0.000574045379465013,r
US,C16-C18,0.711027767627856,-0.01730646050270237,0.020879868829514894,0.407184379361867,23,1.0,r
US,C19,0.7105575162798714,0.29000463828178596,0.111103230457392,0.009048219193518996,23,1.0,r
US,C20,0.7888733657634096,-0.025317079074221045,0.02435002049718431,0.2984723770436202,23,1.0,r
US,C22-C23,0.7916505745316157,-0.019125804435322354,0.030702748485825833,0.5333274978799467,23,1.0,r
US,C24-C25,0.5473836346231605,-0.03444457808437932,0.010354825309077186,0.0008796682661456202,23,0.3351536094014813,r
US,C26,0.4929670338170982,-0.1551596179329293,0.012407375797407789,6.971810107448083e-36,23,3.862382799526238e-33,r
US,C27,0.30667908371321406,0.01732525580623005,0.013755869043981453,0.20785664592815312,23,1.0,r
US,C28,0.7739763745541424,-0.042063532455080294,0.022882509122245997,0.06602711954225453,23,1.0,r
US,C29-C30,0.6868093221366478,-0.020611962035144434,0.026059930056248674,0.4289762964467848,23,1.0,r
US,C31-C33,0.5975046788845002,0.13650156219819926,0.029836409414546114,4.762208155139256e-06,23,0.002133469253502387,r
US,F,0.8058948360742402,0.3036321434863123,0.12367313596967065,0.014083834553013232,23,1.0,r
US,G,1.0338063743676706,-0.03602610710160542,0.2669970377141332,0.8926666370839493,23,1.0,r
US,G46,0.9473701336293895,0.4786027074824206,0.25457784585441806,0.06011002806487022,23,1.0,r
US,G47,0.9289778474753901,-0.003072396533929049,0.0599597924363942,0.9591335238611214,23,1.0,r
US,H,0.7015932601987427,-0.08121510327678061,0.008165606471052599,2.6252995550537125e-23,23,1.4202870592840586e-20,r
US,H49,0.7111842749713226,-0.08888600581934339,0.009080370308830134,1.2576920813204235e-22,23,6.791537239130287e-20,r
US,H50,0.737089753278831,-0.07665551413497282,0.027398233175543636,0.005144767444964705,23,1.0,r
US,H51,0.8424799722339549,-0.08909880555300335,0.04836371553084637,0.06543632065120933,23,1.0,r
US,H52,0.29376709806992346,-0.019063084928988807,0.005919806698467651,0.0012809187702952675,23,0.4765017825498395,r
US,I,1.0939336683400227,-0.11600650909147105,0.3396253041055441,0.7326729792729451,23,1.0,r
US,J,0.4872494281866125,-0.027158995971181432,0.007647366611465334,0.0003831612636803149,23,0.15096553789004408,r
US,J58-J60,0.5789241566611669,-0.022299769067004135,0.008795527209435489,0.011233396325330398,23,1.0,r
US,J62-J63,0.7884144187410846,-0.08156965915610268,0.14940146869546375,0.5850822374356215,23,1.0,r
US,M,0.37777652410928236,0.022250811885946534,0.0077088010583304355,0.003896559151463277,23,1.0,r
US,N,0.8690865378371133,0.052743481935874345,0.03756508842191745,0.16030222092297808,23,1.0,r
US,R,0.5049917187066834,-0.11338939527716632,0.010067761423028364,2.0069604356532282e-29,23,1.099814318737969e-26,r
US,S,0.8709132916183895,-0.19209461237736666,0.03775328476966641,3.615614002239323e-07,23,0.00016776448970390459,r
AT,A,0.0443607893033466,0.002438089051284703,0.039150275164905685,0.9503437216980617,25,1.0,r_inc
AT,C10-C12,-0.2698447917337358,0.040522345985852935,0.03894166453292233,0.29806540583568153,25,1.0,r_inc
AT,C13-C15,-0.23857862390044984,-0.05909141392404235,0.06789133398514785,0.3840915283310634,25,1.0,r_inc
AT,C16-C18,0.22821250731164314,0.007134043289316179,0.04695574500926211,0.8792411897694272,25,1.0,r_inc
AT,C19,-0.10389600556335009,-0.09695465359079362,0.22742228905365108,0.669874739778517,25,1.0,r_inc
AT,C20,-0.04355436302598675,0.08907997942762814,0.07884619975566473,0.258562951391515,25,1.0,r_inc
AT,C21,-0.6069688055355607,0.047904281640179236,0.03115727899364119,0.1241711884518957,25,1.0,r_inc
AT,C22-C23,-0.08508623328844304,-0.032106402199952706,0.02700616995946322,0.23449699276310376,25,1.0,r_inc
AT,C24-C25,-0.05796469374148583,0.0022485194501554212,0.03705116142125922,0.9516085793081372,25,1.0,r_inc
AT,C26,0.1520016807894431,0.015569209437789219,0.05375346728674049,0.7720908771521222,25,1.0,r_inc
AT,C27,0.18807200515237066,0.038236155452787336,0.07619338636665163,0.615786846451311,25,1.0,r_inc
AT,C28,-0.13850774577243782,0.04815613845051102,0.04253908455338939,0.2576157089765505,25,1.0,r_inc
AT,C29-C30,0.011131750977629886,-0.00926974827671659,0.03405351223027352,0.7854596113905445,25,1.0,r_inc
AT,C31-C33,-0.02724102668292618,-0.0067412415994091935,0.06569667459076081,0.9182712274555785,25,1.0,r_inc
AT,F,-0.02505742765845876,-0.009285989000327824,0.0696950246267627,0.8940055754233106,25,1.0,r_inc
AT,G45,0.0050393692253943734,0.005895456972382849,0.12450665257372372,0.9622338497989428,25,1.0,r_inc
AT,G46,-0.17734447384976149,0.08902837997680012,0.05654919768835749,0.11540594102065929,25,1.0,r_inc
AT,G47,0.19009223803611328,0.02077575938004775,0.05551156251407092,0.7082108617952185,25,1.0,r_inc
AT,H49,-0.4398623299530822,-0.015328368056369772,0.02555709500239833,0.5486598114070709,25,1.0,r_inc
AT,H50,-0.03878050964217618,-0.04460623613203688,0.25247753995641475,0.8597644047219534,25,1.0,r_inc
AT,H51,-0.27133692972562196,-0.038527252022279725,0.07263626114818288,0.5958252821315837,25,1.0,r_inc
AT,H52,-0.29128423419024974,-0.0010210235872595349,0.018626472153880053,0.9562852719886541,25,1.0,r_inc
AT,H53,-0.2748927423262056,0.08332542014557544,0.06082957456244491,0.17074385530889036,25,1.0,r_inc
AT,I,-0.22850371464520905,0.0292826190307555,0.02784620276705727,0.29299048897494495,25,1.0,r_inc
AT,J58-J60,-0.1347424437133901,0.05237188372058664,0.038821601567465995,0.1773241983480831,25,1.0,r_inc
AT,J61,0.051015393565219815,-0.05411193663743362,0.03799337878611345,0.15437512943399798,25,1.0,r_inc
AT,J62-J63,-0.2159028115228753,-0.029050612475850012,0.03290593086947555,0.3773237028133215,25,1.0,r_inc
AT,M,0.0446023808873245,-0.06439437327910306,0.03604539259268936,0.0740215712401669,25,1.0,r_inc
AT,N,-0.1522106920619128,-0.03719019112075546,0.01954816314707736,0.057107083433889476,25,1.0,r_inc
AT,R,-0.3888381355484805,-0.04130316484645684,0.029137112522971107,0.15632368079054315,25,1.0,r_inc
AT,S,-0.028340689739152786,-0.007102806349401863,0.04628355748702837,0.8780332895950627,25,1.0,r_inc
BE,A,-0.42422973748307113,-0.015899748754325593,0.047726851461050684,0.7390282039437964,25,1.0,r_inc
BE,C10-C12,-0.11884908303181257,-0.0032391355648432787,0.0321007790879924,0.9196257144149186,25,1.0,r_inc
BE,C13-C15,0.033726640603636185,-0.023989189868269218,0.04185418844954942,0.5665356660006515,25,1.0,r_inc
BE,C16-C18,-0.3274100261302105,-0.02674388509172918,0.020160934467046605,0.18466747712771348,25,1.0,r_inc
BE,C19,-0.29823259176953554,0.14655924509906593,0.179925425587115,0.41532679106127135,25,1.0,r_inc
BE,C20,-0.025809533346079928,0.009930690817289768,0.03962092678814102,0.8020904678416316,25,1.0,r_inc
BE,C21,-0.16665411695453897,0.021926227288433162,0.05464425075785389,0.6882330854211264,25,1.0,r_inc
BE,C22-C23,-0.31280948485356075,-0.0156708398707921,0.02725561129115078,0.565319501010076,25,1.0,r_inc
BE,C24-C25,-0.22071333725346412,0.02725052439544742,0.055312231477782664,0.6222477292076966,25,1.0,r_inc
BE,C26,-0.1948557780443687,0.012793131457189015,0.030376106948309185,0.6736399273892271,25,1.0,r_inc
BE,C27,-0.036866147603149664,-0.04359783085454482,0.06800891398905498,0.521483352985944,25,1.0,r_inc
BE,C28,-0.19469269454598018,0.047975900013424874,0.05043857923929786,0.34151570399359177,25,1.0,r_inc
BE,C29-C30,-0.00528857120200796,-0.045007005759854724,0.060924839024513684,0.46007097083493675,25,1.0,r_inc
BE,C31-C33,-0.2551017527249551,0.005055982836977785,0.03605504926869307,0.8884786359450183,25,1.0,r_inc
BE,F,0.011848691126200654,0.013790986544240897,0.027928243790834133,0.621446933425994,25,1.0,r_inc
BE,G,-0.17819374193900966,0.06570955992894491,0.03230208801883397,0.04192939883389535,25,1.0,r_inc
BE,H,-0.20247700951457387,-0.011410906885193356,0.018436127530829884,0.5359540954897544,25,1.0,r_inc
BE,I,-0.3949284213016003,0.03853980025258086,0.028711963053695302,0.1795017659441921,25,1.0,r_inc
BE,J,-0.1450348574810745,0.006324769773790595,0.023106258477653515,0.7842956589505227,25,1.0,r_inc
BE,J58-J60,0.26661039701027867,0.014041619392495744,0.04152393986065925,0.7352447245147187,25,1.0,r_inc
BE,J62-J63,-0.013920499635630216,0.0275265991247128,0.04261887568386108,0.5183582933002029,25,1.0,r_inc
BE,M,-0.028969287885248787,-0.11983246537389232,0.05035858613533477,0.017332211332445484,25,1.0,r_inc
BE,N,-0.08578581563388671,0.0013112091363214977,0.022746547842043448,0.954031951215137,25,1.0,r_inc
BE,R,-0.34894020360125566,-0.0024274119743417067,0.024038208625762603,0.9195652248854997,25,1.0,r_inc
BE,S,-0.4777861213233622,-0.12959746761291732,0.045401903351361884,0.004311140358275156,25,1.0,r_inc
CZ,A,-0.13272156123125528,0.025463529077173086,0.04857781764018855,0.6001532266428342,25,1.0,r_inc
CZ,C10-C12,-0.0008420878556016759,0.008157249202727639,0.040836475724748675,0.8416729820987328,25,1.0,r_inc
CZ,C13-C15,-0.06144038525367286,-0.0446065968311658,0.051839726941620666,0.38952930166894617,25,1.0,r_inc
CZ,C16-C18,0.013792777817130036,0.019553532077052436,0.03231039135238834,0.5450608540938502,25,1.0,r_inc
CZ,C19,0.16682887161102156,-0.0005705055059495002,0.1677401249527876,0.9972862983285351,24,1.0,r_inc
CZ,C20,0.01518611439790371,-0.0220340073176304,0.06808129337676755,0.7462086264188235,25,1.0,r_inc
CZ,C21,-0.1796666327127835,-0.014154153289683674,0.06311158024222546,0.8225457487891424,25,1.0,r_inc
CZ,C22-C23,-0.18144520028943317,0.020389299061355667,0.022831126550837237,0.3718313003522865,25,1.0,r_inc
CZ,C24-C25,0.4436165721493459,-0.035824440098592564,0.07996773403411989,0.6541631668969273,25,1.0,r_inc
CZ,C26,-0.3620937510358215,0.0155184905815654,0.035038869651339705,0.657842707932845,25,1.0,r_inc
CZ,C27,-0.168874113477236,0.04842349098070776,0.043340322291418806,0.26387249692987513,25,1.0,r_inc
CZ,C28,0.1710605613075814,-0.026010287931848074,0.048573047529516716,0.592312398415928,25,1.0,r_inc
CZ,C29-C30,0.03238485169564043,0.046238639529331896,0.038572100770401574,0.23062180446539993,25,1.0,r_inc
CZ,C31-C33,-0.22630047956847965,0.029936374569841377,0.033436806011694666,0.37062031282271946,25,1.0,r_inc
CZ,F,0.010459955174822998,0.00346330960108623,0.050991346564669186,0.945849671534355,25,1.0,r_inc
CZ,G45,0.19052616285323676,0.0034136336890314674,0.053004413548510106,0.9486494848947051,25,1.0,r_inc
CZ,G46,0.028719812333198504,0.12778502692631724,0.06831983653274692,0.061429094918950856,25,1.0,r_inc
CZ,G47,-0.019157130636646206,0.02105335394258341,0.052996963056172366,0.691178796261424,25,1.0,r_inc
CZ,H49,-0.11273788737749038,-0.039163621451692776,0.03111660706430873,0.20817182981173032,23,1.0,r_inc
CZ,H50,-0.6500555202470791,-0.060075780569330516,0.14986650435417612,0.6885217585443806,15,1.0,r_inc
CZ,H51,0.35438047536304956,0.14677835806529033,0.22247552610168142,0.5094139002428711,21,1.0,r_inc
CZ,H52,0.1723008027507316,-0.01966091039656621,0.031248243779133662,0.5292282802005959,25,1.0,r_inc
CZ,H53,-0.12318268497452814,-0.04936292529688109,0.06436656403224184,0.4431390583107305,25,1.0,r_inc
CZ,I,-0.12121676150949717,-0.11436766878196174,0.10680906659153824,0.28427401905458083,25,1.0,r_inc
CZ,J58-J60,-0.014443575159389044,0.06577746547965738,0.034864227792917396,0.05920405797981339,25,1.0,r_inc
CZ,J61,0.29663962064465454,-0.010165192118159815,0.043754597547908586,0.8162872783207004,25,1.0,r_inc
CZ,J62-J63,0.08424167639275432,0.01133816773044142,0.06250474559992437,0.8560560438800091,25,1.0,r_inc
CZ,M,0.04377946814011888,-0.018417977889042373,0.041794789345450445,0.6594472741083717,25,1.0,r_inc
CZ,N,-0.1832360268569537,-0.010533137538624024,0.03181694917379457,0.7406034774053807,25,1.0,r_inc
CZ,R,-0.2964341855417124,-0.002710383399030749,0.020663605480608065,0.8956431906478706,25,1.0,r_inc
CZ,S,-0.1500594369183737,-0.05519384026552172,0.10506062442944913,0.5993383091865732,25,1.0,r_inc
DE,A,-0.36113178803007284,0.019974234216592456,0.03690787470734414,0.5883754809272319,25,1.0,r_inc
DE,C10-C12,-0.37133937465648664,-0.04515400872643429,0.041548815573741495,0.27713844333509097,25,1.0,r_inc
DE,C13-C15,-0.3656395099324744,0.039799812629097826,0.0417588449715253,0.34054598799387004,25,1.0,r_inc
DE,C16-C18,-0.2826264633897727,-0.0047270741943934765,0.042557129581780824,0.9115561087081825,25,1.0,r_inc
DE,C19,-0.040525718071271,0.08560746145946664,0.318111599913374,0.7878439496633668,25,1.0,r_inc
DE,C20,-0.12931036844072535,-0.025558233182174647,0.044286192292101796,0.5638616603929498,25,1.0,r_inc
DE,C21,-0.24456135732877554,0.001580371392338829,0.034416300519388765,0.9633745952215071,25,1.0,r_inc
DE,C22-C23,-0.18276516501243892,-0.019925784015666737,0.033829157242854846,0.5558531355401639,25,1.0,r_inc
DE,C24-C25,0.09117651849770404,0.014603122610481748,0.05244698662086876,0.7806777836033695,25,1.0,r_inc
DE,C26,-0.3439047705254024,-0.0010952207583205464,0.0318072994321372,0.9725318684464332,25,1.0,r_inc
DE,C27,-0.3904392811285743,-0.022361066018051087,0.050201634324468385,0.6560126049288615,25,1.0,r_inc
DE,C28,-0.28391656923100617,0.03734893250323332,0.03783429899627927,0.3235586899056063,25,1.0,r_inc
DE,C29-C30,-0.045182117129317245,0.00047451008061677956,0.039988132842862865,0.990532306576223,25,1.0,r_inc
DE,C31-C33,-0.20365733595155314,0.024057483800345933,0.05340498243763303,0.6523696728723596,25,1.0,r_inc
DE,F,0.18799196484698968,0.187010210770079,0.1023924690395839,0.06778914204922418,25,1.0,r_inc
DE,G,-0.0842635065331601,0.10789551967651999,0.07219158931686849,0.1350262083901071,25,1.0,r_inc
DE,H,-0.08034102936534121,-0.02016658430895638,0.03525195765687701,0.5672746121107037,25,1.0,r_inc
DE,I,-0.6884520732834813,0.04013595505758729,0.05748237620171321,0.48503298145409657,25,1.0,r_inc
DE,J58-J60,-0.3211876859409222,-0.04145828188750913,0.031100338043183937,0.18251564654450636,25,1.0,r_inc
DE,J61,-0.3393288745525209,-0.02603532820139751,0.05521880957901163,0.6372881223321467,25,1.0,r_inc
DE,J62-J63,-0.1323116358181439,0.0071998199592478935,0.05870492849430305,0.9023888390312258,25,1.0,r_inc
DE,M,0.12546261765649613,-0.13467758902483293,0.07926474350621238,0.089303044918688,25,1.0,r_inc
DE,N,0.09662605158217895,-0.048667466194485164,0.045642518097006514,0.28629944415754716,25,1.0,r_inc
DE,R,-0.11264485198396149,-0.06564779907923417,0.03547106293864201,0.06420662548190316,25,1.0,r_inc
DE,S,0.10584912310059175,-0.10699897013249239,0.10063265727752951,0.2876627486957972,25,1.0,r_inc
DK,A,-0.17771219878387953,-0.03025939498476305,0.0822610929016468,0.7129882392240656,25,1.0,r_inc
DK,C10-C12,-0.08312427961864029,-0.07001906677879763,0.04978260556189277,0.1595767056589652,25,1.0,r_inc
DK,C13-C15,-0.2001842871734148,0.020385256324090485,0.07278306232443413,0.7794142709739572,25,1.0,r_inc
DK,C16-C18,-0.34315188304985644,-0.014628107056179854,0.03726326820191827,0.6946437248751214,25,1.0,r_inc
DK,C19,-0.2864173781872762,-0.11969432474977455,0.24948082474077168,0.6313883546032045,18,1.0,r_inc
DK,C20,-0.25267762163684787,0.033550180863607934,0.04282956219890707,0.43342649826950774,23,1.0,r_inc
DK,C21,-0.02311061579221785,0.09183125155843946,0.052281905698672186,0.07900932301265068,25,1.0,r_inc
DK,C22-C23,-0.20631381120171627,-0.03165096402491345,0.054927061666443996,0.5644555063307983,25,1.0,r_inc
DK,C24-C25,-0.19358735949898934,-0.004838014810229521,0.05196747131727147,0.9258265139939742,25,1.0,r_inc
DK,C26,-0.061811588261428886,-0.010991890218913052,0.0469869893417622,0.8150356248548803,25,1.0,r_inc
DK,C27,-0.37422428952306236,0.02982374498104955,0.06570144005491213,0.6498804120182645,25,1.0,r_inc
DK,C28,-0.3703686030518236,0.03508101547278768,0.06333525358741958,0.5796514075772898,25,1.0,r_inc
DK,C29-C30,-0.29873727620533935,-0.009044984167679184,0.09905738707704322,0.927245837952599,25,1.0,r_inc
DK,C31-C33,0.02081130768018671,0.06473633828089768,0.05988222713717966,0.27966999551328486,25,1.0,r_inc
DK,F,-0.046345235520366734,0.05040362938404883,0.11121845104714245,0.6504084395948957,25,1.0,r_inc
DK,G45,-0.16566819385069567,0.07814293633289446,0.08094502998182845,0.33435313399767774,25,1.0,r_inc
DK,G46,-0.3800530961063273,0.17675797150002154,0.07651859341764718,0.02088813914313095,25,1.0,r_inc
DK,G47,-0.1264040368118484,0.04654510609220974,0.1026405080037085,0.6502053264128971,25,1.0,r_inc
DK,H49,-0.29762524738439605,-0.04593998389601269,0.022489672190385977,0.04108068915609981,25,1.0,r_inc
DK,H50,0.02764809942683354,0.2011106387203835,0.21411834351306358,0.34760244020033315,25,1.0,r_inc
DK,H51,-0.030293797256619556,-0.04439108092878833,0.093712186368068,0.6357167587169156,25,1.0,r_inc
DK,H52,-0.33958801719228937,-0.029328369392972217,0.03500235951458583,0.40208859612652215,25,1.0,r_inc
DK,H53,-0.15149368119781315,-0.12291817926679588,0.21410994146046636,0.5659075226491346,22,1.0,r_inc
DK,I,-0.7356087392935059,0.0278328708659692,0.05674282086311401,0.6237736811414729,25,1.0,r_inc
DK,J58-J60,-0.3458141829398018,-0.01691438579858095,0.026452311906970404,0.5225436314268639,25,1.0,r_inc
DK,J61,-0.2175006651592821,-0.05844808311818126,0.02994640988564602,0.05096718862039521,25,1.0,r_inc
DK,J62-J63,-0.10060456538305765,-0.021088477718028333,0.06241848463873999,0.7354714872672725,25,1.0,r_inc
DK,M,0.01952736057011108,0.030068134638702032,0.0848540888985045,0.7230758216134843,25,1.0,r_inc
DK,N,-0.3571258129024975,-0.06417399300984236,0.026471075203392026,0.015337665204578804,25,1.0,r_inc
DK,R,-0.22496233810038377,-0.036306817923919286,0.02472576432806914,0.14200103005403805,25,1.0,r_inc
DK,S,-0.44318408555985145,-0.030542127860610384,0.01966940656566293,0.12047732155206203,25,1.0,r_inc
EE,A,-0.31059110551073327,0.0031097708728932815,0.0564256714788069,0.956048681656606,20,1.0,r_inc
EE,F,-0.054234123969760614,0.15575382487408995,0.1520951537230553,0.3058092285154377,20,1.0,r_inc
EE,G,-0.02766737401383256,0.11019887931138438,0.05660007960981094,0.05153786049901017,20,1.0,r_inc
EE,H,0.052717874880147446,-0.05560874755372667,0.05397584537876665,0.3028915086882893,20,1.0,r_inc
EE,I,0.17489935860950642,-0.05814549306275763,0.06013863375939769,0.33361524210182314,20,1.0,r_inc
EE,J,0.25148899624652593,-0.06534976465298051,0.06674067640018443,0.3275011961189902,20,1.0,r_inc
EE,M,0.23182083636931192,-0.03502634829422261,0.07434419222266209,0.6375424375354681,20,1.0,r_inc
EE,N,0.04380295438975609,0.10975220936143035,0.0646588240286642,0.08962012329631099,20,1.0,r_inc
EE,R,0.17819203723340524,-0.042522707251405736,0.05594657721882248,0.4472192362752089,20,1.0,r_inc
EE,S,0.2072569456655233,-0.12506033120521517,0.0725232504933979,0.08463257795915756,20,1.0,r_inc
EL,A,-0.23217875090523485,0.006617442643325366,0.17533201888645297,0.9698931086165905,25,1.0,r_inc
EL,C10-C12,-0.18113497596334815,0.03144228463075223,0.15006685301316525,0.8340408802537622,25,1.0,r_inc
EL,C13-C15,-0.34345416194081096,0.0625471835444428,0.18609943682603186,0.73679885061762,19,1.0,r_inc
EL,C16-C18,-0.06269325592667932,-0.10539507068531163,0.24136192968442954,0.6623520206678657,25,1.0,r_inc
EL,C19,0.31457799953330395,0.9346778410765129,1.0106154468425113,0.3550387156222998,25,1.0,r_inc
EL,C20,-0.05007015173620773,0.1472808339547355,0.16181320251542589,0.3627220720826606,23,1.0,r_inc
EL,C21,-0.15434895661590065,-0.10254911959162036,0.3054162672082436,0.737045550339485,25,1.0,r_inc
EL,C22-C23,-0.10306280756686309,0.12286628821690063,0.126732309549571,0.3322984792357062,25,1.0,r_inc
EL,C24-C25,-0.055733609014692084,0.11179241937530023,0.1663142803078393,0.5014718428188504,23,1.0,r_inc
EL,C26,-0.10647640942194017,0.24135967150054816,0.23858335694498778,0.3117118084239221,25,1.0,r_inc
EL,C27,0.2622216869892843,0.08400072184463618,0.4458886337879361,0.850571356368379,25,1.0,r_inc
EL,C28,-0.3337617731076284,0.04471857799093456,0.14251566401701182,0.7536880665294096,25,1.0,r_inc
EL,C29-C30,-0.337829991564249,-0.7113021565132667,0.8091736208654003,0.37937544927403133,25,1.0,r_inc
EL,C31-C33,0.18716330802914535,0.3456355926765687,0.4716879300490922,0.4637028236668579,23,1.0,r_inc
EL,F,0.2023668251289991,-0.38914132839598137,1.2506236401855697,0.7556806454403594,23,1.0,r_inc
EL,G45,-0.1310098909175938,0.037863428649798504,0.292251286035383,0.8969163060619672,25,1.0,r_inc
EL,G46,-0.019759868515171763,0.07539423826078359,0.22530062606185267,0.7378978835768388,25,1.0,r_inc
EL,G47,0.03222616473606514,-0.4137372640579079,0.25769802985006246,0.10838118747925227,25,1.0,r_inc
EL,H49,0.1769729941761066,0.04553845906021811,0.16730933589322844,0.7854826816508071,25,1.0,r_inc
EL,H50,-0.29997807653086805,0.34236097377023444,0.2425506185755478,0.15809629334755704,16,1.0,r_inc
EL,H51,-0.11400772607957149,-2.8329269886855246,1.5898226304133543,0.07476327909257456,17,1.0,r_inc
EL,H52,0.06282234566995502,0.27767906255101477,0.6061033120078397,0.6468531771578989,25,1.0,r_inc
EL,H53,-1.4618489047541914,0.2387462179894963,0.5357531963133495,0.6558665307266934,21,1.0,r_inc
EL,I,-0.21331241662074332,0.36816852413866125,0.27250104994402535,0.17667238672453733,25,1.0,r_inc
EL,J58-J60,-0.2817613021549903,0.01051660702349958,0.10971665431962828,0.9236377824503245,25,1.0,r_inc
EL,J61,-0.12519986491272658,0.03845601333786582,0.1289967052192168,0.765614443500671,25,1.0,r_inc
EL,J62-J63,0.26490155716742914,-0.04155953310267235,0.21136112266999016,0.8441185898463905,25,1.0,r_inc
EL,M,-0.1708539440041937,-0.09306198188225612,0.14035659772347192,0.50730519479472,25,1.0,r_inc
EL,N,-0.4988621344177373,0.1952968825764544,0.11455477215807516,0.08822536865937854,25,1.0,r_inc
EL,R,-0.37788348731783283,-0.03736047775978683,0.11872177098544773,0.7529975259789151,25,1.0,r_inc
EL,S,0.540323442938153,0.4585905902335704,0.6269645378253591,0.46450688692602526,25,1.0,r_inc
ES,A,-0.14471870030810516,0.09847871151404892,0.05894832005534645,0.09480189265921858,25,1.0,r_inc
ES,C10-C12,0.1390954178824468,0.013048257480346387,0.04386049897622322,0.766089001738342,25,1.0,r_inc
ES,C13-C15,-0.28920756997781727,0.20362306937473695,0.11778445663804521,0.08384899922225696,25,1.0,r_inc
ES,C16-C18,0.10154941669265947,-0.03387445330685053,0.03877620445410768,0.3823422925203567,25,1.0,r_inc
ES,C19,-0.02069337353706287,-0.02918903120085221,0.16542093160866403,0.8599380149442756,23,1.0,r_inc
ES,C20-C21,-0.04101050998065148,0.08413063800964576,0.039609229837198084,0.03366880549997385,25,1.0,r_inc
ES,C22-C23,0.19033592332891963,-0.00364900967102477,0.0470010564021491,0.9381170014586443,25,1.0,r_inc
ES,C24-C25,-0.11602171720915566,0.014375540871581294,0.0387104466728444,0.7103688486828348,25,1.0,r_inc
ES,C26-C27,-0.005452957880592015,-0.07933209234650224,0.05464801316285638,0.14658721982420056,25,1.0,r_inc
ES,C28,-0.051378041716559054,0.030986584881012927,0.07038927475806563,0.6597796446226977,25,1.0,r_inc
ES,C29-C30,-0.3456434119535414,-0.034815374061639454,0.08301795784086582,0.6749445741497376,25,1.0,r_inc
ES,C31-C33,-0.08036589163652084,0.05357087323511021,0.06607817178841006,0.41752667816632383,25,1.0,r_inc
ES,F,0.1794158726973712,-0.09638956092765069,0.0859683031558881,0.2621933371833669,25,1.0,r_inc
ES,G,0.2846509420754432,0.019107351490757762,0.05811115876480928,0.7423016275781122,25,1.0,r_inc
ES,H,0.39053000880371663,-0.03331910809968841,0.036607590771299124,0.3627331910883722,25,1.0,r_inc
ES,I,-0.6686531359460655,-0.07061156213571108,0.08045698437444718,0.38014387579355313,25,1.0,r_inc
ES,J58-J60,-0.04747685703382872,-0.03203714880529976,0.03334620289279768,0.33668113635603547,25,1.0,r_inc
ES,J61,-0.07165330868246027,-0.037395638205661504,0.049644311685499196,0.4512868651040277,25,1.0,r_inc
ES,J62-J63,0.29037014147576085,0.02932250045646748,0.0894148742949889,0.7429588337218795,25,1.0,r_inc
ES,M,-0.1545632524675578,-0.058884491816534726,0.02820933741634231,0.036850964577187825,25,1.0,r_inc
ES,N,0.16674205948617798,-0.002820609585886468,0.036772548085637825,0.938858848061303,25,1.0,r_inc
ES,R,0.6086743327644866,-0.0798879566284629,0.09645063270657588,0.4075129647616461,25,1.0,r_inc
ES,S,0.22563521100287096,-0.024980273553929025,0.09278586494443916,0.7877565508140563,25,1.0,r_inc
FI,A,-0.1920346549870477,0.00824385796084269,0.04096634557708744,0.8405149128205954,25,1.0,r_inc
FI,C10-C12,-0.19709534254738423,-0.06170903960395102,0.0647236730969944,0.3403757845437104,25,1.0,r_inc
FI,C13-C15,-0.20960390870033851,-0.044087168975371335,0.11756210477615506,0.707651738646291,25,1.0,r_inc
FI,C16-C18,-0.1469828411442878,0.004366524089251078,0.11218538093663641,0.9689522587728197,25,1.0,r_inc
FI,C19,-0.28557563363596117,0.016683679480716394,0.17382464532722613,0.9235365024955446,25,1.0,r_inc
FI,C20,-0.4793765073705074,0.04693049141192294,0.05220450716824798,0.3686665425047808,25,1.0,r_inc
FI,C21,-0.2310208610844141,0.11090891640013335,0.0542558564239722,0.040935440938577636,25,1.0,r_inc
FI,C22-C23,-0.047717487183694514,-0.01872682281093009,0.04351820744558131,0.6669617476375966,25,1.0,r_inc
FI,C24-C25,-0.05679264769994846,0.018950117606641028,0.10336250049879406,0.8545340079951893,25,1.0,r_inc
FI,C26,0.1112584370303814,0.04669623301076223,0.10465486743625897,0.6554580891339279,25,1.0,r_inc
FI,C27,-0.11369325964481221,-0.03874166893663485,0.09070607255490216,0.6692976174955387,25,1.0,r_inc
FI,C28,0.1344966923569194,0.05073867844366836,0.07779452799013782,0.5142631449343196,25,1.0,r_inc
FI,C29-C30,-0.29417227749229885,0.023015776018654597,0.11215566477378063,0.8374058831352805,25,1.0,r_inc
FI,C31-C33,0.07445450380621904,-0.04768141025937246,0.0613690293595098,0.4371811279391802,25,1.0,r_inc
FI,F,0.05819382311893159,0.0017718113841688784,0.1009670597498057,0.9859991130026615,25,1.0,r_inc
FI,G45,0.019366673176022156,0.07818374112768021,0.17220326548404508,0.6498143710900965,25,1.0,r_inc
FI,G46,0.08516264775898374,0.09816539163767951,0.09458387098790015,0.299332406170032,25,1.0,r_inc
FI,G47,-0.5319404127709051,0.014466422183815861,0.0347900967062076,0.6775416350060564,25,1.0,r_inc
FI,H49,0.024067906509032306,-0.06261136514363769,0.04672919077981887,0.18028535632726983,25,1.0,r_inc
FI,H50,0.03157167902526122,0.1578471784665543,0.152927753477231,0.3019932850794347,13,1.0,r_inc
FI,H51,-0.4104391477577041,-0.0007640477830435471,0.07659737967094152,0.9920413488915436,23,1.0,r_inc
FI,H52,0.008245140494602385,-0.08207595859040395,0.0737842671965465,0.2659758750882273,25,1.0,r_inc
FI,H53,-0.13941623231982206,-0.07437934315023652,0.12205134103313917,0.5422525189425065,23,1.0,r_inc
FI,I,0.11832164975528597,-0.0012634042500440173,0.11919358621499858,0.9915429017492631,25,1.0,r_inc
FI,J58-J60,0.05457277584770703,0.06437898194246794,0.0668190480346111,0.3353054534895642,25,1.0,r_inc
FI,J61,0.14788794739159233,-0.03139266808294202,0.09099355950786062,0.7300952791125102,25,1.0,r_inc
FI,J62-J63,-0.3686035056079037,0.009217177817475003,0.04678609039064221,0.8438222186936261,25,1.0,r_inc
FI,M,-0.11394222035043551,-0.05964765534237096,0.030045362811743102,0.04711629816114951,25,1.0,r_inc
FI,N,0.12962143168562953,-0.027612018691873234,0.048152332523871244,0.5663532078622893,25,1.0,r_inc
FI,R,-0.18293958119600473,-0.052662239027718195,0.03293992612363212,0.10987932017156893,25,1.0,r_inc
FI,S,0.1474515018736173,-0.07599136472321662,0.0765999103148878,0.32117043728904404,25,1.0,r_inc
FR,A,-0.08273287623564526,0.06059909526160565,0.04397053436864041,0.1681492354575035,25,1.0,r_inc
FR,C10-C12,-0.10780570579511382,0.00642402179315636,0.025392261076588728,0.800274916269179,25,1.0,r_inc
FR,C13-C15,0.04855362420335375,-0.022339921192840697,0.053967800022654465,0.6789113984400327,25,1.0,r_inc
FR,C16-C18,0.05733408831080488,-0.017350980569732652,0.03560238738151964,0.6260071940910774,25,1.0,r_inc
FR,C19,-0.1870963419297717,-0.04100803557843904,0.1899111866836495,0.8290402062772428,25,1.0,r_inc
FR,C20,0.21422656532280315,-0.007712160715678367,0.04421337349319234,0.8615271484913518,25,1.0,r_inc
FR,C21,-0.019117912860346756,0.06146804194970192,0.04150887447266945,0.1386489560499674,25,1.0,r_inc
FR,C22-C23,-0.04946106434492808,0.00016082183061063156,0.0315944271123496,0.9959386286349998,25,1.0,r_inc
FR,C24-C25,-0.3090510448682173,0.0017392857589071404,0.03218631084312712,0.9569048419625731,25,1.0,r_inc
FR,C26,0.22411648935773792,-0.00548590156721952,0.025323339906663064,0.8284934282202181,25,1.0,r_inc
FR,C27,-0.1031372141677624,-0.07757825633357004,0.03583920325933916,0.030416797722909332,25,1.0,r_inc
FR,C28,0.1335203840591987,0.02806409840327366,0.06113430011015179,0.646193586728331,25,1.0,r_inc
FR,C29-C30,-0.2955344338336931,0.020535678311496695,0.02455964054012073,0.4030674337519584,25,1.0,r_inc
FR,C31-C33,0.2931771207483131,0.05401490488307415,0.04652130660820495,0.24560983750986254,25,1.0,r_inc
FR,F,-0.06159300423031248,0.021639948238388,0.03737366577230961,0.5625784173356452,25,1.0,r_inc
FR,G,-0.10465729176965216,0.02818945784697277,0.043788907870512275,0.5197324010799593,25,1.0,r_inc
FR,H,-0.24716237629057575,0.041489964885751206,0.03398478344454858,0.2221468076144295,25,1.0,r_inc
FR,I,-0.650029801184592,-0.013188882931145507,0.02501398850537661,0.5980128435196449,25,1.0,r_inc
FR,J58-J60,-0.1388156185892004,-0.0014895869684988714,0.023038462269017835,0.9484474764120382,25,1.0,r_inc
FR,J61,0.06594234050774418,-0.012815925075952576,0.044705505325238634,0.7743616211785467,25,1.0,r_inc
FR,J62-J63,-0.22267209630907459,-0.059934940738674,0.022485678326435787,0.007688038686318065,25,1.0,r_inc
FR,M,-0.021467296532808322,-0.006397950833967674,0.023104589391177526,0.7818472534867538,25,1.0,r_inc
FR,N,-0.14921316748881136,0.007964846891713515,0.01687237169728757,0.6368807851899712,25,1.0,r_inc
FR,R,-0.11655286596342468,0.0005090461534232373,0.01754916046139622,0.9768591142824916,25,1.0,r_inc
FR,S,-0.12506481486805843,-0.08129674405103943,0.031863625583554565,0.010729217417345387,25,1.0,r_inc
HU,A,-0.13720477158703284,-0.0060490444606572475,0.08214522999170044,0.94129810408676,25,1.0,r_inc
HU,F,0.14612531822704697,0.22730257007944504,0.12945794559214757,0.07912215642789859,25,1.0,r_inc
HU,G,-0.4846465961672468,0.05557569755237666,0.025596858753555923,0.02991665416069842,25,1.0,r_inc
HU,H,-0.03230703864119588,-0.09376711287772836,0.046705342718574856,0.04468247463201142,25,1.0,r_inc
HU,I,-0.3342376166813781,0.05229335194900855,0.0716069883916428,0.46521733986642,25,1.0,r_inc
HU,J,-0.04514513774743392,-0.06358065122239442,0.042429039941080576,0.1339988960983559,25,1.0,r_inc
HU,M,-0.5686591188395083,0.051573914055029424,0.032025614973603185,0.10731148911097949,25,1.0,r_inc
HU,N,0.12678413982842293,-0.024467817900336846,0.0585513986015092,0.6760303672141841,25,1.0,r_inc
HU,R,-0.23170228674040022,-0.12690885272953317,0.03818402998247407,0.0008886012952832808,25,0.5047255357209035,r_inc
HU,S,-0.03687669760329916,-0.07091015928279117,0.07020191717882965,0.31245282272646846,25,1.0,r_inc
IE,A,0.2254662611264267,-0.1971615564695058,0.12881681424773964,0.1258787628937336,25,1.0,r_inc
IE,F,0.3332980801460062,0.22605129589582282,0.5565159300545812,0.6846028819487274,22,1.0,r_inc
IE,G,-0.3402277544797206,0.15636757867628692,0.08519456962734559,0.06644389672731024,25,1.0,r_inc
IE,H,-0.27381393383637537,-0.20404030362404021,0.0706722023981177,0.003887653810992747,25,1.0,r_inc
IE,I,-0.3862931935720285,-0.11694623905948655,0.07882464936175855,0.13790837045096438,25,1.0,r_inc
IE,J,0.1799619716611789,0.032678093399221134,0.12078535399433998,0.7867396023744293,25,1.0,r_inc
IE,M,0.10052894870007877,0.011707286923850079,0.131638572930061,0.9291335047409219,25,1.0,r_inc
IE,N,0.012156617158275068,-0.125606150330771,0.09911158572336222,0.20504069183731644,25,1.0,r_inc
IE,R,0.27663485652956016,-0.05252425216179951,0.12235618035763628,0.6677242806006949,25,1.0,r_inc
IE,S,-0.27345989081948696,-0.08190155853799844,0.13211585530499798,0.5353089749985813,25,1.0,r_inc
IT,A,-0.023413380086519553,-0.0062004150410845844,0.041507780753628695,0.8812541202144373,25,1.0,r_inc
IT,C10-C12,0.08137052586290403,0.008165530071862038,0.02640920141883792,0.7571750105193888,24,1.0,r_inc
IT,C13-C15,0.07822922851098149,-0.038097764588499596,0.047214291283689376,0.4197173509084431,24,1.0,r_inc
IT,C16-C18,-0.15366522778349453,-0.001678497664924721,0.021286875889346045,0.9371509059600169,24,1.0,r_inc
IT,C19,-0.17729707016921423,-0.06649359976750474,0.08166010551751945,0.41548870931496884,20,1.0,r_inc
IT,C20,-0.15331289664732786,-0.013085672567687879,0.03202524723116015,0.6828296427361491,24,1.0,r_inc
IT,C21,0.19015107719873908,0.039802201811133656,0.041349270764995734,0.33575565796077766,24,1.0,r_inc
IT,C22-C23,-0.25556929938444506,0.013457239837381473,0.02396154059944416,0.5743761054032943,24,1.0,r_inc
IT,C24-C25,0.014815207597415544,0.01401952166091034,0.03827601661712266,0.7141603956547065,24,1.0,r_inc
IT,C26,0.03838518179535686,0.011302746032293419,0.02762666534499152,0.6824482871714788,24,1.0,r_inc
IT,C27,-0.24786237528461513,0.0009565923301172185,0.023823025833000472,0.9679702653470917,24,1.0,r_inc
IT,C28,-0.09328559770025435,0.030562856270735305,0.03330494158829654,0.3587930651864667,24,1.0,r_inc
IT,C29-C30,0.1296698737413631,-0.0046516259356742745,0.025620065193363937,0.8559266056965583,24,1.0,r_inc
IT,C31-C33,-0.01327667423422696,0.02089884595369286,0.03481108895656328,0.5482728362753595,24,1.0,r_inc
IT,F,0.5231862018076203,0.05215128044267166,0.1192234247328111,0.6618033156836158,25,1.0,r_inc
IT,G,0.07854760271759029,0.021823971735044412,0.03989416039118445,0.5843465981325693,25,1.0,r_inc
IT,H,0.15035724708163742,0.010494080580033193,0.024940277743347082,0.6739242139633146,25,1.0,r_inc
IT,I,-0.5155295480543574,-0.00277206948425377,0.049944761580023055,0.9557379731456491,25,1.0,r_inc
IT,J58-J60,0.06277526835011261,0.004441647660204446,0.027893230631133074,0.8734817784787584,24,1.0,r_inc
IT,J61,0.4158389142121839,0.00494624593596111,0.06006617503926851,0.9343710902214305,24,1.0,r_inc
IT,J62-J63,-0.037759439914805994,0.018946807935624574,0.029809850071623064,0.5250444473114608,24,1.0,r_inc
IT,M,-0.30916800240757086,-0.0369203892444522,0.037673664782599696,0.3270835275454579,25,1.0,r_inc
IT,N,-0.4129512758535825,0.027670147833437884,0.017495991599158853,0.11376066261296257,25,1.0,r_inc
IT,R,0.22137058186138994,-0.02359901853597111,0.05220318760032265,0.6512251302331481,25,1.0,r_inc
IT,S,-0.04803960376998387,-0.07778813572127234,0.06500636499237383,0.2314533862630792,25,1.0,r_inc
JP,A,0.32093880676686565,0.073486528584121,0.11308283029391009,0.5157911099608796,24,1.0,r_inc
JP,C10-C12,-0.18494745106399368,0.008808074512955929,0.033802814681723845,0.794422413858332,24,1.0,r_inc
JP,C19,-0.1729680346495643,0.1349136190253469,0.14463094563628545,0.3509165538542278,24,1.0,r_inc
JP,C20,-0.24913081699685957,-0.03672804421540072,0.023598592148753227,0.1196211079984591,24,1.0,r_inc
JP,C24-C25,-0.2784058930824804,0.02211540346310734,0.04662581421378267,0.6352740671601904,24,1.0,r_inc
JP,C26,-0.030488419698378143,-0.04219083571708507,0.03507513794673175,0.22902658115943908,24,1.0,r_inc
JP,C27,-0.31159854919331575,-0.05096787618995534,0.023031340471360833,0.026899083351214204,24,1.0,r_inc
JP,C28,0.06481406096234826,0.002915119405280268,0.04783903338028561,0.9514101777320687,24,1.0,r_inc
JP,C29-C30,-0.32445242744324115,-0.026457366270745335,0.028744481243592794,0.35734658185883017,24,1.0,r_inc
JP,F,0.04855185909979991,0.012109122430073746,0.11491755137173702,0.9160804245473626,24,1.0,r_inc
JP,I,0.5721990651885566,-0.24469538376348374,0.3631791821089496,0.5004642977918281,24,1.0,r_inc
JP,M-N,0.05002776130885543,0.011688673550917046,0.04625952883174127,0.8005185813205202,24,1.0,r_inc
LT,A,-0.18559409830150964,-0.13018335141296403,0.11142029108724957,0.24264587721656894,25,1.0,r_inc
LT,F,-0.15088456165673045,0.12164439052331648,0.1456006302344969,0.4034553269935096,25,1.0,r_inc
LT,G,-0.04248298502255863,0.0853721427398823,0.08424548503207863,0.31088178814815615,25,1.0,r_inc
LT,H,-0.08239624924997918,0.07552781165326095,0.05841256051090431,0.19600886292814812,25,1.0,r_inc
LT,I,0.10504412061671276,-0.08110941392220893,0.10305632308131878,0.4312586474095488,25,1.0,r_inc
LT,J,0.07087414119376782,-0.139992028349014,0.07751720079477319,0.07092647328514541,25,1.0,r_inc
LT,M,-0.2844205319003792,0.2198141019312923,0.15566642422940022,0.15792516319553473,25,1.0,r_inc
LT,N,-0.009229761702779704,0.012051949810926924,0.06172051386816286,0.8451843075459251,25,1.0,r_inc
LT,R,-0.12684479678296132,0.010220788902608042,0.11630390883520794,0.929972043254362,25,1.0,r_inc
LT,S,-0.23780751777182613,-0.17478663333996533,0.18756028976904926,0.3513904140549021,25,1.0,r_inc
LU,A,-0.23158008934498792,-0.08863482976594132,0.04801477797439418,0.06489356739951124,23,1.0,r_inc
LU,C13-C15,-0.05704729051581902,0.498308021180322,0.33360461254918666,0.13525184488830158,25,1.0,r_inc
LU,C20,-0.06241530258926259,0.1349387686194206,0.19526656318286253,0.48953473116275603,25,1.0,r_inc
LU,F,-0.18982284857456966,0.0072594612067693595,0.06210428402884574,0.9069460558107961,25,1.0,r_inc
LU,G,-0.3155858961255049,0.11149039085266406,0.10635279149965297,0.2944971203679171,25,1.0,r_inc
LU,G45,-0.25499862780083354,-0.14447041145841757,0.07217339478852154,0.045315624048461886,25,1.0,r_inc
LU,H,-0.004972787334952124,-0.05482144020298004,0.06980137980473382,0.43222381250008657,25,1.0,r_inc
LU,H49,-0.225138375694298,-0.0905361421195613,0.040948976827411054,0.027039296632831073,25,1.0,r_inc
LU,I,-0.039102456691482296,-0.19314394945106933,0.08024932214860125,0.01609304573942733,25,1.0,r_inc
LU,J,-0.13294399780179242,-0.040683505086369406,0.058061315652423756,0.4834908881104273,25,1.0,r_inc
LU,J58-J60,0.08698065230102356,0.18446582905674025,0.30345113947764035,0.5432584304503063,23,1.0,r_inc
LU,J61,0.040727586347204414,-0.05107769930041629,0.06126751211227326,0.40445949308003637,25,1.0,r_inc
LU,M,-0.07330347939957697,0.2209470821277035,0.18791536988538596,0.23968290996800745,25,1.0,r_inc
LU,N,0.08420174266891314,-0.11613868520562479,0.07860507974697507,0.1395427491534811,25,1.0,r_inc
LU,R,-0.11490109100592952,-0.10293410845881083,0.049606309235250154,0.03798463512403593,25,1.0,r_inc
LU,S,-0.080542141241759,-0.2034625097633332,0.12289417040791248,0.09780462902660765,23,1.0,r_inc
LV,A,-0.39821096591554783,-0.06680539449236465,0.048193114527943864,0.16568521357267596,18,1.0,r_inc
LV,C10-C12,-0.24244032814408212,-0.1584417841195987,0.07289968037684676,0.029748555047775918,25,1.0,r_inc
LV,C13-C15,-0.25900513628269967,-0.17847848659908913,0.15592851710200387,0.25236770047416135,25,1.0,r_inc
LV,C16-C18,-0.23329459291428783,0.06692422811383399,0.08899025134656774,0.45202700775121973,25,1.0,r_inc
LV,C20,-0.38542394900814025,0.014737519884093683,0.14650136463352315,0.9198708003694455,25,1.0,r_inc
LV,C21,-0.529197379930862,0.03383342496300355,0.07744170953525226,0.662191906648209,25,1.0,r_inc
LV,C22-C23,-0.42600717915703284,-0.10717598696150922,0.03027349312801625,0.0003997355111861537,25,0.22824897688729376,r_inc
LV,C24-C25,-0.3483463263466114,0.08985567336766569,0.0976583239481763,0.3575191693990243,25,1.0,r_inc
LV,C26,-0.4747582831896976,0.5166460336208686,0.25828202306261255,0.045465997638459245,25,1.0,r_inc
LV,C27,0.1392388249929599,0.14361890877879233,0.22649229388721148,0.5260151443522048,25,1.0,r_inc
LV,C28,-0.46790354751323726,-0.03676843223786555,0.08722782829037772,0.6733740870971173,25,1.0,r_inc
LV,C29-C30,-0.25193438121300027,-0.11767295406074021,0.10242171730158778,0.2505946284583841,25,1.0,r_inc
LV,C31-C33,-0.4088996382859244,-0.09384609023583841,0.08161232191848966,0.2501846507460118,25,1.0,r_inc
LV,F,-0.10091520858455,-0.00851432885259428,0.15488421417338358,0.9561605967971326,25,1.0,r_inc
LV,G,-0.17679435808472185,0.09863414236048115,0.07806917318224199,0.20643833743263584,22,1.0,r_inc
LV,H,0.08749397394399364,-0.08340500270303344,0.07935368650800308,0.2932338293644332,22,1.0,r_inc
LV,I,-0.11296992904004236,-0.17007460675750957,0.0936938714739976,0.06949073467335411,25,1.0,r_inc
LV,J58-J60,-0.1349402325770278,-0.10281865439571282,0.0733243084505146,0.16084205944098795,25,1.0,r_inc
LV,J61,0.27077987453029156,-0.06046025072300945,0.10842913499970534,0.5771165168309302,25,1.0,r_inc
LV,J62-J63,-0.05763423608313739,0.027134473550019095,0.11855122148089255,0.8189591043599502,25,1.0,r_inc
LV,M,0.03612806642279999,0.03256055767797095,0.12994526882672433,0.8021455569175877,25,1.0,r_inc
LV,N,-0.21152350432666878,-0.024104401754593784,0.05975449857539045,0.6866609165335046,24,1.0,r_inc
LV,R,-0.5148216950427275,-0.035530850818742,0.06160292059050502,0.5640933649982256,25,1.0,r_inc
LV,S,-0.1882901495175085,-0.03277695853529029,0.15769360411263383,0.8353443926880215,23,1.0,r_inc
MT,A,-0.1427141781354463,-0.2035341318464162,0.32999372174685465,0.5373786377825955,20,1.0,r_inc
MT,F,0.20303071815718166,0.11800052830371284,0.4248594486183717,0.781211835042543,20,1.0,r_inc
MT,G,-0.3268881245160479,-0.20677642926287224,0.06756770986036846,0.0022112667603816226,20,1.0,r_inc
MT,H,-0.8876338430019877,-0.22467594644469055,0.07680120141410622,0.003439890785646671,18,1.0,r_inc
MT,I,0.2996145792219599,-0.2366879642274561,0.1810424330990164,0.19108985888162522,18,1.0,r_inc
MT,J,-0.011696376590790458,-0.04873386422155575,0.09417947617711714,0.6048369190237427,20,1.0,r_inc
MT,M,0.0074952272345443745,0.3565908864128001,0.20090793758242317,0.0759149033708807,20,1.0,r_inc
MT,N,-0.20228885738045177,-0.07456759036405093,0.1072880190072839,0.4870411826159464,20,1.0,r_inc
MT,R,-0.5042358524939651,0.6782292388462432,0.27855660935089466,0.014900080936013284,20,1.0,r_inc
MT,S,-0.09986719592241147,-0.17072709246548512,0.11197628360801988,0.12734095529339123,20,1.0,r_inc
NL,A,-0.1563406399781423,-0.06816566231769954,0.041297218263221226,0.09881793441949842,25,1.0,r_inc
NL,C10-C12,-0.11241696677671545,-0.02685200115194565,0.05935029601008764,0.6509574582432295,25,1.0,r_inc
NL,C13-C15,0.046238315520860045,0.053952283122999906,0.09511051012605376,0.5705382978587734,25,1.0,r_inc
NL,C16-C18,-0.38477844153137064,-0.028657612381623832,0.04702511828397117,0.5422522173135385,25,1.0,r_inc
NL,C19,-0.33290665398074,0.038665052626354696,0.18311650654371678,0.8327702156142941,22,1.0,r_inc
NL,C20,0.06882023133788465,0.02024738475260478,0.0746314997323988,0.7861617607152586,25,1.0,r_inc
NL,C21,0.2771220662404563,0.2676818116436473,0.16920561914163532,0.1136515643521798,25,1.0,r_inc
NL,C22-C23,-0.4587002456287186,-0.04691634923934207,0.04115537802033733,0.254294214393348,25,1.0,r_inc
NL,C24-C25,-0.0910169805016612,0.004439349918700755,0.05651365392586078,0.9373877099949737,25,1.0,r_inc
NL,C26,0.24092732308261655,-0.040978617194039925,0.12570764236462056,0.7444368391978158,25,1.0,r_inc
NL,C27,-0.028358432060770863,-0.08685523241406198,0.06988240125644368,0.21391314556155083,25,1.0,r_inc
NL,C28,0.003658366275291729,0.10596205632648516,0.07252804853178285,0.14402082426580695,25,1.0,r_inc
NL,C29-C30,-0.3769388248124295,0.021591871156844324,0.08431693053183198,0.7978891419419021,25,1.0,r_inc
NL,C31-C33,-0.1915260300609469,-0.04908931859756595,0.04374687602293954,0.2618107014142922,25,1.0,r_inc
NL,F,0.1565985505714128,0.000505011835616319,0.089089812809142,0.9954771597780273,25,1.0,r_inc
NL,G,0.11666930784369522,0.15664381622305057,0.05073522625632744,0.0020186376609224264,25,1.0,r_inc
NL,H,0.21321838360100265,-0.015633978174588135,0.03025963376524799,0.6053926976144701,25,1.0,r_inc
NL,I,-0.5438715178628752,0.09970423687170131,0.08852091693211969,0.26002360548537273,25,1.0,r_inc
NL,J58-J60,-0.2628167050493862,-0.021718459178177572,0.04642833994825871,0.6399386846718808,25,1.0,r_inc
NL,J61,0.27047956469095064,-0.06407278133599595,0.06486474054441317,0.3232552094555897,25,1.0,r_inc
NL,J62-J63,-0.4717947789964555,0.008209051280345716,0.03331259587431985,0.8053533754559656,25,1.0,r_inc
NL,M,-0.16405601247577162,0.014724320683878273,0.03764270634857368,0.6956789793987933,25,1.0,r_inc
NL,N,-0.2775179567108534,0.018909978526840163,0.03733851488567689,0.6125428932744852,25,1.0,r_inc
NL,R,0.19310790154206228,-0.12421705306174334,0.07128934976679567,0.08143236852263132,25,1.0,r_inc
NL,S,-0.06382987422700245,-0.23901031358765362,0.05579746239442762,1.839481768779734e-05,25,0.010521835717420077,r_inc
PL,A,-0.38071802728754583,-0.09335448051536671,0.1590403109014333,0.5572129210486747,20,1.0,r_inc
PL,F,-0.24382970228274034,0.1623190260244664,0.13392545722277668,0.22550845951376164,20,1.0,r_inc
PL,G,-0.08578904422997624,0.05989297722356124,0.08273494127054536,0.4691185719182175,20,1.0,r_inc
PL,H,-0.3835039459795623,-0.06227952226813065,0.03547727849820296,0.07917786779639295,20,1.0,r_inc
PL,I,-0.6325190923235289,0.0611694257391123,0.07960691186161531,0.4422534997414792,20,1.0,r_inc
PL,J,0.10333354744644384,-0.033599711324212,0.08153760209712821,0.6802835177233126,20,1.0,r_inc
PL,M,-0.30488933469671825,0.07566164880644807,0.08301136073648067,0.36205232927191267,20,1.0,r_inc
PL,N,-0.05422734606094631,0.09255553020284504,0.09088025865597063,0.30847183033522574,20,1.0,r_inc
PL,R,-0.48383295966073325,-0.09960868187360997,0.03850240496630693,0.009679399181309063,20,1.0,r_inc
PL,S,-0.050428739405655516,-0.17030749562254557,0.2749581158700762,0.535656621083833,20,1.0,r_inc
PT,A,-0.24820066937405288,0.07029882657992645,0.04782133724930919,0.14155348079618563,20,1.0,r_inc
PT,C10-C12,-0.3374467743022916,0.016735620750042153,0.02856976824108152,0.5580228500746851,20,1.0,r_inc
PT,C13-C15,-0.05954044348284634,0.06699761296162995,0.07409803349258866,0.36590244595323884,20,1.0,r_inc
PT,C16-C18,0.016487559676673348,-0.032400949999775344,0.057591520242058214,0.573707756667762,20,1.0,r_inc
PT,C19,-0.5955268893602745,0.06474085479298193,0.188110789178857,0.7307233813859646,18,1.0,r_inc
PT,C20,0.16222701130639539,0.05542100541676934,0.09557410847025057,0.5619991326987639,20,1.0,r_inc
PT,C21,-0.2819165739497794,-0.02217785677312259,0.03878791217658327,0.5674761929638175,20,1.0,r_inc
PT,C22-C23,0.07914673125075698,-0.024391131615110608,0.031320373298184614,0.4361196427961873,20,1.0,r_inc
PT,C24-C25,-0.5243874379149952,0.02643950118039359,0.028942284111232976,0.36096647159081086,20,1.0,r_inc
PT,C26,-0.5064913367883523,-0.08735362185731242,0.05607340420789595,0.11927020933888045,20,1.0,r_inc
PT,C27,0.5183801179011833,-0.07043507137997994,0.04807242627756861,0.14287003397490988,20,1.0,r_inc
PT,C28,-0.3631743677171624,-0.009407271801720555,0.035150150394313504,0.7889833249396876,20,1.0,r_inc
PT,C29-C30,-0.09914969458851253,-0.06222862697502699,0.05397194410027908,0.2489181763772117,20,1.0,r_inc
PT,C31-C33,0.09123954913567377,0.0015083966443001256,0.045579879575341826,0.9736000454137245,20,1.0,r_inc
PT,F,-0.2570064060297574,-0.059343765853701845,0.04041320493178557,0.1419887786018855,20,1.0,r_inc
PT,G,0.17042190433922863,0.005062350271293801,0.06801154811057222,0.9406653049429177,20,1.0,r_inc
PT,H,-0.2986449296360693,-0.0346086586607539,0.03146643799200638,0.2713933721109203,20,1.0,r_inc
PT,I,-0.4877476114444782,0.05554978731277094,0.05570408119312638,0.31865282632225755,20,1.0,r_inc
PT,J58-J60,-0.28854552544356654,-0.0009420608468725769,0.019585540081555386,0.9616366939595217,20,1.0,r_inc
PT,J61,-0.07421489711033596,-0.06190768872909208,0.046262868284830914,0.1808402774815303,20,1.0,r_inc
PT,J62-J63,-0.47953579344022673,-0.020501295325786525,0.021069892257050502,0.3305464577472764,20,1.0,r_inc
PT,M,-0.2698935612039728,-0.010849482617977114,0.03081659614142129,0.724788598634595,20,1.0,r_inc
PT,N,-0.46991331051313917,0.025135570039048028,0.01846687373290483,0.17347681627230438,20,1.0,r_inc
PT,R,-0.1465008439457905,-0.05310464037946564,0.024175314828059125,0.028045644344299386,20,1.0,r_inc
PT,S,0.24771778626088933,0.19269165724639958,0.11307917113319035,0.08837324048764782,20,1.0,r_inc
RO,A,0.02361643998398618,-0.6122906874455408,0.7053879194488468,0.3853834882484123,20,1.0,r_inc
RO,F,-0.30306054067599747,-0.044041811125519865,0.08072501709520538,0.5853558992242436,20,1.0,r_inc
RO,G,-0.2797825280333924,0.10856252900081086,0.14176858538314568,0.44381149110471585,20,1.0,r_inc
RO,H,-0.20456135658095664,-0.08414643072844222,0.10707188157989032,0.4319335220229935,20,1.0,r_inc
RO,I,-0.013668734549103704,0.14281843870167876,0.20994045910052123,0.49632675399164095,20,1.0,r_inc
RO,J,-0.2393378817558027,0.09014692260317009,0.07435094676801213,0.2253395681381707,20,1.0,r_inc
RO,M,-0.46801059242254395,0.34696197211778423,0.06881707728677423,4.611720350772271e-07,20,0.0002642515760992511,r_inc
RO,N,-0.28547418558352444,0.035824872844554566,0.11384964635371221,0.7530135275613388,20,1.0,r_inc
RO,R,-0.16716598537845936,0.018095622676260872,0.12272296743475618,0.8827760634801927,20,1.0,r_inc
RO,S,-0.502486800288598,0.07017279815486224,0.20967621670130038,0.7378723837475593,20,1.0,r_inc
SE,A,-0.020451816597285153,-0.06581992511465548,0.03724687172451839,0.077207085633293,25,1.0,r_inc
SE,C10-C12,-0.6674664627281549,-0.01753742209564547,0.03367685693171766,0.6025368244872571,25,1.0,r_inc
SE,C13-C15,-0.37510336160076097,-0.034335292016671105,0.047307721508222864,0.4679698404382454,25,1.0,r_inc
SE,C16-C18,-0.06494100299154763,0.006713173089690565,0.0569432897342284,0.9061530265072462,25,1.0,r_inc
SE,C19,-0.3549579458926484,0.10699490993420317,0.17523911718615082,0.541487454569938,25,1.0,r_inc
SE,C22-C23,-0.43161940118404724,-0.011308340603159144,0.04218478024951822,0.7886478722701226,25,1.0,r_inc
SE,C24-C25,-0.4366150472800202,0.0008611682575445465,0.04833304336125478,0.9857845387779747,25,1.0,r_inc
SE,C26,0.056656687582362746,-0.014052963264075936,0.0656391695894326,0.830473625256719,25,1.0,r_inc
SE,C27,-0.36132558917121926,-0.08878712739007551,0.06056609968120662,0.14266076829167457,25,1.0,r_inc
SE,C28,-0.22844452504265989,0.03767002766606655,0.09695771463273344,0.6976311314040975,25,1.0,r_inc
SE,C29-C30,0.05420142550480975,-0.010611339622422392,0.05797533903932617,0.8547729459807949,25,1.0,r_inc
SE,C31-C33,-0.4730944959387693,-0.02725098366086469,0.038632081340546486,0.48056273730575116,25,1.0,r_inc
SE,F,-0.38338848352313537,0.009454175400085215,0.041522257982757466,0.8198877623980814,25,1.0,r_inc
SE,G45,0.04775096966044572,0.02548304393049889,0.05714630062164652,0.6556504138166395,25,1.0,r_inc
SE,G46,0.11462400709405184,0.07205770099751777,0.04857183120729122,0.13793402224055828,25,1.0,r_inc
SE,G47,-0.18616031520167015,-0.013886353782336517,0.03385943183871466,0.6817195773065072,25,1.0,r_inc
SE,H,-0.17535890418176245,-0.039890452601225264,0.025759050614231484,0.12147802902256163,25,1.0,r_inc
SE,H49,-0.06738940296450273,-0.032410595826725196,0.026337154281486846,0.21847117301215468,25,1.0,r_inc
SE,H50,-0.18027980681277966,-0.0236114485986603,0.07268983712746287,0.7453138113084077,17,1.0,r_inc
SE,H51,-1.299605729225699,0.07475154519878503,0.18360227808815063,0.6839063115512695,18,1.0,r_inc
SE,I,0.22953658197774432,-0.06771023118376626,0.07578133717952101,0.37159225223007275,25,1.0,r_inc
SE,J58-J60,-0.4557799739156967,0.05289350386594708,0.029042274810325328,0.06856749835615686,23,1.0,r_inc
SE,J61,0.09065009313242102,-0.003976721984411985,0.04280852858900356,0.9259865377728218,25,1.0,r_inc
SE,J62-J63,-0.013368760153328994,0.01572521333267908,0.08127145814731171,0.8465752475648276,25,1.0,r_inc
SE,M,-0.7806430024907147,-0.005398448062931115,0.018337364911781055,0.7684552738301126,25,1.0,r_inc
SE,N,-0.3589325011420612,-0.019506206022895222,0.02493460383314797,0.4340414575112145,25,1.0,r_inc
SE,R,-0.0887960267266543,-0.030231735089119673,0.03157416066071462,0.33832331491596757,25,1.0,r_inc
SE,S,-0.3712653761974072,-0.021677812506685153,0.02836179426863496,0.44466972349861644,25,1.0,r_inc
SI,A,-0.08751556003575953,-0.007909754829397694,0.09555318151750211,0.9340276167504288,20,1.0,r_inc
SI,F,-0.24728935562524584,0.09287163464559758,0.08017924014472674,0.2467415256331743,20,1.0,r_inc
SI,G,0.09415836432925191,0.09720666375412355,0.036367277816468424,0.007519516927308324,20,1.0,r_inc
SI,H,0.20374790181232122,0.052138569436529544,0.031270878699526515,0.09545074122738693,20,1.0,r_inc
SI,I,-0.5480173345185744,-0.03832974366900391,0.04295040878878485,0.3721686053324097,20,1.0,r_inc
SI,J,-0.03052322292121175,0.03371588378424915,0.02204559532038078,0.1261726140665237,20,1.0,r_inc
SI,M,-0.4180650325916423,-0.011352760168094743,0.021235750490380328,0.5929223161656411,20,1.0,r_inc
SI,N,-0.2782187560572836,-0.02324786822774215,0.038365745791752996,0.5445454535971017,20,1.0,r_inc
SI,R,0.14666873749965595,-0.08064929763812946,0.039145551303067155,0.03937543909871598,20,1.0,r_inc
SI,S,-0.3738517447031665,-0.11949879643799818,0.05719422510718065,0.036676162196275224,20,1.0,r_inc
SK,A,-0.18551297487828688,-0.04015446878576631,0.13034197654433033,0.7580289744927129,20,1.0,r_inc
SK,C10-C12,-0.20309769593008353,-0.24633943590155938,0.11804370445893911,0.03690174845183183,20,1.0,r_inc
SK,C13-C15,-0.2141465313900048,-0.28674228594673845,0.5158663569619842,0.578316089852057,20,1.0,r_inc
SK,C16-C18,-0.115156201930094,-0.17997035095282546,0.10370360681671388,0.0826646692106004,20,1.0,r_inc
SK,C19,-0.60437197851179,0.07365248541548204,0.19557115010027631,0.7064694044932384,18,1.0,r_inc
SK,C20,-0.13272026373151888,-0.10124071175080573,0.15276503050512924,0.507508762979567,20,1.0,r_inc
SK,C21,-0.1907572777551735,-0.41608729241982356,0.37294740018835915,0.2645621920780601,20,1.0,r_inc
SK,C22-C23,-0.04753084061687648,-0.06835622121635537,0.11904676425182631,0.5658349179479126,20,1.0,r_inc
SK,C24-C25,0.008918036433739247,-0.08509229172166563,0.12527138398013227,0.496970853325711,20,1.0,r_inc
SK,C26,-0.5885872312131172,-0.03370390993008027,0.0959644530115543,0.7254289762603565,20,1.0,r_inc
SK,C27,-0.52843705262418,-0.06767014357522667,0.10406303220310748,0.5155111563724089,20,1.0,r_inc
SK,C28,-0.03283093565985989,-0.03672322948980923,0.12632507978024418,0.7712775698339585,20,1.0,r_inc
SK,C29-C30,0.06141055633921691,-0.07893812905705205,0.11790061276748946,0.5031567374676595,20,1.0,r_inc
SK,C31-C33,-0.1195380120781507,0.05297278293591218,0.17449993479408896,0.76145621865406,20,1.0,r_inc
SK,F,-0.29927868166197774,0.1479417187012774,0.16445771221189082,0.3683475274244977,20,1.0,r_inc
SK,G45,-0.3058416912828482,-0.25936977461377697,0.27254881264668296,0.3412769401563265,20,1.0,r_inc
SK,G46,-0.36087982914806493,-0.05360726244488158,0.23315372631021083,0.8181520761473001,20,1.0,r_inc
SK,G47,-0.43909865920081415,-0.016806556002966565,0.18319628485191103,0.9269040572269885,20,1.0,r_inc
SK,H49,0.12977109658990243,-0.1732069890728938,0.1576208331709362,0.2718187288837761,20,1.0,r_inc
SK,H51,-0.17006347066709016,2.9202288296573045,2.439129615706449,0.2312121782798533,12,1.0,r_inc
SK,H52,-0.4691473202991809,-0.2033343365825182,0.11650563070834702,0.08093705338127616,20,1.0,r_inc
SK,H53,-0.025101651079619012,-0.05372458671373084,0.15733901034031045,0.7327591867953918,20,1.0,r_inc
SK,I,-0.2552137403495638,-0.015406403483010665,0.16196515162435204,0.9242181477992325,18,1.0,r_inc
SK,J58-J60,-0.29283423287783755,-0.025309421924475307,0.12712117858898667,0.8421870117058539,20,1.0,r_inc
SK,J61,-0.02657964184282784,-0.10512069205986886,0.12387868838762245,0.39611632181972745,20,1.0,r_inc
SK,J62-J63,-0.03676344888481088,0.4582176081773844,0.3134569720453308,0.14379059680321113,20,1.0,r_inc
SK,M,-0.2606428536013326,0.13195082326620775,0.16831024354146798,0.4330554767098661,20,1.0,r_inc
SK,N,-0.23925855985869915,0.3589762943277649,0.2149835857944732,0.09496197592157418,20,1.0,r_inc
SK,R,-0.2978923225673036,0.19266508066689672,0.31989510943294136,0.5469905714991772,20,1.0,r_inc
SK,S,-0.43397273031854605,0.11908589083550687,0.14477633228965886,0.4107634756274834,20,1.0,r_inc
UK,A,-0.38145041239873395,-0.04664468457637205,0.04940261184324213,0.34508050196843,22,1.0,r_inc
UK,C10-C12,-0.4459686189650061,0.0017935293955277606,0.0374228987289804,0.9617752277528879,22,1.0,r_inc
UK,C13-C15,-0.5807375094016366,-0.04584618543645633,0.24095481351118705,0.8490984938169674,22,1.0,r_inc
UK,C16-C18,-0.5891644069696235,0.030601652741852572,0.03673886600102705,0.4048727092587683,22,1.0,r_inc
UK,C19,-0.2040492885771864,0.02717260588515313,0.28182840686908167,0.9231906410859063,22,1.0,r_inc
UK,C20,-0.42636905184783025,-0.026351641619753577,0.0671268151964901,0.6946407568041875,22,1.0,r_inc
UK,C21,0.15196175710746992,0.012215408491173835,0.10858090872516916,0.910426558939278,22,1.0,r_inc
UK,C22-C23,-0.14374329675067093,-0.01994665944196853,0.06446168148660608,0.7569911331361875,22,1.0,r_inc
UK,C24-C25,-0.094548399958323,0.029976008637712603,0.0790936816076314,0.7046925271535283,22,1.0,r_inc
UK,C26,-0.441413380188349,-0.002887895624811671,0.06953781468195797,0.9668734895034475,22,1.0,r_inc
UK,C27,-0.5490071875625614,-0.05927254779691641,0.06337330592883668,0.3496378227830529,22,1.0,r_inc
UK,C28,0.16321723618355266,0.0536114265539485,0.14764094701718858,0.7165150129133127,22,1.0,r_inc
UK,C29-C30,-0.44773250913109186,-0.013218841490284001,0.03014777079927547,0.6610468525104105,22,1.0,r_inc
UK,C31-C33,-0.5076632868588975,-0.038725233374825516,0.05269595091354025,0.4624121987205496,22,1.0,r_inc
UK,F,-0.19632679421702684,0.03886525482872254,0.0382293273334225,0.3093273138637791,22,1.0,r_inc
UK,G,0.09296667241130967,-0.03485502250504056,0.047456571538274046,0.46266754478678274,22,1.0,r_inc
UK,H,-0.4016779305017818,-0.04848407686135303,0.027673368864833868,0.07977172880537833,22,1.0,r_inc
UK,I,-0.39118053396795965,0.010114347021070011,0.039212369028969025,0.79645501341463,22,1.0,r_inc
UK,J58-J60,-0.45419308097143307,-0.00942118828258291,0.027546315709002955,0.732341376503401,22,1.0,r_inc
UK,J61,-0.41864581840805243,-0.01722469796479511,0.032396811691646425,0.594948477455286,22,1.0,r_inc
UK,J62-J63,-0.24053478334124126,0.009331751823895095,0.046980022878712994,0.8425503548870378,22,1.0,r_inc
UK,M,-0.3876303176544391,0.03879229831643634,0.03144413813899061,0.21731868423888123,22,1.0,r_inc
UK,N,-0.4469658942866018,0.06299584080385642,0.023911099422755575,0.00842400330578855,22,1.0,r_inc
UK,R,-0.4051998634677814,-0.020022054258032215,0.04291048850345736,0.6407857481003087,22,1.0,r_inc
UK,S,-0.2068051572069295,0.08792999897427706,0.061613896742468297,0.1535472980981884,22,1.0,r_inc
US,A,-0.19768211536814073,-0.045663536697323585,0.06038117152469538,0.4494965825095446,23,1.0,r_inc
US,C10-C12,-0.11549713238061589,0.025169887979620175,0.08858048440455508,0.7762976513588424,23,1.0,r_inc
US,C13-C15,-0.4288650158205988,-0.08703395364160643,0.07305533349425303,0.23351899479295157,23,1.0,r_inc
US,C16-C18,-0.34397953607464743,0.010325942573300863,0.03836084711551823,0.7877917769996973,23,1.0,r_inc
US,C19,-0.17913014422924264,0.1704385547985998,0.23080522597555542,0.46023989362799955,23,1.0,r_inc
US,C20,-0.31053149918588036,-0.043518251677834484,0.023889724051029758,0.0685110589754876,23,1.0,r_inc
US,C22-C23,-0.2663602657474086,-0.05909310475875058,0.03946580128957332,0.13430888524907814,23,1.0,r_inc
US,C24-C25,0.00134912041577439,-0.02151011899653278,0.06564398994576853,0.7431548206430537,23,1.0,r_inc
US,C26,-0.18007591652196958,-0.09266827297302027,0.027725637595163395,0.0008307776640853533,23,0.472712490864566,r_inc
US,C27,-0.3764223466746433,-0.05138763581104874,0.07129659302082764,0.47105802323340673,23,1.0,r_inc
US,C28,0.17387194347446294,-0.05091117049970157,0.057427101908949965,0.375328976979561,23,1.0,r_inc
US,C29-C30,0.12408332607788314,-0.05341692570646762,0.06541539408903439,0.41416828565230657,23,1.0,r_inc
US,C31-C33,-0.338423188823304,-0.024584694309810744,0.08109760997977651,0.7617759850048575,23,1.0,r_inc
US,F,-0.09650941512487245,0.12921545923665745,0.11677863535690353,0.2685105373673521,23,1.0,r_inc
US,G,-0.06765765328699944,0.07384914703886471,0.033078213958614475,0.02557787523374486,23,1.0,r_inc
US,G46,-0.2819323692108884,0.13417325750175302,0.038775785139357394,0.0005397078498500588,23,0.3076334744145335,r_inc
US,G47,0.18703597256392673,0.027661774456089486,0.054163500964418965,0.6095550052907424,23,1.0,r_inc
US,H,-0.4805432056021488,0.004416035401281536,0.01469980944060311,0.7638610308303031,23,1.0,r_inc
US,H49,-0.2409159119507358,-0.003991706787528941,0.022644211071234686,0.860074485043856,23,1.0,r_inc
US,H50,-0.06678004668315725,-0.005546411480981998,0.07764813318013335,0.9430554794276812,23,1.0,r_inc
US,H51,-0.5603750367419443,0.040851695101590146,0.05930936768918849,0.4909554748121381,23,1.0,r_inc
US,H52,-0.4765052630552218,0.03066231879122661,0.03831011008662056,0.42349561076577047,23,1.0,r_inc
US,I,1.31694689127903,-0.36400071835543607,1.210744190370784,0.7636873978862802,23,1.0,r_inc
US,J,0.07007267098556043,-0.04381111383434995,0.036036768295135926,0.2240863802621016,23,1.0,r_inc
US,J58-J60,-0.0420057429468915,-0.04344840776822395,0.031083258545952716,0.16217092167724922,23,1.0,r_inc
US,J62-J63,0.3456995869807585,-0.048224971180752675,0.10918388896308107,0.6587166009853231,23,1.0,r_inc
US,M,-0.03953994209415956,-0.009459745418449902,0.042508418243246075,0.8238949661742854,23,1.0,r_inc
US,N,0.0194118567390216,-0.027479741350383616,0.025844911474482986,0.2876661509127415,23,1.0,r_inc
US,R,-0.6547780288957976,-0.05652407739023725,0.025765709105914966,0.028251843257738284,23,1.0,r_inc
US,S,0.04417973686728821,-0.1137908793289335,0.04681171768051247,0.01506467904043807,23,1.0,r_inc
AT,A,0.35134863050528214,0.012093271136601684,0.03477362364536535,0.7280118838571972,24,1.0,r_inc2
AT,C10-C12,0.04239610698701147,0.055759017637653466,0.028071836452837926,0.047000303753551784,24,1.0,r_inc2
AT,C13-C15,0.1082508074539203,-0.04613869257330902,0.05978651822791355,0.4402778972959176,24,1.0,r_inc2
AT,C16-C18,0.5264303326128338,0.01611760657975354,0.0518064064079953,0.7557153046852141,24,1.0,r_inc2
AT,C19,0.15528225829241904,-0.08023635666836279,0.20353582182305807,0.6934241885325304,24,1.0,r_inc2
AT,C20,0.3439527981896708,0.08159415918906165,0.08116139572145116,0.3147369466256893,24,1.0,r_inc2
AT,C21,-0.06784459451296232,0.043472043426902335,0.02915383933504993,0.13592845698022263,24,1.0,r_inc2
AT,C22-C23,0.158245262901054,-0.034455451604871574,0.023200805674377756,0.13751807702371324,24,1.0,r_inc2
AT,C24-C25,0.49426523538826644,-0.004158007152277842,0.04801935631425084,0.9309972313232987,24,1.0,r_inc2
AT,C26,0.456214124609699,0.008390992027454332,0.058152239508463446,0.8852686856437306,24,1.0,r_inc2
AT,C27,0.5581859042102527,-0.0041486786361131555,0.09089273782567765,0.9635942573651025,24,1.0,r_inc2
AT,C28,0.23161728653717895,0.03947020805650962,0.04155826272820806,0.34223626393869033,24,1.0,r_inc2
AT,C29-C30,0.44163792511196864,-0.008733137212315318,0.04003280013276967,0.8273125940081678,24,1.0,r_inc2
AT,C31-C33,0.24072200584927045,-0.02384423314762927,0.04955772890447221,0.6304166069640471,24,1.0,r_inc2
AT,F,0.3943162806454166,0.017737213172112642,0.07732996145653012,0.8185809500447101,24,1.0,r_inc2
AT,G45,0.24002958723155632,0.01611182155849751,0.11082098733905309,0.8844061069654202,24,1.0,r_inc2
AT,G46,0.3392122578427022,0.08139763691573845,0.06426586175727902,0.2053067225559101,24,1.0,r_inc2
AT,G47,0.4970017767730778,0.044010893284027,0.061459725098260816,0.4739337815488587,24,1.0,r_inc2
AT,H49,0.1570364539261713,-0.010445898710697493,0.023861785682150097,0.6615553051792326,24,1.0,r_inc2
AT,H50,0.23859672141320862,-0.0708858798072797,0.1382376663696299,0.6081033528060293,24,1.0,r_inc2
AT,H51,0.2907816262211528,-0.06515430552843657,0.08097173047525662,0.4210188102529173,24,1.0,r_inc2
AT,H52,0.21370220062480114,-0.0023925527939078145,0.018734915646181644,0.8983819941154562,24,1.0,r_inc2
AT,H53,0.2588134181075925,0.06992649111667741,0.05534057906186752,0.2063857332385144,24,1.0,r_inc2
AT,I,0.20434608732037896,0.03709090825636277,0.024340918538211576,0.12755645613103053,24,1.0,r_inc2
AT,J58-J60,0.34919040960051834,0.0559360014935488,0.047028977773849956,0.23428451439141174,24,1.0,r_inc2
AT,J61,0.4605757834781067,-0.04841638066341082,0.044426171253352416,0.2757939226949645,24,1.0,r_inc2
AT,J62-J63,0.3317121011819056,-0.02948228349087258,0.03967051390631357,0.45737345849826383,24,1.0,r_inc2
AT,M,0.28872025351851177,-0.06675460560448486,0.035576626495975074,0.06060568309217012,24,1.0,r_inc2
AT,N,0.3446827611039575,-0.033005573289564064,0.020456017711918902,0.10663816549175723,24,1.0,r_inc2
AT,R,0.29436957526591995,-0.0400737013595043,0.033179738761196405,0.22713332878648995,24,1.0,r_inc2
AT,S,0.4391181180947125,0.012705710084012225,0.053381476996627535,0.8118677480688168,24,1.0,r_inc2
BE,A,-0.12932443892387407,-0.014633901682487798,0.0365673319875129,0.6890161545927826,24,1.0,r_inc2
BE,C10-C12,0.2561189757645483,0.004965618954627066,0.03279445167535529,0.8796472258187986,24,1.0,r_inc2
BE,C13-C15,0.43743942413574005,-0.022868054071945792,0.04760673891000935,0.6309761960345865,24,1.0,r_inc2
BE,C16-C18,0.2646292926839247,-0.02141702840566266,0.02156997423564141,0.3207541484748152,24,1.0,r_inc2
BE,C19,0.30825144103886437,0.0125308700042261,0.2045099360459726,0.9511420553696796,24,1.0,r_inc2
BE,C20,0.4516111038966041,0.006019100534507282,0.04718355346930248,0.8984910412264713,24,1.0,r_inc2
BE,C21,0.3438113596466878,0.029001308301399863,0.05785784267935227,0.6161944029571877,24,1.0,r_inc2
BE,C22-C23,0.3426374673713367,-0.0011927662132579866,0.0322167614195755,0.9704665418493592,24,1.0,r_inc2
BE,C24-C25,0.12900774440554957,0.019241167906490792,0.04880774438686069,0.6934159148429053,24,1.0,r_inc2
BE,C26,0.3128583347292475,0.008950372322850342,0.03509517189341574,0.7986988141611853,24,1.0,r_inc2
BE,C27,0.3010920212954803,-0.03650476354969721,0.07220518958347329,0.6131586838615427,24,1.0,r_inc2
BE,C28,0.3734759273266541,0.03823650183583166,0.05815092107230595,0.5108343657011776,24,1.0,r_inc2
BE,C29-C30,0.49684584113780766,-0.03471863630605355,0.07981712185419018,0.6635789030996754,24,1.0,r_inc2
BE,C31-C33,0.33897711751816156,0.006501735247757723,0.04363570520429165,0.8815533585994281,24,1.0,r_inc2
BE,F,0.6533845627111883,0.029845868870428692,0.04437052983635386,0.5011695255415595,24,1.0,r_inc2
BE,G,0.39768456202267244,0.07427097157718204,0.0370205317695724,0.04483381705094269,24,1.0,r_inc2
BE,H,0.18083127704900562,0.0007765366033026012,0.015772498906938635,0.9607331498980738,24,1.0,r_inc2
BE,I,0.2504233233694777,0.03793317896087341,0.028130463008798248,0.1775061944104691,24,1.0,r_inc2
BE,J,0.37543350438392004,0.017775387988195696,0.02814824711978507,0.5277189917918264,24,1.0,r_inc2
BE,J58-J60,0.568542869821113,0.021341893291438208,0.05239750045951618,0.6837821778041646,24,1.0,r_inc2
BE,J62-J63,0.39413857780243305,0.029560742558559026,0.04770477756806529,0.5354816543694665,24,1.0,r_inc2
BE,M,0.5731799017869542,-0.08201277900083347,0.07103827431367789,0.24830047987250836,24,1.0,r_inc2
BE,N,0.3227844328331591,0.002139694840470661,0.025862069088192663,0.9340623602255076,24,1.0,r_inc2
BE,R,0.1175330964909999,0.004930876727154023,0.02218320236421379,0.8240961131663331,24,1.0,r_inc2
BE,S,0.24486913183967474,-0.11024546879742295,0.05003629735357794,0.027572914412991454,24,1.0,r_inc2
CZ,A,0.3738514668512322,0.03686884178580259,0.04935916963022553,0.4550936201673472,24,1.0,r_inc2
CZ,C10-C12,0.563311204731847,0.022635638376506492,0.05610673437148972,0.6866253854287494,24,1.0,r_inc2
CZ,C13-C15,0.4286357693453871,-0.023106154663402014,0.05777651469796171,0.6892132621585499,24,1.0,r_inc2
CZ,C16-C18,0.5448096946804468,0.04358461669721031,0.0462223351473291,0.3457146037415796,24,1.0,r_inc2
CZ,C19,0.41495171836572375,-0.036295897827393744,0.18340124011414935,0.8431199236651101,23,1.0,r_inc2
CZ,C20,0.4865766033198201,-0.030306950722513333,0.08481264858321602,0.7208372982766518,24,1.0,r_inc2
CZ,C21,0.3072502489424175,0.011182796597340377,0.0660511360443868,0.8655566360439666,24,1.0,r_inc2
CZ,C22-C23,0.3420013070248384,0.02076946501235913,0.0268342652162616,0.4389364387225453,24,1.0,r_inc2
CZ,C24-C25,0.6965963590543235,-0.03311943682878983,0.09613095020523887,0.7304521145068438,24,1.0,r_inc2
CZ,C26,0.25645533244822977,-0.002191626645711802,0.029501761292139064,0.9407812305778521,24,1.0,r_inc2
CZ,C27,0.3648922004685801,0.054265842060267216,0.053013105769200604,0.30600974353878185,24,1.0,r_inc2
CZ,C28,0.5382230696303749,-0.03309572516809967,0.056121490161732006,0.555381252036296,24,1.0,r_inc2
CZ,C29-C30,0.5153313464824555,0.025569130723559007,0.051664483838553224,0.6206655503698584,24,1.0,r_inc2
CZ,C31-C33,0.4282932688363448,0.0315522256444804,0.04202248950946539,0.4527480992915083,24,1.0,r_inc2
CZ,F,0.38439390239156446,0.014958877932930019,0.05822396780764114,0.7972408474906045,24,1.0,r_inc2
CZ,G45,0.37061679572408557,0.01801784147204605,0.04832296664508612,0.709250485652912,24,1.0,r_inc2
CZ,G46,0.3961648687985326,0.11934053289571853,0.07053079137062652,0.09063939420301922,24,1.0,r_inc2
CZ,G47,0.31312110969577944,0.03732417593794914,0.050692683516213054,0.46155831160419813,24,1.0,r_inc2
CZ,H49,0.03471041591134237,-0.03252887121114423,0.025116972592793003,0.19528738276503899,22,1.0,r_inc2
CZ,H50,0.14803733987621928,-0.07322626740671104,0.13363668023079806,0.5837259862931916,14,1.0,r_inc2
CZ,H51,0.39563414799111557,-0.08380501643295787,0.1846067783108975,0.6498540170586419,20,1.0,r_inc2
CZ,H52,0.5518246907464746,-0.0036876683747985553,0.038788531785321045,0.9242583531285721,24,1.0,r_inc2
CZ,H53,0.23828383905673822,-0.019529310886778048,0.054786791057000815,0.7214959476100136,24,1.0,r_inc2
CZ,I,0.43527719477212234,-0.20193242102687473,0.1278621274160338,0.11426768646180537,24,1.0,r_inc2
CZ,J58-J60,0.7147997144271594,0.08879914139121022,0.06346857275687538,0.16178176357587848,24,1.0,r_inc2
CZ,J61,0.8627519773011535,0.04732029519872818,0.12936265489119372,0.714517573176011,24,1.0,r_inc2
CZ,J62-J63,0.40789462805714954,-0.005253730842258266,0.05977084185580407,0.9299578341880785,24,1.0,r_inc2
CZ,M,0.4621482216816449,0.009378956957137318,0.04211173018599207,0.8237565320682829,24,1.0,r_inc2
CZ,N,0.16240905723537477,-0.011013645945289694,0.029827402973330492,0.7119444538673929,24,1.0,r_inc2
CZ,R,0.3483397793322589,-0.010101861875690316,0.025032133577297434,0.6865394179705382,24,1.0,r_inc2
CZ,S,0.32950401819494696,-0.07025320366770929,0.10756688804311437,0.5136842067517025,24,1.0,r_inc2
DE,A,0.0171165989959106,0.01846901663333304,0.032438135795493976,0.569111027301999,24,1.0,r_inc2
DE,C10-C12,0.22873027653944367,-0.026903643642865727,0.04542024161614558,0.5536315184552196,24,1.0,r_inc2
DE,C13-C15,-0.07547953166524615,0.028513172524831376,0.03097387128232824,0.3572824606954179,24,1.0,r_inc2
DE,C16-C18,0.13531698431799719,0.013497628610814702,0.039565581689738324,0.7329938884361228,24,1.0,r_inc2
DE,C19,0.3104223116129056,0.039882098410075416,0.31675826140386454,0.8998055016139157,24,1.0,r_inc2
DE,C20,0.3234841821321673,-0.012570941424015044,0.048481979925799355,0.7954107171375755,24,1.0,r_inc2
DE,C21,0.2559559502631797,0.004948413392462127,0.036602417762126443,0.8924587905428889,24,1.0,r_inc2
DE,C22-C23,0.20122772416230458,-0.00789909117209702,0.031584593827760306,0.80251529826168,24,1.0,r_inc2
DE,C24-C25,0.40535597725033296,0.00803546667801356,0.05968705510636949,0.8929070909570155,24,1.0,r_inc2
DE,C26,0.1136720123066938,-0.0008081703643138899,0.03070875154008881,0.9790042838846611,24,1.0,r_inc2
DE,C27,0.13935985928812586,-0.02837839684834448,0.05076415577803625,0.5761451335127912,24,1.0,r_inc2
DE,C28,0.10089019670881469,0.026765652339593188,0.03638568885044344,0.46196848056786366,24,1.0,r_inc2
DE,C29-C30,0.436431783570863,-0.0028504684462948514,0.04625612345798265,0.9508625895165309,24,1.0,r_inc2
DE,C31-C33,0.3078662350648575,0.02869825445900909,0.05876241879224975,0.6252823401000747,24,1.0,r_inc2
DE,F,0.794220233857464,0.3591152033319903,0.21685270822988376,0.0977151712744027,24,1.0,r_inc2
DE,G,0.5456116779566873,0.14806642147867394,0.10889577190271983,0.1739224348965105,24,1.0,r_inc2
DE,H,0.30570758803988707,-0.022565288663577522,0.03534052545528991,0.5231415669638739,24,1.0,r_inc2
DE,I,0.24457690816860117,0.00416677777609491,0.0759172946587109,0.9562294833509906,24,1.0,r_inc2
DE,J58-J60,0.3204938885817844,-0.04231756973324799,0.035790969364488466,0.2370655560939372,24,1.0,r_inc2
DE,J61,0.45950442443194683,-0.030448249683176137,0.07692592877638213,0.6922433019493514,24,1.0,r_inc2
DE,J62-J63,0.4556740089137798,0.0029249877900964154,0.07025399666434987,0.9667900954040929,24,1.0,r_inc2
DE,M,0.5822485020130633,-0.10436047400431625,0.10792599749116652,0.3335624022310163,24,1.0,r_inc2
DE,N,0.31617511359466355,-0.04317555630556287,0.04441476533098761,0.33100121736214383,24,1.0,r_inc2
DE,R,0.17107053865383012,-0.06055878440387551,0.03273241530650852,0.0642967481324674,24,1.0,r_inc2
DE,S,0.6422153264529377,-0.1419505567204792,0.15725387175577898,0.36669362127266425,24,1.0,r_inc2
DK,A,0.27842014568731643,-0.02863642503845554,0.08887652172027853,0.7472976921311011,24,1.0,r_inc2
DK,C10-C12,0.34357217968128717,-0.06542655796547767,0.05236538511886685,0.2115101114250253,24,1.0,r_inc2
DK,C13-C15,0.4295648043704312,0.018452196570312294,0.08845701398989711,0.8347599505536479,24,1.0,r_inc2
DK,C16-C18,0.023653065294869973,-0.0229611235509008,0.03354807048740967,0.49370710853869393,24,1.0,r_inc2
DK,C19,0.4513973854756641,-0.018644080854367782,0.3222499253446261,0.9538633580531503,16,1.0,r_inc2
DK,C20,0.23116212733197705,0.04126949321604384,0.044690097767976014,0.35576782155448916,22,1.0,r_inc2
DK,C21,0.6165328909217846,0.0619227779067263,0.08076692293682905,0.44326890075069747,24,1.0,r_inc2
DK,C22-C23,0.38284850225152783,-0.03196027653382013,0.06216206649987381,0.6071510578919714,24,1.0,r_inc2
DK,C24-C25,0.27877396427689566,0.0030767232271047508,0.05536442373820942,0.9556826057254911,24,1.0,r_inc2
DK,C26,0.3168355751456314,-0.018561040248176206,0.049458729550001274,0.7074497094426304,24,1.0,r_inc2
DK,C27,0.07868043073628991,-0.0039399073273869096,0.05733012325394383,0.9452099814622135,24,1.0,r_inc2
DK,C28,0.2575530752958441,0.0011854902923813368,0.0690771217095302,0.9863075074895816,24,1.0,r_inc2
DK,C29-C30,0.17586977925476865,-0.022317677697440485,0.09740330051419867,0.8187705943659499,24,1.0,r_inc2
DK,C31-C33,0.5245260720814099,0.08170904773408658,0.07485649628712997,0.2750342378720283,24,1.0,r_inc2
DK,F,0.41884212556982514,0.06882774414296909,0.12018432927249997,0.5668580996089758,24,1.0,r_inc2
DK,G45,0.32793830072728297,0.08568290761319328,0.08710037605657844,0.325250235065763,24,1.0,r_inc2
DK,G46,0.1733243315731163,0.17799329135646508,0.08007430808551629,0.026225818851244698,24,1.0,r_inc2
DK,G47,0.6188503213490935,0.15736886512658335,0.19412067213928555,0.4175520697269608,24,1.0,r_inc2
DK,H49,0.27937996502021173,-0.03901103456025858,0.02622784956864078,0.13691190301611872,24,1.0,r_inc2
DK,H50,0.18656551659303017,0.14111792678427065,0.1512602535649204,0.3508469002559481,24,1.0,r_inc2
DK,H51,0.45905450867701464,-0.03841558234934971,0.11436298019678814,0.7369393051394241,24,1.0,r_inc2
DK,H52,0.268389662533861,-0.020558232835349466,0.0387855821390222,0.5960784259907339,24,1.0,r_inc2
DK,H53,0.17207057583349017,-0.05212895078330124,0.1769852755787916,0.7683465643928109,21,1.0,r_inc2
DK,I,0.16409855199399384,0.0030574300043195134,0.05711857373160757,0.9573114033303075,24,1.0,r_inc2
DK,J58-J60,0.19991963849918296,-0.017290458359765982,0.025355108375678878,0.49528198493385756,24,1.0,r_inc2
DK,J61,0.20065286265140073,-0.056940672593666114,0.028429980340559505,0.045194575307017676,24,1.0,r_inc2
DK,J62-J63,0.32968245637555554,-0.05787584947729415,0.056604665266588285,0.30656454376757447,24,1.0,r_inc2
DK,M,0.45018714648740027,0.00945084388685588,0.09705608571357084,0.9224285357792508,24,1.0,r_inc2
DK,N,0.447580882964109,-0.05315579700623702,0.03243438070867026,0.10123992902781419,24,1.0,r_inc2
DK,R,0.16791427050058824,-0.023676361910452852,0.021996881433725808,0.28177037731448573,24,1.0,r_inc2
DK,S,0.362412314598814,-0.01989377208193139,0.025925143380884426,0.44287085003947624,24,1.0,r_inc2
EE,A,0.08098484342316492,0.004014568887548305,0.04979746730377816,0.9357458040762553,19,1.0,r_inc2
EE,F,0.34121016332252424,0.12764281761858493,0.14489910047207502,0.3783674646256233,19,1.0,r_inc2
EE,G,0.4538110126861668,0.09270919729528078,0.06914885183717637,0.18001161969979562,19,1.0,r_inc2
EE,H,0.5140101766945993,-0.03923583999235229,0.0637002677009876,0.537931041966281,19,1.0,r_inc2
EE,I,0.7515684995021075,-0.10325848166986233,0.14757020364085416,0.4840993953336722,19,1.0,r_inc2
EE,J,0.5535428325159445,-0.041460279086146995,0.07238904808576337,0.5668191061413932,19,1.0,r_inc2
EE,M,0.45740302064165517,-0.010858783161090528,0.07668705779113918,0.8873970404872054,19,1.0,r_inc2
EE,N,0.2060752695847121,0.07039648478880381,0.059022981649348494,0.23298838195926752,19,1.0,r_inc2
EE,R,0.3682107080300299,-0.02471784277776229,0.052578876066499074,0.6382766019047773,19,1.0,r_inc2
EE,S,0.37431537694441913,-0.1045188670814886,0.07086005786959648,0.14021147454008834,19,1.0,r_inc2
EL,A,0.17922609934577036,-0.10186360144196267,0.1732683527622428,0.55660276036898,24,1.0,r_inc2
EL,C10-C12,0.518124777267407,-0.027502259925997797,0.1742735266488491,0.8746058191018219,24,1.0,r_inc2
EL,C13-C15,0.06986551837072909,0.08502919170998362,0.13143334007175456,0.5176722207879012,18,1.0,r_inc2
EL,C16-C18,0.5087079780353556,-0.12844600885627905,0.2947242870058412,0.66296912885351,24,1.0,r_inc2
EL,C19,0.10682923252816966,0.42341333686404337,0.6438106460332863,0.5107518115511174,24,1.0,r_inc2
EL,C20,0.2729236505274686,-0.01095989597202666,0.13417324207373324,0.9348974752871565,22,1.0,r_inc2
EL,C21,0.3537738505619984,-0.0034467345752512524,0.23006965889460798,0.9880471269080227,24,1.0,r_inc2
EL,C22-C23,0.2154666746655541,0.008308512290190589,0.11129526610102745,0.9404908982727967,24,1.0,r_inc2
EL,C24-C25,0.30110010678491933,0.030894900369981815,0.16422220522298617,0.8507758092859354,22,1.0,r_inc2
EL,C26,0.6502934463227655,0.3275466569457356,0.40153056565252204,0.4146458453094254,24,1.0,r_inc2
EL,C27,0.4568310056943066,0.05855467214804011,0.35056049953292207,0.8673452051515351,24,1.0,r_inc2
EL,C28,0.17890492072943492,0.03877683647887802,0.12500811103777157,0.7564130042252448,24,1.0,r_inc2
EL,C29-C30,0.45026287512500407,0.07495445883894157,0.754956943043704,0.9209135035474352,24,1.0,r_inc2
EL,C31-C33,0.5994941543407357,0.45958822709313063,0.749463292687326,0.5397288120325696,22,1.0,r_inc2
EL,F,0.43374842714892253,0.10253466095975355,0.652046375452208,0.8750473788431088,22,1.0,r_inc2
EL,G45,0.13444991121545016,-0.084831702825889,0.2303844108038186,0.7127106384354113,24,1.0,r_inc2
EL,G46,0.25459253765484197,-0.07301783749843607,0.18179947917583045,0.6879494137762298,24,1.0,r_inc2
EL,G47,0.38648473420670454,-0.49422270378503275,0.21798635394789814,0.02337687861879529,24,1.0,r_inc2
EL,H49,0.5561157106388454,-0.0003931116536561853,0.17898101671870623,0.9982475377965355,24,1.0,r_inc2
EL,H50,0.25457759755366666,0.14172535885672183,0.2094486873762807,0.4986222765457178,15,1.0,r_inc2
EL,H51,0.127701267895742,-1.187079200087597,0.7121394766110314,0.09553040733923909,16,1.0,r_inc2
EL,H52,0.3877034265320195,-0.14937332736712286,0.5253099557562774,0.7761400696544878,24,1.0,r_inc2
EL,H53,-0.005040734970631896,0.12135405620199119,0.5411014636548211,0.8225454481798509,20,1.0,r_inc2
EL,I,0.16436422294505248,0.13651281820244487,0.22296972897728998,0.5403735470150463,24,1.0,r_inc2
EL,J58-J60,0.24938204153229415,-0.09095516373404089,0.0940899051681498,0.3337022520243874,24,1.0,r_inc2
EL,J61,0.42643973878833663,-0.031236631543108732,0.13207517535420135,0.8130396988217148,24,1.0,r_inc2
EL,J62-J63,0.5067540844665419,-0.13990259515177178,0.18895941242140546,0.4590668012090031,24,1.0,r_inc2
EL,M,0.4597230444041958,-0.18956768170906846,0.17342128780910854,0.27434768853883884,24,1.0,r_inc2
EL,N,-0.07818104443867817,0.007951175952128143,0.058705288621880194,0.8922622269379457,24,1.0,r_inc2
EL,R,0.4589619300947175,-0.2209520252221275,0.22648788318827714,0.32928363637875135,24,1.0,r_inc2
EL,S,0.5463309104194909,0.15751324083450308,0.3435061318378671,0.6465604770742914,24,1.0,r_inc2
ES,A,0.09661625082420278,0.09415607823251769,0.04877505909007798,0.05355550753414935,24,1.0,r_inc2
ES,C10-C12,0.7608078199673,0.06737339150864902,0.09216463678476251,0.46477224712821563,24,1.0,r_inc2
ES,C13-C15,0.24247928274776628,0.1951193675793131,0.1317384928991783,0.13857692304030786,24,1.0,r_inc2
ES,C16-C18,0.681562878165461,-0.0018327025760466321,0.06769873183451153,0.9784027490496682,24,1.0,r_inc2
ES,C19,0.3538408002706833,-0.03959120634934157,0.16924840715820705,0.815044247016895,22,1.0,r_inc2
ES,C20-C21,0.5194432555633656,0.1008065165643852,0.05916982162176728,0.08844065005731394,24,1.0,r_inc2
ES,C22-C23,0.5157765131499702,0.011145436551050521,0.055917490401517264,0.8420129617711314,24,1.0,r_inc2
ES,C24-C25,0.6503549015720078,0.043050860401199154,0.08568191865191953,0.615351176363137,24,1.0,r_inc2
ES,C26-C27,0.57869571994216,-0.0590007697578937,0.08214425667629145,0.4725982198613641,24,1.0,r_inc2
ES,C28,0.470397521641924,0.022357485715171085,0.08280774065041611,0.7871658674911398,24,1.0,r_inc2
ES,C29-C30,0.4147839691883357,-0.07176195788171189,0.11291405203975459,0.5250730466376521,24,1.0,r_inc2
ES,C31-C33,0.5513759624799884,0.06487793275560144,0.09581678844845659,0.49833995774662665,24,1.0,r_inc2
ES,F,0.6084613473409255,-0.06278382747539991,0.10618979608763818,0.5543585371351217,24,1.0,r_inc2
ES,G,0.6023951542639832,0.042456123162165994,0.07262238446350824,0.5588067317447489,24,1.0,r_inc2
ES,H,0.6763952094910919,-0.03575275583292795,0.04665456283868467,0.44348042237052887,24,1.0,r_inc2
ES,I,0.4943977407303207,-0.14197837940038086,0.1527673194532043,0.35269392503478525,24,1.0,r_inc2
ES,J58-J60,0.5462076688447038,-0.026437325912385286,0.04647933747369571,0.5694936451067478,24,1.0,r_inc2
ES,J61,0.5497461213435921,-0.02656023928033746,0.06505586968042847,0.6830768228647954,24,1.0,r_inc2
ES,J62-J63,0.6081945624443674,0.0359002068041208,0.10667545219054779,0.7364661659620275,24,1.0,r_inc2
ES,M,0.35349671747708916,-0.04710731075449356,0.03030807231881517,0.12011701181656394,24,1.0,r_inc2
ES,N,0.2800820812738279,0.0036422648907630585,0.03075634852687862,0.9057323524750523,24,1.0,r_inc2
ES,R,0.9320224458062514,-0.3219471204929876,0.9427142559494648,0.7327190592510583,24,1.0,r_inc2
ES,S,0.6422376375040785,-0.007535163835116824,0.11794203772471862,0.9490588474960336,24,1.0,r_inc2
FI,A,0.39737626622560185,0.01828196629294174,0.052271963056242245,0.7265285198056142,24,1.0,r_inc2
FI,C10-C12,0.2649268214491227,-0.04224432555491032,0.06882370226479616,0.5393442601637266,24,1.0,r_inc2
FI,C13-C15,0.774588631335869,0.027143531214602345,0.288451847558836,0.9250291355720485,24,1.0,r_inc2
FI,C16-C18,0.19063151963571723,-0.0005822660950744233,0.10014757632059644,0.9953610608742958,24,1.0,r_inc2
FI,C19,0.499142604099318,-0.014160016333190462,0.22253091073839176,0.9492635035991596,24,1.0,r_inc2
FI,C20,0.22567883055633475,0.039819925487387164,0.055469470126630366,0.4728368137664988,24,1.0,r_inc2
FI,C21,0.43925957235685625,0.11240833532338214,0.0717523431286142,0.11720458474760388,24,1.0,r_inc2
FI,C22-C23,0.4184491094653724,-0.026620856219121698,0.04869007209035311,0.5845567172751731,24,1.0,r_inc2
FI,C24-C25,0.3970185294546765,0.030659480105478358,0.11726208509394692,0.7937369023573453,24,1.0,r_inc2
FI,C26,0.50990136205012,0.013625388605500763,0.11942585440593366,0.9091658328245382,24,1.0,r_inc2
FI,C27,0.5018613802936551,0.004636328504702963,0.08577065779234522,0.9568913854856262,24,1.0,r_inc2
FI,C28,0.5088122863830373,0.04944692443285761,0.09334311916537376,0.5962971098546024,24,1.0,r_inc2
FI,C29-C30,0.11253789581653,-0.012018281746190265,0.10306245257408587,0.9071678122821688,24,1.0,r_inc2
FI,C31-C33,0.5802520310086151,-0.04302239329177759,0.08545344714829968,0.614640889921076,24,1.0,r_inc2
FI,F,0.4072170956461645,0.040864812883202116,0.10478605069619282,0.69654887442899,24,1.0,r_inc2
FI,G45,0.4104219471374732,0.02523850701495149,0.17937650354442403,0.8881059190453735,24,1.0,r_inc2
FI,G46,0.4232037387187679,0.07283251186988209,0.09266126822101725,0.4318627133580787,24,1.0,r_inc2
FI,G47,0.24394885764819385,0.028448344353339265,0.0408539950189834,0.486214802773294,24,1.0,r_inc2
FI,H49,0.5031808892631456,-0.04992148413013452,0.056620035067881776,0.37794288994669323,24,1.0,r_inc2
FI,H50,-0.3560963717530627,0.05421542541415696,0.05887297741984586,0.35710884237915796,13,1.0,r_inc2
FI,H51,0.11830024132387346,-0.013378202791925125,0.060909959583392556,0.8261523130873202,22,1.0,r_inc2
FI,H52,0.4551821295619965,-0.0721687298116913,0.07586220564629687,0.3414453265392946,24,1.0,r_inc2
FI,H53,0.046164477296771415,-0.07459321239749281,0.09221710127593821,0.41858015969965423,22,1.0,r_inc2
FI,I,0.5360460017398395,0.002205239124007526,0.14693899589236412,0.9880259138146844,24,1.0,r_inc2
FI,J58-J60,0.4662380868366702,0.06822667746422689,0.07634957539326981,0.3715310609578032,24,1.0,r_inc2
FI,J61,0.5816009128373455,-0.01721306048736716,0.1164279357850057,0.8824666380156302,24,1.0,r_inc2
FI,J62-J63,0.20301759455971255,-0.00033972598458559174,0.05015071863419365,0.9945950915101884,24,1.0,r_inc2
FI,M,0.27410997518854,-0.05932913518013125,0.0317942261753632,0.06203648498049093,24,1.0,r_inc2
FI,N,0.6850366900742668,-0.05767882910824817,0.09437061228689887,0.541070614244584,24,1.0,r_inc2
FI,R,0.22862418408324625,-0.04629506566605209,0.033703244516030545,0.16956323342549673,24,1.0,r_inc2
FI,S,0.3666115922611186,-0.057252898750208094,0.07670996229143118,0.45545272086881716,24,1.0,r_inc2
FR,A,0.3566226129795283,0.06935875966376814,0.04772994113178439,0.14618213608318337,24,1.0,r_inc2
FR,C10-C12,0.3804546440355868,0.016951624254594802,0.02843975213193233,0.5511392412363039,24,1.0,r_inc2
FR,C13-C15,0.35244066107103683,-0.016352392657658334,0.058014550766006964,0.7780454244094691,24,1.0,r_inc2
FR,C16-C18,0.577379811075338,-0.016926069431354347,0.050696764401619195,0.7384785412969236,24,1.0,r_inc2
FR,C19,0.28840249763645964,-0.06361687668356637,0.20101898493855277,0.7516442879102571,24,1.0,r_inc2
FR,C20,0.7335606313285078,-0.019949540003378494,0.07703643457988575,0.7956642513790648,24,1.0,r_inc2
FR,C21,0.44107079979611497,0.06061866924128506,0.04811650005806924,0.2077302527745588,24,1.0,r_inc2
FR,C22-C23,0.3139213860460362,-0.0005352584762209172,0.03362479073933276,0.9872993577453473,24,1.0,r_inc2
FR,C24-C25,0.11405209278722014,-0.004919640086130353,0.0299673683058947,0.8696000167850706,24,1.0,r_inc2
FR,C26,0.5570086093191333,0.010220915943121276,0.029260830315594257,0.7268613300034737,24,1.0,r_inc2
FR,C27,0.45119975660752504,-0.08908421421862611,0.04333258073407692,0.03979936194025743,24,1.0,r_inc2
FR,C28,0.5139412828234754,0.01308720223171265,0.07362001221293274,0.8589060338227859,24,1.0,r_inc2
FR,C29-C30,0.18361902618801612,0.014944794802141175,0.024623659712830263,0.5438985265238403,24,1.0,r_inc2
FR,C31-C33,0.6036803300577411,0.05455666509847997,0.05703894127441581,0.33882926570474314,24,1.0,r_inc2
FR,F,0.4925322026649336,0.02352123833220856,0.0478722955120176,0.6231909468475108,24,1.0,r_inc2
FR,G,0.31145549629562,0.029174210179346537,0.048117168215610996,0.5443049191544416,24,1.0,r_inc2
FR,H,0.3435334194121106,0.04457773966465404,0.03500045095231743,0.20279340682839642,24,1.0,r_inc2
FR,I,0.3100506170887022,-0.0163723340469936,0.02952675891091834,0.5792425859437635,24,1.0,r_inc2
FR,J58-J60,0.2907579314257705,0.004519366095373983,0.02428200023720695,0.8523506513846622,24,1.0,r_inc2
FR,J61,0.5141016286047904,-0.003596975742180803,0.05729679487921818,0.9499433187682732,24,1.0,r_inc2
FR,J62-J63,0.3566709056459279,-0.06395577353601392,0.024405133805889198,0.008777855979057775,24,1.0,r_inc2
FR,M,0.5654373480549457,0.003966729267712244,0.03193891559335925,0.9011590057839565,24,1.0,r_inc2
FR,N,0.44607142645766307,0.01918199687062175,0.021036958071437777,0.36186153404820187,24,1.0,r_inc2
FR,R,0.23034491421772474,0.006477387928074757,0.01729988597864618,0.7080933867473354,24,1.0,r_inc2
FR,S,0.4461315337827909,-0.08766441204004516,0.0369075282885296,0.017537318209484332,24,1.0,r_inc2
HU,A,0.4162391283454939,0.023891330728463004,0.10147287607441742,0.813862984621017,24,1.0,r_inc2
HU,F,0.5110968082756763,0.19678114837883742,0.1502727423181443,0.19036730774929966,24,1.0,r_inc2
HU,G,0.3417307020934525,0.061624587920960795,0.03819113842900614,0.10661781462129126,24,1.0,r_inc2
HU,H,0.34829242197217175,-0.07461722924099849,0.04460814141575793,0.09438111027941327,24,1.0,r_inc2
HU,I,0.3436564729216963,-0.009523990727490895,0.08125345733129719,0.9066909803246896,24,1.0,r_inc2
HU,J,0.39149192506350033,-0.050694117234786264,0.04819004800345894,0.292816813368004,24,1.0,r_inc2
HU,M,0.10375077407833419,0.05538432140306242,0.03319343416042087,0.09521007945296217,24,1.0,r_inc2
HU,N,0.5481902433666742,-0.009950592360615627,0.07656484274846427,0.8965957444902055,24,1.0,r_inc2
HU,R,0.3663506355660787,-0.09881562719700096,0.04167270328190976,0.017728922217736358,24,1.0,r_inc2
HU,S,0.49908675223871846,-0.10146568715481064,0.0919590438118431,0.2698625682322493,24,1.0,r_inc2
IE,A,0.19454151528751248,-0.262616291527309,0.17754635702653906,0.1391023401191887,24,1.0,r_inc2
IE,F,0.2760283309398444,-0.22946679416562468,0.3114559315576462,0.4612711984042307,21,1.0,r_inc2
IE,G,0.3239904099991966,0.07194406498687125,0.14986598647870977,0.6311875787551139,24,1.0,r_inc2
IE,H,0.18287395450997365,-0.2836753040594166,0.1531800326258848,0.06403905728890683,24,1.0,r_inc2
IE,I,0.08321185491901816,-0.18596866235214374,0.11349151138672771,0.10129388978083612,24,1.0,r_inc2
IE,J,0.29046218727983886,-0.04143297750888243,0.18861793949120256,0.8261311653384015,24,1.0,r_inc2
IE,M,0.31910319156593964,-0.10193568859408013,0.20005270461199592,0.6103708485707182,24,1.0,r_inc2
IE,N,0.2599443199551023,-0.17990864378907065,0.17387701572602948,0.30081415258786004,24,1.0,r_inc2
IE,R,0.4252736132249662,-0.12058169228016023,0.2332996057574625,0.6052585062741616,24,1.0,r_inc2
IE,S,0.02945671660729025,-0.1574808719353273,0.17457048084795768,0.36700118949771776,24,1.0,r_inc2
IT,A,0.456652918784974,0.005601672872690856,0.047199843134190594,0.9055289579460141,24,1.0,r_inc2
IT,C10-C12,0.32475477489875243,0.007213463961921869,0.025615269829834673,0.7782441335390465,23,1.0,r_inc2
IT,C13-C15,0.3370839680185744,-0.029334806558070355,0.04370792930567085,0.5021216282069265,23,1.0,r_inc2
IT,C16-C18,0.2968351445673692,0.004642849748390137,0.020765205364328042,0.8230779389593821,23,1.0,r_inc2
IT,C19,0.32899279670755566,-0.11152623105379249,0.10793114959944723,0.3014593047002282,18,1.0,r_inc2
IT,C20,0.43192885460000846,-0.006149515045974997,0.03777644106532161,0.8706861122502885,23,1.0,r_inc2
IT,C21,0.4716439194593055,0.036850638614742165,0.046146471416368205,0.4245466904044666,23,1.0,r_inc2
IT,C22-C23,0.07479399026214748,0.017417928693626933,0.019638628751639197,0.37512098382176884,23,1.0,r_inc2
IT,C24-C25,0.41612968373051984,0.01853769273458947,0.04074220388658988,0.6491094160125396,23,1.0,r_inc2
IT,C26,0.33709554236231587,0.010994288778456152,0.0278993531415257,0.6935296056399105,23,1.0,r_inc2
IT,C27,0.2506732761692429,-0.0016811273944241053,0.024250124955049347,0.9447313373680908,23,1.0,r_inc2
IT,C28,0.3271386106824227,0.0294504322934033,0.03775918884562824,0.4354179218434654,23,1.0,r_inc2
IT,C29-C30,0.4456516094714643,-0.012877198773235158,0.027552352486367764,0.6402337339067157,23,1.0,r_inc2
IT,C31-C33,0.5029154919322886,0.023941885123998384,0.04598898994616299,0.6026451924080138,23,1.0,r_inc2
IT,F,0.8507479072826206,0.21867055237558816,0.3689645471770891,0.5534086727762634,24,1.0,r_inc2
IT,G,0.7133480007079344,0.046659754024845394,0.0810664574319135,0.5649030853307292,24,1.0,r_inc2
IT,H,0.32859909866876996,0.02627139492705031,0.018441948471529985,0.1542886202149884,24,1.0,r_inc2
IT,I,0.3809571148039406,-0.03473521114324414,0.0693637397563053,0.6165336995451449,24,1.0,r_inc2
IT,J58-J60,0.3535136298625406,-0.004941829261543016,0.02562484842192739,0.8470740832463293,23,1.0,r_inc2
IT,J61,0.7652284292869079,0.009198514468270452,0.09385081699108606,0.9219226953037719,23,1.0,r_inc2
IT,J62-J63,0.39916552054107746,0.020584987004807424,0.03473654887256012,0.5534467951276777,23,1.0,r_inc2
IT,M,0.14227220032996304,-0.038838570374928647,0.031183691202782162,0.21295646236790944,24,1.0,r_inc2
IT,N,0.18646693000606004,0.03644454924239061,0.016215790554801934,0.0246098229102293,24,1.0,r_inc2
IT,R,0.6478615674526912,-0.027326416239314828,0.06746592356325756,0.685447906599366,24,1.0,r_inc2
IT,S,0.5057887978418202,-0.0849697882124195,0.08861147145262158,0.33760771338367934,24,1.0,r_inc2
JP,A,0.5776135693592334,0.09144162402040618,0.13514768694472068,0.49865649649094257,23,1.0,r_inc2
JP,C10-C12,0.30392535644646407,0.012110857710742733,0.037972576610639026,0.7497743254255227,23,1.0,r_inc2
JP,C19,0.37730355652628256,0.09290704287440546,0.17538416386973044,0.5962960222478302,23,1.0,r_inc2
JP,C20,0.15595668290002726,-0.03387659922354053,0.023124792806570343,0.14293533850947615,23,1.0,r_inc2
JP,C24-C25,0.5331880584342102,0.020321029713716528,0.07002943380477827,0.7716797527320736,23,1.0,r_inc2
JP,C26,0.31044329511176244,-0.04822827581453637,0.03549720603989972,0.17425755144010968,23,1.0,r_inc2
JP,C27,0.17052594108995184,-0.047197704916100265,0.022635908238559446,0.037061937671874955,23,1.0,r_inc2
JP,C28,0.28247496434834296,-0.004682167895626628,0.04599409111014894,0.9189159533871814,23,1.0,r_inc2
JP,C29-C30,0.43432542688533843,-0.021888174404961536,0.03943954290136828,0.5789080475843229,23,1.0,r_inc2
JP,F,0.6424389663923245,0.0654773029207376,0.17816650063962586,0.7132414290403624,23,1.0,r_inc2
JP,I,0.9336372133998188,-1.0067724646833336,4.965826395689531,0.8393381276245829,23,1.0,r_inc2
JP,M-N,0.5091881934702528,0.007557946578700502,0.056139437594883206,0.8929059125675463,23,1.0,r_inc2
LT,A,0.370698077244384,-0.060054405498397315,0.10744137500825644,0.5761955334630142,24,1.0,r_inc2
LT,F,0.22666143562583047,0.10090762659872228,0.14483002061537711,0.48597088878612926,24,1.0,r_inc2
LT,G,0.3284116283795546,0.10818397214807612,0.08924451007632846,0.22542821129766621,24,1.0,r_inc2
LT,H,0.32355033600280997,0.0925944740339911,0.05275965904974078,0.07925518266081005,24,1.0,r_inc2
LT,I,0.3078438731968108,-0.13615688748376117,0.06539799859221092,0.03734490784395833,24,1.0,r_inc2
LT,J,0.43106668276740706,-0.08583494993773057,0.07780292520288917,0.26992490382582124,24,1.0,r_inc2
LT,M,0.4183634726790627,0.04898563447265667,0.10772144278773065,0.6492937248198842,24,1.0,r_inc2
LT,N,0.4824064839802253,0.02740434104697605,0.05805026277328642,0.6368700194442045,24,1.0,r_inc2
LT,R,0.2938089830326654,0.06165557325932116,0.10357930307052989,0.5516764170943045,24,1.0,r_inc2
LT,S,0.4613105337069417,-0.18597509391978315,0.258285477409459,0.47150223007144854,24,1.0,r_inc2
LU,A,0.1807504998660944,-0.06953048610087452,0.04092831569847229,0.08935013466163172,23,1.0,r_inc2
LU,C13-C15,0.2290423239573913,0.3440457558321412,0.28578498006108166,0.22864281552694,24,1.0,r_inc2
LU,C20,0.0959593912726427,0.0741618595675182,0.17085032227668623,0.6642339539086116,24,1.0,r_inc2
LU,F,0.3441753768418431,0.021855700939533415,0.0665491924930969,0.742598495028278,24,1.0,r_inc2
LU,G,0.2616902088554267,0.1352703106296249,0.11192660215078559,0.2268309139119099,24,1.0,r_inc2
LU,G45,0.05147056132414844,-0.07390330431469125,0.04901917361294109,0.13164649398077866,24,1.0,r_inc2
LU,H,0.44617216314664293,-0.014141576282256084,0.08129906895220534,0.8619085926895915,24,1.0,r_inc2
LU,H49,0.2466017130500088,-0.07217901626781192,0.039793903762903024,0.06970529626949669,24,1.0,r_inc2
LU,I,0.396014300919042,-0.19000472800162507,0.09991882807102745,0.05722466665232516,24,1.0,r_inc2
LU,J,0.46205789663986946,-0.016590178410184734,0.07233393776429832,0.8185927066688445,24,1.0,r_inc2
LU,J58-J60,0.10306636963742376,0.053886027658298384,0.20017039874957937,0.7877751793680636,22,1.0,r_inc2
LU,J61,0.4752703342554552,-0.028224608391868414,0.07428622569062575,0.7039869582670235,24,1.0,r_inc2
LU,M,0.184258807523603,0.17808469277311387,0.17493273273035673,0.3086693420490262,24,1.0,r_inc2
LU,N,0.3543369232234697,-0.07436005082876292,0.07405537196996213,0.31532357008313117,24,1.0,r_inc2
LU,R,0.26156262809411746,-0.06343006860364572,0.041806803127648874,0.12921144565461268,24,1.0,r_inc2
LU,S,0.16534359164744736,-0.16576059474359925,0.09900188207762874,0.09406819506163239,22,1.0,r_inc2
LV,A,0.050554265530998094,-0.03613305578898873,0.04188548157036177,0.38832277320332176,18,1.0,r_inc2
LV,C10-C12,0.22245093132146612,-0.09925729213146652,0.06813480414455832,0.14517763650001936,24,1.0,r_inc2
LV,C13-C15,0.2241634157181037,-0.1898274901552475,0.15084028377373873,0.20822298453064036,24,1.0,r_inc2
LV,C16-C18,0.3532287160287512,0.03113723411415555,0.06251301971026559,0.6184192091075085,24,1.0,r_inc2
LV,C20,0.2871737758997483,0.05665226788422437,0.12842340991123205,0.6591140999757643,24,1.0,r_inc2
LV,C21,0.12085685246320153,0.02477501277058551,0.08445582536062797,0.769255576786765,24,1.0,r_inc2
LV,C22-C23,0.0017463661100012222,-0.06326505790149461,0.028283138747698864,0.0252963326366961,24,1.0,r_inc2
LV,C24-C25,0.010992357684637837,0.041586651017382924,0.07695463066654318,0.5889179052564412,24,1.0,r_inc2
LV,C26,0.19944231094952067,0.45324940898141475,0.2774995779843273,0.1023988353928649,24,1.0,r_inc2
LV,C27,0.3903455046413205,0.07840140325965705,0.19831890539679947,0.6925993977581197,24,1.0,r_inc2
LV,C28,0.32205057190887015,-0.0705562302194631,0.08352054426561302,0.39823538929899616,24,1.0,r_inc2
LV,C29-C30,0.33971480992972347,-0.16491338333604078,0.09562487671136126,0.08460199562795691,24,1.0,r_inc2
LV,C31-C33,0.022421008762568848,-0.014742443665745042,0.06790342854517668,0.8281234209449084,24,1.0,r_inc2
LV,F,0.24989062094133996,0.006274270772671836,0.1464651322452172,0.9658306861063586,24,1.0,r_inc2
LV,G,0.372350056133738,0.10083858990899683,0.0859849795829145,0.24089744994410023,21,1.0,r_inc2
LV,H,0.3998350587770924,-0.060979537718355015,0.06931999234016076,0.37903169525467406,21,1.0,r_inc2
LV,I,0.149956379984774,-0.13173953899873903,0.06931986322791978,0.05737294642060319,24,1.0,r_inc2
LV,J58-J60,0.42174800614412195,-0.074907827339288,0.09012693309712241,0.40589624889194675,24,1.0,r_inc2
LV,J61,0.5953498952219219,-0.028419662739304345,0.12367129343717483,0.8182471878186044,24,1.0,r_inc2
LV,J62-J63,0.3869122977741713,0.060979983562380935,0.14432821816102132,0.6726534700421533,24,1.0,r_inc2
LV,M,0.5638285762443038,0.062099532831463106,0.16839451702049946,0.7122961273840827,24,1.0,r_inc2
LV,N,0.2056295464128628,0.01450302150662072,0.04098542057562598,0.7234452575496988,23,1.0,r_inc2
LV,R,0.42445123472046453,-0.03883898173779139,0.08542431816720522,0.6493541885224765,24,1.0,r_inc2
LV,S,0.3081066505937496,-0.05985144195730745,0.16684406269625565,0.7197994539800796,22,1.0,r_inc2
MT,A,0.3413392847154424,-0.07620609508501174,0.34801695553769924,0.8266715765342432,19,1.0,r_inc2
MT,F,0.622885348694481,-0.2649323388348179,0.3874265616157115,0.49408507437534743,19,1.0,r_inc2
MT,G,0.21571094552633435,-0.18237112035578615,0.0619722186996475,0.003252707604608679,19,1.0,r_inc2
MT,H,0.4310579305256013,-0.29178278086717374,0.15875653197797995,0.0660732888711501,17,1.0,r_inc2
MT,I,0.7036384308608725,-0.30438994754940135,0.3226969422710858,0.34554344603834697,17,1.0,r_inc2
MT,J,0.40191490297840105,0.024748210204701786,0.10378149424214402,0.8115207858148368,19,1.0,r_inc2
MT,M,0.5262736040033303,0.3676772404415501,0.2333028322313062,0.11503372880769565,19,1.0,r_inc2
MT,N,0.3112645265437231,-0.06423003974738549,0.10162419106166314,0.5273640446653146,19,1.0,r_inc2
MT,R,0.084054328463018,0.7443059746438156,0.26900515304723593,0.005659494007948835,19,1.0,r_inc2
MT,S,0.862434836921289,0.02429198634576603,0.5190449395822804,0.9626715799990778,19,1.0,r_inc2
NL,A,0.2845267820827949,-0.06190004329099026,0.043712899575627816,0.1567582414235632,24,1.0,r_inc2
NL,C10-C12,0.4435753556984632,-0.00936912935438998,0.07484061341199671,0.9003749007243833,24,1.0,r_inc2
NL,C13-C15,0.35390754069893265,0.062124753068646815,0.08986748460234022,0.48938149958936183,24,1.0,r_inc2
NL,C16-C18,0.37685076168785764,-0.022368767811425907,0.057847678771058605,0.698990213929003,24,1.0,r_inc2
NL,C19,0.24094880011503908,0.004482374228976246,0.2170421592675243,0.9835231874191754,20,1.0,r_inc2
NL,C20,0.38765275710587904,0.007176161448169097,0.07740616275069628,0.9261356345818971,24,1.0,r_inc2
NL,C21,0.537074749564165,0.26847738948831185,0.20422159677945623,0.1886317277684293,24,1.0,r_inc2
NL,C22-C23,0.3798702206743838,-0.025051413420474185,0.05240693350354177,0.6326379928374068,24,1.0,r_inc2
NL,C24-C25,0.544198557599364,0.018530166703659635,0.07715756768442421,0.8102061689371249,24,1.0,r_inc2
NL,C26,0.5003981981818594,-0.04180029707478466,0.13259531557823231,0.7525739987839611,24,1.0,r_inc2
NL,C27,0.3958372169674921,-0.061553437780426754,0.07755159899451451,0.4273645915727742,24,1.0,r_inc2
NL,C28,0.37224173854181847,0.11370473003637063,0.07836134952825297,0.14677128982131207,24,1.0,r_inc2
NL,C29-C30,0.04070700963373023,0.00024484429120400007,0.07447181390578926,0.9973767642069922,24,1.0,r_inc2
NL,C31-C33,0.2604774288765223,-0.04301150746800853,0.044697067739408944,0.3359043310700508,24,1.0,r_inc2
NL,F,0.6158576462474091,0.04225075753546433,0.11617701044299301,0.7161001787139389,24,1.0,r_inc2
NL,G,0.7071293393445374,0.16803688767893699,0.08906203991500997,0.05919534330726097,24,1.0,r_inc2
NL,H,0.5890877397083228,-0.019760203795184603,0.040195811551503265,0.6230031489806549,24,1.0,r_inc2
NL,I,0.4022994542086814,0.053273981650778825,0.11578043111194482,0.6454233340797861,24,1.0,r_inc2
NL,J58-J60,0.13953855673625828,-0.023569527794102787,0.04412691495374027,0.5932513018540468,24,1.0,r_inc2
NL,J61,0.5174861331478956,-0.047909310059887904,0.06700537107476043,0.47460471139261196,24,1.0,r_inc2
NL,J62-J63,0.19620615882893735,0.010301392261788677,0.03483422410515294,0.7674391970763522,24,1.0,r_inc2
NL,M,0.32882974115389507,0.021055115328008373,0.04211496557670997,0.6171146601704891,24,1.0,r_inc2
NL,N,0.2743174576154998,-0.004664426543034273,0.04208941036524234,0.9117576141194689,24,1.0,r_inc2
NL,R,0.5096736635200498,-0.15060129189589322,0.0794105592052306,0.057895346833679175,24,1.0,r_inc2
NL,S,0.5267804142555277,-0.2081529891410977,0.06806330387878795,0.002226513317718407,24,1.0,r_inc2
PL,A,0.059395802788331516,-0.06160855289455482,0.1400797063207881,0.6600742214241438,19,1.0,r_inc2
PL,F,0.07062864195928738,0.18618525601049943,0.11247276609215827,0.09784728085778653,19,1.0,r_inc2
PL,G,0.23154173122865493,0.05459031185634648,0.07756768700974753,0.481571998148438,19,1.0,r_inc2
PL,H,0.19040487670152084,-0.06324502858257033,0.036650004503960304,0.08441065220590956,19,1.0,r_inc2
PL,I,-0.007549144679090728,0.04460796603908342,0.0710435385904859,0.5300719578016657,19,1.0,r_inc2
PL,J,0.5389576623523953,-0.03746001402966899,0.1035203589145109,0.7174556638286695,19,1.0,r_inc2
PL,M,0.2993582582786959,0.0973401572780249,0.0964590469439374,0.31291010853333656,19,1.0,r_inc2
PL,N,0.3862412811445601,0.11022350182447847,0.10127782782410065,0.276450307587095,19,1.0,r_inc2
PL,R,0.06717816988634953,-0.1049353152342169,0.03701177213517778,0.004579879138979359,19,1.0,r_inc2
PL,S,0.2337395002129725,-0.18600104665628953,0.25766048114359463,0.47036563708577805,19,1.0,r_inc2
PT,A,0.5707859268421438,0.09231493655368475,0.07736921560500366,0.23280123453612478,19,1.0,r_inc2
PT,C10-C12,0.324830214355354,0.00451431490267486,0.03193401862334705,0.8875825336149106,19,1.0,r_inc2
PT,C13-C15,0.497956891145589,0.05250888102683709,0.09165005957261428,0.5666934770288535,19,1.0,r_inc2
PT,C16-C18,0.21936564795597044,-0.019851016118376263,0.05201734567146662,0.7027410129085283,19,1.0,r_inc2
PT,C19,0.3522076450421256,0.14538403200755845,0.2901854962927259,0.616368459089611,17,1.0,r_inc2
PT,C20,0.31286104876417326,0.049199663160304004,0.08414228640583968,0.558736120076444,19,1.0,r_inc2
PT,C21,0.2828844883253818,-0.030594340201883157,0.04334332261715243,0.4802748820009187,19,1.0,r_inc2
PT,C22-C23,0.7576232750178628,-0.0033079820935533323,0.06317950512500443,0.9582430664811694,19,1.0,r_inc2
PT,C24-C25,0.322344886484187,0.020250319702333028,0.040220628123978176,0.6146261767563213,19,1.0,r_inc2
PT,C26,0.11105613404543944,-0.08582481587942566,0.0487596547068041,0.07838060530316796,19,1.0,r_inc2
PT,C27,0.8791565929443226,-0.02955197281711239,0.14485573265436258,0.8383459282302961,19,1.0,r_inc2
PT,C28,0.485867117396097,-0.011098944416470375,0.05264535658504459,0.8330240207841424,19,1.0,r_inc2
PT,C29-C30,0.25243951401414005,-0.05283003596423462,0.045373330648875575,0.24428578676062285,19,1.0,r_inc2
PT,C31-C33,0.5175736587846065,-0.0020299805401964425,0.05464793938555959,0.970368183409516,19,1.0,r_inc2
PT,F,0.31163628202265015,-0.05815881341271938,0.04381893625433205,0.18442501449291548,19,1.0,r_inc2
PT,G,0.6889771065848377,-0.01987187932032623,0.11051823425066054,0.8573046053139608,19,1.0,r_inc2
PT,H,0.5817981797013168,-0.0647087946676316,0.06393261781018253,0.3114708585461662,19,1.0,r_inc2
PT,I,0.522950962815808,-0.015262872104120249,0.10785281371610105,0.8874625164920675,19,1.0,r_inc2
PT,J58-J60,0.466303127119539,0.004551993984146297,0.026709153677593397,0.8646733667293275,19,1.0,r_inc2
PT,J61,0.4273456628051383,-0.06522042017595718,0.05137335239778625,0.20424926636355534,19,1.0,r_inc2
PT,J62-J63,0.35055255086104387,-0.01721953830863753,0.025003513291869204,0.49102167480491854,19,1.0,r_inc2
PT,M,0.3962455891369581,-0.00430842730900362,0.038350512598318356,0.9105511245011859,19,1.0,r_inc2
PT,N,0.09050254155112462,0.012399796563389489,0.017276417503923086,0.47292401644393656,19,1.0,r_inc2
PT,R,0.24132384572926865,-0.06456821956666169,0.024346663025970727,0.0080008081484902,19,1.0,r_inc2
PT,S,0.6617101098861432,0.13702795047989916,0.1598436035584943,0.3912997477194776,19,1.0,r_inc2
RO,A,0.5602499133663873,-0.6518231062296496,1.098854937362523,0.5530580563290073,19,1.0,r_inc2
RO,F,0.5960131592372807,-0.04763501696087026,0.14611153788113582,0.7444106039071237,19,1.0,r_inc2
RO,G,0.48819759685972275,0.15932322611101804,0.2293607915153569,0.48728081262555667,19,1.0,r_inc2
RO,H,0.5197185394028465,-0.06360741013030562,0.17085577710697988,0.7096790657942451,19,1.0,r_inc2
RO,I,0.34401927379706043,0.10183633858696847,0.2266203355172124,0.6531649012660103,19,1.0,r_inc2
RO,J,0.3886705446990573,0.09844971385172044,0.1129466143752121,0.38340032359944287,19,1.0,r_inc2
RO,M,0.14531002699324858,0.3146033482298127,0.06758610902989776,3.2421319384596766e-06,19,0.0018577416007373947,r_inc2
RO,N,0.2296168255649441,-0.012771657922952043,0.11413396644158678,0.9109022306030506,19,1.0,r_inc2
RO,R,0.21901456328962185,-0.014696198396538905,0.1309735770303414,0.9106589991098997,19,1.0,r_inc2
RO,S,0.4615733050263481,0.17427004842167695,0.3687405424102306,0.6364922582039017,19,1.0,r_inc2
SE,A,0.3249318877450209,-0.046197822888766685,0.03245520651892797,0.15461057444245443,24,1.0,r_inc2
SE,C10-C12,0.00491594873755186,-0.005335438292446362,0.030136846345166224,0.8594766832455216,24,1.0,r_inc2
SE,C13-C15,0.46167037540190436,-0.0341201274288764,0.06955267852888715,0.623733966325664,24,1.0,r_inc2
SE,C16-C18,0.2815185872847189,0.016145742560794957,0.057875601225737275,0.7802653801522704,24,1.0,r_inc2
SE,C19,0.05691952090548766,-0.024228736168985278,0.15181710392965528,0.8732027878585902,24,1.0,r_inc2
SE,C22-C23,0.044708925761024705,3.1237591458451847e-06,0.03451647693248247,0.9999277910316394,24,1.0,r_inc2
SE,C24-C25,0.12659230913757022,0.01719011000391768,0.04364007032562207,0.6936500265561875,24,1.0,r_inc2
SE,C26,0.4547101847085148,0.007612053514694159,0.07859787875007876,0.9228470424036954,24,1.0,r_inc2
SE,C27,0.23237787683949337,-0.062001334639748475,0.06519540118804595,0.3416004195522824,24,1.0,r_inc2
SE,C28,0.1707870977501814,0.044308712365242114,0.09078731856939702,0.6255147257218745,24,1.0,r_inc2
SE,C29-C30,0.38170525382074033,0.0022374757722615672,0.060049590134401816,0.9702773263435964,24,1.0,r_inc2
SE,C31-C33,0.43444328060858634,0.0036210223692605763,0.05760499756242541,0.9498783711818545,24,1.0,r_inc2
SE,F,0.1310267116946178,0.03669697184794757,0.03714708161772706,0.3232099333804044,24,1.0,r_inc2
SE,G45,0.357628508897636,0.05140153734763518,0.051752869944979116,0.3206069727907819,24,1.0,r_inc2
SE,G46,0.5996382680442806,0.11729536428988045,0.07962916264061647,0.14074559173934906,24,1.0,r_inc2
SE,G47,0.2712358468549719,0.012701240614241287,0.0331433935393677,0.7015559936790753,24,1.0,r_inc2
SE,H,0.114395013784713,-0.022792161110923775,0.018065935569364457,0.20708923302511306,24,1.0,r_inc2
SE,H49,0.11008999140469462,-0.016852911219356954,0.01754691847053561,0.3368295473071071,24,1.0,r_inc2
SE,H50,0.5127183228604011,-0.09764928939350367,0.1300705987409515,0.45280873736454985,16,1.0,r_inc2
SE,H51,0.41558083357853387,-0.0028568938480063324,0.11478090167778379,0.9801427230300324,18,1.0,r_inc2
SE,I,0.6671937474956866,-0.11581842737240813,0.11914820329573034,0.3310239363852695,24,1.0,r_inc2
SE,J58-J60,0.3574079405153364,0.055928494307148684,0.03673637075287887,0.12790177216423734,22,1.0,r_inc2
SE,J61,0.2879880307759151,0.01611760651310032,0.03174725889867743,0.611674283256637,24,1.0,r_inc2
SE,J62-J63,0.4527472570383196,0.03564684507336396,0.08988658103596067,0.6916802822836452,24,1.0,r_inc2
SE,M,0.21780082313824334,0.0010322079657882608,0.018591419625362215,0.9557236676985379,24,1.0,r_inc2
SE,N,0.1713054938833679,-0.009233066357850763,0.02021636034768103,0.647877638098638,24,1.0,r_inc2
SE,R,0.31797861674079464,-0.012995138412321082,0.026013539250770816,0.6173899446002715,24,1.0,r_inc2
SE,S,0.2056841501138001,-0.006690678984585362,0.030389541587357315,0.825743536348933,24,1.0,r_inc2
SI,A,0.28472501250252913,0.019420133762271908,0.09896875294037871,0.8444341386163446,19,1.0,r_inc2
SI,F,0.2795756597983333,0.09686246805338579,0.08800037304653646,0.2710249831461947,19,1.0,r_inc2
SI,G,0.6553940287164817,0.09598909854157146,0.0558963211136057,0.08592977502966392,19,1.0,r_inc2
SI,H,0.7635243903499086,0.05389780419701314,0.05590221400018098,0.3349735564725832,19,1.0,r_inc2
SI,I,0.2159352087922243,-0.04083436773047749,0.04522941423119982,0.36661735080793545,19,1.0,r_inc2
SI,J,0.4692338905394813,0.03483344142738237,0.02854115379195217,0.2222891520035445,19,1.0,r_inc2
SI,M,0.24804516349710645,-0.013440402084595852,0.024339883398749394,0.580813629027843,19,1.0,r_inc2
SI,N,0.12254849250042661,-0.03110534233027965,0.0363313822533364,0.3919113227489204,19,1.0,r_inc2
SI,R,0.5476551108783503,-0.10451283689298872,0.04702453504314622,0.026248374483378696,19,1.0,r_inc2
SI,S,0.2819001227694112,-0.12014710329013692,0.06356865772408382,0.058753036719924386,19,1.0,r_inc2
SK,A,0.16803621640543748,-0.05504187793603716,0.1220225787248316,0.6519322866764581,19,1.0,r_inc2
SK,C10-C12,0.3315764714942887,-0.16960186184821371,0.11506000936991923,0.14047361636496927,19,1.0,r_inc2
SK,C13-C15,0.022194759012935796,0.05956373186694119,0.33105100691184486,0.8572129199305346,19,1.0,r_inc2
SK,C16-C18,0.2877031721260579,-0.19254382572016981,0.08837609803540598,0.029354953537427918,19,1.0,r_inc2
SK,C19,-0.024728375248448134,-0.012473564877057537,0.1278633816472352,0.922286573716899,17,1.0,r_inc2
SK,C20,0.2555158800665741,-0.14522099707597746,0.13223525356412846,0.272116368576766,19,1.0,r_inc2
SK,C21,0.2702937332719629,-0.21567109770515977,0.26138574670968284,0.4093110883199179,19,1.0,r_inc2
SK,C22-C23,0.39222047786517095,-0.10317451777054465,0.11098894276449961,0.35258197680841896,19,1.0,r_inc2
SK,C24-C25,0.4667538690757777,-0.09443256210058618,0.1369651088593716,0.490531089438646,19,1.0,r_inc2
SK,C26,0.09317918204966737,-0.08287995610792356,0.08844184047271389,0.34870068130618137,19,1.0,r_inc2
SK,C27,-0.19192462547952807,-0.0721598722047946,0.08387258255685733,0.38959550931753506,19,1.0,r_inc2
SK,C28,0.23496366277907205,-0.07994216841597901,0.11047530415202612,0.4692988991662045,19,1.0,r_inc2
SK,C29-C30,0.4362527002428403,-0.0775073339113505,0.11987604927582846,0.5179152653783017,19,1.0,r_inc2
SK,C31-C33,0.1493143932320526,-0.08022209243522557,0.10254899714186323,0.43404967734042066,19,1.0,r_inc2
SK,F,0.24744017050167347,0.1175934419964315,0.1760416181570462,0.5041421460301526,19,1.0,r_inc2
SK,G45,-0.07051912087496018,-0.14130564954166613,0.19275820515193967,0.4635144958797458,19,1.0,r_inc2
SK,G46,0.0531061389753926,-0.011853984806108806,0.20552588437102365,0.9540064246788479,19,1.0,r_inc2
SK,G47,0.1079838653562932,-0.07978149288387082,0.18163611381257982,0.660489055364657,19,1.0,r_inc2
SK,H49,0.3977295176160841,-0.17202135390584986,0.1535986527166347,0.2627391126566866,19,1.0,r_inc2
SK,H51,-0.25635608415274946,1.5147877836722254,1.1590265529940997,0.19123027047329655,11,1.0,r_inc2
SK,H52,0.18443036871793972,-0.10825658784772181,0.08544246392896293,0.20515116342915973,19,1.0,r_inc2
SK,H53,0.1341734261832332,-0.07077712949794893,0.11277268983104524,0.5302602601523989,19,1.0,r_inc2
SK,I,0.12992904135957764,0.014020791346313826,0.1313708502040392,0.9150057153301498,18,1.0,r_inc2
SK,J58-J60,-0.07951731994042176,-0.041241113221972915,0.094751542248207,0.6633771093058317,19,1.0,r_inc2
SK,J61,0.36562113269003566,-0.12716422566514232,0.11285847939614028,0.2598446958729097,19,1.0,r_inc2
SK,J62-J63,0.39538455028668257,0.35680246536992394,0.3001494633079354,0.23453833302152216,19,1.0,r_inc2
SK,M,0.22523001529908537,0.14692959731508543,0.16989588656117274,0.38713682727357446,19,1.0,r_inc2
SK,N,0.4021918821493993,0.2961231502728034,0.2876636652978848,0.3032882005601708,19,1.0,r_inc2
SK,R,0.39258544350908087,0.3414816492863584,0.3481836717880693,0.3267153134758044,19,1.0,r_inc2
SK,S,0.24365141028108614,0.10738157993502433,0.17088827742532225,0.529759618738433,19,1.0,r_inc2
UK,A,0.15821593696264258,-0.037347646783876455,0.04818606069394914,0.43829735673395465,21,1.0,r_inc2
UK,C10-C12,0.0867872075086725,-0.0004062067663218732,0.03626549485469346,0.9910631488228386,21,1.0,r_inc2
UK,C13-C15,0.05285898572456512,-0.01563624783337973,0.237196422647555,0.9474406459901932,21,1.0,r_inc2
UK,C16-C18,0.15425655377943204,0.02572168693099766,0.04056634150510009,0.5260385703038297,21,1.0,r_inc2
UK,C19,0.32398194524254614,0.1045248521289471,0.3126333236688358,0.738125358713342,21,1.0,r_inc2
UK,C20,0.26257369469122055,-0.010754388828328684,0.07323737101563704,0.8832560129029801,21,1.0,r_inc2
UK,C21,0.6255243115348943,0.02365533524925847,0.1444771692242994,0.8699432183267396,21,1.0,r_inc2
UK,C22-C23,0.5921125682948692,-0.03497206187097953,0.09838664703063842,0.7222484753809149,21,1.0,r_inc2
UK,C24-C25,0.35467014155013965,0.02325429520933293,0.08675493954384994,0.7886640823196921,21,1.0,r_inc2
UK,C26,0.5691125149221588,-0.007479137997922185,0.11816697054098788,0.9495332171962468,21,1.0,r_inc2
UK,C27,0.14679312793181531,-0.0738401707699,0.06001537270420263,0.2185644656199276,21,1.0,r_inc2
UK,C28,0.4532782354657066,0.04188174901992552,0.1561293107075455,0.7885065875472568,21,1.0,r_inc2
UK,C29-C30,0.2506630400492462,-0.01667097046840912,0.033168976087934295,0.6152403756233044,21,1.0,r_inc2
UK,C31-C33,0.22222606311018775,-0.039253944923913306,0.05954277303101618,0.5097312350261896,21,1.0,r_inc2
UK,F,0.48636094225323073,0.04025185076247622,0.05016522451546196,0.4223299749205057,21,1.0,r_inc2
UK,G,0.31620971052108904,-0.05456210402126147,0.03873205893533452,0.1589219656998624,21,1.0,r_inc2
UK,H,0.45403543483619174,-0.05068980596591016,0.03905427151531684,0.19431055114748497,21,1.0,r_inc2
UK,I,0.245127099069689,0.0020337578980435126,0.04416845214820904,0.9632739947924384,21,1.0,r_inc2
UK,J58-J60,0.1522405092831972,-0.01132363986753355,0.02888813833161212,0.6950712673815584,21,1.0,r_inc2
UK,J61,0.4756565493982459,-0.008318692943203261,0.04604403313521647,0.8566280146412051,21,1.0,r_inc2
UK,J62-J63,0.41710471029779683,-0.021424068984824584,0.05774421326850167,0.7106250734598143,21,1.0,r_inc2
UK,M,0.3023180460501617,0.024363800916805053,0.03539459768412773,0.4912336544566166,21,1.0,r_inc2
UK,N,0.21200221489285584,0.050274828076464315,0.022718033359974105,0.026898191142544714,21,1.0,r_inc2
UK,R,0.4325589329232577,-0.030721052523280723,0.056558881991057366,0.5870131910095369,21,1.0,r_inc2
UK,S,0.20341800023288614,0.06926278699444936,0.05736711995711718,0.22729339184409836,21,1.0,r_inc2
US,A,0.20910423054031574,-0.04546208810238941,0.061307429020354146,0.458364336276204,22,1.0,r_inc2
US,C10-C12,0.35858849455958286,0.010355078185195871,0.09150104455326077,0.9098966027121697,22,1.0,r_inc2
US,C13-C15,0.3317018369591159,-0.07902909419358375,0.09349897352102364,0.3979767230246476,22,1.0,r_inc2
US,C16-C18,0.1245090461989216,0.010501701226331768,0.03881364925977033,0.7867239093790801,22,1.0,r_inc2
US,C19,0.39105761683818496,0.11258492041169195,0.2614578687208262,0.6667560087290405,22,1.0,r_inc2
US,C20,0.20830617556404987,-0.042709446332367625,0.0255157308334368,0.09416054300102975,22,1.0,r_inc2
US,C22-C23,0.1644157922983916,-0.05801759037154897,0.03668683896417471,0.11378023442354167,22,1.0,r_inc2
US,C24-C25,0.3549087700782616,-0.01951017599826052,0.06916703215339474,0.7778872726767468,22,1.0,r_inc2
US,C26,0.26526172762403205,-0.08145052380524542,0.025171021043220252,0.0012126632392343542,22,0.6936433728420506,r_inc2
US,C27,0.11627867851731961,-0.039543031491199525,0.06878438470695042,0.5653698570359655,22,1.0,r_inc2
US,C28,0.5154328471414739,-0.0415249978840155,0.0644358977502849,0.5192908782766698,22,1.0,r_inc2
US,C29-C30,0.516981032844905,-0.07349744923176378,0.08135871528246895,0.3663267744816392,22,1.0,r_inc2
US,C31-C33,0.3049961461110726,-0.014635348688533811,0.09285763624681126,0.8747636425367079,22,1.0,r_inc2
US,F,0.6433539263751672,0.16620682773321532,0.1810289040882595,0.35855439609081663,22,1.0,r_inc2
US,G,0.6873103650186845,0.09728204334128697,0.05886696792002973,0.09841751467017262,22,1.0,r_inc2
US,G46,0.4395404439471609,0.15042921126074452,0.04691691209899974,0.0013445855412824248,22,0.7677583440722646,r_inc2
US,G47,0.6832953344682827,0.05772204694419244,0.09213780886372441,0.5310033361889409,22,1.0,r_inc2
US,H,0.14030947965124121,0.003282716665929247,0.015393531264123775,0.8311296337365518,22,1.0,r_inc2
US,H49,0.27088768285536935,-0.008623150650307549,0.02438228059177353,0.723590220244439,22,1.0,r_inc2
US,H50,0.42878418169520977,-0.0034571152275150144,0.09042949715063359,0.9695043410545668,22,1.0,r_inc2
US,H51,0.2766855172425514,0.05405007071470076,0.06169464926451728,0.38098106072436233,22,1.0,r_inc2
US,H52,0.16982702664398985,0.025553064253974554,0.04622333689686638,0.5803884624397515,22,1.0,r_inc2
US,I,1.282662309022128,-0.12183635083279266,0.3233337855445829,0.7063126317084181,22,1.0,r_inc2
US,J,0.2890304373636968,-0.037289864005775365,0.03283400843918551,0.2560785624768732,22,1.0,r_inc2
US,J58-J60,0.23924531744824484,-0.04542515476298091,0.027416985024884877,0.09755479799197332,22,1.0,r_inc2
US,J62-J63,0.5112296325763104,-0.0010544102527614019,0.09533587741049132,0.9911756147529724,22,1.0,r_inc2
US,M,0.3647308740684164,-0.005590567678410529,0.04426220507273687,0.899489964421438,22,1.0,r_inc2
US,N,0.5151760834641425,-0.03018036269233814,0.03175231421192656,0.34186164429893007,22,1.0,r_inc2
US,R,0.4357354696595194,-0.06195386136474886,0.0391920910199438,0.1139295879017167,22,1.0,r_inc2
US,S,0.5320870478501123,-0.12335230292119606,0.054774661351933505,0.024322542497288865,22,1.0,r_inc2
AT,A,-0.12874018640247345,-0.49094927680679784,0.14905123523018388,0.0009883261434697492,25,0.5584042710604082,r_inc_placebo
AT,C10-C12,-0.10292675240850141,-0.5142300486672022,0.15732177004200065,0.0010806128719402714,25,0.6094656597743131,r_inc_placebo
AT,C13-C15,0.1308687443510537,-0.3182320940132948,0.3824261537235034,0.40532993428529795,25,1.0,r_inc_placebo
AT,C16-C18,-0.11228352000606856,-0.358384144261622,0.12652647307312448,0.0046187953331317515,25,1.0,r_inc_placebo
AT,C19,0.03166736897001748,-0.17519177575879116,0.3496999268576409,0.6163869969603917,25,1.0,r_inc_placebo
AT,C20,0.046240405519994046,-0.23104140795816525,0.22313910851629568,0.3004755035299549,25,1.0,r_inc_placebo
AT,C21,-0.22763229337045768,-0.35409586178315877,0.1313369099824352,0.007015913735008821,25,1.0,r_inc_placebo
AT,C22-C23,-0.07945704563585054,-0.44012842961760257,0.14861843217244763,0.0030617832479337944,25,1.0,r_inc_placebo
AT,C24-C25,-0.036124842245895454,-0.44747473094024365,0.16548445059604588,0.006850433828359003,25,1.0,r_inc_placebo
AT,C26,-0.011548310957746721,-0.4625304653171055,0.16685120340443238,0.005569362210195709,25,1.0,r_inc_placebo
AT,C27,-0.18022704187085653,-0.4370328693093164,0.14155154724605098,0.0020188391506014225,25,1.0,r_inc_placebo
AT,C28,-0.21172506901029436,-0.42051556803598944,0.14093349491834978,0.002847046382682862,25,1.0,r_inc_placebo
AT,C29-C30,-0.04933211639525789,-0.42995878896797146,0.14973168762149539,0.004084921131395967,25,1.0,r_inc_placebo
AT,C31-C33,-0.33969043692088463,-0.33513253151453637,0.13010342905521263,0.009998153785338455,25,1.0,r_inc_placebo
AT,F,-0.08661656623433274,-0.41041409448786775,0.15093950639068182,0.006546704923258193,25,1.0,r_inc_placebo
AT,G45,0.17640260022532406,-0.39399733733016695,0.22442929907771547,0.07916490957896104,25,1.0,r_inc_placebo
AT,G46,-0.12874877354437228,-0.4155633016295192,0.14316093424570203,0.003698778697974008,25,1.0,r_inc_placebo
AT,G47,-0.13155777527683177,-0.39451568246513447,0.14449735674880287,0.006328395571553483,25,1.0,r_inc_placebo
AT,H49,-0.08379629512895768,-0.44473373194343996,0.14606189224475527,0.0023281133170852384,25,1.0,r_inc_placebo
AT,H50,-0.11475671928954541,11.502675989464482,3.815406905954179,0.00257151594349839,25,1.0,r_inc_placebo
AT,H51,-0.2100894370972773,-0.30355800243762693,0.13535816528650646,0.024920817418354887,25,1.0,r_inc_placebo
AT,H52,-0.10485268760765912,-0.4222445522656445,0.15676478391848012,0.007070803051219456,25,1.0,r_inc_placebo
AT,H53,0.43005410295848095,-0.4814642086941598,0.8453272781592923,0.5689764825982793,25,1.0,r_inc_placebo
AT,I,-0.14833065205206863,-0.3738449256702037,0.1472332501047579,0.011112730622983532,25,1.0,r_inc_placebo
AT,J58-J60,-0.037295940602986515,-0.32119488868075724,0.21365866502677824,0.132759507488185,25,1.0,r_inc_placebo
AT,J61,-0.012704215579376378,-0.4946337975833709,0.16143164016199849,0.002183661165964242,25,1.0,r_inc_placebo
AT,J62-J63,-0.07679448462101716,-0.4072651714428865,0.1438971338266361,0.004651133318174997,25,1.0,r_inc_placebo
AT,M,-0.0708994662610916,-0.43182395203307883,0.14879038193201016,0.003705160658041367,25,1.0,r_inc_placebo
AT,N,-0.08604554987068712,-0.41618614141401195,0.14390221707533424,0.003826207744422919,25,1.0,r_inc_placebo
AT,R,0.1691818424158575,-0.36055184409861935,0.23531248903494653,0.1254667477520265,25,1.0,r_inc_placebo
AT,S,-0.19858784145010136,-0.23618124449859343,0.16396204402897635,0.14973647378833038,25,1.0,r_inc_placebo
BE,A,0.3238528915286879,-0.0769503720312783,0.09701125905672368,0.42765505450312324,25,1.0,r_inc_placebo
BE,C10-C12,0.03895083374812003,-0.09172884873737927,0.06157186376897463,0.13628073509579727,25,1.0,r_inc_placebo
BE,C13-C15,0.16777547094433606,0.9757838486826754,0.5172952865070177,0.05925200094809689,25,1.0,r_inc_placebo
BE,C16-C18,-0.23072523003200268,0.05959212899538605,0.09781972053863892,0.5423894734679343,25,1.0,r_inc_placebo
BE,C19,0.14384860515893086,-0.1946391636982797,0.346272582871982,0.5740491773257665,25,1.0,r_inc_placebo
BE,C20,0.31100127365783337,-0.17450467517880708,0.09946377213790161,0.07935263816025753,25,1.0,r_inc_placebo
BE,C21,0.11610856865922306,-0.035916298389489246,0.06316470041464423,0.5696184933361821,25,1.0,r_inc_placebo
BE,C22-C23,0.042971813676562984,0.012352422281282374,0.13836494806698302,0.9288639847662341,25,1.0,r_inc_placebo
BE,C24-C25,-0.012533812922326377,0.02520315360931942,0.06349316657235554,0.6914096614560887,25,1.0,r_inc_placebo
BE,C26,-0.19111242230474168,-0.2629977829643151,0.11403822729876555,0.02109807696717216,25,1.0,r_inc_placebo
BE,C27,-0.38500352970053187,-0.06923389370776652,0.2912050610030402,0.8120752927236434,25,1.0,r_inc_placebo
BE,C28,-0.012851459849796574,0.02804648241274877,0.14405096199616127,0.8456291156802104,25,1.0,r_inc_placebo
BE,C29-C30,-0.10129867532798519,0.09406179353127775,0.12728665339192274,0.4599215158258271,25,1.0,r_inc_placebo
BE,C31-C33,0.068152804144756,0.12636988675823824,0.11526266179844906,0.272919307523932,25,1.0,r_inc_placebo
BE,F,0.03929289177943162,-0.05366762802818984,0.0479617148475016,0.2631537563878238,25,1.0,r_inc_placebo
BE,G,-0.032165528115556015,-0.06957330533175468,0.047581051812281165,0.14368473406171006,25,1.0,r_inc_placebo
BE,H,0.29982256562185977,-0.074613686162245,0.061103945658507776,0.2220502778894332,25,1.0,r_inc_placebo
BE,I,-0.21107333818862997,-0.03821540257396897,0.05291007496523773,0.47012799715587106,25,1.0,r_inc_placebo
BE,J,0.10163030724677316,-0.07463663563137043,0.05021226425949373,0.13716742175700017,25,1.0,r_inc_placebo
BE,J58-J60,-0.10611629921599536,-0.090703693948328,0.06985721167453082,0.1941445587269578,25,1.0,r_inc_placebo
BE,J62-J63,0.07958983719558783,-0.15754974272051825,0.11861515177592794,0.18409784973221843,25,1.0,r_inc_placebo
BE,M,0.17948139965147625,-0.06014085884144215,0.05579207095269942,0.28105770236587047,25,1.0,r_inc_placebo
BE,N,0.24275244869427942,-0.07620164221030942,0.05566198317045581,0.17099710019757486,25,1.0,r_inc_placebo
BE,R,-0.37767520637615987,-0.09995013457276261,0.08097113857196628,0.217056827731005,25,1.0,r_inc_placebo
BE,S,-0.04035111644378234,0.22467512398898415,0.28141666692862205,0.42465477727502865,25,1.0,r_inc_placebo
CZ,A,-0.23711121373107777,-0.6147838567387408,0.42914603881062635,0.1519793503282199,25,1.0,r_inc_placebo
CZ,C10-C12,-0.2540970285027781,-0.6412719501202436,0.4322529637419215,0.13792645958937705,25,1.0,r_inc_placebo
CZ,C13-C15,-0.24772335591630848,-0.34108838377192563,0.37248579486494415,0.3598198404253057,25,1.0,r_inc_placebo
CZ,C16-C18,-0.181591082013357,-0.5689578071360023,0.45361029931829566,0.20973746254454262,25,1.0,r_inc_placebo
CZ,C19,-0.35241294372647297,0.3963844598489207,0.8485038283290803,0.6403875919974358,24,1.0,r_inc_placebo
CZ,C20,-0.2824317823640547,-0.6934450740203483,0.4297304474941637,0.1065980433101793,25,1.0,r_inc_placebo
CZ,C21,-0.15961377746261032,-0.1883793834420508,0.5302345400467592,0.7223831484954786,25,1.0,r_inc_placebo
CZ,C22-C23,-0.2269352347375936,-0.556117400660306,0.3969687873592981,0.16124109594446512,25,1.0,r_inc_placebo
CZ,C24-C25,-0.21999923248365708,-0.6197679919341124,0.4428749291189899,0.1616871008506161,25,1.0,r_inc_placebo
CZ,C26,-0.19041332904570235,-0.5144366587234036,0.4649291685782106,0.26851711107098875,25,1.0,r_inc_placebo
CZ,C27,-0.24946597412744068,-0.6408379494665578,0.41821319624121894,0.1254426007284572,25,1.0,r_inc_placebo
CZ,C28,-0.22177626755808377,-0.6858640645870948,0.43382795321564355,0.11388748771425025,25,1.0,r_inc_placebo
CZ,C29-C30,-0.23371367548699074,-0.615012939927012,0.43405518152690975,0.15651206330302017,25,1.0,r_inc_placebo
CZ,C31-C33,-0.21861873854591762,-0.6919589678767849,0.42309778217292204,0.10195291624449922,25,1.0,r_inc_placebo
CZ,F,-0.2662677931246486,-0.5872561459933171,0.4201724811326164,0.16221671013035488,25,1.0,r_inc_placebo
CZ,G45,-0.3075349586356089,-0.3649699405096037,0.40638678607956935,0.3691401516930216,25,1.0,r_inc_placebo
CZ,G46,-0.23288986573358297,-0.6474713886076283,0.4295666207418537,0.13174235382093571,25,1.0,r_inc_placebo
CZ,G47,-0.252069954177814,-0.6014285500504565,0.41310683210930105,0.1454294261061121,25,1.0,r_inc_placebo
CZ,H49,-0.22329307805180887,-0.5071596499613871,0.4429662413396883,0.2522434758288452,23,1.0,r_inc_placebo
CZ,H50,-0.3632944645679776,20.240107734313533,13.949702229939975,0.1467980300505975,15,1.0,r_inc_placebo
CZ,H51,0.9160613373326932,18.324400951345574,63.063468638600725,0.7713796143173919,21,1.0,r_inc_placebo
CZ,H52,-0.2219330478755616,-0.6458270924048435,0.43790443840659726,0.14026286579901864,25,1.0,r_inc_placebo
CZ,H53,-0.005966821492655238,-0.5682852519284851,0.6367386257895692,0.37212833451292393,25,1.0,r_inc_placebo
CZ,I,0.10579710630866425,-0.8436319325982403,0.5915248198929441,0.1538109931107947,25,1.0,r_inc_placebo
CZ,J58-J60,-0.2551570558741969,-0.5544516505455588,0.4224065550343222,0.1893171259889831,25,1.0,r_inc_placebo
CZ,J61,-0.3319240380763356,-0.5932065630992788,0.37244066485207183,0.11121526505056131,25,1.0,r_inc_placebo
CZ,J62-J63,-0.18478512981771528,-0.46680151133139286,0.4673899695866279,0.3179201884983116,25,1.0,r_inc_placebo
CZ,M,-0.24685072252923507,-0.6025997032738466,0.4242683394123631,0.15551255526796662,25,1.0,r_inc_placebo
CZ,N,-0.2030755410068119,-0.566560918997432,0.44637336205128203,0.2043506916780209,25,1.0,r_inc_placebo
CZ,R,-0.3309582897346287,-0.5455329695364034,0.3988938735975876,0.17143283494404182,25,1.0,r_inc_placebo
CZ,S,-0.3870975178999624,-0.20252218059493915,0.37437180102689294,0.5885314507722137,25,1.0,r_inc_placebo
DE,A,0.2437977496726667,-0.13658918598558065,0.12225515537250821,0.26388879830849465,25,1.0,r_inc_placebo
DE,C10-C12,0.023099198584385718,-0.027969016103741296,0.11018716207605056,0.7996254319388895,25,1.0,r_inc_placebo
DE,C13-C15,-0.08729535261279246,0.5253604896819932,0.5317819537455019,0.32318956210966343,25,1.0,r_inc_placebo
DE,C16-C18,0.21197002488681146,-0.22313952650294064,0.21194780692720738,0.2924307716831607,25,1.0,r_inc_placebo
DE,C19,0.21924043909622237,1.0864956066069222,0.847571122363746,0.19988013508180524,25,1.0,r_inc_placebo
DE,C20,0.12135525105903043,-0.09574413141511823,0.09608735447841557,0.3190422291741466,25,1.0,r_inc_placebo
DE,C21,-0.06640035334930126,-0.03822472392354707,0.1040050302824784,0.7132254742054414,25,1.0,r_inc_placebo
DE,C22-C23,-0.2998576358692958,-0.11656962172761808,0.10219083630881332,0.25399260822892145,25,1.0,r_inc_placebo
DE,C24-C25,0.08255883405936783,0.14924020918383651,0.14490549339616346,0.3030503364736611,25,1.0,r_inc_placebo
DE,C26,0.17817670370181998,-0.008422947452416143,0.11535553114472848,0.9417923644505702,25,1.0,r_inc_placebo
DE,C27,-0.06439595745698412,-0.13296983279324448,0.09735959087102018,0.17201431163076697,25,1.0,r_inc_placebo
DE,C28,0.04508036893258877,-0.1063649757925318,0.0715828364737983,0.13730542920450983,25,1.0,r_inc_placebo
DE,C29-C30,0.0657989994584,-0.10888334576808915,0.05400312617994042,0.04377472564344255,25,1.0,r_inc_placebo
DE,C31-C33,0.00812217062398375,-0.0024720633465084773,0.1892782760871537,0.9895795484556864,25,1.0,r_inc_placebo
DE,F,-0.21917242339541662,-0.10422298270072751,0.05590742921715154,0.06229273664821357,25,1.0,r_inc_placebo
DE,G,0.040028557329357756,-0.08360706597066718,0.07349079327985127,0.25526515317003584,25,1.0,r_inc_placebo
DE,H,0.02052893723780502,-0.0912506741232191,0.07021375431976326,0.19373380675280505,25,1.0,r_inc_placebo
DE,I,0.008344904321877844,-0.26202794227284726,0.23638035440355035,0.2676453558749582,25,1.0,r_inc_placebo
DE,J58-J60,-0.23212008826119895,0.025572436514014307,0.07194213544068366,0.7222462029954284,25,1.0,r_inc_placebo
DE,J61,0.16753337099437948,-0.05655000833804074,0.1273129743128935,0.6569117046588823,25,1.0,r_inc_placebo
DE,J62-J63,0.06523328166340901,0.01271215419600006,0.0719746133604985,0.8598069053314958,25,1.0,r_inc_placebo
DE,M,-0.1528459125591957,-0.13359623900970408,0.05192862117600828,0.010091157986407867,25,1.0,r_inc_placebo
DE,N,-0.05310171724068694,-0.1379148684175499,0.06683833671355147,0.039073724658165734,25,1.0,r_inc_placebo
DE,R,-0.2115050637729474,-0.03793479107702733,0.09001927685653785,0.6734576029559813,25,1.0,r_inc_placebo
DE,S,0.0669998114362474,0.07563641690696371,0.12672461338032107,0.5506031514641079,25,1.0,r_inc_placebo
DK,A,0.39491372370153344,-0.273544261760196,0.13642674087895476,0.0449562720905835,25,1.0,r_inc_placebo
DK,C10-C12,-0.00991604161080918,-0.07743063978316099,0.0820329739074464,0.34522252313856583,25,1.0,r_inc_placebo
DK,C13-C15,0.17888865414131896,2.291452931894917,1.4514701441546969,0.11440219470213113,25,1.0,r_inc_placebo
DK,C16-C18,-0.33263321128384243,-0.06936347487386417,0.39799061373069894,0.8616421174609149,25,1.0,r_inc_placebo
DK,C19,-0.16950481758491312,-0.25578301948051924,1.098973315609088,0.8159576746613616,18,1.0,r_inc_placebo
DK,C20,0.03013602026477353,-0.26006731385457005,0.0872632079441264,0.0028800095701939188,23,1.0,r_inc_placebo
DK,C21,0.4185696487054504,-0.2523372710315278,0.1452340025561572,0.08230722178212857,25,1.0,r_inc_placebo
DK,C22-C23,0.26408865589359604,-0.23463759701072626,0.14114243015187358,0.0964291618246608,25,1.0,r_inc_placebo
DK,C24-C25,0.0548387756050346,-0.19475245792661547,0.2980761165898939,0.513521092219651,25,1.0,r_inc_placebo
DK,C26,-0.7359719647603629,0.10952858576102013,0.27032102432965904,0.6853454412807777,25,1.0,r_inc_placebo
DK,C27,0.277025327062538,0.7525388772124554,0.4020367070078313,0.06123201694966147,25,1.0,r_inc_placebo
DK,C28,0.20471201476002585,-0.18610790675773722,0.13124835878545202,0.15619580544145384,25,1.0,r_inc_placebo
DK,C29-C30,-0.1030699016061313,0.36983395715588113,0.47636208590267287,0.4375296549247386,25,1.0,r_inc_placebo
DK,C31-C33,0.029897014697598374,-0.0030719727458645837,0.16766515538184323,0.9853819209527268,25,1.0,r_inc_placebo
DK,F,0.1299683340224925,-0.1953927563574532,0.10360794798268462,0.0593103474187301,25,1.0,r_inc_placebo
DK,G45,-0.2008760863026415,0.1041754496579503,0.10672620898565345,0.3290149249889395,25,1.0,r_inc_placebo
DK,G46,0.18629982595886424,-0.23242688486084961,0.11332833143619372,0.04027513058502395,25,1.0,r_inc_placebo
DK,G47,-0.18192086248180708,0.013185851442463037,0.18381634015004916,0.9428137272241736,25,1.0,r_inc_placebo
DK,H49,0.07860826990649133,-0.13760552892234135,0.09700648572342221,0.1560393382407189,25,1.0,r_inc_placebo
DK,H50,0.05561294325834196,-0.1802071030521866,0.10338040100804692,0.08130816493534183,25,1.0,r_inc_placebo
DK,H51,-0.12901004507996605,0.18859377001594596,0.1668604880946398,0.25837164550753267,25,1.0,r_inc_placebo
DK,H52,0.1795334459439163,-0.24637063248861799,0.10998151324523693,0.02508381503778888,25,1.0,r_inc_placebo
DK,H53,0.14212781186324114,0.0021240487631125436,0.5195389632048125,0.99673799057744,22,1.0,r_inc_placebo
DK,I,-0.06926441863958616,-0.17209718943819444,0.1540223496878951,0.26384382503297865,25,1.0,r_inc_placebo
DK,J58-J60,0.17984085714411424,-0.2060345071658835,0.11153958733104183,0.06472000195954963,25,1.0,r_inc_placebo
DK,J61,0.051249508309370854,-0.24841467890715993,0.11460916855940795,0.03019721088193766,25,1.0,r_inc_placebo
DK,J62-J63,0.10909850406299382,-0.2446545789872674,0.14042334119076208,0.08146220131005857,25,1.0,r_inc_placebo
DK,M,0.34893796667197147,-0.32709451605621553,0.1308389353230696,0.012420086857728522,25,1.0,r_inc_placebo
DK,N,0.09742542340183176,-0.038557090509658457,0.17070356099499415,0.8213012684448242,25,1.0,r_inc_placebo
DK,R,0.10906423468744675,-0.11791022008745453,0.1315744955694594,0.37017372774785773,25,1.0,r_inc_placebo
DK,S,-0.18599386092106504,-0.20471420338966187,0.10436656639441806,0.04982163683880848,25,1.0,r_inc_placebo
EE,A,0.41798333294354945,-0.16661145990337714,0.11869291201592527,0.16040263233369922,20,1.0,r_inc_placebo
EE,F,0.3524564368123687,-0.09968459077957692,0.12910726592975894,0.44005120798966335,20,1.0,r_inc_placebo
EE,G,0.35232270406275884,-0.05658946008308599,0.1367425787913256,0.6789917627911587,20,1.0,r_inc_placebo
EE,H,0.5300987871430712,0.018334062213934056,0.1757089969215284,0.9168968915463189,20,1.0,r_inc_placebo
EE,I,0.16936884793873577,-0.04009953713841593,0.3679118751404683,0.913208650113571,20,1.0,r_inc_placebo
EE,J,0.20376131293301167,0.12475937720717742,0.10274869218091932,0.2246642446506576,20,1.0,r_inc_placebo
EE,M,-0.2996740585612043,0.030461881049200435,0.07152152813147007,0.670171930146905,20,1.0,r_inc_placebo
EE,N,0.047718241004114384,0.49921151783361717,0.2475290994469351,0.0437185695052283,20,1.0,r_inc_placebo
EE,R,0.17325332675970412,-0.04352973450812616,0.09624646584299666,0.6510719002703607,20,1.0,r_inc_placebo
EE,S,-0.07066594091274338,-0.23226647144675833,0.2202938996379978,0.2917235393181281,20,1.0,r_inc_placebo
EL,A,-0.08007267119070573,0.018652703540014266,0.3780790279468194,0.9606519592757462,25,1.0,r_inc_placebo
EL,C10-C12,-0.050927990039163956,0.14074453599836134,0.40005986211546063,0.724981741039203,25,1.0,r_inc_placebo
EL,C13-C15,-0.740509907806258,2.0528931949051215,0.6742576945357934,0.0023293457161538043,19,1.0,r_inc_placebo
EL,C16-C18,-0.4028831223884536,0.412962890070855,0.8995577124486677,0.6461815594190841,25,1.0,r_inc_placebo
EL,C19,-0.09343910722479867,-0.03160921332420058,0.41017243532533815,0.9385732430233299,25,1.0,r_inc_placebo
EL,C20,0.00748222950077108,1.857539911423263,1.334582313916947,0.16396748093427205,23,1.0,r_inc_placebo
EL,C21,0.02413140269780335,-1.1464451558197435,2.6412035056207115,0.6642436720410427,25,1.0,r_inc_placebo
EL,C22-C23,-0.237121945645047,0.12025965719162836,0.34547195847635265,0.7277631965239141,25,1.0,r_inc_placebo
EL,C24-C25,-0.04124454903248554,0.0003417098970929687,0.42535374229114487,0.9993590158150041,23,1.0,r_inc_placebo
EL,C26,-0.41242729278741885,3.1321828402789347,1.4860834150789863,0.03505899597941148,25,1.0,r_inc_placebo
EL,C27,-0.20878495168143626,0.6239113512332453,0.7240526887680188,0.3888563131352494,25,1.0,r_inc_placebo
EL,C28,-0.0005331286643003717,-1.4190209967294185,1.6999786677139745,0.40387047411127064,25,1.0,r_inc_placebo
EL,C29-C30,-0.06176465497470207,-6.026496311240995,4.418710875531568,0.172612109669131,25,1.0,r_inc_placebo
EL,C31-C33,-0.4554941974904598,1.0076848800450817,0.7117427874384331,0.15683429937488155,23,1.0,r_inc_placebo
EL,F,0.14591326006442693,0.5498753617167891,0.5942210490900114,0.35477257739120016,23,1.0,r_inc_placebo
EL,G45,0.03727847814066096,-1.0187807011337209,0.7269849550638856,0.1611010762134487,25,1.0,r_inc_placebo
EL,G46,-0.04026140962524907,-0.13830328177630785,0.45906084163152777,0.7632052568489465,25,1.0,r_inc_placebo
EL,G47,-0.20133596561565698,-0.048842140950245805,0.33270004543696136,0.8832856751927176,25,1.0,r_inc_placebo
EL,H49,-0.15978222803946374,0.037813901541144175,0.3856979609445131,0.9219003797227188,25,1.0,r_inc_placebo
EL,H50,0.33666574936976856,0.9374018569530796,0.8512569465163127,0.2708107935833822,16,1.0,r_inc_placebo
EL,H51,-0.47084314233334273,-6.414498144772502,4.681262186558611,0.17060896624117095,17,1.0,r_inc_placebo
EL,H52,0.04691969251784985,-0.6488763555580226,0.8140469470619053,0.42539328876335947,25,1.0,r_inc_placebo
EL,H53,-0.01574547070301109,2.6448656938782023,1.98455162787463,0.18262138351644652,21,1.0,r_inc_placebo
EL,I,-0.05371101705838703,0.0017082718186697975,0.40290686814090143,0.9966170851531926,25,1.0,r_inc_placebo
EL,J58-J60,0.2711921072905151,0.08968259558990066,0.5908592072770718,0.879357807094965,25,1.0,r_inc_placebo
EL,J61,-0.10973650844967012,0.009051125410223758,0.39283000194442025,0.9816177118401029,25,1.0,r_inc_placebo
EL,J62-J63,-0.1387546169241989,0.08621150997354257,0.37119556849324925,0.8163410428810041,25,1.0,r_inc_placebo
EL,M,-0.02316855856379814,-0.015733978028407737,0.42315365939423966,0.9703393655286684,25,1.0,r_inc_placebo
EL,N,0.04348098946819226,0.04939636908163994,0.4551240322842999,0.9135722208675436,25,1.0,r_inc_placebo
EL,R,-0.03805440939579138,-0.1257135183560145,0.7332591386715753,0.8638739751748978,25,1.0,r_inc_placebo
EL,S,-0.23894754399138127,-0.1763926822671584,0.4254951248343763,0.6784650277129398,25,1.0,r_inc_placebo
ES,A,-0.06441621765283194,0.001865544383562024,0.05829901086463731,0.9744723787052726,25,1.0,r_inc_placebo
ES,C10-C12,-0.0199348341721552,-0.021843239744078966,0.06378608631415357,0.7320158698872251,25,1.0,r_inc_placebo
ES,C13-C15,-0.025033462107022706,0.11763966325872151,0.2888232005477434,0.6837826444539423,25,1.0,r_inc_placebo
ES,C16-C18,0.10733063355324522,0.05789522492998598,0.11127922774762514,0.6028755206498593,25,1.0,r_inc_placebo
ES,C19,0.3762586114101714,0.12231526340422078,0.21761989457961892,0.5740756866403484,23,1.0,r_inc_placebo
ES,C20-C21,-0.10013737075464249,0.02813956248513281,0.08995265889106252,0.7544125905132146,25,1.0,r_inc_placebo
ES,C22-C23,0.9241014242360356,1.8711682618679966,6.655402496675952,0.7785951394603752,25,1.0,r_inc_placebo
ES,C24-C25,-0.05447160852196941,-0.06138412517683396,0.07121316589535813,0.38870006579736094,25,1.0,r_inc_placebo
ES,C26-C27,-0.2194360455311818,0.0768981405407859,0.2001932272480228,0.7008898118623372,25,1.0,r_inc_placebo
ES,C28,-0.03154865553361527,-0.034414806906311525,0.2890437685026053,0.9052243785062374,25,1.0,r_inc_placebo
ES,C29-C30,-0.3311201473849525,-0.29991815476599354,0.19842059015691735,0.13065413813681653,25,1.0,r_inc_placebo
ES,C31-C33,-0.022707612750066247,0.10751289936693666,0.18255916547166565,0.5559143686885,25,1.0,r_inc_placebo
ES,F,0.1973341763294942,0.013791975889518866,0.08792543079114416,0.8753552493051704,25,1.0,r_inc_placebo
ES,G,0.1343928349817147,-0.007894827063490057,0.06964355691115598,0.9097447698209468,25,1.0,r_inc_placebo
ES,H,-0.024493473497133225,0.030746656960388665,0.06466637711999665,0.6344549355466069,25,1.0,r_inc_placebo
ES,I,0.32438496102749537,-0.03176146366372001,0.06980764122100368,0.6491196796037573,25,1.0,r_inc_placebo
ES,J58-J60,-0.36174059901753247,-0.21438788211285936,0.19637572986540583,0.2749549147074323,25,1.0,r_inc_placebo
ES,J61,0.12008409182720166,0.035364451491360804,0.0788553018452379,0.6538120718588805,25,1.0,r_inc_placebo
ES,J62-J63,-0.11901134712745062,-0.504509056900172,0.3005980033259672,0.09327853409639068,25,1.0,r_inc_placebo
ES,M,-0.016547141298177758,0.052083866773328956,0.07109710119498121,0.46381847423014466,25,1.0,r_inc_placebo
ES,N,0.15026582253488796,0.17846114908284316,0.09670787361854859,0.06498472565333925,25,1.0,r_inc_placebo
ES,R,-0.36765044447093254,-0.007143648334601633,0.0648162038951972,0.9122397177797322,25,1.0,r_inc_placebo
ES,S,-0.03554530740115987,0.061400251045462595,0.12257229093466356,0.6164197374306176,25,1.0,r_inc_placebo
FI,A,0.17770530721389088,-0.1360659837469972,0.08215561130932932,0.09768166751001026,25,1.0,r_inc_placebo
FI,C10-C12,-0.26436182621117194,-0.33051067772374937,0.10222256054856074,0.0012239215045006379,25,0.6878438855293585,r_inc_placebo
FI,C13-C15,-0.05902625911977979,1.9483573814761501,0.8632311966152789,0.02400484866270459,25,1.0,r_inc_placebo
FI,C16-C18,0.2625913620318189,-0.16834536739661396,0.1001268186308074,0.09270049462062763,25,1.0,r_inc_placebo
FI,C19,-0.29907703595931395,0.36377860831178654,0.2931528456077104,0.21463608607865925,25,1.0,r_inc_placebo
FI,C20,-0.053808843609089996,-0.10943431800715966,0.0992552463428399,0.2702206807857366,25,1.0,r_inc_placebo
FI,C21,-0.0837294942895552,-0.1851830532392708,0.19583774313920244,0.3443555536705938,25,1.0,r_inc_placebo
FI,C22-C23,-0.1067648344414387,-0.057599376980655335,0.1063012736504974,0.5879216371740698,25,1.0,r_inc_placebo
FI,C24-C25,0.0904145297819865,-0.15766567837048615,0.09540004318746709,0.09839614562786725,25,1.0,r_inc_placebo
FI,C26,0.08364247199251691,-0.17733190746191205,0.09378305906012108,0.05864122365932904,25,1.0,r_inc_placebo
FI,C27,-0.07557533597401173,-0.4039029065997099,0.3134065607960611,0.19748479025925936,25,1.0,r_inc_placebo
FI,C28,0.10545365646751106,-0.14148808731311424,0.08399412357519619,0.09208511129887163,25,1.0,r_inc_placebo
FI,C29-C30,-0.25135440605877607,-0.17621452913524463,0.3370256742114239,0.6010772883275928,25,1.0,r_inc_placebo
FI,C31-C33,-0.0341255084975873,-0.06391421945204531,0.28836653411983815,0.8245923572412791,25,1.0,r_inc_placebo
FI,F,0.021152684824284715,0.05557594886738021,0.11658768767218236,0.6335843262288068,25,1.0,r_inc_placebo
FI,G45,0.07515737973125328,0.25966309979491464,0.3935418349380867,0.5093753384644091,25,1.0,r_inc_placebo
FI,G46,0.13819524191801227,-0.2218904602120618,0.11301953656751156,0.04961214328798916,25,1.0,r_inc_placebo
FI,G47,-0.01163649058124086,-0.06670088629669371,0.07011434367313878,0.341444064414991,25,1.0,r_inc_placebo
FI,H49,0.3699589517972767,-0.22654737414765344,0.14001820049795846,0.10566579029544394,25,1.0,r_inc_placebo
FI,H50,-0.2383411409088493,-0.048900378197753204,0.28694777056545867,0.8646832998789029,13,1.0,r_inc_placebo
FI,H51,-0.17845527546180157,-0.1666379792824639,0.16417173270582297,0.3100951698501919,23,1.0,r_inc_placebo
FI,H52,0.23332823189312035,-0.08378615709244995,0.17612387163249044,0.6342718117460162,25,1.0,r_inc_placebo
FI,H53,-0.09176766764950885,0.6176395184725803,0.7442970875742377,0.40663531203866154,23,1.0,r_inc_placebo
FI,I,0.16016194477591975,0.2787986075449801,0.3442285727600051,0.41798448334570604,25,1.0,r_inc_placebo
FI,J58-J60,0.27528033979163646,-0.11123242393801404,0.1949534046032732,0.568298602359533,25,1.0,r_inc_placebo
FI,J61,0.10296106641326482,-0.1668168645205768,0.14457939079967452,0.2485788743819125,25,1.0,r_inc_placebo
FI,J62-J63,-0.24451668112712294,0.017062985153139417,0.16948858668305194,0.919809761188406,25,1.0,r_inc_placebo
FI,M,0.13543410389031482,-0.15740795532473417,0.08454901319358588,0.06264028869818389,25,1.0,r_inc_placebo
FI,N,-0.22318712826659365,-0.26613583415272263,0.07013900200323596,0.00014799747132549152,25,0.08450655612685566,r_inc_placebo
FI,R,-0.03610975189403629,-0.17016532186819971,0.11709573201560393,0.14616395570217203,25,1.0,r_inc_placebo
FI,S,-0.05856076622469034,0.2327232904920109,0.15446951042185394,0.13191400428773695,25,1.0,r_inc_placebo
FR,A,-0.5812211880361783,-0.025344460898371307,0.034691678525046614,0.4650460455959814,25,1.0,r_inc_placebo
FR,C10-C12,-0.5538554486958247,0.012403288623651563,0.05147816346558967,0.80959951305253,25,1.0,r_inc_placebo
FR,C13-C15,-0.5372183216793635,0.6627253033281698,0.6360862696387414,0.2974675067621575,25,1.0,r_inc_placebo
FR,C16-C18,0.10217994279695822,0.07292621114353065,0.12945317980159513,0.573203086392726,25,1.0,r_inc_placebo
FR,C19,0.02983964877533346,0.2621745247868788,0.38111830766935534,0.4915104011490057,25,1.0,r_inc_placebo
FR,C20,-0.02471301513131215,-0.0076699667441527146,0.09610618468681564,0.9363905875456338,25,1.0,r_inc_placebo
FR,C21,0.05662821854686219,0.2197268249093089,0.17625166629770583,0.21252027128306106,25,1.0,r_inc_placebo
FR,C22-C23,0.17122336001547545,-0.17123212870718615,0.09821859710719846,0.08126763113949648,25,1.0,r_inc_placebo
FR,C24-C25,-0.38043793541814397,-0.06897920433481734,0.04389780594974097,0.1160993267587803,25,1.0,r_inc_placebo
FR,C26,-0.5918998942837006,-0.035277015330460265,0.036703118580888865,0.3364793151265849,25,1.0,r_inc_placebo
FR,C27,-0.23058386241205217,-0.10956896655119162,0.09559353737616458,0.2517139051464726,25,1.0,r_inc_placebo
FR,C28,0.14994230736991707,-0.4154123293556359,0.18124907396547973,0.021909001626568524,25,1.0,r_inc_placebo
FR,C29-C30,-0.34690475718679026,-0.018727707979300536,0.04267890860167817,0.660803015509272,25,1.0,r_inc_placebo
FR,C31-C33,-0.1337616741457609,-0.14713495132997992,0.07659402754625669,0.054735288516574006,25,1.0,r_inc_placebo
FR,F,-0.1318872460099217,-0.08187273600015765,0.055832328993028785,0.14253832828819582,25,1.0,r_inc_placebo
FR,G,-0.535218578478025,-0.005879288236868092,0.03715355963043239,0.8742653745027817,25,1.0,r_inc_placebo
FR,H,-0.4714556667121806,-0.05228636672525944,0.037231666480476905,0.16021404529219185,25,1.0,r_inc_placebo
FR,I,0.06268691049815842,-0.0998477120292814,0.07202007107228003,0.16562867168080897,25,1.0,r_inc_placebo
FR,J58-J60,-0.36239808301807785,-0.04893931025216218,0.045735298227363344,0.28459429985329454,25,1.0,r_inc_placebo
FR,J61,-0.5450293268995717,-0.027603481211252494,0.03624762999810867,0.44634347375282046,25,1.0,r_inc_placebo
FR,J62-J63,-0.1624337717086326,0.028879783222350863,0.051079599101030146,0.5718100067365274,25,1.0,r_inc_placebo
FR,M,-0.5797284272572832,-0.024736829255187713,0.03390677042879897,0.4656626816059318,25,1.0,r_inc_placebo
FR,N,-0.5124062739248526,-0.028300611434008787,0.03584716645924229,0.4298316701516064,25,1.0,r_inc_placebo
FR,R,-0.6427052852577619,-0.03656102932392557,0.03489364808253329,0.29473782991099073,25,1.0,r_inc_placebo
FR,S,0.22050381562276922,0.04465696702963792,0.1335149625085349,0.7380236960038529,25,1.0,r_inc_placebo
HU,A,-0.25546139874958257,-0.026944261009894614,0.05372032686539189,0.6159732135538574,25,1.0,r_inc_placebo
HU,F,0.15289096446969574,-0.1317569865120788,0.1069473379187441,0.21795653724899133,25,1.0,r_inc_placebo
HU,G,0.2277767199037718,-0.06853136277169411,0.09036765810191977,0.4482345329962024,25,1.0,r_inc_placebo
HU,H,0.13185198217205119,-0.12484346775994903,0.059093704472709,0.03463196349638724,25,1.0,r_inc_placebo
HU,I,0.004246107472710055,0.13175499516579797,0.22189354229253658,0.5526621386155941,25,1.0,r_inc_placebo
HU,J,-0.10641994876297456,-0.15388192423851707,0.051498024738485255,0.0028070562257154273,25,1.0,r_inc_placebo
HU,M,0.12087236861819531,0.032813153549923084,0.11873001612213821,0.7822655845338602,25,1.0,r_inc_placebo
HU,N,0.2889248209697647,-0.033280929993471785,0.11917611029744404,0.7800465280336984,25,1.0,r_inc_placebo
HU,R,-0.20357983500076846,0.1303404387366686,0.08134863250328059,0.10910144524612159,25,1.0,r_inc_placebo
HU,S,-0.26817700521999,0.22871221894643204,0.1602513134593116,0.15351947747367176,25,1.0,r_inc_placebo
IE,A,0.21405877141852378,-0.28585002443892504,0.3556050530402721,0.4214886404419219,25,1.0,r_inc_placebo
IE,F,-0.28257039026707054,0.47360366012049543,0.5269671947919013,0.3687940334723868,22,1.0,r_inc_placebo
IE,G,0.03021448715147356,-0.509217554190801,0.26615169385550846,0.05571469672457075,25,1.0,r_inc_placebo
IE,H,0.13342305261794032,-0.38293688045859636,0.3044108195736102,0.2084059305701761,25,1.0,r_inc_placebo
IE,I,-0.027922474321025098,-0.06268639695837194,0.3199720251730573,0.8446789527484699,25,1.0,r_inc_placebo
IE,J,0.08800572030906026,-0.5207588051880897,0.2672305174605916,0.051328267843389376,25,1.0,r_inc_placebo
IE,M,0.02327055681444065,-0.15214679762216227,0.2581045397143599,0.5555410563350125,25,1.0,r_inc_placebo
IE,N,0.1485736640354245,-0.4973984822315397,0.2744876793035334,0.06997110740496774,25,1.0,r_inc_placebo
IE,R,0.042214742955782134,1.0528109138285986,0.7380932789210193,0.1537550005891077,25,1.0,r_inc_placebo
IE,S,0.28873310661918916,0.7935449976852599,2.3117895528882677,0.7314028323809174,25,1.0,r_inc_placebo
IT,A,-0.042009297864861114,0.01864656305012184,0.02967061837785342,0.5297078023221391,25,1.0,r_inc_placebo
IT,C10-C12,-0.017017316884533965,-0.008979869177002064,0.03239996417136085,0.7816597380177313,24,1.0,r_inc_placebo
IT,C13-C15,-0.3226940644012763,-0.15915951194182715,0.042757282159709115,0.0001973416420741377,24,0.11228739434018435,r_inc_placebo
IT,C16-C18,0.36267581907723007,0.03700740779593424,0.0829389151614874,0.655452226875554,24,1.0,r_inc_placebo
IT,C19,-0.029616368417849058,-0.07242581848910425,0.25935696639253164,0.7800518337285608,20,1.0,r_inc_placebo
IT,C20,-0.08855595786823867,-0.11990707694530679,0.06705902672660148,0.07376268703366588,24,1.0,r_inc_placebo
IT,C21,0.014547510766323527,0.15159371985466297,0.1465125987209734,0.300818174520183,24,1.0,r_inc_placebo
IT,C22-C23,-0.151147677348293,-0.05619601967571275,0.042028667853543734,0.18119397404101345,24,1.0,r_inc_placebo
IT,C24-C25,0.060984845440393516,-0.07817309258498231,0.05660227969390421,0.16724993138604283,24,1.0,r_inc_placebo
IT,C26,-0.026341344595359792,0.1554168630553958,0.11524060905768808,0.1774560614865066,24,1.0,r_inc_placebo
IT,C27,0.006471273019119508,0.14092136412467357,0.07067241086370839,0.04615116249974653,24,1.0,r_inc_placebo
IT,C28,-0.03931201602145825,-0.022023814045029493,0.03543192658529294,0.5342173863650119,24,1.0,r_inc_placebo
IT,C29-C30,-0.09818006866736571,-0.06244344054249211,0.05017578887257159,0.21331800897236353,24,1.0,r_inc_placebo
IT,C31-C33,-0.2529027763506793,-0.10750321410528706,0.07693177637776043,0.1622982033260617,24,1.0,r_inc_placebo
IT,F,-0.23480705452044598,-0.02432349171879696,0.03628946291093802,0.5026900185622409,25,1.0,r_inc_placebo
IT,G,0.08423403349133177,-0.0083179922927922,0.029793414242183933,0.7800998167143909,25,1.0,r_inc_placebo
IT,H,-0.01217131245671527,-0.009731042832444707,0.02415876020749585,0.6870985824722744,25,1.0,r_inc_placebo
IT,I,-0.02006728407307394,-0.06012264723075832,0.04568275974505202,0.18814366095389212,25,1.0,r_inc_placebo
IT,J58-J60,0.028932542280702953,0.11106223736677878,0.09632844493280361,0.24892938738438097,24,1.0,r_inc_placebo
IT,J61,-0.006407346895805627,-0.001008746985975872,0.02849366847485199,0.9717587943913877,24,1.0,r_inc_placebo
IT,J62-J63,-0.21669879076309634,0.017011169048535002,0.03977215457589718,0.6688582258166023,24,1.0,r_inc_placebo
IT,M,0.11884772112392097,-0.00797673123109443,0.04644924836285531,0.8636497689533811,24,1.0,r_inc_placebo
IT,N,0.05853723854078868,0.0425781106429292,0.046938620864389054,0.36435293062650176,25,1.0,r_inc_placebo
IT,R,-0.032111818155638475,-0.023451719484940448,0.05367957525632729,0.6621958553276881,25,1.0,r_inc_placebo
IT,S,-0.1420459465162899,0.13656533451845837,0.09165812319357886,0.1362393517149091,25,1.0,r_inc_placebo
JP,A,0.019719414362346303,0.056518087045455766,0.09541770722514115,0.5536344262739171,24,1.0,r_inc_placebo
JP,C10-C12,-0.07251300528464316,0.03820539413808562,0.07751079267260058,0.622080289676026,24,1.0,r_inc_placebo
JP,C19,-0.13858099925471076,-0.7016714002302559,0.5223013973097209,0.17913523549774113,24,1.0,r_inc_placebo
JP,C20,-0.07430206192945026,0.0892397279812875,0.06432010995319593,0.16531031364790671,24,1.0,r_inc_placebo
JP,C24-C25,-0.033469031094228406,0.09919508503184994,0.07194429524237891,0.16796375395155716,24,1.0,r_inc_placebo
JP,C26,0.08588064277893603,0.07778489438107487,0.07189226715028318,0.2792682190642938,24,1.0,r_inc_placebo
JP,C27,-0.29958712822145395,0.0012991168021326525,0.06288265322123504,0.9835173699571349,24,1.0,r_inc_placebo
JP,C28,0.37764731605570384,0.10062158487578912,0.11173675273037888,0.36784166209502145,24,1.0,r_inc_placebo
JP,C29-C30,0.3646260572594657,0.10971302626190733,0.09911349724490792,0.26831842360580516,24,1.0,r_inc_placebo
JP,F,-0.22633746512067787,0.030191431460105438,0.05540711557647077,0.585821127126384,24,1.0,r_inc_placebo
JP,I,-0.21788593720573599,0.12941895049390048,0.08302194889794058,0.1190313579985088,24,1.0,r_inc_placebo
JP,M-N,0.4386837723696187,0.08823943895811981,0.10808392805189523,0.4142728772971793,24,1.0,r_inc_placebo
LT,A,-0.024771505888276747,-0.14848715731585302,0.2086745425956224,0.4767292699660699,25,1.0,r_inc_placebo
LT,F,0.11502223044818387,-0.2264105567084888,0.25361002333394805,0.3719906276643111,25,1.0,r_inc_placebo
LT,G,-0.004317999299060509,-0.21842058709704926,0.19459754300910934,0.26168300303806236,25,1.0,r_inc_placebo
LT,H,-0.07617706732113128,-0.2021315290791861,0.19321970375116274,0.2955043599313194,25,1.0,r_inc_placebo
LT,I,-0.25374919544856,0.6472111791084724,0.3215289194326016,0.044123312347772885,25,1.0,r_inc_placebo
LT,J,0.06767324341230856,-0.14940197220861898,0.20849993581286033,0.47364782912194503,25,1.0,r_inc_placebo
LT,M,9.788138714587075e-05,0.1496042145444257,0.35134007884310825,0.6702461013688744,25,1.0,r_inc_placebo
LT,N,0.07911875143052716,-0.18705438835405175,0.23923995206371215,0.4342913531500865,25,1.0,r_inc_placebo
LT,R,0.22202058490259566,-0.1392043688711423,0.6609624606205792,0.8331927123533627,25,1.0,r_inc_placebo
LT,S,0.011218190486650171,0.5516583321181937,1.560957446951446,0.7237809167428726,25,1.0,r_inc_placebo
LU,A,0.2097128390714769,-0.46896866146188754,0.22881723324361658,0.040409942859023114,23,1.0,r_inc_placebo
LU,C13-C15,-0.05073040293102911,0.9157117764727702,0.8348832194085605,0.2727226182842525,25,1.0,r_inc_placebo
LU,C20,-0.2619549440173939,1.299640099080938,1.408078297071861,0.35601318945314564,25,1.0,r_inc_placebo
LU,F,0.2623128518888569,-0.29491086296230795,0.21830282506916251,0.1767192842975952,25,1.0,r_inc_placebo
LU,G,0.23206580445670666,-0.3554185333226773,0.21110695229098514,0.09226003533313032,25,1.0,r_inc_placebo
LU,G45,0.22217892901265932,-0.1205028539288422,0.4803665684527318,0.8019254147003905,25,1.0,r_inc_placebo
LU,H,0.2955142122697098,-0.37231273299901396,0.23415119707050144,0.1118229362460677,25,1.0,r_inc_placebo
LU,H49,0.32035279377928605,-0.2085603997395896,0.22655807806571615,0.3572799740349074,25,1.0,r_inc_placebo
LU,I,0.38033250713146455,-0.4356260878136788,0.5149945557250578,0.3976169899430193,25,1.0,r_inc_placebo
LU,J,0.21071988709904918,-0.3459125495589647,0.2141820185200541,0.10630201027727294,25,1.0,r_inc_placebo
LU,J58-J60,-0.03823683600603685,1.0379023220990238,0.8717693571592005,0.23382248937431171,23,1.0,r_inc_placebo
LU,J61,0.0056970805791780495,-0.33524959740943056,0.16693865395963403,0.044619884425030426,25,1.0,r_inc_placebo
LU,M,-0.04146755417930935,-0.2315073696425357,0.1553047833780491,0.1360495291897299,25,1.0,r_inc_placebo
LU,N,0.0863767013716028,-0.19338174926876822,0.1957591881623582,0.3232235255739644,25,1.0,r_inc_placebo
LU,R,0.1824161295488651,-0.03584310238468753,0.3190972320199384,0.9105644633358283,25,1.0,r_inc_placebo
LU,S,-0.03961688253104212,-0.2932344800287891,1.042234078185257,0.7784405495548243,23,1.0,r_inc_placebo
LV,A,-0.18109053006601064,-1.1307549591206199,0.5183380467850222,0.029146381754825895,18,1.0,r_inc_placebo
LV,C10-C12,-0.3864938766068446,-1.1903262296441828,0.47123492843066717,0.011537868006452881,25,1.0,r_inc_placebo
LV,C13-C15,-0.00022069462109708255,-0.20558347237519936,1.3104789353976052,0.875342106427232,25,1.0,r_inc_placebo
LV,C16-C18,-0.3771288524521236,-1.360323437579054,0.46663317212282246,0.003554743037337562,25,1.0,r_inc_placebo
LV,C20,-0.1590446924381071,-2.085870901229308,0.7921366813363024,0.008457930649430422,23,1.0,r_inc_placebo
LV,C21,-0.022258132668312725,-0.1398020531298454,0.6947278799041346,0.8405165266472102,23,1.0,r_inc_placebo
LV,C22-C23,-0.3478563750746327,-1.3958544443272627,0.5241413469443751,0.007741842105807058,25,1.0,r_inc_placebo
LV,C24-C25,-0.2484692436517358,-1.1871978571161437,0.5554819606409512,0.03257853594162546,25,1.0,r_inc_placebo
LV,C26,-0.026319706021446253,-0.5101789061252706,1.1521246098427722,0.6578990209365074,25,1.0,r_inc_placebo
LV,C27,0.34992577112557227,-1.5502235482831446,1.3228160307238768,0.2412325198191414,23,1.0,r_inc_placebo
LV,C28,-0.2551251823147204,-0.5542995349839056,0.7441054439128328,0.4563196712350932,23,1.0,r_inc_placebo
LV,C29-C30,0.10204345995193251,-0.6160703432610982,1.0179619593964262,0.5450462689166286,25,1.0,r_inc_placebo
LV,C31-C33,-0.2694387591654275,-1.160310626751621,0.5868657667636109,0.048026800151383046,25,1.0,r_inc_placebo
LV,F,-0.33691905675667144,-1.30860437149245,0.4956423863490345,0.008285250519725477,25,1.0,r_inc_placebo
LV,G,-0.331328271442781,-1.482475154938641,0.5516197890212398,0.007199028556798192,22,1.0,r_inc_placebo
LV,H,-0.3365702958934204,-1.3583478857613895,0.5605268438679163,0.015378468263784074,22,1.0,r_inc_placebo
LV,I,-0.2437885261284931,-1.216200071366941,0.5720347120726729,0.033495360334644154,25,1.0,r_inc_placebo
LV,J58-J60,-0.3202641074860566,-1.3701402599528627,0.5555711776460707,0.013656149971294267,23,1.0,r_inc_placebo
LV,J61,-0.30216390627929907,-1.1750430505068412,0.5290217090749744,0.026339973910872488,25,1.0,r_inc_placebo
LV,J62-J63,-0.2123405795645925,0.2969053243393841,0.7398360326382953,0.6881901845491771,25,1.0,r_inc_placebo
LV,M,-0.30982976216979596,-1.205362380781061,0.5120075123083839,0.018563177042692832,25,1.0,r_inc_placebo
LV,N,-0.1636933107546859,-0.9901352906621725,0.6714720201451585,0.14032706597904848,24,1.0,r_inc_placebo
LV,R,-0.34204342364869167,-1.1695741667937085,0.5058997867362764,0.020784889070131207,25,1.0,r_inc_placebo
LV,S,-0.49481675287495536,-1.2457737503968176,0.6213216290304487,0.044958937620893716,23,1.0,r_inc_placebo
MT,A,0.10959124387232219,1.1852447983594665,1.809563890495693,0.5124747099212655,20,1.0,r_inc_placebo
MT,F,-0.3326088737190184,-0.3047339320266402,0.30874513100213063,0.32363868854508426,20,1.0,r_inc_placebo
MT,G,0.44260628949597763,-0.34584688129392216,0.384598953326074,0.3685246744999501,20,1.0,r_inc_placebo
MT,H,0.01815536927422437,-0.7170051235689985,0.40721522050822073,0.07828034169331669,18,1.0,r_inc_placebo
MT,I,-0.07415370626024793,0.03606758018028158,0.2212796208392253,0.8705219858056467,18,1.0,r_inc_placebo
MT,J,-0.0384959935233213,-0.33732113167596145,0.1569522937504976,0.03161892189642581,20,1.0,r_inc_placebo
MT,M,0.23648382975091695,-0.1221185606298506,0.3545174058845478,0.7304972019886817,20,1.0,r_inc_placebo
MT,N,0.2529450102857223,-0.28376070163095835,0.3604489866392333,0.43114001946236746,20,1.0,r_inc_placebo
MT,R,0.09689965732976347,-0.7640428484526945,0.3767850787962192,0.04258118854439162,20,1.0,r_inc_placebo
MT,S,-0.35368227816666425,1.4101722517806665,0.5196566064612012,0.006654407493622172,20,1.0,r_inc_placebo
NL,A,0.38904366843629706,-0.2010183189309949,0.09026969503490229,0.025956375759418757,25,1.0,r_inc_placebo
NL,C10-C12,0.22422492356763818,-0.02259232273246919,0.14148030138697634,0.8731289903249578,25,1.0,r_inc_placebo
NL,C13-C15,-0.1376358100589912,1.1839825921396505,0.867500017763977,0.172309189807191,25,1.0,r_inc_placebo
NL,C16-C18,0.027946448069995793,0.13501373278502946,0.2593170095242468,0.6026097199773626,25,1.0,r_inc_placebo
NL,C19,-0.1103473606084385,0.15312262779005625,0.20621218303714878,0.4577548413521556,22,1.0,r_inc_placebo
NL,C20,-0.1328449591896947,0.1836942519226096,0.10444689881211108,0.0786227975473308,25,1.0,r_inc_placebo
NL,C21,0.05306191905180163,0.15628168394142264,0.23891176968198694,0.5130217777152173,25,1.0,r_inc_placebo
NL,C22-C23,-0.13738153676535955,0.19995252643673328,0.5168278588604931,0.6988419476544329,25,1.0,r_inc_placebo
NL,C24-C25,-0.11192292381519185,-0.0021029856466775864,0.12969628725421445,0.9870631126672453,25,1.0,r_inc_placebo
NL,C26,-0.09156011660405064,0.1225603719705865,0.1112018494537189,0.2703993827170126,25,1.0,r_inc_placebo
NL,C27,0.017167491088999003,0.007528677341114181,0.17641361674797731,0.9659595861822219,25,1.0,r_inc_placebo
NL,C28,0.10715085738688948,-0.2001583730096502,0.09762396875698416,0.0403352146824854,25,1.0,r_inc_placebo
NL,C29-C30,-0.0825594402314958,0.018678814661202876,0.1552662101090259,0.9042440267177521,25,1.0,r_inc_placebo
NL,C31-C33,-0.328653200019035,0.01162325471358489,0.16624711726032876,0.9442608951008858,25,1.0,r_inc_placebo
NL,F,0.07518489902070402,-0.19532880950210302,0.10309170815145037,0.05813093614358653,25,1.0,r_inc_placebo
NL,G,0.09259115711979013,-0.17025422673428492,0.0798979188023303,0.03309763762202602,25,1.0,r_inc_placebo
NL,H,-0.04119499728112745,-0.2033648209223887,0.06997053680019341,0.003655727790147345,25,1.0,r_inc_placebo
NL,I,0.01355049179834196,-0.20053589475292366,0.23734884605789222,0.3981670162550507,25,1.0,r_inc_placebo
NL,J58-J60,-0.23871828804795628,0.26289759619838265,0.33158501357241443,0.42786448647319963,25,1.0,r_inc_placebo
NL,J61,-0.393911487899839,-0.15556349349143334,0.04487493358113646,0.0005270835004815308,25,0.2993834282735095,r_inc_placebo
NL,J62-J63,-0.34867591978591855,-0.27642252653962796,0.05967369876122047,3.617412410205962e-06,25,0.0020727773110480164,r_inc_placebo
NL,M,0.11045411910378163,-0.23474930241201225,0.06869972310177655,0.0006330732943730429,25,0.35895255790951536,r_inc_placebo
NL,N,0.1844239848368069,-0.15602506238489453,0.08776175504012115,0.0754325632911648,25,1.0,r_inc_placebo
NL,R,0.22332363936832278,-0.310434122586379,0.11978127466633949,0.009550998045112847,25,1.0,r_inc_placebo
NL,S,-0.15345005543794357,-0.1554252233520906,0.08121867908347029,0.05566316304096197,25,1.0,r_inc_placebo
PL,A,-0.2684071852361426,-0.3623359138384128,0.15670575872256703,0.020766362524244596,20,1.0,r_inc_placebo
PL,F,0.13793997166778646,-0.32620030790920135,0.24372699610771215,0.18077129729964547,20,1.0,r_inc_placebo
PL,G,-0.21386217677254063,-0.392793336678142,0.15120458711400225,0.009383385643671319,20,1.0,r_inc_placebo
PL,H,-0.06720071689262695,-0.4721288982261206,0.1823244023707529,0.009611563982386828,20,1.0,r_inc_placebo
PL,I,-0.05266605860067528,0.5007096524737271,0.5760383587693707,0.384721503067324,20,1.0,r_inc_placebo
PL,J,-0.032147547812141034,-0.6977157925084223,0.2899613368715778,0.016117790158424048,20,1.0,r_inc_placebo
PL,M,-0.34497120063950304,-0.34948315786664735,0.16780764058092063,0.03728391260374503,20,1.0,r_inc_placebo
PL,N,0.06904998327002033,-0.4248813529802924,0.24053690742543676,0.0773308841662081,20,1.0,r_inc_placebo
PL,R,0.3952207265058837,-0.2589090144923163,0.47534803024834954,0.5859787607332467,20,1.0,r_inc_placebo
PL,S,0.011137821592342436,2.774132221583706,1.2804992056595421,0.030277131640742107,20,1.0,r_inc_placebo
PT,A,0.551591659204286,0.11169480425943357,0.17339981502082943,0.5194807374765738,20,1.0,r_inc_placebo
PT,C10-C12,-0.2662255897591695,0.006969218210275572,0.06581873305728378,0.9156735754067674,20,1.0,r_inc_placebo
PT,C13-C15,-0.08429650035708663,0.11908931748713121,0.1652045704638955,0.4709958385228944,20,1.0,r_inc_placebo
PT,C16-C18,-0.05701501572567231,-0.20242916061835095,0.24399469867446744,0.40673911178180233,20,1.0,r_inc_placebo
PT,C19,0.15015451333696236,0.44606328729264666,0.31792707956745586,0.16060596405534866,18,1.0,r_inc_placebo
PT,C20,-0.22804831810846074,0.19668401728557472,0.12810740560332823,0.1247087791146102,20,1.0,r_inc_placebo
PT,C21,-0.04441822470834123,-0.12016875805320654,0.36408286711912496,0.7413555252390365,20,1.0,r_inc_placebo
PT,C22-C23,-0.3580928600248238,-0.1085602044454021,0.03952102417693333,0.0060161924295335486,20,1.0,r_inc_placebo
PT,C24-C25,-0.25861605668293575,0.031282118432449386,0.07007334460628806,0.6552941365631233,20,1.0,r_inc_placebo
PT,C26,0.3739799689970713,0.15903482921747206,0.13818842569306877,0.24979192741145861,20,1.0,r_inc_placebo
PT,C27,0.014122693974144193,0.17773538804044217,0.2132930279288687,0.4046800294752704,20,1.0,r_inc_placebo
PT,C28,0.058624234328755055,-0.17958128594964914,0.10487063369642188,0.08682155173369845,20,1.0,r_inc_placebo
PT,C29-C30,0.1856109885032391,-0.020978301516430445,0.08124667911358228,0.796248673308372,20,1.0,r_inc_placebo
PT,C31-C33,-0.23988355154772895,-0.08100734815619458,0.06780127084518117,0.2321744617511573,20,1.0,r_inc_placebo
PT,F,0.04534168341759432,-0.09635977577881898,0.05754684999757407,0.09404064798531404,20,1.0,r_inc_placebo
PT,G,-0.1624417371411749,-0.04354048882507881,0.03142701371002629,0.16591556582150224,20,1.0,r_inc_placebo
PT,H,-0.03885577182714761,-0.04622371461070211,0.04130636569496862,0.26312060501683354,20,1.0,r_inc_placebo
PT,I,-0.2061923962615173,0.018749750628714118,0.0690028973873852,0.7858341642577774,20,1.0,r_inc_placebo
PT,J58-J60,-0.028751848281492035,-0.127536045333818,0.05780555954289676,0.027363437990503007,20,1.0,r_inc_placebo
PT,J61,-0.14992056750315175,-0.015050663783029994,0.03879664188177968,0.69806244779353,20,1.0,r_inc_placebo
PT,J62-J63,0.31557328059076667,0.027532244549906923,0.07022578117377612,0.6950188815469786,20,1.0,r_inc_placebo
PT,M,0.06414726039676442,-0.04523772288516593,0.06266372376972897,0.47034830108089287,20,1.0,r_inc_placebo
PT,N,0.3310410908777895,-0.07271932707611152,0.053193882395009266,0.17160592101865857,20,1.0,r_inc_placebo
PT,R,-0.08640418286863744,0.011513476248929877,0.05212429682496325,0.8251819631209489,20,1.0,r_inc_placebo
PT,S,0.2035075149277063,0.015842839048804024,0.1401069502647746,0.9099697049591362,20,1.0,r_inc_placebo
RO,A,-0.24631117871463556,0.02605710451849815,0.255005212443908,0.9186117109512885,20,1.0,r_inc_placebo
RO,F,0.1375064797529636,-0.0021142619310811172,0.20821055087373522,0.9918980668611428,20,1.0,r_inc_placebo
RO,G,0.1081110887426659,-0.1146286612670241,0.26448854808029576,0.6647260555702631,20,1.0,r_inc_placebo
RO,H,-0.09472678702403532,-0.24827907106733133,0.23813108817328724,0.2971265875513892,20,1.0,r_inc_placebo
RO,I,-0.27039368381370465,-0.47078957284214473,0.5364806105935711,0.38018694834379463,20,1.0,r_inc_placebo
RO,J,0.13427459477381565,0.2126788985027086,0.30504610697500456,0.48567609492756525,20,1.0,r_inc_placebo
RO,M,0.01629548297081113,-0.2971027164907679,0.28881594745591754,0.3036243297071036,20,1.0,r_inc_placebo
RO,N,-0.4079748216117864,0.025074331562682906,0.19111577600297094,0.8956173370563563,20,1.0,r_inc_placebo
RO,R,-0.33576508512372455,-0.10486448113148385,0.2393023392671829,0.6612346567628472,20,1.0,r_inc_placebo
RO,S,-0.24601527245825788,0.9239483890268314,0.9162100886197129,0.31324040437887035,20,1.0,r_inc_placebo
SE,A,-0.2193544731388502,-0.08435973118986129,0.06942363334934214,0.2243110664070147,25,1.0,r_inc_placebo
SE,C10-C12,-0.17583490481203498,-0.03029202331162453,0.11780921699274371,0.7970801271992022,25,1.0,r_inc_placebo
SE,C13-C15,-0.10636303468211243,2.232851995873735,0.9758993855369212,0.022137867122215046,25,1.0,r_inc_placebo
SE,C16-C18,-0.26163267165228804,-0.09049505850050789,0.0662482661802338,0.1719393097327725,25,1.0,r_inc_placebo
SE,C19,-0.3573048453563946,0.2856344788071905,0.40397196090054943,0.47952601700917974,25,1.0,r_inc_placebo
SE,C22-C23,-0.11460622277035715,-0.3313969030210237,0.15990557646277223,0.03822315016767921,25,1.0,r_inc_placebo
SE,C24-C25,-0.4312702159989627,-0.11171447856093507,0.0741867714509371,0.13210454656732507,25,1.0,r_inc_placebo
SE,C26,0.03725417180984745,0.013919588567548621,0.1444854834940102,0.9232513289540432,25,1.0,r_inc_placebo
SE,C27,-0.023786101255012754,0.04127387400427438,0.26101583077031737,0.8743560499206251,25,1.0,r_inc_placebo
SE,C28,-0.23327081709414987,-0.1858202633765848,0.06931601633997311,0.007345308885266912,25,1.0,r_inc_placebo
SE,C29-C30,-0.5553730355461662,-0.16008050444648417,0.0427170448623915,0.00017863285379127736,25,0.1018207266610281,r_inc_placebo
SE,C31-C33,-0.04835593859606711,-0.12606848853432423,0.16542131689324072,0.4459970653680351,25,1.0,r_inc_placebo
SE,F,-0.20920891078113335,-0.10946683349131509,0.06810475188046727,0.10798192375431136,25,1.0,r_inc_placebo
SE,G45,-0.011230241162028087,0.19880704167303445,0.14993647598525198,0.18485897414974828,25,1.0,r_inc_placebo
SE,G46,-0.3325086273040379,-0.15811565823645782,0.05892821433013083,0.00729233148631328,25,1.0,r_inc_placebo
SE,G47,-0.15509528617167434,-0.12142841621917293,0.0738804192216696,0.10026288502087917,25,1.0,r_inc_placebo
SE,H,-0.30618930275570977,-0.1479128155197917,0.06000825732962837,0.013706129816884537,25,1.0,r_inc_placebo
SE,H49,-0.2941291145218727,-0.10766298981998407,0.07168172856627437,0.13310779697600622,25,1.0,r_inc_placebo
SE,H50,0.010354550318295996,0.4450167220192065,0.5220962303622652,0.39401136047413154,17,1.0,r_inc_placebo
SE,H51,0.34908301935162456,0.6421967750082612,1.0693479533253878,0.5481398351314397,18,1.0,r_inc_placebo
SE,I,-0.17943142744475027,-0.005100444939102142,0.1285223458839954,0.9683440394218497,25,1.0,r_inc_placebo
SE,J58-J60,0.08036851304405464,-0.22866662360488899,0.09847957855790411,0.020234552925628684,23,1.0,r_inc_placebo
SE,J61,-0.2811628351698514,-0.1000824146471885,0.0688865730811826,0.14626316069929235,25,1.0,r_inc_placebo
SE,J62-J63,-0.32802419367940994,-0.2274143207415745,0.06697459923717682,0.0006849564363165664,25,0.3876853429551766,r_inc_placebo
SE,M,-0.3132142143731715,-0.14861992075704306,0.056668928134680774,0.008726170128496682,25,1.0,r_inc_placebo
SE,N,-0.34762994320397256,-0.11755355311901018,0.06207671814269152,0.05826725472323585,25,1.0,r_inc_placebo
SE,R,-0.18190813760275534,-0.14142098729038957,0.09202236273061391,0.12433957763504895,25,1.0,r_inc_placebo
SE,S,-0.11190884421736107,-0.4750124612158063,0.2001050132002452,0.017605326215728245,25,1.0,r_inc_placebo
SI,A,0.03783804594258411,0.014733051738483882,0.04348268894486007,0.7347410530010561,20,1.0,r_inc_placebo
SI,F,0.14999952207810746,0.06606723245342354,0.09365172949205729,0.4805261196074597,20,1.0,r_inc_placebo
SI,G,0.12453695528958854,-0.025892546068773573,0.052039841404592516,0.6187995868938092,20,1.0,r_inc_placebo
SI,H,-0.008808407445485457,-0.09048233187346223,0.05687154113773991,0.11161072365459289,20,1.0,r_inc_placebo
SI,I,0.3550353149403436,0.10049494303714662,0.19167595296904938,0.6000726510137111,20,1.0,r_inc_placebo
SI,J,0.16701200851934103,0.0396760625615667,0.06168444364472121,0.5200877237877422,20,1.0,r_inc_placebo
SI,M,0.32512139731705925,0.01682996459552781,0.08559692406246619,0.844125856577322,20,1.0,r_inc_placebo
SI,N,-0.012548872036481088,-0.33249842495765924,0.1906727707508134,0.08119099978120439,20,1.0,r_inc_placebo
SI,R,0.10870456721137674,-0.18700605052769959,0.12299883989809124,0.12841330415984079,20,1.0,r_inc_placebo
SI,S,0.2458281140631286,0.417645485638596,0.3962728130518687,0.291913025801425,20,1.0,r_inc_placebo
SK,A,0.20396969528983763,0.08314461013853598,0.6377001989035916,0.8962642282729114,20,1.0,r_inc_placebo
SK,C10-C12,0.2548203708778,0.3295671749351685,0.687723527015551,0.6317859480401701,20,1.0,r_inc_placebo
SK,C13-C15,-0.29767581520761144,-0.04447823983431608,1.088091028798657,0.9673937022615887,20,1.0,r_inc_placebo
SK,C16-C18,0.18369062165463432,0.3563242419189893,0.6931711693661522,0.6072174347084315,20,1.0,r_inc_placebo
SK,C19,0.21896960912997912,0.19072983817340106,0.7750764792951377,0.8056212854101548,18,1.0,r_inc_placebo
SK,C20,0.48147938356010006,1.0575998846310533,0.8385463120221481,0.2072259416109924,20,1.0,r_inc_placebo
SK,C21,-0.1101338807390524,-0.695675781072936,1.1513785392912539,0.5457032516384456,20,1.0,r_inc_placebo
SK,C22-C23,0.19813458412729987,0.08457888649560114,0.6558332735885651,0.897386129666103,20,1.0,r_inc_placebo
SK,C24-C25,0.16951705243417625,0.11453334701306138,0.6685902466351685,0.8639833672461918,20,1.0,r_inc_placebo
SK,C26,0.17744745618683208,-0.34496282583159216,0.889583665296364,0.6981787873595954,20,1.0,r_inc_placebo
SK,C27,0.23101431893121366,0.03683660237792005,0.6874129413869231,0.9572639764222051,20,1.0,r_inc_placebo
SK,C28,0.20054003853808286,-0.10507609013781877,0.6506755838924865,0.8717093143516288,20,1.0,r_inc_placebo
SK,C29-C30,0.18042857966598352,0.10248427613903173,0.6705426912843433,0.8785261802996984,20,1.0,r_inc_placebo
SK,C31-C33,0.08611471253771898,-0.15553572997361134,0.7531208309786517,0.8363834826641463,20,1.0,r_inc_placebo
SK,F,0.21564457428068157,0.08826759391132756,0.6299035154140062,0.8885582633800962,20,1.0,r_inc_placebo
SK,G45,0.14083920341199418,0.6239529522293848,0.7114732295474973,0.38049356245476473,20,1.0,r_inc_placebo
SK,G46,0.19577857720012684,0.06989598309943826,0.60864617077096,0.9085731716311114,20,1.0,r_inc_placebo
SK,G47,0.2664312508568429,0.06954699701518902,0.6970870574231156,0.9205284959436376,20,1.0,r_inc_placebo
SK,H49,0.1464883321362077,0.11779723472338158,0.6004537005499534,0.8444689847084841,20,1.0,r_inc_placebo
SK,H51,0.3027708177052491,10.05722404958062,17.91992872274066,0.5746399001178837,12,1.0,r_inc_placebo
SK,H52,0.1755681929572972,0.13297219587249337,0.6658967190168873,0.8417238807244163,20,1.0,r_inc_placebo
SK,H53,0.09429057042363537,0.41699308766335363,1.0340279251587128,0.6867491490679807,20,1.0,r_inc_placebo
SK,I,0.16039621516852767,0.3448520494991051,0.6947285870891721,0.6196236185288573,18,1.0,r_inc_placebo
SK,J58-J60,0.2717119412267636,0.6491436317747799,0.6941594327907354,0.3497106766698048,20,1.0,r_inc_placebo
SK,J61,0.1726084098547003,0.11013716704785197,0.651583226283563,0.8657729787586818,20,1.0,r_inc_placebo
SK,J62-J63,0.2581131356670068,0.4734701413561478,0.9243189919139133,0.6084853372064196,20,1.0,r_inc_placebo
SK,M,0.021179356787233886,0.0685477822267627,0.581877439579043,0.9062225619938955,20,1.0,r_inc_placebo
SK,N,0.14872612650041472,0.16623877792477035,0.638865319972942,0.7947022340791948,20,1.0,r_inc_placebo
SK,R,0.1406796669471186,0.21988321937377575,0.8667964461844768,0.7997478698785103,20,1.0,r_inc_placebo
SK,S,-0.3616723093705751,1.0471168080860447,0.5790912670398828,0.07057430961733278,20,1.0,r_inc_placebo
UK,A,-0.29149070704349833,-0.11562733334510045,0.0701844875496565,0.09946002719031635,22,1.0,r_inc_placebo
UK,C10-C12,-0.07074712457950047,0.03382970365900413,0.10718789043396014,0.752297600591957,22,1.0,r_inc_placebo
UK,C13-C15,-0.3249011054880978,0.05698510952200733,0.8867478862954707,0.9487607872225092,22,1.0,r_inc_placebo
UK,C16-C18,-0.16600435334422428,0.10590154072955725,0.14554092883327133,0.4668334020342648,22,1.0,r_inc_placebo
UK,C19,-0.4046329593472943,1.060780334440074,0.2677980124653185,7.459871184847371e-05,22,0.042670463177326964,r_inc_placebo
UK,C20,-0.2997555537471243,0.06928309738152627,0.12693615319449136,0.5851961391482964,22,1.0,r_inc_placebo
UK,C21,-0.1079752412137011,0.08631678705942576,0.12570850721744184,0.49230812283796566,22,1.0,r_inc_placebo
UK,C22-C23,-0.5163632646401591,-0.18331921364646264,0.10693069503979613,0.08646004280908265,22,1.0,r_inc_placebo
UK,C24-C25,0.0935935169832056,-0.02125945875230135,0.13270293328648744,0.8727208651262687,22,1.0,r_inc_placebo
UK,C26,-0.1740303051109346,-0.026158298562989415,0.08488635951300871,0.7579631152797534,22,1.0,r_inc_placebo
UK,C27,0.0025394257103769535,-0.1518586801833001,0.32991805725519047,0.6453065604797135,22,1.0,r_inc_placebo
UK,C28,-0.07062762160815438,0.017513142623344528,0.25980168938892984,0.9462555819518584,22,1.0,r_inc_placebo
UK,C29-C30,-0.26777584687653044,-0.03338163532645515,0.059196080629134465,0.5728110898757208,22,1.0,r_inc_placebo
UK,C31-C33,-0.45474026750964824,-0.12816556658457537,0.11627997911974579,0.2703681024059942,22,1.0,r_inc_placebo
UK,F,-0.31030197942172194,-0.06414542718032906,0.056548180382521795,0.25664777270422967,22,1.0,r_inc_placebo
UK,G,-0.3176372034402945,-0.05732289241741928,0.05759008286085246,0.31956097319376586,22,1.0,r_inc_placebo
UK,H,-0.3266295786568662,-0.05530254430445104,0.05116006457937967,0.2797100300000931,22,1.0,r_inc_placebo
UK,I,-0.114984043649766,-0.11569126321648743,0.06916061582420761,0.09436842585611026,22,1.0,r_inc_placebo
UK,J58-J60,-0.172977246321834,-0.084313674868504,0.06323968059333193,0.18245304041523203,22,1.0,r_inc_placebo
UK,J61,-0.23373496290941947,-0.07718720375371517,0.06587877802169662,0.24133557178392384,22,1.0,r_inc_placebo
UK,J62-J63,-0.1630158495655395,-0.002166248782498693,0.07843097061580157,0.9779653787903088,22,1.0,r_inc_placebo
UK,M,-0.24201060444094158,-0.057661521623937936,0.057640974636037165,0.3171380304386645,22,1.0,r_inc_placebo
UK,N,-0.09130211178258472,-0.04499571605546294,0.06055594153364227,0.4574551715567077,22,1.0,r_inc_placebo
UK,R,-0.06191725757536833,-0.13363021018954493,0.06584234011982987,0.0424024735233589,22,1.0,r_inc_placebo
UK,S,-0.460644516997787,-0.08163057082445552,0.06741257459713187,0.2259298420926905,22,1.0,r_inc_placebo
US,A,-0.4644507911933874,0.018864049658336473,0.06352256960210087,0.7664923917090056,23,1.0,r_inc_placebo
US,C10-C12,-0.12974397364058024,0.03099407147692771,0.08219804949614404,0.7061247225826229,23,1.0,r_inc_placebo
US,C13-C15,0.6615430689307217,1.2235674740578757,1.9150686068110143,0.5228777485848153,23,1.0,r_inc_placebo
US,C16-C18,0.1492601438416947,0.08243493948101022,0.17554983355263054,0.6386541043312072,23,1.0,r_inc_placebo
US,C19,-0.11645270196626127,-0.33274454909112733,0.2398912428375545,0.16542219455265295,23,1.0,r_inc_placebo
US,C20,0.137245154719242,-0.12881220677077884,0.05302184778336847,0.015123104813977802,23,1.0,r_inc_placebo
US,C22-C23,-0.1203861069160905,0.2551294835662803,0.21622837159555214,0.2380369951753668,23,1.0,r_inc_placebo
US,C24-C25,0.006475360697314971,0.25938416683956483,0.14004709239346333,0.06400844341790797,23,1.0,r_inc_placebo
US,C26,0.042788076431664185,-0.08776062164721019,0.0741134732252641,0.23635821731836726,23,1.0,r_inc_placebo
US,C27,0.014072213069260311,0.2851732486029921,0.29096064896619983,0.3270321509800098,23,1.0,r_inc_placebo
US,C28,-0.34100710480764596,0.01372380511268659,0.13958874610912644,0.9216813852301917,23,1.0,r_inc_placebo
US,C29-C30,0.01598324565800563,-0.07010697166919119,0.057561241987718795,0.22324127719229947,23,1.0,r_inc_placebo
US,C31-C33,-0.011479371887411265,-0.190206268513159,0.4307079130477214,0.6587691828956995,23,1.0,r_inc_placebo
US,F,0.021797028212626118,-0.033552067442103414,0.07664203854303737,0.6615484586581186,23,1.0,r_inc_placebo
US,G,-0.2244715229211034,-0.09799931015840004,0.0431356777815916,0.023093441934436666,23,1.0,r_inc_placebo
US,G46,0.2269035887372961,-0.04205323837138726,0.09354034724599679,0.6530181763773928,23,1.0,r_inc_placebo
US,G47,-0.2283312179857825,-0.09077131066239429,0.03733181543931359,0.015037558623271522,23,1.0,r_inc_placebo
US,H,0.5999873419538222,-0.21309002733305815,0.19561690674286442,0.2760114023619785,23,1.0,r_inc_placebo
US,H49,-0.041415165668619254,-0.05642666981473675,0.057376636343373796,0.32538929775638836,23,1.0,r_inc_placebo
US,H50,0.3076612613225644,-0.050669642559294646,0.5711190522530563,0.9293044928356144,23,1.0,r_inc_placebo
US,H51,-0.030610837328554418,0.15526618545556525,0.13171230691126645,0.23846658133726628,23,1.0,r_inc_placebo
US,H52,-0.2434078267027917,0.7613453606753949,0.2393156631199653,0.0014659363570060186,23,0.8223902962803764,r_inc_placebo
US,I,0.15494329736743828,-0.0880049579165811,0.10219481907760555,0.38915602966399887,23,1.0,r_inc_placebo
US,J,-0.00606083432496834,-0.17455790180103442,0.05349207014109635,0.0011014301058128993,23,0.6201051495726623,r_inc_placebo
US,J58-J60,0.15980347478989845,-0.15183656614731128,0.06723247446804488,0.023921894722965315,23,1.0,r_inc_placebo
US,J62-J63,-0.05720184604863552,-0.1274713761341098,0.05690839640111657,0.025094838104559064,23,1.0,r_inc_placebo
US,M,0.1487593058435844,-0.12330399736529804,0.07286000832895595,0.09058092760338209,23,1.0,r_inc_placebo
US,N,0.05191444938860808,-0.15510409654453503,0.061609427462880256,0.01181781024190864,23,1.0,r_inc_placebo
US,R,0.03164063268418062,0.018250233399451726,0.1379845756759561,0.8947763896373899,23,1.0,r_inc_placebo
US,S,-0.049272253543517455,-0.13629261792875505,0.0751249896530581,0.06964517493011302,23,1.0,r_inc_placebo
