country,year,kind,mask,metric,labour,share_better,p05,median,sdist
AUS,2000,perm,orig,mawd,,0.0,,,
AUS,2000,perm,orig,d,,0.0,,,
AUS,2000,perm,clean,mawd,,0.0,,,
AUS,2000,perm,clean,d,,0.0,,,
AUS,2000,lnorm,orig,mawd,,0.0,0.23123797489793754,0.3112154957648592,
AUS,2000,lnorm,orig,d,,0.0,0.4313359633598357,0.682104771596383,
AUS,2000,lnorm,clean,mawd,,0.0,0.23049987453134205,0.3121809760346966,
AUS,2000,lnorm,clean,d,,0.0,0.4392976452458814,0.6882578294350565,
AUS,2000,perm,corr,mawd,,0.0,,,
AUS,2000,perm,corr,d,,0.0,,,
AUS,2000,lnorm,corr,mawd,,0.0,0.23123797489793754,0.3112154957648592,
AUS,2000,lnorm,corr,d,,0.0,0.4313359633598357,0.682104771596383,
AUS,2001,perm,orig,mawd,,0.0,,,
AUS,2001,perm,orig,d,,0.0,,,
AUS,2001,perm,clean,mawd,,0.0,,,
AUS,2001,perm,clean,d,,0.0,,,
AUS,2001,lnorm,orig,mawd,,0.0,0.23029182202612855,0.3094488839522189,
AUS,2001,lnorm,orig,d,,0.0,0.4296906969382426,0.6816366171571747,
AUS,2001,lnorm,clean,mawd,,0.0,0.23051348403022526,0.3108487871737835,
AUS,2001,lnorm,clean,d,,0.0,0.4403484160181535,0.686887151077529,
AUS,2001,perm,corr,mawd,,0.0,,,
AUS,2001,perm,corr,d,,0.0,,,
AUS,2001,lnorm,corr,mawd,,0.0,0.23029182202612855,0.3094488839522189,
AUS,2001,lnorm,corr,d,,0.0,0.4296906969382426,0.6816366171571747,
AUS,2002,perm,orig,mawd,,0.0,,,
AUS,2002,perm,orig,d,,0.0,,,
AUS,2002,perm,clean,mawd,,0.0,,,
AUS,2002,perm,clean,d,,0.0,,,
AUS,2002,lnorm,orig,mawd,,0.0,0.23113967806287875,0.3104102811671964,
AUS,2002,lnorm,orig,d,,0.0,0.43638199383093923,0.6920899514275322,
AUS,2002,lnorm,clean,mawd,,0.0,0.2299892538495322,0.31245648436934864,
AUS,2002,lnorm,clean,d,,0.0,0.44543250869458534,0.6976998247872237,
AUS,2002,perm,corr,mawd,,0.0,,,
AUS,2002,perm,corr,d,,0.0,,,
AUS,2002,lnorm,corr,mawd,,0.0,0.23113967806287875,0.3104102811671964,
AUS,2002,lnorm,corr,d,,0.0,0.43638199383093923,0.6920899514275322,
AUS,2003,perm,orig,mawd,,0.0,,,
AUS,2003,perm,orig,d,,0.0,,,
AUS,2003,perm,clean,mawd,,0.0,,,
AUS,2003,perm,clean,d,,0.0,,,
AUS,2003,lnorm,orig,mawd,,0.0,0.22929045624588323,0.30973364122003183,
AUS,2003,lnorm,orig,d,,0.0,0.436015444892357,0.6848015908928071,
AUS,2003,lnorm,clean,mawd,,0.0,0.2302420810694758,0.31152049555787653,
AUS,2003,lnorm,clean,d,,0.0,0.44449449725039636,0.6933401207726844,
AUS,2003,perm,corr,mawd,,0.0,,,
AUS,2003,perm,corr,d,,0.0,,,
AUS,2003,lnorm,corr,mawd,,0.0,0.22929045624588323,0.30973364122003183,
AUS,2003,lnorm,corr,d,,0.0,0.436015444892357,0.6848015908928071,
AUS,2004,perm,orig,mawd,,0.0,,,
AUS,2004,perm,orig,d,,0.0,,,
AUS,2004,perm,clean,mawd,,0.0,,,
AUS,2004,perm,clean,d,,0.0,,,
AUS,2004,lnorm,orig,mawd,,0.0,0.2287411790211596,0.3052506031169137,
AUS,2004,lnorm,orig,d,,0.0,0.4327076756371336,0.6745271916365003,
AUS,2004,lnorm,clean,mawd,,0.0,0.22668399050315763,0.3067705777932252,
AUS,2004,lnorm,clean,d,,0.0,0.4413337909635225,0.6817454264562902,
AUS,2004,perm,corr,mawd,,0.0,,,
AUS,2004,perm,corr,d,,0.0,,,
AUS,2004,lnorm,corr,mawd,,0.0,0.2287411790211596,0.3052506031169137,
AUS,2004,lnorm,corr,d,,0.0,0.4327076756371336,0.6745271916365003,
AUS,2005,perm,orig,mawd,,0.0,,,
AUS,2005,perm,orig,d,,0.0,,,
AUS,2005,perm,clean,mawd,,0.0,,,
AUS,2005,perm,clean,d,,0.0,,,
AUS,2005,lnorm,orig,mawd,,0.0,0.23040395357721805,0.3103766768630848,
AUS,2005,lnorm,orig,d,,0.0,0.43412076714103687,0.6776732125015861,
AUS,2005,lnorm,clean,mawd,,0.0,0.2299631606626066,0.3112379795306177,
AUS,2005,lnorm,clean,d,,0.0,0.44518809919057245,0.6882378807981387,
AUS,2005,perm,corr,mawd,,0.0,,,
AUS,2005,perm,corr,d,,0.0,,,
AUS,2005,lnorm,corr,mawd,,0.0,0.23040395357721805,0.3103766768630848,
AUS,2005,lnorm,corr,d,,0.0,0.43412076714103687,0.6776732125015861,
AUS,2006,perm,orig,mawd,,0.0,,,
AUS,2006,perm,orig,d,,0.0,,,
AUS,2006,perm,clean,mawd,,0.0,,,
AUS,2006,perm,clean,d,,0.0,,,
AUS,2006,lnorm,orig,mawd,,0.0,0.23893687993831902,0.3222189053547597,
AUS,2006,lnorm,orig,d,,0.0,0.44170816434004123,0.6996357260296409,
AUS,2006,lnorm,clean,mawd,,0.0,0.23986587080836008,0.3237216148907116,
AUS,2006,lnorm,clean,d,,0.0,0.4548076712628125,0.7081159479630741,
AUS,2006,perm,corr,mawd,,0.0,,,
AUS,2006,perm,corr,d,,0.0,,,
AUS,2006,lnorm,corr,mawd,,0.0,0.23893687993831902,0.3222189053547597,
AUS,2006,lnorm,corr,d,,0.0,0.44170816434004123,0.6996357260296409,
AUS,2007,perm,orig,mawd,,0.0,,,
AUS,2007,perm,orig,d,,0.0,,,
AUS,2007,perm,clean,mawd,,0.0,,,
AUS,2007,perm,clean,d,,0.0,,,
AUS,2007,lnorm,orig,mawd,,0.0,0.23166438050146557,0.314174751125496,
AUS,2007,lnorm,orig,d,,0.0,0.4363714889781497,0.6831026904470705,
AUS,2007,lnorm,clean,mawd,,0.0,0.2319627573886709,0.31558471966422097,
AUS,2007,lnorm,clean,d,,0.0,0.44395163065463583,0.688788773990122,
AUS,2007,perm,corr,mawd,,0.0,,,
AUS,2007,perm,corr,d,,0.0,,,
AUS,2007,lnorm,corr,mawd,,0.0,0.23166438050146557,0.314174751125496,
AUS,2007,lnorm,corr,d,,0.0,0.4363714889781497,0.6831026904470705,
AUS,2008,perm,orig,mawd,,0.0,,,
AUS,2008,perm,orig,d,,0.0,,,
AUS,2008,perm,clean,mawd,,0.0,,,
AUS,2008,perm,clean,d,,0.0,,,
AUS,2008,lnorm,orig,mawd,,0.0,0.23540525561649808,0.31884553168042296,
AUS,2008,lnorm,orig,d,,0.0,0.4390317292304527,0.7043233596521379,
AUS,2008,lnorm,clean,mawd,,0.0,0.23525959890098055,0.3211462271931732,
AUS,2008,lnorm,clean,d,,0.0,0.44357992932187806,0.7119546253314633,
AUS,2008,perm,corr,mawd,,0.0,,,
AUS,2008,perm,corr,d,,0.0,,,
AUS,2008,lnorm,corr,mawd,,0.0,0.23540525561649808,0.31884553168042296,
AUS,2008,lnorm,corr,d,,0.0,0.4390317292304527,0.7043233596521379,
AUS,2009,perm,orig,mawd,,0.0,,,
AUS,2009,perm,orig,d,,0.0,,,
AUS,2009,perm,clean,mawd,,0.0,,,
AUS,2009,perm,clean,d,,0.0,,,
AUS,2009,lnorm,orig,mawd,,0.0,0.23629674973925474,0.31967598700420113,
AUS,2009,lnorm,orig,d,,0.0,0.44100315307069343,0.7155653211736503,
AUS,2009,lnorm,clean,mawd,,0.0,0.23636470668394247,0.32006229277677084,
AUS,2009,lnorm,clean,d,,0.0,0.4431247536592298,0.7233197221959649,
AUS,2009,perm,corr,mawd,,0.0,,,
AUS,2009,perm,corr,d,,0.0,,,
AUS,2009,lnorm,corr,mawd,,0.0,0.23629674973925474,0.31967598700420113,
AUS,2009,lnorm,corr,d,,0.0,0.44100315307069343,0.7155653211736503,
AUS,2010,perm,orig,mawd,,0.0,,,
AUS,2010,perm,orig,d,,0.0,,,
AUS,2010,perm,clean,mawd,,0.0,,,
AUS,2010,perm,clean,d,,0.0,,,
AUS,2010,lnorm,orig,mawd,,0.0,0.21418155127557803,0.2933264291763644,
AUS,2010,lnorm,orig,d,,0.0,0.41239791925552993,0.6570776412394568,
AUS,2010,lnorm,clean,mawd,,0.0,0.21472377043992666,0.29450732671213675,
AUS,2010,lnorm,clean,d,,0.0,0.4264631594433571,0.6678738139265099,
AUS,2010,perm,corr,mawd,,0.0,,,
AUS,2010,perm,corr,d,,0.0,,,
AUS,2010,lnorm,corr,mawd,,0.0,0.21418155127557803,0.2933264291763644,
AUS,2010,lnorm,corr,d,,0.0,0.41239791925552993,0.6570776412394568,
AUS,2011,perm,orig,mawd,,0.0,,,
AUS,2011,perm,orig,d,,0.0,,,
AUS,2011,perm,clean,mawd,,0.0,,,
AUS,2011,perm,clean,d,,0.0,,,
AUS,2011,lnorm,orig,mawd,,0.0,0.20541995673453942,0.2816800211618681,
AUS,2011,lnorm,orig,d,,0.0,0.4038332979180757,0.6382468339495778,
AUS,2011,lnorm,clean,mawd,,0.0,0.20460679897642808,0.28254542994147896,
AUS,2011,lnorm,clean,d,,0.0,0.41604049871982474,0.6512536607748503,
AUS,2011,perm,corr,mawd,,0.0,,,
AUS,2011,perm,corr,d,,0.0,,,
AUS,2011,lnorm,corr,mawd,,0.0,0.20541995673453942,0.2816800211618681,
AUS,2011,lnorm,corr,d,,0.0,0.4038332979180757,0.6382468339495778,
AUS,2012,perm,orig,mawd,,0.0,,,
AUS,2012,perm,orig,d,,0.0,,,
AUS,2012,perm,clean,mawd,,0.0,,,
AUS,2012,perm,clean,d,,0.0,,,
AUS,2012,lnorm,orig,mawd,,0.0,0.20968364545015342,0.29192803831486813,
AUS,2012,lnorm,orig,d,,0.0,0.40979026256118967,0.6486541003612006,
AUS,2012,lnorm,clean,mawd,,0.0,0.20922401324046658,0.2920975078439114,
AUS,2012,lnorm,clean,d,,0.0,0.4174480438126382,0.6588421882137434,
AUS,2012,perm,corr,mawd,,0.0,,,
AUS,2012,perm,corr,d,,0.0,,,
AUS,2012,lnorm,corr,mawd,,0.0,0.20968364545015342,0.29192803831486813,
AUS,2012,lnorm,corr,d,,0.0,0.40979026256118967,0.6486541003612006,
AUS,2013,perm,orig,mawd,,0.0,,,
AUS,2013,perm,orig,d,,0.0,,,
AUS,2013,perm,clean,mawd,,0.0,,,
AUS,2013,perm,clean,d,,0.0,,,
AUS,2013,lnorm,orig,mawd,,0.0,0.2163064486012116,0.2994150165696056,
AUS,2013,lnorm,orig,d,,0.0,0.42181579384671214,0.6767150278567478,
AUS,2013,lnorm,clean,mawd,,0.0,0.21673641078999153,0.3001499803973829,
AUS,2013,lnorm,clean,d,,0.0,0.4368654017378143,0.6896225102364693,
AUS,2013,perm,corr,mawd,,0.0,,,
AUS,2013,perm,corr,d,,0.0,,,
AUS,2013,lnorm,corr,mawd,,0.0,0.2163064486012116,0.2994150165696056,
AUS,2013,lnorm,corr,d,,0.0,0.42181579384671214,0.6767150278567478,
AUS,2014,perm,orig,mawd,,0.0,,,
AUS,2014,perm,orig,d,,0.0,,,
AUS,2014,perm,clean,mawd,,0.0,,,
AUS,2014,perm,clean,d,,0.0,,,
AUS,2014,lnorm,orig,mawd,,0.0,0.20990690440028,0.2925030647837479,
AUS,2014,lnorm,orig,d,,0.0,0.4155767050445971,0.6610722178565798,
AUS,2014,lnorm,clean,mawd,,0.0,0.20955011617720154,0.29300204589228873,
AUS,2014,lnorm,clean,d,,0.0,0.43267262415607116,0.6757908554020136,
AUS,2014,perm,corr,mawd,,0.0,,,
AUS,2014,perm,corr,d,,0.0,,,
AUS,2014,lnorm,corr,mawd,,0.0,0.20990690440028,0.2925030647837479,
AUS,2014,lnorm,corr,d,,0.0,0.4155767050445971,0.6610722178565798,
AUT,2000,perm,orig,mawd,0.18249979247271336,0.0,0.2431254393350409,0.30276380410678344,-3.274577569509967
AUT,2000,perm,orig,d,0.21578662434996942,0.0,0.2695040611166536,0.3150066173846685,-2.755976969968291
AUT,2000,perm,clean,mawd,0.17992073132771516,0.0,0.24436690918444942,0.30412877909570457,-3.332509378635445
AUT,2000,perm,clean,d,0.2010827916947491,0.0,0.26577721668531135,0.31110860758129,-2.9256030831474726
AUT,2000,lnorm,orig,mawd,0.18249979247271336,0.0,0.2583588289316945,0.32988767143444186,-3.041267626695619
AUT,2000,lnorm,orig,d,0.21578662434996942,0.0,0.2791428290865586,0.3318022580066662,-3.4014614163976815
AUT,2000,lnorm,clean,mawd,0.17992073132771516,0.0,0.25849271321089057,0.3309981036234562,-3.0668976907398906
AUT,2000,lnorm,clean,d,0.2010827916947491,0.0,0.27113430384646303,0.3282139361804306,-3.560755750192262
AUT,2000,perm,corr,mawd,0.18249979247271336,0.0,0.2431254393350409,0.30276380410678344,-3.274577569509967
AUT,2000,perm,corr,d,0.21578662434996942,0.0,0.2695040611166536,0.3150066173846685,-2.755976969968291
AUT,2000,lnorm,corr,mawd,0.18249979247271336,0.0,0.2583588289316945,0.32988767143444186,-3.041267626695619
AUT,2000,lnorm,corr,d,0.21578662434996942,0.0,0.2791428290865586,0.3318022580066662,-3.4014614163976815
AUT,2001,perm,orig,mawd,0.1826231926483716,0.0,0.24315752216333564,0.30216680090389847,-3.270122770974453
AUT,2001,perm,orig,d,0.2131816970095522,0.0,0.26830807727016365,0.3134631009396641,-2.8244983408419917
AUT,2001,perm,clean,mawd,0.18111028698797593,0.0,0.24348571043850947,0.3028511470082218,-3.30306404530207
AUT,2001,perm,clean,d,0.20204805124336825,0.0,0.2630351603992367,0.3111908376134044,-2.9136767056958646
AUT,2001,lnorm,orig,mawd,0.1826231926483716,0.0,0.2578352164301495,0.32839855060201323,-3.03984776849567
AUT,2001,lnorm,orig,d,0.2131816970095522,0.0,0.2761342619859099,0.3291185469613203,-3.404618427971933
AUT,2001,lnorm,clean,mawd,0.18111028698797593,0.0,0.25802382546860936,0.3288889235174807,-3.044597710774178
AUT,2001,lnorm,clean,d,0.20204805124336825,0.0,0.2689282948834852,0.32673991649850265,-3.4752142000463975
AUT,2001,perm,corr,mawd,0.1826231926483716,0.0,0.24315752216333564,0.30216680090389847,-3.270122770974453
AUT,2001,perm,corr,d,0.2131816970095522,0.0,0.26830807727016365,0.3134631009396641,-2.8244983408419917
AUT,2001,lnorm,corr,mawd,0.1826231926483716,0.0,0.2578352164301495,0.32839855060201323,-3.03984776849567
AUT,2001,lnorm,corr,d,0.2131816970095522,0.0,0.2761342619859099,0.3291185469613203,-3.404618427971933
AUT,2002,perm,orig,mawd,0.17974437076169725,0.0,0.24939762000054866,0.30863681292600587,-3.4557907718789203
AUT,2002,perm,orig,d,0.21073428332632121,0.0,0.2756048827575964,0.32063770470505937,-3.2414657396239615
AUT,2002,perm,clean,mawd,0.17820208435934382,0.0,0.24987853181219527,0.3102328655835984,-3.472723995386743
AUT,2002,perm,clean,d,0.1971190320300137,0.0,0.270007007614375,0.3175098029847522,-3.3618233893760405
AUT,2002,lnorm,orig,mawd,0.17974437076169725,0.0,0.2619244508575551,0.3357280599843282,-3.1651702103113055
AUT,2002,lnorm,orig,d,0.21073428332632121,0.0,0.2810683462224824,0.3343009631274948,-3.7149637506762727
AUT,2002,lnorm,clean,mawd,0.17820208435934382,0.0,0.2633147843649364,0.33668612636911316,-3.162033901240988
AUT,2002,lnorm,clean,d,0.1971190320300137,0.0,0.2735435639775911,0.33186039437671033,-3.8200130947851516
AUT,2002,perm,corr,mawd,0.17974437076169725,0.0,0.24939762000054866,0.30863681292600587,-3.4557907718789203
AUT,2002,perm,corr,d,0.21073428332632121,0.0,0.2756048827575964,0.32063770470505937,-3.2414657396239615
AUT,2002,lnorm,corr,mawd,0.17974437076169725,0.0,0.2619244508575551,0.3357280599843282,-3.1651702103113055
AUT,2002,lnorm,corr,d,0.21073428332632121,0.0,0.2810683462224824,0.3343009631274948,-3.7149637506762727
AUT,2003,perm,orig,mawd,0.1784571155565381,0.0,0.24564726586189445,0.30542442283709365,-3.4237001062428147
AUT,2003,perm,orig,d,0.2115512043977173,0.0,0.27108287682801907,0.3156910961725493,-3.1473035050937215
AUT,2003,perm,clean,mawd,0.17703854049557932,0.0,0.2458631532082714,0.30745914466264157,-3.4383594119458096
AUT,2003,perm,clean,d,0.1968887714291579,0.0,0.2633440193290578,0.31209227435834946,-3.2803494957295904
AUT,2003,lnorm,orig,mawd,0.1784571155565381,0.0,0.25898431901959396,0.3311061927891247,-3.148347811937852
AUT,2003,lnorm,orig,d,0.2115512043977173,0.0,0.27855615404427686,0.32980289131094576,-3.5903530798481
AUT,2003,lnorm,clean,mawd,0.17703854049557932,0.0,0.2602781981616863,0.3326380969322841,-3.145015638680626
AUT,2003,lnorm,clean,d,0.1968887714291579,0.0,0.2706957806260501,0.3264219904843678,-3.7068924468761426
AUT,2003,perm,corr,mawd,0.1784571155565381,0.0,0.24564726586189445,0.30542442283709365,-3.4237001062428147
AUT,2003,perm,corr,d,0.2115512043977173,0.0,0.27108287682801907,0.3156910961725493,-3.1473035050937215
AUT,2003,lnorm,corr,mawd,0.1784571155565381,0.0,0.25898431901959396,0.3311061927891247,-3.148347811937852
AUT,2003,lnorm,corr,d,0.2115512043977173,0.0,0.27855615404427686,0.32980289131094576,-3.5903530798481
AUT,2004,perm,orig,mawd,0.1756031991462948,0.0,0.24673920579380015,0.30522268725444424,-3.4840493147516827
AUT,2004,perm,orig,d,0.21212584724750638,0.0,0.2722674663951088,0.3168194295073046,-3.126293217561687
AUT,2004,perm,clean,mawd,0.17374401281757695,0.0,0.24698273982038763,0.3064498232183126,-3.5036280130608732
AUT,2004,perm,clean,d,0.19309424134979392,0.0,0.264154317380991,0.3113677414408753,-3.332530402875027
AUT,2004,lnorm,orig,mawd,0.1756031991462948,0.0,0.262685759518375,0.33375362184262686,-3.201370959523858
AUT,2004,lnorm,orig,d,0.21212584724750638,0.0,0.2802147203731855,0.33256592064321794,-3.661231318784449
AUT,2004,lnorm,clean,mawd,0.17374401281757695,0.0,0.2618785374607563,0.3354568422226225,-3.2001009902761206
AUT,2004,lnorm,clean,d,0.19309424134979392,0.0,0.27073830658784603,0.3290321036598145,-3.8612725896040176
AUT,2004,perm,corr,mawd,0.1756031991462948,0.0,0.24673920579380015,0.30522268725444424,-3.4840493147516827
AUT,2004,perm,corr,d,0.21212584724750638,0.0,0.2722674663951088,0.3168194295073046,-3.126293217561687
AUT,2004,lnorm,corr,mawd,0.1756031991462948,0.0,0.262685759518375,0.33375362184262686,-3.201370959523858
AUT,2004,lnorm,corr,d,0.21212584724750638,0.0,0.2802147203731855,0.33256592064321794,-3.661231318784449
AUT,2005,perm,orig,mawd,0.16968752504396395,0.0,0.23835522335462497,0.2985946323920741,-3.4857574751973384
AUT,2005,perm,orig,d,0.21148860449529877,0.0,0.26950600003909264,0.31419778266155085,-3.140513210599396
AUT,2005,perm,clean,mawd,0.16820297895764008,0.0,0.23888544733755737,0.3001328221134702,-3.4903189602923064
AUT,2005,perm,clean,d,0.19646030228021885,0.0,0.2620099201081257,0.30959039111228925,-3.2543887953775963
AUT,2005,lnorm,orig,mawd,0.16968752504396395,0.0,0.26242216763130094,0.3353044962048197,-3.3303929175931812
AUT,2005,lnorm,orig,d,0.21148860449529877,0.0,0.2819850818502851,0.3334104305332507,-3.7804550406655353
AUT,2005,lnorm,clean,mawd,0.16820297895764008,0.0,0.26260671493511095,0.3363136517017683,-3.315705602111736
AUT,2005,lnorm,clean,d,0.19646030228021885,0.0,0.273296053406058,0.3291217649702558,-3.8886656307938896
AUT,2005,perm,corr,mawd,0.16968752504396395,0.0,0.23835522335462497,0.2985946323920741,-3.4857574751973384
AUT,2005,perm,corr,d,0.21148860449529877,0.0,0.26950600003909264,0.31419778266155085,-3.140513210599396
AUT,2005,lnorm,corr,mawd,0.16968752504396395,0.0,0.26242216763130094,0.3353044962048197,-3.3303929175931812
AUT,2005,lnorm,corr,d,0.21148860449529877,0.0,0.2819850818502851,0.3334104305332507,-3.7804550406655353
AUT,2006,perm,orig,mawd,0.1740273543094812,0.0,0.24100247080951168,0.30306524297312165,-3.3683523060270293
AUT,2006,perm,orig,d,0.2092182364210981,0.0,0.26727870953500804,0.3140873161328947,-3.2224408324725116
AUT,2006,perm,clean,mawd,0.1731481184863926,0.0,0.24011493142985055,0.30370013123320655,-3.351352879632907
AUT,2006,perm,clean,d,0.19555659247010868,0.0,0.26011485917033766,0.3090246715905678,-3.311132851548495
AUT,2006,lnorm,orig,mawd,0.1740273543094812,0.0,0.2651001661589845,0.33723925567413054,-3.2284963786147176
AUT,2006,lnorm,orig,d,0.2092182364210981,0.0,0.28166880048490106,0.3325231479731295,-3.8291855782238047
AUT,2006,lnorm,clean,mawd,0.1731481184863926,0.0,0.2646180294782557,0.3380470926087376,-3.198277534997671
AUT,2006,lnorm,clean,d,0.19555659247010868,0.0,0.27338633391451433,0.3285974229469929,-3.908335676583009
AUT,2006,perm,corr,mawd,0.1740273543094812,0.0,0.24100247080951168,0.30306524297312165,-3.3683523060270293
AUT,2006,perm,corr,d,0.2092182364210981,0.0,0.26727870953500804,0.3140873161328947,-3.2224408324725116
AUT,2006,lnorm,corr,mawd,0.1740273543094812,0.0,0.2651001661589845,0.33723925567413054,-3.2284963786147176
AUT,2006,lnorm,corr,d,0.2092182364210981,0.0,0.28166880048490106,0.3325231479731295,-3.8291855782238047
AUT,2007,perm,orig,mawd,0.17629014608307425,0.0,0.24509718539920447,0.3047781961873752,-3.446712841533907
AUT,2007,perm,orig,d,0.20873844385041782,0.0,0.26880192237368217,0.31421732716539974,-3.2568059514652816
AUT,2007,perm,clean,mawd,0.17618912733979272,0.0,0.2436356125769552,0.3066213158348106,-3.418276895442056
AUT,2007,perm,clean,d,0.19904705519294727,0.0,0.2617235073784817,0.3100760075706682,-3.2695126482742154
AUT,2007,lnorm,orig,mawd,0.17629014608307425,0.0,0.2671393636139051,0.3373312397012016,-3.199736250719177
AUT,2007,lnorm,orig,d,0.20873844385041782,0.0,0.2801048882413939,0.3327077340607639,-3.7909850288866758
AUT,2007,lnorm,clean,mawd,0.17618912733979272,0.0,0.266353634426472,0.3393997669158912,-3.158908215835207
AUT,2007,lnorm,clean,d,0.19904705519294727,0.0,0.27366857697541047,0.32895846351206515,-3.789430385095179
AUT,2007,perm,corr,mawd,0.17629014608307425,0.0,0.24509718539920447,0.3047781961873752,-3.446712841533907
AUT,2007,perm,corr,d,0.20873844385041782,0.0,0.26880192237368217,0.31421732716539974,-3.2568059514652816
AUT,2007,lnorm,corr,mawd,0.17629014608307425,0.0,0.2671393636139051,0.3373312397012016,-3.199736250719177
AUT,2007,lnorm,corr,d,0.20873844385041782,0.0,0.2801048882413939,0.3327077340607639,-3.7909850288866758
AUT,2008,perm,orig,mawd,0.1689384892656706,0.0,0.24913195817325903,0.31161646258214537,-3.6436905628630964
AUT,2008,perm,orig,d,0.20739747668336758,0.0,0.27056295058488244,0.31853953287734993,-3.4379065050246136
AUT,2008,perm,clean,mawd,0.1683063098330603,0.0,0.24862368282472536,0.3119867967962223,-3.6159227265008975
AUT,2008,perm,clean,d,0.19096818465346824,0.0,0.2631479490020321,0.312727064669089,-3.5972574435164906
AUT,2008,lnorm,orig,mawd,0.1689384892656706,0.0,0.270006028360973,0.3424550365274036,-3.3481933711007867
AUT,2008,lnorm,orig,d,0.20739747668336758,0.0,0.28471427773854857,0.3369125467316132,-3.9590846770947032
AUT,2008,lnorm,clean,mawd,0.1683063098330603,0.0,0.2686218559080436,0.3436498044284954,-3.3091620665034402
AUT,2008,lnorm,clean,d,0.19096818465346824,0.0,0.2753061240187492,0.3319347252150985,-4.100095776157008
AUT,2008,perm,corr,mawd,0.1689384892656706,0.0,0.24913195817325903,0.31161646258214537,-3.6436905628630964
AUT,2008,perm,corr,d,0.20739747668336758,0.0,0.27056295058488244,0.31853953287734993,-3.4379065050246136
AUT,2008,lnorm,corr,mawd,0.1689384892656706,0.0,0.270006028360973,0.3424550365274036,-3.3481933711007867
AUT,2008,lnorm,corr,d,0.20739747668336758,0.0,0.28471427773854857,0.3369125467316132,-3.9590846770947032
AUT,2009,perm,orig,mawd,0.16488977639897545,0.0,0.24737899333396898,0.310204447948483,-3.6388673266017317
AUT,2009,perm,orig,d,0.20472026191806653,0.0,0.26824673993404835,0.3137959307118743,-3.3974408227924124
AUT,2009,perm,clean,mawd,0.16429768376811435,0.0,0.2478997500567381,0.31110311125959206,-3.6190328776212457
AUT,2009,perm,clean,d,0.1946534752174555,0.0,0.2605390258921449,0.3098313363498377,-3.424695794015018
AUT,2009,lnorm,orig,mawd,0.16488977639897545,0.0,0.26743262016260444,0.3378790442534332,-3.4027255625084236
AUT,2009,lnorm,orig,d,0.20472026191806653,0.0,0.27894553574253006,0.3302523964064319,-3.8968568056267676
AUT,2009,lnorm,clean,mawd,0.16429768376811435,0.0,0.266537279967002,0.3402105707721078,-3.3749657766190824
AUT,2009,lnorm,clean,d,0.1946534752174555,0.0,0.27224278054731604,0.3267730140258231,-3.9173428260395746
AUT,2009,perm,corr,mawd,0.16488977639897545,0.0,0.24737899333396898,0.310204447948483,-3.6388673266017317
AUT,2009,perm,corr,d,0.20472026191806653,0.0,0.26824673993404835,0.3137959307118743,-3.3974408227924124
AUT,2009,lnorm,corr,mawd,0.16488977639897545,0.0,0.26743262016260444,0.3378790442534332,-3.4027255625084236
AUT,2009,lnorm,corr,d,0.20472026191806653,0.0,0.27894553574253006,0.3302523964064319,-3.8968568056267676
AUT,2010,perm,orig,mawd,0.15224280363242615,0.0,0.24520561726142595,0.3108050644960939,-4.031996787362123
AUT,2010,perm,orig,d,0.19243683175140588,0.0,0.26623252538995973,0.31611509766288026,-3.754855653034975
AUT,2010,perm,clean,mawd,0.15151280865228098,0.0,0.2458913201518925,0.31178085277363266,-3.998563059769839
AUT,2010,perm,clean,d,0.18297240064598105,0.0,0.26185272039727653,0.3132052125735176,-3.7699330964334816
AUT,2010,lnorm,orig,mawd,0.15224280363242615,0.0,0.27254000821655533,0.3459425544497503,-3.7566271336707056
AUT,2010,lnorm,orig,d,0.19243683175140588,0.0,0.2829044416367596,0.33574210877600075,-4.350076602172964
AUT,2010,lnorm,clean,mawd,0.15151280865228098,0.0,0.26917933673124506,0.34720952604581207,-3.7179515375281333
AUT,2010,lnorm,clean,d,0.18297240064598105,0.0,0.2761716726989017,0.33318309201496826,-4.353515941931848
AUT,2010,perm,corr,mawd,0.15224280363242615,0.0,0.24520561726142595,0.3108050644960939,-4.031996787362123
AUT,2010,perm,corr,d,0.19243683175140588,0.0,0.26623252538995973,0.31611509766288026,-3.754855653034975
AUT,2010,lnorm,corr,mawd,0.15224280363242615,0.0,0.27254000821655533,0.3459425544497503,-3.7566271336707056
AUT,2010,lnorm,corr,d,0.19243683175140588,0.0,0.2829044416367596,0.33574210877600075,-4.350076602172964
AUT,2011,perm,orig,mawd,0.15043408253012036,0.0,0.24554037798838935,0.30956233707962877,-4.1547865657012
AUT,2011,perm,orig,d,0.1947745076982944,0.0,0.26902962625796345,0.31736510464228707,-3.7502866249860993
AUT,2011,perm,clean,mawd,0.1491044855759675,0.0,0.24562683799150364,0.30991382716509175,-4.119038452982798
AUT,2011,perm,clean,d,0.17763888535838393,0.0,0.26294945801274044,0.31356285947350804,-3.949616963746077
AUT,2011,lnorm,orig,mawd,0.15043408253012036,0.0,0.27486095685311,0.3487593821153676,-3.8413533813435947
AUT,2011,lnorm,orig,d,0.1947745076982944,0.0,0.2866769599443684,0.33953828622608884,-4.394887237237636
AUT,2011,lnorm,clean,mawd,0.1491044855759675,0.0,0.2729758622040803,0.3499993921342439,-3.8003328776179983
AUT,2011,lnorm,clean,d,0.17763888535838393,0.0,0.2796609303713674,0.3364243893373937,-4.588411706025327
AUT,2011,perm,corr,mawd,0.15043408253012036,0.0,0.24554037798838935,0.30956233707962877,-4.1547865657012
AUT,2011,perm,corr,d,0.1947745076982944,0.0,0.26902962625796345,0.31736510464228707,-3.7502866249860993
AUT,2011,lnorm,corr,mawd,0.15043408253012036,0.0,0.27486095685311,0.3487593821153676,-3.8413533813435947
AUT,2011,lnorm,corr,d,0.1947745076982944,0.0,0.2866769599443684,0.33953828622608884,-4.394887237237636
AUT,2012,perm,orig,mawd,0.14493166917210454,0.0,0.24450647781843143,0.30714552195131145,-4.284842778437377
AUT,2012,perm,orig,d,0.18461079530818095,0.0,0.2659338549985655,0.3150551256557861,-3.9639618457681065
AUT,2012,perm,clean,mawd,0.14491092886037815,0.0,0.24322280721756437,0.3075906057823509,-4.19083749656947
AUT,2012,perm,clean,d,0.1737594768837766,0.0,0.26066829634484906,0.311472250984696,-3.954645334827732
AUT,2012,lnorm,orig,mawd,0.14493166917210454,0.0,0.2772146988748739,0.350050290342684,-3.9761857663710782
AUT,2012,lnorm,orig,d,0.18461079530818095,0.0,0.28631464943044554,0.33828470358155294,-4.741411152941092
AUT,2012,lnorm,clean,mawd,0.14491092886037815,0.0,0.2740195472742765,0.35049860429392676,-3.8707808414742457
AUT,2012,lnorm,clean,d,0.1737594768837766,0.0,0.278385954951378,0.33509554887446663,-4.699103159182834
AUT,2012,perm,corr,mawd,0.14493166917210454,0.0,0.24450647781843143,0.30714552195131145,-4.284842778437377
AUT,2012,perm,corr,d,0.18461079530818095,0.0,0.2659338549985655,0.3150551256557861,-3.9639618457681065
AUT,2012,lnorm,corr,mawd,0.14493166917210454,0.0,0.2772146988748739,0.350050290342684,-3.9761857663710782
AUT,2012,lnorm,corr,d,0.18461079530818095,0.0,0.28631464943044554,0.33828470358155294,-4.741411152941092
AUT,2013,perm,orig,mawd,0.1385216288399901,0.0,0.24554347542435345,0.3080237345691479,-4.51319298173725
AUT,2013,perm,orig,d,0.1801737212376271,0.0,0.265759043192298,0.313370436251141,-4.219561892637523
AUT,2013,perm,clean,mawd,0.13845206507147503,0.0,0.24433889146891355,0.306872253164778,-4.402447696435587
AUT,2013,perm,clean,d,0.17010601001656594,0.0,0.26043100441240624,0.31018836754223356,-4.179441044782316
AUT,2013,lnorm,orig,mawd,0.1385216288399901,0.0,0.2759003429261935,0.3487426622972336,-4.130282295094279
AUT,2013,lnorm,orig,d,0.1801737212376271,0.0,0.2848950221425323,0.336774263391764,-4.933412048119316
AUT,2013,lnorm,clean,mawd,0.13845206507147503,0.0,0.27239527362609034,0.3487619791300853,-4.0208782565069905
AUT,2013,lnorm,clean,d,0.17010601001656594,0.0,0.277410384813822,0.33367964935655803,-4.869474311209654
AUT,2013,perm,corr,mawd,0.1385216288399901,0.0,0.24554347542435345,0.3080237345691479,-4.51319298173725
AUT,2013,perm,corr,d,0.1801737212376271,0.0,0.265759043192298,0.313370436251141,-4.219561892637523
AUT,2013,lnorm,corr,mawd,0.1385216288399901,0.0,0.2759003429261935,0.3487426622972336,-4.130282295094279
AUT,2013,lnorm,corr,d,0.1801737212376271,0.0,0.2848950221425323,0.336774263391764,-4.933412048119316
AUT,2014,perm,orig,mawd,0.13996372459166292,0.0,0.24458183605777703,0.3071473304423544,-4.48562098194457
AUT,2014,perm,orig,d,0.18100287166770065,0.0,0.2647167278909355,0.31240502683891536,-4.283183457447918
AUT,2014,perm,clean,mawd,0.1400717535269675,0.0,0.2436655094682444,0.3064014752565649,-4.384500047357747
AUT,2014,perm,clean,d,0.17508618260261635,0.0,0.259254380536518,0.3094011304858566,-4.13128659926968
AUT,2014,lnorm,orig,mawd,0.13996372459166292,0.0,0.2738572028789639,0.3460204218149445,-4.116078746634636
AUT,2014,lnorm,orig,d,0.18100287166770065,0.0,0.28229373767362126,0.3335352441204193,-4.884698916134501
AUT,2014,lnorm,clean,mawd,0.1400717535269675,0.0,0.27153935636438653,0.34686922666938813,-4.013578590828498
AUT,2014,lnorm,clean,d,0.17508618260261635,0.0,0.27572500013057255,0.33070354335852026,-4.717811798356061
AUT,2014,perm,corr,mawd,0.13996372459166292,0.0,0.24458183605777703,0.3071473304423544,-4.48562098194457
AUT,2014,perm,corr,d,0.18100287166770065,0.0,0.2647167278909355,0.31240502683891536,-4.283183457447918
AUT,2014,lnorm,corr,mawd,0.13996372459166292,0.0,0.2738572028789639,0.3460204218149445,-4.116078746634636
AUT,2014,lnorm,corr,d,0.18100287166770065,0.0,0.28229373767362126,0.3335352441204193,-4.884698916134501
BEL,2000,perm,orig,mawd,0.13336702729359556,0.0,0.2075967506388713,0.26073800607392605,-3.5357934284056713
BEL,2000,perm,orig,d,0.1707907248072825,0.0,0.252251100863287,0.2955600560115432,-3.7476117825596202
BEL,2000,perm,clean,mawd,0.13364457641699476,0.0,0.20447795004518635,0.25899729178634867,-3.3967442469090243
BEL,2000,perm,clean,d,0.17714167986189527,0.0,0.23696178773200102,0.28605792831529187,-2.996539992453236
BEL,2000,lnorm,orig,mawd,0.13336702729359556,0.0,0.23256182847823406,0.31754557766015074,-3.3543623930381408
BEL,2000,lnorm,orig,d,0.1707907248072825,0.0,0.27405580010785136,0.33150577046138563,-4.537851987671281
BEL,2000,lnorm,clean,mawd,0.13364457641699476,0.0,0.23136748544611238,0.31778660388508106,-3.296545792065859
BEL,2000,lnorm,clean,d,0.17714167986189527,0.0,0.2608484948588175,0.3212501860933203,-3.7611355426732858
BEL,2000,perm,corr,mawd,0.13336702729359556,0.0,0.2075967506388713,0.26073800607392605,-3.5357934284056713
BEL,2000,perm,corr,d,0.1707907248072825,0.0,0.252251100863287,0.2955600560115432,-3.7476117825596202
BEL,2000,lnorm,corr,mawd,0.13336702729359556,0.0,0.23256182847823406,0.31754557766015074,-3.3543623930381408
BEL,2000,lnorm,corr,d,0.1707907248072825,0.0,0.27405580010785136,0.33150577046138563,-4.537851987671281
BEL,2001,perm,orig,mawd,0.12696382841614162,0.0,0.20415001817865933,0.256642181546449,-3.648715229273807
BEL,2001,perm,orig,d,0.16472461172675168,0.0,0.24697473429709318,0.2919405840220116,-3.8111123910602434
BEL,2001,perm,clean,mawd,0.12686635041623587,0.0,0.20157756212157293,0.25527657988230035,-3.5294562258522286
BEL,2001,perm,clean,d,0.16866856142646586,0.0,0.233696335398465,0.2818023914683221,-3.1046473513112445
BEL,2001,lnorm,orig,mawd,0.12696382841614162,0.0,0.22946328478159023,0.31195526322429384,-3.456296554493344
BEL,2001,lnorm,orig,d,0.16472461172675168,0.0,0.27020281448892164,0.32538607485715654,-4.564091784128398
BEL,2001,lnorm,clean,mawd,0.12686635041623587,0.0,0.22837792871394239,0.31219673159005024,-3.4060800573161685
BEL,2001,lnorm,clean,d,0.16866856142646586,0.0,0.25624320745172274,0.3156639926379187,-3.8413614582596773
BEL,2001,perm,corr,mawd,0.12696382841614162,0.0,0.20415001817865933,0.256642181546449,-3.648715229273807
BEL,2001,perm,corr,d,0.16472461172675168,0.0,0.24697473429709318,0.2919405840220116,-3.8111123910602434
BEL,2001,lnorm,corr,mawd,0.12696382841614162,0.0,0.22946328478159023,0.31195526322429384,-3.456296554493344
BEL,2001,lnorm,corr,d,0.16472461172675168,0.0,0.27020281448892164,0.32538607485715654,-4.564091784128398
BEL,2002,perm,orig,mawd,0.13059813546995472,0.0,0.20202646363099747,0.2543000501509307,-3.568645338355742
BEL,2002,perm,orig,d,0.17359603766778944,0.0,0.24238245604011754,0.2848355767698255,-3.466529718693408
BEL,2002,perm,clean,mawd,0.13051437571114635,0.0,0.20091531224007222,0.252572627843038,-3.440228234924437
BEL,2002,perm,clean,d,0.1752765830467504,0.0,0.23109683347693705,0.2797816191966742,-2.9742575071771014
BEL,2002,lnorm,orig,mawd,0.13059813546995472,0.0,0.22742147098777932,0.3090662507688957,-3.423559568219174
BEL,2002,lnorm,orig,d,0.17359603766778944,0.0,0.26538002973660907,0.3177216945196159,-4.232039624368829
BEL,2002,lnorm,clean,mawd,0.13051437571114635,0.0,0.22406323500494132,0.30928365569505756,-3.3619000274263033
BEL,2002,lnorm,clean,d,0.1752765830467504,0.0,0.25697894760189743,0.3098032749730926,-3.735081921889317
BEL,2002,perm,corr,mawd,0.13059813546995472,0.0,0.20202646363099747,0.2543000501509307,-3.568645338355742
BEL,2002,perm,corr,d,0.17359603766778944,0.0,0.24238245604011754,0.2848355767698255,-3.466529718693408
BEL,2002,lnorm,corr,mawd,0.13059813546995472,0.0,0.22742147098777932,0.3090662507688957,-3.423559568219174
BEL,2002,lnorm,corr,d,0.17359603766778944,0.0,0.26538002973660907,0.3177216945196159,-4.232039624368829
BEL,2003,perm,orig,mawd,0.1285179739140852,0.0,0.2104997771042667,0.2636712026511341,-3.7702743637268488
BEL,2003,perm,orig,d,0.17162566957012426,0.0,0.24702714658109143,0.28978777869665107,-3.6698993631592027
BEL,2003,perm,clean,mawd,0.12906415044611735,0.0,0.20830418536106585,0.26157266904173393,-3.629759978526931
BEL,2003,perm,clean,d,0.17523363568770248,0.0,0.23485026979322715,0.2842536402598441,-3.12248452486535
BEL,2003,lnorm,orig,mawd,0.1285179739140852,0.0,0.2337366532857193,0.31764735804483324,-3.526459527742757
BEL,2003,lnorm,orig,d,0.17162566957012426,0.0,0.26786557767541314,0.3210177707730858,-4.393362478540816
BEL,2003,lnorm,clean,mawd,0.12906415044611735,0.0,0.23136023475150655,0.3179232001127461,-3.4557596913662665
BEL,2003,lnorm,clean,d,0.17523363568770248,0.0,0.25929855116343725,0.3120600870893998,-3.8356011358071243
BEL,2003,perm,corr,mawd,0.1285179739140852,0.0,0.2104997771042667,0.2636712026511341,-3.7702743637268488
BEL,2003,perm,corr,d,0.17162566957012426,0.0,0.24702714658109143,0.28978777869665107,-3.6698993631592027
BEL,2003,lnorm,corr,mawd,0.1285179739140852,0.0,0.2337366532857193,0.31764735804483324,-3.526459527742757
BEL,2003,lnorm,corr,d,0.17162566957012426,0.0,0.26786557767541314,0.3210177707730858,-4.393362478540816
BEL,2004,perm,orig,mawd,0.13864585017644038,0.0,0.21777189977216757,0.27531881550383874,-3.6592815380179986
BEL,2004,perm,orig,d,0.17807374637208284,0.0,0.25198265745747317,0.29860706012790816,-3.5550666160645465
BEL,2004,perm,clean,mawd,0.13877078874397067,0.0,0.21708045278924704,0.27477270142268095,-3.5403617417500284
BEL,2004,perm,clean,d,0.18451369971625564,0.0,0.2429650884121462,0.2938248576080254,-3.0080311402435598
BEL,2004,lnorm,orig,mawd,0.13864585017644038,0.0,0.2440171886925816,0.33185870792923544,-3.4225278773504897
BEL,2004,lnorm,orig,d,0.17807374637208284,0.0,0.27318301319761307,0.3296796754737526,-4.307287154026147
BEL,2004,lnorm,clean,mawd,0.13877078874397067,0.0,0.2422965836887901,0.33345686518662315,-3.365660885275162
BEL,2004,lnorm,clean,d,0.18451369971625564,0.0,0.2655244762980663,0.32100307865702304,-3.7162701298242857
BEL,2004,perm,corr,mawd,0.13864585017644038,0.0,0.21777189977216757,0.27531881550383874,-3.6592815380179986
BEL,2004,perm,corr,d,0.17807374637208284,0.0,0.25198265745747317,0.29860706012790816,-3.5550666160645465
BEL,2004,lnorm,corr,mawd,0.13864585017644038,0.0,0.2440171886925816,0.33185870792923544,-3.4225278773504897
BEL,2004,lnorm,corr,d,0.17807374637208284,0.0,0.27318301319761307,0.3296796754737526,-4.307287154026147
BEL,2005,perm,orig,mawd,0.13925146202456745,0.0,0.21549454710179325,0.27209382050989006,-3.4976545509446093
BEL,2005,perm,orig,d,0.17834673084090508,0.0,0.24725684097192346,0.2911155365658,-3.2469779416765254
BEL,2005,perm,clean,mawd,0.13870933057789686,0.0,0.2128757717660276,0.2711788782052429,-3.399857004253506
BEL,2005,perm,clean,d,0.1845625149565385,0.0,0.24137152229741646,0.29053128679249507,-2.806975366431326
BEL,2005,lnorm,orig,mawd,0.13925146202456745,0.0,0.248767999002552,0.3389608472538773,-3.4231201414859003
BEL,2005,lnorm,orig,d,0.17834673084090508,0.0,0.27344345766041406,0.32803764424253823,-4.212776205042433
BEL,2005,lnorm,clean,mawd,0.13870933057789686,0.0,0.2473947663022208,0.34100981779725137,-3.3861381446730507
BEL,2005,lnorm,clean,d,0.1845625149565385,0.0,0.2686059484540927,0.32460269530072244,-3.720380042665816
BEL,2005,perm,corr,mawd,0.13925146202456745,0.0,0.21549454710179325,0.27209382050989006,-3.4976545509446093
BEL,2005,perm,corr,d,0.17834673084090508,0.0,0.24725684097192346,0.2911155365658,-3.2469779416765254
BEL,2005,lnorm,corr,mawd,0.13925146202456745,0.0,0.248767999002552,0.3389608472538773,-3.4231201414859003
BEL,2005,lnorm,corr,d,0.17834673084090508,0.0,0.27344345766041406,0.32803764424253823,-4.212776205042433
BEL,2006,perm,orig,mawd,0.13520165918782073,0.0,0.2182010449710363,0.27806304436894436,-3.6729849951279294
BEL,2006,perm,orig,d,0.17104408222964243,0.0,0.2504314274894557,0.2966239107392994,-3.5860969626366455
BEL,2006,perm,clean,mawd,0.13504209467354036,0.0,0.21688000543945568,0.2773560842894383,-3.5611464517363074
BEL,2006,perm,clean,d,0.177780008132745,0.0,0.24337323202734462,0.2931369189858509,-3.082402010193096
BEL,2006,lnorm,orig,mawd,0.13520165918782073,0.0,0.25260278716319495,0.34521211380770456,-3.4916874228544423
BEL,2006,lnorm,orig,d,0.17104408222964243,0.0,0.275650343322903,0.3343237682612782,-4.560665739290066
BEL,2006,lnorm,clean,mawd,0.13504209467354036,0.0,0.25066125612017814,0.3467713398055667,-3.450713267140311
BEL,2006,lnorm,clean,d,0.177780008132745,0.0,0.2707715821118152,0.3274028726751709,-3.9776116838669013
BEL,2006,perm,corr,mawd,0.13520165918782073,0.0,0.2182010449710363,0.27806304436894436,-3.6729849951279294
BEL,2006,perm,corr,d,0.17104408222964243,0.0,0.2504314274894557,0.2966239107392994,-3.5860969626366455
BEL,2006,lnorm,corr,mawd,0.13520165918782073,0.0,0.25260278716319495,0.34521211380770456,-3.4916874228544423
BEL,2006,lnorm,corr,d,0.17104408222964243,0.0,0.275650343322903,0.3343237682612782,-4.560665739290066
BEL,2007,perm,orig,mawd,0.13505440227155827,0.0,0.22003636037228202,0.27755218910935286,-3.6576005261948223
BEL,2007,perm,orig,d,0.16520800278700817,0.0,0.25106549652240023,0.29736240774744005,-3.7444342514790545
BEL,2007,perm,clean,mawd,0.13563306034078204,0.0,0.2152216565843904,0.2761754174203205,-3.5317009978700424
BEL,2007,perm,clean,d,0.17180821888507694,0.0,0.24293823457242983,0.29216984952341474,-3.2239606127730362
BEL,2007,lnorm,orig,mawd,0.13505440227155827,0.0,0.2515957619001828,0.3428681028289259,-3.485807411157861
BEL,2007,lnorm,orig,d,0.16520800278700817,0.0,0.2749264943978558,0.33490626708357407,-4.672519530091261
BEL,2007,lnorm,clean,mawd,0.13563306034078204,0.0,0.2502335569423937,0.34509902285848193,-3.4320193246631225
BEL,2007,lnorm,clean,d,0.17180821888507694,0.0,0.2722119865371966,0.32779900259543826,-4.075255420280271
BEL,2007,perm,corr,mawd,0.13505440227155827,0.0,0.22003636037228202,0.27755218910935286,-3.6576005261948223
BEL,2007,perm,corr,d,0.16520800278700817,0.0,0.25106549652240023,0.29736240774744005,-3.7444342514790545
BEL,2007,lnorm,corr,mawd,0.13505440227155827,0.0,0.2515957619001828,0.3428681028289259,-3.485807411157861
BEL,2007,lnorm,corr,d,0.16520800278700817,0.0,0.2749264943978558,0.33490626708357407,-4.672519530091261
BEL,2008,perm,orig,mawd,0.13029726753646947,0.0,0.2105911446913007,0.26972065190290473,-3.6083871327738195
BEL,2008,perm,orig,d,0.15547087396479164,0.0,0.23733903759248293,0.28351949003180943,-3.4838576853254373
BEL,2008,perm,clean,mawd,0.1306682147671604,0.0,0.20744999711015322,0.26865751150896405,-3.4880772851695894
BEL,2008,perm,clean,d,0.16373855955242608,0.0,0.2364356546682724,0.28545600110081504,-3.1318261836683083
BEL,2008,lnorm,orig,mawd,0.13029726753646947,0.0,0.2494902919900286,0.34043930253780913,-3.565512623254139
BEL,2008,lnorm,orig,d,0.15547087396479164,0.0,0.26215799833231684,0.32406376837720496,-4.441641041429804
BEL,2008,lnorm,clean,mawd,0.1306682147671604,0.0,0.24665472265481753,0.34360449390658265,-3.5295275965683945
BEL,2008,lnorm,clean,d,0.16373855955242608,0.0,0.26737638739563785,0.3245040984268117,-4.12710918356717
BEL,2008,perm,corr,mawd,0.13029726753646947,0.0,0.2105911446913007,0.26972065190290473,-3.6083871327738195
BEL,2008,perm,corr,d,0.15547087396479164,0.0,0.23733903759248293,0.28351949003180943,-3.4838576853254373
BEL,2008,lnorm,corr,mawd,0.13029726753646947,0.0,0.2494902919900286,0.34043930253780913,-3.565512623254139
BEL,2008,lnorm,corr,d,0.15547087396479164,0.0,0.26215799833231684,0.32406376837720496,-4.441641041429804
BEL,2009,perm,orig,mawd,0.1324388889322892,0.0,0.2164175190598781,0.2771476258248381,-3.4779246322951702
BEL,2009,perm,orig,d,0.16365745718739727,0.0,0.23283772056990293,0.2829494056229549,-2.82883409809278
BEL,2009,perm,clean,mawd,0.13509831365214317,0.0,0.21340010971943416,0.276122523278711,-3.285558875996448
BEL,2009,perm,clean,d,0.17464413445528149,0.0,0.22952936061922333,0.2822161179433422,-2.4441062603013397
BEL,2009,lnorm,orig,mawd,0.1324388889322892,0.0,0.2539521922321176,0.3460874462642201,-3.530418537249284
BEL,2009,lnorm,orig,d,0.16365745718739727,0.0,0.2576672221297359,0.32228161201368044,-3.7142853336177772
BEL,2009,lnorm,clean,mawd,0.13509831365214317,0.0,0.2533547449361592,0.34667849040500415,-3.4206529520259474
BEL,2009,lnorm,clean,d,0.17464413445528149,0.0,0.25812584801128974,0.3226866844927315,-3.3446376561207547
BEL,2009,perm,corr,mawd,0.1324388889322892,0.0,0.2164175190598781,0.2771476258248381,-3.4779246322951702
BEL,2009,perm,corr,d,0.16365745718739727,0.0,0.23283772056990293,0.2829494056229549,-2.82883409809278
BEL,2009,lnorm,corr,mawd,0.1324388889322892,0.0,0.2539521922321176,0.3460874462642201,-3.530418537249284
BEL,2009,lnorm,corr,d,0.16365745718739727,0.0,0.2576672221297359,0.32228161201368044,-3.7142853336177772
BEL,2010,perm,orig,mawd,0.1377781223771671,0.0,0.2251389066130023,0.2880560120468185,-3.455366710751115
BEL,2010,perm,orig,d,0.17274499218946407,0.0,0.23797367447293188,0.29234636832847816,-2.53225210663014
BEL,2010,perm,clean,mawd,0.14133029372238864,0.0,0.22008287167593485,0.28570728691008673,-3.244330341143965
BEL,2010,perm,clean,d,0.18500347309755522,0.0,0.23701254412761366,0.2921302004914813,-2.1863163317546737
BEL,2010,lnorm,orig,mawd,0.1377781223771671,0.0,0.25811523638443695,0.3536895296128226,-3.4699727398392537
BEL,2010,lnorm,orig,d,0.17274499218946407,0.0,0.2623149304185348,0.33049330122827886,-3.3278829396714356
BEL,2010,lnorm,clean,mawd,0.14133029372238864,0.0,0.25828535868497654,0.35432671574659325,-3.3591422587474544
BEL,2010,lnorm,clean,d,0.18500347309755522,0.0,0.2628426136343413,0.3316365995547972,-2.980132028397169
BEL,2010,perm,corr,mawd,0.1377781223771671,0.0,0.2251389066130023,0.2880560120468185,-3.455366710751115
BEL,2010,perm,corr,d,0.17274499218946407,0.0,0.23797367447293188,0.29234636832847816,-2.53225210663014
BEL,2010,lnorm,corr,mawd,0.1377781223771671,0.0,0.25811523638443695,0.3536895296128226,-3.4699727398392537
BEL,2010,lnorm,corr,d,0.17274499218946407,0.0,0.2623149304185348,0.33049330122827886,-3.3278829396714356
BEL,2011,perm,orig,mawd,0.13288003876323518,0.0,0.22559709451500998,0.2906689118475313,-3.60464171747841
BEL,2011,perm,orig,d,0.1761741617213182,0.0,0.2450120954867557,0.29772682040432086,-2.5606560075757976
BEL,2011,perm,clean,mawd,0.1373234054038044,0.0,0.22203535044662367,0.28873168554709705,-3.3684072260829057
BEL,2011,perm,clean,d,0.18789287046497005,0.0,0.23988906792434173,0.2974619792950108,-2.209205562597482
BEL,2011,lnorm,orig,mawd,0.13288003876323518,0.0,0.25809351017617366,0.3558918363947907,-3.5283093711711686
BEL,2011,lnorm,orig,d,0.1761741617213182,0.0,0.26748944730391755,0.3358385775877928,-3.329048220058165
BEL,2011,lnorm,clean,mawd,0.1373234054038044,0.0,0.258196195102145,0.3572028043052404,-3.406467367894114
BEL,2011,lnorm,clean,d,0.18789287046497005,0.0,0.2685217165240678,0.3368304663207759,-2.985067435121015
BEL,2011,perm,corr,mawd,0.13288003876323518,0.0,0.22559709451500998,0.2906689118475313,-3.60464171747841
BEL,2011,perm,corr,d,0.1761741617213182,0.0,0.2450120954867557,0.29772682040432086,-2.5606560075757976
BEL,2011,lnorm,corr,mawd,0.13288003876323518,0.0,0.25809351017617366,0.3558918363947907,-3.5283093711711686
BEL,2011,lnorm,corr,d,0.1761741617213182,0.0,0.26748944730391755,0.3358385775877928,-3.329048220058165
BEL,2012,perm,orig,mawd,0.13254606932852325,0.0,0.2240784436903317,0.28951465134449694,-3.552187896576509
BEL,2012,perm,orig,d,0.17392474162192242,0.0,0.24215228813551137,0.29709827054466253,-2.5149565284451634
BEL,2012,perm,clean,mawd,0.13583782333306882,0.0,0.22285985295235028,0.28900172212499203,-3.358368309940514
BEL,2012,perm,clean,d,0.18491452861655347,0.0,0.2387513862068146,0.29786994990061955,-2.2078776699967544
BEL,2012,lnorm,orig,mawd,0.13254606932852325,0.0,0.2599279954261928,0.35836184666777166,-3.543660449362958
BEL,2012,lnorm,orig,d,0.17392474162192242,0.0,0.2665924008342468,0.33575714975108817,-3.3082954895490153
BEL,2012,lnorm,clean,mawd,0.13583782333306882,0.0,0.2611454768807304,0.3601052126413912,-3.4544823595710756
BEL,2012,lnorm,clean,d,0.18491452861655347,0.0,0.26725255561209216,0.337805825083493,-3.000394488308991
BEL,2012,perm,corr,mawd,0.13254606932852325,0.0,0.2240784436903317,0.28951465134449694,-3.552187896576509
BEL,2012,perm,corr,d,0.17392474162192242,0.0,0.24215228813551137,0.29709827054466253,-2.5149565284451634
BEL,2012,lnorm,corr,mawd,0.13254606932852325,0.0,0.2599279954261928,0.35836184666777166,-3.543660449362958
BEL,2012,lnorm,corr,d,0.17392474162192242,0.0,0.2665924008342468,0.33575714975108817,-3.3082954895490153
BEL,2013,perm,orig,mawd,0.13024799080849914,0.0,0.22062164043768115,0.2859319627131593,-3.5507870545299194
BEL,2013,perm,orig,d,0.1664326031578575,0.0,0.23412476002946417,0.28863892420117887,-2.577242420558743
BEL,2013,perm,clean,mawd,0.1343435440402791,0.0,0.21944067729633238,0.2845591691926913,-3.3425214901908786
BEL,2013,perm,clean,d,0.17691741199351538,0.0,0.23264458796958576,0.29090857157339123,-2.2860779534106346
BEL,2013,lnorm,orig,mawd,0.13024799080849914,0.0,0.2566551178012831,0.35398452595595176,-3.555535513862327
BEL,2013,lnorm,orig,d,0.1664326031578575,0.0,0.26029061919313656,0.3284091521743253,-3.384228804587991
BEL,2013,lnorm,clean,mawd,0.1343435440402791,0.0,0.2586339320989107,0.3554668220876583,-3.445577723915889
BEL,2013,lnorm,clean,d,0.17691741199351538,0.0,0.26199828217456606,0.33221022414598567,-3.0931287585938736
BEL,2013,perm,corr,mawd,0.13024799080849914,0.0,0.22062164043768115,0.2859319627131593,-3.5507870545299194
BEL,2013,perm,corr,d,0.1664326031578575,0.0,0.23412476002946417,0.28863892420117887,-2.577242420558743
BEL,2013,lnorm,corr,mawd,0.13024799080849914,0.0,0.2566551178012831,0.35398452595595176,-3.555535513862327
BEL,2013,lnorm,corr,d,0.1664326031578575,0.0,0.26029061919313656,0.3284091521743253,-3.384228804587991
BEL,2014,perm,orig,mawd,0.13317141559790335,0.0,0.2245922716522345,0.2882938793210638,-3.5102869520846123
BEL,2014,perm,orig,d,0.17177589655849396,0.0,0.23535252334391693,0.2903128349331933,-2.476747509275098
BEL,2014,perm,clean,mawd,0.1378084003536555,0.0,0.2206437495649212,0.28638047311855436,-3.279077034885099
BEL,2014,perm,clean,d,0.18167032000701228,0.0,0.2335409542173882,0.29159694004264747,-2.19785332216367
BEL,2014,lnorm,orig,mawd,0.13317141559790335,0.0,0.2575640438190585,0.3552120811205649,-3.521770506778685
BEL,2014,lnorm,orig,d,0.17177589655849396,0.0,0.26082051603109213,0.3290318395592365,-3.2457225831656515
BEL,2014,lnorm,clean,mawd,0.1378084003536555,0.0,0.2579115445524231,0.355052123525669,-3.393287809328179
BEL,2014,lnorm,clean,d,0.18167032000701228,0.0,0.2618217467621172,0.33286750903578377,-2.967608347787137
BEL,2014,perm,corr,mawd,0.13317141559790335,0.0,0.2245922716522345,0.2882938793210638,-3.5102869520846123
BEL,2014,perm,corr,d,0.17177589655849396,0.0,0.23535252334391693,0.2903128349331933,-2.476747509275098
BEL,2014,lnorm,corr,mawd,0.13317141559790335,0.0,0.2575640438190585,0.3552120811205649,-3.521770506778685
BEL,2014,lnorm,corr,d,0.17177589655849396,0.0,0.26082051603109213,0.3290318395592365,-3.2457225831656515
BGR,2000,perm,orig,mawd,0.23182114185861083,0.128,0.21439530652316818,0.280735127032057,-1.0825957897625709
BGR,2000,perm,orig,d,0.25781139701470496,0.038,0.26135799544560373,0.32371513867801843,-1.2816437285832671
BGR,2000,perm,clean,mawd,0.23063627562908923,0.123,0.2140094355727376,0.280746490061138,-1.101433644414272
BGR,2000,perm,clean,d,0.2612224800495438,0.052,0.26103103127534055,0.32712080730788096,-1.2131417571365355
BGR,2000,lnorm,orig,mawd,0.23182114185861083,0.027,0.24275797872511326,0.3358896700002618,-1.6289032499474392
BGR,2000,lnorm,orig,d,0.25781139701470496,0.003,0.2870849389825361,0.35494044505385036,-2.007300917476807
BGR,2000,lnorm,clean,mawd,0.23063627562908923,0.03,0.24366880413328365,0.33791638818762426,-1.6164235158564189
BGR,2000,lnorm,clean,d,0.2612224800495438,0.009,0.285440251122055,0.357809475645694,-1.8917197529681142
BGR,2000,perm,corr,mawd,0.23182114185861083,0.128,0.21439530652316818,0.280735127032057,-1.0825957897625709
BGR,2000,perm,corr,d,0.25781139701470496,0.038,0.26135799544560373,0.32371513867801843,-1.2816437285832671
BGR,2000,lnorm,corr,mawd,0.23182114185861083,0.027,0.24275797872511326,0.3358896700002618,-1.6289032499474392
BGR,2000,lnorm,corr,d,0.25781139701470496,0.003,0.2870849389825361,0.35494044505385036,-2.007300917476807
BGR,2001,perm,orig,mawd,0.2560557516974124,0.287,0.2130959675774002,0.27727655527812733,-0.5772004447736703
BGR,2001,perm,orig,d,0.2769548033017429,0.075,0.26756524601271203,0.3286528818136156,-1.2305537723167141
BGR,2001,perm,clean,mawd,0.25635644306685074,0.301,0.21062168577955254,0.2772215302651184,-0.5639587002799983
BGR,2001,perm,clean,d,0.28661482718660597,0.146,0.26508969573454294,0.32833814996421995,-0.9829149323932352
BGR,2001,lnorm,orig,mawd,0.2560557516974124,0.116,0.237678062807687,0.32138265534980104,-1.1414834390764872
BGR,2001,lnorm,orig,d,0.2769548033017429,0.024,0.2886104436293574,0.35306358574470575,-1.8398482059382333
BGR,2001,lnorm,clean,mawd,0.25635644306685074,0.121,0.2365041369895303,0.3217549199087759,-1.1137908473064846
BGR,2001,lnorm,clean,d,0.28661482718660597,0.063,0.2826924985086147,0.35313688614443806,-1.5290326698908316
BGR,2001,perm,corr,mawd,0.2560557516974124,0.287,0.2130959675774002,0.27727655527812733,-0.5772004447736703
BGR,2001,perm,corr,d,0.2769548033017429,0.075,0.26756524601271203,0.3286528818136156,-1.2305537723167141
BGR,2001,lnorm,corr,mawd,0.2560557516974124,0.116,0.237678062807687,0.32138265534980104,-1.1414834390764872
BGR,2001,lnorm,corr,d,0.2769548033017429,0.024,0.2886104436293574,0.35306358574470575,-1.8398482059382333
BGR,2002,perm,orig,mawd,0.2749998045018185,0.506,0.21082583830056353,0.27460424333251965,-0.042434358983001345
BGR,2002,perm,orig,d,0.29852163147570226,0.305,0.2583167455624186,0.3171471705289348,-0.5619105589107934
BGR,2002,perm,clean,mawd,0.2737273087369839,0.488,0.21036746672879772,0.27493649644946494,-0.07772916955454136
BGR,2002,perm,clean,d,0.3035388286934297,0.343,0.25672350701352625,0.31860367083579677,-0.4768522600673051
BGR,2002,lnorm,orig,mawd,0.2749998045018185,0.247,0.23081257381707926,0.3094959612032462,-0.6906365968352932
BGR,2002,lnorm,orig,d,0.29852163147570226,0.178,0.27396613792981045,0.33622154415936567,-0.964667262343286
BGR,2002,lnorm,clean,mawd,0.2737273087369839,0.242,0.23050816636964375,0.30909031048394686,-0.7032925881696359
BGR,2002,lnorm,clean,d,0.3035388286934297,0.207,0.2725444535838922,0.33738165567546363,-0.8389013758864586
BGR,2002,perm,corr,mawd,0.2749998045018185,0.506,0.21082583830056353,0.27460424333251965,-0.042434358983001345
BGR,2002,perm,corr,d,0.29852163147570226,0.305,0.2583167455624186,0.3171471705289348,-0.5619105589107934
BGR,2002,lnorm,corr,mawd,0.2749998045018185,0.247,0.23081257381707926,0.3094959612032462,-0.6906365968352932
BGR,2002,lnorm,corr,d,0.29852163147570226,0.178,0.27396613792981045,0.33622154415936567,-0.964667262343286
BGR,2003,perm,orig,mawd,0.2684191697956294,0.442,0.21257745973632775,0.27355506029861437,-0.17403605230266514
BGR,2003,perm,orig,d,0.31664432919317864,0.458,0.25624962250417765,0.32305033954800977,-0.17437339015451386
BGR,2003,perm,clean,mawd,0.242997126512138,0.288,0.20456452732412672,0.26573002644766724,-0.5985052804461133
BGR,2003,perm,clean,d,0.2655424030263552,0.158,0.24578447503916762,0.3006398114806649,-0.9657066169151928
BGR,2003,lnorm,orig,mawd,0.2684191697956294,0.231,0.22959902205696295,0.30318598571838956,-0.7407947906992544
BGR,2003,lnorm,orig,d,0.31664432919317864,0.316,0.27269780007471983,0.3365177671965256,-0.4830686477024889
BGR,2003,lnorm,clean,mawd,0.242997126512138,0.138,0.2200745268544823,0.2933917412478476,-1.0456008143781232
BGR,2003,lnorm,clean,d,0.2655424030263552,0.089,0.25632890374237827,0.31967926242911615,-1.3567400094359106
BGR,2003,perm,corr,mawd,0.2684191697956294,0.442,0.21257745973632775,0.27355506029861437,-0.17403605230266514
BGR,2003,perm,corr,d,0.31664432919317864,0.458,0.25624962250417765,0.32305033954800977,-0.17437339015451386
BGR,2003,lnorm,corr,mawd,0.2684191697956294,0.231,0.22959902205696295,0.30318598571838956,-0.7407947906992544
BGR,2003,lnorm,corr,d,0.31664432919317864,0.316,0.27269780007471983,0.3365177671965256,-0.4830686477024889
BGR,2004,perm,orig,mawd,0.26380356492383816,0.485,0.20680969444085556,0.2644819880102114,-0.05938601488649216
BGR,2004,perm,orig,d,0.3114190325616044,0.471,0.24959363096379344,0.315457627206983,-0.1581011003717182
BGR,2004,perm,clean,mawd,0.24362093940194093,0.359,0.19687434350630192,0.2595220462096197,-0.3832338406441213
BGR,2004,perm,clean,d,0.2793081745133117,0.276,0.24186308413687316,0.3047356515440121,-0.6805121064310273
BGR,2004,lnorm,orig,mawd,0.26380356492383816,0.243,0.22435197091265183,0.2960021654014407,-0.7184882540501518
BGR,2004,lnorm,orig,d,0.3114190325616044,0.294,0.26812666848107936,0.3339283405409946,-0.5624422739426731
BGR,2004,lnorm,clean,mawd,0.24362093940194093,0.159,0.2134243485404107,0.2894490957114632,-0.9377699513290993
BGR,2004,lnorm,clean,d,0.2793081745133117,0.135,0.25988792237603847,0.326847461580986,-1.1389643975982506
BGR,2004,perm,corr,mawd,0.26380356492383816,0.485,0.20680969444085556,0.2644819880102114,-0.05938601488649216
BGR,2004,perm,corr,d,0.3114190325616044,0.471,0.24959363096379344,0.315457627206983,-0.1581011003717182
BGR,2004,lnorm,corr,mawd,0.26380356492383816,0.243,0.22435197091265183,0.2960021654014407,-0.7184882540501518
BGR,2004,lnorm,corr,d,0.3114190325616044,0.294,0.26812666848107936,0.3339283405409946,-0.5624422739426731
BGR,2005,perm,orig,mawd,0.24630699410224524,0.347,0.19994838248989086,0.2592555040441859,-0.3785462486441345
BGR,2005,perm,orig,d,0.2998557202747944,0.393,0.2460259200633125,0.3139084526015471,-0.36951925534035224
BGR,2005,perm,clean,mawd,0.2044849030472695,0.126,0.18891391555804518,0.24456096621991796,-1.1636448325003814
BGR,2005,perm,clean,d,0.21785204523170415,0.006,0.23935413740858538,0.29291651802214336,-1.9306202228803837
BGR,2005,lnorm,orig,mawd,0.24630699410224524,0.181,0.2212276892643904,0.2919280804619486,-0.955361067137218
BGR,2005,lnorm,orig,d,0.2998557202747944,0.227,0.2672522924032235,0.33386351046853713,-0.8086056312555425
BGR,2005,lnorm,clean,mawd,0.2044849030472695,0.039,0.20804550983709466,0.2739287158474013,-1.5454135775890854
BGR,2005,lnorm,clean,d,0.21785204523170415,0.003,0.25320129699880534,0.3165839831694587,-2.5307062535682734
BGR,2005,perm,corr,mawd,0.24630699410224524,0.347,0.19994838248989086,0.2592555040441859,-0.3785462486441345
BGR,2005,perm,corr,d,0.2998557202747944,0.393,0.2460259200633125,0.3139084526015471,-0.36951925534035224
BGR,2005,lnorm,corr,mawd,0.24630699410224524,0.181,0.2212276892643904,0.2919280804619486,-0.955361067137218
BGR,2005,lnorm,corr,d,0.2998557202747944,0.227,0.2672522924032235,0.33386351046853713,-0.8086056312555425
BGR,2006,perm,orig,mawd,0.24268253927158898,0.458,0.19087739012567093,0.24580443191177445,-0.10271586097669277
BGR,2006,perm,orig,d,0.27956705788785075,0.234,0.24656876185426074,0.30511156915896076,-0.7386583909744678
BGR,2006,perm,clean,mawd,0.22237021729728915,0.378,0.17865368063428647,0.2336104506670278,-0.3327591968345426
BGR,2006,perm,clean,d,0.2268592982252042,0.028,0.23424724945088535,0.28263089307133427,-1.576667234939302
BGR,2006,lnorm,orig,mawd,0.24268253927158898,0.214,0.21077247848928196,0.2778613225052402,-0.8325171072371899
BGR,2006,lnorm,orig,d,0.27956705788785075,0.086,0.26809054785944897,0.32828206873811633,-1.3224410607168187
BGR,2006,lnorm,clean,mawd,0.22237021729728915,0.149,0.19707259961397797,0.2650286458587705,-0.9993315090188434
BGR,2006,lnorm,clean,d,0.2268592982252042,0.007,0.24769757846936954,0.3098295695729718,-2.191939522559124
BGR,2006,perm,corr,mawd,0.24268253927158898,0.458,0.19087739012567093,0.24580443191177445,-0.10271586097669277
BGR,2006,perm,corr,d,0.27956705788785075,0.234,0.24656876185426074,0.30511156915896076,-0.7386583909744678
BGR,2006,lnorm,corr,mawd,0.24268253927158898,0.214,0.21077247848928196,0.2778613225052402,-0.8325171072371899
BGR,2006,lnorm,corr,d,0.27956705788785075,0.086,0.26809054785944897,0.32828206873811633,-1.3224410607168187
BGR,2007,perm,orig,mawd,0.29130363134542087,0.834,0.19198190507414695,0.2516608927504304,0.9793573391512597
BGR,2007,perm,orig,d,0.3580605241635649,0.673,0.25880926594382236,0.3332515987389098,0.305265517096867
BGR,2007,perm,clean,mawd,0.24567695238038595,0.711,0.17174427696329062,0.22509715695620752,0.5722343481382846
BGR,2007,perm,clean,d,0.22614439238271294,0.027,0.23633694307384115,0.2910397830590229,-1.4647668480954597
BGR,2007,lnorm,orig,mawd,0.29130363134542087,0.579,0.20715120741278392,0.2825732137602113,0.15243560760371871
BGR,2007,lnorm,orig,d,0.3580605241635649,0.498,0.27382100218952904,0.3583604730473092,-0.008045578306475024
BGR,2007,lnorm,clean,mawd,0.24567695238038595,0.45,0.1887217549771338,0.250088892273395,-0.22313224149728203
BGR,2007,lnorm,clean,d,0.22614439238271294,0.014,0.24482095571316212,0.3147398012687136,-1.8875344143947195
BGR,2007,perm,corr,mawd,0.29130363134542087,0.834,0.19198190507414695,0.2516608927504304,0.9793573391512597
BGR,2007,perm,corr,d,0.3580605241635649,0.673,0.25880926594382236,0.3332515987389098,0.305265517096867
BGR,2007,lnorm,corr,mawd,0.29130363134542087,0.579,0.20715120741278392,0.2825732137602113,0.15243560760371871
BGR,2007,lnorm,corr,d,0.3580605241635649,0.498,0.27382100218952904,0.3583604730473092,-0.008045578306475024
BGR,2008,perm,orig,mawd,0.27965797293967826,0.72,0.20109473961146365,0.2599037438266316,0.501718053128591
BGR,2008,perm,orig,d,0.3549384265048474,0.747,0.26862295217199134,0.32898964975104195,0.5594495737915945
BGR,2008,perm,clean,mawd,0.2501726614189972,0.598,0.1829299363172582,0.24158699748658605,0.18950059124502525
BGR,2008,perm,clean,d,0.29607532481277254,0.405,0.251206401016687,0.3063346124056311,-0.3598495009631824
BGR,2008,lnorm,orig,mawd,0.27965797293967826,0.393,0.22239909895763696,0.29392244919669236,-0.343620396025144
BGR,2008,lnorm,orig,d,0.3549384265048474,0.549,0.28397094208213586,0.34994619117249515,0.11365485009655986
BGR,2008,lnorm,clean,mawd,0.2501726614189972,0.309,0.20064132497919046,0.27316685495075865,-0.5442918915317334
BGR,2008,lnorm,clean,d,0.29607532481277254,0.21,0.2612966400534421,0.32973501755847956,-0.8032794234694246
BGR,2008,perm,corr,mawd,0.27965797293967826,0.72,0.20109473961146365,0.2599037438266316,0.501718053128591
BGR,2008,perm,corr,d,0.3549384265048474,0.747,0.26862295217199134,0.32898964975104195,0.5594495737915945
BGR,2008,lnorm,corr,mawd,0.27965797293967826,0.393,0.22239909895763696,0.29392244919669236,-0.343620396025144
BGR,2008,lnorm,corr,d,0.3549384265048474,0.549,0.28397094208213586,0.34994619117249515,0.11365485009655986
BGR,2009,perm,orig,mawd,0.2867197957384891,0.822,0.19582602216880043,0.2550773370164216,0.9146438241693304
BGR,2009,perm,orig,d,0.29112997895604403,0.492,0.244319021224453,0.29219485761369146,-0.07953396785377605
BGR,2009,perm,clean,mawd,0.26583936253087576,0.764,0.18315133280922696,0.23943622760578315,0.6959052393104048
BGR,2009,perm,clean,d,0.25964819220746493,0.304,0.2307586701472471,0.2739500009884538,-0.54455772363882
BGR,2009,lnorm,orig,mawd,0.2867197957384891,0.543,0.21526706536542273,0.28178107757782356,0.009080779697911257
BGR,2009,lnorm,orig,d,0.29112997895604403,0.332,0.2537039289894664,0.3066697107408788,-0.48717745141393504
BGR,2009,lnorm,clean,mawd,0.26583936253087576,0.488,0.19832577957702133,0.2671373039407906,-0.12848666895536268
BGR,2009,lnorm,clean,d,0.25964819220746493,0.186,0.23773870442665437,0.2903662555771427,-0.9351856842508207
BGR,2009,perm,corr,mawd,0.2867197957384891,0.822,0.19582602216880043,0.2550773370164216,0.9146438241693304
BGR,2009,perm,corr,d,0.29112997895604403,0.492,0.244319021224453,0.29219485761369146,-0.07953396785377605
BGR,2009,lnorm,corr,mawd,0.2867197957384891,0.543,0.21526706536542273,0.28178107757782356,0.009080779697911257
BGR,2009,lnorm,corr,d,0.29112997895604403,0.332,0.2537039289894664,0.3066697107408788,-0.48717745141393504
BGR,2010,perm,orig,mawd,0.29943499308766924,0.775,0.20277587698734809,0.2677935068306663,0.7568725135823627
BGR,2010,perm,orig,d,0.3365840995488631,0.773,0.2516503819936582,0.3035914580277628,0.6768131724797027
BGR,2010,perm,clean,mawd,0.27188781079338353,0.744,0.19078617232687597,0.2478471085326568,0.6676896668908318
BGR,2010,perm,clean,d,0.31270772794728835,0.773,0.24444300777988973,0.2905433440582193,0.6553115034303999
BGR,2010,lnorm,orig,mawd,0.29943499308766924,0.463,0.22864403445604448,0.30375135968214556,-0.16419717694234287
BGR,2010,lnorm,orig,d,0.3365840995488631,0.614,0.26717164193008003,0.32464145259546273,0.2231686308719124
BGR,2010,lnorm,clean,mawd,0.27188781079338353,0.411,0.21065313930500787,0.28093226940458693,-0.2929897887985141
BGR,2010,lnorm,clean,d,0.31270772794728835,0.533,0.2553521751852176,0.30997907539585284,0.0617677120154415
BGR,2010,perm,corr,mawd,0.29943499308766924,0.775,0.20277587698734809,0.2677935068306663,0.7568725135823627
BGR,2010,perm,corr,d,0.3365840995488631,0.773,0.2516503819936582,0.3035914580277628,0.6768131724797027
BGR,2010,lnorm,corr,mawd,0.29943499308766924,0.463,0.22864403445604448,0.30375135968214556,-0.16419717694234287
BGR,2010,lnorm,corr,d,0.3365840995488631,0.614,0.26717164193008003,0.32464145259546273,0.2231686308719124
BGR,2011,perm,orig,mawd,0.29372197841473774,0.772,0.2041592956971033,0.26434283226846766,0.7421841940629557
BGR,2011,perm,orig,d,0.32402514678657507,0.699,0.2510106496635323,0.30073600058107386,0.38982561994158904
BGR,2011,perm,clean,mawd,0.30592668471038814,0.866,0.20201576050279468,0.2610915903151272,1.0802064918919243
BGR,2011,perm,clean,d,0.33702253017206596,0.788,0.24791629911398858,0.29857485232350656,0.7088587561905932
BGR,2011,lnorm,orig,mawd,0.29372197841473774,0.418,0.23127303200987695,0.30793601190489933,-0.3179150284941363
BGR,2011,lnorm,orig,d,0.32402514678657507,0.461,0.2688255881472609,0.32768592944044506,-0.16075395605902765
BGR,2011,lnorm,clean,mawd,0.30592668471038814,0.491,0.2269972753074682,0.30725348999544355,-0.08773486181346288
BGR,2011,lnorm,clean,d,0.33702253017206596,0.593,0.263152659563296,0.3270111210241703,0.17388008434270094
BGR,2011,perm,corr,mawd,0.29372197841473774,0.772,0.2041592956971033,0.26434283226846766,0.7421841940629557
BGR,2011,perm,corr,d,0.32402514678657507,0.699,0.2510106496635323,0.30073600058107386,0.38982561994158904
BGR,2011,lnorm,corr,mawd,0.29372197841473774,0.418,0.23127303200987695,0.30793601190489933,-0.3179150284941363
BGR,2011,lnorm,corr,d,0.32402514678657507,0.461,0.2688255881472609,0.32768592944044506,-0.16075395605902765
BGR,2012,perm,orig,mawd,0.28767599180829523,0.685,0.21113866491293068,0.2686519699991966,0.5084682467930582
BGR,2012,perm,orig,d,0.3068473145121178,0.497,0.2556763401655902,0.30692311563555014,-0.12955722399391795
BGR,2012,perm,clean,mawd,0.2709720466716285,0.743,0.20103202799761702,0.2520772728348031,0.6153729885485205
BGR,2012,perm,clean,d,0.2875129963746167,0.416,0.24601759463278614,0.2945484537291122,-0.2663063057165078
BGR,2012,lnorm,orig,mawd,0.28767599180829523,0.345,0.23753417565295767,0.31066395654512335,-0.49884154331313285
BGR,2012,lnorm,orig,d,0.3068473145121178,0.255,0.2735286089063545,0.3346699370198282,-0.7172673870996844
BGR,2012,lnorm,clean,mawd,0.2709720466716285,0.32,0.2240589967806405,0.2925994452707595,-0.5046914142285429
BGR,2012,lnorm,clean,d,0.2875129963746167,0.192,0.26286173187465695,0.3191155055406214,-0.9094195813298419
BGR,2012,perm,corr,mawd,0.28767599180829523,0.685,0.21113866491293068,0.2686519699991966,0.5084682467930582
BGR,2012,perm,corr,d,0.3068473145121178,0.497,0.2556763401655902,0.30692311563555014,-0.12955722399391795
BGR,2012,lnorm,corr,mawd,0.28767599180829523,0.345,0.23753417565295767,0.31066395654512335,-0.49884154331313285
BGR,2012,lnorm,corr,d,0.3068473145121178,0.255,0.2735286089063545,0.3346699370198282,-0.7172673870996844
BGR,2013,perm,orig,mawd,0.2732686813126192,0.491,0.21822812454539378,0.27424956487316765,-0.02974720013645338
BGR,2013,perm,orig,d,0.2902600845014481,0.3,0.25957972963930265,0.30657202438709297,-0.5696219822624053
BGR,2013,perm,clean,mawd,0.2789970496700574,0.626,0.21269394317875293,0.26792302482458463,0.30731387295242385
BGR,2013,perm,clean,d,0.2983906603991592,0.468,0.2517214734613185,0.30090661039121436,-0.1513745967501013
BGR,2013,lnorm,orig,mawd,0.2732686813126192,0.193,0.24595082794540113,0.31809707878880267,-0.9061047010354335
BGR,2013,lnorm,orig,d,0.2902600845014481,0.117,0.27704180869337797,0.33180428625014335,-1.2020218167820518
BGR,2013,lnorm,clean,mawd,0.2789970496700574,0.251,0.235463854971899,0.3114378065298814,-0.6867213610954518
BGR,2013,lnorm,clean,d,0.2983906603991592,0.212,0.26760558578159555,0.32472721368845525,-0.7807416346050606
BGR,2013,perm,corr,mawd,0.2732686813126192,0.491,0.21822812454539378,0.27424956487316765,-0.02974720013645338
BGR,2013,perm,corr,d,0.2902600845014481,0.3,0.25957972963930265,0.30657202438709297,-0.5696219822624053
BGR,2013,lnorm,corr,mawd,0.2732686813126192,0.193,0.24595082794540113,0.31809707878880267,-0.9061047010354335
BGR,2013,lnorm,corr,d,0.2902600845014481,0.117,0.27704180869337797,0.33180428625014335,-1.2020218167820518
BGR,2014,perm,orig,mawd,0.24524619299004335,0.336,0.20875018579552992,0.25922620831452137,-0.4475432687399427
BGR,2014,perm,orig,d,0.2756159272764697,0.326,0.24689690987182641,0.2873601712476843,-0.5051403197652318
BGR,2014,perm,clean,mawd,0.25204206888535374,0.48,0.20102104719664945,0.25337175957731817,-0.05588036932273013
BGR,2014,perm,clean,d,0.2829114957187042,0.469,0.23999670139661483,0.2852820850086449,-0.17777015758428902
BGR,2014,lnorm,orig,mawd,0.24524619299004335,0.11,0.23050735548123064,0.29573246222193184,-1.157888612615624
BGR,2014,lnorm,orig,d,0.2756159272764697,0.138,0.26154068603236186,0.31062668062423204,-1.1218462272460072
BGR,2014,lnorm,clean,mawd,0.25204206888535374,0.206,0.22062144635266218,0.29077990014302,-0.8622258334600865
BGR,2014,lnorm,clean,d,0.2829114957187042,0.222,0.25403237676336177,0.306935524230761,-0.7803161511241052
BGR,2014,perm,corr,mawd,0.24524619299004335,0.336,0.20875018579552992,0.25922620831452137,-0.4475432687399427
BGR,2014,perm,corr,d,0.2756159272764697,0.326,0.24689690987182641,0.2873601712476843,-0.5051403197652318
BGR,2014,lnorm,corr,mawd,0.24524619299004335,0.11,0.23050735548123064,0.29573246222193184,-1.157888612615624
BGR,2014,lnorm,corr,d,0.2756159272764697,0.138,0.26154068603236186,0.31062668062423204,-1.1218462272460072
BRA,2000,perm,orig,mawd,,0.0,,,
BRA,2000,perm,orig,d,,0.0,,,
BRA,2000,perm,clean,mawd,,0.0,,,
BRA,2000,perm,clean,d,,0.0,,,
BRA,2000,lnorm,orig,mawd,,0.0,0.38452439976333197,0.5160173036993516,
BRA,2000,lnorm,orig,d,,0.0,0.616180011838316,0.9639524683074768,
BRA,2000,lnorm,clean,mawd,,0.0,0.34562762041020817,0.5139004680482543,
BRA,2000,lnorm,clean,d,,0.0,0.6367765824626295,0.9575450963446652,
BRA,2000,perm,corr,mawd,,0.0,,,
BRA,2000,perm,corr,d,,0.0,,,
BRA,2000,lnorm,corr,mawd,,0.0,0.38452439976333197,0.5160173036993516,
BRA,2000,lnorm,corr,d,,0.0,0.616180011838316,0.9639524683074768,
BRA,2001,perm,orig,mawd,,0.0,,,
BRA,2001,perm,orig,d,,0.0,,,
BRA,2001,perm,clean,mawd,,0.0,,,
BRA,2001,perm,clean,d,,0.0,,,
BRA,2001,lnorm,orig,mawd,,0.0,0.38821315982468485,0.5216418077942966,
BRA,2001,lnorm,orig,d,,0.0,0.6342215155651961,0.9747698918285079,
BRA,2001,lnorm,clean,mawd,,0.0,0.3415779209072524,0.5061840484803926,
BRA,2001,lnorm,clean,d,,0.0,0.6497892059664487,0.9706987722427252,
BRA,2001,perm,corr,mawd,,0.0,,,
BRA,2001,perm,corr,d,,0.0,,,
BRA,2001,lnorm,corr,mawd,,0.0,0.38821315982468485,0.5216418077942966,
BRA,2001,lnorm,corr,d,,0.0,0.6342215155651961,0.9747698918285079,
BRA,2002,perm,orig,mawd,,0.0,,,
BRA,2002,perm,orig,d,,0.0,,,
BRA,2002,perm,clean,mawd,,0.0,,,
BRA,2002,perm,clean,d,,0.0,,,
BRA,2002,lnorm,orig,mawd,,0.0,0.38785366753876893,0.5245051131290093,
BRA,2002,lnorm,orig,d,,0.0,0.6370194389893562,0.977010759201116,
BRA,2002,lnorm,clean,mawd,,0.0,0.35282286474382896,0.5104053724414798,
BRA,2002,lnorm,clean,d,,0.0,0.6532683815892923,0.9730219744429187,
BRA,2002,perm,corr,mawd,,0.0,,,
BRA,2002,perm,corr,d,,0.0,,,
BRA,2002,lnorm,corr,mawd,,0.0,0.38785366753876893,0.5245051131290093,
BRA,2002,lnorm,corr,d,,0.0,0.6370194389893562,0.977010759201116,
BRA,2003,perm,orig,mawd,,0.0,,,
BRA,2003,perm,orig,d,,0.0,,,
BRA,2003,perm,clean,mawd,,0.0,,,
BRA,2003,perm,clean,d,,0.0,,,
BRA,2003,lnorm,orig,mawd,,0.0,0.38031126712374,0.5176976089773139,
BRA,2003,lnorm,orig,d,,0.0,0.6353343010437309,0.9742589421535905,
BRA,2003,lnorm,clean,mawd,,0.0,0.3527474565320274,0.5095455385637355,
BRA,2003,lnorm,clean,d,,0.0,0.6510533925225305,0.9718321502712757,
BRA,2003,perm,corr,mawd,,0.0,,,
BRA,2003,perm,corr,d,,0.0,,,
BRA,2003,lnorm,corr,mawd,,0.0,0.38031126712374,0.5176976089773139,
BRA,2003,lnorm,corr,d,,0.0,0.6353343010437309,0.9742589421535905,
BRA,2004,perm,orig,mawd,,0.0,,,
BRA,2004,perm,orig,d,,0.0,,,
BRA,2004,perm,clean,mawd,,0.0,,,
BRA,2004,perm,clean,d,,0.0,,,
BRA,2004,lnorm,orig,mawd,,0.0,0.39319403271837466,0.5263181316259866,
BRA,2004,lnorm,orig,d,,0.0,0.6303332775702479,0.9724879699678074,
BRA,2004,lnorm,clean,mawd,,0.0,0.3602766135886331,0.5256507413265854,
BRA,2004,lnorm,clean,d,,0.0,0.6495746619722919,0.9704492590788383,
BRA,2004,perm,corr,mawd,,0.0,,,
BRA,2004,perm,corr,d,,0.0,,,
BRA,2004,lnorm,corr,mawd,,0.0,0.39319403271837466,0.5263181316259866,
BRA,2004,lnorm,corr,d,,0.0,0.6303332775702479,0.9724879699678074,
BRA,2005,perm,orig,mawd,,0.0,,,
BRA,2005,perm,orig,d,,0.0,,,
BRA,2005,perm,clean,mawd,,0.0,,,
BRA,2005,perm,clean,d,,0.0,,,
BRA,2005,lnorm,orig,mawd,,0.0,0.39920715143134483,0.5504473752033091,
BRA,2005,lnorm,orig,d,,0.0,0.6414597994871741,0.9880578856518825,
BRA,2005,lnorm,clean,mawd,,0.0,0.36360465238984846,0.5291026125365135,
BRA,2005,lnorm,clean,d,,0.0,0.6571253476368094,0.9822607198491914,
BRA,2005,perm,corr,mawd,,0.0,,,
BRA,2005,perm,corr,d,,0.0,,,
BRA,2005,lnorm,corr,mawd,,0.0,0.39920715143134483,0.5504473752033091,
BRA,2005,lnorm,corr,d,,0.0,0.6414597994871741,0.9880578856518825,
BRA,2006,perm,orig,mawd,,0.0,,,
BRA,2006,perm,orig,d,,0.0,,,
BRA,2006,perm,clean,mawd,,0.0,,,
BRA,2006,perm,clean,d,,0.0,,,
BRA,2006,lnorm,orig,mawd,,0.0,0.4324850465796663,0.6008377148360358,
BRA,2006,lnorm,orig,d,,0.0,0.6731858916963941,1.0252228673525958,
BRA,2006,lnorm,clean,mawd,,0.0,0.38645520431573566,0.569796683652334,
BRA,2006,lnorm,clean,d,,0.0,0.6842524930741237,1.0166792301214151,
BRA,2006,perm,corr,mawd,,0.0,,,
BRA,2006,perm,corr,d,,0.0,,,
BRA,2006,lnorm,corr,mawd,,0.0,0.4324850465796663,0.6008377148360358,
BRA,2006,lnorm,corr,d,,0.0,0.6731858916963941,1.0252228673525958,
BRA,2007,perm,orig,mawd,,0.0,,,
BRA,2007,perm,orig,d,,0.0,,,
BRA,2007,perm,clean,mawd,,0.0,,,
BRA,2007,perm,clean,d,,0.0,,,
BRA,2007,lnorm,orig,mawd,,0.0,0.4038821052735726,0.5584650130450327,
BRA,2007,lnorm,orig,d,,0.0,0.6232603613113887,0.9654002404122692,
BRA,2007,lnorm,clean,mawd,,0.0,0.3731738686564323,0.5345975146754978,
BRA,2007,lnorm,clean,d,,0.0,0.6340000284118592,0.9584773733040177,
BRA,2007,perm,corr,mawd,,0.0,,,
BRA,2007,perm,corr,d,,0.0,,,
BRA,2007,lnorm,corr,mawd,,0.0,0.4038821052735726,0.5584650130450327,
BRA,2007,lnorm,corr,d,,0.0,0.6232603613113887,0.9654002404122692,
BRA,2008,perm,orig,mawd,,0.0,,,
BRA,2008,perm,orig,d,,0.0,,,
BRA,2008,perm,clean,mawd,,0.0,,,
BRA,2008,perm,clean,d,,0.0,,,
BRA,2008,lnorm,orig,mawd,,0.0,0.3978239838232145,0.5472819377895966,
BRA,2008,lnorm,orig,d,,0.0,0.6261127628020348,0.9647265189047142,
BRA,2008,lnorm,clean,mawd,,0.0,0.363122131956971,0.53172758637853,
BRA,2008,lnorm,clean,d,,0.0,0.6369891124680755,0.9624172032123733,
BRA,2008,perm,corr,mawd,,0.0,,,
BRA,2008,perm,corr,d,,0.0,,,
BRA,2008,lnorm,corr,mawd,,0.0,0.3978239838232145,0.5472819377895966,
BRA,2008,lnorm,corr,d,,0.0,0.6261127628020348,0.9647265189047142,
BRA,2009,perm,orig,mawd,,0.0,,,
BRA,2009,perm,orig,d,,0.0,,,
BRA,2009,perm,clean,mawd,,0.0,,,
BRA,2009,perm,clean,d,,0.0,,,
BRA,2009,lnorm,orig,mawd,,0.0,0.37728580039420107,0.5203731875639641,
BRA,2009,lnorm,orig,d,,0.0,0.593977523865649,0.9208507986711303,
BRA,2009,lnorm,clean,mawd,,0.0,0.3554195317361357,0.5027063656004864,
BRA,2009,lnorm,clean,d,,0.0,0.6026299066645959,0.9217890057782983,
BRA,2009,perm,corr,mawd,,0.0,,,
BRA,2009,perm,corr,d,,0.0,,,
BRA,2009,lnorm,corr,mawd,,0.0,0.37728580039420107,0.5203731875639641,
BRA,2009,lnorm,corr,d,,0.0,0.593977523865649,0.9208507986711303,
BRA,2010,perm,orig,mawd,,0.0,,,
BRA,2010,perm,orig,d,,0.0,,,
BRA,2010,perm,clean,mawd,,0.0,,,
BRA,2010,perm,clean,d,,0.0,,,
BRA,2010,lnorm,orig,mawd,,0.0,0.4173313965598762,0.5751971711361001,
BRA,2010,lnorm,orig,d,,0.0,0.6470650256006125,1.0015394086488225,
BRA,2010,lnorm,clean,mawd,,0.0,0.37099265776825757,0.5519423088609217,
BRA,2010,lnorm,clean,d,,0.0,0.6653794638782805,0.9982317043881338,
BRA,2010,perm,corr,mawd,,0.0,,,
BRA,2010,perm,corr,d,,0.0,,,
BRA,2010,lnorm,corr,mawd,,0.0,0.4173313965598762,0.5751971711361001,
BRA,2010,lnorm,corr,d,,0.0,0.6470650256006125,1.0015394086488225,
BRA,2011,perm,orig,mawd,,0.0,,,
BRA,2011,perm,orig,d,,0.0,,,
BRA,2011,perm,clean,mawd,,0.0,,,
BRA,2011,perm,clean,d,,0.0,,,
BRA,2011,lnorm,orig,mawd,,0.0,0.41451115318163556,0.5675573292300159,
BRA,2011,lnorm,orig,d,,0.0,0.642529232719025,0.9953271990034498,
BRA,2011,lnorm,clean,mawd,,0.0,0.3685651117367589,0.5509036119287047,
BRA,2011,lnorm,clean,d,,0.0,0.6589432352102659,0.9930631778447967,
BRA,2011,perm,corr,mawd,,0.0,,,
BRA,2011,perm,corr,d,,0.0,,,
BRA,2011,lnorm,corr,mawd,,0.0,0.41451115318163556,0.5675573292300159,
BRA,2011,lnorm,corr,d,,0.0,0.642529232719025,0.9953271990034498,
BRA,2012,perm,orig,mawd,,0.0,,,
BRA,2012,perm,orig,d,,0.0,,,
BRA,2012,perm,clean,mawd,,0.0,,,
BRA,2012,perm,clean,d,,0.0,,,
BRA,2012,lnorm,orig,mawd,,0.0,0.40250365665356774,0.5551515817153401,
BRA,2012,lnorm,orig,d,,0.0,0.6401531141761886,0.9896660399682761,
BRA,2012,lnorm,clean,mawd,,0.0,0.3661377790948336,0.535283486249591,
BRA,2012,lnorm,clean,d,,0.0,0.6473992431229136,0.9842901217166915,
BRA,2012,perm,corr,mawd,,0.0,,,
BRA,2012,perm,corr,d,,0.0,,,
BRA,2012,lnorm,corr,mawd,,0.0,0.40250365665356774,0.5551515817153401,
BRA,2012,lnorm,corr,d,,0.0,0.6401531141761886,0.9896660399682761,
BRA,2013,perm,orig,mawd,,0.0,,,
BRA,2013,perm,orig,d,,0.0,,,
BRA,2013,perm,clean,mawd,,0.0,,,
BRA,2013,perm,clean,d,,0.0,,,
BRA,2013,lnorm,orig,mawd,,0.0,0.4036148515073436,0.5534720598932689,
BRA,2013,lnorm,orig,d,,0.0,0.6420958652680246,0.9878515438581,
BRA,2013,lnorm,clean,mawd,,0.0,0.3642437678766816,0.536169680511974,
BRA,2013,lnorm,clean,d,,0.0,0.6485496769252996,0.9821787235352679,
BRA,2013,perm,corr,mawd,,0.0,,,
BRA,2013,perm,corr,d,,0.0,,,
BRA,2013,lnorm,corr,mawd,,0.0,0.4036148515073436,0.5534720598932689,
BRA,2013,lnorm,corr,d,,0.0,0.6420958652680246,0.9878515438581,
BRA,2014,perm,orig,mawd,,0.0,,,
BRA,2014,perm,orig,d,,0.0,,,
BRA,2014,perm,clean,mawd,,0.0,,,
BRA,2014,perm,clean,d,,0.0,,,
BRA,2014,lnorm,orig,mawd,,0.0,0.3901051998616464,0.5352959788086614,
BRA,2014,lnorm,orig,d,,0.0,0.6329645171271291,0.968834731015074,
BRA,2014,lnorm,clean,mawd,,0.0,0.35149027933128413,0.5159164613558622,
BRA,2014,lnorm,clean,d,,0.0,0.6382464280512801,0.9632181138647751,
BRA,2014,perm,corr,mawd,,0.0,,,
BRA,2014,perm,corr,d,,0.0,,,
BRA,2014,lnorm,corr,mawd,,0.0,0.3901051998616464,0.5352959788086614,
BRA,2014,lnorm,corr,d,,0.0,0.6329645171271291,0.968834731015074,
CAN,2000,perm,orig,mawd,,0.0,,,
CAN,2000,perm,orig,d,,0.0,,,
CAN,2000,perm,clean,mawd,,0.0,,,
CAN,2000,perm,clean,d,,0.0,,,
CAN,2000,lnorm,orig,mawd,,0.0,0.22796014801949746,0.3027954416919558,
CAN,2000,lnorm,orig,d,,0.0,0.34642461595919305,0.6030161703381608,
CAN,2000,lnorm,clean,mawd,,0.0,0.22403780430616604,0.30320594419462765,
CAN,2000,lnorm,clean,d,,0.0,0.34842987379334234,0.6092441156378677,
CAN,2000,perm,corr,mawd,,0.0,,,
CAN,2000,perm,corr,d,,0.0,,,
CAN,2000,lnorm,corr,mawd,,0.0,0.22796014801949746,0.3027954416919558,
CAN,2000,lnorm,corr,d,,0.0,0.34642461595919305,0.6030161703381608,
CAN,2001,perm,orig,mawd,,0.0,,,
CAN,2001,perm,orig,d,,0.0,,,
CAN,2001,perm,clean,mawd,,0.0,,,
CAN,2001,perm,clean,d,,0.0,,,
CAN,2001,lnorm,orig,mawd,,0.0,0.22248659665136772,0.29829106682168016,
CAN,2001,lnorm,orig,d,,0.0,0.34451960453033553,0.5944124629878242,
CAN,2001,lnorm,clean,mawd,,0.0,0.22180421373555753,0.29956157357332847,
CAN,2001,lnorm,clean,d,,0.0,0.3471576532508279,0.603264717163899,
CAN,2001,perm,corr,mawd,,0.0,,,
CAN,2001,perm,corr,d,,0.0,,,
CAN,2001,lnorm,corr,mawd,,0.0,0.22248659665136772,0.29829106682168016,
CAN,2001,lnorm,corr,d,,0.0,0.34451960453033553,0.5944124629878242,
CAN,2002,perm,orig,mawd,,0.0,,,
CAN,2002,perm,orig,d,,0.0,,,
CAN,2002,perm,clean,mawd,,0.0,,,
CAN,2002,perm,clean,d,,0.0,,,
CAN,2002,lnorm,orig,mawd,,0.0,0.22544549684663015,0.3018730244655292,
CAN,2002,lnorm,orig,d,,0.0,0.34548998716458146,0.5886983788930706,
CAN,2002,lnorm,clean,mawd,,0.0,0.22403359497312408,0.30170625338607165,
CAN,2002,lnorm,clean,d,,0.0,0.345486036113728,0.5948834748700138,
CAN,2002,perm,corr,mawd,,0.0,,,
CAN,2002,perm,corr,d,,0.0,,,
CAN,2002,lnorm,corr,mawd,,0.0,0.22544549684663015,0.3018730244655292,
CAN,2002,lnorm,corr,d,,0.0,0.34548998716458146,0.5886983788930706,
CAN,2003,perm,orig,mawd,,0.0,,,
CAN,2003,perm,orig,d,,0.0,,,
CAN,2003,perm,clean,mawd,,0.0,,,
CAN,2003,perm,clean,d,,0.0,,,
CAN,2003,lnorm,orig,mawd,,0.0,0.22626683137146622,0.30404129938504265,
CAN,2003,lnorm,orig,d,,0.0,0.34584877404941833,0.5842548660453757,
CAN,2003,lnorm,clean,mawd,,0.0,0.22636328061152275,0.3049429862286831,
CAN,2003,lnorm,clean,d,,0.0,0.34479896623953465,0.5903571304623183,
CAN,2003,perm,corr,mawd,,0.0,,,
CAN,2003,perm,corr,d,,0.0,,,
CAN,2003,lnorm,corr,mawd,,0.0,0.22626683137146622,0.30404129938504265,
CAN,2003,lnorm,corr,d,,0.0,0.34584877404941833,0.5842548660453757,
CAN,2004,perm,orig,mawd,,0.0,,,
CAN,2004,perm,orig,d,,0.0,,,
CAN,2004,perm,clean,mawd,,0.0,,,
CAN,2004,perm,clean,d,,0.0,,,
CAN,2004,lnorm,orig,mawd,,0.0,0.22817156142182551,0.30463848661847315,
CAN,2004,lnorm,orig,d,,0.0,0.3442131749440816,0.5821678988696102,
CAN,2004,lnorm,clean,mawd,,0.0,0.2269525976915108,0.3052505625981353,
CAN,2004,lnorm,clean,d,,0.0,0.3437160789929606,0.5882465634620881,
CAN,2004,perm,corr,mawd,,0.0,,,
CAN,2004,perm,corr,d,,0.0,,,
CAN,2004,lnorm,corr,mawd,,0.0,0.22817156142182551,0.30463848661847315,
CAN,2004,lnorm,corr,d,,0.0,0.3442131749440816,0.5821678988696102,
CAN,2005,perm,orig,mawd,,0.0,,,
CAN,2005,perm,orig,d,,0.0,,,
CAN,2005,perm,clean,mawd,,0.0,,,
CAN,2005,perm,clean,d,,0.0,,,
CAN,2005,lnorm,orig,mawd,,0.0,0.23193943927233535,0.3110180000119448,
CAN,2005,lnorm,orig,d,,0.0,0.3464674899717907,0.5889177856956118,
CAN,2005,lnorm,clean,mawd,,0.0,0.2329861654720459,0.31193790848089764,
CAN,2005,lnorm,clean,d,,0.0,0.347228129161272,0.5952982400899169,
CAN,2005,perm,corr,mawd,,0.0,,,
CAN,2005,perm,corr,d,,0.0,,,
CAN,2005,lnorm,corr,mawd,,0.0,0.23193943927233535,0.3110180000119448,
CAN,2005,lnorm,corr,d,,0.0,0.3464674899717907,0.5889177856956118,
CAN,2006,perm,orig,mawd,,0.0,,,
CAN,2006,perm,orig,d,,0.0,,,
CAN,2006,perm,clean,mawd,,0.0,,,
CAN,2006,perm,clean,d,,0.0,,,
CAN,2006,lnorm,orig,mawd,,0.0,0.23222268020212358,0.3112901256269877,
CAN,2006,lnorm,orig,d,,0.0,0.3466679317844968,0.5816184472534893,
CAN,2006,lnorm,clean,mawd,,0.0,0.23355138643608303,0.3104980757280964,
CAN,2006,lnorm,clean,d,,0.0,0.3472843422153156,0.5881395611163895,
CAN,2006,perm,corr,mawd,,0.0,,,
CAN,2006,perm,corr,d,,0.0,,,
CAN,2006,lnorm,corr,mawd,,0.0,0.23222268020212358,0.3112901256269877,
CAN,2006,lnorm,corr,d,,0.0,0.3466679317844968,0.5816184472534893,
CAN,2007,perm,orig,mawd,,0.0,,,
CAN,2007,perm,orig,d,,0.0,,,
CAN,2007,perm,clean,mawd,,0.0,,,
CAN,2007,perm,clean,d,,0.0,,,
CAN,2007,lnorm,orig,mawd,,0.0,0.23136953681858388,0.30876749478191157,
CAN,2007,lnorm,orig,d,,0.0,0.3442913368851985,0.572295478737753,
CAN,2007,lnorm,clean,mawd,,0.0,0.23079756415753405,0.3076670089389464,
CAN,2007,lnorm,clean,d,,0.0,0.34476545715112783,0.5783855841091277,
CAN,2007,perm,corr,mawd,,0.0,,,
CAN,2007,perm,corr,d,,0.0,,,
CAN,2007,lnorm,corr,mawd,,0.0,0.23136953681858388,0.30876749478191157,
CAN,2007,lnorm,corr,d,,0.0,0.3442913368851985,0.572295478737753,
CAN,2008,perm,orig,mawd,,0.0,,,
CAN,2008,perm,orig,d,,0.0,,,
CAN,2008,perm,clean,mawd,,0.0,,,
CAN,2008,perm,clean,d,,0.0,,,
CAN,2008,lnorm,orig,mawd,,0.0,0.22847958945328117,0.3036384626315108,
CAN,2008,lnorm,orig,d,,0.0,0.3430905623517757,0.5661538497679555,
CAN,2008,lnorm,clean,mawd,,0.0,0.2271067606127619,0.30278464063821103,
CAN,2008,lnorm,clean,d,,0.0,0.34157089750676073,0.5714744453217224,
CAN,2008,perm,corr,mawd,,0.0,,,
CAN,2008,perm,corr,d,,0.0,,,
CAN,2008,lnorm,corr,mawd,,0.0,0.22847958945328117,0.3036384626315108,
CAN,2008,lnorm,corr,d,,0.0,0.3430905623517757,0.5661538497679555,
CAN,2009,perm,orig,mawd,,0.0,,,
CAN,2009,perm,orig,d,,0.0,,,
CAN,2009,perm,clean,mawd,,0.0,,,
CAN,2009,perm,clean,d,,0.0,,,
CAN,2009,lnorm,orig,mawd,,0.0,0.22750041960994224,0.30025237094777846,
CAN,2009,lnorm,orig,d,,0.0,0.3428037965601459,0.5690397580882021,
CAN,2009,lnorm,clean,mawd,,0.0,0.22541309786578026,0.29899074283226157,
CAN,2009,lnorm,clean,d,,0.0,0.34365313672350567,0.5742115226271769,
CAN,2009,perm,corr,mawd,,0.0,,,
CAN,2009,perm,corr,d,,0.0,,,
CAN,2009,lnorm,corr,mawd,,0.0,0.22750041960994224,0.30025237094777846,
CAN,2009,lnorm,corr,d,,0.0,0.3428037965601459,0.5690397580882021,
CAN,2010,perm,orig,mawd,,0.0,,,
CAN,2010,perm,orig,d,,0.0,,,
CAN,2010,perm,clean,mawd,,0.0,,,
CAN,2010,perm,clean,d,,0.0,,,
CAN,2010,lnorm,orig,mawd,,0.0,0.23196041335186213,0.3069387662742401,
CAN,2010,lnorm,orig,d,,0.0,0.3467372913010578,0.5835760111331242,
CAN,2010,lnorm,clean,mawd,,0.0,0.23120865990002074,0.30619542960568846,
CAN,2010,lnorm,clean,d,,0.0,0.3474848711359492,0.5886619171291159,
CAN,2010,perm,corr,mawd,,0.0,,,
CAN,2010,perm,corr,d,,0.0,,,
CAN,2010,lnorm,corr,mawd,,0.0,0.23196041335186213,0.3069387662742401,
CAN,2010,lnorm,corr,d,,0.0,0.3467372913010578,0.5835760111331242,
CAN,2011,perm,orig,mawd,,0.0,,,
CAN,2011,perm,orig,d,,0.0,,,
CAN,2011,perm,clean,mawd,,0.0,,,
CAN,2011,perm,clean,d,,0.0,,,
CAN,2011,lnorm,orig,mawd,,0.0,0.22984624316557026,0.305052073022155,
CAN,2011,lnorm,orig,d,,0.0,0.34720978268113883,0.5857778543070835,
CAN,2011,lnorm,clean,mawd,,0.0,0.22942334062136902,0.3041535261131175,
CAN,2011,lnorm,clean,d,,0.0,0.3477994537470435,0.5913929213320024,
CAN,2011,perm,corr,mawd,,0.0,,,
CAN,2011,perm,corr,d,,0.0,,,
CAN,2011,lnorm,corr,mawd,,0.0,0.22984624316557026,0.305052073022155,
CAN,2011,lnorm,corr,d,,0.0,0.34720978268113883,0.5857778543070835,
CAN,2012,perm,orig,mawd,,0.0,,,
CAN,2012,perm,orig,d,,0.0,,,
CAN,2012,perm,clean,mawd,,0.0,,,
CAN,2012,perm,clean,d,,0.0,,,
CAN,2012,lnorm,orig,mawd,,0.0,0.23076904148400434,0.3080748546568328,
CAN,2012,lnorm,orig,d,,0.0,0.35113061568452786,0.5929545335528745,
CAN,2012,lnorm,clean,mawd,,0.0,0.23096125646814855,0.30669724526737463,
CAN,2012,lnorm,clean,d,,0.0,0.35098974217813717,0.5992681856967104,
CAN,2012,perm,corr,mawd,,0.0,,,
CAN,2012,perm,corr,d,,0.0,,,
CAN,2012,lnorm,corr,mawd,,0.0,0.23076904148400434,0.3080748546568328,
CAN,2012,lnorm,corr,d,,0.0,0.35113061568452786,0.5929545335528745,
CAN,2013,perm,orig,mawd,,0.0,,,
CAN,2013,perm,orig,d,,0.0,,,
CAN,2013,perm,clean,mawd,,0.0,,,
CAN,2013,perm,clean,d,,0.0,,,
CAN,2013,lnorm,orig,mawd,,0.0,0.23654420604713916,0.31693267870258474,
CAN,2013,lnorm,orig,d,,0.0,0.35699646298471516,0.6088018147666782,
CAN,2013,lnorm,clean,mawd,,0.0,0.2369058121158313,0.3154645879054563,
CAN,2013,lnorm,clean,d,,0.0,0.35700410036740565,0.6150149486719936,
CAN,2013,perm,corr,mawd,,0.0,,,
CAN,2013,perm,corr,d,,0.0,,,
CAN,2013,lnorm,corr,mawd,,0.0,0.23654420604713916,0.31693267870258474,
CAN,2013,lnorm,corr,d,,0.0,0.35699646298471516,0.6088018147666782,
CAN,2014,perm,orig,mawd,,0.0,,,
CAN,2014,perm,orig,d,,0.0,,,
CAN,2014,perm,clean,mawd,,0.0,,,
CAN,2014,perm,clean,d,,0.0,,,
CAN,2014,lnorm,orig,mawd,,0.0,0.2358830072186469,0.31818028627548534,
CAN,2014,lnorm,orig,d,,0.0,0.3575852480625902,0.605623828513179,
CAN,2014,lnorm,clean,mawd,,0.0,0.23633271186619334,0.3167811215072779,
CAN,2014,lnorm,clean,d,,0.0,0.3576591131667897,0.6117246486860364,
CAN,2014,perm,corr,mawd,,0.0,,,
CAN,2014,perm,corr,d,,0.0,,,
CAN,2014,lnorm,corr,mawd,,0.0,0.2358830072186469,0.31818028627548534,
CAN,2014,lnorm,corr,d,,0.0,0.3575852480625902,0.605623828513179,
CHE,2000,perm,orig,mawd,,0.0,,,
CHE,2000,perm,orig,d,,0.0,,,
CHE,2000,perm,clean,mawd,,0.0,,,
CHE,2000,perm,clean,d,,0.0,,,
CHE,2000,lnorm,orig,mawd,,0.0,0.2544279635735407,0.34527379209727216,
CHE,2000,lnorm,orig,d,,0.0,0.43330727738596286,0.6944559863749836,
CHE,2000,lnorm,clean,mawd,,0.0,0.24555104155171845,0.33979188793365045,
CHE,2000,lnorm,clean,d,,0.0,0.43908535836439105,0.6997057370364577,
CHE,2000,perm,corr,mawd,,0.0,,,
CHE,2000,perm,corr,d,,0.0,,,
CHE,2000,lnorm,corr,mawd,,0.0,0.2544279635735407,0.34527379209727216,
CHE,2000,lnorm,corr,d,,0.0,0.43330727738596286,0.6944559863749836,
CHE,2001,perm,orig,mawd,,0.0,,,
CHE,2001,perm,orig,d,,0.0,,,
CHE,2001,perm,clean,mawd,,0.0,,,
CHE,2001,perm,clean,d,,0.0,,,
CHE,2001,lnorm,orig,mawd,,0.0,0.25329927316508366,0.33896776479457347,
CHE,2001,lnorm,orig,d,,0.0,0.42880416355162604,0.6887627067900979,
CHE,2001,lnorm,clean,mawd,,0.0,0.2404041504478404,0.3310377316750733,
CHE,2001,lnorm,clean,d,,0.0,0.4336058035757694,0.6954152880156673,
CHE,2001,perm,corr,mawd,,0.0,,,
CHE,2001,perm,corr,d,,0.0,,,
CHE,2001,lnorm,corr,mawd,,0.0,0.25329927316508366,0.33896776479457347,
CHE,2001,lnorm,corr,d,,0.0,0.42880416355162604,0.6887627067900979,
CHE,2002,perm,orig,mawd,,0.0,,,
CHE,2002,perm,orig,d,,0.0,,,
CHE,2002,perm,clean,mawd,,0.0,,,
CHE,2002,perm,clean,d,,0.0,,,
CHE,2002,lnorm,orig,mawd,,0.0,0.2515626831639934,0.33699710402738536,
CHE,2002,lnorm,orig,d,,0.0,0.42916561452926155,0.688006526325494,
CHE,2002,lnorm,clean,mawd,,0.0,0.23981689299024714,0.32920582503976925,
CHE,2002,lnorm,clean,d,,0.0,0.43543334670629286,0.6962803437719833,
CHE,2002,perm,corr,mawd,,0.0,,,
CHE,2002,perm,corr,d,,0.0,,,
CHE,2002,lnorm,corr,mawd,,0.0,0.2515626831639934,0.33699710402738536,
CHE,2002,lnorm,corr,d,,0.0,0.42916561452926155,0.688006526325494,
CHE,2003,perm,orig,mawd,,0.0,,,
CHE,2003,perm,orig,d,,0.0,,,
CHE,2003,perm,clean,mawd,,0.0,,,
CHE,2003,perm,clean,d,,0.0,,,
CHE,2003,lnorm,orig,mawd,,0.0,0.25749632960259183,0.3463383056717987,
CHE,2003,lnorm,orig,d,,0.0,0.43507743956102873,0.6945050757874152,
CHE,2003,lnorm,clean,mawd,,0.0,0.24490675862870148,0.3355594313890975,
CHE,2003,lnorm,clean,d,,0.0,0.44284932273627675,0.7054261870405496,
CHE,2003,perm,corr,mawd,,0.0,,,
CHE,2003,perm,corr,d,,0.0,,,
CHE,2003,lnorm,corr,mawd,,0.0,0.25749632960259183,0.3463383056717987,
CHE,2003,lnorm,corr,d,,0.0,0.43507743956102873,0.6945050757874152,
CHE,2004,perm,orig,mawd,,0.0,,,
CHE,2004,perm,orig,d,,0.0,,,
CHE,2004,perm,clean,mawd,,0.0,,,
CHE,2004,perm,clean,d,,0.0,,,
CHE,2004,lnorm,orig,mawd,,0.0,0.25345413433983743,0.34053537611437296,
CHE,2004,lnorm,orig,d,,0.0,0.4332947024147794,0.6901825487482829,
CHE,2004,lnorm,clean,mawd,,0.0,0.24150011819686004,0.33085308059657614,
CHE,2004,lnorm,clean,d,,0.0,0.4392628550884066,0.6976450257385927,
CHE,2004,perm,corr,mawd,,0.0,,,
CHE,2004,perm,corr,d,,0.0,,,
CHE,2004,lnorm,corr,mawd,,0.0,0.25345413433983743,0.34053537611437296,
CHE,2004,lnorm,corr,d,,0.0,0.4332947024147794,0.6901825487482829,
CHE,2005,perm,orig,mawd,,0.0,,,
CHE,2005,perm,orig,d,,0.0,,,
CHE,2005,perm,clean,mawd,,0.0,,,
CHE,2005,perm,clean,d,,0.0,,,
CHE,2005,lnorm,orig,mawd,,0.0,0.25717371245134046,0.3462746707437526,
CHE,2005,lnorm,orig,d,,0.0,0.44036833289756344,0.7058541706103136,
CHE,2005,lnorm,clean,mawd,,0.0,0.24643983534630776,0.3370126647527538,
CHE,2005,lnorm,clean,d,,0.0,0.44574416405468037,0.7124517308470111,
CHE,2005,perm,corr,mawd,,0.0,,,
CHE,2005,perm,corr,d,,0.0,,,
CHE,2005,lnorm,corr,mawd,,0.0,0.25717371245134046,0.3462746707437526,
CHE,2005,lnorm,corr,d,,0.0,0.44036833289756344,0.7058541706103136,
CHE,2006,perm,orig,mawd,,0.0,,,
CHE,2006,perm,orig,d,,0.0,,,
CHE,2006,perm,clean,mawd,,0.0,,,
CHE,2006,perm,clean,d,,0.0,,,
CHE,2006,lnorm,orig,mawd,,0.0,0.25923732016367385,0.3510432723251873,
CHE,2006,lnorm,orig,d,,0.0,0.4441614701064964,0.7162175040200376,
CHE,2006,lnorm,clean,mawd,,0.0,0.24914608692958076,0.34222498111015326,
CHE,2006,lnorm,clean,d,,0.0,0.44826803388793995,0.7208791087284391,
CHE,2006,perm,corr,mawd,,0.0,,,
CHE,2006,perm,corr,d,,0.0,,,
CHE,2006,lnorm,corr,mawd,,0.0,0.25923732016367385,0.3510432723251873,
CHE,2006,lnorm,corr,d,,0.0,0.4441614701064964,0.7162175040200376,
CHE,2007,perm,orig,mawd,,0.0,,,
CHE,2007,perm,orig,d,,0.0,,,
CHE,2007,perm,clean,mawd,,0.0,,,
CHE,2007,perm,clean,d,,0.0,,,
CHE,2007,lnorm,orig,mawd,,0.0,0.2562151954269282,0.34516377956809524,
CHE,2007,lnorm,orig,d,,0.0,0.44464895686973316,0.716116685187296,
CHE,2007,lnorm,clean,mawd,,0.0,0.2448825006576382,0.3378053474115187,
CHE,2007,lnorm,clean,d,,0.0,0.4491924623681109,0.7218788647215737,
CHE,2007,perm,corr,mawd,,0.0,,,
CHE,2007,perm,corr,d,,0.0,,,
CHE,2007,lnorm,corr,mawd,,0.0,0.2562151954269282,0.34516377956809524,
CHE,2007,lnorm,corr,d,,0.0,0.44464895686973316,0.716116685187296,
CHE,2008,perm,orig,mawd,,0.0,,,
CHE,2008,perm,orig,d,,0.0,,,
CHE,2008,perm,clean,mawd,,0.0,,,
CHE,2008,perm,clean,d,,0.0,,,
CHE,2008,lnorm,orig,mawd,,0.0,0.26503443397679466,0.35307860264406177,
CHE,2008,lnorm,orig,d,,0.0,0.4538931717565385,0.7451753674567345,
CHE,2008,lnorm,clean,mawd,,0.0,0.25229788108338314,0.3431036163227995,
CHE,2008,lnorm,clean,d,,0.0,0.4594454102495026,0.7501272210542875,
CHE,2008,perm,corr,mawd,,0.0,,,
CHE,2008,perm,corr,d,,0.0,,,
CHE,2008,lnorm,corr,mawd,,0.0,0.26503443397679466,0.35307860264406177,
CHE,2008,lnorm,corr,d,,0.0,0.4538931717565385,0.7451753674567345,
CHE,2009,perm,orig,mawd,,0.0,,,
CHE,2009,perm,orig,d,,0.0,,,
CHE,2009,perm,clean,mawd,,0.0,,,
CHE,2009,perm,clean,d,,0.0,,,
CHE,2009,lnorm,orig,mawd,,0.0,0.2610813768519594,0.3457742200388517,
CHE,2009,lnorm,orig,d,,0.0,0.4531446877291021,0.7293415009465491,
CHE,2009,lnorm,clean,mawd,,0.0,0.24270008657999687,0.3323404273508023,
CHE,2009,lnorm,clean,d,,0.0,0.4548081001705164,0.7311386932478701,
CHE,2009,perm,corr,mawd,,0.0,,,
CHE,2009,perm,corr,d,,0.0,,,
CHE,2009,lnorm,corr,mawd,,0.0,0.2610813768519594,0.3457742200388517,
CHE,2009,lnorm,corr,d,,0.0,0.4531446877291021,0.7293415009465491,
CHE,2010,perm,orig,mawd,,0.0,,,
CHE,2010,perm,orig,d,,0.0,,,
CHE,2010,perm,clean,mawd,,0.0,,,
CHE,2010,perm,clean,d,,0.0,,,
CHE,2010,lnorm,orig,mawd,,0.0,0.25935260113901926,0.3408961040326456,
CHE,2010,lnorm,orig,d,,0.0,0.44403434313781687,0.7120525607061332,
CHE,2010,lnorm,clean,mawd,,0.0,0.2409607201480193,0.3269338581953928,
CHE,2010,lnorm,clean,d,,0.0,0.44560420453920574,0.7160911390565675,
CHE,2010,perm,corr,mawd,,0.0,,,
CHE,2010,perm,corr,d,,0.0,,,
CHE,2010,lnorm,corr,mawd,,0.0,0.25935260113901926,0.3408961040326456,
CHE,2010,lnorm,corr,d,,0.0,0.44403434313781687,0.7120525607061332,
CHE,2011,perm,orig,mawd,,0.0,,,
CHE,2011,perm,orig,d,,0.0,,,
CHE,2011,perm,clean,mawd,,0.0,,,
CHE,2011,perm,clean,d,,0.0,,,
CHE,2011,lnorm,orig,mawd,,0.0,0.25590241413447334,0.33584984394352124,
CHE,2011,lnorm,orig,d,,0.0,0.4408662844585494,0.7080614762339388,
CHE,2011,lnorm,clean,mawd,,0.0,0.2356719700736347,0.32054760954913997,
CHE,2011,lnorm,clean,d,,0.0,0.4436103665363287,0.7126549009088656,
CHE,2011,perm,corr,mawd,,0.0,,,
CHE,2011,perm,corr,d,,0.0,,,
CHE,2011,lnorm,corr,mawd,,0.0,0.25590241413447334,0.33584984394352124,
CHE,2011,lnorm,corr,d,,0.0,0.4408662844585494,0.7080614762339388,
CHE,2012,perm,orig,mawd,,0.0,,,
CHE,2012,perm,orig,d,,0.0,,,
CHE,2012,perm,clean,mawd,,0.0,,,
CHE,2012,perm,clean,d,,0.0,,,
CHE,2012,lnorm,orig,mawd,,0.0,0.2583702213276931,0.34023873303158936,
CHE,2012,lnorm,orig,d,,0.0,0.44528309382204273,0.7150390913784921,
CHE,2012,lnorm,clean,mawd,,0.0,0.23700444450653496,0.32415768534772016,
CHE,2012,lnorm,clean,d,,0.0,0.44789939121293026,0.717835208779702,
CHE,2012,perm,corr,mawd,,0.0,,,
CHE,2012,perm,corr,d,,0.0,,,
CHE,2012,lnorm,corr,mawd,,0.0,0.2583702213276931,0.34023873303158936,
CHE,2012,lnorm,corr,d,,0.0,0.44528309382204273,0.7150390913784921,
CHE,2013,perm,orig,mawd,,0.0,,,
CHE,2013,perm,orig,d,,0.0,,,
CHE,2013,perm,clean,mawd,,0.0,,,
CHE,2013,perm,clean,d,,0.0,,,
CHE,2013,lnorm,orig,mawd,,0.0,0.26278692953542837,0.34617893916748715,
CHE,2013,lnorm,orig,d,,0.0,0.44796933594002375,0.7255116910542206,
CHE,2013,lnorm,clean,mawd,,0.0,0.23907153310532256,0.3276449411892952,
CHE,2013,lnorm,clean,d,,0.0,0.45040774185569965,0.7289424308149796,
CHE,2013,perm,corr,mawd,,0.0,,,
CHE,2013,perm,corr,d,,0.0,,,
CHE,2013,lnorm,corr,mawd,,0.0,0.26278692953542837,0.34617893916748715,
CHE,2013,lnorm,corr,d,,0.0,0.44796933594002375,0.7255116910542206,
CHE,2014,perm,orig,mawd,,0.0,,,
CHE,2014,perm,orig,d,,0.0,,,
CHE,2014,perm,clean,mawd,,0.0,,,
CHE,2014,perm,clean,d,,0.0,,,
CHE,2014,lnorm,orig,mawd,,0.0,0.2621308446585518,0.34376692821870103,
CHE,2014,lnorm,orig,d,,0.0,0.4448774599088699,0.7210189148953706,
CHE,2014,lnorm,clean,mawd,,0.0,0.23633522237781257,0.32468160136572843,
CHE,2014,lnorm,clean,d,,0.0,0.4471546312739993,0.7236246389828062,
CHE,2014,perm,corr,mawd,,0.0,,,
CHE,2014,perm,corr,d,,0.0,,,
CHE,2014,lnorm,corr,mawd,,0.0,0.2621308446585518,0.34376692821870103,
CHE,2014,lnorm,corr,d,,0.0,0.4448774599088699,0.7210189148953706,
CYP,2000,perm,orig,mawd,0.20802358148852593,0.001,0.27369988560175884,0.3797392395959409,-2.1149328473561777
CYP,2000,perm,orig,d,0.3235628284854972,0.064,0.31730413981866684,0.4081234193961731,-1.354048261065169
CYP,2000,perm,clean,mawd,0.2078236287646422,0.001,0.2686724945452836,0.37770587238592745,-2.0438871957119136
CYP,2000,perm,clean,d,0.3229672799897831,0.092,0.3097483645625799,0.40882000145083885,-1.2560085154277656
CYP,2000,lnorm,orig,mawd,0.20802358148852593,0.0,0.34052149509880353,0.48038171909327365,-2.5353211435820984
CYP,2000,lnorm,orig,d,0.3235628284854972,0.003,0.3668392329296563,0.44659190016937095,-2.4230603156952215
CYP,2000,lnorm,clean,mawd,0.2078236287646422,0.0,0.3390615890927138,0.47825195726540204,-2.4695662438209665
CYP,2000,lnorm,clean,d,0.3229672799897831,0.005,0.36004585761032065,0.4527033895355046,-2.3062271923046067
CYP,2000,perm,corr,mawd,0.20802358148852593,0.001,0.27369988560175884,0.3797392395959409,-2.1149328473561777
CYP,2000,perm,corr,d,0.3235628284854972,0.064,0.31730413981866684,0.4081234193961731,-1.354048261065169
CYP,2000,lnorm,corr,mawd,0.20802358148852593,0.0,0.34052149509880353,0.48038171909327365,-2.5353211435820984
CYP,2000,lnorm,corr,d,0.3235628284854972,0.003,0.3668392329296563,0.44659190016937095,-2.4230603156952215
CYP,2001,perm,orig,mawd,0.2219725177626981,0.0,0.2824156246682278,0.38816479044782315,-2.061861038691045
CYP,2001,perm,orig,d,0.34092805834945417,0.111,0.3235035331193123,0.42027600961702793,-1.1838149324979992
CYP,2001,perm,clean,mawd,0.22149835732909945,0.001,0.2794851005700369,0.38837687865440373,-2.0147417584496163
CYP,2001,perm,clean,d,0.3455098619650704,0.133,0.3175641037850989,0.4263484694703379,-1.1035960587708737
CYP,2001,lnorm,orig,mawd,0.2219725177626981,0.0,0.3494536579485686,0.4869653421584135,-2.4903132078422217
CYP,2001,lnorm,orig,d,0.34092805834945417,0.009,0.37020933740377415,0.4563498483194718,-2.1197344073960793
CYP,2001,lnorm,clean,mawd,0.22149835732909945,0.0,0.34785662527907635,0.48555391413413423,-2.437498947875931
CYP,2001,lnorm,clean,d,0.3455098619650704,0.021,0.367684856866101,0.46796512293332837,-2.0170611560039977
CYP,2001,perm,corr,mawd,0.2219725177626981,0.0,0.2824156246682278,0.38816479044782315,-2.061861038691045
CYP,2001,perm,corr,d,0.34092805834945417,0.111,0.3235035331193123,0.42027600961702793,-1.1838149324979992
CYP,2001,lnorm,corr,mawd,0.2219725177626981,0.0,0.3494536579485686,0.4869653421584135,-2.4903132078422217
CYP,2001,lnorm,corr,d,0.34092805834945417,0.009,0.37020933740377415,0.4563498483194718,-2.1197344073960793
CYP,2002,perm,orig,mawd,0.20919510257667978,0.001,0.2700406990250396,0.37607226252406756,-2.058007113689572
CYP,2002,perm,orig,d,0.31571053631999685,0.062,0.3118783081852999,0.4009818116918217,-1.4127056085112895
CYP,2002,perm,clean,mawd,0.20857231089022388,0.001,0.2660763857082939,0.37550841049055733,-2.020652011220665
CYP,2002,perm,clean,d,0.3139331369645948,0.054,0.3120880480134062,0.406925411497296,-1.397902492580741
CYP,2002,lnorm,orig,mawd,0.20919510257667978,0.0,0.338990082004191,0.4712352425509713,-2.5748765225385712
CYP,2002,lnorm,orig,d,0.31571053631999685,0.002,0.35767547923721077,0.4374681480850414,-2.4627977244304073
CYP,2002,lnorm,clean,mawd,0.20857231089022388,0.0,0.3360833769197624,0.4707239212103269,-2.5319526447940177
CYP,2002,lnorm,clean,d,0.3139331369645948,0.003,0.35761108469360386,0.44607315357245336,-2.435121131589297
CYP,2002,perm,corr,mawd,0.20919510257667978,0.001,0.2700406990250396,0.37607226252406756,-2.058007113689572
CYP,2002,perm,corr,d,0.31571053631999685,0.062,0.3118783081852999,0.4009818116918217,-1.4127056085112895
CYP,2002,lnorm,corr,mawd,0.20919510257667978,0.0,0.338990082004191,0.4712352425509713,-2.5748765225385712
CYP,2002,lnorm,corr,d,0.31571053631999685,0.002,0.35767547923721077,0.4374681480850414,-2.4627977244304073
CYP,2003,perm,orig,mawd,0.2148753021884967,0.0,0.28288519646865734,0.3922411773730371,-1.8193374898516383
CYP,2003,perm,orig,d,0.32303208839865993,0.081,0.3130667430397931,0.39439721157318186,-1.173781808607499
CYP,2003,perm,clean,mawd,0.19404603473330584,0.0,0.2813541981976155,0.3965338308670445,-1.9388037188570062
CYP,2003,perm,clean,d,0.30269650784199814,0.027,0.31505018809361596,0.40374752854517604,-1.4622460900293226
CYP,2003,lnorm,orig,mawd,0.2148753021884967,0.0,0.3428698618930398,0.48345009325915955,-2.46481871702109
CYP,2003,lnorm,orig,d,0.32303208839865993,0.008,0.3531708261318736,0.43716360114600905,-2.045435949418564
CYP,2003,lnorm,clean,mawd,0.19404603473330584,0.0,0.3388570924215283,0.486258081063737,-2.5556542407613225
CYP,2003,lnorm,clean,d,0.30269650784199814,0.001,0.3547650202806577,0.4501899761534628,-2.39922386666797
CYP,2003,perm,corr,mawd,0.2148753021884967,0.0,0.28288519646865734,0.3922411773730371,-1.8193374898516383
CYP,2003,perm,corr,d,0.32303208839865993,0.081,0.3130667430397931,0.39439721157318186,-1.173781808607499
CYP,2003,lnorm,corr,mawd,0.2148753021884967,0.0,0.3428698618930398,0.48345009325915955,-2.46481871702109
CYP,2003,lnorm,corr,d,0.32303208839865993,0.008,0.3531708261318736,0.43716360114600905,-2.045435949418564
CYP,2004,perm,orig,mawd,0.21604955160646622,0.0,0.29199108742713664,0.4099616051323207,-1.6654763640951833
CYP,2004,perm,orig,d,0.3200334773386228,0.052,0.31974659321201027,0.39639947468098036,-1.3377164786490696
CYP,2004,perm,clean,mawd,0.21771235685064247,0.001,0.2849972338928124,0.41236067033598145,-1.568137731451737
CYP,2004,perm,clean,d,0.3109428070679527,0.03,0.3194147608205507,0.40366902345281463,-1.4610402369255486
CYP,2004,lnorm,orig,mawd,0.21604955160646622,0.0,0.33356033492177806,0.47310930796737805,-2.4564531799201808
CYP,2004,lnorm,orig,d,0.3200334773386228,0.006,0.3494347011919712,0.43360905814824113,-2.0341916294893894
CYP,2004,lnorm,clean,mawd,0.21771235685064247,0.0,0.326809139957408,0.4787784601789877,-2.324585942612653
CYP,2004,lnorm,clean,d,0.3109428070679527,0.005,0.350504468603289,0.4430009827316083,-2.1704933897459773
CYP,2004,perm,corr,mawd,0.21604955160646622,0.0,0.29199108742713664,0.4099616051323207,-1.6654763640951833
CYP,2004,perm,corr,d,0.3200334773386228,0.052,0.31974659321201027,0.39639947468098036,-1.3377164786490696
CYP,2004,lnorm,corr,mawd,0.21604955160646622,0.0,0.33356033492177806,0.47310930796737805,-2.4564531799201808
CYP,2004,lnorm,corr,d,0.3200334773386228,0.006,0.3494347011919712,0.43360905814824113,-2.0341916294893894
CYP,2005,perm,orig,mawd,,0.0,,,
CYP,2005,perm,orig,d,,0.0,,,
CYP,2005,perm,clean,mawd,,0.0,,,
CYP,2005,perm,clean,d,,0.0,,,
CYP,2005,lnorm,orig,mawd,,0.0,0.32228323705990247,0.45284927214406956,
CYP,2005,lnorm,orig,d,,0.0,0.36088808786943616,0.4767055611860511,
CYP,2005,lnorm,clean,mawd,,0.0,0.31454137565840457,0.4550661197902507,
CYP,2005,lnorm,clean,d,,0.0,0.35792818698122847,0.49223214387059777,
CYP,2005,perm,corr,mawd,,0.0,,,
CYP,2005,perm,corr,d,,0.0,,,
CYP,2005,lnorm,corr,mawd,,0.0,0.32228323705990247,0.45284927214406956,
CYP,2005,lnorm,corr,d,,0.0,0.36088808786943616,0.4767055611860511,
CYP,2006,perm,orig,mawd,,0.0,,,
CYP,2006,perm,orig,d,,0.0,,,
CYP,2006,perm,clean,mawd,,0.0,,,
CYP,2006,perm,clean,d,,0.0,,,
CYP,2006,lnorm,orig,mawd,,0.0,0.3082779614136669,0.44551505313224193,
CYP,2006,lnorm,orig,d,,0.0,0.3536404798675932,0.47538865247322515,
CYP,2006,lnorm,clean,mawd,,0.0,0.30737987866821964,0.44715674245116643,
CYP,2006,lnorm,clean,d,,0.0,0.35565549879910535,0.49428679918865576,
CYP,2006,perm,corr,mawd,,0.0,,,
CYP,2006,perm,corr,d,,0.0,,,
CYP,2006,lnorm,corr,mawd,,0.0,0.3082779614136669,0.44551505313224193,
CYP,2006,lnorm,corr,d,,0.0,0.3536404798675932,0.47538865247322515,
CYP,2007,perm,orig,mawd,,0.0,,,
CYP,2007,perm,orig,d,,0.0,,,
CYP,2007,perm,clean,mawd,,0.0,,,
CYP,2007,perm,clean,d,,0.0,,,
CYP,2007,lnorm,orig,mawd,,0.0,0.3060493842272113,0.440129358449865,
CYP,2007,lnorm,orig,d,,0.0,0.35090674907436775,0.47021851333930365,
CYP,2007,lnorm,clean,mawd,,0.0,0.30368340017602097,0.4404693701582494,
CYP,2007,lnorm,clean,d,,0.0,0.34977962119268047,0.486101164468805,
CYP,2007,perm,corr,mawd,,0.0,,,
CYP,2007,perm,corr,d,,0.0,,,
CYP,2007,lnorm,corr,mawd,,0.0,0.3060493842272113,0.440129358449865,
CYP,2007,lnorm,corr,d,,0.0,0.35090674907436775,0.47021851333930365,
CYP,2008,perm,orig,mawd,0.22992818652260108,0.018,0.2527910344220221,0.37220809594080306,-1.4323114266501
CYP,2008,perm,orig,d,0.2926613412222703,0.044,0.2946345058638745,0.3633830131134371,-1.3106377848828894
CYP,2008,perm,clean,mawd,0.23011799528984067,0.02,0.2501421512077357,0.37235765990354197,-1.4014209681993013
CYP,2008,perm,clean,d,0.2663375301195111,0.008,0.2927830457445081,0.3716689521765536,-1.6758566776151689
CYP,2008,lnorm,orig,mawd,0.22992818652260108,0.004,0.3049930225179119,0.4329835965986715,-2.1549987521726264
CYP,2008,lnorm,orig,d,0.2926613412222703,0.01,0.3197354746038586,0.3980138517487608,-1.9105144464405006
CYP,2008,lnorm,clean,mawd,0.23011799528984067,0.004,0.3001308376941573,0.4337737230242311,-2.118204205773617
CYP,2008,lnorm,clean,d,0.2663375301195111,0.003,0.3192804977500722,0.4107887493387961,-2.3216204880053954
CYP,2008,perm,corr,mawd,0.22992818652260108,0.018,0.2527910344220221,0.37220809594080306,-1.4323114266501
CYP,2008,perm,corr,d,0.2926613412222703,0.044,0.2946345058638745,0.3633830131134371,-1.3106377848828894
CYP,2008,lnorm,corr,mawd,0.22992818652260108,0.004,0.3049930225179119,0.4329835965986715,-2.1549987521726264
CYP,2008,lnorm,corr,d,0.2926613412222703,0.01,0.3197354746038586,0.3980138517487608,-1.9105144464405006
CYP,2009,perm,orig,mawd,,0.0,,,
CYP,2009,perm,orig,d,,0.0,,,
CYP,2009,perm,clean,mawd,,0.0,,,
CYP,2009,perm,clean,d,,0.0,,,
CYP,2009,lnorm,orig,mawd,,0.0,0.32668978834743506,0.47261883507247926,
CYP,2009,lnorm,orig,d,,0.0,0.3570129540126481,0.49617029711925864,
CYP,2009,lnorm,clean,mawd,,0.0,0.32314353105730825,0.4725813467302592,
CYP,2009,lnorm,clean,d,,0.0,0.3554853618920349,0.5120241632846525,
CYP,2009,perm,corr,mawd,,0.0,,,
CYP,2009,perm,corr,d,,0.0,,,
CYP,2009,lnorm,corr,mawd,,0.0,0.32668978834743506,0.47261883507247926,
CYP,2009,lnorm,corr,d,,0.0,0.3570129540126481,0.49617029711925864,
CYP,2010,perm,orig,mawd,,0.0,,,
CYP,2010,perm,orig,d,,0.0,,,
CYP,2010,perm,clean,mawd,,0.0,,,
CYP,2010,perm,clean,d,,0.0,,,
CYP,2010,lnorm,orig,mawd,,0.0,0.3089335728243025,0.43947689372113485,
CYP,2010,lnorm,orig,d,,0.0,0.36932682898922264,0.48539137131240295,
CYP,2010,lnorm,clean,mawd,,0.0,0.3077591824512837,0.44072596880733594,
CYP,2010,lnorm,clean,d,,0.0,0.3704718085429432,0.49910343603422136,
CYP,2010,perm,corr,mawd,,0.0,,,
CYP,2010,perm,corr,d,,0.0,,,
CYP,2010,lnorm,corr,mawd,,0.0,0.3089335728243025,0.43947689372113485,
CYP,2010,lnorm,corr,d,,0.0,0.36932682898922264,0.48539137131240295,
CYP,2011,perm,orig,mawd,0.22937392647441415,0.017,0.2590941293672943,0.36241421593741596,-1.8781101830072737
CYP,2011,perm,orig,d,0.2933501977318463,0.012,0.3086912204394126,0.39605593233991343,-1.7287757648478996
CYP,2011,perm,clean,mawd,0.22909126602819313,0.016,0.2578585933793902,0.36294143147245383,-1.8628981199234669
CYP,2011,perm,clean,d,0.2905690462636428,0.015,0.31071490700934945,0.404730706450715,-1.7265750717451829
CYP,2011,lnorm,orig,mawd,0.22937392647441415,0.002,0.3114417715331306,0.44125423815268944,-2.245033640085356
CYP,2011,lnorm,orig,d,0.2933501977318463,0.002,0.3468210849261102,0.4261902688395834,-2.4996556839595367
CYP,2011,lnorm,clean,mawd,0.22909126602819313,0.002,0.3106634971371023,0.4396373341704768,-2.217367923946092
CYP,2011,lnorm,clean,d,0.2905690462636428,0.002,0.34948635168501946,0.43519327643614386,-2.5506732588444128
CYP,2011,perm,corr,mawd,0.22937392647441415,0.017,0.2590941293672943,0.36241421593741596,-1.8781101830072737
CYP,2011,perm,corr,d,0.2933501977318463,0.012,0.3086912204394126,0.39605593233991343,-1.7287757648478996
CYP,2011,lnorm,corr,mawd,0.22937392647441415,0.002,0.3114417715331306,0.44125423815268944,-2.245033640085356
CYP,2011,lnorm,corr,d,0.2933501977318463,0.002,0.3468210849261102,0.4261902688395834,-2.4996556839595367
CYP,2012,perm,orig,mawd,0.2470962907068044,0.011,0.27036929942670235,0.3758036210862815,-1.740900518934673
CYP,2012,perm,orig,d,0.3192493764646333,0.06,0.3150572822430725,0.4009484066040725,-1.3564254725308438
CYP,2012,perm,clean,mawd,0.24675051828428274,0.011,0.27001043199477265,0.37705615920774305,-1.7355361131763591
CYP,2012,perm,clean,d,0.30830286492582465,0.029,0.3177299803291372,0.4115241964538766,-1.5548173973825954
CYP,2012,lnorm,orig,mawd,0.2470962907068044,0.003,0.32457705240522455,0.46192906155118707,-2.099581571002832
CYP,2012,lnorm,orig,d,0.3192493764646333,0.009,0.3513810999179824,0.4339818167158366,-2.0695061954205487
CYP,2012,lnorm,clean,mawd,0.24675051828428274,0.004,0.32413353928416755,0.46255607542352845,-2.0817432593922347
CYP,2012,lnorm,clean,d,0.30830286492582465,0.005,0.35619097990243626,0.4469901240081354,-2.3313856596368225
CYP,2012,perm,corr,mawd,0.2470962907068044,0.011,0.27036929942670235,0.3758036210862815,-1.740900518934673
CYP,2012,perm,corr,d,0.3192493764646333,0.06,0.3150572822430725,0.4009484066040725,-1.3564254725308438
CYP,2012,lnorm,corr,mawd,0.2470962907068044,0.003,0.32457705240522455,0.46192906155118707,-2.099581571002832
CYP,2012,lnorm,corr,d,0.3192493764646333,0.009,0.3513810999179824,0.4339818167158366,-2.0695061954205487
CYP,2013,perm,orig,mawd,0.26208556866277105,0.017,0.2928259362730992,0.40877743728096105,-1.8075511658077583
CYP,2013,perm,orig,d,0.35559211684347,0.13,0.33399885913199595,0.4119202314783565,-1.0727495430571659
CYP,2013,perm,clean,mawd,0.26388025220504624,0.016,0.29225115360523535,0.4129840657233501,-1.7640850168666606
CYP,2013,perm,clean,d,0.338791078762309,0.045,0.3416909210563699,0.42932954542323487,-1.4489256985828283
CYP,2013,lnorm,orig,mawd,0.26208556866277105,0.003,0.3328190856519208,0.4812941509029045,-1.9920778363774039
CYP,2013,lnorm,orig,d,0.35559211684347,0.051,0.3554966732780376,0.4418618078510378,-1.5690399676209148
CYP,2013,lnorm,clean,mawd,0.26388025220504624,0.003,0.32928326040733596,0.48405574068765933,-1.9273301956210054
CYP,2013,lnorm,clean,d,0.338791078762309,0.016,0.3649358105412722,0.45887656671891963,-1.9969448648788066
CYP,2013,perm,corr,mawd,0.26208556866277105,0.017,0.2928259362730992,0.40877743728096105,-1.8075511658077583
CYP,2013,perm,corr,d,0.35559211684347,0.13,0.33399885913199595,0.4119202314783565,-1.0727495430571659
CYP,2013,lnorm,corr,mawd,0.26208556866277105,0.003,0.3328190856519208,0.4812941509029045,-1.9920778363774039
CYP,2013,lnorm,corr,d,0.35559211684347,0.051,0.3554966732780376,0.4418618078510378,-1.5690399676209148
CYP,2014,perm,orig,mawd,0.24616971855144015,0.008,0.2879411526010402,0.40377685360018123,-1.964845632431489
CYP,2014,perm,orig,d,0.34391469971896205,0.102,0.3302135484320964,0.406460741105306,-1.1784887920004377
CYP,2014,perm,clean,mawd,0.24785948936840826,0.011,0.28789822403262383,0.40735366570817405,-1.9182662106794177
CYP,2014,perm,clean,d,0.3285418409499929,0.03,0.33499978765155336,0.42379632647860643,-1.531057752708735
CYP,2014,lnorm,orig,mawd,0.24616971855144015,0.002,0.3268490157115869,0.475672209224842,-2.1020858568172445
CYP,2014,lnorm,orig,d,0.34391469971896205,0.036,0.3533706439039839,0.43530490060379307,-1.690702768350981
CYP,2014,lnorm,clean,mawd,0.24785948936840826,0.002,0.32631904558324654,0.4778415155627576,-2.036774968453993
CYP,2014,lnorm,clean,d,0.3285418409499929,0.01,0.35888699728267004,0.45406473726231794,-2.096489645105137
CYP,2014,perm,corr,mawd,0.24616971855144015,0.008,0.2879411526010402,0.40377685360018123,-1.964845632431489
CYP,2014,perm,corr,d,0.34391469971896205,0.102,0.3302135484320964,0.406460741105306,-1.1784887920004377
CYP,2014,lnorm,corr,mawd,0.24616971855144015,0.002,0.3268490157115869,0.475672209224842,-2.1020858568172445
CYP,2014,lnorm,corr,d,0.34391469971896205,0.036,0.3533706439039839,0.43530490060379307,-1.690702768350981
CZE,2000,perm,orig,mawd,0.14107555409579356,0.0,0.16866258327511263,0.20776934191609603,-2.6052722710685106
CZE,2000,perm,orig,d,0.18526109094812296,0.001,0.21526119620015655,0.25279935932444003,-2.736283671852295
CZE,2000,perm,clean,mawd,0.13909725492193595,0.0,0.16884439377432447,0.20870331652284924,-2.6512228144419687
CZE,2000,perm,clean,d,0.17752284825953024,0.0,0.21613176800027614,0.2562467624128234,-3.000320050746642
CZE,2000,lnorm,orig,mawd,0.14107555409579356,0.0,0.18583643326408367,0.2365003365514557,-2.7207279369668105
CZE,2000,lnorm,orig,d,0.18526109094812296,0.0,0.23132106965490773,0.2693608019438608,-3.470902820434
CZE,2000,lnorm,clean,mawd,0.13909725492193595,0.0,0.18474191029215997,0.2376233610148049,-2.722609215315047
CZE,2000,lnorm,clean,d,0.17752284825953024,0.0,0.23172672336946787,0.27245429662099496,-3.765218656331144
CZE,2000,perm,corr,mawd,0.14107555409579356,0.0,0.16866258327511263,0.20776934191609603,-2.6052722710685106
CZE,2000,perm,corr,d,0.18526109094812296,0.001,0.21526119620015655,0.25279935932444003,-2.736283671852295
CZE,2000,lnorm,corr,mawd,0.14107555409579356,0.0,0.18583643326408367,0.2365003365514557,-2.7207279369668105
CZE,2000,lnorm,corr,d,0.18526109094812296,0.0,0.23132106965490773,0.2693608019438608,-3.470902820434
CZE,2001,perm,orig,mawd,0.1341818840190279,0.0,0.17080116820786373,0.20938000311859234,-2.968820395801646
CZE,2001,perm,orig,d,0.17828620801993164,0.0,0.2162182963475389,0.25437289791350204,-3.091599523624548
CZE,2001,perm,clean,mawd,0.13227523260634366,0.0,0.16977993094410812,0.20941030470210104,-2.987315924061283
CZE,2001,perm,clean,d,0.17060396211692805,0.0,0.21630687737188484,0.25680324996143655,-3.2783136377538966
CZE,2001,lnorm,orig,mawd,0.1341818840190279,0.0,0.1908936746676367,0.24125984774781886,-3.002835383878682
CZE,2001,lnorm,orig,d,0.17828620801993164,0.0,0.23585130876992824,0.27335484200162086,-3.9455235918820675
CZE,2001,lnorm,clean,mawd,0.13227523260634366,0.0,0.1903185955733926,0.24127261197228667,-2.9756874568702525
CZE,2001,lnorm,clean,d,0.17060396211692805,0.0,0.2359493294343007,0.2759261355565362,-4.18540700464821
CZE,2001,perm,corr,mawd,0.1341818840190279,0.0,0.17080116820786373,0.20938000311859234,-2.968820395801646
CZE,2001,perm,corr,d,0.17828620801993164,0.0,0.2162182963475389,0.25437289791350204,-3.091599523624548
CZE,2001,lnorm,corr,mawd,0.1341818840190279,0.0,0.1908936746676367,0.24125984774781886,-3.002835383878682
CZE,2001,lnorm,corr,d,0.17828620801993164,0.0,0.23585130876992824,0.27335484200162086,-3.9455235918820675
CZE,2002,perm,orig,mawd,0.1342362442119677,0.001,0.16906510593277305,0.20747922060923296,-2.879801802680725
CZE,2002,perm,orig,d,0.18346333846512158,0.001,0.21410003240342798,0.2533878372309873,-2.785282448967518
CZE,2002,perm,clean,mawd,0.1326549766916764,0.001,0.16848431556934554,0.2074049566363592,-2.9028542414321175
CZE,2002,perm,clean,d,0.1747937798508966,0.001,0.2128627512874983,0.25397782594946716,-3.034368239296569
CZE,2002,lnorm,orig,mawd,0.1342362442119677,0.0,0.19386041442818602,0.24671188666475935,-3.055235165962098
CZE,2002,lnorm,orig,d,0.18346333846512158,0.0,0.2404003322794892,0.2789300071229701,-3.924604656122751
CZE,2002,lnorm,clean,mawd,0.1326549766916764,0.0,0.19241301714794992,0.24682481487755947,-3.0381590381491557
CZE,2002,lnorm,clean,d,0.1747937798508966,0.0,0.2393150996544907,0.2790906846817908,-4.222779121692795
CZE,2002,perm,corr,mawd,0.1342362442119677,0.001,0.16906510593277305,0.20747922060923296,-2.879801802680725
CZE,2002,perm,corr,d,0.18346333846512158,0.001,0.21410003240342798,0.2533878372309873,-2.785282448967518
CZE,2002,lnorm,corr,mawd,0.1342362442119677,0.0,0.19386041442818602,0.24671188666475935,-3.055235165962098
CZE,2002,lnorm,corr,d,0.18346333846512158,0.0,0.2404003322794892,0.2789300071229701,-3.924604656122751
CZE,2003,perm,orig,mawd,0.1372022527412041,0.0,0.1715413005831945,0.2090329271368896,-2.873356266461952
CZE,2003,perm,orig,d,0.20084203743144619,0.005,0.21808109796729927,0.2573046295171359,-2.225715806107854
CZE,2003,perm,clean,mawd,0.13522468949777672,0.0,0.1717658578073812,0.20891674669215968,-2.9078922919190564
CZE,2003,perm,clean,d,0.19178254282598628,0.002,0.21622670908649433,0.2586317879268193,-2.482215926166574
CZE,2003,lnorm,orig,mawd,0.1372022527412041,0.0,0.18777254691446302,0.23922594124749622,-2.909839731191213
CZE,2003,lnorm,orig,d,0.20084203743144619,0.002,0.23567393781895896,0.2760621045191516,-3.0089341654587094
CZE,2003,lnorm,clean,mawd,0.13522468949777672,0.0,0.18645974003031376,0.23970358848906687,-2.9036332065957917
CZE,2003,lnorm,clean,d,0.19178254282598628,0.0,0.23452326517412,0.27665175603534836,-3.2856535636021977
CZE,2003,perm,corr,mawd,0.1372022527412041,0.0,0.1715413005831945,0.2090329271368896,-2.873356266461952
CZE,2003,perm,corr,d,0.20084203743144619,0.005,0.21808109796729927,0.2573046295171359,-2.225715806107854
CZE,2003,lnorm,corr,mawd,0.1372022527412041,0.0,0.18777254691446302,0.23922594124749622,-2.909839731191213
CZE,2003,lnorm,corr,d,0.20084203743144619,0.002,0.23567393781895896,0.2760621045191516,-3.0089341654587094
CZE,2004,perm,orig,mawd,0.14349012214336082,0.0,0.17267169022432094,0.20720990852248822,-2.685883495986543
CZE,2004,perm,orig,d,0.19324852191831035,0.001,0.22191237992363197,0.2618196866028454,-2.7732420833204214
CZE,2004,perm,clean,mawd,0.1416165657649477,0.0,0.17199954738939438,0.20786225797308155,-2.738098907378932
CZE,2004,perm,clean,d,0.1889856739477841,0.0,0.22048284013326674,0.2634139830053258,-2.869162623707325
CZE,2004,lnorm,orig,mawd,0.14349012214336082,0.0,0.18332095007677676,0.23490890104344386,-2.703307105033782
CZE,2004,lnorm,orig,d,0.19324852191831035,0.0,0.23422872132787284,0.2759277417660102,-3.341099526225685
CZE,2004,lnorm,clean,mawd,0.1416165657649477,0.0,0.1827194256111805,0.23563652357888232,-2.707001612994105
CZE,2004,lnorm,clean,d,0.1889856739477841,0.0,0.23572536387931206,0.2777968128422448,-3.4855299192703173
CZE,2004,perm,corr,mawd,0.14349012214336082,0.0,0.17267169022432094,0.20720990852248822,-2.685883495986543
CZE,2004,perm,corr,d,0.19324852191831035,0.001,0.22191237992363197,0.2618196866028454,-2.7732420833204214
CZE,2004,lnorm,corr,mawd,0.14349012214336082,0.0,0.18332095007677676,0.23490890104344386,-2.703307105033782
CZE,2004,lnorm,corr,d,0.19324852191831035,0.0,0.23422872132787284,0.2759277417660102,-3.341099526225685
CZE,2005,perm,orig,mawd,0.14198893739042046,0.0,0.17197732943313027,0.20679178929954778,-2.668093750722846
CZE,2005,perm,orig,d,0.19400124050967527,0.004,0.21739631302870616,0.259434931224909,-2.5322287585933956
CZE,2005,perm,clean,mawd,0.14204309223190723,0.001,0.17114442396764196,0.20622546909663428,-2.634830948561621
CZE,2005,perm,clean,d,0.19346113189098585,0.004,0.21421796996234357,0.25885506700178984,-2.475127789267158
CZE,2005,lnorm,orig,mawd,0.14198893739042046,0.0,0.1878626488685142,0.23936601757430886,-2.792191079842266
CZE,2005,lnorm,orig,d,0.19400124050967527,0.0,0.23909114538212217,0.2791861207139373,-3.395069508236221
CZE,2005,lnorm,clean,mawd,0.14204309223190723,0.0,0.18603731902749987,0.2394366865489947,-2.709958555859872
CZE,2005,lnorm,clean,d,0.19346113189098585,0.0,0.2373353057686782,0.27875335330284057,-3.3560884136495863
CZE,2005,perm,corr,mawd,0.14198893739042046,0.0,0.17197732943313027,0.20679178929954778,-2.668093750722846
CZE,2005,perm,corr,d,0.19400124050967527,0.004,0.21739631302870616,0.259434931224909,-2.5322287585933956
CZE,2005,lnorm,corr,mawd,0.14198893739042046,0.0,0.1878626488685142,0.23936601757430886,-2.792191079842266
CZE,2005,lnorm,corr,d,0.19400124050967527,0.0,0.23909114538212217,0.2791861207139373,-3.395069508236221
CZE,2006,perm,orig,mawd,0.14988462063976601,0.005,0.1689026195728345,0.202411478783677,-2.272783845942349
CZE,2006,perm,orig,d,0.2011794093731684,0.009,0.21234938489596933,0.2519320523912545,-2.1134429766256435
CZE,2006,perm,clean,mawd,0.14987759177440826,0.005,0.16816345057616178,0.20299346312148944,-2.2555192682379
CZE,2006,perm,clean,d,0.2014708318681454,0.013,0.2120701213669222,0.2510646022249181,-2.02649693884735
CZE,2006,lnorm,orig,mawd,0.14988462063976601,0.0,0.18305380529500198,0.23419363017610748,-2.4493427496414144
CZE,2006,lnorm,orig,d,0.2011794093731684,0.001,0.23269395584917968,0.27219400260925064,-2.966798386541742
CZE,2006,lnorm,clean,mawd,0.14987759177440826,0.0,0.1826533785195363,0.23461879921784815,-2.3963308548206976
CZE,2006,lnorm,clean,d,0.2014708318681454,0.002,0.23097272771170196,0.27142838367547717,-2.8891411220023033
CZE,2006,perm,corr,mawd,0.14988462063976601,0.005,0.1689026195728345,0.202411478783677,-2.272783845942349
CZE,2006,perm,corr,d,0.2011794093731684,0.009,0.21234938489596933,0.2519320523912545,-2.1134429766256435
CZE,2006,lnorm,corr,mawd,0.14988462063976601,0.0,0.18305380529500198,0.23419363017610748,-2.4493427496414144
CZE,2006,lnorm,corr,d,0.2011794093731684,0.001,0.23269395584917968,0.27219400260925064,-2.966798386541742
CZE,2007,perm,orig,mawd,0.1488421769175644,0.005,0.17080475851307783,0.20587012579522945,-2.3548776197717265
CZE,2007,perm,orig,d,0.213044536689881,0.045,0.2141326813360522,0.2559018805039226,-1.6822613009480372
CZE,2007,perm,clean,mawd,0.1488676041448223,0.005,0.17063199507966564,0.20600365086008215,-2.3327406315283676
CZE,2007,perm,clean,d,0.21340956044533405,0.053,0.2131943747698525,0.2560425154540727,-1.6186907944861162
CZE,2007,lnorm,orig,mawd,0.1488421769175644,0.0,0.18602247734414498,0.23736468717036646,-2.52324441573508
CZE,2007,lnorm,orig,d,0.213044536689881,0.005,0.2354516599822263,0.2776401588365804,-2.527028964383852
CZE,2007,lnorm,clean,mawd,0.1488676041448223,0.0,0.185375467492211,0.23755683693103116,-2.47113184718795
CZE,2007,lnorm,clean,d,0.21340956044533405,0.008,0.2346386952607126,0.27702958857311466,-2.4709073279875544
CZE,2007,perm,corr,mawd,0.1488421769175644,0.005,0.17080475851307783,0.20587012579522945,-2.3548776197717265
CZE,2007,perm,corr,d,0.213044536689881,0.045,0.2141326813360522,0.2559018805039226,-1.6822613009480372
CZE,2007,lnorm,corr,mawd,0.1488421769175644,0.0,0.18602247734414498,0.23736468717036646,-2.52324441573508
CZE,2007,lnorm,corr,d,0.213044536689881,0.005,0.2354516599822263,0.2776401588365804,-2.527028964383852
CZE,2008,perm,orig,mawd,0.15878437326896608,0.011,0.17047811013095454,0.20619529242161988,-1.9889168758311866
CZE,2008,perm,orig,d,0.22213891843976036,0.07,0.21697601832401306,0.26033225362618045,-1.3662870642122447
CZE,2008,perm,clean,mawd,0.1579482169321779,0.008,0.17108149299568415,0.20708081028220432,-2.015215322632259
CZE,2008,perm,clean,d,0.22462110304766697,0.089,0.2152520060011905,0.2614408745471941,-1.268068063454922
CZE,2008,lnorm,orig,mawd,0.15878437326896608,0.002,0.18834908348639315,0.23831071854508695,-2.3269433290637913
CZE,2008,lnorm,orig,d,0.22213891843976036,0.015,0.23573855320956072,0.2829004914891959,-2.136567984505519
CZE,2008,lnorm,clean,mawd,0.1579482169321779,0.002,0.18701345684859155,0.24009980602344552,-2.307730196895003
CZE,2008,lnorm,clean,d,0.22462110304766697,0.017,0.23524691935185874,0.28405818104887837,-2.041201107846622
CZE,2008,perm,corr,mawd,0.15878437326896608,0.011,0.17047811013095454,0.20619529242161988,-1.9889168758311866
CZE,2008,perm,corr,d,0.22213891843976036,0.07,0.21697601832401306,0.26033225362618045,-1.3662870642122447
CZE,2008,lnorm,corr,mawd,0.15878437326896608,0.002,0.18834908348639315,0.23831071854508695,-2.3269433290637913
CZE,2008,lnorm,corr,d,0.22213891843976036,0.015,0.23573855320956072,0.2829004914891959,-2.136567984505519
CZE,2009,perm,orig,mawd,0.1648371087079977,0.032,0.16811978548373294,0.20652731537933644,-1.6960139763070097
CZE,2009,perm,orig,d,0.22885328666955268,0.178,0.21222043215533626,0.255124971458935,-0.9697262049244512
CZE,2009,perm,clean,mawd,0.1654854144307832,0.035,0.16736235792446397,0.2068847458324324,-1.6535024712043842
CZE,2009,perm,clean,d,0.23096856046885575,0.214,0.20869323263304462,0.2540834286617474,-0.829609794829503
CZE,2009,lnorm,orig,mawd,0.1648371087079977,0.008,0.18603871907131508,0.23730104367492164,-2.084495365892478
CZE,2009,lnorm,orig,d,0.22885328666955268,0.054,0.2280228684938622,0.2749633725495575,-1.6672628144973773
CZE,2009,lnorm,clean,mawd,0.1654854144307832,0.01,0.1847142483494701,0.23679726580799226,-2.0261327257069355
CZE,2009,lnorm,clean,d,0.23096856046885575,0.074,0.22545349457201586,0.2737178336985932,-1.5133125030927395
CZE,2009,perm,corr,mawd,0.1648371087079977,0.032,0.16811978548373294,0.20652731537933644,-1.6960139763070097
CZE,2009,perm,corr,d,0.22885328666955268,0.178,0.21222043215533626,0.255124971458935,-0.9697262049244512
CZE,2009,lnorm,corr,mawd,0.1648371087079977,0.008,0.18603871907131508,0.23730104367492164,-2.084495365892478
CZE,2009,lnorm,corr,d,0.22885328666955268,0.054,0.2280228684938622,0.2749633725495575,-1.6672628144973773
CZE,2010,perm,orig,mawd,0.16007211979936023,0.014,0.17009827042443523,0.2095408752971881,-1.9509708677239517
CZE,2010,perm,orig,d,0.23032707956280032,0.152,0.21476976867845987,0.2568818415861227,-1.027504693458612
CZE,2010,perm,clean,mawd,0.16094533633108868,0.02,0.1697871879156612,0.21002573714704784,-1.8997872892948484
CZE,2010,perm,clean,d,0.22967382600557723,0.174,0.21247265138585933,0.25432243731375326,-0.9546089191634098
CZE,2010,lnorm,orig,mawd,0.16007211979936023,0.002,0.1905061528727606,0.2421254470895296,-2.307860301648047
CZE,2010,lnorm,orig,d,0.23032707956280032,0.04,0.23384201048458347,0.27889256115612837,-1.7975489956054949
CZE,2010,lnorm,clean,mawd,0.16094533633108868,0.006,0.1896827806694052,0.24211728822893475,-2.2312560282951313
CZE,2010,lnorm,clean,d,0.22967382600557723,0.048,0.23078660375712962,0.27681769982869675,-1.7179570342892727
CZE,2010,perm,corr,mawd,0.16007211979936023,0.014,0.17009827042443523,0.2095408752971881,-1.9509708677239517
CZE,2010,perm,corr,d,0.23032707956280032,0.152,0.21476976867845987,0.2568818415861227,-1.027504693458612
CZE,2010,lnorm,corr,mawd,0.16007211979936023,0.002,0.1905061528727606,0.2421254470895296,-2.307860301648047
CZE,2010,lnorm,corr,d,0.23032707956280032,0.04,0.23384201048458347,0.27889256115612837,-1.7975489956054949
CZE,2011,perm,orig,mawd,0.15613888563228562,0.012,0.16919491140357357,0.20677311529920914,-2.0648170594892634
CZE,2011,perm,orig,d,0.22211304838018467,0.091,0.21503859005693485,0.25650330946096955,-1.291378279028824
CZE,2011,perm,clean,mawd,0.1575776954429726,0.015,0.16709092150485613,0.20610639296976246,-1.9746791974096531
CZE,2011,perm,clean,d,0.2226480246375446,0.131,0.2105114516157949,0.25379465620744956,-1.141839236377706
CZE,2011,lnorm,orig,mawd,0.15613888563228562,0.001,0.19054931549216306,0.2415664546019312,-2.4209223789823757
CZE,2011,lnorm,orig,d,0.22211304838018467,0.017,0.23538454136076878,0.281860398191594,-2.132842564359492
CZE,2011,lnorm,clean,mawd,0.1575776954429726,0.003,0.1885528207323621,0.2407732586416085,-2.315199601204777
CZE,2011,lnorm,clean,d,0.2226480246375446,0.023,0.2307441710947417,0.27941418099990634,-1.9798796577979771
CZE,2011,perm,corr,mawd,0.15613888563228562,0.012,0.16919491140357357,0.20677311529920914,-2.0648170594892634
CZE,2011,perm,corr,d,0.22211304838018467,0.091,0.21503859005693485,0.25650330946096955,-1.291378279028824
CZE,2011,lnorm,corr,mawd,0.15613888563228562,0.001,0.19054931549216306,0.2415664546019312,-2.4209223789823757
CZE,2011,lnorm,corr,d,0.22211304838018467,0.017,0.23538454136076878,0.281860398191594,-2.132842564359492
CZE,2012,perm,orig,mawd,0.15599410247106982,0.01,0.1706911621272496,0.20768806757857794,-2.1168743330629796
CZE,2012,perm,orig,d,0.21818327467107695,0.061,0.21602520861570204,0.25825981849569013,-1.4748704143409268
CZE,2012,perm,clean,mawd,0.15702853475310774,0.013,0.16952027286898413,0.2074838474525159,-2.0535494592965553
CZE,2012,perm,clean,d,0.21745135417834174,0.079,0.2116362025118811,0.25572573967682966,-1.3838592266075962
CZE,2012,lnorm,orig,mawd,0.15599410247106982,0.001,0.19353867518448742,0.2447678756225552,-2.521532822369635
CZE,2012,lnorm,orig,d,0.21818327467107695,0.005,0.23882894095276133,0.2847590721197546,-2.408520925979461
CZE,2012,lnorm,clean,mawd,0.15702853475310774,0.002,0.1919424765898168,0.24463827911041308,-2.4299735327634067
CZE,2012,lnorm,clean,d,0.21745135417834174,0.009,0.23524299893669165,0.2818809093765835,-2.3183678349288863
CZE,2012,perm,corr,mawd,0.15599410247106982,0.01,0.1706911621272496,0.20768806757857794,-2.1168743330629796
CZE,2012,perm,corr,d,0.21818327467107695,0.061,0.21602520861570204,0.25825981849569013,-1.4748704143409268
CZE,2012,lnorm,corr,mawd,0.15599410247106982,0.001,0.19353867518448742,0.2447678756225552,-2.521532822369635
CZE,2012,lnorm,corr,d,0.21818327467107695,0.005,0.23882894095276133,0.2847590721197546,-2.408520925979461
CZE,2013,perm,orig,mawd,0.15357535110879533,0.01,0.1684283427193574,0.20626684894624708,-2.1380080673707407
CZE,2013,perm,orig,d,0.2142247133046312,0.045,0.21496091511164622,0.2565995224284735,-1.574863208779097
CZE,2013,perm,clean,mawd,0.15474174208803312,0.011,0.16748367903776842,0.20613195186494443,-2.065751946652441
CZE,2013,perm,clean,d,0.21212284601943643,0.055,0.211301095207233,0.2537579981884678,-1.5014568648606905
CZE,2013,lnorm,orig,mawd,0.15357535110879533,0.001,0.19290988515502794,0.24349612601542445,-2.538634278330854
CZE,2013,lnorm,orig,d,0.2142247133046312,0.004,0.2387381893749394,0.28419998645264577,-2.489293908086518
CZE,2013,lnorm,clean,mawd,0.15474174208803312,0.001,0.19128075159570296,0.24314388155945643,-2.4435800915685957
CZE,2013,lnorm,clean,d,0.21212284601943643,0.006,0.23470713588465322,0.28098322453412083,-2.425745208860908
CZE,2013,perm,corr,mawd,0.15357535110879533,0.01,0.1684283427193574,0.20626684894624708,-2.1380080673707407
CZE,2013,perm,corr,d,0.2142247133046312,0.045,0.21496091511164622,0.2565995224284735,-1.574863208779097
CZE,2013,lnorm,corr,mawd,0.15357535110879533,0.001,0.19290988515502794,0.24349612601542445,-2.538634278330854
CZE,2013,lnorm,corr,d,0.2142247133046312,0.004,0.2387381893749394,0.28419998645264577,-2.489293908086518
CZE,2014,perm,orig,mawd,0.1548427845888595,0.008,0.16890357302335116,0.20727142850785127,-2.1158461839917257
CZE,2014,perm,orig,d,0.21726585846138333,0.056,0.21629095729057266,0.2570259350691404,-1.4921727860995966
CZE,2014,perm,clean,mawd,0.15559660521056298,0.01,0.16840164979925235,0.20730262608826794,-2.0694586587004813
CZE,2014,perm,clean,d,0.21554335412519304,0.067,0.2127946873637658,0.25577003138659843,-1.443915855808505
CZE,2014,lnorm,orig,mawd,0.1548427845888595,0.001,0.19213600615217302,0.24321201077893514,-2.4599611780228847
CZE,2014,lnorm,orig,d,0.21726585846138333,0.01,0.23560175962133248,0.28369558620162827,-2.3502444444150523
CZE,2014,lnorm,clean,mawd,0.15559660521056298,0.002,0.1918526875458414,0.24365403121546303,-2.382863865346663
CZE,2014,lnorm,clean,d,0.21554335412519304,0.011,0.23396139677449704,0.28097353099405487,-2.305722528783849
CZE,2014,perm,corr,mawd,0.1548427845888595,0.008,0.16890357302335116,0.20727142850785127,-2.1158461839917257
CZE,2014,perm,corr,d,0.21726585846138333,0.056,0.21629095729057266,0.2570259350691404,-1.4921727860995966
CZE,2014,lnorm,corr,mawd,0.1548427845888595,0.001,0.19213600615217302,0.24321201077893514,-2.4599611780228847
CZE,2014,lnorm,corr,d,0.21726585846138333,0.01,0.23560175962133248,0.28369558620162827,-2.3502444444150523
DEU,2000,perm,orig,mawd,0.1625651688247916,0.0,0.22861828599537373,0.2901948895786344,-3.260116385160153
DEU,2000,perm,orig,d,0.21368753843447275,0.0,0.2662686103587529,0.3205151839649544,-2.8405279626545097
DEU,2000,perm,clean,mawd,0.16285703956382575,0.0,0.22778115494493265,0.29031704670107344,-3.196408595778538
DEU,2000,perm,clean,d,0.21441728964030043,0.0,0.2659544655618872,0.32304732846785544,-2.762424434193882
DEU,2000,lnorm,orig,mawd,0.1625651688247916,0.0,0.2507710660450434,0.32977800720661166,-3.126654607129008
DEU,2000,lnorm,orig,d,0.21368753843447275,0.0,0.2828382891266102,0.34239091331101223,-3.533852622946556
DEU,2000,lnorm,clean,mawd,0.16285703956382575,0.0,0.24985980022100163,0.3291667246318116,-3.07187356369705
DEU,2000,lnorm,clean,d,0.21441728964030043,0.0,0.2835372005586661,0.3424651381917896,-3.438754633253475
DEU,2000,perm,corr,mawd,0.1625651688247916,0.0,0.22861828599537373,0.2901948895786344,-3.260116385160153
DEU,2000,perm,corr,d,0.21368753843447275,0.0,0.2662686103587529,0.3205151839649544,-2.8405279626545097
DEU,2000,lnorm,corr,mawd,0.1625651688247916,0.0,0.2507710660450434,0.32977800720661166,-3.126654607129008
DEU,2000,lnorm,corr,d,0.21368753843447275,0.0,0.2828382891266102,0.34239091331101223,-3.533852622946556
DEU,2001,perm,orig,mawd,0.16292339722798424,0.0,0.22455345285484682,0.28615574656670956,-3.147365076009594
DEU,2001,perm,orig,d,0.20802462462903112,0.0,0.2631535981075692,0.3173672719572008,-2.918967831716109
DEU,2001,perm,clean,mawd,0.16282113287818292,0.0,0.2239663418216772,0.2866445292134332,-3.1012303282754443
DEU,2001,perm,clean,d,0.21028145697315648,0.0,0.26205061574855054,0.318736507036248,-2.7777651691439567
DEU,2001,lnorm,orig,mawd,0.16292339722798424,0.0,0.24950563045337645,0.32621619890244313,-3.0733446878247235
DEU,2001,lnorm,orig,d,0.20802462462903112,0.0,0.27943569450601696,0.33823197960990403,-3.6305208415826016
DEU,2001,lnorm,clean,mawd,0.16282113287818292,0.0,0.24786792578134978,0.32673124634971085,-3.0275886361237307
DEU,2001,lnorm,clean,d,0.21028145697315648,0.0,0.2783419469992986,0.3384154962155557,-3.4729902805263064
DEU,2001,perm,corr,mawd,0.16292339722798424,0.0,0.22455345285484682,0.28615574656670956,-3.147365076009594
DEU,2001,perm,corr,d,0.20802462462903112,0.0,0.2631535981075692,0.3173672719572008,-2.918967831716109
DEU,2001,lnorm,corr,mawd,0.16292339722798424,0.0,0.24950563045337645,0.32621619890244313,-3.0733446878247235
DEU,2001,lnorm,corr,d,0.20802462462903112,0.0,0.27943569450601696,0.33823197960990403,-3.6305208415826016
DEU,2002,perm,orig,mawd,0.16915549470519212,0.0,0.2269199612063455,0.29183830051679394,-3.0128397212030045
DEU,2002,perm,orig,d,0.20635030927825074,0.0,0.26733326577816696,0.3220468478159765,-3.0089773373215363
DEU,2002,perm,clean,mawd,0.1704758951011492,0.001,0.22566239240601338,0.291683249325986,-2.926431083548493
DEU,2002,perm,clean,d,0.21096778363620303,0.0,0.26452909673603753,0.32260253642437164,-2.7640948319058247
DEU,2002,lnorm,orig,mawd,0.16915549470519212,0.0,0.25408921198483103,0.33498553950923826,-3.013981944202311
DEU,2002,lnorm,orig,d,0.20635030927825074,0.0,0.28375910376120217,0.34399127654084416,-3.7778814604051916
DEU,2002,lnorm,clean,mawd,0.1704758951011492,0.0,0.2527232119937788,0.3347038881640477,-2.935399423403091
DEU,2002,lnorm,clean,d,0.21096778363620303,0.0,0.28194340277005947,0.3422533072568589,-3.5119260853693843
DEU,2002,perm,corr,mawd,0.16915549470519212,0.0,0.2269199612063455,0.29183830051679394,-3.0128397212030045
DEU,2002,perm,corr,d,0.20635030927825074,0.0,0.26733326577816696,0.3220468478159765,-3.0089773373215363
DEU,2002,lnorm,corr,mawd,0.16915549470519212,0.0,0.25408921198483103,0.33498553950923826,-3.013981944202311
DEU,2002,lnorm,corr,d,0.20635030927825074,0.0,0.28375910376120217,0.34399127654084416,-3.7778814604051916
DEU,2003,perm,orig,mawd,0.16731417461005232,0.0,0.2289280711879647,0.2928656343663312,-3.0676898231869503
DEU,2003,perm,orig,d,0.19793451970717946,0.0,0.2668674316775428,0.32182973246810354,-3.2824334616252666
DEU,2003,perm,clean,mawd,0.1686636487895895,0.001,0.22792318209465334,0.29185440466688295,-2.980953678361281
DEU,2003,perm,clean,d,0.20064711010987896,0.0,0.2653050604638297,0.32184090869315574,-3.0942061630318607
DEU,2003,lnorm,orig,mawd,0.16731417461005232,0.0,0.25573545600664,0.3389393562355103,-3.076874428773457
DEU,2003,lnorm,orig,d,0.19793451970717946,0.0,0.28784317495670386,0.34592179095287257,-4.136348540436521
DEU,2003,lnorm,clean,mawd,0.1686636487895895,0.0,0.2539164303755367,0.33857529261521996,-2.9980729689609493
DEU,2003,lnorm,clean,d,0.20064711010987896,0.0,0.28604231222256693,0.3453305840811791,-3.9378599105309555
DEU,2003,perm,corr,mawd,0.16731417461005232,0.0,0.2289280711879647,0.2928656343663312,-3.0676898231869503
DEU,2003,perm,corr,d,0.19793451970717946,0.0,0.2668674316775428,0.32182973246810354,-3.2824334616252666
DEU,2003,lnorm,corr,mawd,0.16731417461005232,0.0,0.25573545600664,0.3389393562355103,-3.076874428773457
DEU,2003,lnorm,corr,d,0.19793451970717946,0.0,0.28784317495670386,0.34592179095287257,-4.136348540436521
DEU,2004,perm,orig,mawd,0.17128070887376934,0.001,0.23157416432791694,0.29733342702907956,-2.998191848298082
DEU,2004,perm,orig,d,0.203978401415558,0.0,0.2681503554755663,0.3241851888869866,-3.1583294307498524
DEU,2004,perm,clean,mawd,0.17257643022674563,0.001,0.2299310478156099,0.2961341117727072,-2.914507860669368
DEU,2004,perm,clean,d,0.20585834360464567,0.0,0.2675125100295171,0.3243956572315122,-3.018821637185276
DEU,2004,lnorm,orig,mawd,0.17128070887376934,0.0,0.2609472170915135,0.3445259543812465,-3.06319406866826
DEU,2004,lnorm,orig,d,0.203978401415558,0.0,0.28872495811289733,0.34773701079822283,-3.9896979706281868
DEU,2004,lnorm,clean,mawd,0.17257643022674563,0.0,0.25868615611952733,0.3450144744860393,-2.9833673727169416
DEU,2004,lnorm,clean,d,0.20585834360464567,0.0,0.2886485860438782,0.34728034786733564,-3.8466385466831876
DEU,2004,perm,corr,mawd,0.17128070887376934,0.001,0.23157416432791694,0.29733342702907956,-2.998191848298082
DEU,2004,perm,corr,d,0.203978401415558,0.0,0.2681503554755663,0.3241851888869866,-3.1583294307498524
DEU,2004,lnorm,corr,mawd,0.17128070887376934,0.0,0.2609472170915135,0.3445259543812465,-3.06319406866826
DEU,2004,lnorm,corr,d,0.203978401415558,0.0,0.28872495811289733,0.34773701079822283,-3.9896979706281868
DEU,2005,perm,orig,mawd,0.17047520225094542,0.0,0.2340568493945187,0.30053738280520037,-3.0770024847151682
DEU,2005,perm,orig,d,0.20083483424484977,0.0,0.2683876913061442,0.32300663030427457,-3.2847992257443415
DEU,2005,perm,clean,mawd,0.17185418325407842,0.001,0.2327776182285455,0.3002259211503028,-2.984641484434659
DEU,2005,perm,clean,d,0.2038762914285128,0.0,0.26677096837521497,0.32261907585191774,-3.109815539334563
DEU,2005,lnorm,orig,mawd,0.17047520225094542,0.0,0.26251121545478845,0.34843871861968956,-3.097809313279921
DEU,2005,lnorm,orig,d,0.20083483424484977,0.0,0.29051616252791035,0.3482355586759306,-4.133921342605169
DEU,2005,lnorm,clean,mawd,0.17185418325407842,0.0,0.2600822540006206,0.3495384190354278,-3.010245213812532
DEU,2005,lnorm,clean,d,0.2038762914285128,0.0,0.2905386824891396,0.34804188880225145,-3.9573647871573425
DEU,2005,perm,corr,mawd,0.17047520225094542,0.0,0.2340568493945187,0.30053738280520037,-3.0770024847151682
DEU,2005,perm,corr,d,0.20083483424484977,0.0,0.2683876913061442,0.32300663030427457,-3.2847992257443415
DEU,2005,lnorm,corr,mawd,0.17047520225094542,0.0,0.26251121545478845,0.34843871861968956,-3.097809313279921
DEU,2005,lnorm,corr,d,0.20083483424484977,0.0,0.29051616252791035,0.3482355586759306,-4.133921342605169
DEU,2006,perm,orig,mawd,0.1743550074054584,0.0,0.23813225696607454,0.3031271970979085,-3.1348773887003247
DEU,2006,perm,orig,d,0.1954212946095027,0.0,0.2718314661307862,0.32469590605507564,-3.6631761068564264
DEU,2006,perm,clean,mawd,0.17622517909950428,0.001,0.23814358338397154,0.3032954943648968,-3.032740149519019
DEU,2006,perm,clean,d,0.2013125355943501,0.0,0.27064229120003336,0.3248127006252398,-3.386947119826437
DEU,2006,lnorm,orig,mawd,0.1743550074054584,0.0,0.2605114869325451,0.3455247438296205,-3.0251243629687607
DEU,2006,lnorm,orig,d,0.1954212946095027,0.0,0.28901889030612726,0.3473541462427088,-4.317687554650272
DEU,2006,lnorm,clean,mawd,0.17622517909950428,0.0,0.25988056196246434,0.34620589532543194,-2.9357657169727656
DEU,2006,lnorm,clean,d,0.2013125355943501,0.0,0.28935854882451595,0.34675421753330515,-4.061955823545353
DEU,2006,perm,corr,mawd,0.1743550074054584,0.0,0.23813225696607454,0.3031271970979085,-3.1348773887003247
DEU,2006,perm,corr,d,0.1954212946095027,0.0,0.2718314661307862,0.32469590605507564,-3.6631761068564264
DEU,2006,lnorm,corr,mawd,0.1743550074054584,0.0,0.2605114869325451,0.3455247438296205,-3.0251243629687607
DEU,2006,lnorm,corr,d,0.1954212946095027,0.0,0.28901889030612726,0.3473541462427088,-4.317687554650272
DEU,2007,perm,orig,mawd,0.1737897145137238,0.0,0.24184152180084742,0.3059820669360309,-3.217145814931285
DEU,2007,perm,orig,d,0.1887819441870861,0.0,0.27517979178500224,0.32842980415359313,-4.033396853863602
DEU,2007,perm,clean,mawd,0.17600254343371596,0.0,0.24235826885610548,0.30632109875029334,-3.103973684312285
DEU,2007,perm,clean,d,0.19632440471143062,0.0,0.27419081280411006,0.3273426213220273,-3.64200832559065
DEU,2007,lnorm,orig,mawd,0.1737897145137238,0.0,0.2597910943185542,0.3467120568185824,-3.0191963991704536
DEU,2007,lnorm,orig,d,0.1887819441870861,0.0,0.29172232201268705,0.3492906123658507,-4.598708630904358
DEU,2007,lnorm,clean,mawd,0.17600254343371596,0.0,0.26052792230585786,0.3459882070025535,-2.9213089454950456
DEU,2007,lnorm,clean,d,0.19632440471143062,0.0,0.289634872634054,0.347543250514734,-4.241876691996712
DEU,2007,perm,corr,mawd,0.1737897145137238,0.0,0.24184152180084742,0.3059820669360309,-3.217145814931285
DEU,2007,perm,corr,d,0.1887819441870861,0.0,0.27517979178500224,0.32842980415359313,-4.033396853863602
DEU,2007,lnorm,corr,mawd,0.1737897145137238,0.0,0.2597910943185542,0.3467120568185824,-3.0191963991704536
DEU,2007,lnorm,corr,d,0.1887819441870861,0.0,0.29172232201268705,0.3492906123658507,-4.598708630904358
DEU,2008,perm,orig,mawd,0.1653380505693712,0.0,0.2350283742869166,0.298702926628735,-3.2618570914780816
DEU,2008,perm,orig,d,0.18506959064424497,0.0,0.2685722546287452,0.3221809308567519,-3.952304249864398
DEU,2008,perm,clean,mawd,0.16786704953638107,0.0,0.23524078687953134,0.29813533116070934,-3.1288555255687993
DEU,2008,perm,clean,d,0.19084609152354937,0.0,0.2681800425004938,0.32105754859485014,-3.6084268296161834
DEU,2008,lnorm,orig,mawd,0.1653380505693712,0.0,0.26052034991666084,0.34616423322679446,-3.182929311466813
DEU,2008,lnorm,orig,d,0.18506959064424497,0.0,0.2900691105413208,0.34625284877115675,-4.6907411500844365
DEU,2008,lnorm,clean,mawd,0.16786704953638107,0.0,0.25844500029958273,0.34491245929001324,-3.0631501425189063
DEU,2008,lnorm,clean,d,0.19084609152354937,0.0,0.28830678495428164,0.34440107134271103,-4.375267599838933
DEU,2008,perm,corr,mawd,0.1653380505693712,0.0,0.2350283742869166,0.298702926628735,-3.2618570914780816
DEU,2008,perm,corr,d,0.18506959064424497,0.0,0.2685722546287452,0.3221809308567519,-3.952304249864398
DEU,2008,lnorm,corr,mawd,0.1653380505693712,0.0,0.26052034991666084,0.34616423322679446,-3.182929311466813
DEU,2008,lnorm,corr,d,0.18506959064424497,0.0,0.2900691105413208,0.34625284877115675,-4.6907411500844365
DEU,2009,perm,orig,mawd,0.15873002231730973,0.0,0.2302028413978202,0.2915342624791195,-3.376447748331157
DEU,2009,perm,orig,d,0.1941263970530034,0.0,0.26170280723463896,0.3142278753931376,-3.560557672760713
DEU,2009,perm,clean,mawd,0.15957154401688667,0.0,0.22924631040870583,0.29194696850095403,-3.3085938883903188
DEU,2009,perm,clean,d,0.1966491387092859,0.0,0.26199556691983833,0.31312833248902744,-3.3836802044435714
DEU,2009,lnorm,orig,mawd,0.15873002231730973,0.0,0.25483442402962597,0.33722564006745065,-3.336537895226382
DEU,2009,lnorm,orig,d,0.1941263970530034,0.0,0.2820212964036641,0.33552484954358963,-4.340404771760016
DEU,2009,lnorm,clean,mawd,0.15957154401688667,0.0,0.25418705097023725,0.33709742702417883,-3.2675513090298876
DEU,2009,lnorm,clean,d,0.1966491387092859,0.0,0.281464150903542,0.3350879598596611,-4.1775548845986
DEU,2009,perm,corr,mawd,0.15873002231730973,0.0,0.2302028413978202,0.2915342624791195,-3.376447748331157
DEU,2009,perm,corr,d,0.1941263970530034,0.0,0.26170280723463896,0.3142278753931376,-3.560557672760713
DEU,2009,lnorm,corr,mawd,0.15873002231730973,0.0,0.25483442402962597,0.33722564006745065,-3.336537895226382
DEU,2009,lnorm,corr,d,0.1941263970530034,0.0,0.2820212964036641,0.33552484954358963,-4.340404771760016
DEU,2010,perm,orig,mawd,0.16511589356953285,0.0,0.23287067105444734,0.2932323843536791,-3.3049924887871227
DEU,2010,perm,orig,d,0.1948770562362733,0.0,0.26196217259856236,0.3138399760221678,-3.601362337007263
DEU,2010,perm,clean,mawd,0.16572761803098585,0.0,0.2313474251738378,0.2931454500595303,-3.2425579680086893
DEU,2010,perm,clean,d,0.197386029267673,0.0,0.2628242671398679,0.3135895088334344,-3.4350534532647954
DEU,2010,lnorm,orig,mawd,0.16511589356953285,0.0,0.25643617033219585,0.3374274339739688,-3.212614400654052
DEU,2010,lnorm,orig,d,0.1948770562362733,0.0,0.2812395592401012,0.3347673577091394,-4.267915078793831
DEU,2010,lnorm,clean,mawd,0.16572761803098585,0.0,0.2555826603541577,0.3383281755569749,-3.146425572133196
DEU,2010,lnorm,clean,d,0.197386029267673,0.0,0.28240707185059627,0.3343524500147655,-4.139572744343697
DEU,2010,perm,corr,mawd,0.16511589356953285,0.0,0.23287067105444734,0.2932323843536791,-3.3049924887871227
DEU,2010,perm,corr,d,0.1948770562362733,0.0,0.26196217259856236,0.3138399760221678,-3.601362337007263
DEU,2010,lnorm,corr,mawd,0.16511589356953285,0.0,0.25643617033219585,0.3374274339739688,-3.212614400654052
DEU,2010,lnorm,corr,d,0.1948770562362733,0.0,0.2812395592401012,0.3347673577091394,-4.267915078793831
DEU,2011,perm,orig,mawd,0.15677472875882387,0.0,0.22985255676463057,0.2893644998824002,-3.477244965802363
DEU,2011,perm,orig,d,0.18337619833525035,0.0,0.2635180444474045,0.31413107973578774,-3.8990780398455707
DEU,2011,perm,clean,mawd,0.15878925563240925,0.0,0.22930897019949578,0.29002565021026955,-3.3555860421721326
DEU,2011,perm,clean,d,0.19168361698058464,0.0,0.2616686228667469,0.31365570073214205,-3.4571864975348485
DEU,2011,lnorm,orig,mawd,0.15677472875882387,0.0,0.2541545353696806,0.3350386405229725,-3.3434667993548355
DEU,2011,lnorm,orig,d,0.18337619833525035,0.0,0.2819485982587209,0.33644918159904347,-4.671259312894708
DEU,2011,lnorm,clean,mawd,0.15878925563240925,0.0,0.2530560907225977,0.3349608703953304,-3.233732777260625
DEU,2011,lnorm,clean,d,0.19168361698058464,0.0,0.2829980574074569,0.33559486338834243,-4.275625387556927
DEU,2011,perm,corr,mawd,0.15677472875882387,0.0,0.22985255676463057,0.2893644998824002,-3.477244965802363
DEU,2011,perm,corr,d,0.18337619833525035,0.0,0.2635180444474045,0.31413107973578774,-3.8990780398455707
DEU,2011,lnorm,corr,mawd,0.15677472875882387,0.0,0.2541545353696806,0.3350386405229725,-3.3434667993548355
DEU,2011,lnorm,corr,d,0.18337619833525035,0.0,0.2819485982587209,0.33644918159904347,-4.671259312894708
DEU,2012,perm,orig,mawd,0.1603455295571532,0.0,0.23598515792641012,0.295114757203497,-3.504135225451542
DEU,2012,perm,orig,d,0.1900834612697187,0.0,0.2661573196140685,0.3165801911423817,-3.830815519017615
DEU,2012,perm,clean,mawd,0.16233448414198368,0.0,0.23525973172084766,0.2961312581787869,-3.382890145864602
DEU,2012,perm,clean,d,0.19691444536081149,0.0,0.2648845440417134,0.31573555292305455,-3.4225013573326133
DEU,2012,lnorm,orig,mawd,0.1603455295571532,0.0,0.2618803498170907,0.3434838006010862,-3.346570942871172
DEU,2012,lnorm,orig,d,0.1900834612697187,0.0,0.2850606041247834,0.3391945280187832,-4.5624867060677445
DEU,2012,lnorm,clean,mawd,0.16233448414198368,0.0,0.2590728230781079,0.3432738426827059,-3.2349213585397787
DEU,2012,lnorm,clean,d,0.19691444536081149,0.0,0.284509886684586,0.33879931245675843,-4.203915819329199
DEU,2012,perm,corr,mawd,0.1603455295571532,0.0,0.23598515792641012,0.295114757203497,-3.504135225451542
DEU,2012,perm,corr,d,0.1900834612697187,0.0,0.2661573196140685,0.3165801911423817,-3.830815519017615
DEU,2012,lnorm,corr,mawd,0.1603455295571532,0.0,0.2618803498170907,0.3434838006010862,-3.346570942871172
DEU,2012,lnorm,corr,d,0.1900834612697187,0.0,0.2850606041247834,0.3391945280187832,-4.5624867060677445
DEU,2013,perm,orig,mawd,0.15284833730502578,0.0,0.2350972406091589,0.2948223539339107,-3.6422536928901232
DEU,2013,perm,orig,d,0.18405446395913977,0.0,0.2647820571572885,0.3173233046128555,-3.848591347521191
DEU,2013,perm,clean,mawd,0.15469184395478955,0.0,0.2347333742563209,0.29499753445227606,-3.5285996094610312
DEU,2013,perm,clean,d,0.19094307603147803,0.0,0.2634076107094813,0.3174470502446246,-3.482441936375504
DEU,2013,lnorm,orig,mawd,0.15284833730502578,0.0,0.26335430348173877,0.34522796761806795,-3.500470550079262
DEU,2013,lnorm,orig,d,0.18405446395913977,0.0,0.2855213022851066,0.34085653983232056,-4.652599923340273
DEU,2013,lnorm,clean,mawd,0.15469184395478955,0.0,0.25956071474216813,0.34416150327594824,-3.3930145910655938
DEU,2013,lnorm,clean,d,0.19094307603147803,0.0,0.28446247221633897,0.3412204850334749,-4.323604965949543
DEU,2013,perm,corr,mawd,0.15284833730502578,0.0,0.2350972406091589,0.2948223539339107,-3.6422536928901232
DEU,2013,perm,corr,d,0.18405446395913977,0.0,0.2647820571572885,0.3173233046128555,-3.848591347521191
DEU,2013,lnorm,corr,mawd,0.15284833730502578,0.0,0.26335430348173877,0.34522796761806795,-3.500470550079262
DEU,2013,lnorm,corr,d,0.18405446395913977,0.0,0.2855213022851066,0.34085653983232056,-4.652599923340273
DEU,2014,perm,orig,mawd,0.1544614261443262,0.0,0.23764421840459232,0.29717999377594273,-3.61625568250722
DEU,2014,perm,orig,d,0.1891867372906123,0.0,0.2664734802467849,0.320405880368157,-3.687011309599765
DEU,2014,perm,clean,mawd,0.15591948043362075,0.0,0.23645081617437416,0.297438590789041,-3.5201204894680806
DEU,2014,perm,clean,d,0.19414642868414025,0.0,0.26388918686235974,0.3196578053252701,-3.409629820473998
DEU,2014,lnorm,orig,mawd,0.1544614261443262,0.0,0.26569075713130674,0.3487587761405494,-3.4904426345514303
DEU,2014,lnorm,orig,d,0.1891867372906123,0.0,0.2877074286594131,0.34360671957645006,-4.511883193128806
DEU,2014,lnorm,clean,mawd,0.15591948043362075,0.0,0.2629988835414891,0.3486402326222884,-3.397040503146112
DEU,2014,lnorm,clean,d,0.19414642868414025,0.0,0.2861739893935182,0.3438675770779759,-4.268340335553948
DEU,2014,perm,corr,mawd,0.1544614261443262,0.0,0.23764421840459232,0.29717999377594273,-3.61625568250722
DEU,2014,perm,corr,d,0.1891867372906123,0.0,0.2664734802467849,0.320405880368157,-3.687011309599765
DEU,2014,lnorm,corr,mawd,0.1544614261443262,0.0,0.26569075713130674,0.3487587761405494,-3.4904426345514303
DEU,2014,lnorm,corr,d,0.1891867372906123,0.0,0.2877074286594131,0.34360671957645006,-4.511883193128806
DNK,2000,perm,orig,mawd,0.1924979009701051,0.009,0.21244023005132662,0.27464493884121155,-1.8479440074713411
DNK,2000,perm,orig,d,0.428689973611931,0.948,0.2456850298595882,0.2976370018800037,2.0699256923161826
DNK,2000,perm,clean,mawd,0.1292560263473147,0.0,0.20172647113088307,0.26545133651565944,-2.9527231732025347
DNK,2000,perm,clean,d,0.17582088440598023,0.0,0.23113095902977146,0.2802040692992563,-2.840046569257118
DNK,2000,lnorm,orig,mawd,0.1924979009701051,0.0,0.2629696882022321,0.3493370473159277,-2.6354507641944025
DNK,2000,lnorm,orig,d,0.428689973611931,0.958,0.28095676387071694,0.3394307367147273,1.9103088300108078
DNK,2000,lnorm,clean,mawd,0.1292560263473147,0.0,0.25258294249832053,0.3372748277452998,-3.4777277567004727
DNK,2000,lnorm,clean,d,0.17582088440598023,0.0,0.2675113960564066,0.3187644968435681,-4.299770370056347
DNK,2000,perm,corr,mawd,0.1924979009701051,0.009,0.21244023005132662,0.27464493884121155,-1.8479440074713411
DNK,2000,perm,corr,d,0.428689973611931,0.948,0.2456850298595882,0.2976370018800037,2.0699256923161826
DNK,2000,lnorm,corr,mawd,0.1924979009701051,0.0,0.2629696882022321,0.3493370473159277,-2.6354507641944025
DNK,2000,lnorm,corr,d,0.428689973611931,0.958,0.28095676387071694,0.3394307367147273,1.9103088300108078
DNK,2001,perm,orig,mawd,0.16397496103008588,0.001,0.21036371152071565,0.268765437188077,-2.414520408351119
DNK,2001,perm,orig,d,0.3414123501638376,0.847,0.23982282376718095,0.2889904051693231,0.9911872058672463
DNK,2001,perm,clean,mawd,0.1238912650354474,0.0,0.20129734685080242,0.26401612354792825,-3.095291647183456
DNK,2001,perm,clean,d,0.16357696249787473,0.0,0.2272935716113472,0.2772497134784,-3.119000764498422
DNK,2001,lnorm,orig,mawd,0.16397496103008588,0.0,0.25351776908215445,0.33480438972603827,-3.0412438042635057
DNK,2001,lnorm,orig,d,0.3414123501638376,0.645,0.27123000066096853,0.326650476969622,0.3702462502129018
DNK,2001,lnorm,clean,mawd,0.1238912650354474,0.0,0.24714000247822085,0.32773667856086797,-3.5652188921869103
DNK,2001,lnorm,clean,d,0.16357696249787473,0.0,0.26060212375771435,0.3119196937820965,-4.449405341868442
DNK,2001,perm,corr,mawd,0.16397496103008588,0.001,0.21036371152071565,0.268765437188077,-2.414520408351119
DNK,2001,perm,corr,d,0.3414123501638376,0.847,0.23982282376718095,0.2889904051693231,0.9911872058672463
DNK,2001,lnorm,corr,mawd,0.16397496103008588,0.0,0.25351776908215445,0.33480438972603827,-3.0412438042635057
DNK,2001,lnorm,corr,d,0.3414123501638376,0.645,0.27123000066096853,0.326650476969622,0.3702462502129018
DNK,2002,perm,orig,mawd,0.16122230006482668,0.001,0.21093870652987948,0.2677657885859204,-2.484703039751626
DNK,2002,perm,orig,d,0.3362341433879042,0.851,0.23635934640405432,0.2855735099725042,0.9969510688955506
DNK,2002,perm,clean,mawd,0.12357156419326103,0.0,0.2021612769589195,0.2638130076122558,-3.141467360898645
DNK,2002,perm,clean,d,0.1600572789554364,0.0,0.2259329434735014,0.2744569885140196,-3.1956912111023823
DNK,2002,lnorm,orig,mawd,0.16122230006482668,0.0,0.25158657621230357,0.3288565754013574,-3.054341285531118
DNK,2002,lnorm,orig,d,0.3362341433879042,0.634,0.26741382427941324,0.32170129339139353,0.35813804355428114
DNK,2002,lnorm,clean,mawd,0.12357156419326103,0.0,0.24324328706209553,0.3235999276417405,-3.559500678617616
DNK,2002,lnorm,clean,d,0.1600572789554364,0.0,0.2571703534395863,0.30798415171481963,-4.485251306605718
DNK,2002,perm,corr,mawd,0.16122230006482668,0.001,0.21093870652987948,0.2677657885859204,-2.484703039751626
DNK,2002,perm,corr,d,0.3362341433879042,0.851,0.23635934640405432,0.2855735099725042,0.9969510688955506
DNK,2002,lnorm,corr,mawd,0.16122230006482668,0.0,0.25158657621230357,0.3288565754013574,-3.054341285531118
DNK,2002,lnorm,corr,d,0.3362341433879042,0.634,0.26741382427941324,0.32170129339139353,0.35813804355428114
DNK,2003,perm,orig,mawd,0.16098814880955886,0.001,0.21322925720714436,0.27279150205076347,-2.541687634303452
DNK,2003,perm,orig,d,0.3043146414157612,0.641,0.23956685294968055,0.287805512836582,0.26937997311437456
DNK,2003,perm,clean,mawd,0.12880317610365816,0.0,0.2061782624620582,0.268702065336371,-3.0723992572457064
DNK,2003,perm,clean,d,0.16789361827129473,0.0,0.22951195055588774,0.2775688749793853,-3.1122115166378492
DNK,2003,lnorm,orig,mawd,0.16098814880955886,0.0,0.253623177578579,0.3323350468780107,-3.066114741970381
DNK,2003,lnorm,orig,d,0.3043146414157612,0.316,0.2691461096916023,0.32146217956997186,-0.5356817241695937
DNK,2003,lnorm,clean,mawd,0.12880317610365816,0.0,0.24816427342842337,0.3292758012555415,-3.4732730314742075
DNK,2003,lnorm,clean,d,0.16789361827129473,0.0,0.25855140905948293,0.3098702742932544,-4.316163034925905
DNK,2003,perm,corr,mawd,0.16098814880955886,0.001,0.21322925720714436,0.27279150205076347,-2.541687634303452
DNK,2003,perm,corr,d,0.3043146414157612,0.641,0.23956685294968055,0.287805512836582,0.26937997311437456
DNK,2003,lnorm,corr,mawd,0.16098814880955886,0.0,0.253623177578579,0.3323350468780107,-3.066114741970381
DNK,2003,lnorm,corr,d,0.3043146414157612,0.316,0.2691461096916023,0.32146217956997186,-0.5356817241695937
DNK,2004,perm,orig,mawd,0.18023243412273005,0.003,0.2161947787365934,0.2766957111035072,-2.1833025607966885
DNK,2004,perm,orig,d,0.37254163403766266,0.913,0.2457831833535626,0.29670046356455554,1.424751418866535
DNK,2004,perm,clean,mawd,0.12872105356175553,0.0,0.20769206034444962,0.27129880071733903,-3.0544973143702356
DNK,2004,perm,clean,d,0.1701615758046386,0.0,0.23326297248136088,0.2837669735897368,-3.054413742562428
DNK,2004,lnorm,orig,mawd,0.18023243412273005,0.0,0.25970023162025074,0.3440376701469109,-2.801593128653506
DNK,2004,lnorm,orig,d,0.37254163403766266,0.813,0.27813846621813415,0.3345704186224016,0.9397326874491033
DNK,2004,lnorm,clean,mawd,0.12872105356175553,0.0,0.25388095273606903,0.33630388128858657,-3.470675565956598
DNK,2004,lnorm,clean,d,0.1701615758046386,0.0,0.26590902970212843,0.3165840894208362,-4.367456204813012
DNK,2004,perm,corr,mawd,0.18023243412273005,0.003,0.2161947787365934,0.2766957111035072,-2.1833025607966885
DNK,2004,perm,corr,d,0.37254163403766266,0.913,0.2457831833535626,0.29670046356455554,1.424751418866535
DNK,2004,lnorm,corr,mawd,0.18023243412273005,0.0,0.25970023162025074,0.3440376701469109,-2.801593128653506
DNK,2004,lnorm,corr,d,0.37254163403766266,0.813,0.27813846621813415,0.3345704186224016,0.9397326874491033
DNK,2005,perm,orig,mawd,0.2353948085379744,0.097,0.22501588575709253,0.28874617647696676,-1.210100758434915
DNK,2005,perm,orig,d,0.4861878042908027,0.957,0.25398137285093436,0.31356309062293636,2.5679190491168287
DNK,2005,perm,clean,mawd,0.14168255471097108,0.0,0.2118597221343838,0.27480889710364975,-2.854988009180051
DNK,2005,perm,clean,d,0.18719924007926136,0.0,0.23939495649974876,0.2925363158194635,-2.7327919707637394
DNK,2005,lnorm,orig,mawd,0.2353948085379744,0.008,0.27033839847635,0.3640045995226745,-2.080842678705079
DNK,2005,lnorm,orig,d,0.4861878042908027,0.984,0.2906686256154284,0.35627564417784763,2.4657648041367186
DNK,2005,lnorm,clean,mawd,0.14168255471097108,0.0,0.26116357814531,0.3475182807408858,-3.324812214651377
DNK,2005,lnorm,clean,d,0.18719924007926136,0.0,0.2775355702031895,0.32968045610641283,-4.108989588894936
DNK,2005,perm,corr,mawd,0.2353948085379744,0.097,0.22501588575709253,0.28874617647696676,-1.210100758434915
DNK,2005,perm,corr,d,0.4861878042908027,0.957,0.25398137285093436,0.31356309062293636,2.5679190491168287
DNK,2005,lnorm,corr,mawd,0.2353948085379744,0.008,0.27033839847635,0.3640045995226745,-2.080842678705079
DNK,2005,lnorm,corr,d,0.4861878042908027,0.984,0.2906686256154284,0.35627564417784763,2.4657648041367186
DNK,2006,perm,orig,mawd,0.24442820370615007,0.112,0.2290672503531214,0.2926128578913426,-1.1237334636624634
DNK,2006,perm,orig,d,0.49603201452640266,0.962,0.25216844647127634,0.305221422868994,2.7834149993431123
DNK,2006,perm,clean,mawd,0.14463694356693266,0.0,0.21458980666512653,0.2785338187919243,-2.951303455345453
DNK,2006,perm,clean,d,0.1875780373939069,0.0,0.23410363370403597,0.2824610070309226,-2.6674847232218832
DNK,2006,lnorm,orig,mawd,0.24442820370615007,0.01,0.2758325101792498,0.36836844220197085,-1.9962171575892964
DNK,2006,lnorm,orig,d,0.49603201452640266,0.987,0.2856741387740259,0.35229127518657827,2.6400639920132667
DNK,2006,lnorm,clean,mawd,0.14463694356693266,0.0,0.2624489340704136,0.35030925734844764,-3.3254103627630993
DNK,2006,lnorm,clean,d,0.1875780373939069,0.0,0.2713497510686985,0.3239136937271002,-3.9694224668887954
DNK,2006,perm,corr,mawd,0.24442820370615007,0.112,0.2290672503531214,0.2926128578913426,-1.1237334636624634
DNK,2006,perm,corr,d,0.49603201452640266,0.962,0.25216844647127634,0.305221422868994,2.7834149993431123
DNK,2006,lnorm,corr,mawd,0.24442820370615007,0.01,0.2758325101792498,0.36836844220197085,-1.9962171575892964
DNK,2006,lnorm,corr,d,0.49603201452640266,0.987,0.2856741387740259,0.35229127518657827,2.6400639920132667
DNK,2007,perm,orig,mawd,0.22546983399092005,0.038,0.23013425783921515,0.2918213706539626,-1.5444646366461974
DNK,2007,perm,orig,d,0.4615659030529716,0.956,0.24999325390963792,0.30244046091166676,2.5442219847086496
DNK,2007,perm,clean,mawd,0.1390524325753427,0.0,0.21491460693476205,0.2795832538622961,-3.158932382349808
DNK,2007,perm,clean,d,0.19014858996954453,0.0,0.2328459021113113,0.27902126278918593,-2.5810143453670076
DNK,2007,lnorm,orig,mawd,0.22546983399092005,0.004,0.2723476958044044,0.36401479972774986,-2.2624731063788346
DNK,2007,lnorm,orig,d,0.4615659030529716,0.975,0.28073242766598894,0.3484770871385542,2.1999164648403364
DNK,2007,lnorm,clean,mawd,0.1390524325753427,0.0,0.26139567437611716,0.3465699601040847,-3.4163059366832433
DNK,2007,lnorm,clean,d,0.19014858996954453,0.0,0.26887353988187235,0.32086304126805065,-3.7599390095697496
DNK,2007,perm,corr,mawd,0.22546983399092005,0.038,0.23013425783921515,0.2918213706539626,-1.5444646366461974
DNK,2007,perm,corr,d,0.4615659030529716,0.956,0.24999325390963792,0.30244046091166676,2.5442219847086496
DNK,2007,lnorm,corr,mawd,0.22546983399092005,0.004,0.2723476958044044,0.36401479972774986,-2.2624731063788346
DNK,2007,lnorm,corr,d,0.4615659030529716,0.975,0.28073242766598894,0.3484770871385542,2.1999164648403364
DNK,2008,perm,orig,mawd,0.23139277870391448,0.044,0.2336324909924425,0.29859473423278293,-1.5156890829569714
DNK,2008,perm,orig,d,0.44306404241212877,0.953,0.2519741929160053,0.3056818086255798,2.3187622506366465
DNK,2008,perm,clean,mawd,0.14869300030856342,0.0,0.2199948043469633,0.2862711033306861,-2.9895576336243472
DNK,2008,perm,clean,d,0.19149557533811654,0.0,0.23574770582400553,0.28577347986962676,-2.576526750377068
DNK,2008,lnorm,orig,mawd,0.23139277870391448,0.004,0.2783098510874029,0.3733754697271689,-2.2729879280729812
DNK,2008,lnorm,orig,d,0.44306404241212877,0.956,0.289178920242059,0.3525937084050465,1.8811889305919716
DNK,2008,lnorm,clean,mawd,0.14869300030856342,0.0,0.26738847690453954,0.3563293936833244,-3.3280278208511946
DNK,2008,lnorm,clean,d,0.19149557533811654,0.0,0.2750590411284516,0.328823059566843,-3.8562657398144764
DNK,2008,perm,corr,mawd,0.23139277870391448,0.044,0.2336324909924425,0.29859473423278293,-1.5156890829569714
DNK,2008,perm,corr,d,0.44306404241212877,0.953,0.2519741929160053,0.3056818086255798,2.3187622506366465
DNK,2008,lnorm,corr,mawd,0.23139277870391448,0.004,0.2783098510874029,0.3733754697271689,-2.2729879280729812
DNK,2008,lnorm,corr,d,0.44306404241212877,0.956,0.289178920242059,0.3525937084050465,1.8811889305919716
DNK,2009,perm,orig,mawd,0.17112462075633691,0.0,0.22339871136462927,0.29125258133248494,-2.5081757263147284
DNK,2009,perm,orig,d,0.30574253856391437,0.559,0.2485606757667202,0.3005452549002362,0.00991550990237142
DNK,2009,perm,clean,mawd,0.16965474396706742,0.0,0.22255812388031104,0.2919624756180558,-2.5056493361004715
DNK,2009,perm,clean,d,0.31485397261082015,0.624,0.24608511174234057,0.30152619203555947,0.21571004838646635
DNK,2009,lnorm,orig,mawd,0.17112462075633691,0.0,0.27204695952098273,0.36203336886432935,-3.0967387108314477
DNK,2009,lnorm,orig,d,0.30574253856391437,0.165,0.28562870109692234,0.3413985393879363,-1.0003773730633225
DNK,2009,lnorm,clean,mawd,0.16965474396706742,0.0,0.27094535917725987,0.36359061965768735,-3.082930702373276
DNK,2009,lnorm,clean,d,0.31485397261082015,0.236,0.2842985992543736,0.3413683516504117,-0.7521654501821015
DNK,2009,perm,corr,mawd,0.17112462075633691,0.0,0.22339871136462927,0.29125258133248494,-2.5081757263147284
DNK,2009,perm,corr,d,0.30574253856391437,0.559,0.2485606757667202,0.3005452549002362,0.00991550990237142
DNK,2009,lnorm,corr,mawd,0.17112462075633691,0.0,0.27204695952098273,0.36203336886432935,-3.0967387108314477
DNK,2009,lnorm,corr,d,0.30574253856391437,0.165,0.28562870109692234,0.3413985393879363,-1.0003773730633225
DNK,2010,perm,orig,mawd,0.20499619751648473,0.012,0.22779055963714695,0.2974670031886839,-1.865880566770863
DNK,2010,perm,orig,d,0.36392990028516653,0.848,0.2531136255000993,0.31019455482026365,1.0284824888496138
DNK,2010,perm,clean,mawd,0.20257330815070063,0.009,0.22706554843511237,0.2991548683917653,-1.8955820266600112
DNK,2010,perm,clean,d,0.37756826813020194,0.873,0.25348342240963734,0.3133190094361946,1.1656826440645218
DNK,2010,lnorm,orig,mawd,0.20499619751648473,0.0,0.2757676848728598,0.3734708795686075,-2.560748139762234
DNK,2010,lnorm,orig,d,0.36392990028516653,0.615,0.2939483135763929,0.35305239299016977,0.2716184242667099
DNK,2010,lnorm,clean,mawd,0.20257330815070063,0.0,0.2778363243393518,0.37456618234883676,-2.567958084087391
DNK,2010,lnorm,clean,d,0.37756826813020194,0.689,0.2934519362630599,0.355695483012531,0.495049753418921
DNK,2010,perm,corr,mawd,0.20499619751648473,0.012,0.22779055963714695,0.2974670031886839,-1.865880566770863
DNK,2010,perm,corr,d,0.36392990028516653,0.848,0.2531136255000993,0.31019455482026365,1.0284824888496138
DNK,2010,lnorm,corr,mawd,0.20499619751648473,0.0,0.2757676848728598,0.3734708795686075,-2.560748139762234
DNK,2010,lnorm,corr,d,0.36392990028516653,0.615,0.2939483135763929,0.35305239299016977,0.2716184242667099
DNK,2011,perm,orig,mawd,0.20582669790819974,0.007,0.23309340934558126,0.30155051611794215,-1.9667754278467222
DNK,2011,perm,orig,d,0.3935622090917191,0.916,0.25416024232330814,0.31207201349619773,1.4732930831943476
DNK,2011,perm,clean,mawd,0.20347127829800832,0.003,0.23223655035868804,0.3037059994581628,-1.999808184804993
DNK,2011,perm,clean,d,0.4148780973938582,0.936,0.25532808216658043,0.31530624493465037,1.7033650869347738
DNK,2011,lnorm,orig,mawd,0.20582669790819974,0.0,0.27964885514490423,0.37784663727731416,-2.6182309448285617
DNK,2011,lnorm,orig,d,0.3935622090917191,0.793,0.2929411210154262,0.3566755750341507,0.8238507135366385
DNK,2011,lnorm,clean,mawd,0.20347127829800832,0.0,0.2806224887595792,0.37998476240340207,-2.624300028719206
DNK,2011,lnorm,clean,d,0.4148780973938582,0.863,0.2965199769481184,0.36140048772833444,1.156562713443677
DNK,2011,perm,corr,mawd,0.20582669790819974,0.007,0.23309340934558126,0.30155051611794215,-1.9667754278467222
DNK,2011,perm,corr,d,0.3935622090917191,0.916,0.25416024232330814,0.31207201349619773,1.4732930831943476
DNK,2011,lnorm,corr,mawd,0.20582669790819974,0.0,0.27964885514490423,0.37784663727731416,-2.6182309448285617
DNK,2011,lnorm,corr,d,0.3935622090917191,0.793,0.2929411210154262,0.3566755750341507,0.8238507135366385
DNK,2012,perm,orig,mawd,0.20962089265314354,0.012,0.2293567224760886,0.2964968882008606,-1.8306869056400696
DNK,2012,perm,orig,d,0.37387256846841355,0.883,0.25039763244703483,0.3089827770399214,1.2121031353116816
DNK,2012,perm,clean,mawd,0.20585775933622433,0.008,0.2283396196919458,0.29948399346684906,-1.8928053998794458
DNK,2012,perm,clean,d,0.39278676256884393,0.903,0.2529792436398767,0.31384577842782485,1.4182498159076034
DNK,2012,lnorm,orig,mawd,0.20962089265314354,0.0,0.27998483980261846,0.3771342380121391,-2.5616210043893233
DNK,2012,lnorm,orig,d,0.37387256846841355,0.666,0.2926902407510238,0.35678232411362354,0.4016029238081394
DNK,2012,lnorm,clean,mawd,0.20585775933622433,0.0,0.2813852782925597,0.3794343236679658,-2.5882765934868837
DNK,2012,lnorm,clean,d,0.39278676256884393,0.756,0.2960285218412225,0.36162472058925466,0.7064985422372518
DNK,2012,perm,corr,mawd,0.20962089265314354,0.012,0.2293567224760886,0.2964968882008606,-1.8306869056400696
DNK,2012,perm,corr,d,0.37387256846841355,0.883,0.25039763244703483,0.3089827770399214,1.2121031353116816
DNK,2012,lnorm,corr,mawd,0.20962089265314354,0.0,0.27998483980261846,0.3771342380121391,-2.5616210043893233
DNK,2012,lnorm,corr,d,0.37387256846841355,0.666,0.2926902407510238,0.35678232411362354,0.4016029238081394
DNK,2013,perm,orig,mawd,0.1982950082575567,0.006,0.22911401784861998,0.2983634353336278,-2.068888179003546
DNK,2013,perm,orig,d,0.3678807892329196,0.85,0.2566538183767281,0.31533857938148296,1.022855752005124
DNK,2013,perm,clean,mawd,0.15126929149534138,0.0,0.21916514986485974,0.29258585655773317,-2.766368444050818
DNK,2013,perm,clean,d,0.2128740187920121,0.0,0.2448847027187972,0.3039775369600418,-2.370326613747059
DNK,2013,lnorm,orig,mawd,0.1982950082575567,0.0,0.2771896477065994,0.37554460711867904,-2.7046603207409388
DNK,2013,lnorm,orig,d,0.3678807892329196,0.615,0.29473116717671205,0.35796332157909216,0.24373488993909506
DNK,2013,lnorm,clean,mawd,0.15126929149534138,0.0,0.27208841810267675,0.36689669237211614,-3.1964058424018313
DNK,2013,lnorm,clean,d,0.2128740187920121,0.0,0.2858978213444821,0.34138427312317793,-3.5947465540887853
DNK,2013,perm,corr,mawd,0.19822664011653945,0.006,0.2266724763976114,0.29575011899820963,-2.013983585056655
DNK,2013,perm,corr,d,0.3695821034091417,0.858,0.2550795079902495,0.3146420688812095,1.0613628128141994
DNK,2013,lnorm,corr,mawd,0.19822664011653945,0.0,0.27708098907336953,0.3753380115475292,-2.704703474063933
DNK,2013,lnorm,corr,d,0.3695821034091417,0.628,0.29460902255119964,0.35782341106000626,0.2894864022709107
DNK,2014,perm,orig,mawd,0.19476733486493147,0.005,0.2288134197184731,0.29761313015779645,-2.1386048516459257
DNK,2014,perm,orig,d,0.34217534143633765,0.706,0.2584082967408806,0.3172679960267931,0.46570567913117555
DNK,2014,perm,clean,mawd,0.16048720036835687,0.0,0.22100239020873894,0.29284734370031207,-2.6130916914988704
DNK,2014,perm,clean,d,0.23085460913522596,0.011,0.2471159936724562,0.3065027386487099,-1.88870388424692
DNK,2014,lnorm,orig,mawd,0.19476733486493147,0.0,0.2765334216437146,0.37213567446693563,-2.756009812290286
DNK,2014,lnorm,orig,d,0.34217534143633765,0.366,0.29607649826059607,0.3569821665373011,-0.3834055002891113
DNK,2014,lnorm,clean,mawd,0.16048720036835687,0.0,0.2715242275749087,0.3678630402821209,-3.0858296316744886
DNK,2014,lnorm,clean,d,0.23085460913522596,0.0,0.28610841742556176,0.3457982554480766,-3.00224619087525
DNK,2014,perm,corr,mawd,0.19476733486493147,0.005,0.2288134197184731,0.29761313015779645,-2.1386048516459257
DNK,2014,perm,corr,d,0.34217534143633765,0.706,0.2584082967408806,0.3172679960267931,0.46570567913117555
DNK,2014,lnorm,corr,mawd,0.19476733486493147,0.0,0.2765334216437146,0.37213567446693563,-2.756009812290286
DNK,2014,lnorm,corr,d,0.34217534143633765,0.366,0.29607649826059607,0.3569821665373011,-0.3834055002891113
ESP,2000,perm,orig,mawd,0.17209044167674742,0.0,0.25405860537706115,0.3241998555213058,-3.095127551022526
ESP,2000,perm,orig,d,0.22362967363182887,0.0,0.30326325096063583,0.36671436538119584,-2.5454689801906194
ESP,2000,perm,clean,mawd,0.16710103152539957,0.0,0.2511470324987414,0.32415024891355904,-3.0632100593289873
ESP,2000,perm,clean,d,0.22368364651672157,0.0,0.2973400739016949,0.36565367193459847,-2.4064238513597447
ESP,2000,lnorm,orig,mawd,0.17209044167674742,0.0,0.2838793625202542,0.3819468331723372,-3.0288689528749204
ESP,2000,lnorm,orig,d,0.22362967363182887,0.0,0.31841255518238576,0.3944677418073435,-3.2228203022129702
ESP,2000,lnorm,clean,mawd,0.16710103152539957,0.0,0.2778572530526883,0.3809308569587593,-2.9596437234706072
ESP,2000,lnorm,clean,d,0.22368364651672157,0.0,0.3157965011248403,0.3948279592853799,-3.0566573298729107
ESP,2000,perm,corr,mawd,0.17209044167674742,0.0,0.25405860537706115,0.3241998555213058,-3.095127551022526
ESP,2000,perm,corr,d,0.22362967363182887,0.0,0.30326325096063583,0.36671436538119584,-2.5454689801906194
ESP,2000,lnorm,corr,mawd,0.17209044167674742,0.0,0.2838793625202542,0.3819468331723372,-3.0288689528749204
ESP,2000,lnorm,corr,d,0.22362967363182887,0.0,0.31841255518238576,0.3944677418073435,-3.2228203022129702
ESP,2001,perm,orig,mawd,0.1794016442994736,0.0,0.25700770642358955,0.32943237486644217,-3.01149180860452
ESP,2001,perm,orig,d,0.2307223848593414,0.0,0.30318549528065014,0.3704731463148675,-2.4833655081950474
ESP,2001,perm,clean,mawd,0.1741839123032729,0.0,0.2551946827823514,0.3290589450020389,-2.9698871446140025
ESP,2001,perm,clean,d,0.2362773965927305,0.0,0.2917195408653203,0.35554091966920187,-2.2873735665376134
ESP,2001,lnorm,orig,mawd,0.1794016442994736,0.0,0.2819788890736693,0.3811007197148352,-2.888914100855183
ESP,2001,lnorm,orig,d,0.2307223848593414,0.0,0.31808186207614014,0.39516487923548227,-3.0532297340226133
ESP,2001,lnorm,clean,mawd,0.1741839123032729,0.0,0.27756364706173997,0.37843695736070837,-2.8117165462636784
ESP,2001,lnorm,clean,d,0.2362773965927305,0.0,0.30621405704826987,0.37495350322461096,-2.8527273283999146
ESP,2001,perm,corr,mawd,0.1794016442994736,0.0,0.25700770642358955,0.32943237486644217,-3.01149180860452
ESP,2001,perm,corr,d,0.2307223848593414,0.0,0.30318549528065014,0.3704731463148675,-2.4833655081950474
ESP,2001,lnorm,corr,mawd,0.1794016442994736,0.0,0.2819788890736693,0.3811007197148352,-2.888914100855183
ESP,2001,lnorm,corr,d,0.2307223848593414,0.0,0.31808186207614014,0.39516487923548227,-3.0532297340226133
ESP,2002,perm,orig,mawd,0.18114425981612856,0.0,0.2570558808016571,0.329421303479872,-2.8768042628122483
ESP,2002,perm,orig,d,0.239677143804254,0.0,0.30446219169273014,0.37305914895064174,-2.4212272227228544
ESP,2002,perm,clean,mawd,0.1624045307713767,0.0,0.2501638943358964,0.3299109362050381,-3.023178812024186
ESP,2002,perm,clean,d,0.22521898749751107,0.0,0.2987018307578637,0.3744280337933207,-2.5104389942499203
ESP,2002,lnorm,orig,mawd,0.18114425981612856,0.001,0.2796079134983892,0.3799848760692875,-2.689145584413548
ESP,2002,lnorm,orig,d,0.239677143804254,0.0,0.3178359250092489,0.39601770380694823,-2.9310200777814193
ESP,2002,lnorm,clean,mawd,0.1624045307713767,0.001,0.2735449251180527,0.3797957079256654,-2.7415812909120785
ESP,2002,lnorm,clean,d,0.22521898749751107,0.0,0.3152779468204926,0.39918612781467055,-3.029381858830925
ESP,2002,perm,corr,mawd,0.18114425981612856,0.0,0.2570558808016571,0.329421303479872,-2.8768042628122483
ESP,2002,perm,corr,d,0.239677143804254,0.0,0.30446219169273014,0.37305914895064174,-2.4212272227228544
ESP,2002,lnorm,corr,mawd,0.18114425981612856,0.001,0.2796079134983892,0.3799848760692875,-2.689145584413548
ESP,2002,lnorm,corr,d,0.239677143804254,0.0,0.3178359250092489,0.39601770380694823,-2.9310200777814193
ESP,2003,perm,orig,mawd,0.17978924521325249,0.0,0.24766706698175153,0.3239227541249982,-2.7289695767333986
ESP,2003,perm,orig,d,0.24293098533438579,0.001,0.30058312477565086,0.3694612188576354,-2.2577446564584873
ESP,2003,perm,clean,mawd,0.15983814697311527,0.0,0.24149813092322087,0.32271695143928686,-2.8843965266244704
ESP,2003,perm,clean,d,0.22753233239183335,0.0,0.2878301682724632,0.3525384939336662,-2.3883784045727254
ESP,2003,lnorm,orig,mawd,0.17978924521325249,0.001,0.2767648275904179,0.374316650225873,-2.5833386352672454
ESP,2003,lnorm,orig,d,0.24293098533438579,0.0,0.31546077300841446,0.39423167393006114,-2.803731509186554
ESP,2003,lnorm,clean,mawd,0.15983814697311527,0.001,0.26603725584256205,0.3712930543101169,-2.6404270082803842
ESP,2003,lnorm,clean,d,0.22753233239183335,0.0,0.2985176951749745,0.37370903673196465,-2.9575492074923964
ESP,2003,perm,corr,mawd,0.17978924521325249,0.0,0.24766706698175153,0.3239227541249982,-2.7289695767333986
ESP,2003,perm,corr,d,0.24293098533438579,0.001,0.30058312477565086,0.3694612188576354,-2.2577446564584873
ESP,2003,lnorm,corr,mawd,0.17978924521325249,0.001,0.2767648275904179,0.374316650225873,-2.5833386352672454
ESP,2003,lnorm,corr,d,0.24293098533438579,0.0,0.31546077300841446,0.39423167393006114,-2.803731509186554
ESP,2004,perm,orig,mawd,0.17854637035640214,0.0,0.2428334161725701,0.31702982066031204,-2.688084717550201
ESP,2004,perm,orig,d,0.2423918906514083,0.001,0.295412616343619,0.3652217373652209,-2.2248927680990556
ESP,2004,perm,clean,mawd,0.15872404113478772,0.0,0.23636156425440105,0.3174818961264338,-2.8692916675323703
ESP,2004,perm,clean,d,0.2275256702163866,0.0,0.28383366562559137,0.35114710904279867,-2.42030030402358
ESP,2004,lnorm,orig,mawd,0.17854637035640214,0.001,0.27271882219708055,0.36777419097511566,-2.5706085199585416
ESP,2004,lnorm,orig,d,0.2423918906514083,0.0,0.3134670528220563,0.3910983337698489,-2.7784242179259095
ESP,2004,lnorm,clean,mawd,0.15872404113478772,0.001,0.26353133814396895,0.3668041037320552,-2.64528439105177
ESP,2004,lnorm,clean,d,0.2275256702163866,0.0,0.30136523282747946,0.37193917620564965,-2.998040797292105
ESP,2004,perm,corr,mawd,0.17854637035640214,0.0,0.2428334161725701,0.31702982066031204,-2.688084717550201
ESP,2004,perm,corr,d,0.2423918906514083,0.001,0.295412616343619,0.3652217373652209,-2.2248927680990556
ESP,2004,lnorm,corr,mawd,0.17854637035640214,0.001,0.27271882219708055,0.36777419097511566,-2.5706085199585416
ESP,2004,lnorm,corr,d,0.2423918906514083,0.0,0.3134670528220563,0.3910983337698489,-2.7784242179259095
ESP,2005,perm,orig,mawd,0.1749462719887857,0.0,0.24110361104796305,0.31751968761133187,-2.688506222579751
ESP,2005,perm,orig,d,0.24285104005770375,0.001,0.29710710094721426,0.3701111155918821,-2.2618607200731735
ESP,2005,perm,clean,mawd,0.1554495187158076,0.0,0.2340367654039692,0.31895934033114437,-2.850260088506726
ESP,2005,perm,clean,d,0.22925240037419015,0.0,0.2857930570630546,0.35376047516147124,-2.4111312669937983
ESP,2005,lnorm,orig,mawd,0.1749462719887857,0.001,0.27602315109155867,0.3737683581455926,-2.568466405310044
ESP,2005,lnorm,orig,d,0.24285104005770375,0.0,0.3172205456406277,0.3969980192409127,-2.8641622658180275
ESP,2005,lnorm,clean,mawd,0.1554495187158076,0.001,0.26838691793536257,0.3706460155858159,-2.616241391782582
ESP,2005,lnorm,clean,d,0.22925240037419015,0.0,0.3062528074336199,0.3766104179358909,-3.0275743664697585
ESP,2005,perm,corr,mawd,0.1749462719887857,0.0,0.24110361104796305,0.31751968761133187,-2.688506222579751
ESP,2005,perm,corr,d,0.24285104005770375,0.001,0.29710710094721426,0.3701111155918821,-2.2618607200731735
ESP,2005,lnorm,corr,mawd,0.1749462719887857,0.001,0.27602315109155867,0.3737683581455926,-2.568466405310044
ESP,2005,lnorm,corr,d,0.24285104005770375,0.0,0.3172205456406277,0.3969980192409127,-2.8641622658180275
ESP,2006,perm,orig,mawd,0.17093832003935905,0.0,0.24519093829601996,0.32128897470995,-2.772876574243135
ESP,2006,perm,orig,d,0.24286626349788126,0.001,0.29928353762586163,0.3735610105823186,-2.35195731592834
ESP,2006,perm,clean,mawd,0.15235127363677053,0.0,0.2377366591304738,0.32154837242258244,-2.912584938149435
ESP,2006,perm,clean,d,0.2272311112701486,0.0,0.289266924318086,0.358465893302665,-2.5040093075858394
ESP,2006,lnorm,orig,mawd,0.17093832003935905,0.001,0.27489202751060426,0.37403155310511826,-2.57247090534485
ESP,2006,lnorm,orig,d,0.24286626349788126,0.0,0.31892161731631663,0.3991714064482896,-2.8715059562281193
ESP,2006,lnorm,clean,mawd,0.15235127363677053,0.0,0.26765132151532084,0.3715282653957316,-2.611075110037727
ESP,2006,lnorm,clean,d,0.2272311112701486,0.0,0.30744911595944185,0.37830297622503667,-3.021256254138291
ESP,2006,perm,corr,mawd,0.17093832003935905,0.0,0.24519093829601996,0.32128897470995,-2.772876574243135
ESP,2006,perm,corr,d,0.24286626349788126,0.001,0.29928353762586163,0.3735610105823186,-2.35195731592834
ESP,2006,lnorm,corr,mawd,0.17093832003935905,0.001,0.27489202751060426,0.37403155310511826,-2.57247090534485
ESP,2006,lnorm,corr,d,0.24286626349788126,0.0,0.31892161731631663,0.3991714064482896,-2.8715059562281193
ESP,2007,perm,orig,mawd,0.18189859898815253,0.0,0.2443747232188048,0.3191730505002339,-2.613837745884174
ESP,2007,perm,orig,d,0.2536256644909618,0.003,0.29793283087633604,0.3720488721963626,-2.1180860155354355
ESP,2007,perm,clean,mawd,0.1660746339657196,0.0,0.23784263768337735,0.319565044411267,-2.7277148781312763
ESP,2007,perm,clean,d,0.24439613720906825,0.0,0.2861228480746552,0.35600578202152944,-2.1225414455021263
ESP,2007,lnorm,orig,mawd,0.18189859898815253,0.001,0.27324653946828475,0.3716031556004657,-2.4997296091096173
ESP,2007,lnorm,orig,d,0.2536256644909618,0.001,0.31700721938185905,0.39718471099118646,-2.5985400631719218
ESP,2007,lnorm,clean,mawd,0.1660746339657196,0.001,0.2664095681693622,0.3694696012265998,-2.5255495268987107
ESP,2007,lnorm,clean,d,0.24439613720906825,0.0,0.303999775249794,0.37557842622291887,-2.59178010234085
ESP,2007,perm,corr,mawd,0.18189859898815253,0.0,0.2443747232188048,0.3191730505002339,-2.613837745884174
ESP,2007,perm,corr,d,0.2536256644909618,0.003,0.29793283087633604,0.3720488721963626,-2.1180860155354355
ESP,2007,lnorm,corr,mawd,0.18189859898815253,0.001,0.27324653946828475,0.3716031556004657,-2.4997296091096173
ESP,2007,lnorm,corr,d,0.2536256644909618,0.001,0.31700721938185905,0.39718471099118646,-2.5985400631719218
ESP,2008,perm,orig,mawd,0.1842729399034589,0.0,0.25270293863209703,0.3290877849465694,-2.8289847149009177
ESP,2008,perm,orig,d,0.2561471518643498,0.001,0.3019462644479984,0.3745049705207395,-2.2264675531262434
ESP,2008,perm,clean,mawd,0.1837831933515056,0.0,0.25000672950339337,0.32823461152541794,-2.7273541894690965
ESP,2008,perm,clean,d,0.26403868395801644,0.007,0.2915492565334005,0.3606833433976234,-1.902982980827348
ESP,2008,lnorm,orig,mawd,0.1842729399034589,0.001,0.2871953837866779,0.3831061747439942,-2.7100176437736336
ESP,2008,lnorm,orig,d,0.2561471518643498,0.0,0.32173046954040024,0.3987676639418175,-2.715534421491388
ESP,2008,lnorm,clean,mawd,0.1837831933515056,0.001,0.28180397281153247,0.38278208511583073,-2.596334622875644
ESP,2008,lnorm,clean,d,0.26403868395801644,0.004,0.3093109540334442,0.3797453065612597,-2.348349184667222
ESP,2008,perm,corr,mawd,0.1842729399034589,0.0,0.25270293863209703,0.3290877849465694,-2.8289847149009177
ESP,2008,perm,corr,d,0.2561471518643498,0.001,0.3019462644479984,0.3745049705207395,-2.2264675531262434
ESP,2008,lnorm,corr,mawd,0.1842729399034589,0.001,0.2871953837866779,0.3831061747439942,-2.7100176437736336
ESP,2008,lnorm,corr,d,0.2561471518643498,0.0,0.32173046954040024,0.3987676639418175,-2.715534421491388
ESP,2009,perm,orig,mawd,0.19731643612550046,0.0,0.2562272713974453,0.33958064521036446,-2.5430537637440844
ESP,2009,perm,orig,d,0.279404886560254,0.009,0.30553756886606354,0.3762701944037067,-1.8082158058610156
ESP,2009,perm,clean,mawd,0.19716218188499057,0.0,0.2525653060862054,0.34049899393820904,-2.4660777092148147
ESP,2009,perm,clean,d,0.2839068736296084,0.02,0.2951597504837064,0.3676855529397942,-1.5315032427159778
ESP,2009,lnorm,orig,mawd,0.19731643612550046,0.001,0.28906275156429023,0.39017586092257744,-2.552370921413703
ESP,2009,lnorm,orig,d,0.279404886560254,0.004,0.31977332678339526,0.3960084342326993,-2.2668786333893274
ESP,2009,lnorm,clean,mawd,0.19716218188499057,0.001,0.28655538485533133,0.39115402048121617,-2.470197287644567
ESP,2009,lnorm,clean,d,0.2839068736296084,0.007,0.3103403356243819,0.3847060207906159,-1.9322120098130238
ESP,2009,perm,corr,mawd,0.19731643612550046,0.0,0.2562272713974453,0.33958064521036446,-2.5430537637440844
ESP,2009,perm,corr,d,0.279404886560254,0.009,0.30553756886606354,0.3762701944037067,-1.8082158058610156
ESP,2009,lnorm,corr,mawd,0.19731643612550046,0.001,0.28906275156429023,0.39017586092257744,-2.552370921413703
ESP,2009,lnorm,corr,d,0.279404886560254,0.004,0.31977332678339526,0.3960084342326993,-2.2668786333893274
ESP,2010,perm,orig,mawd,0.18696179688194772,0.0,0.2606706974247034,0.3430546218924231,-2.8731274497784063
ESP,2010,perm,orig,d,0.23660715905322954,0.0,0.30811037968598226,0.3804052950974648,-2.6613557378376114
ESP,2010,perm,clean,mawd,0.18622645996035872,0.0,0.25782750013811434,0.34309167014206765,-2.7948242516239246
ESP,2010,perm,clean,d,0.23992603798517378,0.0,0.2974336192742562,0.3690897401250579,-2.392509074744597
ESP,2010,lnorm,orig,mawd,0.18696179688194772,0.0,0.2967991024007953,0.3962517185808109,-2.930105452256663
ESP,2010,lnorm,orig,d,0.23660715905322954,0.0,0.32584046172841163,0.40148748296455633,-3.198450461213758
ESP,2010,lnorm,clean,mawd,0.18622645996035872,0.0,0.29590585075299003,0.3990712790159838,-2.8596525148982623
ESP,2010,lnorm,clean,d,0.23992603798517378,0.0,0.3156457863629903,0.38712935125835934,-2.8906306071246903
ESP,2010,perm,corr,mawd,0.18696179688194772,0.0,0.2606706974247034,0.3430546218924231,-2.8731274497784063
ESP,2010,perm,corr,d,0.23660715905322954,0.0,0.30811037968598226,0.3804052950974648,-2.6613557378376114
ESP,2010,lnorm,corr,mawd,0.18696179688194772,0.0,0.2967991024007953,0.3962517185808109,-2.930105452256663
ESP,2010,lnorm,corr,d,0.23660715905322954,0.0,0.32584046172841163,0.40148748296455633,-3.198450461213758
ESP,2011,perm,orig,mawd,0.18734488143469563,0.0,0.2607606296519296,0.3408641888807874,-2.868501244024509
ESP,2011,perm,orig,d,0.22631877962707145,0.0,0.30748936931616033,0.3806925432271846,-2.8202994935751047
ESP,2011,perm,clean,mawd,0.18574399784762824,0.0,0.2585513375821063,0.3428469856165508,-2.8145261428175536
ESP,2011,perm,clean,d,0.2303248677300637,0.0,0.2980385088704797,0.36902537183411227,-2.551305766897384
ESP,2011,lnorm,orig,mawd,0.18734488143469563,0.0,0.3003509657374986,0.3990447883135413,-2.97277168438192
ESP,2011,lnorm,orig,d,0.22631877962707145,0.0,0.32691144671463157,0.40232415335894867,-3.400437853789345
ESP,2011,lnorm,clean,mawd,0.18574399784762824,0.0,0.29977650745707446,0.4043577056758333,-2.9336626437829088
ESP,2011,lnorm,clean,d,0.2303248677300637,0.0,0.3163566496614018,0.3874823476415552,-3.099834559241554
ESP,2011,perm,corr,mawd,0.18734488143469563,0.0,0.2607606296519296,0.3408641888807874,-2.868501244024509
ESP,2011,perm,corr,d,0.22631877962707145,0.0,0.30748936931616033,0.3806925432271846,-2.8202994935751047
ESP,2011,lnorm,corr,mawd,0.18734488143469563,0.0,0.3003509657374986,0.3990447883135413,-2.97277168438192
ESP,2011,lnorm,corr,d,0.22631877962707145,0.0,0.32691144671463157,0.40232415335894867,-3.400437853789345
ESP,2012,perm,orig,mawd,0.1981824384531065,0.0,0.2652534236973995,0.347868617700127,-2.754598350343493
ESP,2012,perm,orig,d,0.23250500537114152,0.0,0.3105778649329958,0.3822387574778433,-2.884491074102923
ESP,2012,perm,clean,mawd,0.19798435309137627,0.0,0.2648738911272391,0.3512749101973125,-2.6820712072079447
ESP,2012,perm,clean,d,0.23744935783016324,0.0,0.3032037827245007,0.37454846688575705,-2.5831675169062107
ESP,2012,lnorm,orig,mawd,0.1981824384531065,0.0,0.3103558135727953,0.4128231167256469,-2.8880482699896084
ESP,2012,lnorm,orig,d,0.23250500537114152,0.0,0.3330718669449462,0.4049993592349242,-3.5198527053960964
ESP,2012,lnorm,clean,mawd,0.19798435309137627,0.0,0.307948681697747,0.41526524662038455,-2.842235037038075
ESP,2012,lnorm,clean,d,0.23744935783016324,0.0,0.32280081034966457,0.39262671005040795,-3.1748613703872994
ESP,2012,perm,corr,mawd,0.1981824384531065,0.0,0.2652534236973995,0.347868617700127,-2.754598350343493
ESP,2012,perm,corr,d,0.23250500537114152,0.0,0.3105778649329958,0.3822387574778433,-2.884491074102923
ESP,2012,lnorm,corr,mawd,0.1981824384531065,0.0,0.3103558135727953,0.4128231167256469,-2.8880482699896084
ESP,2012,lnorm,corr,d,0.23250500537114152,0.0,0.3330718669449462,0.4049993592349242,-3.5198527053960964
ESP,2013,perm,orig,mawd,0.19698450936542392,0.0,0.2639678488334007,0.34944831044589575,-2.739167709927429
ESP,2013,perm,orig,d,0.2207567248226049,0.0,0.308742363147524,0.37992346284409817,-3.049763162387769
ESP,2013,perm,clean,mawd,0.19848431225146035,0.0,0.26301771835544074,0.35217448058822687,-2.6259237344566944
ESP,2013,perm,clean,d,0.2285516128989539,0.0,0.30398097742991975,0.3725810240175823,-2.707824275815098
ESP,2013,lnorm,orig,mawd,0.19698450936542392,0.0,0.31225132668480005,0.4159337664607161,-2.9060805909166882
ESP,2013,lnorm,orig,d,0.2207567248226049,0.0,0.33143844658156907,0.4027862494815436,-3.7446143283598015
ESP,2013,lnorm,clean,mawd,0.19848431225146035,0.0,0.30878190756203855,0.4204154972027595,-2.825263866841887
ESP,2013,lnorm,clean,d,0.2285516128989539,0.0,0.32354434933331283,0.3915742703492437,-3.3274222581059516
ESP,2013,perm,corr,mawd,0.19698450936542392,0.0,0.2639678488334007,0.34944831044589575,-2.739167709927429
ESP,2013,perm,corr,d,0.2207567248226049,0.0,0.308742363147524,0.37992346284409817,-3.049763162387769
ESP,2013,lnorm,corr,mawd,0.19698450936542392,0.0,0.31225132668480005,0.4159337664607161,-2.9060805909166882
ESP,2013,lnorm,corr,d,0.2207567248226049,0.0,0.33143844658156907,0.4027862494815436,-3.7446143283598015
ESP,2014,perm,orig,mawd,0.20009719735911882,0.0,0.26991549589288916,0.3547530408370284,-2.7580865503753924
ESP,2014,perm,orig,d,0.23554251480209465,0.0,0.31213063264353297,0.3795831482708827,-2.870643678676083
ESP,2014,perm,clean,mawd,0.20033042754816835,0.0,0.2669854172618411,0.3556479049310123,-2.6739876377786054
ESP,2014,perm,clean,d,0.2397240268437954,0.0,0.30715357059499687,0.3744302832240127,-2.586154807107448
ESP,2014,lnorm,orig,mawd,0.20009719735911882,0.0,0.31519023760180714,0.4196389194952891,-2.8876364052740167
ESP,2014,lnorm,orig,d,0.23554251480209465,0.0,0.33337815455081043,0.40224065659423686,-3.5368711456871793
ESP,2014,lnorm,clean,mawd,0.20033042754816835,0.0,0.31146191410415514,0.42410487155554394,-2.8386763922450915
ESP,2014,lnorm,clean,d,0.2397240268437954,0.0,0.3256158384290234,0.3932012929512359,-3.2028840672218366
ESP,2014,perm,corr,mawd,0.20009719735911882,0.0,0.26991549589288916,0.3547530408370284,-2.7580865503753924
ESP,2014,perm,corr,d,0.23554251480209465,0.0,0.31213063264353297,0.3795831482708827,-2.870643678676083
ESP,2014,lnorm,corr,mawd,0.20009719735911882,0.0,0.31519023760180714,0.4196389194952891,-2.8876364052740167
ESP,2014,lnorm,corr,d,0.23554251480209465,0.0,0.33337815455081043,0.40224065659423686,-3.5368711456871793
EST,2000,perm,orig,mawd,0.20171951368812174,0.026,0.21261952634782783,0.264547901509564,-1.870921417694042
EST,2000,perm,orig,d,0.3060830780033373,0.414,0.2636012665979614,0.3130233839487596,-0.26334733101943436
EST,2000,perm,clean,mawd,0.201028232252507,0.026,0.2108232378717651,0.26406921797947847,-1.857288096701809
EST,2000,perm,clean,d,0.30063265557034485,0.406,0.2584231070572662,0.30863217235210116,-0.29992658831503144
EST,2000,lnorm,orig,mawd,0.20171951368812174,0.103,0.18914467610321892,0.2492763860431601,-1.2322864227760515
EST,2000,lnorm,orig,d,0.3060830780033373,0.644,0.24618656145882656,0.2950809914854865,0.291352482667593
EST,2000,lnorm,clean,mawd,0.201028232252507,0.104,0.186676297210294,0.2483923367783735,-1.2213126079237686
EST,2000,lnorm,clean,d,0.30063265557034485,0.604,0.24141859361363394,0.2923247687274642,0.22646055723033698
EST,2000,perm,corr,mawd,0.20171951368812174,0.026,0.21261952634782783,0.264547901509564,-1.870921417694042
EST,2000,perm,corr,d,0.3060830780033373,0.414,0.2636012665979614,0.3130233839487596,-0.26334733101943436
EST,2000,lnorm,corr,mawd,0.20171951368812174,0.103,0.18914467610321892,0.2492763860431601,-1.2322864227760515
EST,2000,lnorm,corr,d,0.3060830780033373,0.644,0.24618656145882656,0.2950809914854865,0.291352482667593
EST,2001,perm,orig,mawd,0.19701848214740358,0.065,0.19194112974316646,0.23972649161474893,-1.4543151935431564
EST,2001,perm,orig,d,0.2959424222471577,0.624,0.24000348579001504,0.2858169792223201,0.34189450036964275
EST,2001,perm,clean,mawd,0.1935222331484768,0.058,0.1917404809546045,0.2397974960458739,-1.5316253447639778
EST,2001,perm,clean,d,0.2940556372510929,0.608,0.23489807708710436,0.2841171295214335,0.30216005139575164
EST,2001,lnorm,orig,mawd,0.19701848214740358,0.111,0.18548526814851743,0.2414705324044411,-1.214151915376583
EST,2001,lnorm,orig,d,0.2959424222471577,0.691,0.2351471954069794,0.2817829613640688,0.4448229737902228
EST,2001,lnorm,clean,mawd,0.1935222331484768,0.097,0.18541579862932206,0.24200136332244648,-1.2808609270300857
EST,2001,lnorm,clean,d,0.2940556372510929,0.675,0.23561490640829208,0.28180428918587075,0.37900143301545863
EST,2001,perm,corr,mawd,0.19701848214740358,0.065,0.19194112974316646,0.23972649161474893,-1.4543151935431564
EST,2001,perm,corr,d,0.2959424222471577,0.624,0.24000348579001504,0.2858169792223201,0.34189450036964275
EST,2001,lnorm,corr,mawd,0.19701848214740358,0.111,0.18548526814851743,0.2414705324044411,-1.214151915376583
EST,2001,lnorm,corr,d,0.2959424222471577,0.691,0.2351471954069794,0.2817829613640688,0.4448229737902228
EST,2002,perm,orig,mawd,0.23659778126079473,0.218,0.20803767761752334,0.2626585363741032,-0.7698947241856188
EST,2002,perm,orig,d,0.35865594070562157,0.903,0.2616061499323852,0.31152478379154347,1.3222056287950876
EST,2002,perm,clean,mawd,0.1893543445814422,0.025,0.20053766076060178,0.2578323684796204,-1.921073865523505
EST,2002,perm,clean,d,0.2804733210779827,0.247,0.25464799393420623,0.3060301041907595,-0.7493784605705355
EST,2002,lnorm,orig,mawd,0.23659778126079473,0.148,0.21238155116925728,0.28171866941327917,-1.040262501274408
EST,2002,lnorm,orig,d,0.35865594070562157,0.89,0.26676942724556124,0.3176593880090951,1.2173482690596562
EST,2002,lnorm,clean,mawd,0.1893543445814422,0.025,0.2087358690586213,0.27498706370686987,-1.8521663722003534
EST,2002,lnorm,clean,d,0.2804733210779827,0.181,0.259144377031778,0.31070944824724217,-0.9089524970565874
EST,2002,perm,corr,mawd,0.23659778126079473,0.218,0.20803767761752334,0.2626585363741032,-0.7698947241856188
EST,2002,perm,corr,d,0.35865594070562157,0.903,0.2616061499323852,0.31152478379154347,1.3222056287950876
EST,2002,lnorm,corr,mawd,0.23659778126079473,0.148,0.21238155116925728,0.28171866941327917,-1.040262501274408
EST,2002,lnorm,corr,d,0.35865594070562157,0.89,0.26676942724556124,0.3176593880090951,1.2173482690596562
EST,2003,perm,orig,mawd,0.23628265228317513,0.237,0.20340461382842154,0.2578940245871324,-0.6796798184103365
EST,2003,perm,orig,d,0.3305094812176619,0.785,0.26043486023586565,0.3036247434887548,0.7830223938327422
EST,2003,perm,clean,mawd,0.19839128346724752,0.054,0.19768009082184976,0.2528502356895621,-1.5960314218904874
EST,2003,perm,clean,d,0.25755440095358273,0.086,0.25029582308937987,0.2951139365532838,-1.2690904353761756
EST,2003,lnorm,orig,mawd,0.23628265228317513,0.113,0.22052806139928957,0.2898634898527588,-1.1919416446111908
EST,2003,lnorm,orig,d,0.3305094812176619,0.664,0.26975782986353924,0.3180657683199194,0.3735155968549597
EST,2003,lnorm,clean,mawd,0.19839128346724752,0.023,0.21363040248870369,0.28361498688704156,-1.814573159526527
EST,2003,lnorm,clean,d,0.25755440095358273,0.039,0.26102661181248776,0.30990120656235437,-1.673669732821266
EST,2003,perm,corr,mawd,0.23628265228317513,0.237,0.20340461382842154,0.2578940245871324,-0.6796798184103365
EST,2003,perm,corr,d,0.3305094812176619,0.785,0.26043486023586565,0.3036247434887548,0.7830223938327422
EST,2003,lnorm,corr,mawd,0.23628265228317513,0.113,0.22052806139928957,0.2898634898527588,-1.1919416446111908
EST,2003,lnorm,corr,d,0.3305094812176619,0.664,0.26975782986353924,0.3180657683199194,0.3735155968549597
EST,2004,perm,orig,mawd,0.2205332770793744,0.115,0.206620691365004,0.25796393746390334,-1.1538623183895864
EST,2004,perm,orig,d,0.3001730052513287,0.491,0.26035757163871165,0.3007291876410223,-0.06415564291292643
EST,2004,perm,clean,mawd,0.21839255004520441,0.106,0.20659377303039547,0.2580744172908073,-1.189717879179949
EST,2004,perm,clean,d,0.28607382499464357,0.303,0.25559841189848037,0.29977338653006735,-0.5266697644040099
EST,2004,lnorm,orig,mawd,0.2205332770793744,0.162,0.1978068829557615,0.25947788805165345,-1.0018370739843383
EST,2004,lnorm,orig,d,0.3001730052513287,0.533,0.25229642356647797,0.29775900672261546,0.05612115021138623
EST,2004,lnorm,clean,mawd,0.21839255004520441,0.149,0.19737865445438188,0.259616357959629,-1.0328237949177568
EST,2004,lnorm,clean,d,0.28607382499464357,0.36,0.24918181966943495,0.2969025906535264,-0.38991864031661033
EST,2004,perm,corr,mawd,0.2205332770793744,0.115,0.206620691365004,0.25796393746390334,-1.1538623183895864
EST,2004,perm,corr,d,0.3001730052513287,0.491,0.26035757163871165,0.3007291876410223,-0.06415564291292643
EST,2004,lnorm,corr,mawd,0.2205332770793744,0.162,0.1978068829557615,0.25947788805165345,-1.0018370739843383
EST,2004,lnorm,corr,d,0.3001730052513287,0.533,0.25229642356647797,0.29775900672261546,0.05612115021138623
EST,2005,perm,orig,mawd,0.2233849030824717,0.049,0.22376367835844385,0.27892767886105563,-1.5886629991328873
EST,2005,perm,orig,d,0.3535694867062931,0.797,0.2795292542284735,0.3250593291842771,0.8424641426126329
EST,2005,perm,clean,mawd,0.19635401852078543,0.016,0.2174140406796999,0.27196888542160313,-2.1217378637789253
EST,2005,perm,clean,d,0.2744165340330298,0.066,0.269896067249648,0.3183538647103114,-1.4629619609051576
EST,2005,lnorm,orig,mawd,0.2233849030824717,0.038,0.22727702511052153,0.30147713565011924,-1.6166285515101078
EST,2005,lnorm,orig,d,0.3535694867062931,0.749,0.28433581635824345,0.33198917694358454,0.6196008096113853
EST,2005,lnorm,clean,mawd,0.19635401852078543,0.013,0.2183549460711937,0.2938882522312436,-1.9930267032943467
EST,2005,lnorm,clean,d,0.2744165340330298,0.049,0.27465300505718704,0.3248882349367238,-1.6166948169844326
EST,2005,perm,corr,mawd,0.2233849030824717,0.049,0.22376367835844385,0.27892767886105563,-1.5886629991328873
EST,2005,perm,corr,d,0.3535694867062931,0.797,0.2795292542284735,0.3250593291842771,0.8424641426126329
EST,2005,lnorm,corr,mawd,0.2233849030824717,0.038,0.22727702511052153,0.30147713565011924,-1.6166285515101078
EST,2005,lnorm,corr,d,0.3535694867062931,0.749,0.28433581635824345,0.33198917694358454,0.6196008096113853
EST,2006,perm,orig,mawd,0.21023561331201399,0.021,0.2254698936880897,0.2847889409973663,-2.048138116270724
EST,2006,perm,orig,d,0.3196225870902587,0.44,0.28065602482751223,0.32553588941839573,-0.20010595377608764
EST,2006,perm,clean,mawd,0.20751651809906352,0.021,0.22252119149941302,0.28442592214409446,-2.0484250301015963
EST,2006,perm,clean,d,0.3261862891770258,0.517,0.2754316939820115,0.32495083584967427,0.0071324526008402075
EST,2006,lnorm,orig,mawd,0.21023561331201399,0.045,0.21162262027397843,0.28133780888405674,-1.5679914489383326
EST,2006,lnorm,orig,d,0.3196225870902587,0.528,0.26810282802191804,0.3174629189466427,0.008630650314392358
EST,2006,lnorm,clean,mawd,0.20751651809906352,0.042,0.2100244085285675,0.28048699086085893,-1.5719552825226037
EST,2006,lnorm,clean,d,0.3261862891770258,0.601,0.2638435271023569,0.31667118767207914,0.186379176055035
EST,2006,perm,corr,mawd,0.21023561331201399,0.021,0.2254698936880897,0.2847889409973663,-2.048138116270724
EST,2006,perm,corr,d,0.3196225870902587,0.44,0.28065602482751223,0.32553588941839573,-0.20010595377608764
EST,2006,lnorm,corr,mawd,0.21023561331201399,0.045,0.21162262027397843,0.28133780888405674,-1.5679914489383326
EST,2006,lnorm,corr,d,0.3196225870902587,0.528,0.26810282802191804,0.3174629189466427,0.008630650314392358
EST,2007,perm,orig,mawd,0.20478390647182496,0.013,0.2257946541109102,0.28814449932649355,-2.183131830150061
EST,2007,perm,orig,d,0.30494576835958087,0.243,0.2784316252320817,0.3247439798699061,-0.7010224433257044
EST,2007,perm,clean,mawd,0.20318336725682948,0.013,0.2254228776713301,0.287797207993883,-2.1772493221339766
EST,2007,perm,clean,d,0.3160142524264908,0.39,0.27550677462755735,0.32441223346563197,-0.3165637391915052
EST,2007,lnorm,orig,mawd,0.20478390647182496,0.041,0.2082440008936644,0.27417975787478355,-1.582015193291731
EST,2007,lnorm,orig,d,0.30494576835958087,0.466,0.2609681634005285,0.30797076705395204,-0.1338428804470432
EST,2007,lnorm,clean,mawd,0.20318336725682948,0.042,0.20578894760044167,0.27403293499224096,-1.5852036040984006
EST,2007,lnorm,clean,d,0.3160142524264908,0.616,0.259051432649441,0.306507408359433,0.22200613512673925
EST,2007,perm,corr,mawd,0.20478390647182496,0.013,0.2257946541109102,0.28814449932649355,-2.183131830150061
EST,2007,perm,corr,d,0.30494576835958087,0.243,0.2784316252320817,0.3247439798699061,-0.7010224433257044
EST,2007,lnorm,corr,mawd,0.20478390647182496,0.041,0.2082440008936644,0.27417975787478355,-1.582015193291731
EST,2007,lnorm,corr,d,0.30494576835958087,0.466,0.2609681634005285,0.30797076705395204,-0.1338428804470432
EST,2008,perm,orig,mawd,0.20515725831377934,0.04,0.20977755447049018,0.2680979811440349,-1.762156817050888
EST,2008,perm,orig,d,0.3222974610921132,0.645,0.2627340353319146,0.30919227424125895,0.34319247805190234
EST,2008,perm,clean,mawd,0.20156977219124764,0.034,0.20782594242090385,0.2676390735576094,-1.816009275712884
EST,2008,perm,clean,d,0.3292729640485488,0.698,0.2602492326790788,0.31147613045186706,0.4872333065332748
EST,2008,lnorm,orig,mawd,0.20515725831377934,0.082,0.19664525600122185,0.25843219074391743,-1.3247998170564896
EST,2008,lnorm,orig,d,0.3222974610921132,0.709,0.2514008963702921,0.30199900142310687,0.5081617886708539
EST,2008,lnorm,clean,mawd,0.20156977219124764,0.078,0.19523678331866307,0.2577451832101433,-1.3805095080148675
EST,2008,lnorm,clean,d,0.3292729640485488,0.746,0.24740082945361455,0.3025885292936047,0.6302031027692306
EST,2008,perm,corr,mawd,0.20515725831377934,0.04,0.20977755447049018,0.2680979811440349,-1.762156817050888
EST,2008,perm,corr,d,0.3222974610921132,0.645,0.2627340353319146,0.30919227424125895,0.34319247805190234
EST,2008,lnorm,corr,mawd,0.20515725831377934,0.082,0.19664525600122185,0.25843219074391743,-1.3247998170564896
EST,2008,lnorm,corr,d,0.3222974610921132,0.709,0.2514008963702921,0.30199900142310687,0.5081617886708539
EST,2009,perm,orig,mawd,0.21082251650744702,0.066,0.20575397748387916,0.2594238227533593,-1.4988790256333395
EST,2009,perm,orig,d,0.29274307942972,0.451,0.25155830064429263,0.2961630206198887,-0.1402371109149691
EST,2009,perm,clean,mawd,0.20804731358185127,0.063,0.20517763065743233,0.25918867116477284,-1.5492338109890738
EST,2009,perm,clean,d,0.27809813514913506,0.244,0.2505063494075195,0.29811952987273455,-0.6802087002681684
EST,2009,lnorm,orig,mawd,0.21082251650744702,0.137,0.19430460789339285,0.25414325572313234,-1.1246414422767392
EST,2009,lnorm,orig,d,0.29274307942972,0.542,0.24379282603232152,0.2890235597817879,0.0527812312038652
EST,2009,lnorm,clean,mawd,0.20804731358185127,0.126,0.19248130732839927,0.2538657861849166,-1.174968663993813
EST,2009,lnorm,clean,d,0.27809813514913506,0.339,0.2438792017501588,0.2915862110748425,-0.45967606334187233
EST,2009,perm,corr,mawd,0.21094301112750022,0.07,0.20464414745224943,0.2587919652060494,-1.4611171587631024
EST,2009,perm,corr,d,0.2937546707655524,0.476,0.25105309877036175,0.2954058097993962,-0.0873251535505722
EST,2009,lnorm,corr,mawd,0.21094301112750022,0.138,0.19414529056702223,0.25393791217147027,-1.1177794239341095
EST,2009,lnorm,corr,d,0.2937546707655524,0.558,0.24366468616164566,0.28885804930059306,0.09075593218707505
EST,2010,perm,orig,mawd,0.20930601978531194,0.014,0.230694754896271,0.28592317857422866,-2.256736663752098
EST,2010,perm,orig,d,0.2864914139256919,0.124,0.2728430956546485,0.32058204413675656,-1.1917996975705958
EST,2010,perm,clean,mawd,0.18487064418131652,0.004,0.2264390353415055,0.28414328749558293,-2.7508739699594407
EST,2010,perm,clean,d,0.24876247145834654,0.01,0.2685855708932532,0.3206517260537938,-2.295917837690621
EST,2010,lnorm,orig,mawd,0.20930601978531194,0.025,0.220025164035901,0.2863919345564462,-1.786077753077652
EST,2010,lnorm,orig,d,0.2864914139256919,0.175,0.2673270854100026,0.3150975588875553,-0.9341460736867098
EST,2010,lnorm,clean,mawd,0.18487064418131652,0.009,0.21526979290388032,0.28261724459707394,-2.1855870766966423
EST,2010,lnorm,clean,d,0.24876247145834654,0.018,0.2627255546407059,0.31423723526735403,-2.0134821343554945
EST,2010,perm,corr,mawd,0.20946926990278356,0.014,0.23266781658927685,0.2890906299532352,-2.3328671836701043
EST,2010,perm,corr,d,0.28572815363993487,0.101,0.2746785273292217,0.3237126746189961,-1.306265959196768
EST,2010,lnorm,corr,mawd,0.20946926990278356,0.021,0.22140721736304755,0.2882718521688188,-1.8094893061532136
EST,2010,lnorm,corr,d,0.28572815363993487,0.161,0.26859748854609394,0.31651454239927657,-0.9952404047081144
EST,2011,perm,orig,mawd,0.19673924260152162,0.011,0.22358566713272127,0.2803799502145331,-2.3902581812149646
EST,2011,perm,orig,d,0.2634492777185951,0.026,0.27170905249093485,0.3176703104470682,-1.802584138685198
EST,2011,perm,clean,mawd,0.18765740038846615,0.008,0.22119431273697504,0.2787908320046514,-2.511062435437419
EST,2011,perm,clean,d,0.2398154343007011,0.01,0.26067724607277565,0.3092740283978675,-2.1417559961853088
EST,2011,lnorm,orig,mawd,0.19673924260152162,0.014,0.2149184265399988,0.27896658754347614,-1.925186699587272
EST,2011,lnorm,orig,d,0.2634492777185951,0.045,0.26474019913672314,0.31325238467596195,-1.5746227156689894
EST,2011,lnorm,clean,mawd,0.18765740038846615,0.01,0.21227647111408496,0.2762999747329721,-2.0425872356604886
EST,2011,lnorm,clean,d,0.2398154343007011,0.015,0.25551190051110345,0.3055706204142271,-2.004832873059916
EST,2011,perm,corr,mawd,0.19673924260152162,0.011,0.22358566713272127,0.2803799502145331,-2.3902581812149646
EST,2011,perm,corr,d,0.2634492777185951,0.026,0.27170905249093485,0.3176703104470682,-1.802584138685198
EST,2011,lnorm,corr,mawd,0.19673924260152162,0.014,0.2149184265399988,0.27896658754347614,-1.925186699587272
EST,2011,lnorm,corr,d,0.2634492777185951,0.045,0.26474019913672314,0.31325238467596195,-1.5746227156689894
EST,2012,perm,orig,mawd,0.17991902686291358,0.004,0.21199736254532286,0.26556069672323673,-2.647976158322632
EST,2012,perm,orig,d,0.2793348017766396,0.19,0.26171231354577007,0.30646052797908757,-0.954489003465117
EST,2012,perm,clean,mawd,0.17271358853990243,0.001,0.2088289166989028,0.26257928375409956,-2.740890930642982
EST,2012,perm,clean,d,0.23844989380625864,0.019,0.24985829601804654,0.29751876676442524,-2.0497862210350117
EST,2012,lnorm,orig,mawd,0.17991902686291358,0.01,0.20354543873372283,0.2604080674984517,-2.064805936684666
EST,2012,lnorm,orig,d,0.2793348017766396,0.243,0.25283165812537695,0.3001155507514548,-0.70751302590762
EST,2012,lnorm,clean,mawd,0.17271358853990243,0.008,0.19917578566197838,0.25828437216537603,-2.159191302624827
EST,2012,lnorm,clean,d,0.23844989380625864,0.031,0.24523504425163137,0.29276687462730916,-1.7693794268885379
EST,2012,perm,corr,mawd,0.17991902686291358,0.004,0.21199736254532286,0.26556069672323673,-2.647976158322632
EST,2012,perm,corr,d,0.2793348017766396,0.19,0.26171231354577007,0.30646052797908757,-0.954489003465117
EST,2012,lnorm,corr,mawd,0.17991902686291358,0.01,0.20354543873372283,0.2604080674984517,-2.064805936684666
EST,2012,lnorm,corr,d,0.2793348017766396,0.243,0.25283165812537695,0.3001155507514548,-0.70751302590762
EST,2013,perm,orig,mawd,0.17542779364961608,0.006,0.2055679127030195,0.2552397437241064,-2.583061558555221
EST,2013,perm,orig,d,0.2605783025983685,0.098,0.25348649369402243,0.2926486196763838,-1.2853234876203639
EST,2013,perm,clean,mawd,0.17039616830861334,0.006,0.20271679366874126,0.25300973136470123,-2.629298465860153
EST,2013,perm,clean,d,0.22365745432960193,0.004,0.2431674007613068,0.28526093568722316,-2.379102733993781
EST,2013,lnorm,orig,mawd,0.17542779364961608,0.021,0.19050899379816272,0.24655879906478445,-1.9163127767076547
EST,2013,lnorm,orig,d,0.2605783025983685,0.171,0.24265350580397854,0.2866319317454261,-0.9383810291181288
EST,2013,lnorm,clean,mawd,0.17039616830861334,0.018,0.18758298722076716,0.24473974180228583,-1.9771671065780465
EST,2013,lnorm,clean,d,0.22365745432960193,0.017,0.2363027661530991,0.27955561946606766,-1.9754614681184544
EST,2013,perm,corr,mawd,0.17542779364961608,0.006,0.2055679127030195,0.2552397437241064,-2.583061558555221
EST,2013,perm,corr,d,0.2605783025983685,0.098,0.25348649369402243,0.2926486196763838,-1.2853234876203639
EST,2013,lnorm,corr,mawd,0.17542779364961608,0.021,0.19050899379816272,0.24655879906478445,-1.9163127767076547
EST,2013,lnorm,corr,d,0.2605783025983685,0.171,0.24265350580397854,0.2866319317454261,-0.9383810291181288
EST,2014,perm,orig,mawd,0.1862872517969038,0.011,0.20811306263836551,0.2605991893997801,-2.275330450434419
EST,2014,perm,orig,d,0.27167982850922295,0.164,0.25651259279184885,0.2997803926113791,-0.9890446744254182
EST,2014,perm,clean,mawd,0.18156471459252965,0.012,0.20276306120776602,0.2585422407932111,-2.2657326458117333
EST,2014,perm,clean,d,0.25718995918817183,0.104,0.24645009768706455,0.2936092808580838,-1.1878540785627938
EST,2014,lnorm,orig,mawd,0.1862872517969038,0.018,0.20214079701440088,0.2627276131361471,-1.9028284000803406
EST,2014,lnorm,orig,d,0.27167982850922295,0.166,0.2539554326440112,0.3018927999687395,-0.9535751060915955
EST,2014,lnorm,clean,mawd,0.18156471459252965,0.021,0.1993993319855427,0.2594253435733386,-1.9241475323870771
EST,2014,lnorm,clean,d,0.25718995918817183,0.105,0.24610526433075908,0.29679184901999506,-1.18337256210027
EST,2014,perm,corr,mawd,0.1862872517969038,0.011,0.20811306263836551,0.2605991893997801,-2.275330450434419
EST,2014,perm,corr,d,0.27167982850922295,0.164,0.25651259279184885,0.2997803926113791,-0.9890446744254182
EST,2014,lnorm,corr,mawd,0.1862872517969038,0.018,0.20214079701440088,0.2627276131361471,-1.9028284000803406
EST,2014,lnorm,corr,d,0.27167982850922295,0.166,0.2539554326440112,0.3018927999687395,-0.9535751060915955
FIN,2000,perm,orig,mawd,0.20217793018010305,0.011,0.22705493871496854,0.2849937686555418,-2.2315064518320433
FIN,2000,perm,orig,d,0.22817909314415644,0.0,0.27572633885315245,0.33188715183162565,-2.9032593268324187
FIN,2000,perm,clean,mawd,0.20381078021463722,0.013,0.22447568595866474,0.2846867407597541,-2.1250445695125233
FIN,2000,perm,clean,d,0.2320459458645495,0.001,0.27347950616093153,0.32731908327604187,-2.6474008445925237
FIN,2000,lnorm,orig,mawd,0.20217793018010305,0.005,0.2469205024949726,0.3182158135968274,-2.2461571384717005
FIN,2000,lnorm,orig,d,0.22817909314415644,0.001,0.29467514779144705,0.35011461046687087,-3.5361664795409395
FIN,2000,lnorm,clean,mawd,0.20381078021463722,0.007,0.24426018701144425,0.3171206760389954,-2.16295347995969
FIN,2000,lnorm,clean,d,0.2320459458645495,0.001,0.28656780528375364,0.34504730544323214,-3.174464101166237
FIN,2000,perm,corr,mawd,0.20217793018010305,0.011,0.22705493871496854,0.2849937686555418,-2.2315064518320433
FIN,2000,perm,corr,d,0.22817909314415644,0.0,0.27572633885315245,0.33188715183162565,-2.9032593268324187
FIN,2000,lnorm,corr,mawd,0.20217793018010305,0.005,0.2469205024949726,0.3182158135968274,-2.2461571384717005
FIN,2000,lnorm,corr,d,0.22817909314415644,0.001,0.29467514779144705,0.35011461046687087,-3.5361664795409395
FIN,2001,perm,orig,mawd,0.19666720910075156,0.002,0.23123011348649133,0.2898706568583087,-2.5406796947658212
FIN,2001,perm,orig,d,0.2245870068926538,0.0,0.27773130375910826,0.3304648953413165,-3.214014095533739
FIN,2001,perm,clean,mawd,0.1972578858900419,0.003,0.23022316236140788,0.289433058320409,-2.4635575155328824
FIN,2001,perm,clean,d,0.22534795549320916,0.0,0.27438067903963476,0.32622746049223295,-3.0300705710684563
FIN,2001,lnorm,orig,mawd,0.19666720910075156,0.004,0.24862429238485417,0.31999818486639575,-2.426428961806648
FIN,2001,lnorm,orig,d,0.2245870068926538,0.001,0.29319713876538833,0.3461519433157756,-3.6658093597433794
FIN,2001,lnorm,clean,mawd,0.1972578858900419,0.004,0.24638862824874483,0.32030111444747844,-2.3655616133151405
FIN,2001,lnorm,clean,d,0.22534795549320916,0.0,0.28591058501299804,0.34200583118617234,-3.3986346897379605
FIN,2001,perm,corr,mawd,0.19666720910075156,0.002,0.23123011348649133,0.2898706568583087,-2.5406796947658212
FIN,2001,perm,corr,d,0.2245870068926538,0.0,0.27773130375910826,0.3304648953413165,-3.214014095533739
FIN,2001,lnorm,corr,mawd,0.19666720910075156,0.004,0.24862429238485417,0.31999818486639575,-2.426428961806648
FIN,2001,lnorm,corr,d,0.2245870068926538,0.001,0.29319713876538833,0.3461519433157756,-3.6658093597433794
FIN,2002,perm,orig,mawd,0.19518390989019288,0.003,0.2265914261853869,0.2866939746710573,-2.4448026725998955
FIN,2002,perm,orig,d,0.21637355378155237,0.0,0.26795349163888477,0.3180410519438994,-3.324147011946973
FIN,2002,perm,clean,mawd,0.19414763889262837,0.003,0.2250177913773299,0.28660685691445387,-2.4246116822558457
FIN,2002,perm,clean,d,0.21206120947116924,0.0,0.2670390448945052,0.3151610548113485,-3.2857977629744237
FIN,2002,lnorm,orig,mawd,0.19518390989019288,0.004,0.24363691447198796,0.31556067426096135,-2.3833960286022395
FIN,2002,lnorm,orig,d,0.21637355378155237,0.001,0.28369666775544344,0.332956271595952,-3.7499295140836866
FIN,2002,lnorm,clean,mawd,0.19414763889262837,0.004,0.2419108335113116,0.3161052514022471,-2.364091188187681
FIN,2002,lnorm,clean,d,0.21206120947116924,0.0,0.27783626671209005,0.3309504003278869,-3.6409814966778513
FIN,2002,perm,corr,mawd,0.19518390989019288,0.003,0.2265914261853869,0.2866939746710573,-2.4448026725998955
FIN,2002,perm,corr,d,0.21637355378155237,0.0,0.26795349163888477,0.3180410519438994,-3.324147011946973
FIN,2002,lnorm,corr,mawd,0.19518390989019288,0.004,0.24363691447198796,0.31556067426096135,-2.3833960286022395
FIN,2002,lnorm,corr,d,0.21637355378155237,0.001,0.28369666775544344,0.332956271595952,-3.7499295140836866
FIN,2003,perm,orig,mawd,0.18579903015379123,0.0,0.22521253835596164,0.28463753226458727,-2.6035396044217123
FIN,2003,perm,orig,d,0.20608389556162354,0.0,0.26641904878040346,0.31454684951519357,-3.521345189975953
FIN,2003,perm,clean,mawd,0.18544681141295982,0.0,0.22337138224217637,0.28459849923192554,-2.5636366257974617
FIN,2003,perm,clean,d,0.2034628063191741,0.0,0.262641292156952,0.31048756552454665,-3.469605997313205
FIN,2003,lnorm,orig,mawd,0.18579903015379123,0.002,0.23953463105427975,0.3142099925080369,-2.548480160895416
FIN,2003,lnorm,orig,d,0.20608389556162354,0.0,0.2803964459901582,0.33134471787075404,-4.042969070689923
FIN,2003,lnorm,clean,mawd,0.18544681141295982,0.002,0.23772517065820556,0.3150439384612408,-2.512267349401418
FIN,2003,lnorm,clean,d,0.2034628063191741,0.0,0.2741567345122968,0.32587318374040275,-3.8614787777475263
FIN,2003,perm,corr,mawd,0.18579903015379123,0.0,0.22521253835596164,0.28463753226458727,-2.6035396044217123
FIN,2003,perm,corr,d,0.20608389556162354,0.0,0.26641904878040346,0.31454684951519357,-3.521345189975953
FIN,2003,lnorm,corr,mawd,0.18579903015379123,0.002,0.23953463105427975,0.3142099925080369,-2.548480160895416
FIN,2003,lnorm,corr,d,0.20608389556162354,0.0,0.2803964459901582,0.33134471787075404,-4.042969070689923
FIN,2004,perm,orig,mawd,0.1816829946010955,0.0,0.22575525929736767,0.2850400786828565,-2.7247994857762285
FIN,2004,perm,orig,d,0.21217324875369548,0.0,0.26775681789842815,0.3155301596113146,-3.50867669190158
FIN,2004,perm,clean,mawd,0.17975644524833323,0.0,0.22452529538550786,0.2860303298793069,-2.7207483793463028
FIN,2004,perm,clean,d,0.20317763380800632,0.0,0.26330161259222107,0.31231423025484384,-3.634290865608666
FIN,2004,lnorm,orig,mawd,0.1816829946010955,0.001,0.24371927508829797,0.31852412440899824,-2.6817110820878542
FIN,2004,lnorm,orig,d,0.21217324875369548,0.0,0.28446030968831304,0.3322765841832709,-4.0778803483076596
FIN,2004,lnorm,clean,mawd,0.17975644524833323,0.001,0.24202896643643113,0.318957511337679,-2.671534801598914
FIN,2004,lnorm,clean,d,0.20317763380800632,0.0,0.2783099648451054,0.32820324057360306,-4.0863084319549925
FIN,2004,perm,corr,mawd,0.1816829946010955,0.0,0.22575525929736767,0.2850400786828565,-2.7247994857762285
FIN,2004,perm,corr,d,0.21217324875369548,0.0,0.26775681789842815,0.3155301596113146,-3.50867669190158
FIN,2004,lnorm,corr,mawd,0.1816829946010955,0.001,0.24371927508829797,0.31852412440899824,-2.6817110820878542
FIN,2004,lnorm,corr,d,0.21217324875369548,0.0,0.28446030968831304,0.3322765841832709,-4.0778803483076596
FIN,2005,perm,orig,mawd,0.16777584752077904,0.0,0.22445039754026935,0.28155112332971566,-3.0295047878788015
FIN,2005,perm,orig,d,0.20395758487165608,0.0,0.26554012687655976,0.3140013529869706,-3.7419102448273964
FIN,2005,perm,clean,mawd,0.16694638887756108,0.0,0.2220556471588112,0.28038630437147416,-2.969133316580754
FIN,2005,perm,clean,d,0.19363941224251358,0.0,0.2608791365058753,0.30972561206283933,-3.8215177254180968
FIN,2005,lnorm,orig,mawd,0.16777584752077904,0.0,0.2473659347826514,0.3197327440674306,-2.960145584105609
FIN,2005,lnorm,orig,d,0.20395758487165608,0.0,0.2876234491595456,0.33356044550526237,-4.458658569654974
FIN,2005,lnorm,clean,mawd,0.16694638887756108,0.0,0.24362036854013341,0.3201874911547728,-2.9025853271315096
FIN,2005,lnorm,clean,d,0.19363941224251358,0.0,0.2800610350144937,0.32977687909543635,-4.431503765740789
FIN,2005,perm,corr,mawd,0.16777584752077904,0.0,0.22445039754026935,0.28155112332971566,-3.0295047878788015
FIN,2005,perm,corr,d,0.20395758487165608,0.0,0.26554012687655976,0.3140013529869706,-3.7419102448273964
FIN,2005,lnorm,corr,mawd,0.16777584752077904,0.0,0.2473659347826514,0.3197327440674306,-2.960145584105609
FIN,2005,lnorm,corr,d,0.20395758487165608,0.0,0.2876234491595456,0.33356044550526237,-4.458658569654974
FIN,2006,perm,orig,mawd,0.17402890822992745,0.0,0.22685159249632725,0.2851239426930236,-2.957112982518106
FIN,2006,perm,orig,d,0.21327801642594632,0.0,0.2734358437221782,0.32289721009566263,-3.3721207610605384
FIN,2006,perm,clean,mawd,0.1735222275371698,0.0,0.22418498303717144,0.28449800354790544,-2.878429170956722
FIN,2006,perm,clean,d,0.20244294845791475,0.0,0.26477195493337674,0.31251021003958057,-3.6182092917386246
FIN,2006,lnorm,orig,mawd,0.17402890822992745,0.001,0.2486032109680603,0.3223232029618665,-2.906872040908341
FIN,2006,lnorm,orig,d,0.21327801642594632,0.0,0.29310328693423626,0.34276548426257625,-4.139043979484853
FIN,2006,lnorm,clean,mawd,0.1735222275371698,0.0,0.24562982964053348,0.32210437369359807,-2.830281894593957
FIN,2006,lnorm,clean,d,0.20244294845791475,0.0,0.2826491358872367,0.3329550879654186,-4.166609979322759
FIN,2006,perm,corr,mawd,0.17402890822992745,0.0,0.22685159249632725,0.2851239426930236,-2.957112982518106
FIN,2006,perm,corr,d,0.21327801642594632,0.0,0.2734358437221782,0.32289721009566263,-3.3721207610605384
FIN,2006,lnorm,corr,mawd,0.17402890822992745,0.001,0.2486032109680603,0.3223232029618665,-2.906872040908341
FIN,2006,lnorm,corr,d,0.21327801642594632,0.0,0.29310328693423626,0.34276548426257625,-4.139043979484853
FIN,2007,perm,orig,mawd,0.1879485491854813,0.0,0.23156835227625094,0.2920393878677,-2.772466776727068
FIN,2007,perm,orig,d,0.22659420338817,0.0,0.2772047206430829,0.32636509731736885,-3.113999121335339
FIN,2007,perm,clean,mawd,0.18793939644231442,0.0,0.22927500826296798,0.29124947327403505,-2.690470587150589
FIN,2007,perm,clean,d,0.21680113728448008,0.0,0.2694420249483815,0.3174595100699654,-3.251399075776451
FIN,2007,lnorm,orig,mawd,0.1879485491854813,0.001,0.2550364363956157,0.32806146269036385,-2.702429256529144
FIN,2007,lnorm,orig,d,0.22659420338817,0.0,0.296455388191371,0.3466586735256665,-3.803599792775809
FIN,2007,lnorm,clean,mawd,0.18793939644231442,0.001,0.2502660618820334,0.3281034731202598,-2.624113068642374
FIN,2007,lnorm,clean,d,0.21680113728448008,0.0,0.2838767390823962,0.3361829882472608,-3.7500209120328996
FIN,2007,perm,corr,mawd,0.1879485491854813,0.0,0.23156835227625094,0.2920393878677,-2.772466776727068
FIN,2007,perm,corr,d,0.22659420338817,0.0,0.2772047206430829,0.32636509731736885,-3.113999121335339
FIN,2007,lnorm,corr,mawd,0.1879485491854813,0.001,0.2550364363956157,0.32806146269036385,-2.702429256529144
FIN,2007,lnorm,corr,d,0.22659420338817,0.0,0.296455388191371,0.3466586735256665,-3.803599792775809
FIN,2008,perm,orig,mawd,0.1701131710886721,0.0,0.22960472489522418,0.29059632504447275,-3.1270898365794215
FIN,2008,perm,orig,d,0.22131967931756039,0.0,0.2809161630606486,0.32934663278410026,-3.278503830318505
FIN,2008,perm,clean,mawd,0.17021297406091754,0.0,0.22514031668233367,0.28819207588373214,-3.015489074461426
FIN,2008,perm,clean,d,0.2080238196158044,0.0,0.2698381069114422,0.3188964645898733,-3.564013152071302
FIN,2008,lnorm,orig,mawd,0.1701131710886721,0.0,0.2573196784479928,0.33045933403676747,-3.069507762231869
FIN,2008,lnorm,orig,d,0.22131967931756039,0.0,0.30108877541458995,0.3520202894282979,-4.157832587886181
FIN,2008,lnorm,clean,mawd,0.17021297406091754,0.0,0.24990336394744153,0.33032359630772135,-2.9597110075830644
FIN,2008,lnorm,clean,d,0.2080238196158044,0.0,0.28866120186991406,0.33799003843569864,-4.249446385651184
FIN,2008,perm,corr,mawd,0.1701131710886721,0.0,0.22960472489522418,0.29059632504447275,-3.1270898365794215
FIN,2008,perm,corr,d,0.22131967931756039,0.0,0.2809161630606486,0.32934663278410026,-3.278503830318505
FIN,2008,lnorm,corr,mawd,0.1701131710886721,0.0,0.2573196784479928,0.33045933403676747,-3.069507762231869
FIN,2008,lnorm,corr,d,0.22131967931756039,0.0,0.30108877541458995,0.3520202894282979,-4.157832587886181
FIN,2009,perm,orig,mawd,0.15146310769479107,0.0,0.22308092473873256,0.28606657603766394,-3.4158774867643094
FIN,2009,perm,orig,d,0.2182513047212296,0.0,0.27615796146302557,0.32603704135148237,-3.056982418955168
FIN,2009,perm,clean,mawd,0.1491834114961225,0.0,0.2219046306833558,0.2850953944126669,-3.361105903021153
FIN,2009,perm,clean,d,0.20092613231824186,0.0,0.265445377529778,0.31340565254735026,-3.6003873334617467
FIN,2009,lnorm,orig,mawd,0.15146310769479107,0.0,0.2515645011407858,0.32482047697865557,-3.3537595038605774
FIN,2009,lnorm,orig,d,0.2182513047212296,0.0,0.29594311710494525,0.34757401913856245,-3.8769240810604977
FIN,2009,lnorm,clean,mawd,0.1491834114961225,0.0,0.24780223438924281,0.32488824655383713,-3.2794168941269746
FIN,2009,lnorm,clean,d,0.20092613231824186,0.0,0.28228999567691315,0.33201881658373067,-4.245016725460802
FIN,2009,perm,corr,mawd,0.15146310769479107,0.0,0.22308092473873256,0.28606657603766394,-3.4158774867643094
FIN,2009,perm,corr,d,0.2182513047212296,0.0,0.27615796146302557,0.32603704135148237,-3.056982418955168
FIN,2009,lnorm,corr,mawd,0.15146310769479107,0.0,0.2515645011407858,0.32482047697865557,-3.3537595038605774
FIN,2009,lnorm,corr,d,0.2182513047212296,0.0,0.29594311710494525,0.34757401913856245,-3.8769240810604977
FIN,2010,perm,orig,mawd,0.14915496976068054,0.0,0.2234087224400131,0.2859363033595942,-3.4793254508809044
FIN,2010,perm,orig,d,0.21372154427697307,0.0,0.2778942926345324,0.3264299016234167,-3.5138828451347903
FIN,2010,perm,clean,mawd,0.14698992934498384,0.0,0.22127724098054286,0.2855802407581322,-3.4120267133755515
FIN,2010,perm,clean,d,0.1962417016907452,0.0,0.2672809737330647,0.3152922503971497,-3.782918004395076
FIN,2010,lnorm,orig,mawd,0.14915496976068054,0.0,0.25164220881275023,0.3274320348332861,-3.4028907165352953
FIN,2010,lnorm,orig,d,0.21372154427697307,0.0,0.296917965204972,0.34604827719381837,-4.324402618301942
FIN,2010,lnorm,clean,mawd,0.14698992934498384,0.0,0.24836546401243198,0.32694953114557546,-3.3031724781169025
FIN,2010,lnorm,clean,d,0.1962417016907452,0.0,0.2840805218028369,0.3330645296510333,-4.403559710307529
FIN,2010,perm,corr,mawd,0.14915496976068054,0.0,0.2234087224400131,0.2859363033595942,-3.4793254508809044
FIN,2010,perm,corr,d,0.21372154427697307,0.0,0.2778942926345324,0.3264299016234167,-3.5138828451347903
FIN,2010,lnorm,corr,mawd,0.14915496976068054,0.0,0.25164220881275023,0.3274320348332861,-3.4028907165352953
FIN,2010,lnorm,corr,d,0.21372154427697307,0.0,0.296917965204972,0.34604827719381837,-4.324402618301942
FIN,2011,perm,orig,mawd,0.14304567630323878,0.0,0.2197115333658198,0.28282659287227174,-3.470769366500452
FIN,2011,perm,orig,d,0.20892895871010383,0.0,0.2739408366341642,0.3249456301924718,-3.374329731704902
FIN,2011,perm,clean,mawd,0.1398492465633283,0.0,0.2171320993060668,0.281995419984185,-3.4217663629349544
FIN,2011,perm,clean,d,0.1956560604471727,0.0,0.2639803263004527,0.3117533497169409,-3.5865100709405917
FIN,2011,lnorm,orig,mawd,0.14304567630323878,0.0,0.2533142099394587,0.3290439525679483,-3.510746585380296
FIN,2011,lnorm,orig,d,0.20892895871010383,0.0,0.2995578677548727,0.35037379926867906,-4.375475425101863
FIN,2011,lnorm,clean,mawd,0.1398492465633283,0.0,0.25027377036229176,0.3301852660859017,-3.4229434726473795
FIN,2011,lnorm,clean,d,0.1956560604471727,0.0,0.2854394334003752,0.3352206288260443,-4.380784298669299
FIN,2011,perm,corr,mawd,0.14304567630323878,0.0,0.2197115333658198,0.28282659287227174,-3.470769366500452
FIN,2011,perm,corr,d,0.20892895871010383,0.0,0.2739408366341642,0.3249456301924718,-3.374329731704902
FIN,2011,lnorm,corr,mawd,0.14304567630323878,0.0,0.2533142099394587,0.3290439525679483,-3.510746585380296
FIN,2011,lnorm,corr,d,0.20892895871010383,0.0,0.2995578677548727,0.35037379926867906,-4.375475425101863
FIN,2012,perm,orig,mawd,0.13594722841968715,0.0,0.22278771475931666,0.2885910561227694,-3.6156340941537537
FIN,2012,perm,orig,d,0.2108056464237881,0.0,0.2756412830250948,0.3244239149832261,-3.3888216751040243
FIN,2012,perm,clean,mawd,0.13076514428184402,0.0,0.2225763487073615,0.28824115718775967,-3.623935344344776
FIN,2012,perm,clean,d,0.18665854758676315,0.0,0.26568714782818353,0.3133233061401153,-3.8244770867578652
FIN,2012,lnorm,orig,mawd,0.13594722841968715,0.0,0.25531717374414326,0.3346254808381968,-3.694569475785552
FIN,2012,lnorm,orig,d,0.2108056464237881,0.0,0.30037267088464614,0.3499007283635529,-4.453293383975401
FIN,2012,lnorm,clean,mawd,0.13076514428184402,0.0,0.2533112812016042,0.33673626448116134,-3.646491189366162
FIN,2012,lnorm,clean,d,0.18665854758676315,0.0,0.288218676094056,0.33785477865804936,-4.705846865002422
FIN,2012,perm,corr,mawd,0.13594722841968715,0.0,0.22278771475931666,0.2885910561227694,-3.6156340941537537
FIN,2012,perm,corr,d,0.2108056464237881,0.0,0.2756412830250948,0.3244239149832261,-3.3888216751040243
FIN,2012,lnorm,corr,mawd,0.13594722841968715,0.0,0.25531717374414326,0.3346254808381968,-3.694569475785552
FIN,2012,lnorm,corr,d,0.2108056464237881,0.0,0.30037267088464614,0.3499007283635529,-4.453293383975401
FIN,2013,perm,orig,mawd,0.13879544798940283,0.0,0.21887017297682607,0.28288950424166504,-3.4814630856671664
FIN,2013,perm,orig,d,0.2027912890853402,0.0,0.2677662318391046,0.3170261375450404,-3.24714197375721
FIN,2013,perm,clean,mawd,0.13604651219952346,0.0,0.21690129217739257,0.2819410601818646,-3.4250684897542567
FIN,2013,perm,clean,d,0.18982911222872595,0.0,0.26033150632569796,0.30798707925405466,-3.2545797905455864
FIN,2013,lnorm,orig,mawd,0.13879544798940283,0.0,0.25452087025495285,0.33069224188129875,-3.5878699784810637
FIN,2013,lnorm,orig,d,0.2027912890853402,0.0,0.2937279821719535,0.34396591648924246,-4.367628339993986
FIN,2013,lnorm,clean,mawd,0.13604651219952346,0.0,0.251347849523363,0.33151867672998636,-3.491878520381219
FIN,2013,lnorm,clean,d,0.18982911222872595,0.0,0.2835394724329275,0.33497561911421253,-4.2077136346437936
FIN,2013,perm,corr,mawd,0.13879544798940283,0.0,0.21887017297682607,0.28288950424166504,-3.4814630856671664
FIN,2013,perm,corr,d,0.2027912890853402,0.0,0.2677662318391046,0.3170261375450404,-3.24714197375721
FIN,2013,lnorm,corr,mawd,0.13879544798940283,0.0,0.25452087025495285,0.33069224188129875,-3.5878699784810637
FIN,2013,lnorm,corr,d,0.2027912890853402,0.0,0.2937279821719535,0.34396591648924246,-4.367628339993986
FIN,2014,perm,orig,mawd,0.1496548792083844,0.0,0.22696718024361992,0.2915652799330998,-3.3665686332879545
FIN,2014,perm,orig,d,0.22648103224119537,0.0,0.2757192919466029,0.3259738451916301,-2.774021958332414
FIN,2014,perm,clean,mawd,0.14814924193336762,0.0,0.22301577309857137,0.2905667137602715,-3.282626266731915
FIN,2014,perm,clean,d,0.210352434109964,0.0,0.26507422518855617,0.31617719170286573,-2.833807837197839
FIN,2014,lnorm,orig,mawd,0.1496548792083844,0.0,0.25726179929183723,0.33383273852860573,-3.390911754439834
FIN,2014,lnorm,orig,d,0.22648103224119537,0.0,0.2982344437617657,0.34914106586425553,-3.6956982114393893
FIN,2014,lnorm,clean,mawd,0.14814924193336762,0.0,0.25110623267109633,0.33426099966582223,-3.2814579468967335
FIN,2014,lnorm,clean,d,0.210352434109964,0.0,0.28782870583847464,0.33947003029332773,-3.6333787492611433
FIN,2014,perm,corr,mawd,0.1496548792083844,0.0,0.22696718024361992,0.2915652799330998,-3.3665686332879545
FIN,2014,perm,corr,d,0.22648103224119537,0.0,0.2757192919466029,0.3259738451916301,-2.774021958332414
FIN,2014,lnorm,corr,mawd,0.1496548792083844,0.0,0.25726179929183723,0.33383273852860573,-3.390911754439834
FIN,2014,lnorm,corr,d,0.22648103224119537,0.0,0.2982344437617657,0.34914106586425553,-3.6956982114393893
FRA,2000,perm,orig,mawd,0.170433545827966,0.0,0.24842869785689625,0.3237446030326384,-3.114826552937739
FRA,2000,perm,orig,d,0.21124274956429515,0.0,0.2862483690707473,0.341734906070289,-3.2624936794012616
FRA,2000,perm,clean,mawd,0.16902852344296496,0.0,0.24575177392313866,0.32374680208303896,-3.048554056713712
FRA,2000,perm,clean,d,0.20935553999221013,0.0,0.2841276735918616,0.3429823477223414,-3.1414977649074918
FRA,2000,lnorm,orig,mawd,0.170433545827966,0.0,0.28066532799189897,0.38249435379209595,-3.030377462230914
FRA,2000,lnorm,orig,d,0.21124274956429515,0.0,0.308722445332519,0.36640997136356646,-3.8640696550500837
FRA,2000,lnorm,clean,mawd,0.16902852344296496,0.0,0.2784643150304884,0.3834788332826369,-2.9513784315399763
FRA,2000,lnorm,clean,d,0.20935553999221013,0.0,0.3043436055687024,0.3673687409623121,-3.724350628466208
FRA,2000,perm,corr,mawd,0.170433545827966,0.0,0.24842869785689625,0.3237446030326384,-3.114826552937739
FRA,2000,perm,corr,d,0.21124274956429515,0.0,0.2862483690707473,0.341734906070289,-3.2624936794012616
FRA,2000,lnorm,corr,mawd,0.170433545827966,0.0,0.28066532799189897,0.38249435379209595,-3.030377462230914
FRA,2000,lnorm,corr,d,0.21124274956429515,0.0,0.308722445332519,0.36640997136356646,-3.8640696550500837
FRA,2001,perm,orig,mawd,0.1635135566471269,0.0,0.24823419705906258,0.32606837848488845,-3.2292061101803315
FRA,2001,perm,orig,d,0.2021846784352605,0.0,0.2861862330890374,0.3428523126160025,-3.4922128780978645
FRA,2001,perm,clean,mawd,0.16127306968877264,0.0,0.24547855596173504,0.3245702880281368,-3.1760571975243086
FRA,2001,perm,clean,d,0.20038719904675784,0.0,0.2812334091715759,0.3423469913280336,-3.2874356347054725
FRA,2001,lnorm,orig,mawd,0.1635135566471269,0.0,0.28202497861065984,0.38189927709467086,-3.1272419448115314
FRA,2001,lnorm,orig,d,0.2021846784352605,0.0,0.3079019365339707,0.3669162842366504,-4.076927465874338
FRA,2001,lnorm,clean,mawd,0.16127306968877264,0.0,0.27834281529348315,0.3819504812279494,-3.0563916429900693
FRA,2001,lnorm,clean,d,0.20038719904675784,0.0,0.30279851403665486,0.36595627331553726,-3.8395813345584333
FRA,2001,perm,corr,mawd,0.1635135566471269,0.0,0.24823419705906258,0.32606837848488845,-3.2292061101803315
FRA,2001,perm,corr,d,0.2021846784352605,0.0,0.2861862330890374,0.3428523126160025,-3.4922128780978645
FRA,2001,lnorm,corr,mawd,0.1635135566471269,0.0,0.28202497861065984,0.38189927709467086,-3.1272419448115314
FRA,2001,lnorm,corr,d,0.2021846784352605,0.0,0.3079019365339707,0.3669162842366504,-4.076927465874338
FRA,2002,perm,orig,mawd,0.1648101062867082,0.0,0.24398878427817808,0.3234890250924245,-3.159102824363482
FRA,2002,perm,orig,d,0.21284300572174686,0.0,0.2822054796663281,0.3385021041478238,-3.2047434214501163
FRA,2002,perm,clean,mawd,0.16604963643369888,0.0,0.24182821314215552,0.3225952974195182,-3.064437819303212
FRA,2002,perm,clean,d,0.2240018400753834,0.0,0.27983924791193243,0.33845468576469195,-2.762106980689065
FRA,2002,lnorm,orig,mawd,0.1648101062867082,0.0,0.27840860997589995,0.3762646762307912,-3.080620846914561
FRA,2002,lnorm,orig,d,0.21284300572174686,0.0,0.3033253153038669,0.36097341501014546,-3.773083748007481
FRA,2002,lnorm,clean,mawd,0.16604963643369888,0.0,0.2758601741753785,0.37668724238845586,-2.993467244617426
FRA,2002,lnorm,clean,d,0.2240018400753834,0.0,0.3007842374349879,0.3606530376668686,-3.326121713840091
FRA,2002,perm,corr,mawd,0.1648101062867082,0.0,0.24398878427817808,0.3234890250924245,-3.159102824363482
FRA,2002,perm,corr,d,0.21284300572174686,0.0,0.2822054796663281,0.3385021041478238,-3.2047434214501163
FRA,2002,lnorm,corr,mawd,0.1648101062867082,0.0,0.27840860997589995,0.3762646762307912,-3.080620846914561
FRA,2002,lnorm,corr,d,0.21284300572174686,0.0,0.3033253153038669,0.36097341501014546,-3.773083748007481
FRA,2003,perm,orig,mawd,0.1673497196452827,0.0,0.24331813017430287,0.3237822225923265,-3.060221797699161
FRA,2003,perm,orig,d,0.2151349834329203,0.0,0.2796463828873478,0.3372633045683878,-3.0352034478755785
FRA,2003,perm,clean,mawd,0.16818354571754024,0.0,0.2405284988306217,0.3232970081135167,-2.9797576548616953
FRA,2003,perm,clean,d,0.22430242526332658,0.0,0.2755438175740172,0.3369782733157456,-2.680897588844582
FRA,2003,lnorm,orig,mawd,0.1673497196452827,0.0,0.2765015345082629,0.3765945144087187,-3.014681284654809
FRA,2003,lnorm,orig,d,0.2151349834329203,0.0,0.30193410142070654,0.35902467145827177,-3.6141232697062926
FRA,2003,lnorm,clean,mawd,0.16818354571754024,0.0,0.2750838008250289,0.37662855012043384,-2.937134858279973
FRA,2003,lnorm,clean,d,0.22430242526332658,0.0,0.2990610698228863,0.35916443806518994,-3.2530365327480557
FRA,2003,perm,corr,mawd,0.1673497196452827,0.0,0.24331813017430287,0.3237822225923265,-3.060221797699161
FRA,2003,perm,corr,d,0.2151349834329203,0.0,0.2796463828873478,0.3372633045683878,-3.0352034478755785
FRA,2003,lnorm,corr,mawd,0.1673497196452827,0.0,0.2765015345082629,0.3765945144087187,-3.014681284654809
FRA,2003,lnorm,corr,d,0.2151349834329203,0.0,0.30193410142070654,0.35902467145827177,-3.6141232697062926
FRA,2004,perm,orig,mawd,0.16325795263975412,0.0,0.24147971056626996,0.3212566485542834,-3.098397669846039
FRA,2004,perm,orig,d,0.2149062689127186,0.0,0.27931815682194944,0.3370140700305816,-3.00403918881693
FRA,2004,perm,clean,mawd,0.16390577677539225,0.0,0.2401585734288677,0.3204115667709023,-3.0215503172455187
FRA,2004,perm,clean,d,0.22405253650855247,0.0,0.2763382909717367,0.3368374435025494,-2.6747626057978393
FRA,2004,lnorm,orig,mawd,0.16325795263975412,0.0,0.2762142872351531,0.37716179389139737,-3.0451468238343327
FRA,2004,lnorm,orig,d,0.2149062689127186,0.0,0.3008160078601518,0.359701125991105,-3.615139110726527
FRA,2004,lnorm,clean,mawd,0.16390577677539225,0.0,0.2759223637386965,0.3784556985594063,-2.9701713267983822
FRA,2004,lnorm,clean,d,0.22405253650855247,0.0,0.29893353256295097,0.3612178712925579,-3.278363600945945
FRA,2004,perm,corr,mawd,0.16325795263975412,0.0,0.24147971056626996,0.3212566485542834,-3.098397669846039
FRA,2004,perm,corr,d,0.2149062689127186,0.0,0.27931815682194944,0.3370140700305816,-3.00403918881693
FRA,2004,lnorm,corr,mawd,0.16325795263975412,0.0,0.2762142872351531,0.37716179389139737,-3.0451468238343327
FRA,2004,lnorm,corr,d,0.2149062689127186,0.0,0.3008160078601518,0.359701125991105,-3.615139110726527
FRA,2005,perm,orig,mawd,0.16470789679318584,0.0,0.24163053569716214,0.3215123403584015,-3.0644370628207955
FRA,2005,perm,orig,d,0.20996604979921205,0.0,0.27819934529914925,0.3351189041798052,-3.091754970542953
FRA,2005,perm,clean,mawd,0.16502637233277723,0.0,0.24019147108747357,0.32144742166103635,-2.9913452569550434
FRA,2005,perm,clean,d,0.2183036685646992,0.0,0.27647413705884794,0.33593647978362384,-2.790575718278359
FRA,2005,lnorm,orig,mawd,0.16470789679318584,0.0,0.277544563328759,0.3805830202230783,-3.023096771848243
FRA,2005,lnorm,orig,d,0.20996604979921205,0.0,0.300205687401153,0.3603713023624241,-3.710230507984493
FRA,2005,lnorm,clean,mawd,0.16502637233277723,0.0,0.2769151018230483,0.38143318606026305,-2.949180959179222
FRA,2005,lnorm,clean,d,0.2183036685646992,0.0,0.29955921639405725,0.3607059525820285,-3.4049012291938245
FRA,2005,perm,corr,mawd,0.16470789679318584,0.0,0.24163053569716214,0.3215123403584015,-3.0644370628207955
FRA,2005,perm,corr,d,0.20996604979921205,0.0,0.27819934529914925,0.3351189041798052,-3.091754970542953
FRA,2005,lnorm,corr,mawd,0.16470789679318584,0.0,0.277544563328759,0.3805830202230783,-3.023096771848243
FRA,2005,lnorm,corr,d,0.20996604979921205,0.0,0.300205687401153,0.3603713023624241,-3.710230507984493
FRA,2006,perm,orig,mawd,0.16313829577780128,0.0,0.24804914352577606,0.32823587567669366,-3.1542089846727857
FRA,2006,perm,orig,d,0.20920740962976322,0.0,0.28260730769825776,0.33941192747061033,-3.229984166359057
FRA,2006,perm,clean,mawd,0.1642359404105268,0.0,0.2451434549339772,0.32670325157841373,-3.059489051182859
FRA,2006,perm,clean,d,0.21814441111155658,0.0,0.2804812538188188,0.33984373372047283,-2.8936282946474385
FRA,2006,lnorm,orig,mawd,0.16313829577780128,0.0,0.28072310406487094,0.38535933156409874,-3.053668043755377
FRA,2006,lnorm,orig,d,0.20920740962976322,0.0,0.30332464951449184,0.3649499806338854,-3.802728556847397
FRA,2006,lnorm,clean,mawd,0.1642359404105268,0.0,0.28116651408158444,0.38615210859972254,-2.962532993795084
FRA,2006,lnorm,clean,d,0.21814441111155658,0.0,0.3017105932914969,0.3642394252636808,-3.4651046737961186
FRA,2006,perm,corr,mawd,0.16313829577780128,0.0,0.24804914352577606,0.32823587567669366,-3.1542089846727857
FRA,2006,perm,corr,d,0.20920740962976322,0.0,0.28260730769825776,0.33941192747061033,-3.229984166359057
FRA,2006,lnorm,corr,mawd,0.16313829577780128,0.0,0.28072310406487094,0.38535933156409874,-3.053668043755377
FRA,2006,lnorm,corr,d,0.20920740962976322,0.0,0.30332464951449184,0.3649499806338854,-3.802728556847397
FRA,2007,perm,orig,mawd,0.1555306154823354,0.0,0.25145562181338244,0.32991084809466603,-3.32488369118149
FRA,2007,perm,orig,d,0.19313229438722077,0.0,0.28464137113190696,0.34224649636172827,-3.648892162384318
FRA,2007,perm,clean,mawd,0.15526409860579904,0.0,0.24665768065134125,0.32951837426840436,-3.256049171488941
FRA,2007,perm,clean,d,0.20154188051988958,0.0,0.28174084594910936,0.34249890615146833,-3.308317226755125
FRA,2007,lnorm,orig,mawd,0.1555306154823354,0.0,0.2824406238008739,0.3859894778105449,-3.1493664066262688
FRA,2007,lnorm,orig,d,0.19313229438722077,0.0,0.30512017163671346,0.36663808073499343,-4.196244144628878
FRA,2007,lnorm,clean,mawd,0.15526409860579904,0.0,0.27958853771115594,0.3874470977586504,-3.0754474798850295
FRA,2007,lnorm,clean,d,0.20154188051988958,0.0,0.30302278882541833,0.36615480393535854,-3.8553924058632734
FRA,2007,perm,corr,mawd,0.1555306154823354,0.0,0.25145562181338244,0.32991084809466603,-3.32488369118149
FRA,2007,perm,corr,d,0.19313229438722077,0.0,0.28464137113190696,0.34224649636172827,-3.648892162384318
FRA,2007,lnorm,corr,mawd,0.1555306154823354,0.0,0.2824406238008739,0.3859894778105449,-3.1493664066262688
FRA,2007,lnorm,corr,d,0.19313229438722077,0.0,0.30512017163671346,0.36663808073499343,-4.196244144628878
FRA,2008,perm,orig,mawd,0.1499900899283856,0.0,0.25032894698777697,0.3313619131076445,-3.3485036282371854
FRA,2008,perm,orig,d,0.1855812532991058,0.0,0.2842803917747681,0.3436646709649204,-3.6863119751376856
FRA,2008,perm,clean,mawd,0.15047838780854061,0.0,0.24735582832996106,0.33075536487299795,-3.2605043250796917
FRA,2008,perm,clean,d,0.19312340075319367,0.0,0.2814900213531662,0.34408859439116296,-3.3897033517501494
FRA,2008,lnorm,orig,mawd,0.1499900899283856,0.0,0.2880071259501641,0.3973090996934012,-3.233665046528057
FRA,2008,lnorm,orig,d,0.1855812532991058,0.0,0.3096654747350639,0.3712077941826679,-4.377957751340261
FRA,2008,lnorm,clean,mawd,0.15047838780854061,0.0,0.2849324853657361,0.39757073701435586,-3.1433477491518924
FRA,2008,lnorm,clean,d,0.19312340075319367,0.0,0.3062653690094189,0.37114395401634137,-4.071937747897717
FRA,2008,perm,corr,mawd,0.1499900899283856,0.0,0.25032894698777697,0.3313619131076445,-3.3485036282371854
FRA,2008,perm,corr,d,0.1855812532991058,0.0,0.2842803917747681,0.3436646709649204,-3.6863119751376856
FRA,2008,lnorm,corr,mawd,0.1499900899283856,0.0,0.2880071259501641,0.3973090996934012,-3.233665046528057
FRA,2008,lnorm,corr,d,0.1855812532991058,0.0,0.3096654747350639,0.3712077941826679,-4.377957751340261
FRA,2009,perm,orig,mawd,0.1590829480119154,0.0,0.25126109683186537,0.33288749720598265,-3.101025669484096
FRA,2009,perm,orig,d,0.19116123966942333,0.0,0.28430116062117594,0.34468326348885786,-3.540348317333125
FRA,2009,perm,clean,mawd,0.15682872962656963,0.0,0.24865211325516576,0.3328766012453232,-3.069494894418556
FRA,2009,perm,clean,d,0.19089190834478645,0.0,0.2818127886070242,0.3446558789614156,-3.390468481902988
FRA,2009,lnorm,orig,mawd,0.1590829480119154,0.0,0.2884854567585615,0.3994187505461601,-3.1209151112952345
FRA,2009,lnorm,orig,d,0.19116123966942333,0.0,0.30699655841259127,0.36869764657202914,-4.248273226159005
FRA,2009,lnorm,clean,mawd,0.15682872962656963,0.0,0.28626096598934203,0.398906272767357,-3.0553128224521857
FRA,2009,lnorm,clean,d,0.19089190834478645,0.0,0.30421135045922404,0.3694787059152015,-4.0684837272580605
FRA,2009,perm,corr,mawd,0.1590829480119154,0.0,0.25126109683186537,0.33288749720598265,-3.101025669484096
FRA,2009,perm,corr,d,0.19116123966942333,0.0,0.28430116062117594,0.34468326348885786,-3.540348317333125
FRA,2009,lnorm,corr,mawd,0.1590829480119154,0.0,0.2884854567585615,0.3994187505461601,-3.1209151112952345
FRA,2009,lnorm,corr,d,0.19116123966942333,0.0,0.30699655841259127,0.36869764657202914,-4.248273226159005
FRA,2010,perm,orig,mawd,0.1646082413399728,0.0,0.25912977657903485,0.34320622218976815,-3.114356052188997
FRA,2010,perm,orig,d,0.19413032760077062,0.0,0.28671958096147265,0.34848583239302644,-3.4935646960294915
FRA,2010,perm,clean,mawd,0.1618386133125198,0.0,0.25667315571092075,0.34342075432857355,-3.0897011273334245
FRA,2010,perm,clean,d,0.19334613099516565,0.0,0.287067853567673,0.3502856765966418,-3.3976481171461765
FRA,2010,lnorm,orig,mawd,0.1646082413399728,0.0,0.29551046113522295,0.4106325874347341,-3.13395703466234
FRA,2010,lnorm,orig,d,0.19413032760077062,0.0,0.3112210669006155,0.37395700688270817,-4.182371524424296
FRA,2010,lnorm,clean,mawd,0.1618386133125198,0.0,0.29467793005090415,0.4121571551650617,-3.0731429571444795
FRA,2010,lnorm,clean,d,0.19334613099516565,0.0,0.3087675089616991,0.3768830193294754,-4.0603904128937
FRA,2010,perm,corr,mawd,0.1646082413399728,0.0,0.25912977657903485,0.34320622218976815,-3.114356052188997
FRA,2010,perm,corr,d,0.19413032760077062,0.0,0.28671958096147265,0.34848583239302644,-3.4935646960294915
FRA,2010,lnorm,corr,mawd,0.1646082413399728,0.0,0.29551046113522295,0.4106325874347341,-3.13395703466234
FRA,2010,lnorm,corr,d,0.19413032760077062,0.0,0.3112210669006155,0.37395700688270817,-4.182371524424296
FRA,2011,perm,orig,mawd,0.1596160164147744,0.0,0.25905588277305325,0.34384489080681235,-3.232905083882811
FRA,2011,perm,orig,d,0.1866068509383877,0.0,0.2863241761278879,0.34572854638051254,-3.6456777459558887
FRA,2011,perm,clean,mawd,0.1571479857520893,0.0,0.2563575406703808,0.3438431712372394,-3.1864199956164447
FRA,2011,perm,clean,d,0.1856666157159861,0.0,0.28606626461281714,0.34731739301180226,-3.5092896153417015
FRA,2011,lnorm,orig,mawd,0.1596160164147744,0.0,0.29584856551672123,0.4137059016041354,-3.2090928233499576
FRA,2011,lnorm,orig,d,0.1866068509383877,0.0,0.31262127337242934,0.37422320903712114,-4.363320821515818
FRA,2011,lnorm,clean,mawd,0.1571479857520893,0.0,0.2962373034373422,0.41419002180527265,-3.1351026288313726
FRA,2011,lnorm,clean,d,0.1856666157159861,0.0,0.3087757219207564,0.376722272216505,-4.201890385645681
FRA,2011,perm,corr,mawd,0.1596160164147744,0.0,0.25905588277305325,0.34384489080681235,-3.232905083882811
FRA,2011,perm,corr,d,0.1866068509383877,0.0,0.2863241761278879,0.34572854638051254,-3.6456777459558887
FRA,2011,lnorm,corr,mawd,0.1596160164147744,0.0,0.29584856551672123,0.4137059016041354,-3.2090928233499576
FRA,2011,lnorm,corr,d,0.1866068509383877,0.0,0.31262127337242934,0.37422320903712114,-4.363320821515818
FRA,2012,perm,orig,mawd,0.15942900010271088,0.0,0.2534264896857716,0.33740505374883606,-3.148671339101391
FRA,2012,perm,orig,d,0.18487318243399073,0.0,0.28388560175755156,0.33993788661704755,-3.5545808757782065
FRA,2012,perm,clean,mawd,0.15696135866380773,0.0,0.2507507567264331,0.3380086595817874,-3.111308666802714
FRA,2012,perm,clean,d,0.18348078217955666,0.0,0.2821691225228604,0.34206507428118416,-3.4493575925234334
FRA,2012,lnorm,orig,mawd,0.15942900010271088,0.0,0.29421566065709487,0.41000845540435804,-3.195461968698522
FRA,2012,lnorm,orig,d,0.18487318243399073,0.0,0.3087715866842918,0.3702922336539596,-4.3393201843387015
FRA,2012,lnorm,clean,mawd,0.15696135866380773,0.0,0.2934001636816577,0.41251954628132526,-3.1269472794379856
FRA,2012,lnorm,clean,d,0.18348078217955666,0.0,0.30619476890971514,0.37256438979721984,-4.214073996995198
FRA,2012,perm,corr,mawd,0.15942900010271088,0.0,0.2534264896857716,0.33740505374883606,-3.148671339101391
FRA,2012,perm,corr,d,0.18487318243399073,0.0,0.28388560175755156,0.33993788661704755,-3.5545808757782065
FRA,2012,lnorm,corr,mawd,0.15942900010271088,0.0,0.29421566065709487,0.41000845540435804,-3.195461968698522
FRA,2012,lnorm,corr,d,0.18487318243399073,0.0,0.3087715866842918,0.3702922336539596,-4.3393201843387015
FRA,2013,perm,orig,mawd,0.1631727609681328,0.0,0.25601149483281915,0.34106406097782127,-3.0947631503160036
FRA,2013,perm,orig,d,0.18919201743215716,0.0,0.28606624759670024,0.34174986769103277,-3.532803367914197
FRA,2013,perm,clean,mawd,0.1608363452432357,0.0,0.2548558540580014,0.34123734009533313,-3.059091335887538
FRA,2013,perm,clean,d,0.18735410420134982,0.0,0.2833261486164249,0.3434662807473206,-3.4328958947334733
FRA,2013,lnorm,orig,mawd,0.1631727609681328,0.0,0.2956771455808729,0.4119470673080936,-3.1430950922898515
FRA,2013,lnorm,orig,d,0.18919201743215716,0.0,0.3088983360617042,0.37112818313968293,-4.281109713175737
FRA,2013,lnorm,clean,mawd,0.1608363452432357,0.0,0.2944175222201278,0.4142072349111151,-3.074942879308807
FRA,2013,lnorm,clean,d,0.18735410420134982,0.0,0.3055864762717539,0.37331141816727786,-4.159460692234498
FRA,2013,perm,corr,mawd,0.1631727609681328,0.0,0.25601149483281915,0.34106406097782127,-3.0947631503160036
FRA,2013,perm,corr,d,0.18919201743215716,0.0,0.28606624759670024,0.34174986769103277,-3.532803367914197
FRA,2013,lnorm,corr,mawd,0.1631727609681328,0.0,0.2956771455808729,0.4119470673080936,-3.1430950922898515
FRA,2013,lnorm,corr,d,0.18919201743215716,0.0,0.3088983360617042,0.37112818313968293,-4.281109713175737
FRA,2014,perm,orig,mawd,0.1632017713273431,0.0,0.255904236280777,0.3431966347411606,-3.0718614548990475
FRA,2014,perm,orig,d,0.18890148777424487,0.0,0.28530416866323405,0.34252460884863084,-3.5025165484404654
FRA,2014,perm,clean,mawd,0.16071061850969717,0.0,0.2545315678765871,0.3431104063053522,-3.0412584547113806
FRA,2014,perm,clean,d,0.18666585358123594,0.0,0.2826325650755943,0.3432812503507269,-3.405017232504917
FRA,2014,lnorm,orig,mawd,0.1632017713273431,0.0,0.30521064694906347,0.4279842105923257,-3.1699023249783607
FRA,2014,lnorm,orig,d,0.18890148777424487,0.0,0.31445253441069687,0.37747319890668285,-4.3793048321566275
FRA,2014,lnorm,clean,mawd,0.16071061850969717,0.0,0.3032378162264698,0.4294338345019215,-3.1030567053872495
FRA,2014,lnorm,clean,d,0.18666585358123594,0.0,0.3114519068912017,0.3799654024426832,-4.256481118590306
FRA,2014,perm,corr,mawd,0.1632017713273431,0.0,0.255904236280777,0.3431966347411606,-3.0718614548990475
FRA,2014,perm,corr,d,0.18890148777424487,0.0,0.28530416866323405,0.34252460884863084,-3.5025165484404654
FRA,2014,lnorm,corr,mawd,0.1632017713273431,0.0,0.30521064694906347,0.4279842105923257,-3.1699023249783607
FRA,2014,lnorm,corr,d,0.18890148777424487,0.0,0.31445253441069687,0.37747319890668285,-4.3793048321566275
GBR,2000,perm,orig,mawd,0.21680202110382413,0.013,0.23480578030947155,0.29441629701749417,-1.9708577559541607
GBR,2000,perm,orig,d,0.2755742288288493,0.032,0.2813535971423877,0.33495630744718363,-1.5601240912448502
GBR,2000,perm,clean,mawd,0.21353663961051766,0.012,0.23378905481158122,0.2940834035166119,-2.034031713991403
GBR,2000,perm,clean,d,0.2743391492184349,0.04,0.2799993670927449,0.3364622463646354,-1.569753410124655
GBR,2000,lnorm,orig,mawd,0.21680202110382413,0.008,0.2491197030161788,0.3226618193192164,-2.1107253228264993
GBR,2000,lnorm,orig,d,0.2755742288288493,0.026,0.28194025502035513,0.33678881545492,-1.7194604279630628
GBR,2000,lnorm,clean,mawd,0.21353663961051766,0.006,0.2480452778808383,0.3226792856429055,-2.1495650976505063
GBR,2000,lnorm,clean,d,0.2743391492184349,0.035,0.2814837021599994,0.3373718307181818,-1.7317273503079518
GBR,2000,perm,corr,mawd,0.21680202110382413,0.013,0.23480578030947155,0.29441629701749417,-1.9708577559541607
GBR,2000,perm,corr,d,0.2755742288288493,0.032,0.2813535971423877,0.33495630744718363,-1.5601240912448502
GBR,2000,lnorm,corr,mawd,0.21680202110382413,0.008,0.2491197030161788,0.3226618193192164,-2.1107253228264993
GBR,2000,lnorm,corr,d,0.2755742288288493,0.026,0.28194025502035513,0.33678881545492,-1.7194604279630628
GBR,2001,perm,orig,mawd,0.20156795062703217,0.009,0.22623269867444656,0.28680080797644747,-2.1499597251030136
GBR,2001,perm,orig,d,0.26327831119891487,0.017,0.27614269559242893,0.33103237077483083,-1.7642692283807222
GBR,2001,perm,clean,mawd,0.19889189148668818,0.006,0.2247367714172493,0.28650864552351485,-2.1969044313858603
GBR,2001,perm,clean,d,0.26134368306395334,0.019,0.27579662508052855,0.33271578222992565,-1.785573547452308
GBR,2001,lnorm,orig,mawd,0.20156795062703217,0.003,0.2405348641530555,0.3134109498102112,-2.261410304359641
GBR,2001,lnorm,orig,d,0.26327831119891487,0.015,0.27699973411827333,0.3315168157149574,-1.9102116149107384
GBR,2001,lnorm,clean,mawd,0.19889189148668818,0.003,0.23842215662972385,0.31272813854125664,-2.287610566206979
GBR,2001,lnorm,clean,d,0.26134368306395334,0.014,0.2767419642276797,0.33233918729502265,-1.937399757368354
GBR,2001,perm,corr,mawd,0.20156795062703217,0.009,0.22623269867444656,0.28680080797644747,-2.1499597251030136
GBR,2001,perm,corr,d,0.26327831119891487,0.017,0.27614269559242893,0.33103237077483083,-1.7642692283807222
GBR,2001,lnorm,corr,mawd,0.20156795062703217,0.003,0.2405348641530555,0.3134109498102112,-2.261410304359641
GBR,2001,lnorm,corr,d,0.26327831119891487,0.015,0.27699973411827333,0.3315168157149574,-1.9102116149107384
GBR,2002,perm,orig,mawd,0.19637799132107223,0.006,0.22546587036390545,0.2871705642444767,-2.21122324770334
GBR,2002,perm,orig,d,0.2612670162760128,0.016,0.27516234883105295,0.3296740534040412,-1.8192159930569076
GBR,2002,perm,clean,mawd,0.19344164861351837,0.004,0.22436407694166874,0.28721096774248095,-2.265299347453361
GBR,2002,perm,clean,d,0.2565793169331337,0.014,0.27357115617467337,0.33194291261784864,-1.9178693920093197
GBR,2002,lnorm,orig,mawd,0.19637799132107223,0.001,0.2415505739725806,0.31565920909592804,-2.3684996817956723
GBR,2002,lnorm,orig,d,0.2612670162760128,0.012,0.27628864294813293,0.3302253524318124,-1.9744728048714402
GBR,2002,lnorm,clean,mawd,0.19344164861351837,0.0,0.2405226232249401,0.31487931286325266,-2.401066258081718
GBR,2002,lnorm,clean,d,0.2565793169331337,0.01,0.27650037410239164,0.3311112034349986,-2.0878089454206683
GBR,2002,perm,corr,mawd,0.19637799132107223,0.006,0.22546587036390545,0.2871705642444767,-2.21122324770334
GBR,2002,perm,corr,d,0.2612670162760128,0.016,0.27516234883105295,0.3296740534040412,-1.8192159930569076
GBR,2002,lnorm,corr,mawd,0.19637799132107223,0.001,0.2415505739725806,0.31565920909592804,-2.3684996817956723
GBR,2002,lnorm,corr,d,0.2612670162760128,0.012,0.27628864294813293,0.3302253524318124,-1.9744728048714402
GBR,2003,perm,orig,mawd,0.20396159079245094,0.01,0.2265139750765235,0.2919818373788742,-2.066369493975062
GBR,2003,perm,orig,d,0.2651611291845382,0.017,0.279921239526391,0.33491622931169723,-1.839153545524876
GBR,2003,perm,clean,mawd,0.20124512293606417,0.008,0.2264079370619345,0.2920430137307033,-2.1136280446008358
GBR,2003,perm,clean,d,0.26153573654414974,0.016,0.2780329003349285,0.3372632915182633,-1.9088195041387699
GBR,2003,lnorm,orig,mawd,0.20396159079245094,0.003,0.2470911495558655,0.3225034657453824,-2.262803230653114
GBR,2003,lnorm,orig,d,0.2651611291845382,0.012,0.2790088487662078,0.33401221538779297,-1.9628784865121196
GBR,2003,lnorm,clean,mawd,0.20124512293606417,0.002,0.2446006417427623,0.32205040012044206,-2.2876910563012256
GBR,2003,lnorm,clean,d,0.26153573654414974,0.011,0.27823884259113557,0.3345925862675012,-2.040154586857364
GBR,2003,perm,corr,mawd,0.20396159079245094,0.01,0.2265139750765235,0.2919818373788742,-2.066369493975062
GBR,2003,perm,corr,d,0.2651611291845382,0.017,0.279921239526391,0.33491622931169723,-1.839153545524876
GBR,2003,lnorm,corr,mawd,0.20396159079245094,0.003,0.2470911495558655,0.3225034657453824,-2.262803230653114
GBR,2003,lnorm,corr,d,0.2651611291845382,0.012,0.2790088487662078,0.33401221538779297,-1.9628784865121196
GBR,2004,perm,orig,mawd,0.21296092641719788,0.014,0.22828131866446072,0.2968673134040556,-1.8875119584934008
GBR,2004,perm,orig,d,0.2658794293199436,0.019,0.28042590777115367,0.33515370069222916,-1.7991936455780608
GBR,2004,perm,clean,mawd,0.20911536120818333,0.01,0.2283641893110496,0.2976013461725544,-1.9618433196719132
GBR,2004,perm,clean,d,0.26192268307879324,0.017,0.28109730281733897,0.33628974908894305,-1.8899197923568354
GBR,2004,lnorm,orig,mawd,0.21296092641719788,0.004,0.24911434873809282,0.327974357276575,-2.1263953262641024
GBR,2004,lnorm,orig,d,0.2658794293199436,0.01,0.2810422250395553,0.33573793856903844,-1.9826745582041752
GBR,2004,lnorm,clean,mawd,0.20911536120818333,0.004,0.2469545454750425,0.328510503340588,-2.1727673883161707
GBR,2004,lnorm,clean,d,0.26192268307879324,0.008,0.2815803833782791,0.3377297887329588,-2.0816186697582526
GBR,2004,perm,corr,mawd,0.21296092641719788,0.014,0.22828131866446072,0.2968673134040556,-1.8875119584934008
GBR,2004,perm,corr,d,0.2658794293199436,0.019,0.28042590777115367,0.33515370069222916,-1.7991936455780608
GBR,2004,lnorm,corr,mawd,0.21296092641719788,0.004,0.24911434873809282,0.327974357276575,-2.1263953262641024
GBR,2004,lnorm,corr,d,0.2658794293199436,0.01,0.2810422250395553,0.33573793856903844,-1.9826745582041752
GBR,2005,perm,orig,mawd,0.2253431713425481,0.032,0.2331716515781277,0.30261154417927416,-1.6934883998825097
GBR,2005,perm,orig,d,0.28713863489999597,0.049,0.28762409904229524,0.3404878715116098,-1.4268004504755625
GBR,2005,perm,clean,mawd,0.22198012906234119,0.026,0.23230695580151378,0.3026061525747705,-1.7557154367844903
GBR,2005,perm,clean,d,0.28629118498689776,0.046,0.28720420466412305,0.34228643679639437,-1.453710628781264
GBR,2005,lnorm,orig,mawd,0.2253431713425481,0.007,0.25600157101547305,0.338383175777358,-2.0319905142032737
GBR,2005,lnorm,orig,d,0.28713863489999597,0.045,0.2893076841875788,0.3433302657554214,-1.612186734634318
GBR,2005,lnorm,clean,mawd,0.22198012906234119,0.005,0.25439168439614135,0.33871836695336743,-2.0665012505279656
GBR,2005,lnorm,clean,d,0.28629118498689776,0.039,0.2898525961024136,0.34430932718896556,-1.636138255282859
GBR,2005,perm,corr,mawd,0.2253431713425481,0.032,0.2331716515781277,0.30261154417927416,-1.6934883998825097
GBR,2005,perm,corr,d,0.28713863489999597,0.049,0.28762409904229524,0.3404878715116098,-1.4268004504755625
GBR,2005,lnorm,corr,mawd,0.2253431713425481,0.007,0.25600157101547305,0.338383175777358,-2.0319905142032737
GBR,2005,lnorm,corr,d,0.28713863489999597,0.045,0.2893076841875788,0.3433302657554214,-1.612186734634318
GBR,2006,perm,orig,mawd,0.2279813712474245,0.036,0.23158987876066456,0.30603018082487027,-1.6380846662945823
GBR,2006,perm,orig,d,0.29212455646241237,0.062,0.28774450114028505,0.34929967134433937,-1.4041143991076737
GBR,2006,perm,clean,mawd,0.22146638168019517,0.029,0.22990166574723825,0.30670045756568093,-1.7457729528379908
GBR,2006,perm,clean,d,0.28721637582969956,0.062,0.28202422106296726,0.3521005634690575,-1.5018040502096026
GBR,2006,lnorm,orig,mawd,0.2279813712474245,0.003,0.2682767722797947,0.3565657848806009,-2.123825523043985
GBR,2006,lnorm,orig,d,0.29212455646241237,0.034,0.2968398452373983,0.35294869516988736,-1.7282368698194552
GBR,2006,lnorm,clean,mawd,0.22146638168019517,0.001,0.2681265005238294,0.35730056850259717,-2.191721499586781
GBR,2006,lnorm,clean,d,0.28721637582969956,0.026,0.2989479978971471,0.3556025652033157,-1.8593188041185018
GBR,2006,perm,corr,mawd,0.2279813712474245,0.036,0.23158987876066456,0.30603018082487027,-1.6380846662945823
GBR,2006,perm,corr,d,0.29212455646241237,0.062,0.28774450114028505,0.34929967134433937,-1.4041143991076737
GBR,2006,lnorm,corr,mawd,0.2279813712474245,0.003,0.2682767722797947,0.3565657848806009,-2.123825523043985
GBR,2006,lnorm,corr,d,0.29212455646241237,0.034,0.2968398452373983,0.35294869516988736,-1.7282368698194552
GBR,2007,perm,orig,mawd,0.2323180095259258,0.062,0.2291236799159144,0.30428835468665294,-1.5005995679922357
GBR,2007,perm,orig,d,0.2823707588836554,0.044,0.28659615224722157,0.34491166805240897,-1.5841322488591403
GBR,2007,perm,clean,mawd,0.225201693710886,0.039,0.22871718841322872,0.3042968945175684,-1.6210964841798505
GBR,2007,perm,clean,d,0.274244443816668,0.038,0.2813445825333812,0.34797215229420225,-1.7347863345625447
GBR,2007,lnorm,orig,mawd,0.2323180095259258,0.006,0.26544678209190653,0.3542672629111424,-1.993504472863336
GBR,2007,lnorm,orig,d,0.2823707588836554,0.021,0.29235085188412874,0.34843798411494553,-1.889223022624698
GBR,2007,lnorm,clean,mawd,0.225201693710886,0.004,0.26411822665472034,0.3545598163691239,-2.0718379640136466
GBR,2007,lnorm,clean,d,0.274244443816668,0.012,0.29387462810801007,0.35081249048729546,-2.0955027519739486
GBR,2007,perm,corr,mawd,0.2323180095259258,0.062,0.2291236799159144,0.30428835468665294,-1.5005995679922357
GBR,2007,perm,corr,d,0.2823707588836554,0.044,0.28659615224722157,0.34491166805240897,-1.5841322488591403
GBR,2007,lnorm,corr,mawd,0.2323180095259258,0.006,0.26544678209190653,0.3542672629111424,-1.993504472863336
GBR,2007,lnorm,corr,d,0.2823707588836554,0.021,0.29235085188412874,0.34843798411494553,-1.889223022624698
GBR,2008,perm,orig,mawd,0.2273549934115904,0.029,0.2345149999919426,0.30741391567084964,-1.7046199138360498
GBR,2008,perm,orig,d,0.2975134863480981,0.1,0.2864811490320849,0.3444783815422579,-1.2282742090922472
GBR,2008,perm,clean,mawd,0.2195877576976717,0.023,0.23208471158054456,0.3069229023740373,-1.8199688978985464
GBR,2008,perm,clean,d,0.28060738120589623,0.052,0.2798212457614325,0.34354262467368923,-1.5491592637586056
GBR,2008,lnorm,orig,mawd,0.2273549934115904,0.003,0.2677124324309308,0.35321208901383927,-2.113315669021387
GBR,2008,lnorm,orig,d,0.2975134863480981,0.061,0.2940282272517911,0.34908717779999854,-1.5054850007600566
GBR,2008,lnorm,clean,mawd,0.2195877576976717,0.001,0.26528675557529174,0.3539090587799345,-2.186409727729862
GBR,2008,lnorm,clean,d,0.28060738120589623,0.022,0.29302164672136666,0.34968712704863125,-1.8962004913967772
GBR,2008,perm,corr,mawd,0.2273549934115904,0.029,0.2345149999919426,0.30741391567084964,-1.7046199138360498
GBR,2008,perm,corr,d,0.2975134863480981,0.1,0.2864811490320849,0.3444783815422579,-1.2282742090922472
GBR,2008,lnorm,corr,mawd,0.2273549934115904,0.003,0.2677124324309308,0.35321208901383927,-2.113315669021387
GBR,2008,lnorm,corr,d,0.2975134863480981,0.061,0.2940282272517911,0.34908717779999854,-1.5054850007600566
GBR,2009,perm,orig,mawd,0.23738042769331572,0.063,0.2351433831846915,0.30938686515575975,-1.446097030199009
GBR,2009,perm,orig,d,0.2955697374633424,0.09,0.2850693461875861,0.3429984238193695,-1.2400081618147598
GBR,2009,perm,clean,mawd,0.22842383335996186,0.036,0.23314133719090718,0.30978252607064904,-1.5866033076589265
GBR,2009,perm,clean,d,0.26333135564002635,0.015,0.2814189789420756,0.34461526080403976,-1.9353426700680607
GBR,2009,lnorm,orig,mawd,0.23738042769331572,0.01,0.26572374220730877,0.3543891377787674,-1.9181680592144523
GBR,2009,lnorm,orig,d,0.2955697374633424,0.061,0.292061891363042,0.34878300564547,-1.5282548350072525
GBR,2009,lnorm,clean,mawd,0.22842383335996186,0.009,0.2633779986312428,0.3558015438129819,-2.0169267251141534
GBR,2009,lnorm,clean,d,0.26333135564002635,0.004,0.2950281571503548,0.35003006890313487,-2.361827140810824
GBR,2009,perm,corr,mawd,0.23738042769331572,0.063,0.2351433831846915,0.30938686515575975,-1.446097030199009
GBR,2009,perm,corr,d,0.2955697374633424,0.09,0.2850693461875861,0.3429984238193695,-1.2400081618147598
GBR,2009,lnorm,corr,mawd,0.23738042769331572,0.01,0.26572374220730877,0.3543891377787674,-1.9181680592144523
GBR,2009,lnorm,corr,d,0.2955697374633424,0.061,0.292061891363042,0.34878300564547,-1.5282548350072525
GBR,2010,perm,orig,mawd,0.22715659446376396,0.03,0.23919712119856543,0.3114273828084755,-1.7006516664304314
GBR,2010,perm,orig,d,0.2796687581291932,0.034,0.2865191552845175,0.3451182486208849,-1.6979429556654433
GBR,2010,perm,clean,mawd,0.2182206668042032,0.022,0.2375378436333123,0.31172002274172095,-1.8353184836218246
GBR,2010,perm,clean,d,0.2492266064246581,0.003,0.2835935406391975,0.34661229984943887,-2.325420371586936
GBR,2010,lnorm,orig,mawd,0.22715659446376396,0.003,0.26783583156006624,0.3575382679001045,-2.119960833025978
GBR,2010,lnorm,orig,d,0.2796687581291932,0.013,0.29385462050515204,0.3500746098331486,-2.036944410584178
GBR,2010,lnorm,clean,mawd,0.2182206668042032,0.002,0.266536076701627,0.3583103320321074,-2.213370598567842
GBR,2010,lnorm,clean,d,0.2492266064246581,0.0,0.2926839522413811,0.35137510759658225,-2.788094950140456
GBR,2010,perm,corr,mawd,0.22715659446376396,0.03,0.23919712119856543,0.3114273828084755,-1.7006516664304314
GBR,2010,perm,corr,d,0.2796687581291932,0.034,0.2865191552845175,0.3451182486208849,-1.6979429556654433
GBR,2010,lnorm,corr,mawd,0.22715659446376396,0.003,0.26783583156006624,0.3575382679001045,-2.119960833025978
GBR,2010,lnorm,corr,d,0.2796687581291932,0.013,0.29385462050515204,0.3500746098331486,-2.036944410584178
GBR,2011,perm,orig,mawd,0.22663695621570534,0.029,0.23639093707026065,0.31006707241971415,-1.7176386349903656
GBR,2011,perm,orig,d,0.2748684868822681,0.021,0.28748124590307833,0.34514302481494497,-1.7977858357461778
GBR,2011,perm,clean,mawd,0.2186407924478596,0.021,0.23513030622685224,0.3101443587957192,-1.8323676332370784
GBR,2011,perm,clean,d,0.24531944322423174,0.002,0.28307801163030294,0.34523356834789765,-2.3657740220936656
GBR,2011,lnorm,orig,mawd,0.22663695621570534,0.001,0.27331900146132226,0.36195188871897255,-2.1837435421562597
GBR,2011,lnorm,orig,d,0.2748684868822681,0.008,0.29575378948906944,0.35386365270484643,-2.2167776628930214
GBR,2011,lnorm,clean,mawd,0.2186407924478596,0.0,0.27129377377922403,0.3626023872812641,-2.256569170495327
GBR,2011,lnorm,clean,d,0.24531944322423174,0.0,0.29612249940270813,0.35281030151675596,-2.9042590100309
GBR,2011,perm,corr,mawd,0.22663695621570534,0.029,0.23639093707026065,0.31006707241971415,-1.7176386349903656
GBR,2011,perm,corr,d,0.2748684868822681,0.021,0.28748124590307833,0.34514302481494497,-1.7977858357461778
GBR,2011,lnorm,corr,mawd,0.22663695621570534,0.001,0.27331900146132226,0.36195188871897255,-2.1837435421562597
GBR,2011,lnorm,corr,d,0.2748684868822681,0.008,0.29575378948906944,0.35386365270484643,-2.2167776628930214
GBR,2012,perm,orig,mawd,0.22469448012721577,0.031,0.23171245843088162,0.30363029706891764,-1.6674893847733328
GBR,2012,perm,orig,d,0.2532660897006079,0.004,0.2836462778843418,0.3390073563947027,-2.219187869067273
GBR,2012,perm,clean,mawd,0.2172447403280725,0.022,0.23120325547648296,0.30308955166021767,-1.7820286311708466
GBR,2012,perm,clean,d,0.22590045127702335,0.0,0.2785134393882678,0.33876180181778953,-2.7349675409927454
GBR,2012,lnorm,orig,mawd,0.22469448012721577,0.003,0.26505225054644643,0.34919575995454044,-2.1062387767193624
GBR,2012,lnorm,orig,d,0.2532660897006079,0.0,0.28848641242217876,0.3459296105446488,-2.646850718894345
GBR,2012,lnorm,clean,mawd,0.2172447403280725,0.003,0.2616661648261111,0.35047730416302714,-2.179814264870378
GBR,2012,lnorm,clean,d,0.22590045127702335,0.0,0.2896411129062494,0.34476244324753935,-3.2776404378714914
GBR,2012,perm,corr,mawd,0.22469448012721577,0.031,0.23171245843088162,0.30363029706891764,-1.6674893847733328
GBR,2012,perm,corr,d,0.2532660897006079,0.004,0.2836462778843418,0.3390073563947027,-2.219187869067273
GBR,2012,lnorm,corr,mawd,0.22469448012721577,0.003,0.26505225054644643,0.34919575995454044,-2.1062387767193624
GBR,2012,lnorm,corr,d,0.2532660897006079,0.0,0.28848641242217876,0.3459296105446488,-2.646850718894345
GBR,2013,perm,orig,mawd,0.23038132813695217,0.035,0.23654848416050667,0.30551452572466786,-1.6340112682283765
GBR,2013,perm,orig,d,0.25332721619363835,0.001,0.28813273654370575,0.34046655571686546,-2.338267508999924
GBR,2013,perm,clean,mawd,0.22414517492610664,0.023,0.2345232083417096,0.30570369332562064,-1.719971235592584
GBR,2013,perm,clean,d,0.22585788601070778,0.0,0.2813328775364783,0.33865710542679683,-2.8208384022861037
GBR,2013,lnorm,orig,mawd,0.23038132813695217,0.008,0.2661504167503333,0.3518019797367237,-2.0359297581056794
GBR,2013,lnorm,orig,d,0.25332721619363835,0.0,0.29284086392507996,0.34870504462524154,-2.7431373177710445
GBR,2013,lnorm,clean,mawd,0.22414517492610664,0.006,0.2638435397527302,0.35167331846254024,-2.0842870004665857
GBR,2013,lnorm,clean,d,0.22585788601070778,0.0,0.2899730919353704,0.3452592453740867,-3.328465334754798
GBR,2013,perm,corr,mawd,0.23038132813695217,0.035,0.23654848416050667,0.30551452572466786,-1.6340112682283765
GBR,2013,perm,corr,d,0.25332721619363835,0.001,0.28813273654370575,0.34046655571686546,-2.338267508999924
GBR,2013,lnorm,corr,mawd,0.23038132813695217,0.008,0.2661504167503333,0.3518019797367237,-2.0359297581056794
GBR,2013,lnorm,corr,d,0.25332721619363835,0.0,0.29284086392507996,0.34870504462524154,-2.7431373177710445
GBR,2014,perm,orig,mawd,0.22969708720429047,0.036,0.23428039148998112,0.30462781927055815,-1.6410740275044375
GBR,2014,perm,orig,d,0.25177731461682196,0.0,0.28683623031706645,0.33897620194153893,-2.3596876814870225
GBR,2014,perm,clean,mawd,0.22368727098941302,0.021,0.23197397722971322,0.30446745947682313,-1.7274086666505843
GBR,2014,perm,clean,d,0.22181940381603177,0.0,0.27967116381337687,0.3370599963344967,-2.9068725608997705
GBR,2014,lnorm,orig,mawd,0.22969708720429047,0.008,0.26135947703247847,0.34549185167761925,-1.9780830359550807
GBR,2014,lnorm,orig,d,0.25177731461682196,0.0,0.28915069101112256,0.34452863766942166,-2.688323633230476
GBR,2014,lnorm,clean,mawd,0.22368727098941302,0.009,0.2574169107160611,0.3454906582630777,-2.0299665672775102
GBR,2014,lnorm,clean,d,0.22181940381603177,0.0,0.2869286936108555,0.3416586446102642,-3.340751081993871
GBR,2014,perm,corr,mawd,0.22969708720429047,0.036,0.23428039148998112,0.30462781927055815,-1.6410740275044375
GBR,2014,perm,corr,d,0.25177731461682196,0.0,0.28683623031706645,0.33897620194153893,-2.3596876814870225
GBR,2014,lnorm,corr,mawd,0.22969708720429047,0.008,0.26135947703247847,0.34549185167761925,-1.9780830359550807
GBR,2014,lnorm,corr,d,0.25177731461682196,0.0,0.28915069101112256,0.34452863766942166,-2.688323633230476
GRC,2000,perm,orig,mawd,0.29335564584603024,0.108,0.26899429431740396,0.37481904648300846,-1.163179559645266
GRC,2000,perm,orig,d,0.32666287219119183,0.041,0.32930028904966335,0.40081533479928805,-1.3493988415016436
GRC,2000,perm,clean,mawd,0.2631002173661696,0.042,0.26796172607773855,0.3844970644272004,-1.4558982787163761
GRC,2000,perm,clean,d,0.3002464434536956,0.009,0.32583602714591076,0.4093339709702989,-1.7001211982533828
GRC,2000,lnorm,orig,mawd,0.29335564584603024,0.009,0.329105371902372,0.46782514865619673,-1.760224545873846
GRC,2000,lnorm,orig,d,0.32666287219119183,0.003,0.3653338210870525,0.44083287090471623,-2.095900443200831
GRC,2000,lnorm,clean,mawd,0.2631002173661696,0.005,0.32605587182292667,0.48209298170599224,-1.8891707036243168
GRC,2000,lnorm,clean,d,0.3002464434536956,0.001,0.36103222805753266,0.4478400444110451,-2.429666519662253
GRC,2000,perm,corr,mawd,0.29335564584603024,0.108,0.26899429431740396,0.37481904648300846,-1.163179559645266
GRC,2000,perm,corr,d,0.32666287219119183,0.041,0.32930028904966335,0.40081533479928805,-1.3493988415016436
GRC,2000,lnorm,corr,mawd,0.29335564584603024,0.009,0.329105371902372,0.46782514865619673,-1.760224545873846
GRC,2000,lnorm,corr,d,0.32666287219119183,0.003,0.3653338210870525,0.44083287090471623,-2.095900443200831
GRC,2001,perm,orig,mawd,0.2658109176645269,0.05,0.2660810430505698,0.3766474065178068,-1.424973654874348
GRC,2001,perm,orig,d,0.3229748069146834,0.044,0.3248420002475621,0.39964166859923334,-1.3761220868466135
GRC,2001,perm,clean,mawd,0.23676510158958597,0.019,0.2657651257040228,0.3829392523416565,-1.6217906899002021
GRC,2001,perm,clean,d,0.30651160708823627,0.016,0.32483691355439287,0.4073179214791056,-1.609695700955132
GRC,2001,lnorm,orig,mawd,0.2658109176645269,0.003,0.31853079460978256,0.44884698698644954,-1.9724737635094336
GRC,2001,lnorm,orig,d,0.3229748069146834,0.005,0.3581848874032232,0.4351352573070566,-2.0264735083371614
GRC,2001,lnorm,clean,mawd,0.23676510158958597,0.001,0.3115579127744927,0.4583935211957558,-2.1054420763085293
GRC,2001,lnorm,clean,d,0.30651160708823627,0.001,0.35338373465322503,0.44264284400578113,-2.2376021129598196
GRC,2001,perm,corr,mawd,0.2658109176645269,0.05,0.2660810430505698,0.3766474065178068,-1.424973654874348
GRC,2001,perm,corr,d,0.3229748069146834,0.044,0.3248420002475621,0.39964166859923334,-1.3761220868466135
GRC,2001,lnorm,corr,mawd,0.2658109176645269,0.003,0.31853079460978256,0.44884698698644954,-1.9724737635094336
GRC,2001,lnorm,corr,d,0.3229748069146834,0.005,0.3581848874032232,0.4351352573070566,-2.0264735083371614
GRC,2002,perm,orig,mawd,0.27792705167256376,0.1,0.25761550713494064,0.35648871507945507,-1.1663564744002486
GRC,2002,perm,orig,d,0.31977582291115125,0.069,0.3149635245361248,0.37987592652308483,-1.1742120173972623
GRC,2002,perm,clean,mawd,0.2506816448317932,0.038,0.25672961709461983,0.3659037341069715,-1.436062359709554
GRC,2002,perm,clean,d,0.2960946137461955,0.018,0.31213440264552644,0.38854619575234794,-1.5343982283164135
GRC,2002,lnorm,orig,mawd,0.27792705167256376,0.019,0.3010715222363373,0.42439078657070095,-1.6885239926387183
GRC,2002,lnorm,orig,d,0.31977582291115125,0.015,0.33997128330522103,0.4139204091286329,-1.6979904239701318
GRC,2002,lnorm,clean,mawd,0.2506816448317932,0.009,0.2942473093259767,0.43434802556711605,-1.8740400477918018
GRC,2002,lnorm,clean,d,0.2960946137461955,0.003,0.3370994254303224,0.41946824797911697,-2.02969435026039
GRC,2002,perm,corr,mawd,0.27792705167256376,0.1,0.25761550713494064,0.35648871507945507,-1.1663564744002486
GRC,2002,perm,corr,d,0.31977582291115125,0.069,0.3149635245361248,0.37987592652308483,-1.1742120173972623
GRC,2002,lnorm,corr,mawd,0.27792705167256376,0.019,0.3010715222363373,0.42439078657070095,-1.6885239926387183
GRC,2002,lnorm,corr,d,0.31977582291115125,0.015,0.33997128330522103,0.4139204091286329,-1.6979904239701318
GRC,2003,perm,orig,mawd,0.3042062217237573,0.176,0.2638500096715596,0.36235242625177916,-0.8823637317646053
GRC,2003,perm,orig,d,0.3198065668319509,0.038,0.3236636798831668,0.3849144361710971,-1.2304470324431416
GRC,2003,perm,clean,mawd,0.2756735146851032,0.092,0.26070144858159205,0.3662502470998299,-1.1556493094754645
GRC,2003,perm,clean,d,0.315706208160563,0.048,0.31734227981800056,0.3919914624365437,-1.2623271738863384
GRC,2003,lnorm,orig,mawd,0.3042062217237573,0.029,0.32252794410278185,0.4505859131322084,-1.595349052527879
GRC,2003,lnorm,orig,d,0.3198065668319509,0.006,0.35385939633814745,0.42953081149742245,-1.951384134515258
GRC,2003,lnorm,clean,mawd,0.2756735146851032,0.015,0.3115722191503646,0.45981530350800626,-1.7443929664536992
GRC,2003,lnorm,clean,d,0.315706208160563,0.011,0.35069675493374974,0.43598457458595963,-1.949268688357236
GRC,2003,perm,corr,mawd,0.3042062217237573,0.176,0.2638500096715596,0.36235242625177916,-0.8823637317646053
GRC,2003,perm,corr,d,0.3198065668319509,0.038,0.3236636798831668,0.3849144361710971,-1.2304470324431416
GRC,2003,lnorm,corr,mawd,0.3042062217237573,0.029,0.32252794410278185,0.4505859131322084,-1.595349052527879
GRC,2003,lnorm,corr,d,0.3198065668319509,0.006,0.35385939633814745,0.42953081149742245,-1.951384134515258
GRC,2004,perm,orig,mawd,0.31228845707980607,0.191,0.26994951886573276,0.3684844375045809,-0.8809675864796034
GRC,2004,perm,orig,d,0.3327041520176642,0.055,0.3316336478373505,0.3992192254681019,-1.171704814835871
GRC,2004,perm,clean,mawd,0.2862627044993091,0.104,0.26314906919341974,0.3728723509275764,-1.150773124219828
GRC,2004,perm,clean,d,0.336928202226646,0.086,0.3282267273017203,0.40628189034775264,-1.1005462535214214
GRC,2004,lnorm,orig,mawd,0.31228845707980607,0.046,0.31633743605772774,0.44378896634348236,-1.4462350197324119
GRC,2004,lnorm,orig,d,0.3327041520176642,0.01,0.35393452054633645,0.4293157909372737,-1.6873773879209912
GRC,2004,lnorm,clean,mawd,0.2862627044993091,0.023,0.3037081650472508,0.4541073880465515,-1.5941207337856644
GRC,2004,lnorm,clean,d,0.336928202226646,0.028,0.34946849693229687,0.43522775949549763,-1.5846126476297708
GRC,2004,perm,corr,mawd,0.31228845707980607,0.191,0.26994951886573276,0.3684844375045809,-0.8809675864796034
GRC,2004,perm,corr,d,0.3327041520176642,0.055,0.3316336478373505,0.3992192254681019,-1.171704814835871
GRC,2004,lnorm,corr,mawd,0.31228845707980607,0.046,0.31633743605772774,0.44378896634348236,-1.4462350197324119
GRC,2004,lnorm,corr,d,0.3327041520176642,0.01,0.35393452054633645,0.4293157909372737,-1.6873773879209912
GRC,2005,perm,orig,mawd,0.31855401568196307,0.182,0.27521681027232137,0.3838106738844724,-0.9103645025996049
GRC,2005,perm,orig,d,0.33581890446546175,0.064,0.33222811299100474,0.3985892113597074,-1.1260692979925557
GRC,2005,perm,clean,mawd,0.27534502369816055,0.057,0.2727764169191395,0.3887273457560766,-1.31141899022998
GRC,2005,perm,clean,d,0.34161662172695473,0.122,0.3219383110495664,0.4056082408956184,-0.9862247294479567
GRC,2005,lnorm,orig,mawd,0.31855401568196307,0.034,0.32647188237448743,0.46300479395010025,-1.5255233819721052
GRC,2005,lnorm,orig,d,0.33581890446546175,0.009,0.36121686741620584,0.4341626235885624,-1.7270655516978497
GRC,2005,lnorm,clean,mawd,0.27534502369816055,0.009,0.31870360966027,0.47341377517071875,-1.7919063040989096
GRC,2005,lnorm,clean,d,0.34161662172695473,0.032,0.3500204826800909,0.44034627936395965,-1.5360601366655975
GRC,2005,perm,corr,mawd,0.31855401568196307,0.182,0.27521681027232137,0.3838106738844724,-0.9103645025996049
GRC,2005,perm,corr,d,0.33581890446546175,0.064,0.33222811299100474,0.3985892113597074,-1.1260692979925557
GRC,2005,lnorm,corr,mawd,0.31855401568196307,0.034,0.32647188237448743,0.46300479395010025,-1.5255233819721052
GRC,2005,lnorm,corr,d,0.33581890446546175,0.009,0.36121686741620584,0.4341626235885624,-1.7270655516978497
GRC,2006,perm,orig,mawd,0.3170874308820493,0.214,0.2715424877244632,0.365840243807397,-0.8223143371366578
GRC,2006,perm,orig,d,0.3294203450204621,0.059,0.32716512015189947,0.3951189544387488,-1.2266417629694013
GRC,2006,perm,clean,mawd,0.30283874770325775,0.158,0.26488908631273483,0.3673357271797757,-0.9628309419921229
GRC,2006,perm,clean,d,0.3347252339295539,0.093,0.3221827545725399,0.3994092410410165,-1.0931307504060748
GRC,2006,lnorm,orig,mawd,0.3170874308820493,0.052,0.3166610885230402,0.4418699154260132,-1.4219875868778336
GRC,2006,lnorm,orig,d,0.3294203450204621,0.011,0.3543041584205042,0.42466972845815454,-1.752699874453179
GRC,2006,lnorm,clean,mawd,0.30283874770325775,0.048,0.30806108280886446,0.4488462752252996,-1.4880397759289772
GRC,2006,lnorm,clean,d,0.3347252339295539,0.032,0.3477941803319133,0.4290772349509353,-1.5961390772581616
GRC,2006,perm,corr,mawd,0.3170874308820493,0.214,0.2715424877244632,0.365840243807397,-0.8223143371366578
GRC,2006,perm,corr,d,0.3294203450204621,0.059,0.32716512015189947,0.3951189544387488,-1.2266417629694013
GRC,2006,lnorm,corr,mawd,0.3170874308820493,0.052,0.3166610885230402,0.4418699154260132,-1.4219875868778336
GRC,2006,lnorm,corr,d,0.3294203450204621,0.011,0.3543041584205042,0.42466972845815454,-1.752699874453179
GRC,2007,perm,orig,mawd,0.31933496221400665,0.253,0.2630190729733105,0.36131919443796046,-0.6948296621682662
GRC,2007,perm,orig,d,0.3294113564109389,0.084,0.319759774948164,0.38630424406955766,-1.0626083991408248
GRC,2007,perm,clean,mawd,0.28650828159211567,0.119,0.26049623529578475,0.36468709767922186,-1.1045891831949648
GRC,2007,perm,clean,d,0.3285564011207883,0.083,0.31923224046857973,0.3947638026350925,-1.071144449422827
GRC,2007,lnorm,orig,mawd,0.31933496221400665,0.049,0.3201821705005712,0.4457385683912719,-1.4347631962396676
GRC,2007,lnorm,orig,d,0.3294113564109389,0.018,0.34943148864818563,0.419976169865834,-1.6361224300545036
GRC,2007,lnorm,clean,mawd,0.28650828159211567,0.022,0.31104325704255265,0.4554188047847229,-1.6769886263032634
GRC,2007,lnorm,clean,d,0.3285564011207883,0.025,0.3453440348364624,0.42632422764469086,-1.6383640906185488
GRC,2007,perm,corr,mawd,0.31933496221400665,0.253,0.2630190729733105,0.36131919443796046,-0.6948296621682662
GRC,2007,perm,corr,d,0.3294113564109389,0.084,0.319759774948164,0.38630424406955766,-1.0626083991408248
GRC,2007,lnorm,corr,mawd,0.31933496221400665,0.049,0.3201821705005712,0.4457385683912719,-1.4347631962396676
GRC,2007,lnorm,corr,d,0.3294113564109389,0.018,0.34943148864818563,0.419976169865834,-1.6361224300545036
GRC,2008,perm,orig,mawd,0.33799641554715676,0.324,0.26519404865480656,0.3698456182870822,-0.5062896526502585
GRC,2008,perm,orig,d,0.33844670705751156,0.091,0.3268582565830862,0.40229175029837216,-1.0267712529190738
GRC,2008,perm,clean,mawd,0.3435621383645664,0.368,0.262572640344986,0.3683173254266794,-0.41180918154637214
GRC,2008,perm,clean,d,0.33347059559620335,0.087,0.3216700428070513,0.4061102485478264,-1.0630350547332026
GRC,2008,lnorm,orig,mawd,0.33799641554715676,0.053,0.3354578371701516,0.47380193736455234,-1.4063660964603075
GRC,2008,lnorm,orig,d,0.33844670705751156,0.014,0.36137120726938826,0.4338541048501282,-1.5856863322429489
GRC,2008,lnorm,clean,mawd,0.3435621383645664,0.072,0.32801237405608524,0.47595847223517646,-1.3055853927236163
GRC,2008,lnorm,clean,d,0.33347059559620335,0.013,0.3543271680472694,0.4365342381448426,-1.62947823942478
GRC,2008,perm,corr,mawd,0.33799641554715676,0.324,0.26519404865480656,0.3698456182870822,-0.5062896526502585
GRC,2008,perm,corr,d,0.33844670705751156,0.091,0.3268582565830862,0.40229175029837216,-1.0267712529190738
GRC,2008,lnorm,corr,mawd,0.33799641554715676,0.053,0.3354578371701516,0.47380193736455234,-1.4063660964603075
GRC,2008,lnorm,corr,d,0.33844670705751156,0.014,0.36137120726938826,0.4338541048501282,-1.5856863322429489
GRC,2009,perm,orig,mawd,0.32677931466101395,0.348,0.25121043750631583,0.35755466877632763,-0.48827298402163616
GRC,2009,perm,orig,d,0.33139817943454175,0.118,0.31430663463770714,0.3889162002747154,-0.9580003943698918
GRC,2009,perm,clean,mawd,0.331829169581536,0.387,0.24847332777814735,0.3567267150266999,-0.4074437914783286
GRC,2009,perm,clean,d,0.32468472005630006,0.104,0.3109912663574993,0.3919070237835579,-1.0122127398173408
GRC,2009,lnorm,orig,mawd,0.32677931466101395,0.052,0.3240538982380932,0.45929121231036885,-1.377370003021074
GRC,2009,lnorm,orig,d,0.33139817943454175,0.015,0.35082441442007084,0.42399268559932024,-1.571517723060083
GRC,2009,lnorm,clean,mawd,0.331829169581536,0.072,0.31933856537838906,0.45944354348013594,-1.2852582952764788
GRC,2009,lnorm,clean,d,0.32468472005630006,0.013,0.34692608191142116,0.4266985091553688,-1.6222216490750794
GRC,2009,perm,corr,mawd,0.32677931466101395,0.348,0.25121043750631583,0.35755466877632763,-0.48827298402163616
GRC,2009,perm,corr,d,0.33139817943454175,0.118,0.31430663463770714,0.3889162002747154,-0.9580003943698918
GRC,2009,lnorm,corr,mawd,0.32677931466101395,0.052,0.3240538982380932,0.45929121231036885,-1.377370003021074
GRC,2009,lnorm,corr,d,0.33139817943454175,0.015,0.35082441442007084,0.42399268559932024,-1.571517723060083
GRC,2010,perm,orig,mawd,0.36651731118105735,0.457,0.2661878088635351,0.37530049447131786,-0.22612229008737936
GRC,2010,perm,orig,d,0.3481023666746209,0.216,0.31309218891177426,0.3853422205663596,-0.7148259409740874
GRC,2010,perm,clean,mawd,0.3748186118284537,0.506,0.2624328718878904,0.37364729569897637,-0.11016024888059948
GRC,2010,perm,clean,d,0.335128078675805,0.131,0.3098316074382336,0.39264294089730767,-0.9000682806279809
GRC,2010,lnorm,orig,mawd,0.36651731118105735,0.117,0.3287945659508071,0.4823324925728576,-1.101505931719389
GRC,2010,lnorm,orig,d,0.3481023666746209,0.06,0.340969020778352,0.4270700559074574,-1.2797269417412103
GRC,2010,lnorm,clean,mawd,0.3748186118284537,0.151,0.32097642613056804,0.4802397435754986,-0.9900804211433635
GRC,2010,lnorm,clean,d,0.335128078675805,0.037,0.3417706390186014,0.4349218586515301,-1.4649515660157229
GRC,2010,perm,corr,mawd,0.36651731118105735,0.457,0.2661878088635351,0.37530049447131786,-0.22612229008737936
GRC,2010,perm,corr,d,0.3481023666746209,0.216,0.31309218891177426,0.3853422205663596,-0.7148259409740874
GRC,2010,lnorm,corr,mawd,0.36651731118105735,0.117,0.3287945659508071,0.4823324925728576,-1.101505931719389
GRC,2010,lnorm,corr,d,0.3481023666746209,0.06,0.340969020778352,0.4270700559074574,-1.2797269417412103
GRC,2011,perm,orig,mawd,0.39377462223300325,0.511,0.2749618922001964,0.3921518788614825,-0.1344304356789185
GRC,2011,perm,orig,d,0.3539824406826997,0.155,0.3270319046780745,0.4058254298420232,-0.8193210740490716
GRC,2011,perm,clean,mawd,0.40518201731782827,0.551,0.2720475037856914,0.3929660913733717,-0.01541418731213256
GRC,2011,perm,clean,d,0.3448123157038693,0.123,0.3192597640023661,0.4131820555011727,-0.9264511537786079
GRC,2011,lnorm,orig,mawd,0.39377462223300325,0.125,0.3474011916256044,0.5225963166056828,-1.0635494605316358
GRC,2011,lnorm,orig,d,0.3539824406826997,0.034,0.3607499390069214,0.4486613151376838,-1.4020912477615466
GRC,2011,lnorm,clean,mawd,0.40518201731782827,0.158,0.3411936272683585,0.5210773342585457,-0.9508990886871761
GRC,2011,lnorm,clean,d,0.3448123157038693,0.027,0.36192004206436634,0.4574680394141659,-1.5122737734953824
GRC,2011,perm,corr,mawd,0.39377462223300325,0.511,0.2749618922001964,0.3921518788614825,-0.1344304356789185
GRC,2011,perm,corr,d,0.3539824406826997,0.155,0.3270319046780745,0.4058254298420232,-0.8193210740490716
GRC,2011,lnorm,corr,mawd,0.39377462223300325,0.125,0.3474011916256044,0.5225963166056828,-1.0635494605316358
GRC,2011,lnorm,corr,d,0.3539824406826997,0.034,0.3607499390069214,0.4486613151376838,-1.4020912477615466
GRC,2012,perm,orig,mawd,0.4043609434756046,0.556,0.27243415433165025,0.39110135336325663,0.017602011306885896
GRC,2012,perm,orig,d,0.37899596759605153,0.25,0.3355723616384624,0.4151517906606448,-0.6541318985920705
GRC,2012,perm,clean,mawd,0.42019524575250533,0.642,0.27190444202016933,0.3882931246377031,0.2211584723685767
GRC,2012,perm,clean,d,0.36557264754313734,0.195,0.32419356001317184,0.4181901059687143,-0.7763017868905755
GRC,2012,lnorm,orig,mawd,0.4043609434756046,0.153,0.3418308316674049,0.5177730568353984,-0.9431906794990609
GRC,2012,lnorm,orig,d,0.37899596759605153,0.075,0.3678470577372274,0.45849819750603116,-1.185135324683834
GRC,2012,lnorm,clean,mawd,0.42019524575250533,0.213,0.3331407943452988,0.5118765872726933,-0.7824244947298655
GRC,2012,lnorm,clean,d,0.36557264754313734,0.052,0.36507606991989927,0.462385144673603,-1.3229580289373075
GRC,2012,perm,corr,mawd,0.4043609434756046,0.556,0.27243415433165025,0.39110135336325663,0.017602011306885896
GRC,2012,perm,corr,d,0.37899596759605153,0.25,0.3355723616384624,0.4151517906606448,-0.6541318985920705
GRC,2012,lnorm,corr,mawd,0.4043609434756046,0.153,0.3418308316674049,0.5177730568353984,-0.9431906794990609
GRC,2012,lnorm,corr,d,0.37899596759605153,0.075,0.3678470577372274,0.45849819750603116,-1.185135324683834
GRC,2013,perm,orig,mawd,0.4121490299865812,0.551,0.2805631411020116,0.4002277187374228,-0.0062305976216604966
GRC,2013,perm,orig,d,0.3767989891114998,0.191,0.3399844247053038,0.42403551031839104,-0.7656178102764619
GRC,2013,perm,clean,mawd,0.28140068329812346,0.052,0.27872783131484125,0.40511108583379996,-1.2981835457357644
GRC,2013,perm,clean,d,0.33699353166290696,0.066,0.3283106939787909,0.4247588769526083,-1.122907015253756
GRC,2013,lnorm,orig,mawd,0.4121490299865812,0.125,0.35989612742434424,0.5410195205727235,-1.0117578581890534
GRC,2013,lnorm,orig,d,0.3767989891114998,0.048,0.37768902494998347,0.46881942900598583,-1.336510358798438
GRC,2013,lnorm,clean,mawd,0.28140068329812346,0.004,0.35210492635814156,0.545138149009621,-1.7945465293016851
GRC,2013,lnorm,clean,d,0.33699353166290696,0.005,0.37434170681298323,0.4725984879216888,-1.7373084995481802
GRC,2013,perm,corr,mawd,0.4121490299865812,0.551,0.2805631411020116,0.4002277187374228,-0.0062305976216604966
GRC,2013,perm,corr,d,0.3767989891114998,0.191,0.3399844247053038,0.42403551031839104,-0.7656178102764619
GRC,2013,lnorm,corr,mawd,0.4121490299865812,0.125,0.35989612742434424,0.5410195205727235,-1.0117578581890534
GRC,2013,lnorm,corr,d,0.3767989891114998,0.048,0.37768902494998347,0.46881942900598583,-1.336510358798438
GRC,2014,perm,orig,mawd,0.3948451958607989,0.495,0.2821663264440966,0.39599045631285745,-0.15363503009443463
GRC,2014,perm,orig,d,0.37131890689586056,0.173,0.339435019257249,0.4212752851043655,-0.7812213376098873
GRC,2014,perm,clean,mawd,0.2749070761655868,0.04,0.27946448626209375,0.3982107081781231,-1.3295781338487103
GRC,2014,perm,clean,d,0.3258475317601313,0.044,0.3271245126594495,0.42555370143267246,-1.20803471903811
GRC,2014,lnorm,orig,mawd,0.3948451958607989,0.094,0.3611945850686153,0.5454520204253895,-1.143652945437721
GRC,2014,lnorm,orig,d,0.37131890689586056,0.038,0.37688239710230764,0.46919625082761435,-1.3726341589693685
GRC,2014,lnorm,clean,mawd,0.2749070761655868,0.003,0.35829452654631094,0.5526154954907017,-1.8403534790241474
GRC,2014,lnorm,clean,d,0.3258475317601313,0.002,0.37462573788623377,0.4745659144581045,-1.8477693930000771
GRC,2014,perm,corr,mawd,0.3948451958607989,0.495,0.2821663264440966,0.39599045631285745,-0.15363503009443463
GRC,2014,perm,corr,d,0.37131890689586056,0.173,0.339435019257249,0.4212752851043655,-0.7812213376098873
GRC,2014,lnorm,corr,mawd,0.3948451958607989,0.094,0.3611945850686153,0.5454520204253895,-1.143652945437721
GRC,2014,lnorm,corr,d,0.37131890689586056,0.038,0.37688239710230764,0.46919625082761435,-1.3726341589693685
HRV,2000,perm,orig,mawd,0.25613304213599,0.077,0.24810766962523756,0.3125033063594247,-1.1006492083223167
HRV,2000,perm,orig,d,0.31448187904921293,0.332,0.27556552915451166,0.33195964809117795,-0.5129443623708274
HRV,2000,perm,clean,mawd,0.22026889126272228,0.101,0.20268485304047268,0.27289351745781043,-0.9618318693215543
HRV,2000,perm,clean,d,0.24802707096362453,0.031,0.25619240227677165,0.3215261111715075,-1.492672336110994
HRV,2000,lnorm,orig,mawd,0.25613304213599,0.024,0.2695419566751755,0.34464184294971867,-1.6304532138983427
HRV,2000,lnorm,orig,d,0.31448187904921293,0.156,0.2930648987219622,0.35242336177794564,-1.0069824501817681
HRV,2000,lnorm,clean,mawd,0.22026889126272228,0.05,0.2209097871385296,0.30301472283557723,-1.451952401023971
HRV,2000,lnorm,clean,d,0.24802707096362453,0.008,0.2703870886714586,0.34312553649854444,-2.0260882526065718
HRV,2000,perm,corr,mawd,0.25613304213599,0.077,0.24810766962523756,0.3125033063594247,-1.1006492083223167
HRV,2000,perm,corr,d,0.31448187904921293,0.332,0.27556552915451166,0.33195964809117795,-0.5129443623708274
HRV,2000,lnorm,corr,mawd,0.25613304213599,0.024,0.2695419566751755,0.34464184294971867,-1.6304532138983427
HRV,2000,lnorm,corr,d,0.31448187904921293,0.156,0.2930648987219622,0.35242336177794564,-1.0069824501817681
HRV,2001,perm,orig,mawd,0.2724678790210776,0.162,0.25102699375546395,0.3081407602067341,-0.93212667554089
HRV,2001,perm,orig,d,0.3353464135616051,0.629,0.2706145617208103,0.32359548182981174,0.16756841710053458
HRV,2001,perm,clean,mawd,0.2335766063394156,0.214,0.19973406889813047,0.2638664658773056,-0.7425446435425099
HRV,2001,perm,clean,d,0.26359129596353326,0.092,0.25506779368817134,0.3181867266775018,-1.1933443051489736
HRV,2001,lnorm,orig,mawd,0.2724678790210776,0.068,0.26562052384317403,0.336417717634349,-1.2918792143903832
HRV,2001,lnorm,orig,d,0.3353464135616051,0.457,0.28395089195848494,0.33965594606445293,-0.21269840797406334
HRV,2001,lnorm,clean,mawd,0.2335766063394156,0.11,0.2125434253979183,0.28941831585308175,-1.0885122141965144
HRV,2001,lnorm,clean,d,0.26359129596353326,0.047,0.2656921776420179,0.3326039720697538,-1.607437632515712
HRV,2001,perm,corr,mawd,0.2724678790210776,0.162,0.25102699375546395,0.3081407602067341,-0.93212667554089
HRV,2001,perm,corr,d,0.3353464135616051,0.629,0.2706145617208103,0.32359548182981174,0.16756841710053458
HRV,2001,lnorm,corr,mawd,0.2724678790210776,0.068,0.26562052384317403,0.336417717634349,-1.2918792143903832
HRV,2001,lnorm,corr,d,0.3353464135616051,0.457,0.28395089195848494,0.33965594606445293,-0.21269840797406334
HRV,2002,perm,orig,mawd,0.2717092651379858,0.189,0.24649866763325606,0.3039627590534375,-0.8565754910530609
HRV,2002,perm,orig,d,0.33024575601542905,0.625,0.26933526965202914,0.3194430819395881,0.12504285731574594
HRV,2002,perm,clean,mawd,0.2377681544462865,0.241,0.2007423209877074,0.26560006961269444,-0.7063916361262887
HRV,2002,perm,clean,d,0.25873216950287625,0.075,0.25251643873126145,0.3107387399727265,-1.2421272847127884
HRV,2002,lnorm,orig,mawd,0.2717092651379858,0.086,0.2617466905861164,0.3358174956012749,-1.2410581378230312
HRV,2002,lnorm,orig,d,0.33024575601542905,0.433,0.2820050391521283,0.33497520109280005,-0.243399838522084
HRV,2002,lnorm,clean,mawd,0.2377681544462865,0.121,0.21710804554128843,0.29311146647185826,-1.0723453907322495
HRV,2002,lnorm,clean,d,0.25873216950287625,0.04,0.2627759681753276,0.32859264072250943,-1.6580277464327613
HRV,2002,perm,corr,mawd,0.2717092651379858,0.189,0.24649866763325606,0.3039627590534375,-0.8565754910530609
HRV,2002,perm,corr,d,0.33024575601542905,0.625,0.26933526965202914,0.3194430819395881,0.12504285731574594
HRV,2002,lnorm,corr,mawd,0.2717092651379858,0.086,0.2617466905861164,0.3358174956012749,-1.2410581378230312
HRV,2002,lnorm,corr,d,0.33024575601542905,0.433,0.2820050391521283,0.33497520109280005,-0.243399838522084
HRV,2003,perm,orig,mawd,0.2683122065595947,0.202,0.23833215322831927,0.3018973244488308,-0.8611855858463514
HRV,2003,perm,orig,d,0.33496602924155067,0.656,0.26837447836620637,0.31960469575856637,0.2748282792052736
HRV,2003,perm,clean,mawd,0.2369149455202433,0.241,0.20192693210010612,0.26509991006306066,-0.7067165177958774
HRV,2003,perm,clean,d,0.26744324129831143,0.12,0.2546360462331052,0.3122444625742891,-1.1140687718958944
HRV,2003,lnorm,orig,mawd,0.2683122065595947,0.069,0.26232366721061773,0.33528679000924955,-1.3170991150533782
HRV,2003,lnorm,orig,d,0.33496602924155067,0.489,0.28224955123543144,0.33609624176967395,-0.11856082602566294
HRV,2003,lnorm,clean,mawd,0.2369149455202433,0.108,0.21904217400526035,0.29537763157456665,-1.1314632212232802
HRV,2003,lnorm,clean,d,0.26744324129831143,0.054,0.26614862150294727,0.3288504932559273,-1.563579142929586
HRV,2003,perm,corr,mawd,0.2683122065595947,0.202,0.23833215322831927,0.3018973244488308,-0.8611855858463514
HRV,2003,perm,corr,d,0.33496602924155067,0.656,0.26837447836620637,0.31960469575856637,0.2748282792052736
HRV,2003,lnorm,corr,mawd,0.2683122065595947,0.069,0.26232366721061773,0.33528679000924955,-1.3170991150533782
HRV,2003,lnorm,corr,d,0.33496602924155067,0.489,0.28224955123543144,0.33609624176967395,-0.11856082602566294
HRV,2004,perm,orig,mawd,0.26145691754148165,0.194,0.23629543333103079,0.29297055833051977,-0.8949165028024284
HRV,2004,perm,orig,d,0.3352073005872638,0.824,0.2624118233766665,0.3050281658799172,0.8224421015080671
HRV,2004,perm,clean,mawd,0.2302840041277022,0.239,0.19561283372954,0.25453248962150693,-0.6851521603092631
HRV,2004,perm,clean,d,0.2650312383142167,0.189,0.24644157620475388,0.29400203062295605,-0.8826695208785705
HRV,2004,lnorm,orig,mawd,0.26145691754148165,0.079,0.2512344671810032,0.321377962786443,-1.2600572720959695
HRV,2004,lnorm,orig,d,0.3352073005872638,0.672,0.27301825723986967,0.3199706930940453,0.42469642280551373
HRV,2004,lnorm,clean,mawd,0.2302840041277022,0.119,0.2098602547120666,0.2802901756190256,-1.068057440713358
HRV,2004,lnorm,clean,d,0.2650312383142167,0.097,0.2553369303288341,0.3104361329721609,-1.2730211048211466
HRV,2004,perm,corr,mawd,0.26145691754148165,0.194,0.23629543333103079,0.29297055833051977,-0.8949165028024284
HRV,2004,perm,corr,d,0.3352073005872638,0.824,0.2624118233766665,0.3050281658799172,0.8224421015080671
HRV,2004,lnorm,corr,mawd,0.26145691754148165,0.079,0.2512344671810032,0.321377962786443,-1.2600572720959695
HRV,2004,lnorm,corr,d,0.3352073005872638,0.672,0.27301825723986967,0.3199706930940453,0.42469642280551373
HRV,2005,perm,orig,mawd,0.2608078204507873,0.124,0.2414349065151903,0.30744737622300855,-1.0670292180683414
HRV,2005,perm,orig,d,0.34032158966882164,0.679,0.27273510027755876,0.3228635794652249,0.3283155200797421
HRV,2005,perm,clean,mawd,0.2435011940906994,0.205,0.21304594130383644,0.27935414039110773,-0.8127652198803653
HRV,2005,perm,clean,d,0.278144910700384,0.146,0.26065257416749554,0.31679134506554163,-0.9782983546225053
HRV,2005,lnorm,orig,mawd,0.2608078204507873,0.058,0.25837956815706015,0.3350980884037512,-1.4160643761647351
HRV,2005,lnorm,orig,d,0.34032158966882164,0.509,0.28637465116994026,0.3394976817924963,-0.06095006557603888
HRV,2005,lnorm,clean,mawd,0.2435011940906994,0.091,0.22695797998583989,0.30452524870876124,-1.183180429285483
HRV,2005,lnorm,clean,d,0.278144910700384,0.067,0.2693933537256237,0.3326894802714968,-1.4120327334738463
HRV,2005,perm,corr,mawd,0.2608078204507873,0.124,0.2414349065151903,0.30744737622300855,-1.0670292180683414
HRV,2005,perm,corr,d,0.34032158966882164,0.679,0.27273510027755876,0.3228635794652249,0.3283155200797421
HRV,2005,lnorm,corr,mawd,0.2608078204507873,0.058,0.25837956815706015,0.3350980884037512,-1.4160643761647351
HRV,2005,lnorm,corr,d,0.34032158966882164,0.509,0.28637465116994026,0.3394976817924963,-0.06095006557603888
HRV,2006,perm,orig,mawd,0.2598279258642677,0.179,0.23497975786356265,0.294943266544465,-0.9519498648941274
HRV,2006,perm,orig,d,0.3312586284620813,0.647,0.26910389270346363,0.31761130858332187,0.28782995262288574
HRV,2006,perm,clean,mawd,0.24985975221365556,0.31,0.20586979421179324,0.26897145117236243,-0.5173585510436014
HRV,2006,perm,clean,d,0.2802113947782084,0.208,0.255960982339822,0.31051513148475657,-0.8653606298452483
HRV,2006,lnorm,orig,mawd,0.2598279258642677,0.081,0.2503888773371592,0.3234900699884713,-1.276827336226038
HRV,2006,lnorm,orig,d,0.3312586284620813,0.489,0.2802220885064025,0.3323699388207049,-0.07403378045762217
HRV,2006,lnorm,clean,mawd,0.24985975221365556,0.156,0.22266205575884154,0.2966991776159355,-0.948737088944216
HRV,2006,lnorm,clean,d,0.2802113947782084,0.106,0.2668864527712558,0.3242720026024313,-1.24595802128172
HRV,2006,perm,corr,mawd,0.2598279258642677,0.179,0.23497975786356265,0.294943266544465,-0.9519498648941274
HRV,2006,perm,corr,d,0.3312586284620813,0.647,0.26910389270346363,0.31761130858332187,0.28782995262288574
HRV,2006,lnorm,corr,mawd,0.2598279258642677,0.081,0.2503888773371592,0.3234900699884713,-1.276827336226038
HRV,2006,lnorm,corr,d,0.3312586284620813,0.489,0.2802220885064025,0.3323699388207049,-0.07403378045762217
HRV,2007,perm,orig,mawd,0.2590219948388989,0.213,0.2296345196665733,0.28955753147127905,-0.8343102301912059
HRV,2007,perm,orig,d,0.3280895202935142,0.638,0.26773749963526655,0.3151386640138649,0.27837112393371943
HRV,2007,perm,clean,mawd,0.2537655743407073,0.174,0.22978758061666257,0.28959063707365773,-0.964182763520096
HRV,2007,perm,clean,d,0.2832680998703214,0.184,0.2629840173332777,0.31319165067216526,-0.9108299882947994
HRV,2007,lnorm,orig,mawd,0.2590219948388989,0.094,0.24584879803172807,0.31900977639093386,-1.2141809746926138
HRV,2007,lnorm,orig,d,0.3280895202935142,0.494,0.27781623415111395,0.32871138795202365,-0.08247427455467553
HRV,2007,lnorm,clean,mawd,0.2537655743407073,0.081,0.2446012470007993,0.31845736994880003,-1.292031941468645
HRV,2007,lnorm,clean,d,0.2832680998703214,0.085,0.27235840893979035,0.32668834551278253,-1.3210637373922296
HRV,2007,perm,corr,mawd,0.2590219948388989,0.213,0.2296345196665733,0.28955753147127905,-0.8343102301912059
HRV,2007,perm,corr,d,0.3280895202935142,0.638,0.26773749963526655,0.3151386640138649,0.27837112393371943
HRV,2007,lnorm,corr,mawd,0.2590219948388989,0.094,0.24584879803172807,0.31900977639093386,-1.2141809746926138
HRV,2007,lnorm,corr,d,0.3280895202935142,0.494,0.27781623415111395,0.32871138795202365,-0.08247427455467553
HRV,2008,perm,orig,mawd,0.26294393938726246,0.216,0.23464015111498787,0.29272355201213973,-0.8297608082975774
HRV,2008,perm,orig,d,0.33671586709386286,0.676,0.27161772501178283,0.32103453531478565,0.40796595807888725
HRV,2008,perm,clean,mawd,0.2599905681969896,0.363,0.21716875274877517,0.27264754306495265,-0.3667008241978427
HRV,2008,perm,clean,d,0.3067146832396002,0.424,0.26317792186376054,0.3152305851047951,-0.2888850024412322
HRV,2008,lnorm,orig,mawd,0.26294393938726246,0.085,0.2510225599380026,0.326568684337347,-1.2418213835557872
HRV,2008,lnorm,orig,d,0.33671586709386286,0.533,0.28545245352858406,0.33420299336801723,0.0595363101203556
HRV,2008,lnorm,clean,mawd,0.2599905681969896,0.175,0.22599730788020567,0.30390061084027925,-0.8984700462594579
HRV,2008,lnorm,clean,d,0.3067146832396002,0.271,0.2740112041136833,0.32854067107689333,-0.6503679234193794
HRV,2008,perm,corr,mawd,0.26294393938726246,0.216,0.23464015111498787,0.29272355201213973,-0.8297608082975774
HRV,2008,perm,corr,d,0.33671586709386286,0.676,0.27161772501178283,0.32103453531478565,0.40796595807888725
HRV,2008,lnorm,corr,mawd,0.26294393938726246,0.085,0.2510225599380026,0.326568684337347,-1.2418213835557872
HRV,2008,lnorm,corr,d,0.33671586709386286,0.533,0.28545245352858406,0.33420299336801723,0.0595363101203556
HRV,2009,perm,orig,mawd,0.2668038355787036,0.333,0.22311659300177936,0.2853265647828898,-0.469929503553799
HRV,2009,perm,orig,d,0.3318167282302217,0.616,0.26313652775016577,0.31959471075015966,0.2247410122347837
HRV,2009,perm,clean,mawd,0.2596654492648245,0.473,0.20234785662210023,0.26266743264774384,-0.12118277474791389
HRV,2009,perm,clean,d,0.3105933926829275,0.462,0.2541532455376454,0.31492648384039407,-0.18931007113117893
HRV,2009,lnorm,orig,mawd,0.2668038355787036,0.093,0.2540235377687939,0.3298566471149609,-1.2125490275454798
HRV,2009,lnorm,orig,d,0.3318167282302217,0.463,0.2820591254740121,0.3345447275432314,-0.1301725926418542
HRV,2009,lnorm,clean,mawd,0.2596654492648245,0.181,0.22782226649815474,0.3039603489606779,-0.8816947402409906
HRV,2009,lnorm,clean,d,0.3105933926829275,0.295,0.2740300341451313,0.33039712059149723,-0.5682479228036036
HRV,2009,perm,corr,mawd,0.2668038355787036,0.333,0.22311659300177936,0.2853265647828898,-0.469929503553799
HRV,2009,perm,corr,d,0.3318167282302217,0.616,0.26313652775016577,0.31959471075015966,0.2247410122347837
HRV,2009,lnorm,corr,mawd,0.2668038355787036,0.093,0.2540235377687939,0.3298566471149609,-1.2125490275454798
HRV,2009,lnorm,corr,d,0.3318167282302217,0.463,0.2820591254740121,0.3345447275432314,-0.1301725926418542
HRV,2010,perm,orig,mawd,0.2585890466590477,0.161,0.23354733383355197,0.2940160179222183,-0.9473631519470646
HRV,2010,perm,orig,d,0.327042810516611,0.499,0.274094602892577,0.32732436165516976,-0.08716264538587438
HRV,2010,perm,clean,mawd,0.25310991844897374,0.267,0.2172905429507174,0.27716151523014815,-0.6489655046945221
HRV,2010,perm,clean,d,0.2967068904207009,0.242,0.2659999015516893,0.3235969811223115,-0.739415411736924
HRV,2010,lnorm,orig,mawd,0.2585890466590477,0.047,0.25962731644514475,0.33839893822573475,-1.4741098051761206
HRV,2010,lnorm,orig,d,0.327042810516611,0.363,0.287879853223902,0.33891042451263975,-0.404513643992528
HRV,2010,lnorm,clean,mawd,0.25310991844897374,0.096,0.23657980668618614,0.3169209133694329,-1.17370439204151
HRV,2010,lnorm,clean,d,0.2967068904207009,0.147,0.27737103889670006,0.33488764929540144,-1.0601125757554382
HRV,2010,perm,corr,mawd,0.2585890466590477,0.161,0.23354733383355197,0.2940160179222183,-0.9473631519470646
HRV,2010,perm,corr,d,0.327042810516611,0.499,0.274094602892577,0.32732436165516976,-0.08716264538587438
HRV,2010,lnorm,corr,mawd,0.2585890466590477,0.047,0.25962731644514475,0.33839893822573475,-1.4741098051761206
HRV,2010,lnorm,corr,d,0.327042810516611,0.363,0.287879853223902,0.33891042451263975,-0.404513643992528
HRV,2011,perm,orig,mawd,0.2384759194687152,0.118,0.22527679058732933,0.285831435837434,-1.251779048378599
HRV,2011,perm,orig,d,0.30794096673158294,0.351,0.2689850890459991,0.3222713163984263,-0.43425380682909137
HRV,2011,perm,clean,mawd,0.23336274143809646,0.089,0.22459062009787797,0.2865097681505914,-1.3741515549296623
HRV,2011,perm,clean,d,0.28777728898810395,0.166,0.2678421902759952,0.32420831432420827,-0.9910377517296999
HRV,2011,lnorm,orig,mawd,0.2384759194687152,0.043,0.240838153343109,0.3173917279411824,-1.5317613233642011
HRV,2011,lnorm,orig,d,0.30794096673158294,0.238,0.27904470867738745,0.3311645087368093,-0.7477973919101099
HRV,2011,lnorm,clean,mawd,0.23336274143809646,0.036,0.23975245059526992,0.3166743361211931,-1.5967857955241544
HRV,2011,lnorm,clean,d,0.28777728898810395,0.087,0.28012437648712873,0.33228273730682917,-1.3193629714242139
HRV,2011,perm,corr,mawd,0.2384759194687152,0.118,0.22527679058732933,0.285831435837434,-1.251779048378599
HRV,2011,perm,corr,d,0.30794096673158294,0.351,0.2689850890459991,0.3222713163984263,-0.43425380682909137
HRV,2011,lnorm,corr,mawd,0.2384759194687152,0.043,0.240838153343109,0.3173917279411824,-1.5317613233642011
HRV,2011,lnorm,corr,d,0.30794096673158294,0.238,0.27904470867738745,0.3311645087368093,-0.7477973919101099
HRV,2012,perm,orig,mawd,0.2581115503573504,0.228,0.22387504588719873,0.28614248799648073,-0.745097186900835
HRV,2012,perm,orig,d,0.314100033283074,0.404,0.26937345461652296,0.3227924786400491,-0.30302558108865313
HRV,2012,perm,clean,mawd,0.25677471660752826,0.26,0.2178247929622444,0.2806686891562516,-0.6450076870741515
HRV,2012,perm,clean,d,0.30160260949849094,0.32,0.2650547289705755,0.32043156647883086,-0.5542258281222421
HRV,2012,lnorm,orig,mawd,0.2581115503573504,0.081,0.2488565284038144,0.327369751577939,-1.292742651734171
HRV,2012,lnorm,orig,d,0.314100033283074,0.241,0.28558018636325083,0.3378124987740747,-0.7504333602092215
HRV,2012,lnorm,clean,mawd,0.25677471660752826,0.094,0.241147787162928,0.3222015339163619,-1.1898509339480152
HRV,2012,lnorm,clean,d,0.30160260949849094,0.164,0.27871076584367555,0.33650893372302915,-0.9831383474658192
HRV,2012,perm,corr,mawd,0.2581115503573504,0.228,0.22387504588719873,0.28614248799648073,-0.745097186900835
HRV,2012,perm,corr,d,0.314100033283074,0.404,0.26937345461652296,0.3227924786400491,-0.30302558108865313
HRV,2012,lnorm,corr,mawd,0.2581115503573504,0.081,0.2488565284038144,0.327369751577939,-1.292742651734171
HRV,2012,lnorm,corr,d,0.314100033283074,0.241,0.28558018636325083,0.3378124987740747,-0.7504333602092215
HRV,2013,perm,orig,mawd,0.25030069632179297,0.139,0.22930218421621007,0.2916736491673919,-1.0583061105236449
HRV,2013,perm,orig,d,0.30067291419794384,0.276,0.2716331987433357,0.3204676211380947,-0.65357859323917
HRV,2013,perm,clean,mawd,0.25340891962959494,0.181,0.22659857438269232,0.28865380308648264,-0.9031314085424281
HRV,2013,perm,clean,d,0.28007299285523324,0.114,0.2663628320603264,0.318569554926852,-1.1373193715059682
HRV,2013,lnorm,orig,mawd,0.25030069632179297,0.089,0.23978444239018856,0.3137207421084651,-1.262635688207973
HRV,2013,lnorm,orig,d,0.30067291419794384,0.19,0.27889769391518204,0.32816237783138014,-0.8861844034536831
HRV,2013,lnorm,clean,mawd,0.25340891962959494,0.114,0.23602148562698974,0.3116673808097443,-1.1278632003376805
HRV,2013,lnorm,clean,d,0.28007299285523324,0.09,0.2706003276916954,0.32749825712971353,-1.3512732749179435
HRV,2013,perm,corr,mawd,0.25030069632179297,0.139,0.22930218421621007,0.2916736491673919,-1.0583061105236449
HRV,2013,perm,corr,d,0.30067291419794384,0.276,0.2716331987433357,0.3204676211380947,-0.65357859323917
HRV,2013,lnorm,corr,mawd,0.25030069632179297,0.089,0.23978444239018856,0.3137207421084651,-1.262635688207973
HRV,2013,lnorm,corr,d,0.30067291419794384,0.19,0.27889769391518204,0.32816237783138014,-0.8861844034536831
HRV,2014,perm,orig,mawd,0.2556231175128544,0.143,0.23448029476504226,0.29734988898293613,-1.06864223068623
HRV,2014,perm,orig,d,0.31000023460942344,0.341,0.2736667343784161,0.32461115670293295,-0.4839545903873671
HRV,2014,perm,clean,mawd,0.2569232401161429,0.17,0.2331056840914789,0.2946934279116477,-0.9652592233058385
HRV,2014,perm,clean,d,0.28723221929937254,0.135,0.26941961462882363,0.3231983982195552,-1.0461409472386811
HRV,2014,lnorm,orig,mawd,0.2556231175128544,0.083,0.2439431841609181,0.3200172213502217,-1.261904940385557
HRV,2014,lnorm,orig,d,0.31000023460942344,0.257,0.28169200958509394,0.33190059585107257,-0.6984268960403904
HRV,2014,lnorm,clean,mawd,0.2569232401161429,0.104,0.24179011734436454,0.3184431784268219,-1.1588592261443535
HRV,2014,lnorm,clean,d,0.28723221929937254,0.109,0.2736410327821302,0.33130030707012326,-1.2428637353032155
HRV,2014,perm,corr,mawd,0.2556231175128544,0.143,0.23448029476504226,0.29734988898293613,-1.06864223068623
HRV,2014,perm,corr,d,0.31000023460942344,0.341,0.2736667343784161,0.32461115670293295,-0.4839545903873671
HRV,2014,lnorm,corr,mawd,0.2556231175128544,0.083,0.2439431841609181,0.3200172213502217,-1.261904940385557
HRV,2014,lnorm,corr,d,0.31000023460942344,0.257,0.28169200958509394,0.33190059585107257,-0.6984268960403904
HUN,2000,perm,orig,mawd,0.20586685937073157,0.172,0.18960573460776842,0.22922118308430955,-0.9557687708850617
HUN,2000,perm,orig,d,0.2371267042241728,0.064,0.23348164071118208,0.2683705828886789,-1.4784501525211298
HUN,2000,perm,clean,mawd,0.2092558069904983,0.195,0.19101712095534296,0.23177609356446038,-0.873721205744018
HUN,2000,perm,clean,d,0.2350425385302969,0.052,0.23500185324838618,0.27011683380577356,-1.632271303667517
HUN,2000,lnorm,orig,mawd,0.20586685937073157,0.06,0.20362180018771794,0.25483948186861255,-1.4268887077775017
HUN,2000,lnorm,orig,d,0.2371267042241728,0.018,0.24966433614524555,0.29173977986696364,-2.1289768918264116
HUN,2000,lnorm,clean,mawd,0.2092558069904983,0.072,0.2023667447159852,0.25690676503147336,-1.339845589703929
HUN,2000,lnorm,clean,d,0.2350425385302969,0.016,0.25025712953851503,0.29288568640522855,-2.2652108626238587
HUN,2000,perm,corr,mawd,0.20586685937073157,0.172,0.18960573460776842,0.22922118308430955,-0.9557687708850617
HUN,2000,perm,corr,d,0.2371267042241728,0.064,0.23348164071118208,0.2683705828886789,-1.4784501525211298
HUN,2000,lnorm,corr,mawd,0.20586685937073157,0.06,0.20362180018771794,0.25483948186861255,-1.4268887077775017
HUN,2000,lnorm,corr,d,0.2371267042241728,0.018,0.24966433614524555,0.29173977986696364,-2.1289768918264116
HUN,2001,perm,orig,mawd,0.20604131282376542,0.19,0.18648390243283083,0.22984548111653957,-0.8991795323077963
HUN,2001,perm,orig,d,0.2415220410989332,0.115,0.23299278732865736,0.26702649819525515,-1.1891024827107257
HUN,2001,perm,clean,mawd,0.2080882315847768,0.184,0.18760184866485086,0.2319064821444221,-0.8684411302741811
HUN,2001,perm,clean,d,0.2427497253161951,0.11,0.23359252611289763,0.2693890405770662,-1.2149223368924897
HUN,2001,lnorm,orig,mawd,0.20604131282376542,0.068,0.20010609858768272,0.2511250515829457,-1.3241092553049962
HUN,2001,lnorm,orig,d,0.2415220410989332,0.038,0.24678491408884842,0.2892573246111466,-1.7971958510086883
HUN,2001,lnorm,clean,mawd,0.2080882315847768,0.077,0.19893722993206747,0.25345852994981277,-1.2789993085484308
HUN,2001,lnorm,clean,d,0.2427497253161951,0.041,0.24584264449570178,0.2902226997133268,-1.810465651829674
HUN,2001,perm,corr,mawd,0.20604131282376542,0.19,0.18648390243283083,0.22984548111653957,-0.8991795323077963
HUN,2001,perm,corr,d,0.2415220410989332,0.115,0.23299278732865736,0.26702649819525515,-1.1891024827107257
HUN,2001,lnorm,corr,mawd,0.20604131282376542,0.068,0.20010609858768272,0.2511250515829457,-1.3241092553049962
HUN,2001,lnorm,corr,d,0.2415220410989332,0.038,0.24678491408884842,0.2892573246111466,-1.7971958510086883
HUN,2002,perm,orig,mawd,0.21849260643735627,0.294,0.18882100323232784,0.2338728611756839,-0.5619093370162059
HUN,2002,perm,orig,d,0.2536252910202837,0.203,0.2364045324198152,0.27124147104193763,-0.8091205304423804
HUN,2002,perm,clean,mawd,0.218726510079385,0.285,0.1897151934135545,0.23522022242833185,-0.5885563151831885
HUN,2002,perm,clean,d,0.2517748371472492,0.162,0.23604789801429005,0.27272147541250413,-0.9341701120156746
HUN,2002,lnorm,orig,mawd,0.21849260643735627,0.116,0.2010643851814903,0.2569347558833028,-1.0901652012928402
HUN,2002,lnorm,orig,d,0.2536252910202837,0.068,0.25085368914870165,0.2952822099197207,-1.439661849186975
HUN,2002,lnorm,clean,mawd,0.218726510079385,0.117,0.2017908539982445,0.25874552193111244,-1.1012980794136868
HUN,2002,lnorm,clean,d,0.2517748371472492,0.061,0.24971808364708875,0.29599716580258706,-1.556958589394917
HUN,2002,perm,corr,mawd,0.21849260643735627,0.294,0.18882100323232784,0.2338728611756839,-0.5619093370162059
HUN,2002,perm,corr,d,0.2536252910202837,0.203,0.2364045324198152,0.27124147104193763,-0.8091205304423804
HUN,2002,lnorm,corr,mawd,0.21849260643735627,0.116,0.2010643851814903,0.2569347558833028,-1.0901652012928402
HUN,2002,lnorm,corr,d,0.2536252910202837,0.068,0.25085368914870165,0.2952822099197207,-1.439661849186975
HUN,2003,perm,orig,mawd,0.21100003514651694,0.13,0.19740349459705783,0.24784838498161949,-1.151180753862802
HUN,2003,perm,orig,d,0.26198079135017804,0.2,0.24278193262519882,0.28244056758084857,-0.8458926755327594
HUN,2003,perm,clean,mawd,0.21181647730791592,0.129,0.19729370220791848,0.24988021974575456,-1.1421178345705891
HUN,2003,perm,clean,d,0.25874262226100225,0.161,0.24039401138776784,0.28353915834116816,-0.9674551387530096
HUN,2003,lnorm,orig,mawd,0.21100003514651694,0.059,0.20832664944065526,0.2691235818837673,-1.462487210803896
HUN,2003,lnorm,orig,d,0.26198079135017804,0.079,0.2572290804405404,0.30439269608004005,-1.3927874243041496
HUN,2003,lnorm,clean,mawd,0.21181647730791592,0.056,0.20869096223110373,0.27057785447811133,-1.4432926955270786
HUN,2003,lnorm,clean,d,0.25874262226100225,0.064,0.2539669972279448,0.3047860559814122,-1.5036665760644776
HUN,2003,perm,corr,mawd,0.21100003514651694,0.13,0.19740349459705783,0.24784838498161949,-1.151180753862802
HUN,2003,perm,corr,d,0.26198079135017804,0.2,0.24278193262519882,0.28244056758084857,-0.8458926755327594
HUN,2003,lnorm,corr,mawd,0.21100003514651694,0.059,0.20832664944065526,0.2691235818837673,-1.462487210803896
HUN,2003,lnorm,corr,d,0.26198079135017804,0.079,0.2572290804405404,0.30439269608004005,-1.3927874243041496
HUN,2004,perm,orig,mawd,0.1989671737753043,0.092,0.19046400524345528,0.24003385938731575,-1.321426615022998
HUN,2004,perm,orig,d,0.23986297449249974,0.076,0.23482674234300804,0.2746049579568396,-1.3833531584397323
HUN,2004,perm,clean,mawd,0.19775980743145566,0.081,0.19011244962431587,0.24183615385719076,-1.3751603634634986
HUN,2004,perm,clean,d,0.2382929143611079,0.069,0.23500972405266532,0.27656287781708555,-1.4646557948770238
HUN,2004,lnorm,orig,mawd,0.1989671737753043,0.027,0.20722404477802472,0.2680338093426007,-1.7113691392684303
HUN,2004,lnorm,orig,d,0.23986297449249974,0.023,0.25455499733463155,0.30217889536898923,-2.0683957979129417
HUN,2004,lnorm,clean,mawd,0.19775980743145566,0.027,0.20882387221375556,0.27000857949988855,-1.7385224526319498
HUN,2004,lnorm,clean,d,0.2382929143611079,0.019,0.25422294304166754,0.3037196830043267,-2.1638360403418213
HUN,2004,perm,corr,mawd,0.1989671737753043,0.092,0.19046400524345528,0.24003385938731575,-1.321426615022998
HUN,2004,perm,corr,d,0.23986297449249974,0.076,0.23482674234300804,0.2746049579568396,-1.3833531584397323
HUN,2004,lnorm,corr,mawd,0.1989671737753043,0.027,0.20722404477802472,0.2680338093426007,-1.7113691392684303
HUN,2004,lnorm,corr,d,0.23986297449249974,0.023,0.25455499733463155,0.30217889536898923,-2.0683957979129417
HUN,2005,perm,orig,mawd,0.20378891526951856,0.1,0.19357423318319994,0.2449251478863524,-1.2889881212194998
HUN,2005,perm,orig,d,0.25768024036265735,0.134,0.24539631381827284,0.28727974870128004,-1.099762385781516
HUN,2005,perm,clean,mawd,0.20372747862835144,0.091,0.19457882872016488,0.24688760556766215,-1.3137021534286655
HUN,2005,perm,clean,d,0.25333287637575197,0.094,0.24627125184305862,0.2889074182918603,-1.2787632833091993
HUN,2005,lnorm,orig,mawd,0.20378891526951856,0.035,0.21145027194355254,0.2745655488807581,-1.673604038181045
HUN,2005,lnorm,orig,d,0.25768024036265735,0.04,0.2646256114748205,0.3143991022182583,-1.7583246907225671
HUN,2005,lnorm,clean,mawd,0.20372747862835144,0.032,0.21351844825556462,0.27619399970337527,-1.6784630736436412
HUN,2005,lnorm,clean,d,0.25333287637575197,0.03,0.2640756186974169,0.3158088911179619,-1.9352704665720362
HUN,2005,perm,corr,mawd,0.20378891526951856,0.1,0.19357423318319994,0.2449251478863524,-1.2889881212194998
HUN,2005,perm,corr,d,0.25768024036265735,0.134,0.24539631381827284,0.28727974870128004,-1.099762385781516
HUN,2005,lnorm,corr,mawd,0.20378891526951856,0.035,0.21145027194355254,0.2745655488807581,-1.673604038181045
HUN,2005,lnorm,corr,d,0.25768024036265735,0.04,0.2646256114748205,0.3143991022182583,-1.7583246907225671
HUN,2006,perm,orig,mawd,0.20985648389894798,0.108,0.1979950977019797,0.24970823682340285,-1.2389487143969156
HUN,2006,perm,orig,d,0.2726617761545683,0.162,0.25565070623103264,0.3003708016231379,-0.9691058553964904
HUN,2006,perm,clean,mawd,0.21093113132575997,0.106,0.19745845314496105,0.25072208609402574,-1.2247422191326534
HUN,2006,perm,clean,d,0.269171717196769,0.133,0.25550909638971303,0.3005224613826537,-1.0632291623655152
HUN,2006,lnorm,orig,mawd,0.20985648389894798,0.041,0.21360993887580568,0.27587353327572506,-1.5590119978696744
HUN,2006,lnorm,orig,d,0.2726617761545683,0.056,0.26964852536599143,0.32494076562486246,-1.5245222520349955
HUN,2006,lnorm,clean,mawd,0.21093113132575997,0.042,0.21556388942451582,0.27720427262610237,-1.5304850263235146
HUN,2006,lnorm,clean,d,0.269171717196769,0.055,0.2672688609957954,0.325958466404908,-1.6197309395457664
HUN,2006,perm,corr,mawd,0.20985648389894798,0.108,0.1979950977019797,0.24970823682340285,-1.2389487143969156
HUN,2006,perm,corr,d,0.2726617761545683,0.162,0.25565070623103264,0.3003708016231379,-0.9691058553964904
HUN,2006,lnorm,corr,mawd,0.20985648389894798,0.041,0.21360993887580568,0.27587353327572506,-1.5590119978696744
HUN,2006,lnorm,corr,d,0.2726617761545683,0.056,0.26964852536599143,0.32494076562486246,-1.5245222520349955
HUN,2007,perm,orig,mawd,0.20142158500770163,0.062,0.19983183201601748,0.25064684812325166,-1.5498140371034816
HUN,2007,perm,orig,d,0.2548981015870071,0.068,0.2509126146309608,0.29405890362195103,-1.4149079805368419
HUN,2007,perm,clean,mawd,0.20326467306039778,0.069,0.19966342240083265,0.2500289012746722,-1.4980627660382955
HUN,2007,perm,clean,d,0.2474306858389412,0.037,0.25014034425625226,0.29366407979881887,-1.6310376759049627
HUN,2007,lnorm,orig,mawd,0.20142158500770163,0.025,0.21264727207388562,0.27453756775741767,-1.7619360631024805
HUN,2007,lnorm,orig,d,0.2548981015870071,0.028,0.26596741639292965,0.3169286902431844,-1.8966919517684495
HUN,2007,lnorm,clean,mawd,0.20326467306039778,0.028,0.213217888350121,0.274639461431494,-1.7041977378877013
HUN,2007,lnorm,clean,d,0.2474306858389412,0.019,0.26279882136026345,0.3173194307268263,-2.1015196380346644
HUN,2007,perm,corr,mawd,0.20142158500770163,0.062,0.19983183201601748,0.25064684812325166,-1.5498140371034816
HUN,2007,perm,corr,d,0.2548981015870071,0.068,0.2509126146309608,0.29405890362195103,-1.4149079805368419
HUN,2007,lnorm,corr,mawd,0.20142158500770163,0.025,0.21264727207388562,0.27453756775741767,-1.7619360631024805
HUN,2007,lnorm,corr,d,0.2548981015870071,0.028,0.26596741639292965,0.3169286902431844,-1.8966919517684495
HUN,2008,perm,orig,mawd,0.18311998841482946,0.019,0.19264569628228778,0.24130841034903974,-1.8688563304798618
HUN,2008,perm,orig,d,0.23294269295657513,0.017,0.2492515880322165,0.2888267763384851,-2.067535977606299
HUN,2008,perm,clean,mawd,0.18373306617319166,0.02,0.19318122518066255,0.2414752923048225,-1.841099019763454
HUN,2008,perm,clean,d,0.22777509402881058,0.012,0.24650428623212287,0.28893522175195785,-2.2129950689455966
HUN,2008,lnorm,orig,mawd,0.18311998841482946,0.006,0.20741402485956714,0.2662788968373112,-2.09157403336121
HUN,2008,lnorm,orig,d,0.23294269295657513,0.006,0.26116439758972154,0.31237519680481224,-2.507508801737757
HUN,2008,lnorm,clean,mawd,0.18373306617319166,0.008,0.20711267394049035,0.2663787064412555,-2.0614076665346914
HUN,2008,lnorm,clean,d,0.22777509402881058,0.007,0.2611388176001607,0.3134151305728079,-2.6581024291582906
HUN,2008,perm,corr,mawd,0.18311998841482946,0.019,0.19264569628228778,0.24130841034903974,-1.8688563304798618
HUN,2008,perm,corr,d,0.23294269295657513,0.017,0.2492515880322165,0.2888267763384851,-2.067535977606299
HUN,2008,lnorm,corr,mawd,0.18311998841482946,0.006,0.20741402485956714,0.2662788968373112,-2.09157403336121
HUN,2008,lnorm,corr,d,0.23294269295657513,0.006,0.26116439758972154,0.31237519680481224,-2.507508801737757
HUN,2009,perm,orig,mawd,0.19891816292668033,0.08,0.1924547793557008,0.23841462589148926,-1.3457235238268421
HUN,2009,perm,orig,d,0.24707719763547228,0.071,0.24354842711145855,0.28668507665878296,-1.3779944882809008
HUN,2009,perm,clean,mawd,0.2004547119411541,0.091,0.19247045470235885,0.24054910894597928,-1.3199482046641884
HUN,2009,perm,clean,d,0.2503037118249425,0.099,0.24136786106506739,0.28624258216163434,-1.2499588093387037
HUN,2009,lnorm,orig,mawd,0.19891816292668033,0.021,0.209478603458009,0.26845140865224704,-1.783619413097929
HUN,2009,lnorm,orig,d,0.24707719763547228,0.023,0.26071993716775593,0.31524489701330727,-2.0149770222506374
HUN,2009,lnorm,clean,mawd,0.2004547119411541,0.024,0.21010294494455425,0.27203367499723263,-1.7268628859073627
HUN,2009,lnorm,clean,d,0.2503037118249425,0.03,0.260641515295474,0.315255243605689,-1.9127112656532015
HUN,2009,perm,corr,mawd,0.19891816292668033,0.08,0.1924547793557008,0.23841462589148926,-1.3457235238268421
HUN,2009,perm,corr,d,0.24707719763547228,0.071,0.24354842711145855,0.28668507665878296,-1.3779944882809008
HUN,2009,lnorm,corr,mawd,0.19891816292668033,0.021,0.209478603458009,0.26845140865224704,-1.783619413097929
HUN,2009,lnorm,corr,d,0.24707719763547228,0.023,0.26071993716775593,0.31524489701330727,-2.0149770222506374
HUN,2010,perm,orig,mawd,0.20822522208066843,0.086,0.19989215696374096,0.25096878040991843,-1.3452134594085157
HUN,2010,perm,orig,d,0.26658632951826566,0.11,0.2564486439394818,0.30084594358668404,-1.1809492095011842
HUN,2010,perm,clean,mawd,0.21152909974897968,0.106,0.19939338575284976,0.25338923846523037,-1.2524232664527766
HUN,2010,perm,clean,d,0.2723165107583575,0.163,0.25485028016749667,0.30155599307661707,-0.9928117799897417
HUN,2010,lnorm,orig,mawd,0.20822522208066843,0.041,0.2115969371599015,0.27170122185663703,-1.5689870354869146
HUN,2010,lnorm,orig,d,0.26658632951826566,0.052,0.26612448174103465,0.3212929876788661,-1.6049459243195947
HUN,2010,lnorm,clean,mawd,0.21152909974897968,0.05,0.2124963763057545,0.2740391565870973,-1.4797323145945178
HUN,2010,lnorm,clean,d,0.2723165107583575,0.077,0.26551518933657603,0.3216874539660045,-1.4333859549944044
HUN,2010,perm,corr,mawd,0.20822522208066843,0.086,0.19989215696374096,0.25096878040991843,-1.3452134594085157
HUN,2010,perm,corr,d,0.26658632951826566,0.11,0.2564486439394818,0.30084594358668404,-1.1809492095011842
HUN,2010,lnorm,corr,mawd,0.20822522208066843,0.041,0.2115969371599015,0.27170122185663703,-1.5689870354869146
HUN,2010,lnorm,corr,d,0.26658632951826566,0.052,0.26612448174103465,0.3212929876788661,-1.6049459243195947
HUN,2011,perm,orig,mawd,0.19307960835413393,0.024,0.19878555262977918,0.24719064704990934,-1.7591319745538356
HUN,2011,perm,orig,d,0.2599692375798447,0.069,0.25532930182986024,0.3018727453145713,-1.4293633350171875
HUN,2011,perm,clean,mawd,0.19279118442129867,0.031,0.19673700272055675,0.24614289138727197,-1.6710592839468725
HUN,2011,perm,clean,d,0.23763784594517112,0.03,0.24460770715943117,0.2955496736219497,-1.8201337081886382
HUN,2011,lnorm,orig,mawd,0.19307960835413393,0.013,0.2138913989046957,0.27036888416855476,-1.9645064262041791
HUN,2011,lnorm,orig,d,0.2599692375798447,0.031,0.2705922038384849,0.3261044813348543,-1.9183429278585826
HUN,2011,lnorm,clean,mawd,0.19279118442129867,0.015,0.210744033584604,0.2716031915327176,-1.8799117094036137
HUN,2011,lnorm,clean,d,0.23763784594517112,0.012,0.26144782221779145,0.3193867703379315,-2.3374480764629233
HUN,2011,perm,corr,mawd,0.19307960835413393,0.024,0.19878555262977918,0.24719064704990934,-1.7591319745538356
HUN,2011,perm,corr,d,0.2599692375798447,0.069,0.25532930182986024,0.3018727453145713,-1.4293633350171875
HUN,2011,lnorm,corr,mawd,0.19307960835413393,0.013,0.2138913989046957,0.27036888416855476,-1.9645064262041791
HUN,2011,lnorm,corr,d,0.2599692375798447,0.031,0.2705922038384849,0.3261044813348543,-1.9183429278585826
HUN,2012,perm,orig,mawd,0.18878115800158582,0.017,0.2005443581674566,0.2476453533176745,-1.960196773770596
HUN,2012,perm,orig,d,0.2526082825985214,0.026,0.2589745726241535,0.30510339026031386,-1.747024137061556
HUN,2012,perm,clean,mawd,0.18925717154909538,0.019,0.19844517473956635,0.24789592268399255,-1.8643668324588676
HUN,2012,perm,clean,d,0.2304061669589348,0.014,0.24846414952675824,0.30009848000841977,-2.1558062184807634
HUN,2012,lnorm,orig,mawd,0.18878115800158582,0.003,0.21834973912777758,0.2786824938609785,-2.2163574864450895
HUN,2012,lnorm,orig,d,0.2526082825985214,0.009,0.2726301847865139,0.331528262045923,-2.317104774094816
HUN,2012,lnorm,clean,mawd,0.18925717154909538,0.006,0.21702148374592384,0.277765767733391,-2.1192563572577563
HUN,2012,lnorm,clean,d,0.2304061669589348,0.004,0.26754499421753947,0.323779942605476,-2.772773562350409
HUN,2012,perm,corr,mawd,0.18878115800158582,0.017,0.2005443581674566,0.2476453533176745,-1.960196773770596
HUN,2012,perm,corr,d,0.2526082825985214,0.026,0.2589745726241535,0.30510339026031386,-1.747024137061556
HUN,2012,lnorm,corr,mawd,0.18878115800158582,0.003,0.21834973912777758,0.2786824938609785,-2.2163574864450895
HUN,2012,lnorm,corr,d,0.2526082825985214,0.009,0.2726301847865139,0.331528262045923,-2.317104774094816
HUN,2013,perm,orig,mawd,0.1770745208488095,0.002,0.19850946640529352,0.24573582144522427,-2.275853266649323
HUN,2013,perm,orig,d,0.2245239528292725,0.006,0.2567227068899937,0.3031342708403524,-2.631199426861574
HUN,2013,perm,clean,mawd,0.1798128395638397,0.005,0.19905009128605447,0.2471138194431825,-2.171819804463139
HUN,2013,perm,clean,d,0.22947591539604584,0.007,0.25671317207349803,0.30617468945264337,-2.4889224001331858
HUN,2013,lnorm,orig,mawd,0.1770745208488095,0.003,0.21847987200864424,0.27836293593218886,-2.456198548893087
HUN,2013,lnorm,orig,d,0.2245239528292725,0.002,0.2744031747863227,0.32995742216981505,-3.1491648584394816
HUN,2013,lnorm,clean,mawd,0.1798128395638397,0.003,0.21883297102965796,0.278880844811738,-2.3380821475610856
HUN,2013,lnorm,clean,d,0.22947591539604584,0.003,0.27367005311118314,0.33102234850266415,-3.023313493995628
HUN,2013,perm,corr,mawd,0.1770745208488095,0.002,0.19850946640529352,0.24573582144522427,-2.275853266649323
HUN,2013,perm,corr,d,0.2245239528292725,0.006,0.2567227068899937,0.3031342708403524,-2.631199426861574
HUN,2013,lnorm,corr,mawd,0.1770745208488095,0.003,0.21847987200864424,0.27836293593218886,-2.456198548893087
HUN,2013,lnorm,corr,d,0.2245239528292725,0.002,0.2744031747863227,0.32995742216981505,-3.1491648584394816
HUN,2014,perm,orig,mawd,0.16707750191471832,0.001,0.19243297219950892,0.24109820813748056,-2.3860042258991303
HUN,2014,perm,orig,d,0.20685811834357895,0.0,0.24974882076778437,0.2962153457471016,-2.988731245076437
HUN,2014,perm,clean,mawd,0.16867252323710052,0.002,0.19291751868759557,0.24286804585195215,-2.3055606308917906
HUN,2014,perm,clean,d,0.21229835094266372,0.001,0.24984460226139696,0.2977120077898726,-2.8163881463487943
HUN,2014,lnorm,orig,mawd,0.16707750191471832,0.003,0.21368599812373426,0.2724721226184264,-2.5526258591679376
HUN,2014,lnorm,orig,d,0.20685811834357895,0.001,0.26980686324630765,0.32216267218881045,-3.5297159487867433
HUN,2014,lnorm,clean,mawd,0.16867252323710052,0.002,0.21382277783115772,0.27363915930443505,-2.4499355592523706
HUN,2014,lnorm,clean,d,0.21229835094266372,0.002,0.26861344884219657,0.32247238150137547,-3.371696367702857
HUN,2014,perm,corr,mawd,0.16707750191471832,0.001,0.19243297219950892,0.24109820813748056,-2.3860042258991303
HUN,2014,perm,corr,d,0.20685811834357895,0.0,0.24974882076778437,0.2962153457471016,-2.988731245076437
HUN,2014,lnorm,corr,mawd,0.16707750191471832,0.003,0.21368599812373426,0.2724721226184264,-2.5526258591679376
HUN,2014,lnorm,corr,d,0.20685811834357895,0.001,0.26980686324630765,0.32216267218881045,-3.5297159487867433
IDN,2000,perm,orig,mawd,,0.0,,,
IDN,2000,perm,orig,d,,0.0,,,
IDN,2000,perm,clean,mawd,,0.0,,,
IDN,2000,perm,clean,d,,0.0,,,
IDN,2000,lnorm,orig,mawd,,0.0,0.3585775444307987,0.5774706362262423,
IDN,2000,lnorm,orig,d,,0.0,0.6514873609482522,0.958633434143418,
IDN,2000,lnorm,clean,mawd,,0.0,0.29896597546158443,0.49381133266772037,
IDN,2000,lnorm,clean,d,,0.0,0.6709895675785962,0.9635219463709019,
IDN,2000,perm,corr,mawd,,0.0,,,
IDN,2000,perm,corr,d,,0.0,,,
IDN,2000,lnorm,corr,mawd,,0.0,0.3585775444307987,0.5774706362262423,
IDN,2000,lnorm,corr,d,,0.0,0.6514873609482522,0.958633434143418,
IDN,2001,perm,orig,mawd,,0.0,,,
IDN,2001,perm,orig,d,,0.0,,,
IDN,2001,perm,clean,mawd,,0.0,,,
IDN,2001,perm,clean,d,,0.0,,,
IDN,2001,lnorm,orig,mawd,,0.0,0.3488038785882369,0.548848720627145,
IDN,2001,lnorm,orig,d,,0.0,0.6440199647878935,0.9495900341939305,
IDN,2001,lnorm,clean,mawd,,0.0,0.30131181500194165,0.48039297439678785,
IDN,2001,lnorm,clean,d,,0.0,0.6567466568784209,0.9556569960803579,
IDN,2001,perm,corr,mawd,,0.0,,,
IDN,2001,perm,corr,d,,0.0,,,
IDN,2001,lnorm,corr,mawd,,0.0,0.3488038785882369,0.548848720627145,
IDN,2001,lnorm,corr,d,,0.0,0.6440199647878935,0.9495900341939305,
IDN,2002,perm,orig,mawd,,0.0,,,
IDN,2002,perm,orig,d,,0.0,,,
IDN,2002,perm,clean,mawd,,0.0,,,
IDN,2002,perm,clean,d,,0.0,,,
IDN,2002,lnorm,orig,mawd,,0.0,0.3505920828185892,0.5270576805585813,
IDN,2002,lnorm,orig,d,,0.0,0.6338183131905798,0.9473534561409273,
IDN,2002,lnorm,clean,mawd,,0.0,0.2996921297270406,0.48100754329491735,
IDN,2002,lnorm,clean,d,,0.0,0.6606939782809926,0.947882488596709,
IDN,2002,perm,corr,mawd,,0.0,,,
IDN,2002,perm,corr,d,,0.0,,,
IDN,2002,lnorm,corr,mawd,,0.0,0.3505920828185892,0.5270576805585813,
IDN,2002,lnorm,corr,d,,0.0,0.6338183131905798,0.9473534561409273,
IDN,2003,perm,orig,mawd,,0.0,,,
IDN,2003,perm,orig,d,,0.0,,,
IDN,2003,perm,clean,mawd,,0.0,,,
IDN,2003,perm,clean,d,,0.0,,,
IDN,2003,lnorm,orig,mawd,,0.0,0.34425315052760574,0.5100256745395892,
IDN,2003,lnorm,orig,d,,0.0,0.6299040466128505,0.9418876995406209,
IDN,2003,lnorm,clean,mawd,,0.0,0.2918366300394742,0.4731420791083514,
IDN,2003,lnorm,clean,d,,0.0,0.6602736132543522,0.9431784103566934,
IDN,2003,perm,corr,mawd,,0.0,,,
IDN,2003,perm,corr,d,,0.0,,,
IDN,2003,lnorm,corr,mawd,,0.0,0.34425315052760574,0.5100256745395892,
IDN,2003,lnorm,corr,d,,0.0,0.6299040466128505,0.9418876995406209,
IDN,2004,perm,orig,mawd,,0.0,,,
IDN,2004,perm,orig,d,,0.0,,,
IDN,2004,perm,clean,mawd,,0.0,,,
IDN,2004,perm,clean,d,,0.0,,,
IDN,2004,lnorm,orig,mawd,,0.0,0.3454403019605381,0.5127340486023967,
IDN,2004,lnorm,orig,d,,0.0,0.6227391907808885,0.9416955470170149,
IDN,2004,lnorm,clean,mawd,,0.0,0.2900974905916985,0.4662774599404166,
IDN,2004,lnorm,clean,d,,0.0,0.6561377931198835,0.9395286727063931,
IDN,2004,perm,corr,mawd,,0.0,,,
IDN,2004,perm,corr,d,,0.0,,,
IDN,2004,lnorm,corr,mawd,,0.0,0.3454403019605381,0.5127340486023967,
IDN,2004,lnorm,corr,d,,0.0,0.6227391907808885,0.9416955470170149,
IDN,2005,perm,orig,mawd,,0.0,,,
IDN,2005,perm,orig,d,,0.0,,,
IDN,2005,perm,clean,mawd,,0.0,,,
IDN,2005,perm,clean,d,,0.0,,,
IDN,2005,lnorm,orig,mawd,,0.0,0.35764980273029007,0.5433240409035857,
IDN,2005,lnorm,orig,d,,0.0,0.6371324013946021,0.9632840287688813,
IDN,2005,lnorm,clean,mawd,,0.0,0.30204069003946654,0.47677351389943406,
IDN,2005,lnorm,clean,d,,0.0,0.6632390715552259,0.9577089400335801,
IDN,2005,perm,corr,mawd,,0.0,,,
IDN,2005,perm,corr,d,,0.0,,,
IDN,2005,lnorm,corr,mawd,,0.0,0.35764980273029007,0.5433240409035857,
IDN,2005,lnorm,corr,d,,0.0,0.6371324013946021,0.9632840287688813,
IDN,2006,perm,orig,mawd,,0.0,,,
IDN,2006,perm,orig,d,,0.0,,,
IDN,2006,perm,clean,mawd,,0.0,,,
IDN,2006,perm,clean,d,,0.0,,,
IDN,2006,lnorm,orig,mawd,,0.0,0.3640181938802033,0.5449241947330498,
IDN,2006,lnorm,orig,d,,0.0,0.6533009516446576,0.97876527323426,
IDN,2006,lnorm,clean,mawd,,0.0,0.30971139945927817,0.48713808786384893,
IDN,2006,lnorm,clean,d,,0.0,0.6644723375520196,0.9709241197101408,
IDN,2006,perm,corr,mawd,,0.0,,,
IDN,2006,perm,corr,d,,0.0,,,
IDN,2006,lnorm,corr,mawd,,0.0,0.3640181938802033,0.5449241947330498,
IDN,2006,lnorm,corr,d,,0.0,0.6533009516446576,0.97876527323426,
IDN,2007,perm,orig,mawd,,0.0,,,
IDN,2007,perm,orig,d,,0.0,,,
IDN,2007,perm,clean,mawd,,0.0,,,
IDN,2007,perm,clean,d,,0.0,,,
IDN,2007,lnorm,orig,mawd,,0.0,0.3688419944254327,0.558197461872034,
IDN,2007,lnorm,orig,d,,0.0,0.6584962626254258,0.9805024229624512,
IDN,2007,lnorm,clean,mawd,,0.0,0.31533944079069154,0.5399479635027504,
IDN,2007,lnorm,clean,d,,0.0,0.679912481367912,0.968933589995038,
IDN,2007,perm,corr,mawd,,0.0,,,
IDN,2007,perm,corr,d,,0.0,,,
IDN,2007,lnorm,corr,mawd,,0.0,0.3688419944254327,0.558197461872034,
IDN,2007,lnorm,corr,d,,0.0,0.6584962626254258,0.9805024229624512,
IDN,2008,perm,orig,mawd,,0.0,,,
IDN,2008,perm,orig,d,,0.0,,,
IDN,2008,perm,clean,mawd,,0.0,,,
IDN,2008,perm,clean,d,,0.0,,,
IDN,2008,lnorm,orig,mawd,,0.0,0.37328422430114705,0.566819013818741,
IDN,2008,lnorm,orig,d,,0.0,0.6708930680603944,0.9989833918938729,
IDN,2008,lnorm,clean,mawd,,0.0,0.32234749298154114,0.5249540863338099,
IDN,2008,lnorm,clean,d,,0.0,0.684560358908175,0.9903361561600859,
IDN,2008,perm,corr,mawd,,0.0,,,
IDN,2008,perm,corr,d,,0.0,,,
IDN,2008,lnorm,corr,mawd,,0.0,0.37328422430114705,0.566819013818741,
IDN,2008,lnorm,corr,d,,0.0,0.6708930680603944,0.9989833918938729,
IDN,2009,perm,orig,mawd,,0.0,,,
IDN,2009,perm,orig,d,,0.0,,,
IDN,2009,perm,clean,mawd,,0.0,,,
IDN,2009,perm,clean,d,,0.0,,,
IDN,2009,lnorm,orig,mawd,,0.0,0.3649928622655069,0.5611458196732676,
IDN,2009,lnorm,orig,d,,0.0,0.6763139406310535,0.9956184465241192,
IDN,2009,lnorm,clean,mawd,,0.0,0.32376848254172175,0.5341563430785109,
IDN,2009,lnorm,clean,d,,0.0,0.6962534176164766,0.9857804689995282,
IDN,2009,perm,corr,mawd,,0.0,,,
IDN,2009,perm,corr,d,,0.0,,,
IDN,2009,lnorm,corr,mawd,,0.0,0.3649928622655069,0.5611458196732676,
IDN,2009,lnorm,corr,d,,0.0,0.6763139406310535,0.9956184465241192,
IDN,2010,perm,orig,mawd,,0.0,,,
IDN,2010,perm,orig,d,,0.0,,,
IDN,2010,perm,clean,mawd,,0.0,,,
IDN,2010,perm,clean,d,,0.0,,,
IDN,2010,lnorm,orig,mawd,,0.0,0.36899907404920845,0.5711844710937455,
IDN,2010,lnorm,orig,d,,0.0,0.6729355569779901,0.9932453123469739,
IDN,2010,lnorm,clean,mawd,,0.0,0.3205928002675939,0.5393024078822017,
IDN,2010,lnorm,clean,d,,0.0,0.6863064913848006,0.9868112749816766,
IDN,2010,perm,corr,mawd,,0.0,,,
IDN,2010,perm,corr,d,,0.0,,,
IDN,2010,lnorm,corr,mawd,,0.0,0.36899907404920845,0.5711844710937455,
IDN,2010,lnorm,corr,d,,0.0,0.6729355569779901,0.9932453123469739,
IDN,2011,perm,orig,mawd,,0.0,,,
IDN,2011,perm,orig,d,,0.0,,,
IDN,2011,perm,clean,mawd,,0.0,,,
IDN,2011,perm,clean,d,,0.0,,,
IDN,2011,lnorm,orig,mawd,,0.0,0.36657661946076747,0.5723700425456335,
IDN,2011,lnorm,orig,d,,0.0,0.6650156384148698,0.9851130155931971,
IDN,2011,lnorm,clean,mawd,,0.0,0.3151609258676644,0.5346575960648569,
IDN,2011,lnorm,clean,d,,0.0,0.6731086847630935,0.9776831086201194,
IDN,2011,perm,corr,mawd,,0.0,,,
IDN,2011,perm,corr,d,,0.0,,,
IDN,2011,lnorm,corr,mawd,,0.0,0.36657661946076747,0.5723700425456335,
IDN,2011,lnorm,corr,d,,0.0,0.6650156384148698,0.9851130155931971,
IDN,2012,perm,orig,mawd,,0.0,,,
IDN,2012,perm,orig,d,,0.0,,,
IDN,2012,perm,clean,mawd,,0.0,,,
IDN,2012,perm,clean,d,,0.0,,,
IDN,2012,lnorm,orig,mawd,,0.0,0.36479036927354463,0.5669793371892926,
IDN,2012,lnorm,orig,d,,0.0,0.6672257857692496,0.984758885195205,
IDN,2012,lnorm,clean,mawd,,0.0,0.3148001954505019,0.5296266250700192,
IDN,2012,lnorm,clean,d,,0.0,0.6737333242250995,0.9784714551001754,
IDN,2012,perm,corr,mawd,,0.0,,,
IDN,2012,perm,corr,d,,0.0,,,
IDN,2012,lnorm,corr,mawd,,0.0,0.36479036927354463,0.5669793371892926,
IDN,2012,lnorm,corr,d,,0.0,0.6672257857692496,0.984758885195205,
IDN,2013,perm,orig,mawd,,0.0,,,
IDN,2013,perm,orig,d,,0.0,,,
IDN,2013,perm,clean,mawd,,0.0,,,
IDN,2013,perm,clean,d,,0.0,,,
IDN,2013,lnorm,orig,mawd,,0.0,0.3625875786758318,0.5651207521480932,
IDN,2013,lnorm,orig,d,,0.0,0.66582663069094,0.9835496462878863,
IDN,2013,lnorm,clean,mawd,,0.0,0.31569409511096297,0.5287260639207797,
IDN,2013,lnorm,clean,d,,0.0,0.6784214627836469,0.9779079361753585,
IDN,2013,perm,corr,mawd,,0.0,,,
IDN,2013,perm,corr,d,,0.0,,,
IDN,2013,lnorm,corr,mawd,,0.0,0.3625875786758318,0.5651207521480932,
IDN,2013,lnorm,corr,d,,0.0,0.66582663069094,0.9835496462878863,
IDN,2014,perm,orig,mawd,,0.0,,,
IDN,2014,perm,orig,d,,0.0,,,
IDN,2014,perm,clean,mawd,,0.0,,,
IDN,2014,perm,clean,d,,0.0,,,
IDN,2014,lnorm,orig,mawd,,0.0,0.36103514562655803,0.5538551955919444,
IDN,2014,lnorm,orig,d,,0.0,0.6718982228108273,0.9884322636568688,
IDN,2014,lnorm,clean,mawd,,0.0,0.31402754502042746,0.5253694909166053,
IDN,2014,lnorm,clean,d,,0.0,0.6812612841319599,0.9810011233205491,
IDN,2014,perm,corr,mawd,,0.0,,,
IDN,2014,perm,corr,d,,0.0,,,
IDN,2014,lnorm,corr,mawd,,0.0,0.36103514562655803,0.5538551955919444,
IDN,2014,lnorm,corr,d,,0.0,0.6718982228108273,0.9884322636568688,
IND,2000,perm,orig,mawd,,0.0,,,
IND,2000,perm,orig,d,,0.0,,,
IND,2000,perm,clean,mawd,,0.0,,,
IND,2000,perm,clean,d,,0.0,,,
IND,2000,lnorm,orig,mawd,,0.0,0.407927146344497,0.6129853198424667,
IND,2000,lnorm,orig,d,,0.0,0.6853777362446613,0.9554583768595204,
IND,2000,lnorm,clean,mawd,,0.0,0.35767009963627083,0.5980119911751254,
IND,2000,lnorm,clean,d,,0.0,0.6815790719622425,0.9334302164561432,
IND,2000,perm,corr,mawd,,0.0,,,
IND,2000,perm,corr,d,,0.0,,,
IND,2000,lnorm,corr,mawd,,0.0,0.407927146344497,0.6129853198424667,
IND,2000,lnorm,corr,d,,0.0,0.6853777362446613,0.9554583768595204,
IND,2001,perm,orig,mawd,,0.0,,,
IND,2001,perm,orig,d,,0.0,,,
IND,2001,perm,clean,mawd,,0.0,,,
IND,2001,perm,clean,d,,0.0,,,
IND,2001,lnorm,orig,mawd,,0.0,0.40637541568421465,0.6181593809759427,
IND,2001,lnorm,orig,d,,0.0,0.6991198200547923,0.9672819138143235,
IND,2001,lnorm,clean,mawd,,0.0,0.35314681933736397,0.60010583634781,
IND,2001,lnorm,clean,d,,0.0,0.6849059622966118,0.9410029520270546,
IND,2001,perm,corr,mawd,,0.0,,,
IND,2001,perm,corr,d,,0.0,,,
IND,2001,lnorm,corr,mawd,,0.0,0.40637541568421465,0.6181593809759427,
IND,2001,lnorm,corr,d,,0.0,0.6991198200547923,0.9672819138143235,
IND,2002,perm,orig,mawd,,0.0,,,
IND,2002,perm,orig,d,,0.0,,,
IND,2002,perm,clean,mawd,,0.0,,,
IND,2002,perm,clean,d,,0.0,,,
IND,2002,lnorm,orig,mawd,,0.0,0.41580562057623777,0.6138148929044813,
IND,2002,lnorm,orig,d,,0.0,0.7095309345391722,0.9849122716249616,
IND,2002,lnorm,clean,mawd,,0.0,0.36178184607711705,0.5979249924184559,
IND,2002,lnorm,clean,d,,0.0,0.6969986622844934,0.9571190459968053,
IND,2002,perm,corr,mawd,,0.0,,,
IND,2002,perm,corr,d,,0.0,,,
IND,2002,lnorm,corr,mawd,,0.0,0.41580562057623777,0.6138148929044813,
IND,2002,lnorm,corr,d,,0.0,0.7095309345391722,0.9849122716249616,
IND,2003,perm,orig,mawd,,0.0,,,
IND,2003,perm,orig,d,,0.0,,,
IND,2003,perm,clean,mawd,,0.0,,,
IND,2003,perm,clean,d,,0.0,,,
IND,2003,lnorm,orig,mawd,,0.0,0.4143807770146574,0.6161666884888803,
IND,2003,lnorm,orig,d,,0.0,0.7159693500930266,0.9933526948608458,
IND,2003,lnorm,clean,mawd,,0.0,0.3571234253660442,0.5989450166062004,
IND,2003,lnorm,clean,d,,0.0,0.7019912076564423,0.9609012699200697,
IND,2003,perm,corr,mawd,,0.0,,,
IND,2003,perm,corr,d,,0.0,,,
IND,2003,lnorm,corr,mawd,,0.0,0.4143807770146574,0.6161666884888803,
IND,2003,lnorm,corr,d,,0.0,0.7159693500930266,0.9933526948608458,
IND,2004,perm,orig,mawd,,0.0,,,
IND,2004,perm,orig,d,,0.0,,,
IND,2004,perm,clean,mawd,,0.0,,,
IND,2004,perm,clean,d,,0.0,,,
IND,2004,lnorm,orig,mawd,,0.0,0.41402669624794897,0.6112921226884467,
IND,2004,lnorm,orig,d,,0.0,0.7264118587158069,1.0049468378641015,
IND,2004,lnorm,clean,mawd,,0.0,0.3588694343512416,0.5985099662185424,
IND,2004,lnorm,clean,d,,0.0,0.709725262792423,0.9753058065080604,
IND,2004,perm,corr,mawd,,0.0,,,
IND,2004,perm,corr,d,,0.0,,,
IND,2004,lnorm,corr,mawd,,0.0,0.41402669624794897,0.6112921226884467,
IND,2004,lnorm,corr,d,,0.0,0.7264118587158069,1.0049468378641015,
IND,2005,perm,orig,mawd,,0.0,,,
IND,2005,perm,orig,d,,0.0,,,
IND,2005,perm,clean,mawd,,0.0,,,
IND,2005,perm,clean,d,,0.0,,,
IND,2005,lnorm,orig,mawd,,0.0,0.4102722999533454,0.6147503831084644,
IND,2005,lnorm,orig,d,,0.0,0.7153825645866576,0.9985968192020548,
IND,2005,lnorm,clean,mawd,,0.0,0.36248233964219984,0.603050318418991,
IND,2005,lnorm,clean,d,,0.0,0.7085555912788408,0.9725888833169547,
IND,2005,perm,corr,mawd,,0.0,,,
IND,2005,perm,corr,d,,0.0,,,
IND,2005,lnorm,corr,mawd,,0.0,0.4102722999533454,0.6147503831084644,
IND,2005,lnorm,corr,d,,0.0,0.7153825645866576,0.9985968192020548,
IND,2006,perm,orig,mawd,,0.0,,,
IND,2006,perm,orig,d,,0.0,,,
IND,2006,perm,clean,mawd,,0.0,,,
IND,2006,perm,clean,d,,0.0,,,
IND,2006,lnorm,orig,mawd,,0.0,0.41140876337564475,0.6173232360193511,
IND,2006,lnorm,orig,d,,0.0,0.7188750401616424,1.0008229504908686,
IND,2006,lnorm,clean,mawd,,0.0,0.37411945314174894,0.607467960117291,
IND,2006,lnorm,clean,d,,0.0,0.7171978563663978,0.9795618478135366,
IND,2006,perm,corr,mawd,,0.0,,,
IND,2006,perm,corr,d,,0.0,,,
IND,2006,lnorm,corr,mawd,,0.0,0.41140876337564475,0.6173232360193511,
IND,2006,lnorm,corr,d,,0.0,0.7188750401616424,1.0008229504908686,
IND,2007,perm,orig,mawd,,0.0,,,
IND,2007,perm,orig,d,,0.0,,,
IND,2007,perm,clean,mawd,,0.0,,,
IND,2007,perm,clean,d,,0.0,,,
IND,2007,lnorm,orig,mawd,,0.0,0.4114205655351675,0.6139845762548339,
IND,2007,lnorm,orig,d,,0.0,0.7168660559302463,0.9905583005024301,
IND,2007,lnorm,clean,mawd,,0.0,0.3719999272476315,0.5999619152984665,
IND,2007,lnorm,clean,d,,0.0,0.7137965967222061,0.971173375715146,
IND,2007,perm,corr,mawd,,0.0,,,
IND,2007,perm,corr,d,,0.0,,,
IND,2007,lnorm,corr,mawd,,0.0,0.4114205655351675,0.6139845762548339,
IND,2007,lnorm,corr,d,,0.0,0.7168660559302463,0.9905583005024301,
IND,2008,perm,orig,mawd,,0.0,,,
IND,2008,perm,orig,d,,0.0,,,
IND,2008,perm,clean,mawd,,0.0,,,
IND,2008,perm,clean,d,,0.0,,,
IND,2008,lnorm,orig,mawd,,0.0,0.4137954336290647,0.6187408157555707,
IND,2008,lnorm,orig,d,,0.0,0.7154112912097889,0.9907814788440106,
IND,2008,lnorm,clean,mawd,,0.0,0.37606135301479277,0.5987254528913222,
IND,2008,lnorm,clean,d,,0.0,0.716441127030064,0.9750142088848728,
IND,2008,perm,corr,mawd,,0.0,,,
IND,2008,perm,corr,d,,0.0,,,
IND,2008,lnorm,corr,mawd,,0.0,0.4137954336290647,0.6187408157555707,
IND,2008,lnorm,corr,d,,0.0,0.7154112912097889,0.9907814788440106,
IND,2009,perm,orig,mawd,,0.0,,,
IND,2009,perm,orig,d,,0.0,,,
IND,2009,perm,clean,mawd,,0.0,,,
IND,2009,perm,clean,d,,0.0,,,
IND,2009,lnorm,orig,mawd,,0.0,0.4124445982084705,0.6194407690817428,
IND,2009,lnorm,orig,d,,0.0,0.7106125961855635,0.9827336399258093,
IND,2009,lnorm,clean,mawd,,0.0,0.3711392215401862,0.5977106325757046,
IND,2009,lnorm,clean,d,,0.0,0.7103438264290923,0.9667497276288304,
IND,2009,perm,corr,mawd,,0.0,,,
IND,2009,perm,corr,d,,0.0,,,
IND,2009,lnorm,corr,mawd,,0.0,0.4124445982084705,0.6194407690817428,
IND,2009,lnorm,corr,d,,0.0,0.7106125961855635,0.9827336399258093,
IND,2010,perm,orig,mawd,,0.0,,,
IND,2010,perm,orig,d,,0.0,,,
IND,2010,perm,clean,mawd,,0.0,,,
IND,2010,perm,clean,d,,0.0,,,
IND,2010,lnorm,orig,mawd,,0.0,0.41859951897101483,0.6277760960065968,
IND,2010,lnorm,orig,d,,0.0,0.7148529650455216,0.9830578731686992,
IND,2010,lnorm,clean,mawd,,0.0,0.38588138959960694,0.6079982352892077,
IND,2010,lnorm,clean,d,,0.0,0.7156286695858115,0.9676423073238669,
IND,2010,perm,corr,mawd,,0.0,,,
IND,2010,perm,corr,d,,0.0,,,
IND,2010,lnorm,corr,mawd,,0.0,0.41859951897101483,0.6277760960065968,
IND,2010,lnorm,corr,d,,0.0,0.7148529650455216,0.9830578731686992,
IND,2011,perm,orig,mawd,,0.0,,,
IND,2011,perm,orig,d,,0.0,,,
IND,2011,perm,clean,mawd,,0.0,,,
IND,2011,perm,clean,d,,0.0,,,
IND,2011,lnorm,orig,mawd,,0.0,0.41542665580683397,0.6181013613629665,
IND,2011,lnorm,orig,d,,0.0,0.7148561526823002,0.9818606181740465,
IND,2011,lnorm,clean,mawd,,0.0,0.3749243894693261,0.5964608623524345,
IND,2011,lnorm,clean,d,,0.0,0.7184681295321712,0.9698851404652602,
IND,2011,perm,corr,mawd,,0.0,,,
IND,2011,perm,corr,d,,0.0,,,
IND,2011,lnorm,corr,mawd,,0.0,0.41542665580683397,0.6181013613629665,
IND,2011,lnorm,corr,d,,0.0,0.7148561526823002,0.9818606181740465,
IND,2012,perm,orig,mawd,,0.0,,,
IND,2012,perm,orig,d,,0.0,,,
IND,2012,perm,clean,mawd,,0.0,,,
IND,2012,perm,clean,d,,0.0,,,
IND,2012,lnorm,orig,mawd,,0.0,0.40747202281261397,0.6058965018577692,
IND,2012,lnorm,orig,d,,0.0,0.7017157067663986,0.9688853097047309,
IND,2012,lnorm,clean,mawd,,0.0,0.37063211188459794,0.584244376534018,
IND,2012,lnorm,clean,d,,0.0,0.7091007599052285,0.9599276989896223,
IND,2012,perm,corr,mawd,,0.0,,,
IND,2012,perm,corr,d,,0.0,,,
IND,2012,lnorm,corr,mawd,,0.0,0.40747202281261397,0.6058965018577692,
IND,2012,lnorm,corr,d,,0.0,0.7017157067663986,0.9688853097047309,
IND,2013,perm,orig,mawd,,0.0,,,
IND,2013,perm,orig,d,,0.0,,,
IND,2013,perm,clean,mawd,,0.0,,,
IND,2013,perm,clean,d,,0.0,,,
IND,2013,lnorm,orig,mawd,,0.0,0.4124094984042514,0.6107495850468008,
IND,2013,lnorm,orig,d,,0.0,0.6987757229703092,0.9636098346442981,
IND,2013,lnorm,clean,mawd,,0.0,0.3745669707686197,0.5897631117266169,
IND,2013,lnorm,clean,d,,0.0,0.7031181425198275,0.9552138119486979,
IND,2013,perm,corr,mawd,,0.0,,,
IND,2013,perm,corr,d,,0.0,,,
IND,2013,lnorm,corr,mawd,,0.0,0.4124094984042514,0.6107495850468008,
IND,2013,lnorm,corr,d,,0.0,0.6987757229703092,0.9636098346442981,
IND,2014,perm,orig,mawd,,0.0,,,
IND,2014,perm,orig,d,,0.0,,,
IND,2014,perm,clean,mawd,,0.0,,,
IND,2014,perm,clean,d,,0.0,,,
IND,2014,lnorm,orig,mawd,,0.0,0.40953796886506977,0.6073586331153296,
IND,2014,lnorm,orig,d,,0.0,0.701743732573806,0.966001539918208,
IND,2014,lnorm,clean,mawd,,0.0,0.37286074800333574,0.5825339034264474,
IND,2014,lnorm,clean,d,,0.0,0.7057929260296357,0.9573441073352524,
IND,2014,perm,corr,mawd,,0.0,,,
IND,2014,perm,corr,d,,0.0,,,
IND,2014,lnorm,corr,mawd,,0.0,0.40953796886506977,0.6073586331153296,
IND,2014,lnorm,corr,d,,0.0,0.701743732573806,0.966001539918208,
IRL,2000,perm,orig,mawd,0.29283204162200926,0.191,0.25587885999947324,0.340348802799737,-0.90387648744794
IRL,2000,perm,orig,d,0.3056481314717814,0.103,0.2933866672803154,0.35742431048932716,-1.213655035299083
IRL,2000,perm,clean,mawd,0.29187072252002344,0.186,0.25465494947564504,0.3406716025059604,-0.9106377107638953
IRL,2000,perm,clean,d,0.2991361152622212,0.06,0.29469689606664895,0.36313918042369886,-1.3945355737429437
IRL,2000,lnorm,orig,mawd,0.29283204162200926,0.08,0.27977488036389847,0.38057345318786995,-1.2472605764107534
IRL,2000,lnorm,orig,d,0.3056481314717814,0.035,0.308491431493709,0.373625409807515,-1.6450234586155876
IRL,2000,lnorm,clean,mawd,0.29187072252002344,0.089,0.2776746559018796,0.3814682783125003,-1.228118001462758
IRL,2000,lnorm,clean,d,0.2991361152622212,0.025,0.3090679163087924,0.37682898583872526,-1.7927480143696484
IRL,2000,perm,corr,mawd,0.29283204162200926,0.191,0.25587885999947324,0.340348802799737,-0.90387648744794
IRL,2000,perm,corr,d,0.3056481314717814,0.103,0.2933866672803154,0.35742431048932716,-1.213655035299083
IRL,2000,lnorm,corr,mawd,0.29283204162200926,0.08,0.27977488036389847,0.38057345318786995,-1.2472605764107534
IRL,2000,lnorm,corr,d,0.3056481314717814,0.035,0.308491431493709,0.373625409807515,-1.6450234586155876
IRL,2001,perm,orig,mawd,0.2909777369240977,0.176,0.2583288877546557,0.3398238294754934,-0.9247696956894531
IRL,2001,perm,orig,d,0.3070912089471132,0.104,0.2919046644602018,0.35446792071562233,-1.151576905801724
IRL,2001,perm,clean,mawd,0.2908296988307942,0.177,0.25875955438743,0.34011010861969315,-0.9315147254081159
IRL,2001,perm,clean,d,0.3034816697684654,0.068,0.2988154189991862,0.36097396807125715,-1.319923949900669
IRL,2001,lnorm,orig,mawd,0.2909777369240977,0.119,0.2683982168166852,0.36967685652561766,-1.1195604002659751
IRL,2001,lnorm,orig,d,0.3070912089471132,0.063,0.30368326085247827,0.36866751843499623,-1.4687607473156916
IRL,2001,lnorm,clean,mawd,0.2908296988307942,0.119,0.26906846981184573,0.3700230475954235,-1.1171873402129615
IRL,2001,lnorm,clean,d,0.3034816697684654,0.046,0.3047624155239829,0.3741669629740658,-1.6058470070736985
IRL,2001,perm,corr,mawd,0.2909777369240977,0.176,0.2583288877546557,0.3398238294754934,-0.9247696956894531
IRL,2001,perm,corr,d,0.3070912089471132,0.104,0.2919046644602018,0.35446792071562233,-1.151576905801724
IRL,2001,lnorm,corr,mawd,0.2909777369240977,0.119,0.2683982168166852,0.36967685652561766,-1.1195604002659751
IRL,2001,lnorm,corr,d,0.3070912089471132,0.063,0.30368326085247827,0.36866751843499623,-1.4687607473156916
IRL,2002,perm,orig,mawd,0.3210220616997007,0.31,0.2642442261019467,0.3509588973061427,-0.5543613774883775
IRL,2002,perm,orig,d,0.3188867929459011,0.139,0.2987891474311664,0.36231276889164826,-1.0409058094859418
IRL,2002,perm,clean,mawd,0.3210055479767221,0.313,0.2642594252604359,0.3514154565216032,-0.5613218870299344
IRL,2002,perm,clean,d,0.3154414570255687,0.088,0.3045534330428476,0.3695360412584586,-1.213828171181372
IRL,2002,lnorm,orig,mawd,0.3210220616997007,0.197,0.27442779910462606,0.3848663672978364,-0.870386144860956
IRL,2002,lnorm,orig,d,0.3188867929459011,0.087,0.3088081739696806,0.3747113898574159,-1.3140318315853743
IRL,2002,lnorm,clean,mawd,0.3210055479767221,0.198,0.2739149027751983,0.38479215558983815,-0.8695394956408526
IRL,2002,lnorm,clean,d,0.3154414570255687,0.061,0.3116876266237776,0.38032876949130817,-1.460849567560459
IRL,2002,perm,corr,mawd,0.3210220616997007,0.31,0.2642442261019467,0.3509588973061427,-0.5543613774883775
IRL,2002,perm,corr,d,0.3188867929459011,0.139,0.2987891474311664,0.36231276889164826,-1.0409058094859418
IRL,2002,lnorm,corr,mawd,0.3210220616997007,0.197,0.27442779910462606,0.3848663672978364,-0.870386144860956
IRL,2002,lnorm,corr,d,0.3188867929459011,0.087,0.3088081739696806,0.3747113898574159,-1.3140318315853743
IRL,2003,perm,orig,mawd,0.2934552453838494,0.096,0.2780217600722041,0.37029931286365886,-1.3124998352614698
IRL,2003,perm,orig,d,0.3156653767385221,0.062,0.310688904119268,0.38108866355471943,-1.37884885888404
IRL,2003,perm,clean,mawd,0.2929656408636956,0.095,0.27879836066423824,0.37203394595781386,-1.318233581642381
IRL,2003,perm,clean,d,0.30648554020626134,0.031,0.3148857732656532,0.3876759458289011,-1.650403528336219
IRL,2003,lnorm,orig,mawd,0.2934552453838494,0.066,0.28496676425242506,0.3952465700307358,-1.2979818248136203
IRL,2003,lnorm,orig,d,0.3156653767385221,0.044,0.3170124117657481,0.39002685589964137,-1.5723890324599894
IRL,2003,lnorm,clean,mawd,0.2929656408636956,0.069,0.28526367856771306,0.3959579130451103,-1.295577085830216
IRL,2003,lnorm,clean,d,0.30648554020626134,0.026,0.31944491700730715,0.3958835368441541,-1.8196995331982109
IRL,2003,perm,corr,mawd,0.2934552453838494,0.096,0.2780217600722041,0.37029931286365886,-1.3124998352614698
IRL,2003,perm,corr,d,0.3156653767385221,0.062,0.310688904119268,0.38108866355471943,-1.37884885888404
IRL,2003,lnorm,corr,mawd,0.2934552453838494,0.066,0.28496676425242506,0.3952465700307358,-1.2979818248136203
IRL,2003,lnorm,corr,d,0.3156653767385221,0.044,0.3170124117657481,0.39002685589964137,-1.5723890324599894
IRL,2004,perm,orig,mawd,0.26245480620639366,0.044,0.2645494158895365,0.3549531548070175,-1.5537402163224794
IRL,2004,perm,orig,d,0.30549612500721063,0.079,0.2973460811023242,0.36833714629239034,-1.244030260699782
IRL,2004,perm,clean,mawd,0.2642134281478,0.06,0.26095704175800094,0.35319281275054215,-1.4737346342367603
IRL,2004,perm,clean,d,0.2932864992561777,0.042,0.2974030597118232,0.3727367806269397,-1.4426409141201233
IRL,2004,lnorm,orig,mawd,0.26245480620639366,0.022,0.28436750966416097,0.394376578833848,-1.6641651725284157
IRL,2004,lnorm,orig,d,0.30549612500721063,0.038,0.3104207386285882,0.3799439771171168,-1.5973736344605314
IRL,2004,lnorm,clean,mawd,0.2642134281478,0.029,0.2813239703572627,0.39176061519433014,-1.56633933517182
IRL,2004,lnorm,clean,d,0.2932864992561777,0.022,0.31056527873143214,0.38284433430290277,-1.775040613781759
IRL,2004,perm,corr,mawd,0.26245480620639366,0.044,0.2645494158895365,0.3549531548070175,-1.5537402163224794
IRL,2004,perm,corr,d,0.30549612500721063,0.079,0.2973460811023242,0.36833714629239034,-1.244030260699782
IRL,2004,lnorm,corr,mawd,0.26245480620639366,0.022,0.28436750966416097,0.394376578833848,-1.6641651725284157
IRL,2004,lnorm,corr,d,0.30549612500721063,0.038,0.3104207386285882,0.3799439771171168,-1.5973736344605314
IRL,2005,perm,orig,mawd,0.2565408273602039,0.015,0.28640194439146344,0.3791217217281977,-1.9752525967067338
IRL,2005,perm,orig,d,0.3139594553813612,0.052,0.3134402616237307,0.38257128221129477,-1.4603853668312643
IRL,2005,perm,clean,mawd,0.25528002101902897,0.016,0.2805981529429198,0.3791793142576551,-1.9343935807083665
IRL,2005,perm,clean,d,0.29020329667713746,0.014,0.31518270251442154,0.3926932516367121,-1.9497918731873427
IRL,2005,lnorm,orig,mawd,0.2565408273602039,0.017,0.29144288737435686,0.3978245519042086,-1.7829436626640491
IRL,2005,lnorm,orig,d,0.3139594553813612,0.039,0.3173802681041303,0.382987668953498,-1.5810530252826336
IRL,2005,lnorm,clean,mawd,0.25528002101902897,0.015,0.28813854232052843,0.3980831773547958,-1.7153857563099886
IRL,2005,lnorm,clean,d,0.29020329667713746,0.015,0.3150423254852117,0.39287978709479005,-2.0650129918851468
IRL,2005,perm,corr,mawd,0.2565408273602039,0.015,0.28640194439146344,0.3791217217281977,-1.9752525967067338
IRL,2005,perm,corr,d,0.3139594553813612,0.052,0.3134402616237307,0.38257128221129477,-1.4603853668312643
IRL,2005,lnorm,corr,mawd,0.2565408273602039,0.017,0.29144288737435686,0.3978245519042086,-1.7829436626640491
IRL,2005,lnorm,corr,d,0.3139594553813612,0.039,0.3173802681041303,0.382987668953498,-1.5810530252826336
IRL,2006,perm,orig,mawd,0.24505435468280584,0.004,0.2932077913919413,0.3873531930850297,-2.211588782282247
IRL,2006,perm,orig,d,0.3002099359361377,0.03,0.30779310037838853,0.38191761594550777,-1.6637522631047208
IRL,2006,perm,clean,mawd,0.24425813288282014,0.005,0.2913676255046641,0.38815104854376303,-2.1967404091629885
IRL,2006,perm,clean,d,0.2806697467163904,0.007,0.315543703078545,0.39024238466059297,-2.102746510148826
IRL,2006,lnorm,orig,mawd,0.24505435468280584,0.011,0.2958574616310898,0.4072602438130463,-1.9919519713299736
IRL,2006,lnorm,orig,d,0.3002099359361377,0.02,0.314701386699762,0.381895524635528,-1.8134178412991557
IRL,2006,lnorm,clean,mawd,0.24425813288282014,0.009,0.2957124868272932,0.40899791562181464,-1.9597804291058778
IRL,2006,lnorm,clean,d,0.2806697467163904,0.007,0.31820436582262107,0.3884938670335755,-2.2525159248348894
IRL,2006,perm,corr,mawd,0.24505435468280584,0.004,0.2932077913919413,0.3873531930850297,-2.211588782282247
IRL,2006,perm,corr,d,0.3002099359361377,0.03,0.30779310037838853,0.38191761594550777,-1.6637522631047208
IRL,2006,lnorm,corr,mawd,0.24505435468280584,0.011,0.2958574616310898,0.4072602438130463,-1.9919519713299736
IRL,2006,lnorm,corr,d,0.3002099359361377,0.02,0.314701386699762,0.381895524635528,-1.8134178412991557
IRL,2007,perm,orig,mawd,0.24336796494038943,0.004,0.2807654696434599,0.3716225044522826,-2.1347906242622345
IRL,2007,perm,orig,d,0.2893970189226027,0.021,0.30042219136880016,0.37640555199947534,-1.713589767948134
IRL,2007,perm,clean,mawd,0.24140408273665734,0.004,0.2815297017344452,0.3728508789007555,-2.1351244640220206
IRL,2007,perm,clean,d,0.2703629476574524,0.003,0.3055473727649902,0.3850162424251585,-2.089918052789583
IRL,2007,lnorm,orig,mawd,0.24336796494038943,0.009,0.30045243816045103,0.41034937756014717,-2.050026579597011
IRL,2007,lnorm,orig,d,0.2893970189226027,0.014,0.31275912472998585,0.3801573884227675,-2.004898624403408
IRL,2007,lnorm,clean,mawd,0.24140408273665734,0.009,0.3007833854157047,0.41198776452428265,-1.9965264396285638
IRL,2007,lnorm,clean,d,0.2703629476574524,0.005,0.31537751874140385,0.3874263882174533,-2.4055904042387675
IRL,2007,perm,corr,mawd,0.24336796494038943,0.004,0.2807654696434599,0.3716225044522826,-2.1347906242622345
IRL,2007,perm,corr,d,0.2893970189226027,0.021,0.30042219136880016,0.37640555199947534,-1.713589767948134
IRL,2007,lnorm,corr,mawd,0.24336796494038943,0.009,0.30045243816045103,0.41034937756014717,-2.050026579597011
IRL,2007,lnorm,corr,d,0.2893970189226027,0.014,0.31275912472998585,0.3801573884227675,-2.004898624403408
IRL,2008,perm,orig,mawd,0.2351210640917346,0.008,0.26892185715913386,0.3642763079226796,-2.0716484873952843
IRL,2008,perm,orig,d,0.2926760214772563,0.041,0.29764266689671165,0.3801836256567813,-1.5105020269117282
IRL,2008,perm,clean,mawd,0.23335414361249915,0.007,0.27077059868384584,0.3674939895699864,-2.087862328520822
IRL,2008,perm,clean,d,0.26955244220145963,0.007,0.29832794708827,0.39145789297186184,-1.9353113518664513
IRL,2008,lnorm,orig,mawd,0.2351210640917346,0.009,0.27983971990405737,0.3932632970223431,-2.029269499436953
IRL,2008,lnorm,orig,d,0.2926760214772563,0.027,0.304629685991507,0.38458452420277944,-1.7693583425376453
IRL,2008,lnorm,clean,mawd,0.23335414361249915,0.009,0.27938478522218996,0.39593027905408723,-2.0103460799570794
IRL,2008,lnorm,clean,d,0.26955244220145963,0.005,0.3073228827238985,0.39399108013758083,-2.2230000597526005
IRL,2008,perm,corr,mawd,0.2351210640917346,0.008,0.26892185715913386,0.3642763079226796,-2.0716484873952843
IRL,2008,perm,corr,d,0.2926760214772563,0.041,0.29764266689671165,0.3801836256567813,-1.5105020269117282
IRL,2008,lnorm,corr,mawd,0.2351210640917346,0.009,0.27983971990405737,0.3932632970223431,-2.029269499436953
IRL,2008,lnorm,corr,d,0.2926760214772563,0.027,0.304629685991507,0.38458452420277944,-1.7693583425376453
IRL,2009,perm,orig,mawd,0.26486101585193667,0.039,0.27187482930018486,0.3722777263786202,-1.644419799325203
IRL,2009,perm,orig,d,0.30930229283783245,0.125,0.29221081311870095,0.37037084530631637,-1.1776701098243585
IRL,2009,perm,clean,mawd,0.2628765730126032,0.034,0.27300565215707323,0.3756754031614838,-1.675012413539183
IRL,2009,perm,clean,d,0.2924867422250574,0.048,0.29430851885696135,0.37976186739329343,-1.5670312782907494
IRL,2009,lnorm,orig,mawd,0.26486101585193667,0.022,0.28910662068446735,0.4029612044234552,-1.7504046855767212
IRL,2009,lnorm,orig,d,0.30930229283783245,0.078,0.30271926407468686,0.3759444208806689,-1.441466164736706
IRL,2009,lnorm,clean,mawd,0.2628765730126032,0.021,0.2888304756223839,0.40614158410989953,-1.7485300018555296
IRL,2009,lnorm,clean,d,0.2924867422250574,0.027,0.30343086685030113,0.3844137108074029,-1.8412051749727503
IRL,2009,perm,corr,mawd,0.26486101585193667,0.039,0.27187482930018486,0.3722777263786202,-1.644419799325203
IRL,2009,perm,corr,d,0.30930229283783245,0.125,0.29221081311870095,0.37037084530631637,-1.1776701098243585
IRL,2009,lnorm,corr,mawd,0.26486101585193667,0.022,0.28910662068446735,0.4029612044234552,-1.7504046855767212
IRL,2009,lnorm,corr,d,0.30930229283783245,0.078,0.30271926407468686,0.3759444208806689,-1.441466164736706
IRL,2010,perm,orig,mawd,0.29295315446923215,0.121,0.26870589821742097,0.3675396100712184,-1.1722797811394914
IRL,2010,perm,orig,d,0.3719354264950082,0.297,0.3236945658153342,0.39698228243099154,-0.5784613361229936
IRL,2010,perm,clean,mawd,0.2877236916426226,0.109,0.2694373880154173,0.36737535935059124,-1.2271935581310418
IRL,2010,perm,clean,d,0.3279519554896225,0.059,0.32442563374058164,0.40830804304385004,-1.512324993890217
IRL,2010,lnorm,orig,mawd,0.29295315446923215,0.081,0.27641969161211555,0.38661503729708785,-1.2324548100750956
IRL,2010,lnorm,orig,d,0.3719354264950082,0.257,0.3314009567379139,0.4025984728941222,-0.6973951209737665
IRL,2010,lnorm,clean,mawd,0.2877236916426226,0.075,0.273445121382908,0.38740437223414886,-1.2642864124395299
IRL,2010,lnorm,clean,d,0.3279519554896225,0.047,0.3296101694598198,0.4132980022892877,-1.6706546330009393
IRL,2010,perm,corr,mawd,0.29295315446923215,0.121,0.26870589821742097,0.3675396100712184,-1.1722797811394914
IRL,2010,perm,corr,d,0.3719354264950082,0.297,0.3236945658153342,0.39698228243099154,-0.5784613361229936
IRL,2010,lnorm,corr,mawd,0.29295315446923215,0.081,0.27641969161211555,0.38661503729708785,-1.2324548100750956
IRL,2010,lnorm,corr,d,0.3719354264950082,0.257,0.3314009567379139,0.4025984728941222,-0.6973951209737665
IRL,2011,perm,orig,mawd,0.32948037881684006,0.157,0.29016111137452527,0.40366982595870904,-1.0394431824445554
IRL,2011,perm,orig,d,0.39817189992972035,0.161,0.36318398309918865,0.45331492983238475,-1.0244046988474413
IRL,2011,perm,clean,mawd,0.32100520675803734,0.127,0.289101462413074,0.404416533816257,-1.133386803490906
IRL,2011,perm,clean,d,0.3554981437975855,0.025,0.3653635753998558,0.4637552463253226,-1.9311438505263165
IRL,2011,lnorm,orig,mawd,0.32948037881684006,0.041,0.3360109688512445,0.46869467355860794,-1.4451566100471744
IRL,2011,lnorm,orig,d,0.39817189992972035,0.108,0.38384851515587015,0.45095738492678583,-1.2427342863109452
IRL,2011,lnorm,clean,mawd,0.32100520675803734,0.036,0.3313405082933358,0.46888621454355417,-1.4811431139350477
IRL,2011,lnorm,clean,d,0.3554981437975855,0.015,0.3859113402736574,0.4596264704995816,-2.276131217340155
IRL,2011,perm,corr,mawd,0.3294727910869217,0.157,0.29014877433409486,0.40288247083558704,-1.03659787477445
IRL,2011,perm,corr,d,0.39809349226218954,0.162,0.3631571569793998,0.45271049755121207,-1.0211408703739455
IRL,2011,lnorm,corr,mawd,0.3294727910869217,0.048,0.3310390625738118,0.46215966123539026,-1.4055878570662437
IRL,2011,lnorm,corr,d,0.39809349226218954,0.122,0.38102993002542396,0.4481460107613976,-1.180690740441598
IRL,2012,perm,orig,mawd,0.3156406266726787,0.08,0.30647453422766013,0.41267046722568035,-1.376322296177826
IRL,2012,perm,orig,d,0.41399244288419135,0.24,0.3656493974513159,0.4491556065450568,-0.7176716441550406
IRL,2012,perm,clean,mawd,0.30643986675936,0.058,0.30284856975924457,0.4176475112490825,-1.4759356921631088
IRL,2012,perm,clean,d,0.3677513384875146,0.042,0.37155681670980983,0.4607138060317423,-1.8128780342604978
IRL,2012,lnorm,orig,mawd,0.3156406266726787,0.038,0.3255679411829729,0.4551025427031761,-1.504875656579704
IRL,2012,lnorm,orig,d,0.41399244288419135,0.244,0.37700640872367674,0.44232123417185265,-0.6953463635543237
IRL,2012,lnorm,clean,mawd,0.30643986675936,0.036,0.32009097529539055,0.45675261112470744,-1.5322072956122157
IRL,2012,lnorm,clean,d,0.3677513384875146,0.024,0.38196214370458986,0.4530708507820012,-1.8863504599174072
IRL,2012,perm,corr,mawd,0.3156406266726787,0.08,0.30647453422766013,0.41267046722568035,-1.376322296177826
IRL,2012,perm,corr,d,0.41399244288419135,0.24,0.3656493974513159,0.4491556065450568,-0.7176716441550406
IRL,2012,lnorm,corr,mawd,0.3156406266726787,0.038,0.3255679411829729,0.4551025427031761,-1.504875656579704
IRL,2012,lnorm,corr,d,0.41399244288419135,0.244,0.37700640872367674,0.44232123417185265,-0.6953463635543237
IRL,2013,perm,orig,mawd,0.2950932808450676,0.038,0.30135724372756334,0.40579835098236455,-1.6380843998950203
IRL,2013,perm,orig,d,0.40668652174933095,0.226,0.36020229669176956,0.4441007360225102,-0.7492495368753826
IRL,2013,perm,clean,mawd,0.2803928761470638,0.025,0.30125589172633793,0.4104218415880957,-1.7982103042160378
IRL,2013,perm,clean,d,0.3544894620018919,0.031,0.3651652148876271,0.45670139016319233,-1.9536418790471504
IRL,2013,lnorm,orig,mawd,0.2950932808450676,0.024,0.3222945211426195,0.4445945204804648,-1.6979081040002926
IRL,2013,lnorm,orig,d,0.40668652174933095,0.222,0.37465974415089265,0.438828734934226,-0.7789352250489403
IRL,2013,lnorm,clean,mawd,0.2803928761470638,0.018,0.31234668342368166,0.44635238102152525,-1.7699115529674374
IRL,2013,lnorm,clean,d,0.3544894620018919,0.016,0.37799159145863886,0.44901431875154035,-2.1285709990368704
IRL,2013,perm,corr,mawd,0.2950932808450676,0.038,0.30135724372756334,0.40579835098236455,-1.6380843998950203
IRL,2013,perm,corr,d,0.40668652174933095,0.226,0.36020229669176956,0.4441007360225102,-0.7492495368753826
IRL,2013,lnorm,corr,mawd,0.2950932808450676,0.024,0.3222945211426195,0.4445945204804648,-1.6979081040002926
IRL,2013,lnorm,corr,d,0.40668652174933095,0.222,0.37465974415089265,0.438828734934226,-0.7789352250489403
IRL,2014,perm,orig,mawd,0.2983720457797884,0.054,0.29741167776229627,0.39478051062613945,-1.5099506351196472
IRL,2014,perm,orig,d,0.415940592116863,0.315,0.3580391192309506,0.43768845472189766,-0.4456996499785937
IRL,2014,perm,clean,mawd,0.28840202022437217,0.036,0.294189447481847,0.39951948174302243,-1.6263147784438907
IRL,2014,perm,clean,d,0.3555867957231245,0.044,0.3605656996758629,0.44985975837829084,-1.8493362619086458
IRL,2014,lnorm,orig,mawd,0.2983720457797884,0.031,0.3125026518547942,0.43666675770794117,-1.6100998230668104
IRL,2014,lnorm,orig,d,0.415940592116863,0.329,0.3711153368969383,0.4341812650996444,-0.46413395748145614
IRL,2014,lnorm,clean,mawd,0.28840202022437217,0.031,0.3055017923550831,0.4400937337436902,-1.6452337888849997
IRL,2014,lnorm,clean,d,0.3555867957231245,0.02,0.37515358516791747,0.44376401411147626,-2.054163770344354
IRL,2014,perm,corr,mawd,0.2983720457797884,0.054,0.29741167776229627,0.39478051062613945,-1.5099506351196472
IRL,2014,perm,corr,d,0.415940592116863,0.315,0.3580391192309506,0.43768845472189766,-0.4456996499785937
IRL,2014,lnorm,corr,mawd,0.2983720457797884,0.031,0.3125026518547942,0.43666675770794117,-1.6100998230668104
IRL,2014,lnorm,corr,d,0.415940592116863,0.329,0.3711153368969383,0.4341812650996444,-0.46413395748145614
ITA,2000,perm,orig,mawd,0.14457845423299553,0.0,0.23698267455975439,0.3047143129095087,-3.6015853463462433
ITA,2000,perm,orig,d,0.20648274291777055,0.0,0.2858393922427454,0.3468989960938212,-2.9413740540536173
ITA,2000,perm,clean,mawd,0.14109137640198524,0.0,0.23511197618262916,0.305901578125531,-3.5656190036642084
ITA,2000,perm,clean,d,0.18734847725772866,0.0,0.2800653842417902,0.35108868053146314,-3.092310273622072
ITA,2000,lnorm,orig,mawd,0.14457845423299553,0.0,0.25981481923036887,0.34686036435511747,-3.467338831232471
ITA,2000,lnorm,orig,d,0.20648274291777055,0.0,0.3029103165867913,0.37019300145118494,-3.5464999133241446
ITA,2000,lnorm,clean,mawd,0.14109137640198524,0.0,0.2578785712952457,0.34783048177968995,-3.4264550885431975
ITA,2000,lnorm,clean,d,0.18734847725772866,0.0,0.29952322437708445,0.37209782739240127,-3.708092353990665
ITA,2000,perm,corr,mawd,0.14457845423299553,0.0,0.23698267455975439,0.3047143129095087,-3.6015853463462433
ITA,2000,perm,corr,d,0.20648274291777055,0.0,0.2858393922427454,0.3468989960938212,-2.9413740540536173
ITA,2000,lnorm,corr,mawd,0.14457845423299553,0.0,0.25981481923036887,0.34686036435511747,-3.467338831232471
ITA,2000,lnorm,corr,d,0.20648274291777055,0.0,0.3029103165867913,0.37019300145118494,-3.5464999133241446
ITA,2001,perm,orig,mawd,0.14446561276255204,0.0,0.2360273012952323,0.300013959638985,-3.53588869716507
ITA,2001,perm,orig,d,0.20565486677199135,0.0,0.28038844908545524,0.3384194333584782,-2.7774393262475843
ITA,2001,perm,clean,mawd,0.1422380128638954,0.0,0.23248526714986548,0.2996867182847338,-3.4822446047915525
ITA,2001,perm,clean,d,0.18956831117010398,0.0,0.2750388837872812,0.34198330015531975,-2.8632444653215368
ITA,2001,lnorm,orig,mawd,0.14446561276255204,0.0,0.2535759948838448,0.3398569665137428,-3.4170527778915427
ITA,2001,lnorm,orig,d,0.20565486677199135,0.0,0.29572346368064445,0.3603275227469236,-3.313548330040317
ITA,2001,lnorm,clean,mawd,0.1422380128638954,0.0,0.25280381725225265,0.33949347966538257,-3.3642438991894035
ITA,2001,lnorm,clean,d,0.18956831117010398,0.0,0.2917183141530117,0.3614239736042059,-3.408649758728213
ITA,2001,perm,corr,mawd,0.14446561276255204,0.0,0.2360273012952323,0.300013959638985,-3.53588869716507
ITA,2001,perm,corr,d,0.20565486677199135,0.0,0.28038844908545524,0.3384194333584782,-2.7774393262475843
ITA,2001,lnorm,corr,mawd,0.14446561276255204,0.0,0.2535759948838448,0.3398569665137428,-3.4170527778915427
ITA,2001,lnorm,corr,d,0.20565486677199135,0.0,0.29572346368064445,0.3603275227469236,-3.313548330040317
ITA,2002,perm,orig,mawd,0.14361265522856062,0.0,0.2322165681612232,0.2938586959181495,-3.5051520168134975
ITA,2002,perm,orig,d,0.20756894713182553,0.0,0.27730970276773614,0.3338095846235968,-2.6822114361348284
ITA,2002,perm,clean,mawd,0.1398855580651908,0.0,0.22754115684596027,0.2950548364155622,-3.4742283289504545
ITA,2002,perm,clean,d,0.19006796597844822,0.0,0.2729018662325574,0.3378404816539209,-2.7774793015084573
ITA,2002,lnorm,orig,mawd,0.14361265522856062,0.0,0.25093494752460876,0.33426515953765173,-3.385254751608293
ITA,2002,lnorm,orig,d,0.20756894713182553,0.0,0.2925159803531931,0.3547681377401213,-3.2188603302433045
ITA,2002,lnorm,clean,mawd,0.1398855580651908,0.0,0.24852426264584743,0.3330981536730033,-3.3407279997863837
ITA,2002,lnorm,clean,d,0.19006796597844822,0.0,0.2904974389870656,0.35731586122865816,-3.31459255561687
ITA,2002,perm,corr,mawd,0.14361265522856062,0.0,0.2322165681612232,0.2938586959181495,-3.5051520168134975
ITA,2002,perm,corr,d,0.20756894713182553,0.0,0.27730970276773614,0.3338095846235968,-2.6822114361348284
ITA,2002,lnorm,corr,mawd,0.14361265522856062,0.0,0.25093494752460876,0.33426515953765173,-3.385254751608293
ITA,2002,lnorm,corr,d,0.20756894713182553,0.0,0.2925159803531931,0.3547681377401213,-3.2188603302433045
ITA,2003,perm,orig,mawd,0.14729988366929994,0.0,0.23068741675220414,0.2966460583322546,-3.375600071730957
ITA,2003,perm,orig,d,0.2125647033420604,0.0,0.27903618187103335,0.3391410459415044,-2.5997976692472373
ITA,2003,perm,clean,mawd,0.14357477566565083,0.0,0.22883486132201186,0.29738815385280015,-3.3569805653715528
ITA,2003,perm,clean,d,0.1988003896911838,0.0,0.27388569796717277,0.34290405939706986,-2.6543923845201474
ITA,2003,lnorm,orig,mawd,0.14729988366929994,0.0,0.25452774392332456,0.33971311756529754,-3.329298819684961
ITA,2003,lnorm,orig,d,0.2125647033420604,0.0,0.2961057952871883,0.3624292578321864,-3.2009507909707295
ITA,2003,lnorm,clean,mawd,0.14357477566565083,0.0,0.2532136113092447,0.3394082147227282,-3.289543008018223
ITA,2003,lnorm,clean,d,0.1988003896911838,0.0,0.2957515624190634,0.36568547763636283,-3.252335214629548
ITA,2003,perm,corr,mawd,0.14729988366929994,0.0,0.23068741675220414,0.2966460583322546,-3.375600071730957
ITA,2003,perm,corr,d,0.2125647033420604,0.0,0.27903618187103335,0.3391410459415044,-2.5997976692472373
ITA,2003,lnorm,corr,mawd,0.14729988366929994,0.0,0.25452774392332456,0.33971311756529754,-3.329298819684961
ITA,2003,lnorm,corr,d,0.2125647033420604,0.0,0.2961057952871883,0.3624292578321864,-3.2009507909707295
ITA,2004,perm,orig,mawd,0.1471476648585382,0.0,0.2329291721117943,0.29608102887810805,-3.4295902066166115
ITA,2004,perm,orig,d,0.2105068220614977,0.0,0.27908802680495015,0.33776952474808786,-2.6879001178064867
ITA,2004,perm,clean,mawd,0.14446382376058467,0.0,0.23033113945173728,0.2965485132882776,-3.380687689297156
ITA,2004,perm,clean,d,0.1997548634086184,0.0,0.27479308708421074,0.34237335206651065,-2.6880952041449633
ITA,2004,lnorm,orig,mawd,0.1471476648585382,0.0,0.2558833126135762,0.33730247790058554,-3.353724216463895
ITA,2004,lnorm,orig,d,0.2105068220614977,0.0,0.2945897150492927,0.3603000256230823,-3.2928402397240144
ITA,2004,lnorm,clean,mawd,0.14446382376058467,0.0,0.25425938694872513,0.3376542436390553,-3.2942863089406313
ITA,2004,lnorm,clean,d,0.1997548634086184,0.0,0.29222404537609814,0.36334763682427235,-3.2905794338005165
ITA,2004,perm,corr,mawd,0.1471476648585382,0.0,0.2329291721117943,0.29608102887810805,-3.4295902066166115
ITA,2004,perm,corr,d,0.2105068220614977,0.0,0.27908802680495015,0.33776952474808786,-2.6879001178064867
ITA,2004,lnorm,corr,mawd,0.1471476648585382,0.0,0.2558833126135762,0.33730247790058554,-3.353724216463895
ITA,2004,lnorm,corr,d,0.2105068220614977,0.0,0.2945897150492927,0.3603000256230823,-3.2928402397240144
ITA,2005,perm,orig,mawd,0.14439386673600396,0.0,0.2331213496301264,0.2995522525758396,-3.446469152088641
ITA,2005,perm,orig,d,0.21385662224225996,0.0,0.2795342183958856,0.3395042848485443,-2.455626698359305
ITA,2005,perm,clean,mawd,0.14063903124663843,0.0,0.230267571722002,0.2999981598542084,-3.412050541899308
ITA,2005,perm,clean,d,0.1989232011029232,0.0,0.27600622232149463,0.34663655486793626,-2.5787227399585704
ITA,2005,lnorm,orig,mawd,0.14439386673600396,0.0,0.2609143023954705,0.34510379821431314,-3.418835611170019
ITA,2005,lnorm,orig,d,0.21385662224225996,0.0,0.29691021965088255,0.364176790770314,-3.1177337397195117
ITA,2005,lnorm,clean,mawd,0.14063903124663843,0.0,0.2588978960282846,0.3459165647864872,-3.359174922637376
ITA,2005,lnorm,clean,d,0.1989232011029232,0.0,0.2972152154193349,0.3683665657578494,-3.239711533704545
ITA,2005,perm,corr,mawd,0.14439386673600396,0.0,0.2331213496301264,0.2995522525758396,-3.446469152088641
ITA,2005,perm,corr,d,0.21385662224225996,0.0,0.2795342183958856,0.3395042848485443,-2.455626698359305
ITA,2005,lnorm,corr,mawd,0.14439386673600396,0.0,0.2609143023954705,0.34510379821431314,-3.418835611170019
ITA,2005,lnorm,corr,d,0.21385662224225996,0.0,0.29691021965088255,0.364176790770314,-3.1177337397195117
ITA,2006,perm,orig,mawd,0.14269776081196184,0.0,0.23361437532188717,0.2972277286269887,-3.5062344927723985
ITA,2006,perm,orig,d,0.20789797635370555,0.0,0.2782313855115017,0.3411947469581,-2.5015983596970917
ITA,2006,perm,clean,mawd,0.1401929004041943,0.0,0.2305910010140479,0.2987973340457777,-3.4460461927267567
ITA,2006,perm,clean,d,0.19750954934952997,0.0,0.27698026227121897,0.34627951401319834,-2.549206341567364
ITA,2006,lnorm,orig,mawd,0.14269776081196184,0.0,0.2597157611253451,0.3440969392946704,-3.4513748818379213
ITA,2006,lnorm,orig,d,0.20789797635370555,0.0,0.29608605494964324,0.3632833794036035,-3.1393702195852122
ITA,2006,lnorm,clean,mawd,0.1401929004041943,0.0,0.25866610808767604,0.3441262858524039,-3.3712850965709946
ITA,2006,lnorm,clean,d,0.19750954934952997,0.0,0.2964325782277177,0.36758893462984255,-3.1698870433793385
ITA,2006,perm,corr,mawd,0.14269776081196184,0.0,0.23361437532188717,0.2972277286269887,-3.5062344927723985
ITA,2006,perm,corr,d,0.20789797635370555,0.0,0.2782313855115017,0.3411947469581,-2.5015983596970917
ITA,2006,lnorm,corr,mawd,0.14269776081196184,0.0,0.2597157611253451,0.3440969392946704,-3.4513748818379213
ITA,2006,lnorm,corr,d,0.20789797635370555,0.0,0.29608605494964324,0.3632833794036035,-3.1393702195852122
ITA,2007,perm,orig,mawd,0.14245932645582554,0.0,0.23478735595568725,0.29815638188796567,-3.5690598125491104
ITA,2007,perm,orig,d,0.2111717088924838,0.0,0.2785701619379405,0.3420576655964136,-2.5737347960082064
ITA,2007,perm,clean,mawd,0.1383464723924043,0.0,0.23180796786792413,0.3000873145350552,-3.55215028974804
ITA,2007,perm,clean,d,0.19482526248568716,0.0,0.2776023333501388,0.3474785440222765,-2.7272071075891757
ITA,2007,lnorm,orig,mawd,0.14245932645582554,0.0,0.2588471811948597,0.3416783854099149,-3.461981530671369
ITA,2007,lnorm,orig,d,0.2111717088924838,0.0,0.2962008050725175,0.36227939292002614,-3.1888344079266
ITA,2007,lnorm,clean,mawd,0.1383464723924043,0.0,0.25745391464477546,0.3417336525069306,-3.413241534666505
ITA,2007,lnorm,clean,d,0.19482526248568716,0.0,0.2960146606702831,0.36643854313929125,-3.3448899966412395
ITA,2007,perm,corr,mawd,0.14245932645582554,0.0,0.23478735595568725,0.29815638188796567,-3.5690598125491104
ITA,2007,perm,corr,d,0.2111717088924838,0.0,0.2785701619379405,0.3420576655964136,-2.5737347960082064
ITA,2007,lnorm,corr,mawd,0.14245932645582554,0.0,0.2588471811948597,0.3416783854099149,-3.461981530671369
ITA,2007,lnorm,corr,d,0.2111717088924838,0.0,0.2962008050725175,0.36227939292002614,-3.1888344079266
ITA,2008,perm,orig,mawd,0.14114352641545086,0.0,0.2391271219983006,0.3040261347616053,-3.645452775928023
ITA,2008,perm,orig,d,0.2115334322831141,0.0,0.28264388793370626,0.3484384608249762,-2.558192774456225
ITA,2008,perm,clean,mawd,0.1385302486513069,0.0,0.2359827720540819,0.3048131295164088,-3.585672598698631
ITA,2008,perm,clean,d,0.1940473888187292,0.0,0.28154356323108404,0.35405988132035165,-2.7293895827154198
ITA,2008,lnorm,orig,mawd,0.14114352641545086,0.0,0.2624629054047882,0.3477535941195675,-3.51270463402595
ITA,2008,lnorm,orig,d,0.2115334322831141,0.0,0.30121816316811756,0.3688434251694822,-3.1918417555813217
ITA,2008,lnorm,clean,mawd,0.1385302486513069,0.0,0.263104293290744,0.3484893832513896,-3.4303504356972176
ITA,2008,lnorm,clean,d,0.1940473888187292,0.0,0.30029012227553653,0.37271330624713284,-3.3630677726171814
ITA,2008,perm,corr,mawd,0.14114352641545086,0.0,0.2391271219983006,0.3040261347616053,-3.645452775928023
ITA,2008,perm,corr,d,0.2115334322831141,0.0,0.28264388793370626,0.3484384608249762,-2.558192774456225
ITA,2008,lnorm,corr,mawd,0.14114352641545086,0.0,0.2624629054047882,0.3477535941195675,-3.51270463402595
ITA,2008,lnorm,corr,d,0.2115334322831141,0.0,0.30121816316811756,0.3688434251694822,-3.1918417555813217
ITA,2009,perm,orig,mawd,0.14540146767674003,0.0,0.22978522826710707,0.2964743627171997,-3.2768810400498594
ITA,2009,perm,orig,d,0.20120813020850206,0.0,0.27026162406860466,0.3351237490622375,-2.3385303840402716
ITA,2009,perm,clean,mawd,0.1464560898951161,0.0,0.2268161282956499,0.2975837680679898,-3.162625527371526
ITA,2009,perm,clean,d,0.19474769987203577,0.0,0.26966033204828976,0.3388341354544744,-2.359685314212042
ITA,2009,lnorm,orig,mawd,0.14540146767674003,0.0,0.25009842310326924,0.33776217970720285,-3.233817629226803
ITA,2009,lnorm,orig,d,0.20120813020850206,0.0,0.2864210730519184,0.3536359353180707,-2.9537592816442806
ITA,2009,lnorm,clean,mawd,0.1464560898951161,0.0,0.25062301650640834,0.3378307529023371,-3.1265261568029237
ITA,2009,lnorm,clean,d,0.19474769987203577,0.0,0.2867309978050979,0.3593241825350808,-2.949438862412363
ITA,2009,perm,corr,mawd,0.14540146767674003,0.0,0.22978522826710707,0.2964743627171997,-3.2768810400498594
ITA,2009,perm,corr,d,0.20120813020850206,0.0,0.27026162406860466,0.3351237490622375,-2.3385303840402716
ITA,2009,lnorm,corr,mawd,0.14540146767674003,0.0,0.25009842310326924,0.33776217970720285,-3.233817629226803
ITA,2009,lnorm,corr,d,0.20120813020850206,0.0,0.2864210730519184,0.3536359353180707,-2.9537592816442806
ITA,2010,perm,orig,mawd,0.14402632447552532,0.0,0.23984359527899432,0.311464447580804,-3.4356615090995124
ITA,2010,perm,orig,d,0.20259919523269754,0.0,0.2825055095890937,0.3513076828375056,-2.5210810399188226
ITA,2010,perm,clean,mawd,0.14505020982960035,0.0,0.2366000592277655,0.31067938348845725,-3.3090648925613473
ITA,2010,perm,clean,d,0.19106594148149236,0.0,0.28118437753034714,0.3570372215266331,-2.6081772237985272
ITA,2010,lnorm,orig,mawd,0.14402632447552532,0.0,0.2608262706265263,0.3521002478682341,-3.3697643624582394
ITA,2010,lnorm,orig,d,0.20259919523269754,0.0,0.2990268232929412,0.3716324901040373,-3.097769974808364
ITA,2010,lnorm,clean,mawd,0.14505020982960035,0.0,0.26162032787473033,0.35225830387192825,-3.247941470141421
ITA,2010,lnorm,clean,d,0.19106594148149236,0.0,0.2988064250000181,0.37597299472676926,-3.1724943019721206
ITA,2010,perm,corr,mawd,0.14402632447552532,0.0,0.23984359527899432,0.311464447580804,-3.4356615090995124
ITA,2010,perm,corr,d,0.20259919523269754,0.0,0.2825055095890937,0.3513076828375056,-2.5210810399188226
ITA,2010,lnorm,corr,mawd,0.14402632447552532,0.0,0.2608262706265263,0.3521002478682341,-3.3697643624582394
ITA,2010,lnorm,corr,d,0.20259919523269754,0.0,0.2990268232929412,0.3716324901040373,-3.097769974808364
ITA,2011,perm,orig,mawd,0.13750821372282812,0.0,0.24260348616970268,0.31749513787046235,-3.644058895074987
ITA,2011,perm,orig,d,0.20646152039222093,0.0,0.28577650008565403,0.35749533261333655,-2.570633321621319
ITA,2011,perm,clean,mawd,0.1373532468406797,0.0,0.24065132561148012,0.31618479829396207,-3.53128999505469
ITA,2011,perm,clean,d,0.1874527344067041,0.0,0.2851811075584702,0.36313708747008655,-2.7531631036816417
ITA,2011,lnorm,orig,mawd,0.13750821372282812,0.0,0.2664234065089475,0.35974564929267644,-3.559696706612845
ITA,2011,lnorm,orig,d,0.20646152039222093,0.0,0.3058362271933633,0.3793772915229915,-3.176041686582581
ITA,2011,lnorm,clean,mawd,0.1373532468406797,0.0,0.2663129510086738,0.35853353481153194,-3.4456861071624627
ITA,2011,lnorm,clean,d,0.1874527344067041,0.0,0.30504759826949945,0.3824660559617311,-3.359568164198074
ITA,2011,perm,corr,mawd,0.13750821372282812,0.0,0.24260348616970268,0.31749513787046235,-3.644058895074987
ITA,2011,perm,corr,d,0.20646152039222093,0.0,0.28577650008565403,0.35749533261333655,-2.570633321621319
ITA,2011,lnorm,corr,mawd,0.13750821372282812,0.0,0.2664234065089475,0.35974564929267644,-3.559696706612845
ITA,2011,lnorm,corr,d,0.20646152039222093,0.0,0.3058362271933633,0.3793772915229915,-3.176041686582581
ITA,2012,perm,orig,mawd,0.13811167210539238,0.0,0.24402406747079236,0.3218181146128748,-3.6482081232804497
ITA,2012,perm,orig,d,0.22210023906641316,0.0,0.29376661358177397,0.36603147581476003,-2.469929385658144
ITA,2012,perm,clean,mawd,0.13603848823725703,0.0,0.24011406848495076,0.32086787910420245,-3.560809768207819
ITA,2012,perm,clean,d,0.1862176344681281,0.0,0.28804414590262234,0.3680440505958622,-2.8661158207922353
ITA,2012,lnorm,orig,mawd,0.13811167210539238,0.0,0.2696664802451076,0.3667460890476384,-3.590511970297287
ITA,2012,lnorm,orig,d,0.22210023906641316,0.0,0.3135642382944519,0.38752694303105883,-3.09447583529601
ITA,2012,lnorm,clean,mawd,0.13603848823725703,0.0,0.2712343085445753,0.36340845852203413,-3.495785837585826
ITA,2012,lnorm,clean,d,0.1862176344681281,0.0,0.30875785858077665,0.38772580784990884,-3.5184498411516496
ITA,2012,perm,corr,mawd,0.13811167210539238,0.0,0.24402406747079236,0.3218181146128748,-3.6482081232804497
ITA,2012,perm,corr,d,0.22210023906641316,0.0,0.29376661358177397,0.36603147581476003,-2.469929385658144
ITA,2012,lnorm,corr,mawd,0.13811167210539238,0.0,0.2696664802451076,0.3667460890476384,-3.590511970297287
ITA,2012,lnorm,corr,d,0.22210023906641316,0.0,0.3135642382944519,0.38752694303105883,-3.09447583529601
ITA,2013,perm,orig,mawd,0.13457981579883055,0.0,0.24824254976912136,0.32681021309698877,-3.7349600821014657
ITA,2013,perm,orig,d,0.22047409321196607,0.0,0.2949560740672714,0.36937150842819955,-2.5330698458954046
ITA,2013,perm,clean,mawd,0.13229461348359373,0.0,0.24351357183993314,0.3248567222692722,-3.6479847451790675
ITA,2013,perm,clean,d,0.18357796869278972,0.0,0.29211832532786286,0.3715106908491843,-2.948153836028172
ITA,2013,lnorm,orig,mawd,0.13457981579883055,0.0,0.27519739627620093,0.37272452352308016,-3.6670465231213663
ITA,2013,lnorm,orig,d,0.22047409321196607,0.0,0.31539856891852514,0.3887792951147476,-3.156362226238782
ITA,2013,lnorm,clean,mawd,0.13229461348359373,0.0,0.2736647687724792,0.36803992714682576,-3.5673175509841304
ITA,2013,lnorm,clean,d,0.18357796869278972,0.0,0.3115405556790507,0.3905219071318947,-3.6116208333783404
ITA,2013,perm,corr,mawd,0.13457981579883055,0.0,0.24824254976912136,0.32681021309698877,-3.7349600821014657
ITA,2013,perm,corr,d,0.22047409321196607,0.0,0.2949560740672714,0.36937150842819955,-2.5330698458954046
ITA,2013,lnorm,corr,mawd,0.13457981579883055,0.0,0.27519739627620093,0.37272452352308016,-3.6670465231213663
ITA,2013,lnorm,corr,d,0.22047409321196607,0.0,0.31539856891852514,0.3887792951147476,-3.156362226238782
ITA,2014,perm,orig,mawd,0.13943816174413698,0.0,0.25142510964158077,0.329537615305012,-3.6590777134649977
ITA,2014,perm,orig,d,0.22912570632309354,0.0,0.29678282416357205,0.3703838991966857,-2.446741972880582
ITA,2014,perm,clean,mawd,0.1364773732388345,0.0,0.2473723428346677,0.3280482381601972,-3.5879840270088406
ITA,2014,perm,clean,d,0.18974343700219048,0.0,0.29258500391970665,0.3728552917751814,-2.9287753840643
ITA,2014,lnorm,orig,mawd,0.13943816174413698,0.0,0.2752377825493496,0.3735075688947809,-3.5872769656067582
ITA,2014,lnorm,orig,d,0.22912570632309354,0.0,0.31461600059125644,0.38871066935063625,-3.021972428845845
ITA,2014,lnorm,clean,mawd,0.1364773732388345,0.0,0.27538420299468397,0.37046919625372887,-3.501559161330903
ITA,2014,lnorm,clean,d,0.18974343700219048,0.0,0.3100693975716295,0.39057676932827967,-3.552222757994878
ITA,2014,perm,corr,mawd,0.13943816174413698,0.0,0.25142510964158077,0.329537615305012,-3.6590777134649977
ITA,2014,perm,corr,d,0.22912570632309354,0.0,0.29678282416357205,0.3703838991966857,-2.446741972880582
ITA,2014,lnorm,corr,mawd,0.13943816174413698,0.0,0.2752377825493496,0.3735075688947809,-3.5872769656067582
ITA,2014,lnorm,corr,d,0.22912570632309354,0.0,0.31461600059125644,0.38871066935063625,-3.021972428845845
JPN,2000,perm,orig,mawd,,0.0,,,
JPN,2000,perm,orig,d,,0.0,,,
JPN,2000,perm,clean,mawd,,0.0,,,
JPN,2000,perm,clean,d,,0.0,,,
JPN,2000,lnorm,orig,mawd,,0.0,0.29197153442569157,0.40483050600917736,
JPN,2000,lnorm,orig,d,,0.0,0.46767826565205795,0.7847696475016708,
JPN,2000,lnorm,clean,mawd,,0.0,0.2866867902564082,0.4058322909569847,
JPN,2000,lnorm,clean,d,,0.0,0.4684128564092995,0.7868008875639358,
JPN,2000,perm,corr,mawd,,0.0,,,
JPN,2000,perm,corr,d,,0.0,,,
JPN,2000,lnorm,corr,mawd,,0.0,0.29197153442569157,0.40483050600917736,
JPN,2000,lnorm,corr,d,,0.0,0.46767826565205795,0.7847696475016708,
JPN,2001,perm,orig,mawd,,0.0,,,
JPN,2001,perm,orig,d,,0.0,,,
JPN,2001,perm,clean,mawd,,0.0,,,
JPN,2001,perm,clean,d,,0.0,,,
JPN,2001,lnorm,orig,mawd,,0.0,0.2921447374950752,0.4082174052394889,
JPN,2001,lnorm,orig,d,,0.0,0.477338301651939,0.8018823633451376,
JPN,2001,lnorm,clean,mawd,,0.0,0.2876920275720809,0.40638009850391865,
JPN,2001,lnorm,clean,d,,0.0,0.4756466714551973,0.8018627682610089,
JPN,2001,perm,corr,mawd,,0.0,,,
JPN,2001,perm,corr,d,,0.0,,,
JPN,2001,lnorm,corr,mawd,,0.0,0.2921447374950752,0.4082174052394889,
JPN,2001,lnorm,corr,d,,0.0,0.477338301651939,0.8018823633451376,
JPN,2002,perm,orig,mawd,,0.0,,,
JPN,2002,perm,orig,d,,0.0,,,
JPN,2002,perm,clean,mawd,,0.0,,,
JPN,2002,perm,clean,d,,0.0,,,
JPN,2002,lnorm,orig,mawd,,0.0,0.2938850744688934,0.4064801933711754,
JPN,2002,lnorm,orig,d,,0.0,0.48177285817553306,0.8096410663229572,
JPN,2002,lnorm,clean,mawd,,0.0,0.28906827343259167,0.40593625893811586,
JPN,2002,lnorm,clean,d,,0.0,0.4798636420060391,0.8097462568316953,
JPN,2002,perm,corr,mawd,,0.0,,,
JPN,2002,perm,corr,d,,0.0,,,
JPN,2002,lnorm,corr,mawd,,0.0,0.2938850744688934,0.4064801933711754,
JPN,2002,lnorm,corr,d,,0.0,0.48177285817553306,0.8096410663229572,
JPN,2003,perm,orig,mawd,,0.0,,,
JPN,2003,perm,orig,d,,0.0,,,
JPN,2003,perm,clean,mawd,,0.0,,,
JPN,2003,perm,clean,d,,0.0,,,
JPN,2003,lnorm,orig,mawd,,0.0,0.29608712435829265,0.4141768541142582,
JPN,2003,lnorm,orig,d,,0.0,0.48984826287469413,0.8229668251110064,
JPN,2003,lnorm,clean,mawd,,0.0,0.29004078891360685,0.41294077610097435,
JPN,2003,lnorm,clean,d,,0.0,0.48450805220847565,0.8239514822820265,
JPN,2003,perm,corr,mawd,,0.0,,,
JPN,2003,perm,corr,d,,0.0,,,
JPN,2003,lnorm,corr,mawd,,0.0,0.29608712435829265,0.4141768541142582,
JPN,2003,lnorm,corr,d,,0.0,0.48984826287469413,0.8229668251110064,
JPN,2004,perm,orig,mawd,,0.0,,,
JPN,2004,perm,orig,d,,0.0,,,
JPN,2004,perm,clean,mawd,,0.0,,,
JPN,2004,perm,clean,d,,0.0,,,
JPN,2004,lnorm,orig,mawd,,0.0,0.2990412069751077,0.4249434078429565,
JPN,2004,lnorm,orig,d,,0.0,0.4975375687588084,0.8367038191646816,
JPN,2004,lnorm,clean,mawd,,0.0,0.29358473786142353,0.42162193694395844,
JPN,2004,lnorm,clean,d,,0.0,0.48666530482713344,0.8357191247110203,
JPN,2004,perm,corr,mawd,,0.0,,,
JPN,2004,perm,corr,d,,0.0,,,
JPN,2004,lnorm,corr,mawd,,0.0,0.2990412069751077,0.4249434078429565,
JPN,2004,lnorm,corr,d,,0.0,0.4975375687588084,0.8367038191646816,
JPN,2005,perm,orig,mawd,,0.0,,,
JPN,2005,perm,orig,d,,0.0,,,
JPN,2005,perm,clean,mawd,,0.0,,,
JPN,2005,perm,clean,d,,0.0,,,
JPN,2005,lnorm,orig,mawd,,0.0,0.30503596353346357,0.4338567042894415,
JPN,2005,lnorm,orig,d,,0.0,0.5068005086231356,0.8529433643136191,
JPN,2005,lnorm,clean,mawd,,0.0,0.2976159369481176,0.434366236558898,
JPN,2005,lnorm,clean,d,,0.0,0.49588005147591385,0.8504617005615707,
JPN,2005,perm,corr,mawd,,0.0,,,
JPN,2005,perm,corr,d,,0.0,,,
JPN,2005,lnorm,corr,mawd,,0.0,0.30503596353346357,0.4338567042894415,
JPN,2005,lnorm,corr,d,,0.0,0.5068005086231356,0.8529433643136191,
JPN,2006,perm,orig,mawd,,0.0,,,
JPN,2006,perm,orig,d,,0.0,,,
JPN,2006,perm,clean,mawd,,0.0,,,
JPN,2006,perm,clean,d,,0.0,,,
JPN,2006,lnorm,orig,mawd,,0.0,0.3058080975482876,0.43887616852626987,
JPN,2006,lnorm,orig,d,,0.0,0.5156186843082632,0.8665800505250331,
JPN,2006,lnorm,clean,mawd,,0.0,0.3022809597131405,0.43882618930413353,
JPN,2006,lnorm,clean,d,,0.0,0.5103634430596765,0.862633284966877,
JPN,2006,perm,corr,mawd,,0.0,,,
JPN,2006,perm,corr,d,,0.0,,,
JPN,2006,lnorm,corr,mawd,,0.0,0.3058080975482876,0.43887616852626987,
JPN,2006,lnorm,corr,d,,0.0,0.5156186843082632,0.8665800505250331,
JPN,2007,perm,orig,mawd,,0.0,,,
JPN,2007,perm,orig,d,,0.0,,,
JPN,2007,perm,clean,mawd,,0.0,,,
JPN,2007,perm,clean,d,,0.0,,,
JPN,2007,lnorm,orig,mawd,,0.0,0.30814595606950823,0.4445376251543526,
JPN,2007,lnorm,orig,d,,0.0,0.5188255014779457,0.879998187832687,
JPN,2007,lnorm,clean,mawd,,0.0,0.3058169508494024,0.44551042724525014,
JPN,2007,lnorm,clean,d,,0.0,0.5127483192271425,0.8773132443957481,
JPN,2007,perm,corr,mawd,,0.0,,,
JPN,2007,perm,corr,d,,0.0,,,
JPN,2007,lnorm,corr,mawd,,0.0,0.30814595606950823,0.4445376251543526,
JPN,2007,lnorm,corr,d,,0.0,0.5188255014779457,0.879998187832687,
JPN,2008,perm,orig,mawd,,0.0,,,
JPN,2008,perm,orig,d,,0.0,,,
JPN,2008,perm,clean,mawd,,0.0,,,
JPN,2008,perm,clean,d,,0.0,,,
JPN,2008,lnorm,orig,mawd,,0.0,0.3089992975630796,0.44809577092793207,
JPN,2008,lnorm,orig,d,,0.0,0.5244005231538791,0.900589694198672,
JPN,2008,lnorm,clean,mawd,,0.0,0.3101025666649618,0.4492549436996884,
JPN,2008,lnorm,clean,d,,0.0,0.521455272585464,0.8981893431575193,
JPN,2008,perm,corr,mawd,,0.0,,,
JPN,2008,perm,corr,d,,0.0,,,
JPN,2008,lnorm,corr,mawd,,0.0,0.3089992975630796,0.44809577092793207,
JPN,2008,lnorm,corr,d,,0.0,0.5244005231538791,0.900589694198672,
JPN,2009,perm,orig,mawd,,0.0,,,
JPN,2009,perm,orig,d,,0.0,,,
JPN,2009,perm,clean,mawd,,0.0,,,
JPN,2009,perm,clean,d,,0.0,,,
JPN,2009,lnorm,orig,mawd,,0.0,0.30698008858793946,0.43659603070306263,
JPN,2009,lnorm,orig,d,,0.0,0.5207184470784579,0.879159874850182,
JPN,2009,lnorm,clean,mawd,,0.0,0.3030167224745183,0.43478655342734174,
JPN,2009,lnorm,clean,d,,0.0,0.518735199940288,0.8768866308464903,
JPN,2009,perm,corr,mawd,,0.0,,,
JPN,2009,perm,corr,d,,0.0,,,
JPN,2009,lnorm,corr,mawd,,0.0,0.30698008858793946,0.43659603070306263,
JPN,2009,lnorm,corr,d,,0.0,0.5207184470784579,0.879159874850182,
JPN,2010,perm,orig,mawd,,0.0,,,
JPN,2010,perm,orig,d,,0.0,,,
JPN,2010,perm,clean,mawd,,0.0,,,
JPN,2010,perm,clean,d,,0.0,,,
JPN,2010,lnorm,orig,mawd,,0.0,0.3098788580692211,0.4442343754640785,
JPN,2010,lnorm,orig,d,,0.0,0.5188102275065439,0.8792440244784182,
JPN,2010,lnorm,clean,mawd,,0.0,0.3051501422002581,0.4428302311096918,
JPN,2010,lnorm,clean,d,,0.0,0.5116877987664403,0.8740178053760836,
JPN,2010,perm,corr,mawd,,0.0,,,
JPN,2010,perm,corr,d,,0.0,,,
JPN,2010,lnorm,corr,mawd,,0.0,0.3098788580692211,0.4442343754640785,
JPN,2010,lnorm,corr,d,,0.0,0.5188102275065439,0.8792440244784182,
JPN,2011,perm,orig,mawd,,0.0,,,
JPN,2011,perm,orig,d,,0.0,,,
JPN,2011,perm,clean,mawd,,0.0,,,
JPN,2011,perm,clean,d,,0.0,,,
JPN,2011,lnorm,orig,mawd,,0.0,0.3154324416288973,0.4487895487202157,
JPN,2011,lnorm,orig,d,,0.0,0.5244178060693321,0.8872229489900637,
JPN,2011,lnorm,clean,mawd,,0.0,0.3112655335458708,0.4469227411809118,
JPN,2011,lnorm,clean,d,,0.0,0.5228543357101635,0.8858777757297139,
JPN,2011,perm,corr,mawd,,0.0,,,
JPN,2011,perm,corr,d,,0.0,,,
JPN,2011,lnorm,corr,mawd,,0.0,0.3154324416288973,0.4487895487202157,
JPN,2011,lnorm,corr,d,,0.0,0.5244178060693321,0.8872229489900637,
JPN,2012,perm,orig,mawd,,0.0,,,
JPN,2012,perm,orig,d,,0.0,,,
JPN,2012,perm,clean,mawd,,0.0,,,
JPN,2012,perm,clean,d,,0.0,,,
JPN,2012,lnorm,orig,mawd,,0.0,0.3115168597002491,0.4408597921026729,
JPN,2012,lnorm,orig,d,,0.0,0.5188628905372651,0.8816846705752558,
JPN,2012,lnorm,clean,mawd,,0.0,0.30864885796707286,0.44222990664904066,
JPN,2012,lnorm,clean,d,,0.0,0.518558980166771,0.8810047179078351,
JPN,2012,perm,corr,mawd,,0.0,,,
JPN,2012,perm,corr,d,,0.0,,,
JPN,2012,lnorm,corr,mawd,,0.0,0.3115168597002491,0.4408597921026729,
JPN,2012,lnorm,corr,d,,0.0,0.5188628905372651,0.8816846705752558,
JPN,2013,perm,orig,mawd,,0.0,,,
JPN,2013,perm,orig,d,,0.0,,,
JPN,2013,perm,clean,mawd,,0.0,,,
JPN,2013,perm,clean,d,,0.0,,,
JPN,2013,lnorm,orig,mawd,,0.0,0.30659163800628236,0.43416172198872055,
JPN,2013,lnorm,orig,d,,0.0,0.5124778425033935,0.8826906973604904,
JPN,2013,lnorm,clean,mawd,,0.0,0.3055931314719612,0.4350540381369171,
JPN,2013,lnorm,clean,d,,0.0,0.5149709621018672,0.8825599495953211,
JPN,2013,perm,corr,mawd,,0.0,,,
JPN,2013,perm,corr,d,,0.0,,,
JPN,2013,lnorm,corr,mawd,,0.0,0.30659163800628236,0.43416172198872055,
JPN,2013,lnorm,corr,d,,0.0,0.5124778425033935,0.8826906973604904,
JPN,2014,perm,orig,mawd,,0.0,,,
JPN,2014,perm,orig,d,,0.0,,,
JPN,2014,perm,clean,mawd,,0.0,,,
JPN,2014,perm,clean,d,,0.0,,,
JPN,2014,lnorm,orig,mawd,,0.0,0.3049253174181953,0.43168977468733694,
JPN,2014,lnorm,orig,d,,0.0,0.5085463315948324,0.8763937038400511,
JPN,2014,lnorm,clean,mawd,,0.0,0.3011504658925005,0.43152309323346194,
JPN,2014,lnorm,clean,d,,0.0,0.5105778762925716,0.8744258007317545,
JPN,2014,perm,corr,mawd,,0.0,,,
JPN,2014,perm,corr,d,,0.0,,,
JPN,2014,lnorm,corr,mawd,,0.0,0.3049253174181953,0.43168977468733694,
JPN,2014,lnorm,corr,d,,0.0,0.5085463315948324,0.8763937038400511,
KOR,2000,perm,orig,mawd,,0.0,,,
KOR,2000,perm,orig,d,,0.0,,,
KOR,2000,perm,clean,mawd,,0.0,,,
KOR,2000,perm,clean,d,,0.0,,,
KOR,2000,lnorm,orig,mawd,,0.0,0.25553220834279927,0.3369757887245398,
KOR,2000,lnorm,orig,d,,0.0,0.3374490809102382,0.4466314348971999,
KOR,2000,lnorm,clean,mawd,,0.0,0.2511108194298406,0.3374525073181324,
KOR,2000,lnorm,clean,d,,0.0,0.33405155503952927,0.4539692258496145,
KOR,2000,perm,corr,mawd,,0.0,,,
KOR,2000,perm,corr,d,,0.0,,,
KOR,2000,lnorm,corr,mawd,,0.0,0.25553220834279927,0.3369757887245398,
KOR,2000,lnorm,corr,d,,0.0,0.3374490809102382,0.4466314348971999,
KOR,2001,perm,orig,mawd,,0.0,,,
KOR,2001,perm,orig,d,,0.0,,,
KOR,2001,perm,clean,mawd,,0.0,,,
KOR,2001,perm,clean,d,,0.0,,,
KOR,2001,lnorm,orig,mawd,,0.0,0.2584615106301612,0.3414122500076776,
KOR,2001,lnorm,orig,d,,0.0,0.33605073347986125,0.45210277187400794,
KOR,2001,lnorm,clean,mawd,,0.0,0.25846094337680936,0.34206311773299514,
KOR,2001,lnorm,clean,d,,0.0,0.33451196059195026,0.4591406088818727,
KOR,2001,perm,corr,mawd,,0.0,,,
KOR,2001,perm,corr,d,,0.0,,,
KOR,2001,lnorm,corr,mawd,,0.0,0.2584615106301612,0.3414122500076776,
KOR,2001,lnorm,corr,d,,0.0,0.33605073347986125,0.45210277187400794,
KOR,2002,perm,orig,mawd,,0.0,,,
KOR,2002,perm,orig,d,,0.0,,,
KOR,2002,perm,clean,mawd,,0.0,,,
KOR,2002,perm,clean,d,,0.0,,,
KOR,2002,lnorm,orig,mawd,,0.0,0.25688130821144667,0.34396957027646335,
KOR,2002,lnorm,orig,d,,0.0,0.33915379637412063,0.46147110441185346,
KOR,2002,lnorm,clean,mawd,,0.0,0.25681499501785987,0.3456223496124655,
KOR,2002,lnorm,clean,d,,0.0,0.3346536185953454,0.4677741217097373,
KOR,2002,perm,corr,mawd,,0.0,,,
KOR,2002,perm,corr,d,,0.0,,,
KOR,2002,lnorm,corr,mawd,,0.0,0.25688130821144667,0.34396957027646335,
KOR,2002,lnorm,corr,d,,0.0,0.33915379637412063,0.46147110441185346,
KOR,2003,perm,orig,mawd,,0.0,,,
KOR,2003,perm,orig,d,,0.0,,,
KOR,2003,perm,clean,mawd,,0.0,,,
KOR,2003,perm,clean,d,,0.0,,,
KOR,2003,lnorm,orig,mawd,,0.0,0.25193921242849576,0.3355818951074112,
KOR,2003,lnorm,orig,d,,0.0,0.3384954044779207,0.4611125548163038,
KOR,2003,lnorm,clean,mawd,,0.0,0.25062173448980013,0.33643321328673415,
KOR,2003,lnorm,clean,d,,0.0,0.3343195898299755,0.46905552741278717,
KOR,2003,perm,corr,mawd,,0.0,,,
KOR,2003,perm,corr,d,,0.0,,,
KOR,2003,lnorm,corr,mawd,,0.0,0.25193921242849576,0.3355818951074112,
KOR,2003,lnorm,corr,d,,0.0,0.3384954044779207,0.4611125548163038,
KOR,2004,perm,orig,mawd,,0.0,,,
KOR,2004,perm,orig,d,,0.0,,,
KOR,2004,perm,clean,mawd,,0.0,,,
KOR,2004,perm,clean,d,,0.0,,,
KOR,2004,lnorm,orig,mawd,,0.0,0.25206940536289796,0.3366264499510179,
KOR,2004,lnorm,orig,d,,0.0,0.3415156407560452,0.46993016629385287,
KOR,2004,lnorm,clean,mawd,,0.0,0.24984061690536805,0.34063154113060656,
KOR,2004,lnorm,clean,d,,0.0,0.3396508930270138,0.47985663572897674,
KOR,2004,perm,corr,mawd,,0.0,,,
KOR,2004,perm,corr,d,,0.0,,,
KOR,2004,lnorm,corr,mawd,,0.0,0.25206940536289796,0.3366264499510179,
KOR,2004,lnorm,corr,d,,0.0,0.3415156407560452,0.46993016629385287,
KOR,2005,perm,orig,mawd,,0.0,,,
KOR,2005,perm,orig,d,,0.0,,,
KOR,2005,perm,clean,mawd,,0.0,,,
KOR,2005,perm,clean,d,,0.0,,,
KOR,2005,lnorm,orig,mawd,,0.0,0.2541562204992267,0.33914442701075315,
KOR,2005,lnorm,orig,d,,0.0,0.34475642876069734,0.48118769414648627,
KOR,2005,lnorm,clean,mawd,,0.0,0.2512908175858675,0.3421312536431567,
KOR,2005,lnorm,clean,d,,0.0,0.340987626649816,0.4975128488347929,
KOR,2005,perm,corr,mawd,,0.0,,,
KOR,2005,perm,corr,d,,0.0,,,
KOR,2005,lnorm,corr,mawd,,0.0,0.2541562204992267,0.33914442701075315,
KOR,2005,lnorm,corr,d,,0.0,0.34475642876069734,0.48118769414648627,
KOR,2006,perm,orig,mawd,,0.0,,,
KOR,2006,perm,orig,d,,0.0,,,
KOR,2006,perm,clean,mawd,,0.0,,,
KOR,2006,perm,clean,d,,0.0,,,
KOR,2006,lnorm,orig,mawd,,0.0,0.2518356147178394,0.331827252685341,
KOR,2006,lnorm,orig,d,,0.0,0.3369141727440369,0.47751142700480087,
KOR,2006,lnorm,clean,mawd,,0.0,0.24872557393355327,0.33528876331441526,
KOR,2006,lnorm,clean,d,,0.0,0.33208423057324155,0.48950849498729365,
KOR,2006,perm,corr,mawd,,0.0,,,
KOR,2006,perm,corr,d,,0.0,,,
KOR,2006,lnorm,corr,mawd,,0.0,0.2518356147178394,0.331827252685341,
KOR,2006,lnorm,corr,d,,0.0,0.3369141727440369,0.47751142700480087,
KOR,2007,perm,orig,mawd,,0.0,,,
KOR,2007,perm,orig,d,,0.0,,,
KOR,2007,perm,clean,mawd,,0.0,,,
KOR,2007,perm,clean,d,,0.0,,,
KOR,2007,lnorm,orig,mawd,,0.0,0.2465662719317151,0.32444588644523126,
KOR,2007,lnorm,orig,d,,0.0,0.33097488949686066,0.4791524492806575,
KOR,2007,lnorm,clean,mawd,,0.0,0.24372123243714128,0.32742896433947055,
KOR,2007,lnorm,clean,d,,0.0,0.3250147309734133,0.49456589642337784,
KOR,2007,perm,corr,mawd,,0.0,,,
KOR,2007,perm,corr,d,,0.0,,,
KOR,2007,lnorm,corr,mawd,,0.0,0.2465662719317151,0.32444588644523126,
KOR,2007,lnorm,corr,d,,0.0,0.33097488949686066,0.4791524492806575,
KOR,2008,perm,orig,mawd,,0.0,,,
KOR,2008,perm,orig,d,,0.0,,,
KOR,2008,perm,clean,mawd,,0.0,,,
KOR,2008,perm,clean,d,,0.0,,,
KOR,2008,lnorm,orig,mawd,,0.0,0.23677585415984537,0.31161446279011884,
KOR,2008,lnorm,orig,d,,0.0,0.331353406520838,0.5107215011002944,
KOR,2008,lnorm,clean,mawd,,0.0,0.23672082581563791,0.31801458742389505,
KOR,2008,lnorm,clean,d,,0.0,0.3297291849997444,0.5241556279421713,
KOR,2008,perm,corr,mawd,,0.0,,,
KOR,2008,perm,corr,d,,0.0,,,
KOR,2008,lnorm,corr,mawd,,0.0,0.23677585415984537,0.31161446279011884,
KOR,2008,lnorm,corr,d,,0.0,0.331353406520838,0.5107215011002944,
KOR,2009,perm,orig,mawd,,0.0,,,
KOR,2009,perm,orig,d,,0.0,,,
KOR,2009,perm,clean,mawd,,0.0,,,
KOR,2009,perm,clean,d,,0.0,,,
KOR,2009,lnorm,orig,mawd,,0.0,0.23000883140117032,0.3034214108432662,
KOR,2009,lnorm,orig,d,,0.0,0.3264211098558935,0.4962427667190797,
KOR,2009,lnorm,clean,mawd,,0.0,0.22730772114212167,0.3046412511708924,
KOR,2009,lnorm,clean,d,,0.0,0.32124064131063756,0.5040273416356762,
KOR,2009,perm,corr,mawd,,0.0,,,
KOR,2009,perm,corr,d,,0.0,,,
KOR,2009,lnorm,corr,mawd,,0.0,0.23000883140117032,0.3034214108432662,
KOR,2009,lnorm,corr,d,,0.0,0.3264211098558935,0.4962427667190797,
KOR,2010,perm,orig,mawd,,0.0,,,
KOR,2010,perm,orig,d,,0.0,,,
KOR,2010,perm,clean,mawd,,0.0,,,
KOR,2010,perm,clean,d,,0.0,,,
KOR,2010,lnorm,orig,mawd,,0.0,0.22787515725968144,0.30089682761391434,
KOR,2010,lnorm,orig,d,,0.0,0.32924652115661274,0.5037200269520865,
KOR,2010,lnorm,clean,mawd,,0.0,0.22654568421940177,0.303964485773194,
KOR,2010,lnorm,clean,d,,0.0,0.3208434396956561,0.5120212969907678,
KOR,2010,perm,corr,mawd,,0.0,,,
KOR,2010,perm,corr,d,,0.0,,,
KOR,2010,lnorm,corr,mawd,,0.0,0.22787515725968144,0.30089682761391434,
KOR,2010,lnorm,corr,d,,0.0,0.32924652115661274,0.5037200269520865,
KOR,2011,perm,orig,mawd,,0.0,,,
KOR,2011,perm,orig,d,,0.0,,,
KOR,2011,perm,clean,mawd,,0.0,,,
KOR,2011,perm,clean,d,,0.0,,,
KOR,2011,lnorm,orig,mawd,,0.0,0.23031697089270997,0.304711390275159,
KOR,2011,lnorm,orig,d,,0.0,0.33943600274838825,0.5391850960757449,
KOR,2011,lnorm,clean,mawd,,0.0,0.2273451478046712,0.3085510787100958,
KOR,2011,lnorm,clean,d,,0.0,0.32956179688542203,0.5513744195945836,
KOR,2011,perm,corr,mawd,,0.0,,,
KOR,2011,perm,corr,d,,0.0,,,
KOR,2011,lnorm,corr,mawd,,0.0,0.23031697089270997,0.304711390275159,
KOR,2011,lnorm,corr,d,,0.0,0.33943600274838825,0.5391850960757449,
KOR,2012,perm,orig,mawd,,0.0,,,
KOR,2012,perm,orig,d,,0.0,,,
KOR,2012,perm,clean,mawd,,0.0,,,
KOR,2012,perm,clean,d,,0.0,,,
KOR,2012,lnorm,orig,mawd,,0.0,0.23405272434896102,0.3087041558382733,
KOR,2012,lnorm,orig,d,,0.0,0.3372715547264326,0.5518699556397555,
KOR,2012,lnorm,clean,mawd,,0.0,0.23294391509804246,0.3104017829958723,
KOR,2012,lnorm,clean,d,,0.0,0.33132715771888516,0.5595378457317315,
KOR,2012,perm,corr,mawd,,0.0,,,
KOR,2012,perm,corr,d,,0.0,,,
KOR,2012,lnorm,corr,mawd,,0.0,0.23405272434896102,0.3087041558382733,
KOR,2012,lnorm,corr,d,,0.0,0.3372715547264326,0.5518699556397555,
KOR,2013,perm,orig,mawd,,0.0,,,
KOR,2013,perm,orig,d,,0.0,,,
KOR,2013,perm,clean,mawd,,0.0,,,
KOR,2013,perm,clean,d,,0.0,,,
KOR,2013,lnorm,orig,mawd,,0.0,0.2340787082386905,0.30713403599134265,
KOR,2013,lnorm,orig,d,,0.0,0.3338245812269535,0.5412217526114773,
KOR,2013,lnorm,clean,mawd,,0.0,0.23308365792006777,0.30855132481887476,
KOR,2013,lnorm,clean,d,,0.0,0.32796392034939154,0.5557971051419307,
KOR,2013,perm,corr,mawd,,0.0,,,
KOR,2013,perm,corr,d,,0.0,,,
KOR,2013,lnorm,corr,mawd,,0.0,0.2340787082386905,0.30713403599134265,
KOR,2013,lnorm,corr,d,,0.0,0.3338245812269535,0.5412217526114773,
KOR,2014,perm,orig,mawd,,0.0,,,
KOR,2014,perm,orig,d,,0.0,,,
KOR,2014,perm,clean,mawd,,0.0,,,
KOR,2014,perm,clean,d,,0.0,,,
KOR,2014,lnorm,orig,mawd,,0.0,0.23516461799386978,0.30750628081624765,
KOR,2014,lnorm,orig,d,,0.0,0.33615845033590397,0.5415351414806946,
KOR,2014,lnorm,clean,mawd,,0.0,0.23426455991395534,0.3075712717816191,
KOR,2014,lnorm,clean,d,,0.0,0.328814003787304,0.555643194284103,
KOR,2014,perm,corr,mawd,,0.0,,,
KOR,2014,perm,corr,d,,0.0,,,
KOR,2014,lnorm,corr,mawd,,0.0,0.23516461799386978,0.30750628081624765,
KOR,2014,lnorm,corr,d,,0.0,0.33615845033590397,0.5415351414806946,
LTU,2000,perm,orig,mawd,0.2986934680313397,0.059,0.29376253249236134,0.40777565707615393,-1.478017945967804
LTU,2000,perm,orig,d,0.34083463019242183,0.191,0.318960257177528,0.3666179370060746,-0.8033864537967937
LTU,2000,perm,clean,mawd,0.2685160217441382,0.022,0.2915558122776789,0.40257440737683436,-1.7841531312452212
LTU,2000,perm,clean,d,0.2988272212823777,0.011,0.31351786122701364,0.36756395611175835,-1.7784003817649492
LTU,2000,lnorm,orig,mawd,0.2986934680313397,0.057,0.2952556297623991,0.40994626632282377,-1.3694917049112134
LTU,2000,lnorm,orig,d,0.34083463019242183,0.196,0.31019537527455265,0.3743814203930871,-0.8664651607378536
LTU,2000,lnorm,clean,mawd,0.2685160217441382,0.027,0.28760270051726333,0.40750387043965347,-1.6317594882329545
LTU,2000,lnorm,clean,d,0.2988272212823777,0.033,0.3070184692638712,0.3739499852494275,-1.7223065491426925
LTU,2000,perm,corr,mawd,0.2986934680313397,0.059,0.29376253249236134,0.40777565707615393,-1.478017945967804
LTU,2000,perm,corr,d,0.34083463019242183,0.191,0.318960257177528,0.3666179370060746,-0.8033864537967937
LTU,2000,lnorm,corr,mawd,0.2986934680313397,0.057,0.2952556297623991,0.40994626632282377,-1.3694917049112134
LTU,2000,lnorm,corr,d,0.34083463019242183,0.196,0.31019537527455265,0.3743814203930871,-0.8664651607378536
LTU,2001,perm,orig,mawd,0.3031382992056405,0.158,0.2688444328421499,0.37271349793316977,-1.0584505106966124
LTU,2001,perm,orig,d,0.32554373479130516,0.237,0.3010835471865802,0.34623150978819,-0.6953255766253172
LTU,2001,perm,clean,mawd,0.27480722968682747,0.077,0.2664764573851133,0.3706213434565668,-1.3931006556183874
LTU,2001,perm,clean,d,0.28745625142159886,0.025,0.2964041645015864,0.3487173616758956,-1.5975671164127476
LTU,2001,lnorm,orig,mawd,0.3031382992056405,0.089,0.2815029581450095,0.39348738125212857,-1.1987302054594822
LTU,2001,lnorm,orig,d,0.32554373479130516,0.143,0.30286690069040656,0.3640096767682165,-1.039416314074268
LTU,2001,lnorm,clean,mawd,0.27480722968682747,0.048,0.27586726414914037,0.39074245137711927,-1.46553985867209
LTU,2001,lnorm,clean,d,0.28745625142159886,0.019,0.3012192236571119,0.367312765769738,-1.8457768133381602
LTU,2001,perm,corr,mawd,0.3031382992056405,0.158,0.2688444328421499,0.37271349793316977,-1.0584505106966124
LTU,2001,perm,corr,d,0.32554373479130516,0.237,0.3010835471865802,0.34623150978819,-0.6953255766253172
LTU,2001,lnorm,corr,mawd,0.3031382992056405,0.089,0.2815029581450095,0.39348738125212857,-1.1987302054594822
LTU,2001,lnorm,corr,d,0.32554373479130516,0.143,0.30286690069040656,0.3640096767682165,-1.039416314074268
LTU,2002,perm,orig,mawd,0.30725880267258515,0.169,0.27335759714738667,0.36566919330099235,-0.9822976679439118
LTU,2002,perm,orig,d,0.32013100087544394,0.105,0.31015580818329863,0.35341798375905453,-1.1462992839953112
LTU,2002,perm,clean,mawd,0.27338889981179715,0.059,0.2690621472722824,0.3631666532774447,-1.4201029458101884
LTU,2002,perm,clean,d,0.29135389232006503,0.013,0.3067240810196722,0.3567133359609217,-1.8635906433209497
LTU,2002,lnorm,orig,mawd,0.30725880267258515,0.098,0.2825265043504515,0.39028233683235103,-1.1734392626975811
LTU,2002,lnorm,orig,d,0.32013100087544394,0.094,0.3087009228366365,0.3684636435968396,-1.3364558551801604
LTU,2002,lnorm,clean,mawd,0.27338889981179715,0.046,0.27654631215209124,0.3894904818526903,-1.5108677693912262
LTU,2002,lnorm,clean,d,0.29135389232006503,0.015,0.30879542926973014,0.3697422652070429,-2.017958264686852
LTU,2002,perm,corr,mawd,0.30725880267258515,0.169,0.27335759714738667,0.36566919330099235,-0.9822976679439118
LTU,2002,perm,corr,d,0.32013100087544394,0.105,0.31015580818329863,0.35341798375905453,-1.1462992839953112
LTU,2002,lnorm,corr,mawd,0.30725880267258515,0.098,0.2825265043504515,0.39028233683235103,-1.1734392626975811
LTU,2002,lnorm,corr,d,0.32013100087544394,0.094,0.3087009228366365,0.3684636435968396,-1.3364558551801604
LTU,2003,perm,orig,mawd,0.33139046842523295,0.199,0.2887095044573138,0.3856459880706315,-0.8646696228244096
LTU,2003,perm,orig,d,0.3353356745230208,0.213,0.3144926710469817,0.3595429915837923,-0.8158921283546043
LTU,2003,perm,clean,mawd,0.30511428482686037,0.128,0.2796225641211301,0.3861210796774041,-1.1359944119475567
LTU,2003,perm,clean,d,0.30796892341728194,0.063,0.30516076525685765,0.35741446151095446,-1.3906057356507082
LTU,2003,lnorm,orig,mawd,0.33139046842523295,0.118,0.30262506289648516,0.41713532738747205,-1.1176001577604342
LTU,2003,lnorm,orig,d,0.3353356745230208,0.119,0.31995425224631524,0.38101524716022567,-1.2232037584501265
LTU,2003,lnorm,clean,mawd,0.30511428482686037,0.073,0.294473679292806,0.4212577008759817,-1.3253694718763065
LTU,2003,lnorm,clean,d,0.30796892341728194,0.038,0.31146927699490085,0.3789935550108716,-1.716401277954314
LTU,2003,perm,corr,mawd,0.33139046842523295,0.199,0.2887095044573138,0.3856459880706315,-0.8646696228244096
LTU,2003,perm,corr,d,0.3353356745230208,0.213,0.3144926710469817,0.3595429915837923,-0.8158921283546043
LTU,2003,lnorm,corr,mawd,0.33139046842523295,0.118,0.30262506289648516,0.41713532738747205,-1.1176001577604342
LTU,2003,lnorm,corr,d,0.3353356745230208,0.119,0.31995425224631524,0.38101524716022567,-1.2232037584501265
LTU,2004,perm,orig,mawd,0.2734994244967108,0.018,0.2917480101841189,0.38724601552592336,-1.8651038858743278
LTU,2004,perm,orig,d,0.33572162345989776,0.148,0.3189208184346622,0.3664357421210811,-1.0309680565912944
LTU,2004,perm,clean,mawd,0.24273312122261032,0.005,0.28495767005451994,0.39232135727438844,-2.2117542018703293
LTU,2004,perm,clean,d,0.2866823715385349,0.002,0.3148128014730609,0.36753171854416655,-2.2556481561023634
LTU,2004,lnorm,orig,mawd,0.2734994244967108,0.017,0.3059146024729713,0.4203752330465588,-1.8277290078454462
LTU,2004,lnorm,orig,d,0.33572162345989776,0.134,0.31632682293256237,0.3779772719947945,-1.1628803302797643
LTU,2004,lnorm,clean,mawd,0.24273312122261032,0.007,0.29965568087760597,0.4253059220027343,-1.9936605483873406
LTU,2004,lnorm,clean,d,0.2866823715385349,0.005,0.3137514794403543,0.3761604607932333,-2.285655175890526
LTU,2004,perm,corr,mawd,0.2734994244967108,0.018,0.2917480101841189,0.38724601552592336,-1.8651038858743278
LTU,2004,perm,corr,d,0.33572162345989776,0.148,0.3189208184346622,0.3664357421210811,-1.0309680565912944
LTU,2004,lnorm,corr,mawd,0.2734994244967108,0.017,0.3059146024729713,0.4203752330465588,-1.8277290078454462
LTU,2004,lnorm,corr,d,0.33572162345989776,0.134,0.31632682293256237,0.3779772719947945,-1.1628803302797643
LTU,2005,perm,orig,mawd,0.26741806883088226,0.04,0.276260463087435,0.36306181993585784,-1.6369454965956407
LTU,2005,perm,orig,d,0.33249207667574393,0.194,0.31183856788111947,0.3580533582368911,-0.8896680054421711
LTU,2005,perm,clean,mawd,0.23786824823299504,0.015,0.26806546353521155,0.36221541341498636,-1.9836047866092879
LTU,2005,perm,clean,d,0.29134459718320577,0.007,0.30866766168869714,0.35812201056935095,-2.0315945703609835
LTU,2005,lnorm,orig,mawd,0.26741806883088226,0.018,0.2978919664896042,0.40879277682774956,-1.804192256575359
LTU,2005,lnorm,orig,d,0.33249207667574393,0.131,0.3150745570883797,0.37557008300210626,-1.1954476631410758
LTU,2005,lnorm,clean,mawd,0.23786824823299504,0.009,0.2920769124055881,0.4046153835456825,-2.0122382216155565
LTU,2005,lnorm,clean,d,0.29134459718320577,0.006,0.3124604925184691,0.3740025435241556,-2.2230893128726623
LTU,2005,perm,corr,mawd,0.26741806883088226,0.04,0.276260463087435,0.36306181993585784,-1.6369454965956407
LTU,2005,perm,corr,d,0.33249207667574393,0.194,0.31183856788111947,0.3580533582368911,-0.8896680054421711
LTU,2005,lnorm,corr,mawd,0.26741806883088226,0.018,0.2978919664896042,0.40879277682774956,-1.804192256575359
LTU,2005,lnorm,corr,d,0.33249207667574393,0.131,0.3150745570883797,0.37557008300210626,-1.1954476631410758
LTU,2006,perm,orig,mawd,0.27757974659212925,0.015,0.3036203399457054,0.40747369337508504,-1.762709558079526
LTU,2006,perm,orig,d,0.34932401087700493,0.24,0.3234882043932934,0.3707621823789437,-0.7330154613872001
LTU,2006,perm,clean,mawd,0.2543658322539321,0.006,0.29878542256470325,0.4045425923330148,-1.9286673562511805
LTU,2006,perm,clean,d,0.30035370839942765,0.008,0.3181328107284555,0.3742041458844454,-2.0870718134554878
LTU,2006,lnorm,orig,mawd,0.27757974659212925,0.016,0.3066539691023178,0.4221960258495978,-1.7543659145964934
LTU,2006,lnorm,orig,d,0.34932401087700493,0.169,0.3248915491324681,0.38780033908670797,-1.0066868182356967
LTU,2006,lnorm,clean,mawd,0.2543658322539321,0.009,0.3003347928109709,0.4183180321112818,-1.9257110826111086
LTU,2006,lnorm,clean,d,0.30035370839942765,0.012,0.32200133061747926,0.39054025365166334,-2.217138143796936
LTU,2006,perm,corr,mawd,0.27757974659212925,0.015,0.3036203399457054,0.40747369337508504,-1.762709558079526
LTU,2006,perm,corr,d,0.34932401087700493,0.24,0.3234882043932934,0.3707621823789437,-0.7330154613872001
LTU,2006,lnorm,corr,mawd,0.27757974659212925,0.016,0.3066539691023178,0.4221960258495978,-1.7543659145964934
LTU,2006,lnorm,corr,d,0.34932401087700493,0.169,0.3248915491324681,0.38780033908670797,-1.0066868182356967
LTU,2007,perm,orig,mawd,0.25845633319266,0.04,0.2669153836464612,0.3556043906386407,-1.6632201435587255
LTU,2007,perm,orig,d,0.32655708704459147,0.13,0.30970346396724324,0.35790024669727105,-1.0282322239405637
LTU,2007,perm,clean,mawd,0.24362898284281942,0.026,0.259528154890786,0.35449672744487215,-1.7669155114013368
LTU,2007,perm,clean,d,0.2997656500522603,0.041,0.30198520334058443,0.3563356609156344,-1.5367326417120692
LTU,2007,lnorm,orig,mawd,0.25845633319266,0.022,0.27904304306604316,0.3923221466901625,-1.7659831401193968
LTU,2007,lnorm,orig,d,0.32655708704459147,0.105,0.3120405048513796,0.37424886826249104,-1.2731724768213009
LTU,2007,lnorm,clean,mawd,0.24362898284281942,0.015,0.2728355736618097,0.3890080855036736,-1.819853501772493
LTU,2007,lnorm,clean,d,0.2997656500522603,0.038,0.3040691547430336,0.3733936276230484,-1.7613808698067996
LTU,2007,perm,corr,mawd,0.25845633319266,0.04,0.2669153836464612,0.3556043906386407,-1.6632201435587255
LTU,2007,perm,corr,d,0.32655708704459147,0.13,0.30970346396724324,0.35790024669727105,-1.0282322239405637
LTU,2007,lnorm,corr,mawd,0.25845633319266,0.022,0.27904304306604316,0.3923221466901625,-1.7659831401193968
LTU,2007,lnorm,corr,d,0.32655708704459147,0.105,0.3120405048513796,0.37424886826249104,-1.2731724768213009
LTU,2008,perm,orig,mawd,0.229640775102631,0.014,0.2566124614446026,0.34115533927080866,-1.884021535490456
LTU,2008,perm,orig,d,0.30712545414179304,0.036,0.3107273085538707,0.36029394830699557,-1.6262528539156715
LTU,2008,perm,clean,mawd,0.22849612662064242,0.016,0.2549606740288409,0.34158511859071256,-1.862235681443582
LTU,2008,perm,clean,d,0.3064462007049984,0.069,0.30199193155655324,0.35603485636373755,-1.4435040589920887
LTU,2008,lnorm,orig,mawd,0.229640775102631,0.008,0.27168819698339275,0.38550276840285613,-1.9975582180177571
LTU,2008,lnorm,orig,d,0.30712545414179304,0.024,0.31815122890392794,0.38078742536202836,-1.980085631915081
LTU,2008,lnorm,clean,mawd,0.22849612662064242,0.008,0.26888805272230626,0.3859488261486861,-1.9717681089591395
LTU,2008,lnorm,clean,d,0.3064462007049984,0.034,0.3140426135704384,0.37512961714855736,-1.8439406044231113
LTU,2008,perm,corr,mawd,0.229640775102631,0.014,0.2566124614446026,0.34115533927080866,-1.884021535490456
LTU,2008,perm,corr,d,0.30712545414179304,0.036,0.3107273085538707,0.36029394830699557,-1.6262528539156715
LTU,2008,lnorm,corr,mawd,0.229640775102631,0.008,0.27168819698339275,0.38550276840285613,-1.9975582180177571
LTU,2008,lnorm,corr,d,0.30712545414179304,0.024,0.31815122890392794,0.38078742536202836,-1.980085631915081
LTU,2009,perm,orig,mawd,0.23735669978451182,0.028,0.24909968401832433,0.3347385362338051,-1.735367745021997
LTU,2009,perm,orig,d,0.28485631679849405,0.013,0.299486112237995,0.3517913774713831,-1.90167862799643
LTU,2009,perm,clean,mawd,0.23533427926929656,0.026,0.24803999828198345,0.33497906042923975,-1.7553102427870604
LTU,2009,perm,clean,d,0.2747406113295461,0.009,0.2999010731064909,0.35469852976806443,-2.0874917120706447
LTU,2009,lnorm,orig,mawd,0.23735669978451182,0.014,0.2777587679996024,0.3816142526871238,-1.9869454129928579
LTU,2009,lnorm,orig,d,0.28485631679849405,0.006,0.309008553031495,0.36760247210021624,-2.2214946873870733
LTU,2009,lnorm,clean,mawd,0.23533427926929656,0.014,0.27587238561973704,0.3823401050966629,-1.994031144289746
LTU,2009,lnorm,clean,d,0.2747406113295461,0.003,0.3090211486544898,0.3668127643706798,-2.431514728625329
LTU,2009,perm,corr,mawd,0.23735669978451182,0.028,0.24909968401832433,0.3347385362338051,-1.735367745021997
LTU,2009,perm,corr,d,0.28485631679849405,0.013,0.299486112237995,0.3517913774713831,-1.90167862799643
LTU,2009,lnorm,corr,mawd,0.23735669978451182,0.014,0.2777587679996024,0.3816142526871238,-1.9869454129928579
LTU,2009,lnorm,corr,d,0.28485631679849405,0.006,0.309008553031495,0.36760247210021624,-2.2214946873870733
LTU,2010,perm,orig,mawd,0.2511893576761645,0.033,0.26643603687421563,0.35270499162911784,-1.805574729117593
LTU,2010,perm,orig,d,0.3243229135335379,0.093,0.31323624661115357,0.3612014039770563,-1.204878948558489
LTU,2010,perm,clean,mawd,0.24686645001226074,0.028,0.2643297995114706,0.3532412140144485,-1.8449575549968087
LTU,2010,perm,clean,d,0.2673462396112889,0.001,0.3098505886374356,0.3613229807811642,-2.750110996065567
LTU,2010,lnorm,orig,mawd,0.2511893576761645,0.013,0.2880369318820772,0.39360200438486137,-1.921085994357932
LTU,2010,lnorm,orig,d,0.3243229135335379,0.073,0.3189392823470062,0.3766932759554215,-1.448236815832404
LTU,2010,lnorm,clean,mawd,0.24686645001226074,0.013,0.2857795408955545,0.3938051545170066,-1.939653341780237
LTU,2010,lnorm,clean,d,0.2673462396112889,0.0,0.31572815603619775,0.37391696983446165,-2.9289904462456438
LTU,2010,perm,corr,mawd,0.2511893576761645,0.033,0.26643603687421563,0.35270499162911784,-1.805574729117593
LTU,2010,perm,corr,d,0.3243229135335379,0.093,0.31323624661115357,0.3612014039770563,-1.204878948558489
LTU,2010,lnorm,corr,mawd,0.2511893576761645,0.013,0.2880369318820772,0.39360200438486137,-1.921085994357932
LTU,2010,lnorm,corr,d,0.3243229135335379,0.073,0.3189392823470062,0.3766932759554215,-1.448236815832404
LTU,2011,perm,orig,mawd,0.23481489413936102,0.019,0.25580485228478284,0.3424907057234833,-1.9182716177933676
LTU,2011,perm,orig,d,0.2781029190881391,0.003,0.30896497919838983,0.35288578703127316,-2.4944857396110094
LTU,2011,perm,clean,mawd,0.23321498743820757,0.019,0.2532054403995976,0.34302919236636287,-1.906915623559236
LTU,2011,perm,clean,d,0.26156025224057766,0.0,0.3022233601575894,0.3562378566118172,-2.736876734615025
LTU,2011,lnorm,orig,mawd,0.23481489413936102,0.009,0.2851289202261616,0.39047872285991403,-2.0612603644617793
LTU,2011,lnorm,orig,d,0.2781029190881391,0.0,0.3200799480138953,0.3780306379062147,-2.8601064435432733
LTU,2011,lnorm,clean,mawd,0.23321498743820757,0.009,0.2837742354682268,0.3908305168593432,-2.0396875136582735
LTU,2011,lnorm,clean,d,0.26156025224057766,0.0,0.3149816282724716,0.3777753830184345,-3.1944493936915768
LTU,2011,perm,corr,mawd,0.23481489413936102,0.019,0.25580485228478284,0.3424907057234833,-1.9182716177933676
LTU,2011,perm,corr,d,0.2781029190881391,0.003,0.30896497919838983,0.35288578703127316,-2.4944857396110094
LTU,2011,lnorm,corr,mawd,0.23481489413936102,0.009,0.2851289202261616,0.39047872285991403,-2.0612603644617793
LTU,2011,lnorm,corr,d,0.2781029190881391,0.0,0.3200799480138953,0.3780306379062147,-2.8601064435432733
LTU,2012,perm,orig,mawd,0.2506046648661529,0.045,0.252452293428741,0.3388633784948477,-1.5766027967953158
LTU,2012,perm,orig,d,0.2932957248532613,0.016,0.30803202509281286,0.35690323776325256,-2.007701430188479
LTU,2012,perm,clean,mawd,0.24906961272499623,0.047,0.2503492684156341,0.33893697316227417,-1.579698122578515
LTU,2012,perm,clean,d,0.26285347727107955,0.0,0.3025199942993881,0.35731523847566693,-2.7515506886611742
LTU,2012,lnorm,orig,mawd,0.2506046648661529,0.014,0.29329774789921953,0.4044635277876662,-1.957878805510403
LTU,2012,lnorm,orig,d,0.2932957248532613,0.005,0.3237207750046939,0.38199675685641077,-2.5459628480284864
LTU,2012,lnorm,clean,mawd,0.24906961272499623,0.015,0.29205153125200417,0.40369097367447904,-1.9435767771861518
LTU,2012,lnorm,clean,d,0.26285347727107955,0.0,0.31978429373794875,0.3812370169122927,-3.3325623601215164
LTU,2012,perm,corr,mawd,0.2506046648661529,0.045,0.252452293428741,0.3388633784948477,-1.5766027967953158
LTU,2012,perm,corr,d,0.2932957248532613,0.016,0.30803202509281286,0.35690323776325256,-2.007701430188479
LTU,2012,lnorm,corr,mawd,0.2506046648661529,0.014,0.29329774789921953,0.4044635277876662,-1.957878805510403
LTU,2012,lnorm,corr,d,0.2932957248532613,0.005,0.3237207750046939,0.38199675685641077,-2.5459628480284864
LTU,2013,perm,orig,mawd,0.2436909869057379,0.016,0.27243690667327464,0.3629239860143958,-1.9858315031128355
LTU,2013,perm,orig,d,0.31878532167550705,0.052,0.31849984148309357,0.37129967905305683,-1.6456958029646958
LTU,2013,perm,clean,mawd,0.2401292790072441,0.014,0.26876410228349557,0.3631667796032866,-2.0115426741786684
LTU,2013,perm,clean,d,0.261092058861764,0.0,0.31716102963913395,0.37358809206120325,-3.208596978230411
LTU,2013,lnorm,orig,mawd,0.2436909869057379,0.006,0.3032336541939176,0.4218923311272692,-2.1649145367198246
LTU,2013,lnorm,orig,d,0.31878532167550705,0.021,0.3309137503026339,0.39239211708016053,-2.0391624843485388
LTU,2013,lnorm,clean,mawd,0.2401292790072441,0.006,0.3040642921539062,0.42171994276433744,-2.169439972347531
LTU,2013,lnorm,clean,d,0.261092058861764,0.0,0.32883831153848503,0.39267694531652964,-3.6008084893935166
LTU,2013,perm,corr,mawd,0.2436909869057379,0.016,0.27243690667327464,0.3629239860143958,-1.9858315031128355
LTU,2013,perm,corr,d,0.31878532167550705,0.052,0.31849984148309357,0.37129967905305683,-1.6456958029646958
LTU,2013,lnorm,corr,mawd,0.2436909869057379,0.006,0.3032336541939176,0.4218923311272692,-2.1649145367198246
LTU,2013,lnorm,corr,d,0.31878532167550705,0.021,0.3309137503026339,0.39239211708016053,-2.0391624843485388
LTU,2014,perm,orig,mawd,0.23296421000423181,0.008,0.2713407939440538,0.3685232320283879,-2.1774548815562476
LTU,2014,perm,orig,d,0.3225729664627938,0.061,0.3202583510076249,0.3729563631574321,-1.5652775837359816
LTU,2014,perm,clean,mawd,0.2427809252495642,0.015,0.27234066835850224,0.36808771464877044,-2.028799451796625
LTU,2014,perm,clean,d,0.2650066252838273,0.001,0.3151235389986617,0.37450818812859954,-2.9788637575351453
LTU,2014,lnorm,orig,mawd,0.23296421000423181,0.006,0.3034604504767228,0.42158343208068244,-2.2794329045606743
LTU,2014,lnorm,orig,d,0.3225729664627938,0.024,0.3308513821838403,0.3933721677967521,-1.929234011710116
LTU,2014,lnorm,clean,mawd,0.2427809252495642,0.005,0.3035277611163339,0.42762248855792284,-2.1307739065302833
LTU,2014,lnorm,clean,d,0.2650066252838273,0.0,0.32642742744705694,0.3906924729687088,-3.3587159350296125
LTU,2014,perm,corr,mawd,0.23296421000423181,0.008,0.2713407939440538,0.3685232320283879,-2.1774548815562476
LTU,2014,perm,corr,d,0.3225729664627938,0.061,0.3202583510076249,0.3729563631574321,-1.5652775837359816
LTU,2014,lnorm,corr,mawd,0.23296421000423181,0.006,0.3034604504767228,0.42158343208068244,-2.2794329045606743
LTU,2014,lnorm,corr,d,0.3225729664627938,0.024,0.3308513821838403,0.3933721677967521,-1.929234011710116
LUX,2000,perm,orig,mawd,,0.0,,,
LUX,2000,perm,orig,d,,0.0,,,
LUX,2000,perm,clean,mawd,,0.0,,,
LUX,2000,perm,clean,d,,0.0,,,
LUX,2000,lnorm,orig,mawd,,0.0,0.2170577229800506,0.33024269753205093,
LUX,2000,lnorm,orig,d,,0.0,0.38009199346623657,0.5902185172014562,
LUX,2000,lnorm,clean,mawd,,0.0,0.20589660191217854,0.3126200051487653,
LUX,2000,lnorm,clean,d,,0.0,0.3730911917223752,0.6086178567382754,
LUX,2000,perm,corr,mawd,,0.0,,,
LUX,2000,perm,corr,d,,0.0,,,
LUX,2000,lnorm,corr,mawd,,0.0,0.2170577229800506,0.33024269753205093,
LUX,2000,lnorm,corr,d,,0.0,0.38009199346623657,0.5902185172014562,
LUX,2001,perm,orig,mawd,,0.0,,,
LUX,2001,perm,orig,d,,0.0,,,
LUX,2001,perm,clean,mawd,,0.0,,,
LUX,2001,perm,clean,d,,0.0,,,
LUX,2001,lnorm,orig,mawd,,0.0,0.21791361925048625,0.3323152991713214,
LUX,2001,lnorm,orig,d,,0.0,0.3728888674375124,0.6002319324604563,
LUX,2001,lnorm,clean,mawd,,0.0,0.20804348096292946,0.31887898451712215,
LUX,2001,lnorm,clean,d,,0.0,0.3703712116444044,0.618558343343088,
LUX,2001,perm,corr,mawd,,0.0,,,
LUX,2001,perm,corr,d,,0.0,,,
LUX,2001,lnorm,corr,mawd,,0.0,0.21791361925048625,0.3323152991713214,
LUX,2001,lnorm,corr,d,,0.0,0.3728888674375124,0.6002319324604563,
LUX,2002,perm,orig,mawd,,0.0,,,
LUX,2002,perm,orig,d,,0.0,,,
LUX,2002,perm,clean,mawd,,0.0,,,
LUX,2002,perm,clean,d,,0.0,,,
LUX,2002,lnorm,orig,mawd,,0.0,0.2268328701679582,0.3337535640743575,
LUX,2002,lnorm,orig,d,,0.0,0.3714954974202909,0.5994356280965536,
LUX,2002,lnorm,clean,mawd,,0.0,0.2172431217009266,0.3240386246603699,
LUX,2002,lnorm,clean,d,,0.0,0.37083631289051894,0.6206709609984962,
LUX,2002,perm,corr,mawd,,0.0,,,
LUX,2002,perm,corr,d,,0.0,,,
LUX,2002,lnorm,corr,mawd,,0.0,0.2268328701679582,0.3337535640743575,
LUX,2002,lnorm,corr,d,,0.0,0.3714954974202909,0.5994356280965536,
LUX,2003,perm,orig,mawd,,0.0,,,
LUX,2003,perm,orig,d,,0.0,,,
LUX,2003,perm,clean,mawd,,0.0,,,
LUX,2003,perm,clean,d,,0.0,,,
LUX,2003,lnorm,orig,mawd,,0.0,0.22635564380935205,0.33051355210703237,
LUX,2003,lnorm,orig,d,,0.0,0.3730178765339397,0.6070601295170421,
LUX,2003,lnorm,clean,mawd,,0.0,0.21769028850260747,0.32396708514400063,
LUX,2003,lnorm,clean,d,,0.0,0.37072907806459987,0.6312349724859008,
LUX,2003,perm,corr,mawd,,0.0,,,
LUX,2003,perm,corr,d,,0.0,,,
LUX,2003,lnorm,corr,mawd,,0.0,0.22635564380935205,0.33051355210703237,
LUX,2003,lnorm,corr,d,,0.0,0.3730178765339397,0.6070601295170421,
LUX,2004,perm,orig,mawd,,0.0,,,
LUX,2004,perm,orig,d,,0.0,,,
LUX,2004,perm,clean,mawd,,0.0,,,
LUX,2004,perm,clean,d,,0.0,,,
LUX,2004,lnorm,orig,mawd,,0.0,0.2073395674655712,0.3102087656373058,
LUX,2004,lnorm,orig,d,,0.0,0.3638976535584374,0.6023681040838145,
LUX,2004,lnorm,clean,mawd,,0.0,0.20108368363004403,0.3004809687439493,
LUX,2004,lnorm,clean,d,,0.0,0.3707187772051411,0.6246460584442931,
LUX,2004,perm,corr,mawd,,0.0,,,
LUX,2004,perm,corr,d,,0.0,,,
LUX,2004,lnorm,corr,mawd,,0.0,0.2073395674655712,0.3102087656373058,
LUX,2004,lnorm,corr,d,,0.0,0.3638976535584374,0.6023681040838145,
LUX,2005,perm,orig,mawd,,0.0,,,
LUX,2005,perm,orig,d,,0.0,,,
LUX,2005,perm,clean,mawd,,0.0,,,
LUX,2005,perm,clean,d,,0.0,,,
LUX,2005,lnorm,orig,mawd,,0.0,0.1922431494103918,0.29611197221360874,
LUX,2005,lnorm,orig,d,,0.0,0.3679412334228598,0.620681075930624,
LUX,2005,lnorm,clean,mawd,,0.0,0.18477297690462485,0.2857222941631895,
LUX,2005,lnorm,clean,d,,0.0,0.3665912204675144,0.6465154641965992,
LUX,2005,perm,corr,mawd,,0.0,,,
LUX,2005,perm,corr,d,,0.0,,,
LUX,2005,lnorm,corr,mawd,,0.0,0.1922431494103918,0.29611197221360874,
LUX,2005,lnorm,corr,d,,0.0,0.3679412334228598,0.620681075930624,
LUX,2006,perm,orig,mawd,,0.0,,,
LUX,2006,perm,orig,d,,0.0,,,
LUX,2006,perm,clean,mawd,,0.0,,,
LUX,2006,perm,clean,d,,0.0,,,
LUX,2006,lnorm,orig,mawd,,0.0,0.17697533613656843,0.2783466541348384,
LUX,2006,lnorm,orig,d,,0.0,0.3604413173419547,0.6411529609763142,
LUX,2006,lnorm,clean,mawd,,0.0,0.1717843431242623,0.27245967268376775,
LUX,2006,lnorm,clean,d,,0.0,0.37266975299664623,0.6619000580336616,
LUX,2006,perm,corr,mawd,,0.0,,,
LUX,2006,perm,corr,d,,0.0,,,
LUX,2006,lnorm,corr,mawd,,0.0,0.17697533613656843,0.2783466541348384,
LUX,2006,lnorm,corr,d,,0.0,0.3604413173419547,0.6411529609763142,
LUX,2007,perm,orig,mawd,,0.0,,,
LUX,2007,perm,orig,d,,0.0,,,
LUX,2007,perm,clean,mawd,,0.0,,,
LUX,2007,perm,clean,d,,0.0,,,
LUX,2007,lnorm,orig,mawd,,0.0,0.16757972847820723,0.26840517180086687,
LUX,2007,lnorm,orig,d,,0.0,0.361422387484855,0.6445228304775044,
LUX,2007,lnorm,clean,mawd,,0.0,0.16338970186586083,0.26442249402543083,
LUX,2007,lnorm,clean,d,,0.0,0.37432358426501494,0.666456839527086,
LUX,2007,perm,corr,mawd,,0.0,,,
LUX,2007,perm,corr,d,,0.0,,,
LUX,2007,lnorm,corr,mawd,,0.0,0.16757972847820723,0.26840517180086687,
LUX,2007,lnorm,corr,d,,0.0,0.361422387484855,0.6445228304775044,
LUX,2008,perm,orig,mawd,,0.0,,,
LUX,2008,perm,orig,d,,0.0,,,
LUX,2008,perm,clean,mawd,,0.0,,,
LUX,2008,perm,clean,d,,0.0,,,
LUX,2008,lnorm,orig,mawd,,0.0,0.16853197460297525,0.25826263267012084,
LUX,2008,lnorm,orig,d,,0.0,0.3524878078146319,0.65332493682948,
LUX,2008,lnorm,clean,mawd,,0.0,0.1681993224818539,0.2582242735701268,
LUX,2008,lnorm,clean,d,,0.0,0.3652048439410582,0.6714404234539182,
LUX,2008,perm,corr,mawd,,0.0,,,
LUX,2008,perm,corr,d,,0.0,,,
LUX,2008,lnorm,corr,mawd,,0.0,0.16853197460297525,0.25826263267012084,
LUX,2008,lnorm,corr,d,,0.0,0.3524878078146319,0.65332493682948,
LUX,2009,perm,orig,mawd,,0.0,,,
LUX,2009,perm,orig,d,,0.0,,,
LUX,2009,perm,clean,mawd,,0.0,,,
LUX,2009,perm,clean,d,,0.0,,,
LUX,2009,lnorm,orig,mawd,,0.0,0.17658865557273515,0.26547725080584317,
LUX,2009,lnorm,orig,d,,0.0,0.33958941126019787,0.6463093319857505,
LUX,2009,lnorm,clean,mawd,,0.0,0.1762082621829896,0.2665387191865172,
LUX,2009,lnorm,clean,d,,0.0,0.35213211574906633,0.6673924642585449,
LUX,2009,perm,corr,mawd,,0.0,,,
LUX,2009,perm,corr,d,,0.0,,,
LUX,2009,lnorm,corr,mawd,,0.0,0.17658865557273515,0.26547725080584317,
LUX,2009,lnorm,corr,d,,0.0,0.33958941126019787,0.6463093319857505,
LUX,2010,perm,orig,mawd,,0.0,,,
LUX,2010,perm,orig,d,,0.0,,,
LUX,2010,perm,clean,mawd,,0.0,,,
LUX,2010,perm,clean,d,,0.0,,,
LUX,2010,lnorm,orig,mawd,,0.0,0.16774284126351677,0.2545915299969076,
LUX,2010,lnorm,orig,d,,0.0,0.3437482368808115,0.6490832909289146,
LUX,2010,lnorm,clean,mawd,,0.0,0.16661971278217197,0.2553940947847712,
LUX,2010,lnorm,clean,d,,0.0,0.3548195912306361,0.6714601391951196,
LUX,2010,perm,corr,mawd,,0.0,,,
LUX,2010,perm,corr,d,,0.0,,,
LUX,2010,lnorm,corr,mawd,,0.0,0.16774284126351677,0.2545915299969076,
LUX,2010,lnorm,corr,d,,0.0,0.3437482368808115,0.6490832909289146,
LUX,2011,perm,orig,mawd,,0.0,,,
LUX,2011,perm,orig,d,,0.0,,,
LUX,2011,perm,clean,mawd,,0.0,,,
LUX,2011,perm,clean,d,,0.0,,,
LUX,2011,lnorm,orig,mawd,,0.0,0.17239600881690245,0.2633843188348951,
LUX,2011,lnorm,orig,d,,0.0,0.3453137288036998,0.6645899402479271,
LUX,2011,lnorm,clean,mawd,,0.0,0.17116927300627285,0.2637509720445589,
LUX,2011,lnorm,clean,d,,0.0,0.35297294048213373,0.6940767629841778,
LUX,2011,perm,corr,mawd,,0.0,,,
LUX,2011,perm,corr,d,,0.0,,,
LUX,2011,lnorm,corr,mawd,,0.0,0.17239600881690245,0.2633843188348951,
LUX,2011,lnorm,corr,d,,0.0,0.3453137288036998,0.6645899402479271,
LUX,2012,perm,orig,mawd,,0.0,,,
LUX,2012,perm,orig,d,,0.0,,,
LUX,2012,perm,clean,mawd,,0.0,,,
LUX,2012,perm,clean,d,,0.0,,,
LUX,2012,lnorm,orig,mawd,,0.0,0.1707425620441443,0.26027138251130205,
LUX,2012,lnorm,orig,d,,0.0,0.34663757756448105,0.6865833510692305,
LUX,2012,lnorm,clean,mawd,,0.0,0.16655854404277426,0.2568608875090639,
LUX,2012,lnorm,clean,d,,0.0,0.35872833315601177,0.7193956372103052,
LUX,2012,perm,corr,mawd,,0.0,,,
LUX,2012,perm,corr,d,,0.0,,,
LUX,2012,lnorm,corr,mawd,,0.0,0.1707425620441443,0.26027138251130205,
LUX,2012,lnorm,corr,d,,0.0,0.34663757756448105,0.6865833510692305,
LUX,2013,perm,orig,mawd,,0.0,,,
LUX,2013,perm,orig,d,,0.0,,,
LUX,2013,perm,clean,mawd,,0.0,,,
LUX,2013,perm,clean,d,,0.0,,,
LUX,2013,lnorm,orig,mawd,,0.0,0.1641678138891902,0.2494719779381575,
LUX,2013,lnorm,orig,d,,0.0,0.3603128582893315,0.6918355109666691,
LUX,2013,lnorm,clean,mawd,,0.0,0.16114317861192248,0.24698577972738084,
LUX,2013,lnorm,clean,d,,0.0,0.3771754587700474,0.7242810303139899,
LUX,2013,perm,corr,mawd,,0.0,,,
LUX,2013,perm,corr,d,,0.0,,,
LUX,2013,lnorm,corr,mawd,,0.0,0.1641678138891902,0.2494719779381575,
LUX,2013,lnorm,corr,d,,0.0,0.3603128582893315,0.6918355109666691,
LUX,2014,perm,orig,mawd,,0.0,,,
LUX,2014,perm,orig,d,,0.0,,,
LUX,2014,perm,clean,mawd,,0.0,,,
LUX,2014,perm,clean,d,,0.0,,,
LUX,2014,lnorm,orig,mawd,,0.0,0.16718619276345772,0.25669399889780964,
LUX,2014,lnorm,orig,d,,0.0,0.35088240441718155,0.6950983825243009,
LUX,2014,lnorm,clean,mawd,,0.0,0.1631644538615096,0.25608774442106746,
LUX,2014,lnorm,clean,d,,0.0,0.3744949079840284,0.7311210155689447,
LUX,2014,perm,corr,mawd,,0.0,,,
LUX,2014,perm,corr,d,,0.0,,,
LUX,2014,lnorm,corr,mawd,,0.0,0.16718619276345772,0.25669399889780964,
LUX,2014,lnorm,corr,d,,0.0,0.35088240441718155,0.6950983825243009,
LVA,2000,perm,orig,mawd,0.20436495110087122,0.056,0.20150458907003663,0.26894804130118155,-1.4955770649941125
LVA,2000,perm,orig,d,0.28630106554146395,0.166,0.2656978149976204,0.31968349521418193,-0.9787994722965856
LVA,2000,perm,clean,mawd,0.19017105184223054,0.044,0.19440470834934298,0.2608784586909332,-1.608972556220716
LVA,2000,perm,clean,d,0.2780714811368082,0.24,0.24731940041738001,0.3027978504481674,-0.7268899870494411
LVA,2000,lnorm,orig,mawd,0.20436495110087122,0.005,0.23728500878248418,0.31955799603157187,-1.8776432710310431
LVA,2000,lnorm,orig,d,0.28630106554146395,0.028,0.29570068356187085,0.34961977748330575,-1.8773349261876007
LVA,2000,lnorm,clean,mawd,0.19017105184223054,0.005,0.22604128642626412,0.3082512007660089,-1.9031747773700167
LVA,2000,lnorm,clean,d,0.2780714811368082,0.05,0.27814234188322584,0.33345653892820337,-1.5541301953957871
LVA,2000,perm,corr,mawd,0.20436495110087122,0.056,0.20150458907003663,0.26894804130118155,-1.4955770649941125
LVA,2000,perm,corr,d,0.28630106554146395,0.166,0.2656978149976204,0.31968349521418193,-0.9787994722965856
LVA,2000,lnorm,corr,mawd,0.20436495110087122,0.005,0.23728500878248418,0.31955799603157187,-1.8776432710310431
LVA,2000,lnorm,corr,d,0.28630106554146395,0.028,0.29570068356187085,0.34961977748330575,-1.8773349261876007
LVA,2001,perm,orig,mawd,0.22641321923405416,0.296,0.186576438348148,0.24770090631988595,-0.583568193372794
LVA,2001,perm,orig,d,0.28037451326689145,0.296,0.24674619214251176,0.2994729168600269,-0.5914408513300297
LVA,2001,perm,clean,mawd,0.21216939196662957,0.181,0.18563443485103442,0.2504375919155747,-0.9201628493731473
LVA,2001,perm,clean,d,0.2865228180882848,0.372,0.23848593111835975,0.30135712112522056,-0.43355704588768174
LVA,2001,lnorm,orig,mawd,0.22641321923405416,0.107,0.2092828461666426,0.2815380788622795,-1.1489457401659136
LVA,2001,lnorm,orig,d,0.28037451326689145,0.111,0.26836070006676477,0.32302133945414785,-1.2254678436300714
LVA,2001,lnorm,clean,mawd,0.21216939196662957,0.081,0.20470933932592536,0.2829713810312505,-1.3577171192257402
LVA,2001,lnorm,clean,d,0.2865228180882848,0.16,0.26335332578846155,0.32617981508672733,-1.0219476106565115
LVA,2001,perm,corr,mawd,0.22641321923405416,0.296,0.186576438348148,0.24770090631988595,-0.583568193372794
LVA,2001,perm,corr,d,0.28037451326689145,0.296,0.24674619214251176,0.2994729168600269,-0.5914408513300297
LVA,2001,lnorm,corr,mawd,0.22641321923405416,0.107,0.2092828461666426,0.2815380788622795,-1.1489457401659136
LVA,2001,lnorm,corr,d,0.28037451326689145,0.111,0.26836070006676477,0.32302133945414785,-1.2254678436300714
LVA,2002,perm,orig,mawd,0.22355043470284533,0.286,0.18516947180602303,0.24627185342280494,-0.6071065115136701
LVA,2002,perm,orig,d,0.27705888223159536,0.164,0.2581317337706631,0.3091435748262148,-0.9752621367374924
LVA,2002,perm,clean,mawd,0.20421280352851726,0.154,0.18008310521449108,0.24632420192220597,-1.0277952889077127
LVA,2002,perm,clean,d,0.28311559282631177,0.269,0.2445002127108136,0.30681401243023854,-0.6398836634196124
LVA,2002,lnorm,orig,mawd,0.22355043470284533,0.054,0.2228745047079537,0.29710021709219764,-1.4368435929606342
LVA,2002,lnorm,orig,d,0.27705888223159536,0.02,0.28818921155241073,0.3430471233613017,-1.9684599868889494
LVA,2002,lnorm,clean,mawd,0.20421280352851726,0.023,0.21642439335891736,0.2957048441528811,-1.675624877533978
LVA,2002,lnorm,clean,d,0.28311559282631177,0.058,0.2799913262554455,0.3416332210910334,-1.5524852049541167
LVA,2002,perm,corr,mawd,0.22355043470284533,0.286,0.18516947180602303,0.24627185342280494,-0.6071065115136701
LVA,2002,perm,corr,d,0.27705888223159536,0.164,0.2581317337706631,0.3091435748262148,-0.9752621367374924
LVA,2002,lnorm,corr,mawd,0.22355043470284533,0.054,0.2228745047079537,0.29710021709219764,-1.4368435929606342
LVA,2002,lnorm,corr,d,0.27705888223159536,0.02,0.28818921155241073,0.3430471233613017,-1.9684599868889494
LVA,2003,perm,orig,mawd,0.22274229768240003,0.283,0.18432827342477592,0.244670405126869,-0.6163718853725453
LVA,2003,perm,orig,d,0.2552955794174561,0.067,0.2515798174928663,0.30063420260820856,-1.4376379286231953
LVA,2003,perm,clean,mawd,0.20765246330967058,0.178,0.18056096599992288,0.24465422038822876,-0.9246446699576718
LVA,2003,perm,clean,d,0.24970634232107078,0.184,0.22915366786862956,0.2795149289045824,-0.8924837353851036
LVA,2003,lnorm,orig,mawd,0.22274229768240003,0.089,0.21057677322501406,0.28367159770326267,-1.233865655184265
LVA,2003,lnorm,orig,d,0.2552955794174561,0.009,0.2778366588517317,0.32641562426462795,-2.314059186212434
LVA,2003,lnorm,clean,mawd,0.20765246330967058,0.065,0.20476854786234952,0.28147147368233316,-1.4185391117540072
LVA,2003,lnorm,clean,d,0.24970634232107078,0.039,0.2550469773740144,0.3061162435462734,-1.6957683966709938
LVA,2003,perm,corr,mawd,0.22274229768240003,0.283,0.18432827342477592,0.244670405126869,-0.6163718853725453
LVA,2003,perm,corr,d,0.2552955794174561,0.067,0.2515798174928663,0.30063420260820856,-1.4376379286231953
LVA,2003,lnorm,corr,mawd,0.22274229768240003,0.089,0.21057677322501406,0.28367159770326267,-1.233865655184265
LVA,2003,lnorm,corr,d,0.2552955794174561,0.009,0.2778366588517317,0.32641562426462795,-2.314059186212434
LVA,2004,perm,orig,mawd,0.20413404360098145,0.166,0.17825512928742412,0.24159044921883538,-0.9731841466627508
LVA,2004,perm,orig,d,0.2472986701572152,0.092,0.24083355261627468,0.29091410669386586,-1.2798634140011158
LVA,2004,perm,clean,mawd,0.20258378541389072,0.172,0.17567752232439704,0.23994589909085784,-0.9492416382943648
LVA,2004,perm,clean,d,0.24591776914784896,0.223,0.2221697652725524,0.2715740653409613,-0.798131970721978
LVA,2004,lnorm,orig,mawd,0.20413404360098145,0.063,0.20010887899125387,0.27027211527889894,-1.4101043002199418
LVA,2004,lnorm,orig,d,0.2472986701572152,0.025,0.25989348419904096,0.3102447906611867,-1.9369577675997325
LVA,2004,lnorm,clean,mawd,0.20258378541389072,0.065,0.19748050162683714,0.2688927586138993,-1.374401845818079
LVA,2004,lnorm,clean,d,0.24591776914784896,0.071,0.24077621662739387,0.2927049481158669,-1.4098374075085498
LVA,2004,perm,corr,mawd,0.20413404360098145,0.166,0.17825512928742412,0.24159044921883538,-0.9731841466627508
LVA,2004,perm,corr,d,0.2472986701572152,0.092,0.24083355261627468,0.29091410669386586,-1.2798634140011158
LVA,2004,lnorm,corr,mawd,0.20413404360098145,0.063,0.20010887899125387,0.27027211527889894,-1.4101043002199418
LVA,2004,lnorm,corr,d,0.2472986701572152,0.025,0.25989348419904096,0.3102447906611867,-1.9369577675997325
LVA,2005,perm,orig,mawd,0.2163487796934728,0.139,0.1959344138250521,0.26673296533275853,-1.1125454737467717
LVA,2005,perm,orig,d,0.2817134294416366,0.164,0.2633743867476326,0.313942259581234,-0.9554204339697048
LVA,2005,perm,clean,mawd,0.21585769969816815,0.147,0.19235797399758028,0.2669407590291842,-1.0675225500026344
LVA,2005,perm,clean,d,0.2908403184460132,0.382,0.24815211592784114,0.30244702828371517,-0.38127428039124783
LVA,2005,lnorm,orig,mawd,0.2163487796934728,0.021,0.23061505102643637,0.3142969424923512,-1.6693062544210917
LVA,2005,lnorm,orig,d,0.2817134294416366,0.032,0.28926022592472356,0.34377646857924593,-1.8422005283735605
LVA,2005,lnorm,clean,mawd,0.21585769969816815,0.028,0.2265350023906018,0.3131417595161652,-1.603545084970446
LVA,2005,lnorm,clean,d,0.2908403184460132,0.116,0.27620907699522645,0.3338057202186051,-1.165683855246433
LVA,2005,perm,corr,mawd,0.2163487796934728,0.139,0.1959344138250521,0.26673296533275853,-1.1125454737467717
LVA,2005,perm,corr,d,0.2817134294416366,0.164,0.2633743867476326,0.313942259581234,-0.9554204339697048
LVA,2005,lnorm,corr,mawd,0.2163487796934728,0.021,0.23061505102643637,0.3142969424923512,-1.6693062544210917
LVA,2005,lnorm,corr,d,0.2817134294416366,0.032,0.28926022592472356,0.34377646857924593,-1.8422005283735605
LVA,2006,perm,orig,mawd,0.23623032886720077,0.177,0.20748451201227186,0.28127395065141586,-0.9533364518357424
LVA,2006,perm,orig,d,0.32491980235154866,0.61,0.2642474990172984,0.3140062560534844,0.07049740056321314
LVA,2006,perm,clean,mawd,0.2333871434265959,0.176,0.2036628665332827,0.279055487796681,-0.9559876356231756
LVA,2006,perm,clean,d,0.31803348649494084,0.626,0.2482841972363624,0.3041063477516067,0.11134088202622072
LVA,2006,lnorm,orig,mawd,0.23623032886720077,0.099,0.2168540226309453,0.2978376771534222,-1.150107089949602
LVA,2006,lnorm,orig,d,0.32491980235154866,0.508,0.27082600570648885,0.3242502861645139,-0.08793628731888976
LVA,2006,lnorm,clean,mawd,0.2333871434265959,0.103,0.2127400359746025,0.2968412756762963,-1.144160810720429
LVA,2006,lnorm,clean,d,0.31803348649494084,0.524,0.2553366872847447,0.3153435533952616,-0.02735569939001366
LVA,2006,perm,corr,mawd,0.236230619182879,0.213,0.20163098739327284,0.27415000598992334,-0.8307926341150771
LVA,2006,perm,corr,d,0.32687509846813007,0.687,0.25984921175782216,0.3078360687911422,0.3764842837895777
LVA,2006,lnorm,corr,mawd,0.236230619182879,0.105,0.21599747200766273,0.2967528354442762,-1.1365503802433898
LVA,2006,lnorm,corr,d,0.32687509846813007,0.521,0.27025880125305995,0.3236339724633305,-0.018176748508182676
LVA,2007,perm,orig,mawd,0.2210968136728698,0.105,0.20382807527830074,0.28054587896217675,-1.197875920144929
LVA,2007,perm,orig,d,0.32927011902314673,0.527,0.2690483767536805,0.3267212876745307,-0.04301108203004256
LVA,2007,perm,clean,mawd,0.22049302929798578,0.11,0.2003602888499945,0.27877442411260145,-1.1550061078983056
LVA,2007,perm,clean,d,0.3171647493176808,0.527,0.25338930613003496,0.3129725330238973,-0.080923068477236
LVA,2007,lnorm,orig,mawd,0.2210968136728698,0.028,0.2278573702553156,0.3156645097431548,-1.5974168722566515
LVA,2007,lnorm,orig,d,0.32927011902314673,0.32,0.28856389141639277,0.3493644626205013,-0.5436038230536361
LVA,2007,lnorm,clean,mawd,0.22049302929798578,0.034,0.2245648035959577,0.31404957123202704,-1.5399363142344833
LVA,2007,lnorm,clean,d,0.3171647493176808,0.321,0.27389450823593026,0.338797388178652,-0.51872411630224
LVA,2007,perm,corr,mawd,0.2210968136728698,0.105,0.20382807527830074,0.28054587896217675,-1.197875920144929
LVA,2007,perm,corr,d,0.32927011902314673,0.527,0.2690483767536805,0.3267212876745307,-0.04301108203004256
LVA,2007,lnorm,corr,mawd,0.2210968136728698,0.028,0.2278573702553156,0.3156645097431548,-1.5974168722566515
LVA,2007,lnorm,corr,d,0.32927011902314673,0.32,0.28856389141639277,0.3493644626205013,-0.5436038230536361
LVA,2008,perm,orig,mawd,0.20473301720719228,0.084,0.19739901198223125,0.26485950266791686,-1.3356649080436638
LVA,2008,perm,orig,d,0.33943050330652247,0.668,0.2604799626728229,0.3178167319292712,0.3075193824954871
LVA,2008,perm,clean,mawd,0.20231020076004716,0.086,0.192246712300803,0.2625535329792986,-1.3100068819504365
LVA,2008,perm,clean,d,0.31530089670699196,0.599,0.24430782050374014,0.30312606475622206,0.0603818461302691
LVA,2008,lnorm,orig,mawd,0.20473301720719228,0.041,0.2107956753847572,0.28807632786830284,-1.580020352895904
LVA,2008,lnorm,orig,d,0.33943050330652247,0.521,0.2768497902893003,0.33623593569929267,0.0019803251361879062
LVA,2008,lnorm,clean,mawd,0.20231020076004716,0.041,0.2086971304878826,0.28633644779888556,-1.5452284440324235
LVA,2008,lnorm,clean,d,0.31530089670699196,0.446,0.2551025466404662,0.3224156489931157,-0.2230520661645757
LVA,2008,perm,corr,mawd,0.20473301720719228,0.084,0.19739901198223125,0.26485950266791686,-1.3356649080436638
LVA,2008,perm,corr,d,0.33943050330652247,0.668,0.2604799626728229,0.3178167319292712,0.3075193824954871
LVA,2008,lnorm,corr,mawd,0.20473301720719228,0.041,0.2107956753847572,0.28807632786830284,-1.580020352895904
LVA,2008,lnorm,corr,d,0.33943050330652247,0.521,0.2768497902893003,0.33623593569929267,0.0019803251361879062
LVA,2009,perm,orig,mawd,0.17614517522173667,0.024,0.18789870414807797,0.24957925119439986,-1.903825298379424
LVA,2009,perm,orig,d,0.2982924956224876,0.47,0.25018034545408957,0.30052559582923283,-0.15761205295785466
LVA,2009,perm,clean,mawd,0.1724743678296471,0.025,0.18287754611348106,0.2463631195085173,-1.881701967369786
LVA,2009,perm,clean,d,0.24245146709670054,0.1,0.22932649914861944,0.27994706473661674,-1.1813432456117785
LVA,2009,lnorm,orig,mawd,0.17614517522173667,0.023,0.19158669252493027,0.26056611568131804,-1.9121630316761096
LVA,2009,lnorm,orig,d,0.2982924956224876,0.362,0.25388715546612295,0.31129123222867466,-0.39647657405744874
LVA,2009,lnorm,clean,mawd,0.1724743678296471,0.022,0.18777545553442068,0.25714887561340327,-1.8899563784751379
LVA,2009,lnorm,clean,d,0.24245146709670054,0.074,0.236882638270202,0.2907917651826324,-1.3904505991638538
LVA,2009,perm,corr,mawd,0.17614517522173667,0.024,0.18789870414807797,0.24957925119439986,-1.903825298379424
LVA,2009,perm,corr,d,0.2982924956224876,0.47,0.25018034545408957,0.30052559582923283,-0.15761205295785466
LVA,2009,lnorm,corr,mawd,0.17614517522173667,0.023,0.19158669252493027,0.26056611568131804,-1.9121630316761096
LVA,2009,lnorm,corr,d,0.2982924956224876,0.362,0.25388715546612295,0.31129123222867466,-0.39647657405744874
LVA,2010,perm,orig,mawd,0.15106357876831678,0.009,0.17101924356454168,0.22242255930495056,-2.2658353389867956
LVA,2010,perm,orig,d,0.281271721025102,0.585,0.23657858519456146,0.27640210282728694,0.19591911003719073
LVA,2010,perm,clean,mawd,0.14374814647774786,0.008,0.167118060227019,0.2192052251809034,-2.3446561485200044
LVA,2010,perm,clean,d,0.19418751241027934,0.008,0.2116896406799159,0.252756705166185,-2.212315833920095
LVA,2010,lnorm,orig,mawd,0.15106357876831678,0.009,0.16719789878484276,0.22179158279692868,-2.035846546371818
LVA,2010,lnorm,orig,d,0.281271721025102,0.556,0.23574932076553098,0.2778325757467789,0.1420207568896564
LVA,2010,lnorm,clean,mawd,0.14374814647774786,0.006,0.1638487609670592,0.2181197201451121,-2.107282509354308
LVA,2010,lnorm,clean,d,0.19418751241027934,0.02,0.2082749973328999,0.2544770768512449,-2.0549958650181783
LVA,2010,perm,corr,mawd,0.15106357876831678,0.009,0.17101924356454168,0.22242255930495056,-2.2658353389867956
LVA,2010,perm,corr,d,0.281271721025102,0.585,0.23657858519456146,0.27640210282728694,0.19591911003719073
LVA,2010,lnorm,corr,mawd,0.15106357876831678,0.009,0.16719789878484276,0.22179158279692868,-2.035846546371818
LVA,2010,lnorm,corr,d,0.281271721025102,0.556,0.23574932076553098,0.2778325757467789,0.1420207568896564
LVA,2011,perm,orig,mawd,0.17689232052373438,0.044,0.17858024319741017,0.23409927134382646,-1.631712484938337
LVA,2011,perm,orig,d,0.2809246158103906,0.232,0.2559006391460197,0.29832057529464706,-0.6904181693945791
LVA,2011,perm,clean,mawd,0.17109277144594803,0.041,0.1747093519837337,0.23112979015796725,-1.6886837061842828
LVA,2011,perm,clean,d,0.2153926327767353,0.037,0.21751344796087374,0.2629707092214292,-1.712230353735792
LVA,2011,lnorm,orig,mawd,0.17689232052373438,0.06,0.17455176244609477,0.23150669425851447,-1.4564580081031138
LVA,2011,lnorm,orig,d,0.2809246158103906,0.298,0.2535768679787411,0.29564987523499375,-0.5576751151160281
LVA,2011,lnorm,clean,mawd,0.17109277144594803,0.053,0.17017578022366714,0.22839031446108002,-1.5113774496739945
LVA,2011,lnorm,clean,d,0.2153926327767353,0.049,0.21568015923375977,0.2614535903287377,-1.488214298146317
LVA,2011,perm,corr,mawd,0.17689232052373438,0.044,0.17858024319741017,0.23409927134382646,-1.631712484938337
LVA,2011,perm,corr,d,0.2809246158103906,0.232,0.2559006391460197,0.29832057529464706,-0.6904181693945791
LVA,2011,lnorm,corr,mawd,0.17689232052373438,0.06,0.17455176244609477,0.23150669425851447,-1.4564580081031138
LVA,2011,lnorm,corr,d,0.2809246158103906,0.298,0.2535768679787411,0.29564987523499375,-0.5576751151160281
LVA,2012,perm,orig,mawd,0.18640717294657846,0.066,0.184022149363559,0.23833328151198063,-1.4697966689158135
LVA,2012,perm,orig,d,0.30176698222141946,0.52,0.2504565538673754,0.29990414401946164,-0.00016772298105158177
LVA,2012,perm,clean,mawd,0.18091648665483526,0.059,0.17904559341216866,0.2347405516601874,-1.4859437395529576
LVA,2012,perm,clean,d,0.22691851738254443,0.078,0.220636980107569,0.2718219010018311,-1.4024655776857295
LVA,2012,lnorm,orig,mawd,0.18640717294657846,0.078,0.1784192783550611,0.23745487033979645,-1.3174861254767167
LVA,2012,lnorm,orig,d,0.30176698222141946,0.537,0.2499095509681842,0.299018707440018,0.042338346640877
LVA,2012,lnorm,clean,mawd,0.18091648665483526,0.078,0.17351660737927022,0.23304927487695432,-1.3278268586808732
LVA,2012,lnorm,clean,d,0.22691851738254443,0.085,0.2172753879628764,0.2689953760269738,-1.2727151026899235
LVA,2012,perm,corr,mawd,0.18640717294657846,0.066,0.184022149363559,0.23833328151198063,-1.4697966689158135
LVA,2012,perm,corr,d,0.30176698222141946,0.52,0.2504565538673754,0.29990414401946164,-0.00016772298105158177
LVA,2012,lnorm,corr,mawd,0.18640717294657846,0.078,0.1784192783550611,0.23745487033979645,-1.3174861254767167
LVA,2012,lnorm,corr,d,0.30176698222141946,0.537,0.2499095509681842,0.299018707440018,0.042338346640877
LVA,2013,perm,orig,mawd,0.19353292592796478,0.1,0.18338487425565705,0.24195408311255687,-1.337100434597188
LVA,2013,perm,orig,d,0.289578799540297,0.5,0.24797360046797637,0.2896360440744207,-0.060474707425161284
LVA,2013,perm,clean,mawd,0.18843534178400692,0.093,0.18039895105816217,0.23929319813492916,-1.37480631605455
LVA,2013,perm,clean,d,0.23979148822201266,0.137,0.22406254045074134,0.27313709347627246,-1.0604154676861424
LVA,2013,lnorm,orig,mawd,0.19353292592796478,0.082,0.18331112463246113,0.24485223077049786,-1.2756687812850258
LVA,2013,lnorm,orig,d,0.289578799540297,0.471,0.24732527147674685,0.2917370405184867,-0.10763283860712997
LVA,2013,lnorm,clean,mawd,0.18843534178400692,0.08,0.17972611352269127,0.24233219337969192,-1.3046035597952281
LVA,2013,lnorm,clean,d,0.23979148822201266,0.12,0.2262134629325324,0.27451356784401065,-1.0979862389428
LVA,2013,perm,corr,mawd,0.19353292592796478,0.1,0.18338487425565705,0.24195408311255687,-1.337100434597188
LVA,2013,perm,corr,d,0.289578799540297,0.5,0.24797360046797637,0.2896360440744207,-0.060474707425161284
LVA,2013,lnorm,corr,mawd,0.19353292592796478,0.082,0.18331112463246113,0.24485223077049786,-1.2756687812850258
LVA,2013,lnorm,corr,d,0.289578799540297,0.471,0.24732527147674685,0.2917370405184867,-0.10763283860712997
LVA,2014,perm,orig,mawd,0.1950954759950176,0.086,0.18604155286809765,0.24552879856531407,-1.3812158300578103
LVA,2014,perm,orig,d,0.29432062307847623,0.557,0.2474275877588188,0.2899015400971089,0.07955957950954647
LVA,2014,perm,clean,mawd,0.18986210303334178,0.083,0.18227932072817526,0.24334916870070988,-1.425550074797646
LVA,2014,perm,clean,d,0.25125035076478885,0.209,0.22586715351922743,0.2760456144761805,-0.7913928391126657
LVA,2014,lnorm,orig,mawd,0.1950954759950176,0.068,0.19043612141796715,0.2526278216496022,-1.3667194228837671
LVA,2014,lnorm,orig,d,0.29432062307847623,0.479,0.2503538125043328,0.29650574432987403,-0.0888093272530067
LVA,2014,lnorm,clean,mawd,0.18986210303334178,0.062,0.18584873154115855,0.2502764913927197,-1.3955967540313254
LVA,2014,lnorm,clean,d,0.25125035076478885,0.182,0.23020721605010483,0.2804272993695328,-0.9068562166160534
LVA,2014,perm,corr,mawd,0.1950954759950176,0.086,0.18604155286809765,0.24552879856531407,-1.3812158300578103
LVA,2014,perm,corr,d,0.29432062307847623,0.557,0.2474275877588188,0.2899015400971089,0.07955957950954647
LVA,2014,lnorm,corr,mawd,0.1950954759950176,0.068,0.19043612141796715,0.2526278216496022,-1.3667194228837671
LVA,2014,lnorm,corr,d,0.29432062307847623,0.479,0.2503538125043328,0.29650574432987403,-0.0888093272530067
MEX,2000,perm,orig,mawd,,0.0,,,
MEX,2000,perm,orig,d,,0.0,,,
MEX,2000,perm,clean,mawd,,0.0,,,
MEX,2000,perm,clean,d,,0.0,,,
MEX,2000,lnorm,orig,mawd,,0.0,0.44641859365222075,0.6783613348190173,
MEX,2000,lnorm,orig,d,,0.0,0.47243433260275336,0.6236871497544136,
MEX,2000,lnorm,clean,mawd,,0.0,0.38475758761360723,0.6176449041988485,
MEX,2000,lnorm,clean,d,,0.0,0.4446392107873826,0.6371027858309439,
MEX,2000,perm,corr,mawd,,0.0,,,
MEX,2000,perm,corr,d,,0.0,,,
MEX,2000,lnorm,corr,mawd,,0.0,0.44641859365222075,0.6783613348190173,
MEX,2000,lnorm,corr,d,,0.0,0.47243433260275336,0.6236871497544136,
MEX,2001,perm,orig,mawd,,0.0,,,
MEX,2001,perm,orig,d,,0.0,,,
MEX,2001,perm,clean,mawd,,0.0,,,
MEX,2001,perm,clean,d,,0.0,,,
MEX,2001,lnorm,orig,mawd,,0.0,0.4550537094993623,0.6988822760377158,
MEX,2001,lnorm,orig,d,,0.0,0.47553922211702376,0.6283398297739013,
MEX,2001,lnorm,clean,mawd,,0.0,0.392360893963133,0.6336773797859663,
MEX,2001,lnorm,clean,d,,0.0,0.4475988549695226,0.6411425793266425,
MEX,2001,perm,corr,mawd,,0.0,,,
MEX,2001,perm,corr,d,,0.0,,,
MEX,2001,lnorm,corr,mawd,,0.0,0.4550537094993623,0.6988822760377158,
MEX,2001,lnorm,corr,d,,0.0,0.47553922211702376,0.6283398297739013,
MEX,2002,perm,orig,mawd,,0.0,,,
MEX,2002,perm,orig,d,,0.0,,,
MEX,2002,perm,clean,mawd,,0.0,,,
MEX,2002,perm,clean,d,,0.0,,,
MEX,2002,lnorm,orig,mawd,,0.0,0.45517132792316184,0.6927361686942765,
MEX,2002,lnorm,orig,d,,0.0,0.4755791317503605,0.6202309022158099,
MEX,2002,lnorm,clean,mawd,,0.0,0.3848886748863683,0.6318375483844084,
MEX,2002,lnorm,clean,d,,0.0,0.4473656059811053,0.6330054162659575,
MEX,2002,perm,corr,mawd,,0.0,,,
MEX,2002,perm,corr,d,,0.0,,,
MEX,2002,lnorm,corr,mawd,,0.0,0.45517132792316184,0.6927361686942765,
MEX,2002,lnorm,corr,d,,0.0,0.4755791317503605,0.6202309022158099,
MEX,2003,perm,orig,mawd,,0.0,,,
MEX,2003,perm,orig,d,,0.0,,,
MEX,2003,perm,clean,mawd,,0.0,,,
MEX,2003,perm,clean,d,,0.0,,,
MEX,2003,lnorm,orig,mawd,,0.0,0.4472580649161432,0.6868782976609972,
MEX,2003,lnorm,orig,d,,0.0,0.47440492680554136,0.6192528082140933,
MEX,2003,lnorm,clean,mawd,,0.0,0.3816385174860125,0.6198127729541454,
MEX,2003,lnorm,clean,d,,0.0,0.44407402112979844,0.62809551755554,
MEX,2003,perm,corr,mawd,,0.0,,,
MEX,2003,perm,corr,d,,0.0,,,
MEX,2003,lnorm,corr,mawd,,0.0,0.4472580649161432,0.6868782976609972,
MEX,2003,lnorm,corr,d,,0.0,0.47440492680554136,0.6192528082140933,
MEX,2004,perm,orig,mawd,,0.0,,,
MEX,2004,perm,orig,d,,0.0,,,
MEX,2004,perm,clean,mawd,,0.0,,,
MEX,2004,perm,clean,d,,0.0,,,
MEX,2004,lnorm,orig,mawd,,0.0,0.46378583475156065,0.703947836639651,
MEX,2004,lnorm,orig,d,,0.0,0.4828062606399643,0.6267663828351294,
MEX,2004,lnorm,clean,mawd,,0.0,0.39301439366510976,0.6412684253013725,
MEX,2004,lnorm,clean,d,,0.0,0.4511838438963562,0.6386271414634596,
MEX,2004,perm,corr,mawd,,0.0,,,
MEX,2004,perm,corr,d,,0.0,,,
MEX,2004,lnorm,corr,mawd,,0.0,0.46378583475156065,0.703947836639651,
MEX,2004,lnorm,corr,d,,0.0,0.4828062606399643,0.6267663828351294,
MEX,2005,perm,orig,mawd,,0.0,,,
MEX,2005,perm,orig,d,,0.0,,,
MEX,2005,perm,clean,mawd,,0.0,,,
MEX,2005,perm,clean,d,,0.0,,,
MEX,2005,lnorm,orig,mawd,,0.0,0.47430223242064484,0.7181130676708579,
MEX,2005,lnorm,orig,d,,0.0,0.4860447126502667,0.6350958557200528,
MEX,2005,lnorm,clean,mawd,,0.0,0.397601311595683,0.6512302797121446,
MEX,2005,lnorm,clean,d,,0.0,0.45451927001958975,0.6487787846765207,
MEX,2005,perm,corr,mawd,,0.0,,,
MEX,2005,perm,corr,d,,0.0,,,
MEX,2005,lnorm,corr,mawd,,0.0,0.47430223242064484,0.7181130676708579,
MEX,2005,lnorm,corr,d,,0.0,0.4860447126502667,0.6350958557200528,
MEX,2006,perm,orig,mawd,,0.0,,,
MEX,2006,perm,orig,d,,0.0,,,
MEX,2006,perm,clean,mawd,,0.0,,,
MEX,2006,perm,clean,d,,0.0,,,
MEX,2006,lnorm,orig,mawd,,0.0,0.48829047110906093,0.7337075297238077,
MEX,2006,lnorm,orig,d,,0.0,0.49350324930618233,0.6428968194208591,
MEX,2006,lnorm,clean,mawd,,0.0,0.41143518645649446,0.6654940662013432,
MEX,2006,lnorm,clean,d,,0.0,0.4576645036394239,0.657909747404982,
MEX,2006,perm,corr,mawd,,0.0,,,
MEX,2006,perm,corr,d,,0.0,,,
MEX,2006,lnorm,corr,mawd,,0.0,0.48829047110906093,0.7337075297238077,
MEX,2006,lnorm,corr,d,,0.0,0.49350324930618233,0.6428968194208591,
MEX,2007,perm,orig,mawd,,0.0,,,
MEX,2007,perm,orig,d,,0.0,,,
MEX,2007,perm,clean,mawd,,0.0,,,
MEX,2007,perm,clean,d,,0.0,,,
MEX,2007,lnorm,orig,mawd,,0.0,0.4784740666287996,0.7132662520534823,
MEX,2007,lnorm,orig,d,,0.0,0.4885916480864571,0.6332652199120461,
MEX,2007,lnorm,clean,mawd,,0.0,0.4003067860958841,0.6404817602017356,
MEX,2007,lnorm,clean,d,,0.0,0.45444707087359715,0.6464341955849431,
MEX,2007,perm,corr,mawd,,0.0,,,
MEX,2007,perm,corr,d,,0.0,,,
MEX,2007,lnorm,corr,mawd,,0.0,0.4784740666287996,0.7132662520534823,
MEX,2007,lnorm,corr,d,,0.0,0.4885916480864571,0.6332652199120461,
MEX,2008,perm,orig,mawd,,0.0,,,
MEX,2008,perm,orig,d,,0.0,,,
MEX,2008,perm,clean,mawd,,0.0,,,
MEX,2008,perm,clean,d,,0.0,,,
MEX,2008,lnorm,orig,mawd,,0.0,0.4912364996960952,0.7328863862897687,
MEX,2008,lnorm,orig,d,,0.0,0.49649889072554215,0.6489050933767999,
MEX,2008,lnorm,clean,mawd,,0.0,0.4069423045308623,0.6521866561068695,
MEX,2008,lnorm,clean,d,,0.0,0.4614131300431834,0.6615012749939506,
MEX,2008,perm,corr,mawd,,0.0,,,
MEX,2008,perm,corr,d,,0.0,,,
MEX,2008,lnorm,corr,mawd,,0.0,0.4912364996960952,0.7328863862897687,
MEX,2008,lnorm,corr,d,,0.0,0.49649889072554215,0.6489050933767999,
MEX,2009,perm,orig,mawd,,0.0,,,
MEX,2009,perm,orig,d,,0.0,,,
MEX,2009,perm,clean,mawd,,0.0,,,
MEX,2009,perm,clean,d,,0.0,,,
MEX,2009,lnorm,orig,mawd,,0.0,0.47236076198896987,0.7001469878553624,
MEX,2009,lnorm,orig,d,,0.0,0.49060995872956514,0.6463581037092624,
MEX,2009,lnorm,clean,mawd,,0.0,0.37843046397125474,0.6314945521984026,
MEX,2009,lnorm,clean,d,,0.0,0.45395907062242624,0.6560989091004403,
MEX,2009,perm,corr,mawd,,0.0,,,
MEX,2009,perm,corr,d,,0.0,,,
MEX,2009,lnorm,corr,mawd,,0.0,0.47236076198896987,0.7001469878553624,
MEX,2009,lnorm,corr,d,,0.0,0.49060995872956514,0.6463581037092624,
MEX,2010,perm,orig,mawd,,0.0,,,
MEX,2010,perm,orig,d,,0.0,,,
MEX,2010,perm,clean,mawd,,0.0,,,
MEX,2010,perm,clean,d,,0.0,,,
MEX,2010,lnorm,orig,mawd,,0.0,0.4740600690038585,0.7054614160422179,
MEX,2010,lnorm,orig,d,,0.0,0.49230289212160167,0.645742278734959,
MEX,2010,lnorm,clean,mawd,,0.0,0.38858796935388173,0.634377330644136,
MEX,2010,lnorm,clean,d,,0.0,0.4550920503270111,0.6568803435095061,
MEX,2010,perm,corr,mawd,,0.0,,,
MEX,2010,perm,corr,d,,0.0,,,
MEX,2010,lnorm,corr,mawd,,0.0,0.4740600690038585,0.7054614160422179,
MEX,2010,lnorm,corr,d,,0.0,0.49230289212160167,0.645742278734959,
MEX,2011,perm,orig,mawd,,0.0,,,
MEX,2011,perm,orig,d,,0.0,,,
MEX,2011,perm,clean,mawd,,0.0,,,
MEX,2011,perm,clean,d,,0.0,,,
MEX,2011,lnorm,orig,mawd,,0.0,0.4710666543067301,0.7076088320518357,
MEX,2011,lnorm,orig,d,,0.0,0.4931531361513858,0.6439805071246804,
MEX,2011,lnorm,clean,mawd,,0.0,0.3930856383885016,0.6331610553277207,
MEX,2011,lnorm,clean,d,,0.0,0.4539345598563671,0.6540900716679732,
MEX,2011,perm,corr,mawd,,0.0,,,
MEX,2011,perm,corr,d,,0.0,,,
MEX,2011,lnorm,corr,mawd,,0.0,0.4710666543067301,0.7076088320518357,
MEX,2011,lnorm,corr,d,,0.0,0.4931531361513858,0.6439805071246804,
MEX,2012,perm,orig,mawd,,0.0,,,
MEX,2012,perm,orig,d,,0.0,,,
MEX,2012,perm,clean,mawd,,0.0,,,
MEX,2012,perm,clean,d,,0.0,,,
MEX,2012,lnorm,orig,mawd,,0.0,0.4682169925959737,0.7048895898576961,
MEX,2012,lnorm,orig,d,,0.0,0.49036669648581455,0.6445864786034945,
MEX,2012,lnorm,clean,mawd,,0.0,0.39433830147097104,0.6319638166207207,
MEX,2012,lnorm,clean,d,,0.0,0.4520377561436299,0.6612169479618553,
MEX,2012,perm,corr,mawd,,0.0,,,
MEX,2012,perm,corr,d,,0.0,,,
MEX,2012,lnorm,corr,mawd,,0.0,0.4682169925959737,0.7048895898576961,
MEX,2012,lnorm,corr,d,,0.0,0.49036669648581455,0.6445864786034945,
MEX,2013,perm,orig,mawd,,0.0,,,
MEX,2013,perm,orig,d,,0.0,,,
MEX,2013,perm,clean,mawd,,0.0,,,
MEX,2013,perm,clean,d,,0.0,,,
MEX,2013,lnorm,orig,mawd,,0.0,0.4623200184236694,0.6896703736356766,
MEX,2013,lnorm,orig,d,,0.0,0.4850319242343584,0.6387320020579287,
MEX,2013,lnorm,clean,mawd,,0.0,0.4358463048522528,0.6836284770248018,
MEX,2013,lnorm,clean,d,,0.0,0.4767838503571426,0.6647608194204508,
MEX,2013,perm,corr,mawd,,0.0,,,
MEX,2013,perm,corr,d,,0.0,,,
MEX,2013,lnorm,corr,mawd,,0.0,0.4623200184236694,0.6896703736356766,
MEX,2013,lnorm,corr,d,,0.0,0.4850319242343584,0.6387320020579287,
MEX,2014,perm,orig,mawd,,0.0,,,
MEX,2014,perm,orig,d,,0.0,,,
MEX,2014,perm,clean,mawd,,0.0,,,
MEX,2014,perm,clean,d,,0.0,,,
MEX,2014,lnorm,orig,mawd,,0.0,0.46187904186966783,0.6865702745980664,
MEX,2014,lnorm,orig,d,,0.0,0.48689607100559873,0.6403179155259751,
MEX,2014,lnorm,clean,mawd,,0.0,0.4384791600428382,0.6835057553565418,
MEX,2014,lnorm,clean,d,,0.0,0.4785533424502854,0.6673885566318669,
MEX,2014,perm,corr,mawd,,0.0,,,
MEX,2014,perm,corr,d,,0.0,,,
MEX,2014,lnorm,corr,mawd,,0.0,0.46187904186966783,0.6865702745980664,
MEX,2014,lnorm,corr,d,,0.0,0.48689607100559873,0.6403179155259751,
MLT,2000,perm,orig,mawd,,0.0,,,
MLT,2000,perm,orig,d,,0.0,,,
MLT,2000,perm,clean,mawd,,0.0,,,
MLT,2000,perm,clean,d,,0.0,,,
MLT,2000,lnorm,orig,mawd,,0.0,0.26013003331236134,0.3454731103922787,
MLT,2000,lnorm,orig,d,,0.0,0.3767089007689724,0.6230975393888527,
MLT,2000,lnorm,clean,mawd,,0.0,0.2605666279814163,0.34621839058202375,
MLT,2000,lnorm,clean,d,,0.0,0.3806968922037247,0.6361694685673902,
MLT,2000,perm,corr,mawd,,0.0,,,
MLT,2000,perm,corr,d,,0.0,,,
MLT,2000,lnorm,corr,mawd,,0.0,0.26013003331236134,0.3454731103922787,
MLT,2000,lnorm,corr,d,,0.0,0.3767089007689724,0.6230975393888527,
MLT,2001,perm,orig,mawd,,0.0,,,
MLT,2001,perm,orig,d,,0.0,,,
MLT,2001,perm,clean,mawd,,0.0,,,
MLT,2001,perm,clean,d,,0.0,,,
MLT,2001,lnorm,orig,mawd,,0.0,,,
MLT,2001,lnorm,orig,d,,0.0,,,
MLT,2001,lnorm,clean,mawd,,0.0,,,
MLT,2001,lnorm,clean,d,,0.0,,,
MLT,2001,perm,corr,mawd,,0.0,,,
MLT,2001,perm,corr,d,,0.0,,,
MLT,2001,lnorm,corr,mawd,,0.0,,,
MLT,2001,lnorm,corr,d,,0.0,,,
MLT,2002,perm,orig,mawd,,0.0,,,
MLT,2002,perm,orig,d,,0.0,,,
MLT,2002,perm,clean,mawd,,0.0,,,
MLT,2002,perm,clean,d,,0.0,,,
MLT,2002,lnorm,orig,mawd,,0.0,0.26824357312120073,0.3632848657019895,
MLT,2002,lnorm,orig,d,,0.0,0.35405564626551206,0.5084961380190826,
MLT,2002,lnorm,clean,mawd,,0.0,0.2673070118798711,0.363864120152839,
MLT,2002,lnorm,clean,d,,0.0,0.3416171777764715,0.512297570296556,
MLT,2002,perm,corr,mawd,,0.0,,,
MLT,2002,perm,corr,d,,0.0,,,
MLT,2002,lnorm,corr,mawd,,0.0,0.26824357312120073,0.3632848657019895,
MLT,2002,lnorm,corr,d,,0.0,0.35405564626551206,0.5084961380190826,
MLT,2003,perm,orig,mawd,,0.0,,,
MLT,2003,perm,orig,d,,0.0,,,
MLT,2003,perm,clean,mawd,,0.0,,,
MLT,2003,perm,clean,d,,0.0,,,
MLT,2003,lnorm,orig,mawd,,0.0,0.28647575574311573,0.39383449467480247,
MLT,2003,lnorm,orig,d,,0.0,0.3731386013664517,0.552464774299953,
MLT,2003,lnorm,clean,mawd,,0.0,0.2858102753839937,0.3933760725008494,
MLT,2003,lnorm,clean,d,,0.0,0.35658299255265885,0.5527528203615857,
MLT,2003,perm,corr,mawd,,0.0,,,
MLT,2003,perm,corr,d,,0.0,,,
MLT,2003,lnorm,corr,mawd,,0.0,0.28647575574311573,0.39383449467480247,
MLT,2003,lnorm,corr,d,,0.0,0.3731386013664517,0.552464774299953,
MLT,2004,perm,orig,mawd,,0.0,,,
MLT,2004,perm,orig,d,,0.0,,,
MLT,2004,perm,clean,mawd,,0.0,,,
MLT,2004,perm,clean,d,,0.0,,,
MLT,2004,lnorm,orig,mawd,,0.0,0.25305708351183814,0.3397382464410319,
MLT,2004,lnorm,orig,d,,0.0,0.3102792574960242,0.4348324707076763,
MLT,2004,lnorm,clean,mawd,,0.0,0.2521168060051928,0.3402550690823183,
MLT,2004,lnorm,clean,d,,0.0,0.3065535725934744,0.4405676403500566,
MLT,2004,perm,corr,mawd,,0.0,,,
MLT,2004,perm,corr,d,,0.0,,,
MLT,2004,lnorm,corr,mawd,,0.0,0.25305708351183814,0.3397382464410319,
MLT,2004,lnorm,corr,d,,0.0,0.3102792574960242,0.4348324707076763,
MLT,2005,perm,orig,mawd,,0.0,,,
MLT,2005,perm,orig,d,,0.0,,,
MLT,2005,perm,clean,mawd,,0.0,,,
MLT,2005,perm,clean,d,,0.0,,,
MLT,2005,lnorm,orig,mawd,,0.0,0.2612024144852957,0.356029403753896,
MLT,2005,lnorm,orig,d,,0.0,0.37443946671360345,0.6400206426525059,
MLT,2005,lnorm,clean,mawd,,0.0,0.2580782931653881,0.3552064528047585,
MLT,2005,lnorm,clean,d,,0.0,0.32242762985108175,0.4837820748908159,
MLT,2005,perm,corr,mawd,,0.0,,,
MLT,2005,perm,corr,d,,0.0,,,
MLT,2005,lnorm,corr,mawd,,0.0,0.2612024144852957,0.356029403753896,
MLT,2005,lnorm,corr,d,,0.0,0.37443946671360345,0.6400206426525059,
MLT,2006,perm,orig,mawd,,0.0,,,
MLT,2006,perm,orig,d,,0.0,,,
MLT,2006,perm,clean,mawd,,0.0,,,
MLT,2006,perm,clean,d,,0.0,,,
MLT,2006,lnorm,orig,mawd,,0.0,0.22149566871110055,0.29951971827701407,
MLT,2006,lnorm,orig,d,,0.0,0.33622621404592473,0.5209555906424598,
MLT,2006,lnorm,clean,mawd,,0.0,0.21929272009258466,0.2993057108404514,
MLT,2006,lnorm,clean,d,,0.0,0.293885523546652,0.4488215720356281,
MLT,2006,perm,corr,mawd,,0.0,,,
MLT,2006,perm,corr,d,,0.0,,,
MLT,2006,lnorm,corr,mawd,,0.0,0.22149566871110055,0.29951971827701407,
MLT,2006,lnorm,corr,d,,0.0,0.33622621404592473,0.5209555906424598,
MLT,2007,perm,orig,mawd,,0.0,,,
MLT,2007,perm,orig,d,,0.0,,,
MLT,2007,perm,clean,mawd,,0.0,,,
MLT,2007,perm,clean,d,,0.0,,,
MLT,2007,lnorm,orig,mawd,,0.0,0.2081396343567661,0.281864943971786,
MLT,2007,lnorm,orig,d,,0.0,0.28939613803318964,0.4347118601277794,
MLT,2007,lnorm,clean,mawd,,0.0,0.20732834497694108,0.28162110688814135,
MLT,2007,lnorm,clean,d,,0.0,0.28532970293452853,0.44047069711363196,
MLT,2007,perm,corr,mawd,,0.0,,,
MLT,2007,perm,corr,d,,0.0,,,
MLT,2007,lnorm,corr,mawd,,0.0,0.2081396343567661,0.281864943971786,
MLT,2007,lnorm,corr,d,,0.0,0.28939613803318964,0.4347118601277794,
MLT,2008,perm,orig,mawd,,0.0,,,
MLT,2008,perm,orig,d,,0.0,,,
MLT,2008,perm,clean,mawd,,0.0,,,
MLT,2008,perm,clean,d,,0.0,,,
MLT,2008,lnorm,orig,mawd,,0.0,0.20189383089161464,0.2822615411408337,
MLT,2008,lnorm,orig,d,,0.0,0.29408599667328184,0.45428611012903963,
MLT,2008,lnorm,clean,mawd,,0.0,0.19990617951905626,0.28037936882711445,
MLT,2008,lnorm,clean,d,,0.0,0.28121552295422503,0.4677487129801637,
MLT,2008,perm,corr,mawd,,0.0,,,
MLT,2008,perm,corr,d,,0.0,,,
MLT,2008,lnorm,corr,mawd,,0.0,0.20189383089161464,0.2822615411408337,
MLT,2008,lnorm,corr,d,,0.0,0.29408599667328184,0.45428611012903963,
MLT,2009,perm,orig,mawd,,0.0,,,
MLT,2009,perm,orig,d,,0.0,,,
MLT,2009,perm,clean,mawd,,0.0,,,
MLT,2009,perm,clean,d,,0.0,,,
MLT,2009,lnorm,orig,mawd,,0.0,0.1887003181724213,0.2679070428890318,
MLT,2009,lnorm,orig,d,,0.0,0.29326682856016967,0.44658303774385827,
MLT,2009,lnorm,clean,mawd,,0.0,0.18762341916245276,0.26818269290509333,
MLT,2009,lnorm,clean,d,,0.0,0.2794360984861607,0.4558228263799921,
MLT,2009,perm,corr,mawd,,0.0,,,
MLT,2009,perm,corr,d,,0.0,,,
MLT,2009,lnorm,corr,mawd,,0.0,0.18815954484826553,0.26665711320954927,
MLT,2009,lnorm,corr,d,,0.0,0.2918010876836966,0.44425842439939567,
MLT,2010,perm,orig,mawd,,0.0,,,
MLT,2010,perm,orig,d,,0.0,,,
MLT,2010,perm,clean,mawd,,0.0,,,
MLT,2010,perm,clean,d,,0.0,,,
MLT,2010,lnorm,orig,mawd,,0.0,0.19569039182246617,0.27411511512669307,
MLT,2010,lnorm,orig,d,,0.0,0.31594806503060563,0.4684289911962664,
MLT,2010,lnorm,clean,mawd,,0.0,0.19563344454586767,0.2747603314806454,
MLT,2010,lnorm,clean,d,,0.0,0.2862167207989698,0.46962588851559556,
MLT,2010,perm,corr,mawd,,0.0,,,
MLT,2010,perm,corr,d,,0.0,,,
MLT,2010,lnorm,corr,mawd,,0.0,0.19569039182246617,0.27411511512669307,
MLT,2010,lnorm,corr,d,,0.0,0.31594806503060563,0.4684289911962664,
MLT,2011,perm,orig,mawd,,0.0,,,
MLT,2011,perm,orig,d,,0.0,,,
MLT,2011,perm,clean,mawd,,0.0,,,
MLT,2011,perm,clean,d,,0.0,,,
MLT,2011,lnorm,orig,mawd,,0.0,0.18677754733920934,0.2650994630379862,
MLT,2011,lnorm,orig,d,,0.0,0.31260925870484846,0.46895243191578456,
MLT,2011,lnorm,clean,mawd,,0.0,0.18550127876457995,0.2657092657384962,
MLT,2011,lnorm,clean,d,,0.0,0.27839383635370823,0.47012767303236636,
MLT,2011,perm,corr,mawd,,0.0,,,
MLT,2011,perm,corr,d,,0.0,,,
MLT,2011,lnorm,corr,mawd,,0.0,0.18677754733920934,0.2650994630379862,
MLT,2011,lnorm,corr,d,,0.0,0.31260925870484846,0.46895243191578456,
MLT,2012,perm,orig,mawd,,0.0,,,
MLT,2012,perm,orig,d,,0.0,,,
MLT,2012,perm,clean,mawd,,0.0,,,
MLT,2012,perm,clean,d,,0.0,,,
MLT,2012,lnorm,orig,mawd,,0.0,0.22820158157422735,0.31932029609447365,
MLT,2012,lnorm,orig,d,,0.0,0.3503455074192199,0.5980310091205074,
MLT,2012,lnorm,clean,mawd,,0.0,0.21548474486641536,0.31043750619539373,
MLT,2012,lnorm,clean,d,,0.0,0.33573918561324156,0.6073911471923514,
MLT,2012,perm,corr,mawd,,0.0,,,
MLT,2012,perm,corr,d,,0.0,,,
MLT,2012,lnorm,corr,mawd,,0.0,0.22820158157422735,0.31932029609447365,
MLT,2012,lnorm,corr,d,,0.0,0.3503455074192199,0.5980310091205074,
MLT,2013,perm,orig,mawd,,0.0,,,
MLT,2013,perm,orig,d,,0.0,,,
MLT,2013,perm,clean,mawd,,0.0,,,
MLT,2013,perm,clean,d,,0.0,,,
MLT,2013,lnorm,orig,mawd,,0.0,0.19900536736413865,0.2819489094342567,
MLT,2013,lnorm,orig,d,,0.0,0.301357569720089,0.48722250816253343,
MLT,2013,lnorm,clean,mawd,,0.0,0.19660819059279333,0.2796465787479079,
MLT,2013,lnorm,clean,d,,0.0,0.2878918154261423,0.49200341492701377,
MLT,2013,perm,corr,mawd,,0.0,,,
MLT,2013,perm,corr,d,,0.0,,,
MLT,2013,lnorm,corr,mawd,,0.0,0.19900536736413865,0.2819489094342567,
MLT,2013,lnorm,corr,d,,0.0,0.301357569720089,0.48722250816253343,
MLT,2014,perm,orig,mawd,,0.0,,,
MLT,2014,perm,orig,d,,0.0,,,
MLT,2014,perm,clean,mawd,,0.0,,,
MLT,2014,perm,clean,d,,0.0,,,
MLT,2014,lnorm,orig,mawd,,0.0,0.1956195859558587,0.27675912360261656,
MLT,2014,lnorm,orig,d,,0.0,0.3004429727308054,0.48065091702675744,
MLT,2014,lnorm,clean,mawd,,0.0,0.19343609829149647,0.275282718115742,
MLT,2014,lnorm,clean,d,,0.0,0.2796921782749767,0.47983520973189075,
MLT,2014,perm,corr,mawd,,0.0,,,
MLT,2014,perm,corr,d,,0.0,,,
MLT,2014,lnorm,corr,mawd,,0.0,0.1956195859558587,0.27675912360261656,
MLT,2014,lnorm,corr,d,,0.0,0.3004429727308054,0.48065091702675744,
NLD,2000,perm,orig,mawd,0.17515199665562417,0.0,0.2261460416539989,0.2895270893815266,-2.6706243642147163
NLD,2000,perm,orig,d,0.276054233977842,0.148,0.261873550940124,0.31029404592641535,-1.0744074530709031
NLD,2000,perm,clean,mawd,0.15351565282563479,0.0,0.22119509456831934,0.2851089820608198,-2.9959169402811128
NLD,2000,perm,clean,d,0.16265934454650294,0.0,0.25251783431606134,0.3036090825211637,-4.100129411576825
NLD,2000,lnorm,orig,mawd,0.17515199665562417,0.0,0.24814444400501184,0.3301081554186813,-2.773342407176589
NLD,2000,lnorm,orig,d,0.276054233977842,0.069,0.2716080538989158,0.3190682442455002,-1.4519446226201278
NLD,2000,lnorm,clean,mawd,0.15351565282563479,0.0,0.24255705856597007,0.3241670648800853,-2.9723478062915216
NLD,2000,lnorm,clean,d,0.16265934454650294,0.0,0.2621127778262386,0.3126247937266303,-4.712465774975534
NLD,2000,perm,corr,mawd,0.17515199665562417,0.0,0.2261460416539989,0.2895270893815266,-2.6706243642147163
NLD,2000,perm,corr,d,0.276054233977842,0.148,0.261873550940124,0.31029404592641535,-1.0744074530709031
NLD,2000,lnorm,corr,mawd,0.17515199665562417,0.0,0.24814444400501184,0.3301081554186813,-2.773342407176589
NLD,2000,lnorm,corr,d,0.276054233977842,0.069,0.2716080538989158,0.3190682442455002,-1.4519446226201278
NLD,2001,perm,orig,mawd,0.19787581785504693,0.001,0.23738160141611458,0.30099076509128225,-2.3386918096856357
NLD,2001,perm,orig,d,0.3209568374142988,0.542,0.26501030993519503,0.3172973283134092,0.032102383691608394
NLD,2001,perm,clean,mawd,0.1648430967200544,0.0,0.2317515823284631,0.29615439377776764,-2.897241874606875
NLD,2001,perm,clean,d,0.16882504207998228,0.0,0.2563069830904894,0.3088488717527694,-3.9946113617640817
NLD,2001,lnorm,orig,mawd,0.19787581785504693,0.0,0.259731088064162,0.3437844504944533,-2.526825024387573
NLD,2001,lnorm,orig,d,0.3209568374142988,0.432,0.2753421572646477,0.3254655182665951,-0.1970194905749277
NLD,2001,lnorm,clean,mawd,0.1648430967200544,0.0,0.254702308460671,0.3383294264856872,-2.914484696204475
NLD,2001,lnorm,clean,d,0.16882504207998228,0.0,0.2657536077122617,0.31698641310798814,-4.5799133790682225
NLD,2001,perm,corr,mawd,0.19787581785504693,0.001,0.23738160141611458,0.30099076509128225,-2.3386918096856357
NLD,2001,perm,corr,d,0.3209568374142988,0.542,0.26501030993519503,0.3172973283134092,0.032102383691608394
NLD,2001,lnorm,corr,mawd,0.19787581785504693,0.0,0.259731088064162,0.3437844504944533,-2.526825024387573
NLD,2001,lnorm,corr,d,0.3209568374142988,0.432,0.2753421572646477,0.3254655182665951,-0.1970194905749277
NLD,2002,perm,orig,mawd,0.19150408599662647,0.001,0.23428472038859227,0.2949128860926041,-2.3917165053441534
NLD,2002,perm,orig,d,0.2979375320384887,0.38,0.2583590732671116,0.3092812591674359,-0.362975840753926
NLD,2002,perm,clean,mawd,0.16418209432555286,0.0,0.2287794095100751,0.29251785828471455,-2.8548185842566296
NLD,2002,perm,clean,d,0.17538897984593355,0.0,0.2491700827817606,0.3018502656652662,-3.6851266831196767
NLD,2002,lnorm,orig,mawd,0.19150408599662647,0.0,0.2512373170210845,0.3330755286171298,-2.5559350459106125
NLD,2002,lnorm,orig,d,0.2979375320384887,0.283,0.2666738307759454,0.3153518434945376,-0.6032578171129618
NLD,2002,lnorm,clean,mawd,0.16418209432555286,0.0,0.24555747309686993,0.32967635097154513,-2.8867643110825822
NLD,2002,lnorm,clean,d,0.17538897984593355,0.0,0.25793477868751047,0.30964957533230775,-4.1851334106586595
NLD,2002,perm,corr,mawd,0.19150408599662647,0.001,0.23428472038859227,0.2949128860926041,-2.3917165053441534
NLD,2002,perm,corr,d,0.2979375320384887,0.38,0.2583590732671116,0.3092812591674359,-0.362975840753926
NLD,2002,lnorm,corr,mawd,0.19150408599662647,0.0,0.2512373170210845,0.3330755286171298,-2.5559350459106125
NLD,2002,lnorm,corr,d,0.2979375320384887,0.283,0.2666738307759454,0.3153518434945376,-0.6032578171129618
NLD,2003,perm,orig,mawd,0.19954499703561113,0.003,0.23707887566299463,0.3012882638857135,-2.283694039439405
NLD,2003,perm,orig,d,0.30619789407218123,0.417,0.26058314346804345,0.3136629923927715,-0.25330491518178555
NLD,2003,perm,clean,mawd,0.16923013613676452,0.0,0.2330959724735686,0.29853631134938097,-2.795140099264018
NLD,2003,perm,clean,d,0.18470840201659366,0.0,0.25391757317839914,0.306871257320226,-3.5061846704768604
NLD,2003,lnorm,orig,mawd,0.19954499703561113,0.0,0.25753972253368224,0.34107430694938895,-2.500703168668104
NLD,2003,lnorm,orig,d,0.30619789407218123,0.318,0.27063912706908505,0.31960405088737476,-0.47966406451271804
NLD,2003,lnorm,clean,mawd,0.16923013613676452,0.0,0.2517789939034687,0.33827779260172786,-2.873541385525515
NLD,2003,lnorm,clean,d,0.18470840201659366,0.0,0.262801549388123,0.3152638199785398,-4.010157201540502
NLD,2003,perm,corr,mawd,0.19954499703561113,0.003,0.23707887566299463,0.3012882638857135,-2.283694039439405
NLD,2003,perm,corr,d,0.30619789407218123,0.417,0.26058314346804345,0.3136629923927715,-0.25330491518178555
NLD,2003,lnorm,corr,mawd,0.19954499703561113,0.0,0.25753972253368224,0.34107430694938895,-2.500703168668104
NLD,2003,lnorm,corr,d,0.30619789407218123,0.318,0.27063912706908505,0.31960405088737476,-0.47966406451271804
NLD,2004,perm,orig,mawd,0.20482031460401587,0.004,0.24784887189749327,0.3140653890087002,-2.3411546243109536
NLD,2004,perm,orig,d,0.3040607847822096,0.293,0.27115367748692343,0.32422657440698527,-0.604985865863514
NLD,2004,perm,clean,mawd,0.17635500879316288,0.0,0.2439532669401451,0.3124649809383636,-2.79124117967611
NLD,2004,perm,clean,d,0.18896099876442818,0.0,0.2644396219110973,0.3182437223739844,-3.6733095612450066
NLD,2004,lnorm,orig,mawd,0.20482031460401587,0.0,0.26966092549422815,0.35649341926012,-2.546577196487424
NLD,2004,lnorm,orig,d,0.3040607847822096,0.207,0.278598078772119,0.3289975745600517,-0.8355949651242
NLD,2004,lnorm,clean,mawd,0.17635500879316288,0.0,0.2642483080794535,0.35356747346087547,-2.863398170228271
NLD,2004,lnorm,clean,d,0.18896099876442818,0.0,0.2728798967959487,0.32525770985143587,-4.124097226795131
NLD,2004,perm,corr,mawd,0.20482031460401587,0.004,0.24784887189749327,0.3140653890087002,-2.3411546243109536
NLD,2004,perm,corr,d,0.3040607847822096,0.293,0.27115367748692343,0.32422657440698527,-0.604985865863514
NLD,2004,lnorm,corr,mawd,0.20482031460401587,0.0,0.26966092549422815,0.35649341926012,-2.546577196487424
NLD,2004,lnorm,corr,d,0.3040607847822096,0.207,0.278598078772119,0.3289975745600517,-0.8355949651242
NLD,2005,perm,orig,mawd,0.21275774340065617,0.004,0.25073499443268993,0.31963800919593555,-2.221864821946953
NLD,2005,perm,orig,d,0.29925676868126017,0.229,0.27246253579847396,0.32690099971710146,-0.7960545224727527
NLD,2005,perm,clean,mawd,0.1829048658346263,0.0,0.24755788100537138,0.3176508218206799,-2.690824948825287
NLD,2005,perm,clean,d,0.1901571041181419,0.0,0.26796691183037635,0.321708204102987,-3.6078224521086675
NLD,2005,lnorm,orig,mawd,0.21275774340065617,0.0,0.27895289369803106,0.3715026282085806,-2.531166039765641
NLD,2005,lnorm,orig,d,0.29925676868126017,0.119,0.28462741048212814,0.3363520544564048,-1.179638930210695
NLD,2005,lnorm,clean,mawd,0.1829048658346263,0.0,0.27410138203902085,0.36839835716119207,-2.8445567693958873
NLD,2005,lnorm,clean,d,0.1901571041181419,0.0,0.27892120590768266,0.33277220239419947,-4.2257749505566995
NLD,2005,perm,corr,mawd,0.21275774340065617,0.004,0.25073499443268993,0.31963800919593555,-2.221864821946953
NLD,2005,perm,corr,d,0.29925676868126017,0.229,0.27246253579847396,0.32690099971710146,-0.7960545224727527
NLD,2005,lnorm,corr,mawd,0.21275774340065617,0.0,0.27895289369803106,0.3715026282085806,-2.531166039765641
NLD,2005,lnorm,corr,d,0.29925676868126017,0.119,0.28462741048212814,0.3363520544564048,-1.179638930210695
NLD,2006,perm,orig,mawd,0.21666169909748562,0.007,0.24917247664669107,0.31932730243081986,-2.114939605505604
NLD,2006,perm,orig,d,0.3458652829136572,0.674,0.27305016188050235,0.3293954112826023,0.36481027313231973
NLD,2006,perm,clean,mawd,0.17237045868696502,0.0,0.24353683457949937,0.31410446739958586,-2.819971045237582
NLD,2006,perm,clean,d,0.18170870674295214,0.0,0.2657723196610071,0.32210575797299235,-3.739837826501369
NLD,2006,lnorm,orig,mawd,0.21666169909748562,0.001,0.28166225545451434,0.3737107958247856,-2.4841949503360117
NLD,2006,lnorm,orig,d,0.3458652829136572,0.532,0.29007712316427814,0.3433534117288042,0.044052489307531015
NLD,2006,lnorm,clean,mawd,0.17237045868696502,0.0,0.2727768450834152,0.36945836292251516,-2.964113841608032
NLD,2006,lnorm,clean,d,0.18170870674295214,0.0,0.2811203283493733,0.3350638215205095,-4.508765423137933
NLD,2006,perm,corr,mawd,0.21666169909748562,0.007,0.24917247664669107,0.31932730243081986,-2.114939605505604
NLD,2006,perm,corr,d,0.3458652829136572,0.674,0.27305016188050235,0.3293954112826023,0.36481027313231973
NLD,2006,lnorm,corr,mawd,0.21666169909748562,0.001,0.28166225545451434,0.3737107958247856,-2.4841949503360117
NLD,2006,lnorm,corr,d,0.3458652829136572,0.532,0.29007712316427814,0.3433534117288042,0.044052489307531015
NLD,2007,perm,orig,mawd,0.21138394434436572,0.004,0.2534608505253247,0.3254516739312945,-2.289763356463632
NLD,2007,perm,orig,d,0.33807095846146823,0.53,0.27735613334087705,0.33430235564033,0.04363853948211947
NLD,2007,perm,clean,mawd,0.17149412265488856,0.0,0.24680602417119463,0.319914721760859,-2.897420550514586
NLD,2007,perm,clean,d,0.1830052846595173,0.0,0.2714184080151897,0.32750706077482955,-3.8668873296834976
NLD,2007,lnorm,orig,mawd,0.21138394434436572,0.001,0.28062522416982916,0.3738464781401473,-2.5192810175454583
NLD,2007,lnorm,orig,d,0.33807095846146823,0.411,0.29209422968554044,0.34609172435028457,-0.25530274649349993
NLD,2007,lnorm,clean,mawd,0.17149412265488856,0.0,0.27192500531745006,0.36990028319074475,-2.928193515165203
NLD,2007,lnorm,clean,d,0.1830052846595173,0.0,0.2838472748841364,0.337341861837544,-4.498863240462509
NLD,2007,perm,corr,mawd,0.21138394434436572,0.004,0.2534608505253247,0.3254516739312945,-2.289763356463632
NLD,2007,perm,corr,d,0.33807095846146823,0.53,0.27735613334087705,0.33430235564033,0.04363853948211947
NLD,2007,lnorm,corr,mawd,0.21138394434436572,0.001,0.28062522416982916,0.3738464781401473,-2.5192810175454583
NLD,2007,lnorm,corr,d,0.33807095846146823,0.411,0.29209422968554044,0.34609172435028457,-0.25530274649349993
NLD,2008,perm,orig,mawd,0.22843094557759855,0.013,0.25088071479156593,0.32607099548757906,-1.9307735716833214
NLD,2008,perm,orig,d,0.40706041112821234,0.927,0.2749312727431989,0.3322731274897252,1.5824396591004084
NLD,2008,perm,clean,mawd,0.16450564572918341,0.0,0.2445844414487187,0.31709880722911626,-2.9444951230206518
NLD,2008,perm,clean,d,0.1746528895261257,0.0,0.26547604825346954,0.32289397146507837,-3.9626158753267924
NLD,2008,lnorm,orig,mawd,0.22843094557759855,0.002,0.2841074865490831,0.3789274624171006,-2.3072221778118833
NLD,2008,lnorm,orig,d,0.40706041112821234,0.917,0.2947276793918147,0.34970446702937236,1.4376599671052668
NLD,2008,lnorm,clean,mawd,0.16450564572918341,0.0,0.2715644181694106,0.3708306091363279,-3.0137071135317113
NLD,2008,lnorm,clean,d,0.1746528895261257,0.0,0.28180452767287084,0.33684172656282535,-4.688225615998625
NLD,2008,perm,corr,mawd,0.22843094557759855,0.013,0.25088071479156593,0.32607099548757906,-1.9307735716833214
NLD,2008,perm,corr,d,0.40706041112821234,0.927,0.2749312727431989,0.3322731274897252,1.5824396591004084
NLD,2008,lnorm,corr,mawd,0.22843094557759855,0.002,0.2841074865490831,0.3789274624171006,-2.3072221778118833
NLD,2008,lnorm,corr,d,0.40706041112821234,0.917,0.2947276793918147,0.34970446702937236,1.4376599671052668
NLD,2009,perm,orig,mawd,0.2151853501062694,0.004,0.25447059003717826,0.32525258124163114,-2.2109655943265025
NLD,2009,perm,orig,d,0.3481325199500359,0.697,0.2684431690309491,0.3291316634757585,0.45231943763551463
NLD,2009,perm,clean,mawd,0.17788510733897714,0.0,0.24845933657700714,0.3220879193399549,-2.7639430618688956
NLD,2009,perm,clean,d,0.20455533548810406,0.0,0.26304634653488385,0.32181864241429026,-3.0478065129716407
NLD,2009,lnorm,orig,mawd,0.2151853501062694,0.0,0.2812028418361518,0.37585592551318747,-2.528502150794765
NLD,2009,lnorm,orig,d,0.3481325199500359,0.562,0.2848520518042227,0.34072025042757725,0.16002268835592928
NLD,2009,lnorm,clean,mawd,0.17788510733897714,0.0,0.2717127259572957,0.371430613171989,-2.9232788915799803
NLD,2009,lnorm,clean,d,0.20455533548810406,0.0,0.27901160245666934,0.3351793480393026,-3.6885569915895755
NLD,2009,perm,corr,mawd,0.2151853501062694,0.004,0.25447059003717826,0.32525258124163114,-2.2109655943265025
NLD,2009,perm,corr,d,0.3481325199500359,0.697,0.2684431690309491,0.3291316634757585,0.45231943763551463
NLD,2009,lnorm,corr,mawd,0.2151853501062694,0.0,0.2812028418361518,0.37585592551318747,-2.528502150794765
NLD,2009,lnorm,corr,d,0.3481325199500359,0.562,0.2848520518042227,0.34072025042757725,0.16002268835592928
NLD,2010,perm,orig,mawd,0.2334234378408818,0.005,0.26778251929841546,0.3433760773317276,-2.116371267370981
NLD,2010,perm,orig,d,0.36117553077009407,0.683,0.2809713446784116,0.3423080769542713,0.41770113550967
NLD,2010,perm,clean,mawd,0.19689640025336375,0.0,0.25928863254571755,0.3375580489839045,-2.6037290790440446
NLD,2010,perm,clean,d,0.22426927720866902,0.001,0.2751568561380043,0.3353144958720261,-2.724714900714632
NLD,2010,lnorm,orig,mawd,0.2334234378408818,0.0,0.2945765227215778,0.394852845255799,-2.468536301003135
NLD,2010,lnorm,orig,d,0.36117553077009407,0.543,0.29783367411772066,0.35752573792492304,0.08651258892143482
NLD,2010,lnorm,clean,mawd,0.19689640025336375,0.0,0.2870962457907582,0.3884858281923285,-2.818669630376738
NLD,2010,lnorm,clean,d,0.22426927720866902,0.0,0.2915019076415298,0.3500456481875489,-3.389773161624548
NLD,2010,perm,corr,mawd,0.2334234378408818,0.005,0.26778251929841546,0.3433760773317276,-2.116371267370981
NLD,2010,perm,corr,d,0.36117553077009407,0.683,0.2809713446784116,0.3423080769542713,0.41770113550967
NLD,2010,lnorm,corr,mawd,0.2334234378408818,0.0,0.2945765227215778,0.394852845255799,-2.468536301003135
NLD,2010,lnorm,corr,d,0.36117553077009407,0.543,0.29783367411772066,0.35752573792492304,0.08651258892143482
NLD,2011,perm,orig,mawd,0.22503109638723312,0.002,0.2701273530910683,0.34641204970560857,-2.276167197798826
NLD,2011,perm,orig,d,0.35420199067673674,0.604,0.28437620913262057,0.3435334732512643,0.2186634020497052
NLD,2011,perm,clean,mawd,0.18857212742749674,0.0,0.26126511287005416,0.3394136969194005,-2.7476194116284796
NLD,2011,perm,clean,d,0.21409987560856422,0.0,0.2793900770042499,0.3370823260445699,-3.0731923139586157
NLD,2011,lnorm,orig,mawd,0.22503109638723312,0.0,0.29650367065048566,0.3985018723748403,-2.6027100947648725
NLD,2011,lnorm,orig,d,0.35420199067673674,0.431,0.3015032832909039,0.3595812527343528,-0.1792633535327439
NLD,2011,lnorm,clean,mawd,0.18857212742749674,0.0,0.28876287697868736,0.39181383605496767,-2.9254696130852276
NLD,2011,lnorm,clean,d,0.21409987560856422,0.0,0.29607298180291114,0.35427948011544413,-3.7444893345915427
NLD,2011,perm,corr,mawd,0.22503109638723312,0.002,0.2701273530910683,0.34641204970560857,-2.276167197798826
NLD,2011,perm,corr,d,0.35420199067673674,0.604,0.28437620913262057,0.3435334732512643,0.2186634020497052
NLD,2011,lnorm,corr,mawd,0.22503109638723312,0.0,0.29650367065048566,0.3985018723748403,-2.6027100947648725
NLD,2011,lnorm,corr,d,0.35420199067673674,0.431,0.3015032832909039,0.3595812527343528,-0.1792633535327439
NLD,2012,perm,orig,mawd,0.23963501949512034,0.007,0.2714885758975439,0.35098206137874854,-2.0477310642434587
NLD,2012,perm,orig,d,0.3735161812165864,0.721,0.28449710768385694,0.34813292593084755,0.5454100546153252
NLD,2012,perm,clean,mawd,0.19649714762840903,0.0,0.26213845243429157,0.3438466440684387,-2.5980695816445976
NLD,2012,perm,clean,d,0.23032207971914836,0.001,0.28019984432639444,0.34273662520288667,-2.663174028495632
NLD,2012,lnorm,orig,mawd,0.23963501949512034,0.0,0.30489386217466125,0.4083214809993545,-2.4662847180843532
NLD,2012,lnorm,orig,d,0.3735161812165864,0.571,0.30559813107616723,0.36543803515463447,0.17507283572128662
NLD,2012,lnorm,clean,mawd,0.19649714762840903,0.0,0.2923839990019368,0.39895378099203244,-2.857228747203505
NLD,2012,lnorm,clean,d,0.23032207971914836,0.0,0.29923341083680216,0.3587642231760453,-3.3540741162671686
NLD,2012,perm,corr,mawd,0.23963501949512034,0.007,0.2714885758975439,0.35098206137874854,-2.0477310642434587
NLD,2012,perm,corr,d,0.3735161812165864,0.721,0.28449710768385694,0.34813292593084755,0.5454100546153252
NLD,2012,lnorm,corr,mawd,0.23963501949512034,0.0,0.30489386217466125,0.4083214809993545,-2.4662847180843532
NLD,2012,lnorm,corr,d,0.3735161812165864,0.571,0.30559813107616723,0.36543803515463447,0.17507283572128662
NLD,2013,perm,orig,mawd,0.23547520332803268,0.005,0.2720867486027651,0.3483062222937169,-2.1343602281911966
NLD,2013,perm,orig,d,0.3642103126503073,0.67,0.283367758328016,0.3429888895125338,0.425457059723857
NLD,2013,perm,clean,mawd,0.19017067375238556,0.0,0.2609731869360436,0.34175320824944094,-2.723980213820354
NLD,2013,perm,clean,d,0.22260865291583434,0.0,0.27792575473168485,0.3381165886068959,-2.807246550110689
NLD,2013,lnorm,orig,mawd,0.23547520332803268,0.001,0.3012973977934169,0.40407448131802776,-2.5179528099046604
NLD,2013,lnorm,orig,d,0.3642103126503073,0.522,0.30212547195824696,0.3619503587835452,0.036100775474467814
NLD,2013,lnorm,clean,mawd,0.19017067375238556,0.0,0.2909993895278067,0.3946179925135245,-2.9473651403318204
NLD,2013,lnorm,clean,d,0.22260865291583434,0.0,0.29836995686025636,0.3556679208798763,-3.562993333122499
NLD,2013,perm,corr,mawd,0.23547520332803268,0.005,0.2720867486027651,0.3483062222937169,-2.1343602281911966
NLD,2013,perm,corr,d,0.3642103126503073,0.67,0.283367758328016,0.3429888895125338,0.425457059723857
NLD,2013,lnorm,corr,mawd,0.23547520332803268,0.001,0.3012973977934169,0.40407448131802776,-2.5179528099046604
NLD,2013,lnorm,corr,d,0.3642103126503073,0.522,0.30212547195824696,0.3619503587835452,0.036100775474467814
NLD,2014,perm,orig,mawd,0.2083148746910583,0.0,0.27025702636195265,0.3443402253077485,-2.564316676985225
NLD,2014,perm,orig,d,0.29787840910856905,0.128,0.2811068068235485,0.3403692086758957,-1.1213515433641499
NLD,2014,perm,clean,mawd,0.1849213603358054,0.0,0.26177980923605493,0.3416296729310908,-2.821030713974449
NLD,2014,perm,clean,d,0.21520258481551327,0.0,0.2790469106824795,0.3397966421255374,-3.031675645733497
NLD,2014,lnorm,orig,mawd,0.2083148746910583,0.0,0.29383842298596097,0.39305337792101974,-2.8079199391569016
NLD,2014,lnorm,orig,d,0.29787840910856905,0.055,0.29737830795514325,0.3533668622961045,-1.6120916547588722
NLD,2014,lnorm,clean,mawd,0.1849213603358054,0.0,0.2866358023691274,0.38865921275090043,-2.9715348552651193
NLD,2014,lnorm,clean,d,0.21520258481551327,0.0,0.2975159870437903,0.3537907641297222,-3.729282419807173
NLD,2014,perm,corr,mawd,0.2083148746910583,0.0,0.27025702636195265,0.3443402253077485,-2.564316676985225
NLD,2014,perm,corr,d,0.29787840910856905,0.128,0.2811068068235485,0.3403692086758957,-1.1213515433641499
NLD,2014,lnorm,corr,mawd,0.2083148746910583,0.0,0.29383842298596097,0.39305337792101974,-2.8079199391569016
NLD,2014,lnorm,corr,d,0.29787840910856905,0.055,0.29737830795514325,0.3533668622961045,-1.6120916547588722
NOR,2000,perm,orig,mawd,0.6242327443167456,0.973,0.21635951400155426,0.3024022561952955,3.2434817664878577
NOR,2000,perm,orig,d,0.4409567073619439,0.953,0.25407453912217953,0.30863318992681066,2.256229154578172
NOR,2000,perm,clean,mawd,0.6259064650765696,0.974,0.21567343500322897,0.3023446390026348,3.253735218061322
NOR,2000,perm,clean,d,0.4473494646719064,0.958,0.25221832483244727,0.3087791747949899,2.3553345671106545
NOR,2000,lnorm,orig,mawd,0.6242327443167456,0.983,0.23673781918998346,0.35340482172790716,2.563041132899022
NOR,2000,lnorm,orig,d,0.4409567073619439,0.971,0.2809142878504708,0.3404117850419112,2.1785848990073675
NOR,2000,lnorm,clean,mawd,0.6259064650765696,0.983,0.23731444316127107,0.3537981092019179,2.574184891603897
NOR,2000,lnorm,clean,d,0.4473494646719064,0.983,0.2796400810391929,0.3406949318739202,2.304358413056273
NOR,2000,perm,corr,mawd,0.6242327443167456,0.973,0.21635951400155426,0.3024022561952955,3.2434817664878577
NOR,2000,perm,corr,d,0.4409567073619439,0.953,0.25407453912217953,0.30863318992681066,2.256229154578172
NOR,2000,lnorm,corr,mawd,0.6242327443167456,0.983,0.23673781918998346,0.35340482172790716,2.563041132899022
NOR,2000,lnorm,corr,d,0.4409567073619439,0.971,0.2809142878504708,0.3404117850419112,2.1785848990073675
NOR,2001,perm,orig,mawd,0.5077537686006487,0.971,0.20873220711442078,0.28846142390421664,2.6964774214722036
NOR,2001,perm,orig,d,0.3845041583373646,0.924,0.24820339639864544,0.3018243869476771,1.6975643591586325
NOR,2001,perm,clean,mawd,0.5087949417176049,0.971,0.20847583736928504,0.287809599453298,2.6951033983502226
NOR,2001,perm,clean,d,0.388684695706293,0.932,0.24578583315496455,0.2968885687339244,1.8434752700951027
NOR,2001,lnorm,orig,mawd,0.5077537686006487,0.959,0.22700347939052418,0.3333153666947365,1.9676262324510065
NOR,2001,lnorm,orig,d,0.3845041583373646,0.91,0.2730071260325007,0.3287874560798044,1.3688563932628837
NOR,2001,lnorm,clean,mawd,0.5087949417176049,0.96,0.22650113380979542,0.3338122710312582,1.9735690443538585
NOR,2001,lnorm,clean,d,0.388684695706293,0.929,0.2667515179761304,0.3230908977789851,1.5863781758832325
NOR,2001,perm,corr,mawd,0.5077537686006487,0.971,0.20873220711442078,0.28846142390421664,2.6964774214722036
NOR,2001,perm,corr,d,0.3845041583373646,0.924,0.24820339639864544,0.3018243869476771,1.6975643591586325
NOR,2001,lnorm,corr,mawd,0.5077537686006487,0.959,0.22700347939052418,0.3333153666947365,1.9676262324510065
NOR,2001,lnorm,corr,d,0.3845041583373646,0.91,0.2730071260325007,0.3287874560798044,1.3688563932628837
NOR,2002,perm,orig,mawd,0.40050156731359765,0.941,0.20151558537630956,0.2765721286031436,1.822785468064355
NOR,2002,perm,orig,d,0.32946972253960777,0.833,0.2417958080116782,0.2903891126495093,0.9350984135767674
NOR,2002,perm,clean,mawd,0.4006594166575113,0.94,0.20125767437787592,0.2763522072091352,1.8184293700079828
NOR,2002,perm,clean,d,0.329981775754906,0.864,0.23790347682167498,0.2849866507681258,1.1135521813046
NOR,2002,lnorm,orig,mawd,0.40050156731359765,0.847,0.22294490075635423,0.31826294101185637,1.0787810731614758
NOR,2002,lnorm,orig,d,0.32946972253960777,0.666,0.26449441680696584,0.31475661803456556,0.3819191052736609
NOR,2002,lnorm,clean,mawd,0.4006594166575113,0.85,0.2224772010916426,0.318272255212487,1.0818264043235477
NOR,2002,lnorm,clean,d,0.329981775754906,0.731,0.2564384523862789,0.30773123913238365,0.6269765138435507
NOR,2002,perm,corr,mawd,0.40050156731359765,0.941,0.20151558537630956,0.2765721286031436,1.822785468064355
NOR,2002,perm,corr,d,0.32946972253960777,0.833,0.2417958080116782,0.2903891126495093,0.9350984135767674
NOR,2002,lnorm,corr,mawd,0.40050156731359765,0.847,0.22294490075635423,0.31826294101185637,1.0787810731614758
NOR,2002,lnorm,corr,d,0.32946972253960777,0.666,0.26449441680696584,0.31475661803456556,0.3819191052736609
NOR,2003,perm,orig,mawd,0.41337887350863106,0.953,0.20335427163627884,0.2750632110830489,1.9811529303508377
NOR,2003,perm,orig,d,0.32281836179328527,0.738,0.244552447454216,0.29425825440507347,0.6334325722771019
NOR,2003,perm,clean,mawd,0.41424990971352815,0.954,0.20318129077652514,0.27473442336351517,1.9857407452980083
NOR,2003,perm,clean,d,0.3290054703255463,0.804,0.24157736080154255,0.2904124169472469,0.8719534442282317
NOR,2003,lnorm,orig,mawd,0.41337887350863106,0.873,0.22943226707723263,0.32379714433500406,1.1876260173560884
NOR,2003,lnorm,orig,d,0.32281836179328527,0.545,0.268087170551608,0.3187087683440246,0.06875951952603468
NOR,2003,lnorm,clean,mawd,0.41424990971352815,0.876,0.22762765453361053,0.32321189654612514,1.1982180480201705
NOR,2003,lnorm,clean,d,0.3290054703255463,0.654,0.26185221803869146,0.31369399407175846,0.39432874654610367
NOR,2003,perm,corr,mawd,0.41326546480985515,0.954,0.20057810945706406,0.27320050933844653,2.058198624798801
NOR,2003,perm,corr,d,0.3238029240867835,0.765,0.24238744225072112,0.2914757400485429,0.7315813502738185
NOR,2003,lnorm,corr,mawd,0.41326546480985515,0.882,0.2277155565444829,0.3214632682869697,1.234413707278633
NOR,2003,lnorm,corr,d,0.3238029240867835,0.575,0.2665582888707399,0.31667522497060663,0.1546448657407049
NOR,2004,perm,orig,mawd,0.5086038522802689,0.967,0.21286486571036045,0.29535549008995055,2.402363758444065
NOR,2004,perm,orig,d,0.3749492398844851,0.913,0.2541602261629476,0.30896672168251477,1.4609946794484974
NOR,2004,perm,clean,mawd,0.5096772432439686,0.967,0.21281997327447902,0.29544996109124755,2.4093748725889825
NOR,2004,perm,clean,d,0.3805349096154543,0.928,0.2526891000597435,0.30899870738034635,1.5809774858998824
NOR,2004,lnorm,orig,mawd,0.5086038522802689,0.943,0.23847785777836197,0.34653746986749,1.7572540391756228
NOR,2004,lnorm,orig,d,0.3749492398844851,0.859,0.27839510150704766,0.3308613409621326,1.1033180183155717
NOR,2004,lnorm,clean,mawd,0.5096772432439686,0.943,0.23734463994881025,0.34675116572749803,1.7655439258632513
NOR,2004,lnorm,clean,d,0.3805349096154543,0.883,0.27476361509793645,0.33089564759375206,1.2524404590646838
NOR,2004,perm,corr,mawd,0.5088101945735586,0.956,0.21584959382604305,0.2991707019063393,2.252921497648501
NOR,2004,perm,corr,d,0.3752407941749593,0.883,0.25763023797594314,0.31600004188287595,1.2640141492820818
NOR,2004,lnorm,corr,mawd,0.5088101945735586,0.931,0.24464915218614924,0.3535890527451258,1.6201056573392405
NOR,2004,lnorm,corr,d,0.3752407941749593,0.826,0.28298334963650845,0.33639717796295354,0.9532968527862082
NOR,2005,perm,orig,mawd,0.6522534592470227,0.975,0.21605910587553862,0.31087974454063344,3.1623861221984533
NOR,2005,perm,orig,d,0.4357448492540069,0.973,0.25631612783843727,0.30824369399074103,2.7403429189676483
NOR,2005,perm,clean,mawd,0.6536606978987338,0.975,0.21588488275658183,0.3109081551885201,3.168409630057266
NOR,2005,perm,clean,d,0.4419005078284089,0.975,0.2559240254356332,0.3077108304456152,2.8419690194099996
NOR,2005,lnorm,orig,mawd,0.6522534592470227,0.98,0.24442673187102998,0.3680706292978378,2.460422859560239
NOR,2005,lnorm,orig,d,0.4357448492540069,0.978,0.28178178011891686,0.33521754031071355,2.3634897925952663
NOR,2005,lnorm,clean,mawd,0.6536606978987338,0.98,0.24399893482247234,0.3677123261618901,2.467926540275016
NOR,2005,lnorm,clean,d,0.4419005078284089,0.983,0.27995590839289497,0.3342246076793368,2.4920744543079434
NOR,2005,perm,corr,mawd,0.6520267302819608,0.975,0.2145467153992629,0.3087319066306581,3.261483654964428
NOR,2005,perm,corr,d,0.43622978630841497,0.975,0.25349071816897617,0.3041228452433361,2.841432218325747
NOR,2005,lnorm,corr,mawd,0.6520267302819608,0.982,0.24299747442593253,0.3647137946342014,2.5268835150779805
NOR,2005,lnorm,corr,d,0.43622978630841497,0.983,0.27944799670328213,0.3329711724873854,2.451292881056638
NOR,2006,perm,orig,mawd,0.6880731286040249,0.985,0.2132101063610273,0.31558043973545546,3.2984577668809947
NOR,2006,perm,orig,d,0.44363951195202883,0.982,0.255675296806095,0.3036141166580518,3.065981652912137
NOR,2006,perm,clean,mawd,0.6906112703119459,0.985,0.21274345975353276,0.3155958044561775,3.306299532450121
NOR,2006,perm,clean,d,0.45379059796536286,0.986,0.24933373376716536,0.29945262124159455,3.2595826172962976
NOR,2006,lnorm,orig,mawd,0.6880731286040249,0.985,0.2414863235631129,0.3683824446360115,2.636965379498093
NOR,2006,lnorm,orig,d,0.44363951195202883,0.988,0.27472715209813087,0.32733828409534427,2.6510134794886455
NOR,2006,lnorm,clean,mawd,0.6906112703119459,0.985,0.24118570594409325,0.3681535876716253,2.6488402485625184
NOR,2006,lnorm,clean,d,0.45379059796536286,0.991,0.2681245018271735,0.321824794519584,2.8962999239053846
NOR,2006,perm,corr,mawd,0.6880731286040249,0.985,0.2132101063610273,0.31558043973545546,3.2984577668809947
NOR,2006,perm,corr,d,0.44363951195202883,0.982,0.255675296806095,0.3036141166580518,3.065981652912137
NOR,2006,lnorm,corr,mawd,0.6880731286040249,0.985,0.2414863235631129,0.3683824446360115,2.636965379498093
NOR,2006,lnorm,corr,d,0.44363951195202883,0.988,0.27472715209813087,0.32733828409534427,2.6510134794886455
NOR,2007,perm,orig,mawd,0.5181703386125096,0.966,0.21563038716306088,0.31092874352719035,2.354258942322492
NOR,2007,perm,orig,d,0.3713132488430447,0.932,0.2591681151276974,0.30652622856939304,1.6304849459259174
NOR,2007,perm,clean,mawd,0.5208749102675136,0.966,0.21601657634598456,0.3110658629744909,2.368051864168795
NOR,2007,perm,clean,d,0.38064836096939725,0.944,0.2563777449240268,0.3063238541260064,1.797610578078977
NOR,2007,lnorm,orig,mawd,0.5181703386125096,0.933,0.24318229577247383,0.3546195175406821,1.6764833477364967
NOR,2007,lnorm,orig,d,0.3713132488430447,0.86,0.2781242676010107,0.3292357904904035,1.0754623503602743
NOR,2007,lnorm,clean,mawd,0.5208749102675136,0.934,0.24264847689343927,0.3548780551643431,1.6911471272560743
NOR,2007,lnorm,clean,d,0.38064836096939725,0.893,0.27751000539529985,0.33047483932328586,1.2614587157985255
NOR,2007,perm,corr,mawd,0.5181703386125096,0.966,0.21563038716306088,0.31092874352719035,2.354258942322492
NOR,2007,perm,corr,d,0.3713132488430447,0.932,0.2591681151276974,0.30652622856939304,1.6304849459259174
NOR,2007,lnorm,corr,mawd,0.5181703386125096,0.933,0.24318229577247383,0.3546195175406821,1.6764833477364967
NOR,2007,lnorm,corr,d,0.3713132488430447,0.86,0.2781242676010107,0.3292357904904035,1.0754623503602743
NOR,2008,perm,orig,mawd,0.6287618477684702,0.981,0.21643872739739592,0.320622415323529,2.9529803427329564
NOR,2008,perm,orig,d,0.4092170862937152,0.97,0.25903722869282025,0.3131318926312796,2.270999881064265
NOR,2008,perm,clean,mawd,0.629852055850273,0.981,0.21603832282238505,0.3203913038493954,2.9570922982641097
NOR,2008,perm,clean,d,0.41346249713108296,0.974,0.25808826341076213,0.3120022769182522,2.351852381538948
NOR,2008,lnorm,orig,mawd,0.6287618477684702,0.961,0.24614044984710542,0.37837321070455787,2.095534400283326
NOR,2008,lnorm,orig,d,0.4092170862937152,0.936,0.28796446898559297,0.3432116462451379,1.5732301127777644
NOR,2008,lnorm,clean,mawd,0.629852055850273,0.962,0.2462737327311144,0.3780343943964357,2.101297388466665
NOR,2008,lnorm,clean,d,0.41346249713108296,0.943,0.2870945717460835,0.3424400760027829,1.6736770660952414
NOR,2008,perm,corr,mawd,0.6287618477684702,0.981,0.21643872739739592,0.320622415323529,2.9529803427329564
NOR,2008,perm,corr,d,0.4092170862937152,0.97,0.25903722869282025,0.3131318926312796,2.270999881064265
NOR,2008,lnorm,corr,mawd,0.6287618477684702,0.961,0.24614044984710542,0.37837321070455787,2.095534400283326
NOR,2008,lnorm,corr,d,0.4092170862937152,0.936,0.28796446898559297,0.3432116462451379,1.5732301127777644
NOR,2009,perm,orig,mawd,0.39506657128415307,0.926,0.2090259378105382,0.2876435876766316,1.598507303891085
NOR,2009,perm,orig,d,0.3088894895559216,0.553,0.250905003527363,0.30311262121628113,0.0976223420944369
NOR,2009,perm,clean,mawd,0.39608381492226163,0.927,0.2084745613492234,0.28769794540022164,1.6100466630513195
NOR,2009,perm,clean,d,0.3142342961050252,0.611,0.24982861616121563,0.3034315322674388,0.2557125860201937
NOR,2009,lnorm,orig,mawd,0.39506657128415307,0.762,0.24576974217565034,0.34054809644760015,0.6670733416186302
NOR,2009,lnorm,orig,d,0.3088894895559216,0.25,0.28096103594005356,0.3292973583896256,-0.705717020800094
NOR,2009,lnorm,clean,mawd,0.39608381492226163,0.764,0.24517147033703487,0.340760892581761,0.6791838950456474
NOR,2009,lnorm,clean,d,0.3142342961050252,0.321,0.280733111322266,0.3298590041462061,-0.523048567595185
NOR,2009,perm,corr,mawd,0.39506657128415307,0.926,0.2090259378105382,0.2876435876766316,1.598507303891085
NOR,2009,perm,corr,d,0.3088894895559216,0.553,0.250905003527363,0.30311262121628113,0.0976223420944369
NOR,2009,lnorm,corr,mawd,0.39506657128415307,0.762,0.24576974217565034,0.34054809644760015,0.6670733416186302
NOR,2009,lnorm,corr,d,0.3088894895559216,0.25,0.28096103594005356,0.3292973583896256,-0.705717020800094
NOR,2010,perm,orig,mawd,0.41922251576701247,0.927,0.21710897899588935,0.30052914102734263,1.6433647126675832
NOR,2010,perm,orig,d,0.3195873853782501,0.57,0.26002601219835425,0.31296598931780484,0.1346576378615213
NOR,2010,perm,clean,mawd,0.42079220126492056,0.929,0.21686931191188616,0.3002675995722099,1.6549624922578434
NOR,2010,perm,clean,d,0.3252200396619151,0.632,0.25834411949140595,0.3133500814397187,0.28375510737199977
NOR,2010,lnorm,orig,mawd,0.41922251576701247,0.776,0.25230434197381774,0.35605545669562577,0.7309627574221733
NOR,2010,lnorm,orig,d,0.3195873853782501,0.273,0.2896048956903845,0.3376091048431323,-0.6342466573942612
NOR,2010,lnorm,clean,mawd,0.42079220126492056,0.779,0.2523592776899006,0.3557596899623799,0.7448134894708388
NOR,2010,lnorm,clean,d,0.3252200396619151,0.344,0.2884864139471904,0.338698046019408,-0.4651395684266941
NOR,2010,perm,corr,mawd,0.41922251576701247,0.927,0.21710897899588935,0.30052914102734263,1.6433647126675832
NOR,2010,perm,corr,d,0.3195873853782501,0.57,0.26002601219835425,0.31296598931780484,0.1346576378615213
NOR,2010,lnorm,corr,mawd,0.41922251576701247,0.776,0.25230434197381774,0.35605545669562577,0.7309627574221733
NOR,2010,lnorm,corr,d,0.3195873853782501,0.273,0.2896048956903845,0.3376091048431323,-0.6342466573942612
NOR,2011,perm,orig,mawd,0.5031549921551498,0.955,0.21907003259163338,0.3134140809854852,2.0849679466757225
NOR,2011,perm,orig,d,0.35245571844966417,0.815,0.26335888453555717,0.31746175552086353,0.9172266620772649
NOR,2011,perm,clean,mawd,0.5052962699406626,0.956,0.21897796524754265,0.31372618448987,2.0953948185038622
NOR,2011,perm,clean,d,0.35923204542872905,0.841,0.26070564594103945,0.3175377394264845,1.0465568964389373
NOR,2011,lnorm,orig,mawd,0.5031549921551498,0.881,0.2562287461966759,0.3766422596212884,1.2475022606958615
NOR,2011,lnorm,orig,d,0.35245571844966417,0.598,0.2893464154289386,0.3425590314731242,0.20414090976076116
NOR,2011,lnorm,clean,mawd,0.5052962699406626,0.883,0.2556550313860797,0.3770198697393733,1.260797501438738
NOR,2011,lnorm,clean,d,0.35923204542872905,0.643,0.2902658599221663,0.34342817016135896,0.3690850875344176
NOR,2011,perm,corr,mawd,0.5031549921551498,0.955,0.21907003259163338,0.3134140809854852,2.0849679466757225
NOR,2011,perm,corr,d,0.35245571844966417,0.815,0.26335888453555717,0.31746175552086353,0.9172266620772649
NOR,2011,lnorm,corr,mawd,0.5031549921551498,0.881,0.2562287461966759,0.3766422596212884,1.2475022606958615
NOR,2011,lnorm,corr,d,0.35245571844966417,0.598,0.2893464154289386,0.3425590314731242,0.20414090976076116
NOR,2012,perm,orig,mawd,0.48954697139369235,0.946,0.2217622044285149,0.3154135030340653,1.9535004515893077
NOR,2012,perm,orig,d,0.3472288139604997,0.758,0.265154702937953,0.3213179190415885,0.673195843728764
NOR,2012,perm,clean,mawd,0.49262766162418953,0.946,0.22116633168245547,0.3157938616975403,1.9703681477425192
NOR,2012,perm,clean,d,0.3566051159194128,0.803,0.26312101093980084,0.3223204236879217,0.8486709171786558
NOR,2012,lnorm,orig,mawd,0.48954697139369235,0.872,0.258408617226667,0.3724613406461857,1.1836832082185877
NOR,2012,lnorm,orig,d,0.3472288139604997,0.556,0.28889870106996546,0.3421054736750403,0.07895848744122758
NOR,2012,lnorm,clean,mawd,0.49262766162418953,0.875,0.2584121774062788,0.3737972586808753,1.202603097493302
NOR,2012,lnorm,clean,d,0.3566051159194128,0.62,0.2892255825562429,0.34429685261350074,0.28530424969872925
NOR,2012,perm,corr,mawd,0.48954697139369235,0.946,0.2217622044285149,0.3154135030340653,1.9535004515893077
NOR,2012,perm,corr,d,0.3472288139604997,0.758,0.265154702937953,0.3213179190415885,0.673195843728764
NOR,2012,lnorm,corr,mawd,0.48954697139369235,0.872,0.258408617226667,0.3724613406461857,1.1836832082185877
NOR,2012,lnorm,corr,d,0.3472288139604997,0.556,0.28889870106996546,0.3421054736750403,0.07895848744122758
NOR,2013,perm,orig,mawd,0.4437446470677275,0.928,0.21514470862994645,0.308520467233488,1.6526122493150481
NOR,2013,perm,orig,d,0.3291529382353264,0.62,0.2617230202163276,0.3167435887978359,0.269349160063987
NOR,2013,perm,clean,mawd,0.44691021509698153,0.933,0.21494107429786083,0.3088013133511129,1.6731266091685817
NOR,2013,perm,clean,d,0.3406869784535305,0.705,0.25825840286895707,0.3189401799187729,0.5007643506338725
NOR,2013,lnorm,orig,mawd,0.4437446470677275,0.783,0.2615634319338142,0.3711936602503069,0.7624688044633751
NOR,2013,lnorm,orig,d,0.3291529382353264,0.349,0.29036143383907864,0.34187161125647325,-0.45730070878075096
NOR,2013,lnorm,clean,mawd,0.44691021509698153,0.786,0.2597353856519457,0.37167177464220547,0.7868384589246279
NOR,2013,lnorm,clean,d,0.3406869784535305,0.453,0.290115840904271,0.3456728109113243,-0.1762913816510773
NOR,2013,perm,corr,mawd,0.4437446470677275,0.928,0.21514470862994645,0.308520467233488,1.6526122493150481
NOR,2013,perm,corr,d,0.3291529382353264,0.62,0.2617230202163276,0.3167435887978359,0.269349160063987
NOR,2013,lnorm,corr,mawd,0.4437446470677275,0.783,0.2615634319338142,0.3711936602503069,0.7624688044633751
NOR,2013,lnorm,corr,d,0.3291529382353264,0.349,0.29036143383907864,0.34187161125647325,-0.45730070878075096
NOR,2014,perm,orig,mawd,0.39375560338126275,0.853,0.22026657347241574,0.3072013816891921,1.160444030341333
NOR,2014,perm,orig,d,0.3095550479175974,0.436,0.2628999729229685,0.3152478144954016,-0.22085361551179428
NOR,2014,perm,clean,mawd,0.395908919051226,0.86,0.21939515203203414,0.3076677229398314,1.179909145349644
NOR,2014,perm,clean,d,0.31877175195957397,0.529,0.2584210453697342,0.31573471393618113,0.01994202720415737
NOR,2014,lnorm,orig,mawd,0.39375560338126275,0.659,0.26008215318745925,0.3626901168470905,0.3184070301418454
NOR,2014,lnorm,orig,d,0.3095550479175974,0.182,0.28693462903027256,0.33783999185719943,-0.9039497013665894
NOR,2014,lnorm,clean,mawd,0.395908919051226,0.664,0.2587448923228196,0.363463695135507,0.34047789942851986
NOR,2014,lnorm,clean,d,0.31877175195957397,0.284,0.2864793678051461,0.33965490467054604,-0.6252999032660856
NOR,2014,perm,corr,mawd,0.39375560338126275,0.853,0.22026657347241574,0.3072013816891921,1.160444030341333
NOR,2014,perm,corr,d,0.3095550479175974,0.436,0.2628999729229685,0.3152478144954016,-0.22085361551179428
NOR,2014,lnorm,corr,mawd,0.39375560338126275,0.659,0.26008215318745925,0.3626901168470905,0.3184070301418454
NOR,2014,lnorm,corr,d,0.3095550479175974,0.182,0.28693462903027256,0.33783999185719943,-0.9039497013665894
POL,2000,perm,orig,mawd,0.2606792792848806,0.155,0.23683068135887772,0.3009509895253145,-0.9930086649604146
POL,2000,perm,orig,d,0.25293412579935376,0.005,0.2774106607911688,0.3218184173132334,-2.165880883934625
POL,2000,perm,clean,mawd,0.2633500898356543,0.193,0.23317735946583615,0.3011267750550699,-0.8976037525811498
POL,2000,perm,clean,d,0.2627171142562092,0.025,0.2721874991483171,0.31961489879818916,-1.7191232489807464
POL,2000,lnorm,orig,mawd,0.2606792792848806,0.134,0.23604299149710506,0.3156706024076956,-1.0687316840862149
POL,2000,lnorm,orig,d,0.25293412579935376,0.011,0.27784511367350573,0.33137647540994997,-2.246640844344633
POL,2000,lnorm,clean,mawd,0.2633500898356543,0.151,0.2325755310346586,0.3145061578992813,-0.9866467531205846
POL,2000,lnorm,clean,d,0.2627171142562092,0.028,0.27305381888357033,0.3294457438566722,-1.835872466175438
POL,2000,perm,corr,mawd,0.2606792792848806,0.155,0.23683068135887772,0.3009509895253145,-0.9930086649604146
POL,2000,perm,corr,d,0.25293412579935376,0.005,0.2774106607911688,0.3218184173132334,-2.165880883934625
POL,2000,lnorm,corr,mawd,0.2606792792848806,0.134,0.23604299149710506,0.3156706024076956,-1.0687316840862149
POL,2000,lnorm,corr,d,0.25293412579935376,0.011,0.27784511367350573,0.33137647540994997,-2.246640844344633
POL,2001,perm,orig,mawd,0.29920056541971934,0.344,0.2493684616493941,0.31725932161794135,-0.4856631214108913
POL,2001,perm,orig,d,0.27238998264095954,0.012,0.28762626846063283,0.335214427554629,-1.9745188808028653
POL,2001,perm,clean,mawd,0.30305399051374315,0.385,0.24711449259583598,0.3178416872356119,-0.3939901211814242
POL,2001,perm,clean,d,0.2832757768730219,0.044,0.2845522928613038,0.33454635498949664,-1.5450166457998993
POL,2001,lnorm,orig,mawd,0.29920056541971934,0.262,0.24594254981787872,0.3316343753116266,-0.617853754061931
POL,2001,lnorm,orig,d,0.27238998264095954,0.022,0.2874221213870481,0.3437137197114527,-2.003841216248806
POL,2001,lnorm,clean,mawd,0.30305399051374315,0.299,0.24596900721327963,0.32896365865096155,-0.5360307073064959
POL,2001,lnorm,clean,d,0.2832757768730219,0.044,0.28496674495550317,0.3428579253234128,-1.6173815216134273
POL,2001,perm,corr,mawd,0.29920056541971934,0.344,0.2493684616493941,0.31725932161794135,-0.4856631214108913
POL,2001,perm,corr,d,0.27238998264095954,0.012,0.28762626846063283,0.335214427554629,-1.9745188808028653
POL,2001,lnorm,corr,mawd,0.29920056541971934,0.262,0.24594254981787872,0.3316343753116266,-0.617853754061931
POL,2001,lnorm,corr,d,0.27238998264095954,0.022,0.2874221213870481,0.3437137197114527,-2.003841216248806
POL,2002,perm,orig,mawd,0.28750218172397407,0.305,0.24494221534996782,0.30986591443238864,-0.5705046661945378
POL,2002,perm,orig,d,0.2794214183780412,0.032,0.2851018900519698,0.32813109150735503,-1.6282772433147188
POL,2002,perm,clean,mawd,0.2901850182141349,0.334,0.2444790780808975,0.3096954492053503,-0.5041036386922522
POL,2002,perm,clean,d,0.2876100824230172,0.087,0.2796583365418026,0.3277378933191606,-1.3015363096376034
POL,2002,lnorm,orig,mawd,0.28750218172397407,0.27,0.2374853798393089,0.3177394179260197,-0.6217716802613897
POL,2002,lnorm,orig,d,0.2794214183780412,0.049,0.28024569593809306,0.33698268650541313,-1.654237992530919
POL,2002,lnorm,clean,mawd,0.2901850182141349,0.296,0.235274600580179,0.3174085496817821,-0.5660229939583659
POL,2002,lnorm,clean,d,0.2876100824230172,0.081,0.2795786066362023,0.33664670740039315,-1.367826974972993
POL,2002,perm,corr,mawd,0.28750218172397407,0.305,0.24494221534996782,0.30986591443238864,-0.5705046661945378
POL,2002,perm,corr,d,0.2794214183780412,0.032,0.2851018900519698,0.32813109150735503,-1.6282772433147188
POL,2002,lnorm,corr,mawd,0.28750218172397407,0.27,0.2374853798393089,0.3177394179260197,-0.6217716802613897
POL,2002,lnorm,corr,d,0.2794214183780412,0.049,0.28024569593809306,0.33698268650541313,-1.654237992530919
POL,2003,perm,orig,mawd,0.280525140901554,0.271,0.24129543378976717,0.30496421272426194,-0.6386849859490408
POL,2003,perm,orig,d,0.28199659159337814,0.07,0.27954860025352407,0.3215296658921605,-1.391560324948978
POL,2003,perm,clean,mawd,0.2829683414125799,0.305,0.24034364424308158,0.305421739306325,-0.5779757088318037
POL,2003,perm,clean,d,0.2897080296607547,0.126,0.27686048076453135,0.32114376735990774,-1.0969566627768188
POL,2003,lnorm,orig,mawd,0.280525140901554,0.262,0.23572088072656577,0.311247086305633,-0.6475925501400693
POL,2003,lnorm,orig,d,0.28199659159337814,0.073,0.2731435562710631,0.32830567650426845,-1.3856319236411203
POL,2003,lnorm,clean,mawd,0.2829683414125799,0.278,0.2352318795744296,0.3103718535911745,-0.5976471645284576
POL,2003,lnorm,clean,d,0.2897080296607547,0.126,0.2728542110013211,0.327754138227298,-1.1224753121582358
POL,2003,perm,corr,mawd,0.280525140901554,0.271,0.24129543378976717,0.30496421272426194,-0.6386849859490408
POL,2003,perm,corr,d,0.28199659159337814,0.07,0.27954860025352407,0.3215296658921605,-1.391560324948978
POL,2003,lnorm,corr,mawd,0.280525140901554,0.262,0.23572088072656577,0.311247086305633,-0.6475925501400693
POL,2003,lnorm,corr,d,0.28199659159337814,0.073,0.2731435562710631,0.32830567650426845,-1.3856319236411203
POL,2004,perm,orig,mawd,0.27792353434304234,0.208,0.2452075000070121,0.3105265317842106,-0.8079796607675954
POL,2004,perm,orig,d,0.27903063605633616,0.037,0.2818121345152114,0.3269297688550751,-1.602597496726006
POL,2004,perm,clean,mawd,0.2751868077794709,0.193,0.2462458247819161,0.31158357915172086,-0.8769256033868771
POL,2004,perm,clean,d,0.2815681483839807,0.052,0.2807267353720032,0.3274811695630748,-1.5172422720741634
POL,2004,lnorm,orig,mawd,0.27792353434304234,0.179,0.2417846374092709,0.3201028548078293,-0.8593183963584368
POL,2004,lnorm,orig,d,0.27903063605633616,0.044,0.282451780158959,0.3353627554010176,-1.690234420160759
POL,2004,lnorm,clean,mawd,0.2751868077794709,0.168,0.2408467046237109,0.3206706841553349,-0.917892982179349
POL,2004,lnorm,clean,d,0.2815681483839807,0.048,0.2817813218874609,0.3370955477621257,-1.6139705505359159
POL,2004,perm,corr,mawd,0.27792353434304234,0.208,0.2452075000070121,0.3105265317842106,-0.8079796607675954
POL,2004,perm,corr,d,0.27903063605633616,0.037,0.2818121345152114,0.3269297688550751,-1.602597496726006
POL,2004,lnorm,corr,mawd,0.27792353434304234,0.179,0.2417846374092709,0.3201028548078293,-0.8593183963584368
POL,2004,lnorm,corr,d,0.27903063605633616,0.044,0.282451780158959,0.3353627554010176,-1.690234420160759
POL,2005,perm,orig,mawd,0.2684248331502274,0.124,0.2478613394191152,0.3131415233523197,-1.1000462701481672
POL,2005,perm,orig,d,0.28655793446808486,0.059,0.28496438688763975,0.32792511356102716,-1.4400896119160298
POL,2005,perm,clean,mawd,0.2700613340074892,0.136,0.24816876643952424,0.3127787624383886,-1.0412602708242225
POL,2005,perm,clean,d,0.290997069468736,0.086,0.2816008968114419,0.32739456324856614,-1.2651515609168875
POL,2005,lnorm,orig,mawd,0.2684248331502274,0.144,0.24246459244310797,0.31826776991051375,-1.010311317537751
POL,2005,lnorm,orig,d,0.28655793446808486,0.067,0.2821333441204224,0.3347092041314622,-1.4424700100498444
POL,2005,lnorm,clean,mawd,0.2700613340074892,0.154,0.24109111512508777,0.3179141125453032,-0.9689097216433896
POL,2005,lnorm,clean,d,0.290997069468736,0.094,0.27968770832092166,0.3357283114816576,-1.2923469263570015
POL,2005,perm,corr,mawd,0.2684248331502274,0.124,0.2478613394191152,0.3131415233523197,-1.1000462701481672
POL,2005,perm,corr,d,0.28655793446808486,0.059,0.28496438688763975,0.32792511356102716,-1.4400896119160298
POL,2005,lnorm,corr,mawd,0.2684248331502274,0.144,0.24246459244310797,0.31826776991051375,-1.010311317537751
POL,2005,lnorm,corr,d,0.28655793446808486,0.067,0.2821333441204224,0.3347092041314622,-1.4424700100498444
POL,2006,perm,orig,mawd,0.2501834300538465,0.076,0.24287272910952534,0.3047233426295865,-1.3613781100422155
POL,2006,perm,orig,d,0.2708668853200236,0.023,0.2783287085199712,0.32094237167513107,-1.789233387273536
POL,2006,perm,clean,mawd,0.2519762231366146,0.089,0.23850400848123504,0.3044829643880277,-1.2838927647987728
POL,2006,perm,clean,d,0.27455884983300627,0.036,0.2775456359481413,0.3213435000442629,-1.6281996650128394
POL,2006,lnorm,orig,mawd,0.2501834300538465,0.091,0.23608809606530612,0.3107864203412864,-1.2433595757596394
POL,2006,lnorm,orig,d,0.2708668853200236,0.037,0.2750722849742194,0.32774208327626664,-1.7573231789272348
POL,2006,lnorm,clean,mawd,0.2519762231366146,0.1,0.23543711235864992,0.3088429396543182,-1.1849364262777984
POL,2006,lnorm,clean,d,0.27455884983300627,0.059,0.27210461660220403,0.32913272836338864,-1.6138660412650552
POL,2006,perm,corr,mawd,0.2501834300538465,0.076,0.24287272910952534,0.3047233426295865,-1.3613781100422155
POL,2006,perm,corr,d,0.2708668853200236,0.023,0.2783287085199712,0.32094237167513107,-1.789233387273536
POL,2006,lnorm,corr,mawd,0.2501834300538465,0.091,0.23608809606530612,0.3107864203412864,-1.2433595757596394
POL,2006,lnorm,corr,d,0.2708668853200236,0.037,0.2750722849742194,0.32774208327626664,-1.7573231789272348
POL,2007,perm,orig,mawd,0.24146368039085778,0.046,0.2427113073657582,0.3028275022820003,-1.5861696116570618
POL,2007,perm,orig,d,0.2717141200330212,0.022,0.2805588807468479,0.32036232978639556,-1.8134243391542242
POL,2007,perm,clean,mawd,0.2430524325231491,0.058,0.24120435810506016,0.30290745217990744,-1.5000856635649042
POL,2007,perm,clean,d,0.27363670951066404,0.031,0.2818394860383217,0.3202978629636915,-1.7113305556352005
POL,2007,lnorm,orig,mawd,0.24146368039085778,0.086,0.23132468436021672,0.30157920668863014,-1.2957857970557602
POL,2007,lnorm,orig,d,0.2717141200330212,0.042,0.27497408607057705,0.323808442783655,-1.6769146265182466
POL,2007,lnorm,clean,mawd,0.2430524325231491,0.096,0.23114230871623306,0.3010222891711668,-1.2401006458067887
POL,2007,lnorm,clean,d,0.27363670951066404,0.055,0.2721275074688014,0.3255681649587904,-1.596769431885765
POL,2007,perm,corr,mawd,0.24146368039085778,0.046,0.2427113073657582,0.3028275022820003,-1.5861696116570618
POL,2007,perm,corr,d,0.2717141200330212,0.022,0.2805588807468479,0.32036232978639556,-1.8134243391542242
POL,2007,lnorm,corr,mawd,0.24146368039085778,0.086,0.23132468436021672,0.30157920668863014,-1.2957857970557602
POL,2007,lnorm,corr,d,0.2717141200330212,0.042,0.27497408607057705,0.323808442783655,-1.6769146265182466
POL,2008,perm,orig,mawd,0.24718420118879167,0.058,0.24286840945404892,0.3030432540667277,-1.4200611735640605
POL,2008,perm,orig,d,0.2803759728558947,0.04,0.2818326739867614,0.3203935468124749,-1.5447280550758031
POL,2008,perm,clean,mawd,0.24902050046936036,0.071,0.2427790900490391,0.302641591046931,-1.3304399403666949
POL,2008,perm,clean,d,0.28070427872635545,0.042,0.2823988826824211,0.32085576172445784,-1.5294495783079929
POL,2008,lnorm,orig,mawd,0.24718420118879167,0.101,0.22985293272932605,0.3031378689927851,-1.2014325438759093
POL,2008,lnorm,orig,d,0.2803759728558947,0.07,0.2756629088154577,0.32688865085679086,-1.4674119808495578
POL,2008,lnorm,clean,mawd,0.24902050046936036,0.111,0.23024182144133626,0.30379667578554487,-1.1445619111419831
POL,2008,lnorm,clean,d,0.28070427872635545,0.069,0.273177509646461,0.3289400476668518,-1.4602346898987546
POL,2008,perm,corr,mawd,0.24718420118879167,0.058,0.24286840945404892,0.3030432540667277,-1.4200611735640605
POL,2008,perm,corr,d,0.2803759728558947,0.04,0.2818326739867614,0.3203935468124749,-1.5447280550758031
POL,2008,lnorm,corr,mawd,0.24718420118879167,0.101,0.22985293272932605,0.3031378689927851,-1.2014325438759093
POL,2008,lnorm,corr,d,0.2803759728558947,0.07,0.2756629088154577,0.32688865085679086,-1.4674119808495578
POL,2009,perm,orig,mawd,0.23482744812794606,0.045,0.2382676402771934,0.2999425270907964,-1.6042168183581327
POL,2009,perm,orig,d,0.2712938385850108,0.022,0.27810598757998434,0.3180892166573027,-1.7133815597175672
POL,2009,perm,clean,mawd,0.23788156910012495,0.063,0.23478160788126334,0.2979495479669665,-1.4531531285782842
POL,2009,perm,clean,d,0.27093715902432947,0.027,0.2759518551645022,0.3178692415044132,-1.6525208822975637
POL,2009,lnorm,orig,mawd,0.23482744812794606,0.07,0.22495236818073036,0.2986757828876413,-1.3532464784400535
POL,2009,lnorm,orig,d,0.2712938385850108,0.058,0.2702410192266421,0.32431498446894835,-1.5710331573962175
POL,2009,lnorm,clean,mawd,0.23788156910012495,0.093,0.22397178362762044,0.29587312463097987,-1.2371209738655495
POL,2009,lnorm,clean,d,0.27093715902432947,0.059,0.26736608050743477,0.32361398210918635,-1.5321106192681433
POL,2009,perm,corr,mawd,0.23482744812794606,0.045,0.2382676402771934,0.2999425270907964,-1.6042168183581327
POL,2009,perm,corr,d,0.2712938385850108,0.022,0.27810598757998434,0.3180892166573027,-1.7133815597175672
POL,2009,lnorm,corr,mawd,0.23482744812794606,0.07,0.22495236818073036,0.2986757828876413,-1.3532464784400535
POL,2009,lnorm,corr,d,0.2712938385850108,0.058,0.2702410192266421,0.32431498446894835,-1.5710331573962175
POL,2010,perm,orig,mawd,0.2409191437633164,0.046,0.24376496227757008,0.31068872285909427,-1.6048484841287423
POL,2010,perm,orig,d,0.259802798249315,0.003,0.28798650426863776,0.329242703742303,-2.25977352598015
POL,2010,perm,clean,mawd,0.24314197929860834,0.05,0.24326838586560032,0.31101288210177813,-1.5188352605132704
POL,2010,perm,clean,d,0.2652223180031929,0.007,0.28650838673813916,0.3300349349734465,-2.063780734972935
POL,2010,lnorm,orig,mawd,0.2409191437633164,0.058,0.23798643766066832,0.3135251030638755,-1.4749098046116311
POL,2010,lnorm,orig,d,0.259802798249315,0.011,0.2827787783654856,0.33767623311644024,-2.2322085727012424
POL,2010,lnorm,clean,mawd,0.24314197929860834,0.067,0.2379846864230071,0.31370957694624013,-1.4078427904403554
POL,2010,lnorm,clean,d,0.2652223180031929,0.017,0.28314523550828774,0.33917053128843067,-2.0633193989319136
POL,2010,perm,corr,mawd,0.2409191437633164,0.046,0.24376496227757008,0.31068872285909427,-1.6048484841287423
POL,2010,perm,corr,d,0.259802798249315,0.003,0.28798650426863776,0.329242703742303,-2.25977352598015
POL,2010,lnorm,corr,mawd,0.2409191437633164,0.058,0.23798643766066832,0.3135251030638755,-1.4749098046116311
POL,2010,lnorm,corr,d,0.259802798249315,0.011,0.2827787783654856,0.33767623311644024,-2.2322085727012424
POL,2011,perm,orig,mawd,0.23341280515219986,0.037,0.23884568716070662,0.3067101512787873,-1.668186369479803
POL,2011,perm,orig,d,0.2540536799790576,0.0,0.2880323871003335,0.3332859647308283,-2.368369265464455
POL,2011,perm,clean,mawd,0.23651812333478567,0.044,0.23823657053587624,0.3074994408559569,-1.5587705560612053
POL,2011,perm,clean,d,0.2598787503699557,0.003,0.28749590652212,0.3330211369819329,-2.138728914154751
POL,2011,lnorm,orig,mawd,0.23341280515219986,0.031,0.24082650733295813,0.3172579983888612,-1.6449282456747978
POL,2011,lnorm,orig,d,0.2540536799790576,0.003,0.2895654683326402,0.3450685441817074,-2.5520625725146324
POL,2011,lnorm,clean,mawd,0.23651812333478567,0.043,0.24046420978636684,0.31651165354361654,-1.5531909784409113
POL,2011,lnorm,clean,d,0.2598787503699557,0.009,0.28867887039245865,0.3466269910571047,-2.3370163818337994
POL,2011,perm,corr,mawd,0.23341280515219986,0.037,0.23884568716070662,0.3067101512787873,-1.668186369479803
POL,2011,perm,corr,d,0.2540536799790576,0.0,0.2880323871003335,0.3332859647308283,-2.368369265464455
POL,2011,lnorm,corr,mawd,0.23341280515219986,0.031,0.24082650733295813,0.3172579983888612,-1.6449282456747978
POL,2011,lnorm,corr,d,0.2540536799790576,0.003,0.2895654683326402,0.3450685441817074,-2.5520625725146324
POL,2012,perm,orig,mawd,0.23697670483166045,0.035,0.24192484874362566,0.3091877722449902,-1.6599059406227883
POL,2012,perm,orig,d,0.25730305403150217,0.002,0.2866977127950428,0.3330580198615938,-2.291680474375726
POL,2012,perm,clean,mawd,0.23646244155478582,0.04,0.2409964870664956,0.3084099701590381,-1.607805696643323
POL,2012,perm,clean,d,0.2509597355688499,0.003,0.28417655423436416,0.33343397692919985,-2.367412766566981
POL,2012,lnorm,orig,mawd,0.23697670483166045,0.039,0.24171987934781974,0.31774575532615607,-1.6058628284940575
POL,2012,lnorm,orig,d,0.25730305403150217,0.007,0.2874104189459598,0.3436637145539453,-2.418315176936063
POL,2012,lnorm,clean,mawd,0.23646244155478582,0.044,0.23807853300098436,0.3165379687264399,-1.5548789853179263
POL,2012,lnorm,clean,d,0.2509597355688499,0.004,0.2846567272761749,0.3442251538494594,-2.4913812268513005
POL,2012,perm,corr,mawd,0.23697670483166045,0.035,0.24192484874362566,0.3091877722449902,-1.6599059406227883
POL,2012,perm,corr,d,0.25730305403150217,0.002,0.2866977127950428,0.3330580198615938,-2.291680474375726
POL,2012,lnorm,corr,mawd,0.23697670483166045,0.039,0.24171987934781974,0.31774575532615607,-1.6058628284940575
POL,2012,lnorm,corr,d,0.25730305403150217,0.007,0.2874104189459598,0.3436637145539453,-2.418315176936063
POL,2013,perm,orig,mawd,0.23443767855918018,0.029,0.23998047325186575,0.30627802782798375,-1.6999123942125691
POL,2013,perm,orig,d,0.2579698394888993,0.001,0.2857667486154,0.33043555937304436,-2.237260057829097
POL,2013,perm,clean,mawd,0.23463347505985266,0.036,0.23870327378954748,0.3047346816024997,-1.6071968543908404
POL,2013,perm,clean,d,0.24663732449945472,0.001,0.28259168780733507,0.33027126943960383,-2.4315760127822243
POL,2013,lnorm,orig,mawd,0.23443767855918018,0.038,0.2391782612027823,0.3143508385745503,-1.6199776728381399
POL,2013,lnorm,orig,d,0.2579698394888993,0.007,0.2848385691258341,0.34161619828015555,-2.3458930814720573
POL,2013,lnorm,clean,mawd,0.23463347505985266,0.045,0.23689033648985547,0.3121347706198162,-1.540190130191783
POL,2013,lnorm,clean,d,0.24663732449945472,0.003,0.28089466610545843,0.34124196076568325,-2.533268464578131
POL,2013,perm,corr,mawd,0.23443767855918018,0.029,0.23998047325186575,0.30627802782798375,-1.6999123942125691
POL,2013,perm,corr,d,0.2579698394888993,0.001,0.2857667486154,0.33043555937304436,-2.237260057829097
POL,2013,lnorm,corr,mawd,0.23443767855918018,0.038,0.2391782612027823,0.3143508385745503,-1.6199776728381399
POL,2013,lnorm,corr,d,0.2579698394888993,0.007,0.2848385691258341,0.34161619828015555,-2.3458930814720573
POL,2014,perm,orig,mawd,0.23098533893959722,0.028,0.23806329057316286,0.3039196261339826,-1.7523601408660634
POL,2014,perm,orig,d,0.2583213994568257,0.002,0.28474443206164346,0.3301270002390023,-2.187586084712657
POL,2014,perm,clean,mawd,0.22984133251725333,0.032,0.23885002425785884,0.3044911858456088,-1.7057291099620155
POL,2014,perm,clean,d,0.2470353645759159,0.001,0.2819756559090167,0.32960115427785525,-2.3912269147446277
POL,2014,lnorm,orig,mawd,0.23098533893959722,0.033,0.23677971389382196,0.31170380263073494,-1.6549426128970492
POL,2014,lnorm,orig,d,0.2583213994568257,0.009,0.28284366232158986,0.3404490897849891,-2.2935848657782514
POL,2014,lnorm,clean,mawd,0.22984133251725333,0.038,0.23613783245614525,0.31060350308387197,-1.61226180541942
POL,2014,lnorm,clean,d,0.2470353645759159,0.006,0.27977509349117696,0.34021632276278857,-2.4892772311089217
POL,2014,perm,corr,mawd,0.23098533893959722,0.028,0.23806329057316286,0.3039196261339826,-1.7523601408660634
POL,2014,perm,corr,d,0.2583213994568257,0.002,0.28474443206164346,0.3301270002390023,-2.187586084712657
POL,2014,lnorm,corr,mawd,0.23098533893959722,0.033,0.23677971389382196,0.31170380263073494,-1.6549426128970492
POL,2014,lnorm,corr,d,0.2583213994568257,0.009,0.28284366232158986,0.3404490897849891,-2.2935848657782514
PRT,2000,perm,orig,mawd,0.28017729480427683,0.12,0.2563943358281018,0.349329383013031,-1.1140632428970914
PRT,2000,perm,orig,d,0.3154045632170773,0.105,0.3048655666977338,0.36799333145649904,-1.0923760950765966
PRT,2000,perm,clean,mawd,0.24703658917445698,0.052,0.24699908543848453,0.3417485078254322,-1.379487758391892
PRT,2000,perm,clean,d,0.26042060984988724,0.005,0.28878681632172376,0.35798941038673954,-1.7027947309997375
PRT,2000,lnorm,orig,mawd,0.28017729480427683,0.028,0.2928541212025382,0.4093938519982556,-1.647634405518387
PRT,2000,lnorm,orig,d,0.3154045632170773,0.039,0.3212753617292872,0.39355690476669336,-1.584926095868807
PRT,2000,lnorm,clean,mawd,0.24703658917445698,0.016,0.28215381146979307,0.3993624183831248,-1.859408385760159
PRT,2000,lnorm,clean,d,0.26042060984988724,0.001,0.312473237995364,0.3826730913235656,-2.3023101144517844
PRT,2000,perm,corr,mawd,0.28017729480427683,0.12,0.2563943358281018,0.349329383013031,-1.1140632428970914
PRT,2000,perm,corr,d,0.3154045632170773,0.105,0.3048655666977338,0.36799333145649904,-1.0923760950765966
PRT,2000,lnorm,corr,mawd,0.28017729480427683,0.028,0.2928541212025382,0.4093938519982556,-1.647634405518387
PRT,2000,lnorm,corr,d,0.3154045632170773,0.039,0.3212753617292872,0.39355690476669336,-1.584926095868807
PRT,2001,perm,orig,mawd,0.2945950008283199,0.145,0.2643611466351585,0.35990104767630715,-1.0080199041073168
PRT,2001,perm,orig,d,0.3433974828701958,0.243,0.3081777711373696,0.37793525412727524,-0.7398744288852245
PRT,2001,perm,clean,mawd,0.2503152080599298,0.051,0.2495323719798597,0.34797000462221306,-1.3941569975141679
PRT,2001,perm,clean,d,0.2718542095138485,0.01,0.2924382751113666,0.36821279147476155,-1.6065935126876199
PRT,2001,lnorm,orig,mawd,0.2945950008283199,0.046,0.3007138335459829,0.41991573902179113,-1.540339418938831
PRT,2001,lnorm,orig,d,0.3433974828701958,0.103,0.3252561119888766,0.4012297180835281,-1.1788989285542617
PRT,2001,lnorm,clean,mawd,0.2503152080599298,0.017,0.2857256863759154,0.40852813564774376,-1.858009044462732
PRT,2001,lnorm,clean,d,0.2718542095138485,0.005,0.31685706211069287,0.39215623478192774,-2.1958008149100583
PRT,2001,perm,corr,mawd,0.2945950008283199,0.145,0.2643611466351585,0.35990104767630715,-1.0080199041073168
PRT,2001,perm,corr,d,0.3433974828701958,0.243,0.3081777711373696,0.37793525412727524,-0.7398744288852245
PRT,2001,lnorm,corr,mawd,0.2945950008283199,0.046,0.3007138335459829,0.41991573902179113,-1.540339418938831
PRT,2001,lnorm,corr,d,0.3433974828701958,0.103,0.3252561119888766,0.4012297180835281,-1.1788989285542617
PRT,2002,perm,orig,mawd,0.28931333439382534,0.112,0.2659351469574311,0.36769089542963806,-1.1331295631609468
PRT,2002,perm,orig,d,0.34192210216734037,0.2,0.3099131105832592,0.38252254679332565,-0.8023261273427844
PRT,2002,perm,clean,mawd,0.22357829782972724,0.019,0.24944458275262663,0.35503800849524636,-1.683650220337235
PRT,2002,perm,clean,d,0.2546103158105685,0.003,0.2942092059059627,0.37491111429224144,-1.8281201846066601
PRT,2002,lnorm,orig,mawd,0.28931333439382534,0.026,0.30479932467607057,0.43021313187788995,-1.6554129679531606
PRT,2002,lnorm,orig,d,0.34192210216734037,0.086,0.32812915849233093,0.40475755427096366,-1.2365869255827127
PRT,2002,lnorm,clean,mawd,0.22357829782972724,0.006,0.28780687475587113,0.4191152442915578,-2.1128897048631075
PRT,2002,lnorm,clean,d,0.2546103158105685,0.001,0.3204603664722372,0.3997992265467666,-2.434305185318291
PRT,2002,perm,corr,mawd,0.28931333439382534,0.112,0.2659351469574311,0.36769089542963806,-1.1331295631609468
PRT,2002,perm,corr,d,0.34192210216734037,0.2,0.3099131105832592,0.38252254679332565,-0.8023261273427844
PRT,2002,lnorm,corr,mawd,0.28931333439382534,0.026,0.30479932467607057,0.43021313187788995,-1.6554129679531606
PRT,2002,lnorm,corr,d,0.34192210216734037,0.086,0.32812915849233093,0.40475755427096366,-1.2365869255827127
PRT,2003,perm,orig,mawd,0.2998237791469413,0.129,0.27031206350354464,0.37407512629401973,-1.0633306651170038
PRT,2003,perm,orig,d,0.3526760531709509,0.269,0.3115028902481909,0.38637942193507524,-0.6803583592622773
PRT,2003,perm,clean,mawd,0.23167586132583404,0.023,0.25256981717985044,0.36492404380309473,-1.6268345679630023
PRT,2003,perm,clean,d,0.257607316070611,0.003,0.2961647946141387,0.376793740640343,-1.7722703737736236
PRT,2003,lnorm,orig,mawd,0.2998237791469413,0.032,0.3120339019916283,0.44069244502474775,-1.6220824377651626
PRT,2003,lnorm,orig,d,0.3526760531709509,0.122,0.3312196142904467,0.4094430627075437,-1.0943539847155692
PRT,2003,lnorm,clean,mawd,0.23167586132583404,0.007,0.2952232810442255,0.42880029010969434,-2.0965818513269983
PRT,2003,lnorm,clean,d,0.257607316070611,0.001,0.32204511463043894,0.401092048720815,-2.3813504475411
PRT,2003,perm,corr,mawd,0.2998237791469413,0.129,0.27031206350354464,0.37407512629401973,-1.0633306651170038
PRT,2003,perm,corr,d,0.3526760531709509,0.269,0.3115028902481909,0.38637942193507524,-0.6803583592622773
PRT,2003,lnorm,corr,mawd,0.2998237791469413,0.032,0.3120339019916283,0.44069244502474775,-1.6220824377651626
PRT,2003,lnorm,corr,d,0.3526760531709509,0.122,0.3312196142904467,0.4094430627075437,-1.0943539847155692
PRT,2004,perm,orig,mawd,0.298076189211658,0.124,0.27455544161396134,0.3780347281026651,-1.120596794658104
PRT,2004,perm,orig,d,0.3642478475363303,0.321,0.31481779570861357,0.3908941203371291,-0.5594683554771532
PRT,2004,perm,clean,mawd,0.20333695486993084,0.006,0.25178961984401893,0.3657285975702792,-1.9033107000030298
PRT,2004,perm,clean,d,0.24132899857681211,0.002,0.29607603780021363,0.37728771669033523,-1.975379838651108
PRT,2004,lnorm,orig,mawd,0.298076189211658,0.023,0.3148182717728948,0.4475270658372863,-1.686584520584188
PRT,2004,lnorm,orig,d,0.3642478475363303,0.149,0.3343713915329492,0.41585155837893484,-0.9748181392633979
PRT,2004,lnorm,clean,mawd,0.20333695486993084,0.001,0.2947047449012918,0.4350256266954261,-2.303538757624467
PRT,2004,lnorm,clean,d,0.24132899857681211,0.0,0.32483163966210704,0.40474638332297513,-2.6294400822492943
PRT,2004,perm,corr,mawd,0.298076189211658,0.124,0.27455544161396134,0.3780347281026651,-1.120596794658104
PRT,2004,perm,corr,d,0.3642478475363303,0.321,0.31481779570861357,0.3908941203371291,-0.5594683554771532
PRT,2004,lnorm,corr,mawd,0.298076189211658,0.023,0.3148182717728948,0.4475270658372863,-1.686584520584188
PRT,2004,lnorm,corr,d,0.3642478475363303,0.149,0.3343713915329492,0.41585155837893484,-0.9748181392633979
PRT,2005,perm,orig,mawd,0.2934340303881543,0.088,0.28017054760889365,0.3852359942636592,-1.231825303186933
PRT,2005,perm,orig,d,0.3549879087384178,0.247,0.31785136322808544,0.38875386108023335,-0.6884588305457043
PRT,2005,perm,clean,mawd,0.23022603394029853,0.022,0.2578277476963756,0.37286438646902387,-1.678451695748699
PRT,2005,perm,clean,d,0.2687829117182304,0.005,0.30087396270817496,0.37509111927803945,-1.6173396147682981
PRT,2005,lnorm,orig,mawd,0.2934340303881543,0.016,0.3222606603147655,0.4598196574012148,-1.804691455367056
PRT,2005,lnorm,orig,d,0.3549879087384178,0.111,0.33843521631591467,0.418792899303011,-1.1552866942423454
PRT,2005,lnorm,clean,mawd,0.23022603394029853,0.004,0.306029205216561,0.4451300744764786,-2.132599166408822
PRT,2005,lnorm,clean,d,0.2687829117182304,0.001,0.3273892405917936,0.4044680437015765,-2.2289488245308595
PRT,2005,perm,corr,mawd,0.2934340303881543,0.088,0.28017054760889365,0.3852359942636592,-1.231825303186933
PRT,2005,perm,corr,d,0.3549879087384178,0.247,0.31785136322808544,0.38875386108023335,-0.6884588305457043
PRT,2005,lnorm,corr,mawd,0.2934340303881543,0.016,0.3222606603147655,0.4598196574012148,-1.804691455367056
PRT,2005,lnorm,corr,d,0.3549879087384178,0.111,0.33843521631591467,0.418792899303011,-1.1552866942423454
PRT,2006,perm,orig,mawd,0.2998905554247097,0.081,0.28671147173714184,0.3948319701880011,-1.277202080011744
PRT,2006,perm,orig,d,0.37131537819874216,0.354,0.3204547414194694,0.39243131532695064,-0.501803088317524
PRT,2006,perm,clean,mawd,0.22150739492154492,0.009,0.26397151232950294,0.38029393222222785,-1.875865585384662
PRT,2006,perm,clean,d,0.27579136166016965,0.008,0.3020509383636765,0.37528005489159977,-1.5332203503797877
PRT,2006,lnorm,orig,mawd,0.2998905554247097,0.016,0.33223166352563077,0.47227750382145606,-1.8382662718670844
PRT,2006,lnorm,orig,d,0.37131537819874216,0.167,0.3402993433540565,0.42118288437378504,-0.9292356988377105
PRT,2006,lnorm,clean,mawd,0.22150739492154492,0.003,0.31239690990413377,0.4544506146747226,-2.2863121112502
PRT,2006,lnorm,clean,d,0.27579136166016965,0.002,0.32720384686435294,0.40504518435691395,-2.101976939325563
PRT,2006,perm,corr,mawd,0.2998905554247097,0.081,0.28671147173714184,0.3948319701880011,-1.277202080011744
PRT,2006,perm,corr,d,0.37131537819874216,0.354,0.3204547414194694,0.39243131532695064,-0.501803088317524
PRT,2006,lnorm,corr,mawd,0.2998905554247097,0.016,0.33223166352563077,0.47227750382145606,-1.8382662718670844
PRT,2006,lnorm,corr,d,0.37131537819874216,0.167,0.3402993433540565,0.42118288437378504,-0.9292356988377105
PRT,2007,perm,orig,mawd,0.3027173764691838,0.089,0.2846641194858543,0.3915319824178697,-1.2257232378885639
PRT,2007,perm,orig,d,0.37296746157492033,0.365,0.3174175126102843,0.392424550390647,-0.46796515734008853
PRT,2007,perm,clean,mawd,0.22233245397203902,0.012,0.25927284243565746,0.3729517539065147,-1.8682558936271305
PRT,2007,perm,clean,d,0.2727319547173242,0.009,0.298596083298947,0.37385901319683634,-1.5645639494634218
PRT,2007,lnorm,orig,mawd,0.3027173764691838,0.016,0.33150194897069196,0.46652627862450186,-1.7862853164503
PRT,2007,lnorm,orig,d,0.37296746157492033,0.183,0.33693610956245273,0.4217422323534805,-0.881132126686681
PRT,2007,lnorm,clean,mawd,0.22233245397203902,0.001,0.3068916091996287,0.4448785046057461,-2.259891788852205
PRT,2007,lnorm,clean,d,0.2727319547173242,0.002,0.3236677186989783,0.402203766763929,-2.1132705923406516
PRT,2007,perm,corr,mawd,0.3027173764691838,0.089,0.2846641194858543,0.3915319824178697,-1.2257232378885639
PRT,2007,perm,corr,d,0.37296746157492033,0.365,0.3174175126102843,0.392424550390647,-0.46796515734008853
PRT,2007,lnorm,corr,mawd,0.3027173764691838,0.016,0.33150194897069196,0.46652627862450186,-1.7862853164503
PRT,2007,lnorm,corr,d,0.37296746157492033,0.183,0.33693610956245273,0.4217422323534805,-0.881132126686681
PRT,2008,perm,orig,mawd,0.2871481812001923,0.094,0.2738454273412265,0.3672408587509166,-1.2562254897449259
PRT,2008,perm,orig,d,0.36784236696095707,0.435,0.302977212111368,0.37618144789480235,-0.30792270110793935
PRT,2008,perm,clean,mawd,0.21017054734629886,0.014,0.2429289208703084,0.3417679703800318,-1.9331697190948893
PRT,2008,perm,clean,d,0.2592725991571945,0.007,0.283690040403219,0.3558061078585868,-1.6577638239522996
PRT,2008,lnorm,orig,mawd,0.2871481812001923,0.015,0.3132393524086612,0.44310889431619327,-1.8666733989643864
PRT,2008,lnorm,orig,d,0.36784236696095707,0.223,0.32753060962126623,0.4089099473894877,-0.7852623879416308
PRT,2008,lnorm,clean,mawd,0.21017054734629886,0.001,0.28711953976523735,0.4177322495546709,-2.3307642234376
PRT,2008,lnorm,clean,d,0.2592725991571945,0.002,0.309127890224359,0.3869444504565287,-2.290182169712681
PRT,2008,perm,corr,mawd,0.2871481812001923,0.094,0.2738454273412265,0.3672408587509166,-1.2562254897449259
PRT,2008,perm,corr,d,0.36784236696095707,0.435,0.302977212111368,0.37618144789480235,-0.30792270110793935
PRT,2008,lnorm,corr,mawd,0.2871481812001923,0.015,0.3132393524086612,0.44310889431619327,-1.8666733989643864
PRT,2008,lnorm,corr,d,0.36784236696095707,0.223,0.32753060962126623,0.4089099473894877,-0.7852623879416308
PRT,2009,perm,orig,mawd,0.2737903086300451,0.084,0.2605511865375267,0.35458676718068305,-1.2957530371089296
PRT,2009,perm,orig,d,0.32305049540524877,0.216,0.29470699624159724,0.35872148810649906,-0.8015456234637603
PRT,2009,perm,clean,mawd,0.20796095655960223,0.016,0.23971435278807887,0.3385983776814369,-1.8715535686580198
PRT,2009,perm,clean,d,0.24440307626278093,0.003,0.27671680073247185,0.3450963558129178,-1.8091407611688908
PRT,2009,lnorm,orig,mawd,0.2737903086300451,0.015,0.30129563882599136,0.4223138958089319,-1.8811177307143896
PRT,2009,lnorm,orig,d,0.32305049540524877,0.084,0.31387746959825574,0.3841139953492249,-1.320201445068442
PRT,2009,lnorm,clean,mawd,0.20796095655960223,0.002,0.27993875576424615,0.4062540736808917,-2.2682545288478497
PRT,2009,lnorm,clean,d,0.24440307626278093,0.002,0.2995969390376548,0.3711331907033227,-2.444624058425126
PRT,2009,perm,corr,mawd,0.2737903086300451,0.084,0.2605511865375267,0.35458676718068305,-1.2957530371089296
PRT,2009,perm,corr,d,0.32305049540524877,0.216,0.29470699624159724,0.35872148810649906,-0.8015456234637603
PRT,2009,lnorm,corr,mawd,0.2737903086300451,0.015,0.30129563882599136,0.4223138958089319,-1.8811177307143896
PRT,2009,lnorm,corr,d,0.32305049540524877,0.084,0.31387746959825574,0.3841139953492249,-1.320201445068442
PRT,2010,perm,orig,mawd,0.2588365970089103,0.044,0.2618130027175327,0.35132794210066215,-1.539113217453663
PRT,2010,perm,orig,d,0.29987052688648835,0.073,0.2951383835859388,0.35808584188989834,-1.2192249416113465
PRT,2010,perm,clean,mawd,0.2064890685718248,0.011,0.2408560415712296,0.3368850295792204,-1.9462926352147094
PRT,2010,perm,clean,d,0.23993662755660172,0.002,0.27847837205884357,0.3465906642813196,-1.9234398085475801
PRT,2010,lnorm,orig,mawd,0.2588365970089103,0.009,0.3022850159409304,0.42547022372473275,-2.105960565829558
PRT,2010,lnorm,orig,d,0.29987052688648835,0.02,0.3135966823564895,0.3863199816165175,-1.8124940454522884
PRT,2010,lnorm,clean,mawd,0.2064890685718248,0.002,0.2829685879135705,0.4094363783207604,-2.3503990899403835
PRT,2010,lnorm,clean,d,0.23993662755660172,0.001,0.3032803199036428,0.3761337994625399,-2.597384326042976
PRT,2010,perm,corr,mawd,0.2588365970089103,0.044,0.2618130027175327,0.35132794210066215,-1.539113217453663
PRT,2010,perm,corr,d,0.29987052688648835,0.073,0.2951383835859388,0.35808584188989834,-1.2192249416113465
PRT,2010,lnorm,corr,mawd,0.2588365970089103,0.009,0.3022850159409304,0.42547022372473275,-2.105960565829558
PRT,2010,lnorm,corr,d,0.29987052688648835,0.02,0.3135966823564895,0.3863199816165175,-1.8124940454522884
PRT,2011,perm,orig,mawd,0.2520311967745525,0.028,0.26511767766870725,0.35453240864095587,-1.7453412918539686
PRT,2011,perm,orig,d,0.29594122509344734,0.044,0.29705773069605884,0.3605093675945597,-1.4112809360232037
PRT,2011,perm,clean,mawd,0.25312342102069185,0.057,0.2496071572552654,0.34793344281289396,-1.5167518370572617
PRT,2011,perm,clean,d,0.3184915348502132,0.207,0.2885289550806353,0.3570554001418177,-0.8423594085804272
PRT,2011,lnorm,orig,mawd,0.2520311967745525,0.008,0.30837622500419404,0.42845529006168626,-2.265114266569144
PRT,2011,lnorm,orig,d,0.29594122509344734,0.014,0.3162248268440269,0.388171065688201,-2.0398596241936557
PRT,2011,lnorm,clean,mawd,0.25312342102069185,0.01,0.3015242821038965,0.42247664173379096,-2.0185768496995884
PRT,2011,lnorm,clean,d,0.3184915348502132,0.068,0.31174791696556375,0.3837443139811152,-1.4172317496375386
PRT,2011,perm,corr,mawd,0.2520311967745525,0.028,0.26511767766870725,0.35453240864095587,-1.7453412918539686
PRT,2011,perm,corr,d,0.29594122509344734,0.044,0.29705773069605884,0.3605093675945597,-1.4112809360232037
PRT,2011,lnorm,corr,mawd,0.2520311967745525,0.008,0.30837622500419404,0.42845529006168626,-2.265114266569144
PRT,2011,lnorm,corr,d,0.29594122509344734,0.014,0.3162248268440269,0.388171065688201,-2.0398596241936557
PRT,2012,perm,orig,mawd,0.24914379583315108,0.024,0.2646426981255201,0.34997553977197593,-1.780034057006335
PRT,2012,perm,orig,d,0.2697650657949908,0.01,0.2930834508174778,0.35553403464834266,-1.8993814760725205
PRT,2012,perm,clean,mawd,0.21487290230758813,0.015,0.2433898057277431,0.33591223818897187,-1.9793089305123752
PRT,2012,perm,clean,d,0.26851281125467763,0.027,0.2827912983591832,0.3457881396807821,-1.5906232768263557
PRT,2012,lnorm,orig,mawd,0.24914379583315108,0.004,0.3092695609795004,0.4266855996343447,-2.2820595797267265
PRT,2012,lnorm,orig,d,0.2697650657949908,0.001,0.313218752807409,0.382671624559912,-2.586135130325756
PRT,2012,lnorm,clean,mawd,0.21487290230758813,0.0,0.2836440736671039,0.4146063157800064,-2.306700221100324
PRT,2012,lnorm,clean,d,0.26851281125467763,0.008,0.30667409949150576,0.37557832301085226,-2.303990660124084
PRT,2012,perm,corr,mawd,0.24914379583315108,0.024,0.2646426981255201,0.34997553977197593,-1.780034057006335
PRT,2012,perm,corr,d,0.2697650657949908,0.01,0.2930834508174778,0.35553403464834266,-1.8993814760725205
PRT,2012,lnorm,corr,mawd,0.24914379583315108,0.004,0.3092695609795004,0.4266855996343447,-2.2820595797267265
PRT,2012,lnorm,corr,d,0.2697650657949908,0.001,0.313218752807409,0.382671624559912,-2.586135130325756
PRT,2013,perm,orig,mawd,0.24644831639915898,0.02,0.26306615121916993,0.35196210596573374,-1.8087827860913273
PRT,2013,perm,orig,d,0.2546127621174212,0.002,0.2939108861336707,0.35479896740009353,-2.165782814942502
PRT,2013,perm,clean,mawd,0.22232713285211705,0.017,0.24711202187449835,0.3372292704146679,-1.8550332145824047
PRT,2013,perm,clean,d,0.25614609222499823,0.009,0.2819111200331665,0.3471254331197284,-1.7943002488555708
PRT,2013,lnorm,orig,mawd,0.24644831639915898,0.004,0.3128238290311162,0.4331557562253653,-2.3146567400938514
PRT,2013,lnorm,orig,d,0.2546127621174212,0.001,0.3144860706624119,0.3836909764359939,-2.899069891492623
PRT,2013,lnorm,clean,mawd,0.22232713285211705,0.002,0.2911677344355601,0.4218979586465774,-2.2313993922300233
PRT,2013,lnorm,clean,d,0.25614609222499823,0.004,0.30641118087037056,0.3777498490523439,-2.5583476462906267
PRT,2013,perm,corr,mawd,0.24644831639915898,0.02,0.26306615121916993,0.35196210596573374,-1.8087827860913273
PRT,2013,perm,corr,d,0.2546127621174212,0.002,0.2939108861336707,0.35479896740009353,-2.165782814942502
PRT,2013,lnorm,corr,mawd,0.24644831639915898,0.004,0.3128238290311162,0.4331557562253653,-2.3146567400938514
PRT,2013,lnorm,corr,d,0.2546127621174212,0.001,0.3144860706624119,0.3836909764359939,-2.899069891492623
PRT,2014,perm,orig,mawd,0.2420375750149926,0.015,0.26040292777624746,0.34949450227807666,-1.8615261594322146
PRT,2014,perm,orig,d,0.24955053567796628,0.002,0.2920746105134626,0.3525057260708734,-2.241741889276673
PRT,2014,perm,clean,mawd,0.21891996901337604,0.017,0.24563194783821501,0.3356771471278831,-1.8984376427543967
PRT,2014,perm,clean,d,0.2506941801816422,0.006,0.2809641322744704,0.34486543105122414,-1.8740325444078503
PRT,2014,lnorm,orig,mawd,0.2420375750149926,0.003,0.3098524344166679,0.42949902892727854,-2.3563673715670683
PRT,2014,lnorm,orig,d,0.24955053567796628,0.001,0.31208920793008665,0.3814039049095368,-2.9823820346889933
PRT,2014,lnorm,clean,mawd,0.21891996901337604,0.002,0.28889446982151573,0.41950174142793084,-2.262456536157916
PRT,2014,lnorm,clean,d,0.2506941801816422,0.002,0.30452231026080623,0.3754309793038464,-2.651607433874084
PRT,2014,perm,corr,mawd,0.2420375750149926,0.015,0.26040292777624746,0.34949450227807666,-1.8615261594322146
PRT,2014,perm,corr,d,0.24955053567796628,0.002,0.2920746105134626,0.3525057260708734,-2.241741889276673
PRT,2014,lnorm,corr,mawd,0.2420375750149926,0.003,0.3098524344166679,0.42949902892727854,-2.3563673715670683
PRT,2014,lnorm,corr,d,0.24955053567796628,0.001,0.31208920793008665,0.3814039049095368,-2.9823820346889933
ROU,2000,perm,orig,mawd,0.4211928990222068,0.972,0.2324649321894171,0.30626445351667164,2.156388299614558
ROU,2000,perm,orig,d,0.4250906167515024,0.946,0.30030561106046355,0.3624328280872826,1.6002044172379783
ROU,2000,perm,clean,mawd,0.17509755175131392,0.003,0.20963952805952715,0.28416483444316165,-2.160850105644726
ROU,2000,perm,clean,d,0.20128127296951415,0.0,0.2668940930666718,0.32228556282205156,-3.411459694974339
ROU,2000,lnorm,orig,mawd,0.4211928990222068,0.944,0.23361678252996454,0.3192142291432447,1.6529472250575201
ROU,2000,lnorm,orig,d,0.4250906167515024,0.954,0.30163368679731745,0.3616544760486918,1.6875223495279599
ROU,2000,lnorm,clean,mawd,0.17509755175131392,0.008,0.21335986067462964,0.2938087836873037,-2.1297894903571057
ROU,2000,lnorm,clean,d,0.20128127296951415,0.0,0.26855333702394213,0.32440201305407385,-3.4160934304852124
ROU,2000,perm,corr,mawd,0.4211928990222068,0.972,0.2324649321894171,0.30626445351667164,2.156388299614558
ROU,2000,perm,corr,d,0.4250906167515024,0.946,0.30030561106046355,0.3624328280872826,1.6002044172379783
ROU,2000,lnorm,corr,mawd,0.4211928990222068,0.944,0.23361678252996454,0.3192142291432447,1.6529472250575201
ROU,2000,lnorm,corr,d,0.4250906167515024,0.954,0.30163368679731745,0.3616544760486918,1.6875223495279599
ROU,2001,perm,orig,mawd,0.3407784305398049,0.848,0.20711022503513532,0.2813157885178365,1.0258852733983959
ROU,2001,perm,orig,d,0.38120822623384776,0.912,0.2712307090590359,0.3289848063042667,1.4215404549616095
ROU,2001,perm,clean,mawd,0.16283959839401088,0.003,0.2039539872252257,0.27519434099284357,-2.4517212557867003
ROU,2001,perm,clean,d,0.29581238075073907,0.315,0.2531368131382018,0.3171963024852674,-0.546657600652855
ROU,2001,lnorm,orig,mawd,0.3407784305398049,0.764,0.2172185926725533,0.2976963413065467,0.6459986442989579
ROU,2001,lnorm,orig,d,0.38120822623384776,0.939,0.2689640225600534,0.3257894971657592,1.5391684077288317
ROU,2001,lnorm,clean,mawd,0.16283959839401088,0.002,0.2108056923204998,0.2876764389561963,-2.4250522126747636
ROU,2001,lnorm,clean,d,0.29581238075073907,0.307,0.257799207943419,0.3151391897193584,-0.5435557649713704
ROU,2001,perm,corr,mawd,0.3407784305398049,0.848,0.20711022503513532,0.2813157885178365,1.0258852733983959
ROU,2001,perm,corr,d,0.38120822623384776,0.912,0.2712307090590359,0.3289848063042667,1.4215404549616095
ROU,2001,lnorm,corr,mawd,0.3407784305398049,0.764,0.2172185926725533,0.2976963413065467,0.6459986442989579
ROU,2001,lnorm,corr,d,0.38120822623384776,0.939,0.2689640225600534,0.3257894971657592,1.5391684077288317
ROU,2002,perm,orig,mawd,0.2761485743853489,0.582,0.2022045657443789,0.266532691154882,0.14110176933894147
ROU,2002,perm,orig,d,0.31898382040748335,0.681,0.2595588358647456,0.305011744721455,0.4780633060745638
ROU,2002,perm,clean,mawd,0.13792940818283705,0.0,0.19663018830530135,0.2619798985327566,-3.046307182614867
ROU,2002,perm,clean,d,0.21427414397947755,0.001,0.24833674388262703,0.29970207552472916,-2.7058698270337262
ROU,2002,lnorm,orig,mawd,0.2761485743853489,0.428,0.20837100234215997,0.28390562811507103,-0.22887099502814076
ROU,2002,lnorm,orig,d,0.31898382040748335,0.678,0.2565672396723725,0.30584392037971875,0.4982798475771661
ROU,2002,lnorm,clean,mawd,0.13792940818283705,0.0,0.20319586766992884,0.2758114875491535,-2.875238483362182
ROU,2002,lnorm,clean,d,0.21427414397947755,0.003,0.2501104375306915,0.29920667287112274,-2.7659209830530314
ROU,2002,perm,corr,mawd,0.2761485743853489,0.582,0.2022045657443789,0.266532691154882,0.14110176933894147
ROU,2002,perm,corr,d,0.31898382040748335,0.681,0.2595588358647456,0.305011744721455,0.4780633060745638
ROU,2002,lnorm,corr,mawd,0.2761485743853489,0.428,0.20837100234215997,0.28390562811507103,-0.22887099502814076
ROU,2002,lnorm,corr,d,0.31898382040748335,0.678,0.2565672396723725,0.30584392037971875,0.4982798475771661
ROU,2003,perm,orig,mawd,0.2954371662016456,0.766,0.19539629887738064,0.26056070471620185,0.6657565761019115
ROU,2003,perm,orig,d,0.2677950679428946,0.287,0.24283797491629466,0.2799315713590408,-0.5441164646640299
ROU,2003,perm,clean,mawd,0.14349253337847737,0.002,0.18830371229882792,0.24717299633496914,-2.657724735312301
ROU,2003,perm,clean,d,0.16929556042566887,0.0,0.23107450192981055,0.273236066112566,-3.880201309837809
ROU,2003,lnorm,orig,mawd,0.2954371662016456,0.639,0.20163746054705461,0.2768350852270392,0.3057649562587736
ROU,2003,lnorm,orig,d,0.2677950679428946,0.274,0.24106080833008742,0.28426174515667946,-0.6000155914007235
ROU,2003,lnorm,clean,mawd,0.14349253337847737,0.0,0.1910837732845471,0.2595012331599331,-2.5836841112314057
ROU,2003,lnorm,clean,d,0.16929556042566887,0.0,0.23158270069837594,0.27595521867223416,-3.9116773618148604
ROU,2003,perm,corr,mawd,0.2954371662016456,0.766,0.19539629887738064,0.26056070471620185,0.6657565761019115
ROU,2003,perm,corr,d,0.2677950679428946,0.287,0.24283797491629466,0.2799315713590408,-0.5441164646640299
ROU,2003,lnorm,corr,mawd,0.2954371662016456,0.639,0.20163746054705461,0.2768350852270392,0.3057649562587736
ROU,2003,lnorm,corr,d,0.2677950679428946,0.274,0.24106080833008742,0.28426174515667946,-0.6000155914007235
ROU,2004,perm,orig,mawd,0.22753706277401922,0.298,0.1850069897180398,0.2480120089903672,-0.5498184557261321
ROU,2004,perm,orig,d,0.2608075216392762,0.205,0.23887922726139435,0.280598542686756,-0.7943934570326366
ROU,2004,perm,clean,mawd,0.2255240702921052,0.279,0.18404454984878704,0.24802060010307542,-0.5886472038585986
ROU,2004,perm,clean,d,0.2366238523851757,0.05,0.2366695310562004,0.28161155324399423,-1.6674112794948508
ROU,2004,lnorm,orig,mawd,0.22753706277401922,0.2,0.19298142173152885,0.264889025427292,-0.8105257878026259
ROU,2004,lnorm,orig,d,0.2608075216392762,0.203,0.23807657865720255,0.2832825037245268,-0.8093927591540439
ROU,2004,lnorm,clean,mawd,0.2255240702921052,0.195,0.19164282275385347,0.2643251411530909,-0.8434259645261835
ROU,2004,lnorm,clean,d,0.2366238523851757,0.047,0.23743991858167662,0.2836211630469928,-1.7073997721423637
ROU,2004,perm,corr,mawd,0.22753706277401922,0.298,0.1850069897180398,0.2480120089903672,-0.5498184557261321
ROU,2004,perm,corr,d,0.2608075216392762,0.205,0.23887922726139435,0.280598542686756,-0.7943934570326366
ROU,2004,lnorm,corr,mawd,0.22753706277401922,0.2,0.19298142173152885,0.264889025427292,-0.8105257878026259
ROU,2004,lnorm,corr,d,0.2608075216392762,0.203,0.23807657865720255,0.2832825037245268,-0.8093927591540439
ROU,2005,perm,orig,mawd,0.28688698451890915,0.727,0.19693076790756514,0.26196610265064557,0.5283940924532325
ROU,2005,perm,orig,d,0.27037093567912696,0.218,0.2505212554448119,0.2879977730457396,-0.7503939037428878
ROU,2005,perm,clean,mawd,0.28281567205455505,0.703,0.19515384871912062,0.261073596378783,0.4335892853297315
ROU,2005,perm,clean,d,0.22887981190596188,0.012,0.2447527308326268,0.2886101048124886,-2.2464281158830923
ROU,2005,lnorm,orig,mawd,0.28688698451890915,0.631,0.1993742866342464,0.2724158941324286,0.2611137847008818
ROU,2005,lnorm,orig,d,0.27037093567912696,0.228,0.24528954807454095,0.2897870361471304,-0.7232059199150465
ROU,2005,lnorm,clean,mawd,0.28281567205455505,0.601,0.1964913469950957,0.2721914417703131,0.1813665892755304
ROU,2005,lnorm,clean,d,0.22887981190596188,0.019,0.24375099766197988,0.28854375895893036,-2.183850709420556
ROU,2005,perm,corr,mawd,0.28688698451890915,0.727,0.19693076790756514,0.26196610265064557,0.5283940924532325
ROU,2005,perm,corr,d,0.27037093567912696,0.218,0.2505212554448119,0.2879977730457396,-0.7503939037428878
ROU,2005,lnorm,corr,mawd,0.28688698451890915,0.631,0.1993742866342464,0.2724158941324286,0.2611137847008818
ROU,2005,lnorm,corr,d,0.27037093567912696,0.228,0.24528954807454095,0.2897870361471304,-0.7232059199150465
ROU,2006,perm,orig,mawd,0.27457362988051115,0.625,0.20218401312664938,0.2633866464661614,0.25768794886666546
ROU,2006,perm,orig,d,0.2660786327899485,0.156,0.24992868812198418,0.28824121008785053,-0.9728421160528299
ROU,2006,perm,clean,mawd,0.2591409041414339,0.499,0.19653335640434608,0.2593844943129149,-0.057990875262052224
ROU,2006,perm,clean,d,0.19926370999800241,0.001,0.24349838675674634,0.2876444924584416,-3.3415115119253707
ROU,2006,lnorm,orig,mawd,0.27457362988051115,0.552,0.19893735138544846,0.2686305329495499,0.08695034608677968
ROU,2006,lnorm,orig,d,0.2660786327899485,0.208,0.24358109204756584,0.28740488362894556,-0.8040493795730653
ROU,2006,lnorm,clean,mawd,0.2591409041414339,0.451,0.1916444637128853,0.2652356898203585,-0.17426408301031537
ROU,2006,lnorm,clean,d,0.19926370999800241,0.002,0.23776839739582764,0.28471746916587826,-3.0506649214338015
ROU,2006,perm,corr,mawd,0.27457362988051115,0.625,0.20218401312664938,0.2633866464661614,0.25768794886666546
ROU,2006,perm,corr,d,0.2660786327899485,0.156,0.24992868812198418,0.28824121008785053,-0.9728421160528299
ROU,2006,lnorm,corr,mawd,0.27457362988051115,0.552,0.19893735138544846,0.2686305329495499,0.08695034608677968
ROU,2006,lnorm,corr,d,0.2660786327899485,0.208,0.24358109204756584,0.28740488362894556,-0.8040493795730653
ROU,2007,perm,orig,mawd,0.35197932879239197,0.942,0.212069607007225,0.2797153549429759,1.6069072148237826
ROU,2007,perm,orig,d,0.36001899314863367,0.912,0.26152848330176814,0.30909179423724,1.4839786413356741
ROU,2007,perm,clean,mawd,0.20614953828102422,0.055,0.20428930820202354,0.27821040563351035,-1.563774152279409
ROU,2007,perm,clean,d,0.3484807120848755,0.845,0.25395527830875725,0.30629679590542824,0.9809054734349263
ROU,2007,lnorm,orig,mawd,0.35197932879239197,0.889,0.21299811155264428,0.28836335579632905,1.2040309441754318
ROU,2007,lnorm,orig,d,0.36001899314863367,0.926,0.2603991570380417,0.3103603258892932,1.5295535646374734
ROU,2007,lnorm,clean,mawd,0.20614953828102422,0.051,0.2061150659649243,0.2841074252782142,-1.5505117220407751
ROU,2007,lnorm,clean,d,0.3484807120848755,0.851,0.2524417290413044,0.3078611923751265,1.0575587649863143
ROU,2007,perm,corr,mawd,0.35197932879239197,0.942,0.212069607007225,0.2797153549429759,1.6069072148237826
ROU,2007,perm,corr,d,0.36001899314863367,0.912,0.26152848330176814,0.30909179423724,1.4839786413356741
ROU,2007,lnorm,corr,mawd,0.35197932879239197,0.889,0.21299811155264428,0.28836335579632905,1.2040309441754318
ROU,2007,lnorm,corr,d,0.36001899314863367,0.926,0.2603991570380417,0.3103603258892932,1.5295535646374734
ROU,2008,perm,orig,mawd,0.33886842547327944,0.956,0.19901658207801415,0.2627187106621645,1.8004411128265505
ROU,2008,perm,orig,d,0.4012757717891255,0.97,0.2582322823151131,0.3110269353815214,2.298695489026774
ROU,2008,perm,clean,mawd,0.19411513652075632,0.088,0.18544577252563196,0.2496327052399574,-1.3592056051509303
ROU,2008,perm,clean,d,0.23536851801490197,0.038,0.24006861168677998,0.28819851710891586,-1.5758644062153915
ROU,2008,lnorm,orig,mawd,0.33886842547327944,0.918,0.20041673741776594,0.2717369469808961,1.3813768804633981
ROU,2008,lnorm,orig,d,0.4012757717891255,0.987,0.2563033361672473,0.3124329752934571,2.375842739953074
ROU,2008,lnorm,clean,mawd,0.19411513652075632,0.074,0.18759832456495135,0.25480054243962447,-1.3694011731880031
ROU,2008,lnorm,clean,d,0.23536851801490197,0.037,0.2371356511768872,0.2909332528788111,-1.613550070564131
ROU,2008,perm,corr,mawd,0.33886842547327944,0.956,0.19901658207801415,0.2627187106621645,1.8004411128265505
ROU,2008,perm,corr,d,0.4012757717891255,0.97,0.2582322823151131,0.3110269353815214,2.298695489026774
ROU,2008,lnorm,corr,mawd,0.33886842547327944,0.918,0.20041673741776594,0.2717369469808961,1.3813768804633981
ROU,2008,lnorm,corr,d,0.4012757717891255,0.987,0.2563033361672473,0.3124329752934571,2.375842739953074
ROU,2009,perm,orig,mawd,0.3267732943920195,0.97,0.17836368764351115,0.2369011418533768,2.1252282470614126
ROU,2009,perm,orig,d,0.3108870300800788,0.752,0.24383511503869426,0.2897716211371879,0.5985463508600077
ROU,2009,perm,clean,mawd,0.20191715296523147,0.159,0.17654002416475914,0.23765945866079324,-0.960792332126274
ROU,2009,perm,clean,d,0.2746799962964542,0.315,0.24069000168922536,0.28890253116533765,-0.5029064122333133
ROU,2009,lnorm,orig,mawd,0.3267732943920195,0.951,0.18663891476590608,0.2522525353607749,1.7101754490372862
ROU,2009,lnorm,orig,d,0.3108870300800788,0.7,0.24272074270612096,0.29536555702848666,0.49044573724701995
ROU,2009,lnorm,clean,mawd,0.20191715296523147,0.112,0.18688414379347734,0.2518090074164583,-1.199292366791821
ROU,2009,lnorm,clean,d,0.2746799962964542,0.281,0.24060603287561266,0.2946907084847972,-0.6112636811322422
ROU,2009,perm,corr,mawd,0.3267732943920195,0.97,0.17836368764351115,0.2369011418533768,2.1252282470614126
ROU,2009,perm,corr,d,0.3108870300800788,0.752,0.24383511503869426,0.2897716211371879,0.5985463508600077
ROU,2009,lnorm,corr,mawd,0.3267732943920195,0.951,0.18663891476590608,0.2522525353607749,1.7101754490372862
ROU,2009,lnorm,corr,d,0.3108870300800788,0.7,0.24272074270612096,0.29536555702848666,0.49044573724701995
ROU,2010,perm,orig,mawd,0.3649064972474637,0.973,0.22003855208380577,0.28014855696114405,2.049115825131441
ROU,2010,perm,orig,d,0.31192628393066224,0.183,0.291410284947684,0.338086803045607,-0.8940904353375947
ROU,2010,perm,clean,mawd,0.369694517892983,0.975,0.21572992100039334,0.27903818234519034,2.092918275941392
ROU,2010,perm,clean,d,0.319573042670182,0.452,0.27921852048184936,0.3231010865903346,-0.16141249976136346
ROU,2010,lnorm,orig,mawd,0.3649064972474637,0.959,0.2099955514666292,0.2746078790932597,1.935866766333855
ROU,2010,lnorm,orig,d,0.31192628393066224,0.22,0.28332382159984076,0.3378666345131853,-0.76692386201636
ROU,2010,lnorm,clean,mawd,0.369694517892983,0.959,0.207675722896272,0.27420474136615464,1.9925798496654903
ROU,2010,lnorm,clean,d,0.319573042670182,0.455,0.27357231509833146,0.32364432996875103,-0.10243285717854282
ROU,2010,perm,corr,mawd,0.3649064972474637,0.973,0.22003855208380577,0.28014855696114405,2.049115825131441
ROU,2010,perm,corr,d,0.31192628393066224,0.183,0.291410284947684,0.338086803045607,-0.8940904353375947
ROU,2010,lnorm,corr,mawd,0.3649064972474637,0.959,0.2099955514666292,0.2746078790932597,1.935866766333855
ROU,2010,lnorm,corr,d,0.31192628393066224,0.22,0.28332382159984076,0.3378666345131853,-0.76692386201636
ROU,2011,perm,orig,mawd,0.3344886776205066,0.901,0.22281608195028585,0.28276063344532565,1.3228833656914414
ROU,2011,perm,orig,d,0.3147664210779469,0.203,0.2945714958686164,0.33814856347783684,-0.8561543463929782
ROU,2011,perm,clean,mawd,0.31722135972490445,0.865,0.20874944786378932,0.2712866509098141,1.099013867849087
ROU,2011,perm,clean,d,0.2762262258551989,0.085,0.27015656877980404,0.3141786629605483,-1.3796890355947542
ROU,2011,lnorm,orig,mawd,0.3344886776205066,0.881,0.21507056706158365,0.278338386433418,1.2102000276929332
ROU,2011,lnorm,orig,d,0.3147664210779469,0.245,0.28539251417005645,0.3383786433770677,-0.7263847599179696
ROU,2011,lnorm,clean,mawd,0.31722135972490445,0.845,0.20182261945290295,0.26863582675277864,1.0081029429802706
ROU,2011,lnorm,clean,d,0.2762262258551989,0.099,0.2638620105549498,0.3142226953603766,-1.268905172358497
ROU,2011,perm,corr,mawd,0.3344886776205066,0.901,0.22281608195028585,0.28276063344532565,1.3228833656914414
ROU,2011,perm,corr,d,0.3147664210779469,0.203,0.2945714958686164,0.33814856347783684,-0.8561543463929782
ROU,2011,lnorm,corr,mawd,0.3344886776205066,0.881,0.21507056706158365,0.278338386433418,1.2102000276929332
ROU,2011,lnorm,corr,d,0.3147664210779469,0.245,0.28539251417005645,0.3383786433770677,-0.7263847599179696
ROU,2012,perm,orig,mawd,0.2530396285015291,0.509,0.20012372752852706,0.25204073642150504,0.004360327195221961
ROU,2012,perm,orig,d,0.2821958878621518,0.285,0.2544289396384222,0.2952289709826408,-0.543702059778582
ROU,2012,perm,clean,mawd,0.18245398802967344,0.03,0.19051851218408433,0.24747921007759616,-1.8627951161201945
ROU,2012,perm,clean,d,0.2339304212330905,0.029,0.24094499277030715,0.28756851442009446,-1.6631856667908258
ROU,2012,lnorm,orig,mawd,0.2530396285015291,0.451,0.19646336911567958,0.2570502865035209,-0.14677055207467155
ROU,2012,lnorm,orig,d,0.2821958878621518,0.278,0.25015300218510866,0.29982025616673935,-0.6013145377180696
ROU,2012,lnorm,clean,mawd,0.18245398802967344,0.034,0.18773599759180357,0.2538909423655695,-1.6687682120809362
ROU,2012,lnorm,clean,d,0.2339304212330905,0.039,0.2381629742548715,0.2908721507435446,-1.751001787396629
ROU,2012,perm,corr,mawd,0.2530396285015291,0.509,0.20012372752852706,0.25204073642150504,0.004360327195221961
ROU,2012,perm,corr,d,0.2821958878621518,0.285,0.2544289396384222,0.2952289709826408,-0.543702059778582
ROU,2012,lnorm,corr,mawd,0.2530396285015291,0.451,0.19646336911567958,0.2570502865035209,-0.14677055207467155
ROU,2012,lnorm,corr,d,0.2821958878621518,0.278,0.25015300218510866,0.29982025616673935,-0.6013145377180696
ROU,2013,perm,orig,mawd,0.29146235825909317,0.709,0.21553691691952387,0.2701443771254507,0.5822896852733246
ROU,2013,perm,orig,d,0.5485463381604827,0.949,0.2784831041086342,0.35385690645671675,2.183177375107448
ROU,2013,perm,clean,mawd,0.25831139418696725,0.477,0.20192454567872328,0.26018370195095253,-0.10713573590399404
ROU,2013,perm,clean,d,0.2803702154900599,0.263,0.2532756568116908,0.2997138327155223,-0.6346129869502808
ROU,2013,lnorm,orig,mawd,0.29146235825909317,0.548,0.21738137418752862,0.28530619896079723,0.09320802522751992
ROU,2013,lnorm,orig,d,0.5485463381604827,0.967,0.2829700881109806,0.3582025335224668,2.2655346033031254
ROU,2013,lnorm,clean,mawd,0.25831139418696725,0.358,0.2057622621747978,0.2755954057142595,-0.3983045008178165
ROU,2013,lnorm,clean,d,0.2803702154900599,0.217,0.25268720889939217,0.3069949603735308,-0.8062394393823575
ROU,2013,perm,corr,mawd,0.29146235825909317,0.709,0.21553691691952387,0.2701443771254507,0.5822896852733246
ROU,2013,perm,corr,d,0.5485463381604827,0.949,0.2784831041086342,0.35385690645671675,2.183177375107448
ROU,2013,lnorm,corr,mawd,0.29146235825909317,0.548,0.21738137418752862,0.28530619896079723,0.09320802522751992
ROU,2013,lnorm,corr,d,0.5485463381604827,0.967,0.2829700881109806,0.3582025335224668,2.2655346033031254
ROU,2014,perm,orig,mawd,0.2894366469257085,0.638,0.21867685921489963,0.27667499579099064,0.3521092212883911
ROU,2014,perm,orig,d,0.46303967877755653,0.949,0.28205909214119934,0.34366526983446255,1.8540333829275655
ROU,2014,perm,clean,mawd,0.26695139683862307,0.48,0.206169393138409,0.26905089610442706,-0.08948281913026518
ROU,2014,perm,clean,d,0.2878787066191903,0.217,0.2628678808436285,0.31170766181162274,-0.7878061064921957
ROU,2014,lnorm,orig,mawd,0.2894366469257085,0.501,0.22101353873471702,0.28914594708913766,-0.07459029775764722
ROU,2014,lnorm,orig,d,0.46303967877755653,0.942,0.2853016650170306,0.3551607088327397,1.8910809110477584
ROU,2014,lnorm,clean,mawd,0.26695139683862307,0.359,0.21378857567791154,0.28334145514000714,-0.39310502539544434
ROU,2014,lnorm,clean,d,0.2878787066191903,0.178,0.26431046519663615,0.3195387184670541,-0.9322945086952757
ROU,2014,perm,corr,mawd,0.2894366469257085,0.638,0.21867685921489963,0.27667499579099064,0.3521092212883911
ROU,2014,perm,corr,d,0.46303967877755653,0.949,0.28205909214119934,0.34366526983446255,1.8540333829275655
ROU,2014,lnorm,corr,mawd,0.2894366469257085,0.501,0.22101353873471702,0.28914594708913766,-0.07459029775764722
ROU,2014,lnorm,corr,d,0.46303967877755653,0.942,0.2853016650170306,0.3551607088327397,1.8910809110477584
RUS,2000,perm,orig,mawd,,0.0,,,
RUS,2000,perm,orig,d,,0.0,,,
RUS,2000,perm,clean,mawd,,0.0,,,
RUS,2000,perm,clean,d,,0.0,,,
RUS,2000,lnorm,orig,mawd,,0.0,0.24997558949231302,0.3665860741995779,
RUS,2000,lnorm,orig,d,,0.0,0.6749361836458251,0.8312302043065156,
RUS,2000,lnorm,clean,mawd,,0.0,0.23288945256786162,0.33359928548917883,
RUS,2000,lnorm,clean,d,,0.0,0.6808775284839956,0.8291292205612131,
RUS,2000,perm,corr,mawd,,0.0,,,
RUS,2000,perm,corr,d,,0.0,,,
RUS,2000,lnorm,corr,mawd,,0.0,0.24997558949231302,0.3665860741995779,
RUS,2000,lnorm,corr,d,,0.0,0.6749361836458251,0.8312302043065156,
RUS,2001,perm,orig,mawd,,0.0,,,
RUS,2001,perm,orig,d,,0.0,,,
RUS,2001,perm,clean,mawd,,0.0,,,
RUS,2001,perm,clean,d,,0.0,,,
RUS,2001,lnorm,orig,mawd,,0.0,0.23929627409961313,0.3476978354252366,
RUS,2001,lnorm,orig,d,,0.0,0.6717936745091928,0.8230837123817666,
RUS,2001,lnorm,clean,mawd,,0.0,0.2233663918674022,0.3191769932929115,
RUS,2001,lnorm,clean,d,,0.0,0.6735387817648526,0.8214910508662541,
RUS,2001,perm,corr,mawd,,0.0,,,
RUS,2001,perm,corr,d,,0.0,,,
RUS,2001,lnorm,corr,mawd,,0.0,0.23929627409961313,0.3476978354252366,
RUS,2001,lnorm,corr,d,,0.0,0.6717936745091928,0.8230837123817666,
RUS,2002,perm,orig,mawd,,0.0,,,
RUS,2002,perm,orig,d,,0.0,,,
RUS,2002,perm,clean,mawd,,0.0,,,
RUS,2002,perm,clean,d,,0.0,,,
RUS,2002,lnorm,orig,mawd,,0.0,0.24324985393481663,0.35365477632797393,
RUS,2002,lnorm,orig,d,,0.0,0.6681498147496928,0.819372606951115,
RUS,2002,lnorm,clean,mawd,,0.0,0.22957980447085316,0.32494447336596954,
RUS,2002,lnorm,clean,d,,0.0,0.6689233827569843,0.8162066596467215,
RUS,2002,perm,corr,mawd,,0.0,,,
RUS,2002,perm,corr,d,,0.0,,,
RUS,2002,lnorm,corr,mawd,,0.0,0.24324985393481663,0.35365477632797393,
RUS,2002,lnorm,corr,d,,0.0,0.6681498147496928,0.819372606951115,
RUS,2003,perm,orig,mawd,,0.0,,,
RUS,2003,perm,orig,d,,0.0,,,
RUS,2003,perm,clean,mawd,,0.0,,,
RUS,2003,perm,clean,d,,0.0,,,
RUS,2003,lnorm,orig,mawd,,0.0,0.24770723843436243,0.3565201436799752,
RUS,2003,lnorm,orig,d,,0.0,0.6949568158218423,0.8472891020150315,
RUS,2003,lnorm,clean,mawd,,0.0,0.223902724921178,0.32411716928099327,
RUS,2003,lnorm,clean,d,,0.0,0.6931419683311967,0.8422193826478809,
RUS,2003,perm,corr,mawd,,0.0,,,
RUS,2003,perm,corr,d,,0.0,,,
RUS,2003,lnorm,corr,mawd,,0.0,0.24770723843436243,0.3565201436799752,
RUS,2003,lnorm,corr,d,,0.0,0.6949568158218423,0.8472891020150315,
RUS,2004,perm,orig,mawd,,0.0,,,
RUS,2004,perm,orig,d,,0.0,,,
RUS,2004,perm,clean,mawd,,0.0,,,
RUS,2004,perm,clean,d,,0.0,,,
RUS,2004,lnorm,orig,mawd,,0.0,0.25226626237825966,0.34906661591906296,
RUS,2004,lnorm,orig,d,,0.0,0.6877437657956013,0.8439884302854048,
RUS,2004,lnorm,clean,mawd,,0.0,0.2433247685969716,0.34513196536126034,
RUS,2004,lnorm,clean,d,,0.0,0.6886291590361946,0.8374061709410361,
RUS,2004,perm,corr,mawd,,0.0,,,
RUS,2004,perm,corr,d,,0.0,,,
RUS,2004,lnorm,corr,mawd,,0.0,0.25226626237825966,0.34906661591906296,
RUS,2004,lnorm,corr,d,,0.0,0.6877437657956013,0.8439884302854048,
RUS,2005,perm,orig,mawd,,0.0,,,
RUS,2005,perm,orig,d,,0.0,,,
RUS,2005,perm,clean,mawd,,0.0,,,
RUS,2005,perm,clean,d,,0.0,,,
RUS,2005,lnorm,orig,mawd,,0.0,0.2667272027880887,0.37308582908428406,
RUS,2005,lnorm,orig,d,,0.0,0.7118767506606505,0.875599761409406,
RUS,2005,lnorm,clean,mawd,,0.0,0.24493793558851257,0.354320600919389,
RUS,2005,lnorm,clean,d,,0.0,0.7148910530356717,0.867980306894458,
RUS,2005,perm,corr,mawd,,0.0,,,
RUS,2005,perm,corr,d,,0.0,,,
RUS,2005,lnorm,corr,mawd,,0.0,0.2667272027880887,0.37308582908428406,
RUS,2005,lnorm,corr,d,,0.0,0.7118767506606505,0.875599761409406,
RUS,2006,perm,orig,mawd,,0.0,,,
RUS,2006,perm,orig,d,,0.0,,,
RUS,2006,perm,clean,mawd,,0.0,,,
RUS,2006,perm,clean,d,,0.0,,,
RUS,2006,lnorm,orig,mawd,,0.0,0.2670298931968751,0.3706397569105331,
RUS,2006,lnorm,orig,d,,0.0,0.7072529562877785,0.8707207738010381,
RUS,2006,lnorm,clean,mawd,,0.0,0.2581053406924117,0.3633436726532302,
RUS,2006,lnorm,clean,d,,0.0,0.7060781967952449,0.8633922264028482,
RUS,2006,perm,corr,mawd,,0.0,,,
RUS,2006,perm,corr,d,,0.0,,,
RUS,2006,lnorm,corr,mawd,,0.0,0.2670298931968751,0.3706397569105331,
RUS,2006,lnorm,corr,d,,0.0,0.7072529562877785,0.8707207738010381,
RUS,2007,perm,orig,mawd,,0.0,,,
RUS,2007,perm,orig,d,,0.0,,,
RUS,2007,perm,clean,mawd,,0.0,,,
RUS,2007,perm,clean,d,,0.0,,,
RUS,2007,lnorm,orig,mawd,,0.0,0.26370328466841136,0.36751603747022626,
RUS,2007,lnorm,orig,d,,0.0,0.7008461871341304,0.8650456081032772,
RUS,2007,lnorm,clean,mawd,,0.0,0.2532133412594358,0.363692264482933,
RUS,2007,lnorm,clean,d,,0.0,0.7019722602583057,0.8576378279004164,
RUS,2007,perm,corr,mawd,,0.0,,,
RUS,2007,perm,corr,d,,0.0,,,
RUS,2007,lnorm,corr,mawd,,0.0,0.26370328466841136,0.36751603747022626,
RUS,2007,lnorm,corr,d,,0.0,0.7008461871341304,0.8650456081032772,
RUS,2008,perm,orig,mawd,,0.0,,,
RUS,2008,perm,orig,d,,0.0,,,
RUS,2008,perm,clean,mawd,,0.0,,,
RUS,2008,perm,clean,d,,0.0,,,
RUS,2008,lnorm,orig,mawd,,0.0,0.27874111496166387,0.3949686845451872,
RUS,2008,lnorm,orig,d,,0.0,0.7391656678844409,0.904679823859365,
RUS,2008,lnorm,clean,mawd,,0.0,0.27404029079522174,0.3945617221821086,
RUS,2008,lnorm,clean,d,,0.0,0.7242261309748983,0.8930070609701204,
RUS,2008,perm,corr,mawd,,0.0,,,
RUS,2008,perm,corr,d,,0.0,,,
RUS,2008,lnorm,corr,mawd,,0.0,0.27874111496166387,0.3949686845451872,
RUS,2008,lnorm,corr,d,,0.0,0.7391656678844409,0.904679823859365,
RUS,2009,perm,orig,mawd,,0.0,,,
RUS,2009,perm,orig,d,,0.0,,,
RUS,2009,perm,clean,mawd,,0.0,,,
RUS,2009,perm,clean,d,,0.0,,,
RUS,2009,lnorm,orig,mawd,,0.0,0.2710377637657917,0.3790531127682061,
RUS,2009,lnorm,orig,d,,0.0,0.734621248791125,0.8985991512243402,
RUS,2009,lnorm,clean,mawd,,0.0,0.26859643741630246,0.38956701774934455,
RUS,2009,lnorm,clean,d,,0.0,0.7263908872213929,0.8896465896831873,
RUS,2009,perm,corr,mawd,,0.0,,,
RUS,2009,perm,corr,d,,0.0,,,
RUS,2009,lnorm,corr,mawd,,0.0,0.2710377637657917,0.3790531127682061,
RUS,2009,lnorm,corr,d,,0.0,0.734621248791125,0.8985991512243402,
RUS,2010,perm,orig,mawd,,0.0,,,
RUS,2010,perm,orig,d,,0.0,,,
RUS,2010,perm,clean,mawd,,0.0,,,
RUS,2010,perm,clean,d,,0.0,,,
RUS,2010,lnorm,orig,mawd,,0.0,0.2824709420463992,0.39986815840003964,
RUS,2010,lnorm,orig,d,,0.0,0.7551780541992992,0.9214896236258812,
RUS,2010,lnorm,clean,mawd,,0.0,0.28070673490458403,0.40524628694445497,
RUS,2010,lnorm,clean,d,,0.0,0.7487468455425724,0.9116435304739892,
RUS,2010,perm,corr,mawd,,0.0,,,
RUS,2010,perm,corr,d,,0.0,,,
RUS,2010,lnorm,corr,mawd,,0.0,0.2824709420463992,0.39986815840003964,
RUS,2010,lnorm,corr,d,,0.0,0.7551780541992992,0.9214896236258812,
RUS,2011,perm,orig,mawd,,0.0,,,
RUS,2011,perm,orig,d,,0.0,,,
RUS,2011,perm,clean,mawd,,0.0,,,
RUS,2011,perm,clean,d,,0.0,,,
RUS,2011,lnorm,orig,mawd,,0.0,0.29076119379549087,0.41142514562260923,
RUS,2011,lnorm,orig,d,,0.0,0.7621230747730315,0.9295580302250208,
RUS,2011,lnorm,clean,mawd,,0.0,0.2897566321835564,0.41763531913928054,
RUS,2011,lnorm,clean,d,,0.0,0.7560314509851914,0.9202021297613954,
RUS,2011,perm,corr,mawd,,0.0,,,
RUS,2011,perm,corr,d,,0.0,,,
RUS,2011,lnorm,corr,mawd,,0.0,0.29076119379549087,0.41142514562260923,
RUS,2011,lnorm,corr,d,,0.0,0.7621230747730315,0.9295580302250208,
RUS,2012,perm,orig,mawd,,0.0,,,
RUS,2012,perm,orig,d,,0.0,,,
RUS,2012,perm,clean,mawd,,0.0,,,
RUS,2012,perm,clean,d,,0.0,,,
RUS,2012,lnorm,orig,mawd,,0.0,0.2918960738849608,0.41660546099419393,
RUS,2012,lnorm,orig,d,,0.0,0.7461811306082708,0.9156214580544111,
RUS,2012,lnorm,clean,mawd,,0.0,0.29392412921621197,0.4234316634591673,
RUS,2012,lnorm,clean,d,,0.0,0.7396107705948515,0.9065940520118674,
RUS,2012,perm,corr,mawd,,0.0,,,
RUS,2012,perm,corr,d,,0.0,,,
RUS,2012,lnorm,corr,mawd,,0.0,0.2918960738849608,0.41660546099419393,
RUS,2012,lnorm,corr,d,,0.0,0.7461811306082708,0.9156214580544111,
RUS,2013,perm,orig,mawd,,0.0,,,
RUS,2013,perm,orig,d,,0.0,,,
RUS,2013,perm,clean,mawd,,0.0,,,
RUS,2013,perm,clean,d,,0.0,,,
RUS,2013,lnorm,orig,mawd,,0.0,0.28347396013212534,0.404414181905798,
RUS,2013,lnorm,orig,d,,0.0,0.7564320831275495,0.9243925372996487,
RUS,2013,lnorm,clean,mawd,,0.0,0.2829167831318025,0.414853468693807,
RUS,2013,lnorm,clean,d,,0.0,0.7505543290634404,0.9158231003482127,
RUS,2013,perm,corr,mawd,,0.0,,,
RUS,2013,perm,corr,d,,0.0,,,
RUS,2013,lnorm,corr,mawd,,0.0,0.28347396013212534,0.404414181905798,
RUS,2013,lnorm,corr,d,,0.0,0.7564320831275495,0.9243925372996487,
RUS,2014,perm,orig,mawd,,0.0,,,
RUS,2014,perm,orig,d,,0.0,,,
RUS,2014,perm,clean,mawd,,0.0,,,
RUS,2014,perm,clean,d,,0.0,,,
RUS,2014,lnorm,orig,mawd,,0.0,0.27431046931002945,0.38906597327804593,
RUS,2014,lnorm,orig,d,,0.0,0.7628884319632558,0.9279968693966891,
RUS,2014,lnorm,clean,mawd,,0.0,0.27221845992589955,0.3984411095072071,
RUS,2014,lnorm,clean,d,,0.0,0.7566212507148715,0.9192086738127805,
RUS,2014,perm,corr,mawd,,0.0,,,
RUS,2014,perm,corr,d,,0.0,,,
RUS,2014,lnorm,corr,mawd,,0.0,0.27431046931002945,0.38906597327804593,
RUS,2014,lnorm,corr,d,,0.0,0.7628884319632558,0.9279968693966891,
SVK,2000,perm,orig,mawd,0.24886162642708493,0.034,0.2516137579176296,0.2829931515557817,-1.6755950175136682
SVK,2000,perm,orig,d,0.25091552637221276,0.0,0.2673197047935585,0.2831715669742547,-3.1212941047755667
SVK,2000,perm,clean,mawd,0.24450550322717082,0.032,0.24739915992746586,0.27915688621346046,-1.6895249430029142
SVK,2000,perm,clean,d,0.21287856545490874,0.0,0.23125147592692794,0.2496454109749507,-3.0158154563888835
SVK,2000,lnorm,orig,mawd,0.24886162642708493,0.02,0.25644728494739416,0.2905046865732117,-1.7937014250630992
SVK,2000,lnorm,orig,d,0.25091552637221276,0.0,0.27082264124031236,0.28902068223069627,-3.2121608419498444
SVK,2000,lnorm,clean,mawd,0.24450550322717082,0.021,0.2524372227016329,0.2868018092900311,-1.8092853556924255
SVK,2000,lnorm,clean,d,0.21287856545490874,0.0,0.2344723503676667,0.25674491766628993,-3.157845970139394
SVK,2000,perm,corr,mawd,0.24886162642708493,0.034,0.2516137579176296,0.2829931515557817,-1.6755950175136682
SVK,2000,perm,corr,d,0.25091552637221276,0.0,0.2673197047935585,0.2831715669742547,-3.1212941047755667
SVK,2000,lnorm,corr,mawd,0.24886162642708493,0.02,0.25644728494739416,0.2905046865732117,-1.7937014250630992
SVK,2000,lnorm,corr,d,0.25091552637221276,0.0,0.27082264124031236,0.28902068223069627,-3.2121608419498444
SVK,2001,perm,orig,mawd,0.24478301702158636,0.006,0.2591626373823341,0.29010159384041917,-2.2824622521434312
SVK,2001,perm,orig,d,0.24606356825676123,0.0,0.26783029874476094,0.2839632915494983,-3.8745188698168422
SVK,2001,perm,clean,mawd,0.24159744896157653,0.005,0.25685281018937955,0.2874867297437437,-2.2941633661536636
SVK,2001,perm,clean,d,0.21050774572374276,0.0,0.23434636579624174,0.2535127324364128,-3.68845270792051
SVK,2001,lnorm,orig,mawd,0.24478301702158636,0.006,0.26286339840968465,0.29483552477122077,-2.2455829375075087
SVK,2001,lnorm,orig,d,0.24606356825676123,0.0,0.2708437415823771,0.288018362582177,-3.7157611078754496
SVK,2001,lnorm,clean,mawd,0.24159744896157653,0.006,0.2599929110334676,0.2923579305953012,-2.260525371988705
SVK,2001,lnorm,clean,d,0.21050774572374276,0.0,0.23688202015462845,0.258123418976872,-3.602557291378759
SVK,2001,perm,corr,mawd,0.24478301702158636,0.006,0.2591626373823341,0.29010159384041917,-2.2824622521434312
SVK,2001,perm,corr,d,0.24606356825676123,0.0,0.26783029874476094,0.2839632915494983,-3.8745188698168422
SVK,2001,lnorm,corr,mawd,0.24478301702158636,0.006,0.26286339840968465,0.29483552477122077,-2.2455829375075087
SVK,2001,lnorm,corr,d,0.24606356825676123,0.0,0.2708437415823771,0.288018362582177,-3.7157611078754496
SVK,2002,perm,orig,mawd,0.24275499275443235,0.001,0.2645029445059967,0.30267561875725724,-2.424241760513594
SVK,2002,perm,orig,d,0.270421016814506,0.034,0.2729852026709211,0.2973755866015272,-1.7721232362910468
SVK,2002,perm,clean,mawd,0.2397179680157959,0.001,0.2620456641094285,0.30024122012135096,-2.4451576106351336
SVK,2002,perm,clean,d,0.2406753464971571,0.022,0.24654575354747008,0.2737011484859161,-1.9393122302405172
SVK,2002,lnorm,orig,mawd,0.24275499275443235,0.001,0.268723235794229,0.3089825649584582,-2.3859180865404346
SVK,2002,lnorm,orig,d,0.270421016814506,0.017,0.27696475525069236,0.3020634101798488,-1.8767206676611834
SVK,2002,lnorm,clean,mawd,0.2397179680157959,0.0,0.26662950536288915,0.3069491253519657,-2.4107191313205614
SVK,2002,lnorm,clean,d,0.2406753464971571,0.012,0.2511452158783536,0.278504294120683,-2.023143108718651
SVK,2002,perm,corr,mawd,0.24275499275443235,0.001,0.2645029445059967,0.30267561875725724,-2.424241760513594
SVK,2002,perm,corr,d,0.270421016814506,0.034,0.2729852026709211,0.2973755866015272,-1.7721232362910468
SVK,2002,lnorm,corr,mawd,0.24275499275443235,0.001,0.268723235794229,0.3089825649584582,-2.3859180865404346
SVK,2002,lnorm,corr,d,0.270421016814506,0.017,0.27696475525069236,0.3020634101798488,-1.8767206676611834
SVK,2003,perm,orig,mawd,0.2222231101503629,0.0,0.2509631370169504,0.29434327778570046,-2.5865229479105967
SVK,2003,perm,orig,d,0.2644911159021237,0.012,0.2730437182116217,0.3005516355938359,-2.175269100379564
SVK,2003,perm,clean,mawd,0.22082179411616468,0.0,0.24986753370379322,0.29341776817998316,-2.586999379834087
SVK,2003,perm,clean,d,0.24201072557805706,0.016,0.2506070158338306,0.28053090492775545,-2.1416452183855
SVK,2003,lnorm,orig,mawd,0.2222231101503629,0.0,0.2578303173205632,0.30156560407168015,-2.5764965032444014
SVK,2003,lnorm,orig,d,0.2644911159021237,0.005,0.28037960638777787,0.3074502542853411,-2.342441334798097
SVK,2003,lnorm,clean,mawd,0.22082179411616468,0.0,0.2567566349208207,0.30039070287847003,-2.578750458901001
SVK,2003,lnorm,clean,d,0.24201072557805706,0.004,0.2586225773000931,0.2869833501731197,-2.3240393581087244
SVK,2003,perm,corr,mawd,0.2222231101503629,0.0,0.2509631370169504,0.29434327778570046,-2.5865229479105967
SVK,2003,perm,corr,d,0.2644911159021237,0.012,0.2730437182116217,0.3005516355938359,-2.175269100379564
SVK,2003,lnorm,corr,mawd,0.2222231101503629,0.0,0.2578303173205632,0.30156560407168015,-2.5764965032444014
SVK,2003,lnorm,corr,d,0.2644911159021237,0.005,0.28037960638777787,0.3074502542853411,-2.342441334798097
SVK,2004,perm,orig,mawd,0.22959673580605172,0.003,0.25188387062550915,0.29418480348606646,-2.2696905292057474
SVK,2004,perm,orig,d,0.2698101199813927,0.114,0.2619552239105436,0.29668227155784765,-1.2092414434414864
SVK,2004,perm,clean,mawd,0.23427294031631493,0.004,0.25556036658762105,0.3000112854859178,-2.2237242509119826
SVK,2004,perm,clean,d,0.2707365835317387,0.149,0.2575649786069144,0.2927898979598962,-1.0264310596476276
SVK,2004,lnorm,orig,mawd,0.22959673580605172,0.003,0.25787774821638004,0.3069171209417161,-2.3252588730312347
SVK,2004,lnorm,orig,d,0.2698101199813927,0.051,0.2693731596009176,0.3066715006173697,-1.5160267569830344
SVK,2004,lnorm,clean,mawd,0.23427294031631493,0.001,0.26307613570864535,0.31215116771582313,-2.2761756190180766
SVK,2004,lnorm,clean,d,0.2707365835317387,0.072,0.26660183598216697,0.3030704529616931,-1.3703107184365486
SVK,2004,perm,corr,mawd,0.22959673580605172,0.003,0.25188387062550915,0.29418480348606646,-2.2696905292057474
SVK,2004,perm,corr,d,0.2698101199813927,0.114,0.2619552239105436,0.29668227155784765,-1.2092414434414864
SVK,2004,lnorm,corr,mawd,0.22959673580605172,0.003,0.25787774821638004,0.3069171209417161,-2.3252588730312347
SVK,2004,lnorm,corr,d,0.2698101199813927,0.051,0.2693731596009176,0.3066715006173697,-1.5160267569830344
SVK,2005,perm,orig,mawd,0.23154562306954596,0.001,0.25971374717423534,0.30628500911762635,-2.5097016049566214
SVK,2005,perm,orig,d,0.2899642522216265,0.132,0.2790486146427259,0.3175961102917272,-1.1134735293541758
SVK,2005,perm,clean,mawd,0.23737536256596312,0.001,0.2639190505292515,0.3122764738149525,-2.4239496378380325
SVK,2005,perm,clean,d,0.26761662403933306,0.042,0.27002078789064343,0.30624427441776025,-1.653407266124767
SVK,2005,lnorm,orig,mawd,0.23154562306954596,0.0,0.2715042337160279,0.3193507355631501,-2.600412322663127
SVK,2005,lnorm,orig,d,0.2899642522216265,0.061,0.28726257365884855,0.3272512367718732,-1.4968019210368793
SVK,2005,lnorm,clean,mawd,0.23737536256596312,0.0,0.27511918490885606,0.3251755515667749,-2.520484559494572
SVK,2005,lnorm,clean,d,0.26761662403933306,0.009,0.2817108959781162,0.31581316018461114,-2.120096571419231
SVK,2005,perm,corr,mawd,0.23154562306954596,0.001,0.25971374717423534,0.30628500911762635,-2.5097016049566214
SVK,2005,perm,corr,d,0.2899642522216265,0.132,0.2790486146427259,0.3175961102917272,-1.1134735293541758
SVK,2005,lnorm,corr,mawd,0.23154562306954596,0.0,0.2715042337160279,0.3193507355631501,-2.600412322663127
SVK,2005,lnorm,corr,d,0.2899642522216265,0.061,0.28726257365884855,0.3272512367718732,-1.4968019210368793
SVK,2006,perm,orig,mawd,0.1993876195356595,0.0,0.23647314913386216,0.28922659469068707,-2.705740113915268
SVK,2006,perm,orig,d,0.2579240795709934,0.004,0.27160349712732473,0.3088445213398835,-2.206474238068366
SVK,2006,perm,clean,mawd,0.20547077310419326,0.0,0.24025092595710093,0.29292959491686366,-2.571172050538512
SVK,2006,perm,clean,d,0.26067458500760315,0.022,0.26729716187443603,0.30553446809679413,-1.8494473160750229
SVK,2006,lnorm,orig,mawd,0.1993876195356595,0.0,0.25378898990794235,0.306392088186988,-2.882138674089957
SVK,2006,lnorm,orig,d,0.2579240795709934,0.001,0.2877252861658745,0.3223763538993427,-2.759197847667675
SVK,2006,lnorm,clean,mawd,0.20547077310419326,0.0,0.2571509808431419,0.30950763543023224,-2.7634588666021243
SVK,2006,lnorm,clean,d,0.26067458500760315,0.005,0.28346969296769153,0.3181651727768088,-2.40269318296866
SVK,2006,perm,corr,mawd,0.1993876195356595,0.0,0.23647314913386216,0.28922659469068707,-2.705740113915268
SVK,2006,perm,corr,d,0.2579240795709934,0.004,0.27160349712732473,0.3088445213398835,-2.206474238068366
SVK,2006,lnorm,corr,mawd,0.1993876195356595,0.0,0.25378898990794235,0.306392088186988,-2.882138674089957
SVK,2006,lnorm,corr,d,0.2579240795709934,0.001,0.2877252861658745,0.3223763538993427,-2.759197847667675
SVK,2007,perm,orig,mawd,0.19916130201029067,0.0,0.24079059486317209,0.2945900795782967,-2.708073662816339
SVK,2007,perm,orig,d,0.25865349734636,0.003,0.27749975399003335,0.3125994836214724,-2.6199500605919983
SVK,2007,perm,clean,mawd,0.2038951532951665,0.0,0.24147709853648264,0.29814287247074167,-2.6000988553546045
SVK,2007,perm,clean,d,0.24507885450867803,0.001,0.2726202882923222,0.3104260374651729,-2.938097814252434
SVK,2007,lnorm,orig,mawd,0.19916130201029067,0.0,0.256537561663083,0.3127936159391531,-2.837620885151137
SVK,2007,lnorm,orig,d,0.25865349734636,0.001,0.29140784156308636,0.3247182174764801,-3.0188626863117727
SVK,2007,lnorm,clean,mawd,0.2038951532951665,0.0,0.25921835028645474,0.31611258900223477,-2.7381765027214016
SVK,2007,lnorm,clean,d,0.24507885450867803,0.0,0.28831369879521657,0.32287278311120315,-3.345570336737714
SVK,2007,perm,corr,mawd,0.19916130201029067,0.0,0.24079059486317209,0.2945900795782967,-2.708073662816339
SVK,2007,perm,corr,d,0.25865349734636,0.003,0.27749975399003335,0.3125994836214724,-2.6199500605919983
SVK,2007,lnorm,corr,mawd,0.19916130201029067,0.0,0.256537561663083,0.3127936159391531,-2.837620885151137
SVK,2007,lnorm,corr,d,0.25865349734636,0.001,0.29140784156308636,0.3247182174764801,-3.0188626863117727
SVK,2008,perm,orig,mawd,0.1937944399467586,0.0,0.23599180990916088,0.2925194728274165,-2.643724927662439
SVK,2008,perm,orig,d,0.26698327134478145,0.011,0.2805021711389578,0.31781175088447844,-2.0767645278154223
SVK,2008,perm,clean,mawd,0.19826647989100438,0.0,0.2382588284923211,0.29592993059733874,-2.5562177441052016
SVK,2008,perm,clean,d,0.25819155196408244,0.019,0.27038982311290494,0.30800458251427926,-1.9581386722844418
SVK,2008,lnorm,orig,mawd,0.1937944399467586,0.0,0.25533929407297806,0.3146497707850898,-2.8649857533257053
SVK,2008,lnorm,orig,d,0.26698327134478145,0.001,0.29357340197025383,0.332846134313282,-2.5373558395587414
SVK,2008,lnorm,clean,mawd,0.19826647989100438,0.0,0.25869367294387857,0.31662122163876033,-2.775673453446142
SVK,2008,lnorm,clean,d,0.25819155196408244,0.0,0.2829707685482661,0.3228936832563717,-2.407351258606841
SVK,2008,perm,corr,mawd,0.1937944399467586,0.0,0.23599180990916088,0.2925194728274165,-2.643724927662439
SVK,2008,perm,corr,d,0.26698327134478145,0.011,0.2805021711389578,0.31781175088447844,-2.0767645278154223
SVK,2008,lnorm,corr,mawd,0.1937944399467586,0.0,0.25533929407297806,0.3146497707850898,-2.8649857533257053
SVK,2008,lnorm,corr,d,0.26698327134478145,0.001,0.29357340197025383,0.332846134313282,-2.5373558395587414
SVK,2009,perm,orig,mawd,0.23057275122464937,0.0,0.27486232289926144,0.33295909837760923,-2.660945944587009
SVK,2009,perm,orig,d,0.2823814635422058,0.028,0.28799291474113375,0.33030168696601214,-1.7199191834391467
SVK,2009,perm,clean,mawd,0.23521348612651435,0.001,0.2738309622599117,0.3350707553012169,-2.535531978543023
SVK,2009,perm,clean,d,0.28720155593210844,0.056,0.2866009411148317,0.33021822492698505,-1.4923381322344913
SVK,2009,lnorm,orig,mawd,0.23057275122464937,0.0,0.29079242785976983,0.3497307737856329,-2.828579774411982
SVK,2009,lnorm,orig,d,0.2823814635422058,0.01,0.3013127182093735,0.3444458684247905,-2.2450397909620508
SVK,2009,lnorm,clean,mawd,0.23521348612651435,0.0,0.2919662995541657,0.3509625850950326,-2.7091868211743697
SVK,2009,lnorm,clean,d,0.28720155593210844,0.018,0.3017045675956702,0.3436374189324777,-2.01722552850024
SVK,2009,perm,corr,mawd,0.23057275122464937,0.0,0.27486232289926144,0.33295909837760923,-2.660945944587009
SVK,2009,perm,corr,d,0.2823814635422058,0.028,0.28799291474113375,0.33030168696601214,-1.7199191834391467
SVK,2009,lnorm,corr,mawd,0.23057275122464937,0.0,0.29079242785976983,0.3497307737856329,-2.828579774411982
SVK,2009,lnorm,corr,d,0.2823814635422058,0.01,0.3013127182093735,0.3444458684247905,-2.2450397909620508
SVK,2010,perm,orig,mawd,0.2284238908065001,0.001,0.27215483101633836,0.3315391270454458,-2.6007864815128947
SVK,2010,perm,orig,d,0.293085008829511,0.058,0.29090835279730143,0.3368654906137224,-1.4062549467495884
SVK,2010,perm,clean,mawd,0.23359854599424418,0.002,0.2733340247605533,0.3347957123510753,-2.47026551717261
SVK,2010,perm,clean,d,0.2949470781003203,0.073,0.29214212282400454,0.3376940780998795,-1.3475454080952722
SVK,2010,lnorm,orig,mawd,0.2284238908065001,0.0,0.2874123340756684,0.34698441250207607,-2.7319105273234605
SVK,2010,lnorm,orig,d,0.293085008829511,0.022,0.30390434559343416,0.3504536812944399,-1.8607845305210802
SVK,2010,lnorm,clean,mawd,0.23359854599424418,0.0,0.2881275013844025,0.3484783674274402,-2.603599477736058
SVK,2010,lnorm,clean,d,0.2949470781003203,0.029,0.3058907045088227,0.35109829516003044,-1.7953155224518538
SVK,2010,perm,corr,mawd,0.2284238908065001,0.001,0.27215483101633836,0.3315391270454458,-2.6007864815128947
SVK,2010,perm,corr,d,0.293085008829511,0.058,0.29090835279730143,0.3368654906137224,-1.4062549467495884
SVK,2010,lnorm,corr,mawd,0.2284238908065001,0.0,0.2874123340756684,0.34698441250207607,-2.7319105273234605
SVK,2010,lnorm,corr,d,0.293085008829511,0.022,0.30390434559343416,0.3504536812944399,-1.8607845305210802
SVK,2011,perm,orig,mawd,0.2191248053452428,0.0,0.25852987688017137,0.320349526490733,-2.422215259577238
SVK,2011,perm,orig,d,0.2854922798149965,0.071,0.2824799475875077,0.3311217305645082,-1.4009992716954793
SVK,2011,perm,clean,mawd,0.22495675216755032,0.001,0.2587492941947269,0.3213432454091214,-2.271761816963236
SVK,2011,perm,clean,d,0.28791308948759464,0.097,0.2793479773088616,0.32968403675501057,-1.2662052194557805
SVK,2011,lnorm,orig,mawd,0.2191248053452428,0.0,0.27738511176507,0.34162017742453293,-2.590058298549963
SVK,2011,lnorm,orig,d,0.2854922798149965,0.021,0.2997649011095357,0.3463010115842229,-1.9598722143605525
SVK,2011,lnorm,clean,mawd,0.22495675216755032,0.0,0.2772453092154339,0.3424145014409945,-2.4462971490932204
SVK,2011,lnorm,clean,d,0.28791308948759464,0.028,0.29854060553442563,0.34419073886886864,-1.8251151423915344
SVK,2011,perm,corr,mawd,0.2191248053452428,0.0,0.25852987688017137,0.320349526490733,-2.422215259577238
SVK,2011,perm,corr,d,0.2854922798149965,0.071,0.2824799475875077,0.3311217305645082,-1.4009992716954793
SVK,2011,lnorm,corr,mawd,0.2191248053452428,0.0,0.27738511176507,0.34162017742453293,-2.590058298549963
SVK,2011,lnorm,corr,d,0.2854922798149965,0.021,0.2997649011095357,0.3463010115842229,-1.9598722143605525
SVK,2012,perm,orig,mawd,0.2125762477193413,0.0,0.27089553169896124,0.3383482345933847,-2.636315895325003
SVK,2012,perm,orig,d,0.27218329310793515,0.007,0.29487239693071027,0.3456941604484929,-2.265270491631829
SVK,2012,perm,clean,mawd,0.2182831015107715,0.0,0.2698440369500385,0.3409390919628509,-2.5020072600646066
SVK,2012,perm,clean,d,0.2781581895503659,0.013,0.2940466545707123,0.34607978037344167,-2.0615148605771143
SVK,2012,lnorm,orig,mawd,0.2125762477193413,0.0,0.2917936683296743,0.36012904921321254,-2.7500513397828805
SVK,2012,lnorm,orig,d,0.27218329310793515,0.0,0.3139277806743388,0.36111323074722834,-2.905761860802148
SVK,2012,lnorm,clean,mawd,0.2182831015107715,0.0,0.2896610035783071,0.3628269250755274,-2.618468344266602
SVK,2012,lnorm,clean,d,0.2781581895503659,0.0,0.31407009246949347,0.36213830771586963,-2.681179328215726
SVK,2012,perm,corr,mawd,0.2125762477193413,0.0,0.27089553169896124,0.3383482345933847,-2.636315895325003
SVK,2012,perm,corr,d,0.27218329310793515,0.007,0.29487239693071027,0.3456941604484929,-2.265270491631829
SVK,2012,lnorm,corr,mawd,0.2125762477193413,0.0,0.2917936683296743,0.36012904921321254,-2.7500513397828805
SVK,2012,lnorm,corr,d,0.27218329310793515,0.0,0.3139277806743388,0.36111323074722834,-2.905761860802148
SVK,2013,perm,orig,mawd,0.207647576704373,0.0,0.26160986928073365,0.32073496754658326,-2.8365381841334827
SVK,2013,perm,orig,d,0.26177024717403885,0.0,0.2938312137628303,0.3362423647370745,-2.7311390012455887
SVK,2013,perm,clean,mawd,0.21253656619694217,0.0,0.26198027875774355,0.32209795529031693,-2.670375776498274
SVK,2013,perm,clean,d,0.2606283184478775,0.004,0.2797068098463435,0.32092825590840846,-2.1741540092484657
SVK,2013,lnorm,orig,mawd,0.207647576704373,0.0,0.2812562665322677,0.3388193272559549,-2.8462884405952127
SVK,2013,lnorm,orig,d,0.26177024717403885,0.0,0.3151520881299376,0.3541841440595459,-3.532951488090299
SVK,2013,lnorm,clean,mawd,0.21253656619694217,0.0,0.27895736435637397,0.34004732283731515,-2.6965612482195596
SVK,2013,lnorm,clean,d,0.2606283184478775,0.001,0.2979936522988629,0.33873836168252947,-2.8955773494303747
SVK,2013,perm,corr,mawd,0.207647576704373,0.0,0.26160986928073365,0.32073496754658326,-2.8365381841334827
SVK,2013,perm,corr,d,0.26177024717403885,0.0,0.2938312137628303,0.3362423647370745,-2.7311390012455887
SVK,2013,lnorm,corr,mawd,0.207647576704373,0.0,0.2812562665322677,0.3388193272559549,-2.8462884405952127
SVK,2013,lnorm,corr,d,0.26177024717403885,0.0,0.3151520881299376,0.3541841440595459,-3.532951488090299
SVK,2014,perm,orig,mawd,0.2162672440247647,0.0,0.2686733018591069,0.3263012144873133,-2.610164026522353
SVK,2014,perm,orig,d,0.45824925272678085,0.804,0.3112225835051956,0.38338256038226104,0.8105835889323074
SVK,2014,perm,clean,mawd,0.22165641343489456,0.0,0.26727716337022384,0.32820667890503485,-2.464102941419326
SVK,2014,perm,clean,d,0.27284430213888405,0.011,0.2937368276358721,0.3350149284754643,-2.2079108235290543
SVK,2014,lnorm,orig,mawd,0.2162672440247647,0.0,0.2819719659657663,0.34177591798152684,-2.656269316988282
SVK,2014,lnorm,orig,d,0.45824925272678085,0.762,0.323436132598088,0.401780063965199,0.6881694201918842
SVK,2014,lnorm,clean,mawd,0.22165641343489456,0.0,0.27961870881318834,0.34375225453111713,-2.5210752713369184
SVK,2014,lnorm,clean,d,0.27284430213888405,0.002,0.30178460025122655,0.3463702749259444,-2.6166538354097515
SVK,2014,perm,corr,mawd,0.2162672440247647,0.0,0.2686733018591069,0.3263012144873133,-2.610164026522353
SVK,2014,perm,corr,d,0.45824925272678085,0.804,0.3112225835051956,0.38338256038226104,0.8105835889323074
SVK,2014,lnorm,corr,mawd,0.2162672440247647,0.0,0.2819719659657663,0.34177591798152684,-2.656269316988282
SVK,2014,lnorm,corr,d,0.45824925272678085,0.762,0.323436132598088,0.401780063965199,0.6881694201918842
SVN,2000,perm,orig,mawd,0.15559481972203051,0.0,0.19694697405089095,0.24137760828941368,-3.0246307477868792
SVN,2000,perm,orig,d,0.21506670182296278,0.001,0.23957023992946738,0.2801156150686539,-2.5066366983760493
SVN,2000,perm,clean,mawd,0.15618281794947697,0.0,0.1963718975091714,0.24180548202871616,-2.972037880729365
SVN,2000,perm,clean,d,0.2164145357828814,0.003,0.23790883465283416,0.27994245712842786,-2.3748045107256854
SVN,2000,lnorm,orig,mawd,0.15559481972203051,0.0,0.20826584973312406,0.26367340455932564,-3.085406508443519
SVN,2000,lnorm,orig,d,0.21506670182296278,0.001,0.24647442464360333,0.29368953733576403,-2.7772117733086383
SVN,2000,lnorm,clean,mawd,0.15618281794947697,0.0,0.2080363827897373,0.26340146262776426,-3.042408079800483
SVN,2000,lnorm,clean,d,0.2164145357828814,0.004,0.24662899925954923,0.29353280970405565,-2.6760146560972036
SVN,2000,perm,corr,mawd,0.15559481972203051,0.0,0.19694697405089095,0.24137760828941368,-3.0246307477868792
SVN,2000,perm,corr,d,0.21506670182296278,0.001,0.23957023992946738,0.2801156150686539,-2.5066366983760493
SVN,2000,lnorm,corr,mawd,0.15559481972203051,0.0,0.20826584973312406,0.26367340455932564,-3.085406508443519
SVN,2000,lnorm,corr,d,0.21506670182296278,0.001,0.24647442464360333,0.29368953733576403,-2.7772117733086383
SVN,2001,perm,orig,mawd,0.1465610727480181,0.0,0.19385325528700537,0.23910957889768789,-3.2347980226442146
SVN,2001,perm,orig,d,0.20678702997001644,0.001,0.23495855885052427,0.275628338692385,-2.6561214207389536
SVN,2001,perm,clean,mawd,0.14654268184755498,0.0,0.19378355178923393,0.23958506745779362,-3.2088264546452927
SVN,2001,perm,clean,d,0.2049037108372824,0.0,0.23402999820971238,0.2747587034960901,-2.649347553308175
SVN,2001,lnorm,orig,mawd,0.1465610727480181,0.0,0.20694984013433396,0.26022271583516443,-3.2655846292873223
SVN,2001,lnorm,orig,d,0.20678702997001644,0.001,0.24305739628280734,0.28709021546789937,-2.886187402278013
SVN,2001,lnorm,clean,mawd,0.14654268184755498,0.0,0.20690079878707943,0.25994022140078643,-3.2450572373539996
SVN,2001,lnorm,clean,d,0.2049037108372824,0.002,0.2434043482474165,0.28744692742707767,-2.9014681410573204
SVN,2001,perm,corr,mawd,0.1465610727480181,0.0,0.19385325528700537,0.23910957889768789,-3.2347980226442146
SVN,2001,perm,corr,d,0.20678702997001644,0.001,0.23495855885052427,0.275628338692385,-2.6561214207389536
SVN,2001,lnorm,corr,mawd,0.1465610727480181,0.0,0.20694984013433396,0.26022271583516443,-3.2655846292873223
SVN,2001,lnorm,corr,d,0.20678702997001644,0.001,0.24305739628280734,0.28709021546789937,-2.886187402278013
SVN,2002,perm,orig,mawd,0.13719617827022712,0.0,0.20060099702201237,0.24660320404592534,-3.6825209209876797
SVN,2002,perm,orig,d,0.2072836492382537,0.0,0.24387929065956968,0.28242155207129804,-2.920353088470836
SVN,2002,perm,clean,mawd,0.13695091229918843,0.0,0.20037973263024925,0.24671442442882205,-3.6494616441322223
SVN,2002,perm,clean,d,0.19584832065504754,0.0,0.24136904404388132,0.2818633033359891,-3.2159036328614277
SVN,2002,lnorm,orig,mawd,0.13719617827022712,0.0,0.21074917301359214,0.2637533923073352,-3.585377160276113
SVN,2002,lnorm,orig,d,0.2072836492382537,0.0,0.24936196992802723,0.29369988457894547,-3.0543236850627737
SVN,2002,lnorm,clean,mawd,0.13695091229918843,0.0,0.2100097056822941,0.2636084850556505,-3.566640527769638
SVN,2002,lnorm,clean,d,0.19584832065504754,0.0,0.24837313958161503,0.29375928121727024,-3.361531537898746
SVN,2002,perm,corr,mawd,0.13719617827022712,0.0,0.20060099702201237,0.24660320404592534,-3.6825209209876797
SVN,2002,perm,corr,d,0.2072836492382537,0.0,0.24387929065956968,0.28242155207129804,-2.920353088470836
SVN,2002,lnorm,corr,mawd,0.13719617827022712,0.0,0.21074917301359214,0.2637533923073352,-3.585377160276113
SVN,2002,lnorm,corr,d,0.2072836492382537,0.0,0.24936196992802723,0.29369988457894547,-3.0543236850627737
SVN,2003,perm,orig,mawd,0.14546635757066584,0.0,0.19956331088147206,0.24627266544072923,-3.3444344120331695
SVN,2003,perm,orig,d,0.2253071043692092,0.004,0.24434695522767472,0.2850023008802378,-2.237778583233177
SVN,2003,perm,clean,mawd,0.1454685124179476,0.0,0.1996810053763582,0.24686174093967717,-3.315659261686529
SVN,2003,perm,clean,d,0.21740044295006444,0.001,0.24251767087923717,0.28455360390903556,-2.4217963390045325
SVN,2003,lnorm,orig,mawd,0.14546635757066584,0.0,0.210473564659197,0.26566594295360507,-3.3261447499744845
SVN,2003,lnorm,orig,d,0.2253071043692092,0.007,0.2518628681978757,0.29655192100846234,-2.4821943094583148
SVN,2003,lnorm,clean,mawd,0.1454685124179476,0.0,0.21072072627762375,0.2656380209275993,-3.3086478975058755
SVN,2003,lnorm,clean,d,0.21740044295006444,0.002,0.2507177575794226,0.29676481795772996,-2.6741785340057818
SVN,2003,perm,corr,mawd,0.14546635757066584,0.0,0.19956331088147206,0.24627266544072923,-3.3444344120331695
SVN,2003,perm,corr,d,0.2253071043692092,0.004,0.24434695522767472,0.2850023008802378,-2.237778583233177
SVN,2003,lnorm,corr,mawd,0.14546635757066584,0.0,0.210473564659197,0.26566594295360507,-3.3261447499744845
SVN,2003,lnorm,corr,d,0.2253071043692092,0.007,0.2518628681978757,0.29655192100846234,-2.4821943094583148
SVN,2004,perm,orig,mawd,0.14702370438986312,0.0,0.19723531205628267,0.24342748854891527,-3.247451824578198
SVN,2004,perm,orig,d,0.21973057085291867,0.004,0.239311820636967,0.2812848564791579,-2.2945080112901914
SVN,2004,perm,clean,mawd,0.14682944241530832,0.0,0.1968436489953124,0.24416991371168156,-3.2295202009579898
SVN,2004,perm,clean,d,0.21254492703062544,0.001,0.23891194561295453,0.28121246983991055,-2.4760129814698657
SVN,2004,lnorm,orig,mawd,0.14702370438986312,0.0,0.2076697690677145,0.26291497819509335,-3.2325623984824654
SVN,2004,lnorm,orig,d,0.21973057085291867,0.004,0.24794688737867732,0.29205235552662967,-2.537831985520065
SVN,2004,lnorm,clean,mawd,0.14682944241530832,0.0,0.20761955526896317,0.26317792842541415,-3.2206489021361246
SVN,2004,lnorm,clean,d,0.21254492703062544,0.004,0.24616195708315003,0.29200564656061334,-2.7226444997105292
SVN,2004,perm,corr,mawd,0.14702370438986312,0.0,0.19723531205628267,0.24342748854891527,-3.247451824578198
SVN,2004,perm,corr,d,0.21973057085291867,0.004,0.239311820636967,0.2812848564791579,-2.2945080112901914
SVN,2004,lnorm,corr,mawd,0.14702370438986312,0.0,0.2076697690677145,0.26291497819509335,-3.2325623984824654
SVN,2004,lnorm,corr,d,0.21973057085291867,0.004,0.24794688737867732,0.29205235552662967,-2.537831985520065
SVN,2005,perm,orig,mawd,0.1421049816081787,0.0,0.19407983192925513,0.2416245547849092,-3.274700937663495
SVN,2005,perm,orig,d,0.21222289519008963,0.001,0.24010097478714645,0.2810886337793893,-2.537179289057968
SVN,2005,perm,clean,mawd,0.14203403268427742,0.0,0.19391980822412747,0.24255106919604097,-3.2502160247499443
SVN,2005,perm,clean,d,0.20436735654855256,0.0,0.2385477843334841,0.279121102045669,-2.668003312501181
SVN,2005,lnorm,orig,mawd,0.1421049816081787,0.0,0.20679220224034364,0.2619377881409618,-3.3352077088903336
SVN,2005,lnorm,orig,d,0.21222289519008963,0.002,0.2489311251772524,0.2932063974197018,-2.8245394555248975
SVN,2005,lnorm,clean,mawd,0.14203403268427742,0.0,0.20678856166554266,0.2622151202073203,-3.316826172576688
SVN,2005,lnorm,clean,d,0.20436735654855256,0.001,0.2470891397670123,0.2907786985978076,-2.961946210524314
SVN,2005,perm,corr,mawd,0.1421049816081787,0.0,0.19407983192925513,0.2416245547849092,-3.274700937663495
SVN,2005,perm,corr,d,0.21222289519008963,0.001,0.24010097478714645,0.2810886337793893,-2.537179289057968
SVN,2005,lnorm,corr,mawd,0.1421049816081787,0.0,0.20679220224034364,0.2619377881409618,-3.3352077088903336
SVN,2005,lnorm,corr,d,0.21222289519008963,0.002,0.2489311251772524,0.2932063974197018,-2.8245394555248975
SVN,2006,perm,orig,mawd,0.1447903348237119,0.0,0.19529466206436716,0.2444194982517391,-3.189181322604036
SVN,2006,perm,orig,d,0.22494374544753007,0.002,0.24550029682502117,0.28512589650892567,-2.3502819643517503
SVN,2006,perm,clean,mawd,0.14490794790331704,0.0,0.1948346237743529,0.2448450382722842,-3.1584715479935714
SVN,2006,perm,clean,d,0.21964304819776764,0.001,0.2416015395612196,0.28197894539623214,-2.3571869708580797
SVN,2006,lnorm,orig,mawd,0.1447903348237119,0.0,0.20397726563651228,0.2601206454889342,-3.1714751030625896
SVN,2006,lnorm,orig,d,0.22494374544753007,0.007,0.2506778308613865,0.29528131297019444,-2.4804025302390817
SVN,2006,lnorm,clean,mawd,0.14490794790331704,0.0,0.20411226251117665,0.2602440703612051,-3.150122863232274
SVN,2006,lnorm,clean,d,0.21964304819776764,0.007,0.24782304416656045,0.291969628240898,-2.4996960384494264
SVN,2006,perm,corr,mawd,0.1447903348237119,0.0,0.19529466206436716,0.2444194982517391,-3.189181322604036
SVN,2006,perm,corr,d,0.22494374544753007,0.002,0.24550029682502117,0.28512589650892567,-2.3502819643517503
SVN,2006,lnorm,corr,mawd,0.1447903348237119,0.0,0.20397726563651228,0.2601206454889342,-3.1714751030625896
SVN,2006,lnorm,corr,d,0.22494374544753007,0.007,0.2506778308613865,0.29528131297019444,-2.4804025302390817
SVN,2007,perm,orig,mawd,0.1389016494442146,0.0,0.1942075636355423,0.24060066168210337,-3.221435435922426
SVN,2007,perm,orig,d,0.21593903032136166,0.001,0.24594145257642394,0.28559903451228363,-2.7559598456075975
SVN,2007,perm,clean,mawd,0.13861836593120586,0.0,0.19388038873240862,0.24097895264123048,-3.1987281102345646
SVN,2007,perm,clean,d,0.20479606099391384,0.0,0.2417153786307671,0.28275695106942045,-2.975623944294208
SVN,2007,lnorm,orig,mawd,0.1389016494442146,0.0,0.20096437037430676,0.25603989931060195,-3.200021730918918
SVN,2007,lnorm,orig,d,0.21593903032136166,0.003,0.25135541164270475,0.29401663993008254,-2.796136729370987
SVN,2007,lnorm,clean,mawd,0.13861836593120586,0.0,0.20085874524826836,0.25633627328115827,-3.1868064009502137
SVN,2007,lnorm,clean,d,0.20479606099391384,0.001,0.2480101697869875,0.29075272270167907,-3.015833741868315
SVN,2007,perm,corr,mawd,0.1389016494442146,0.0,0.1942075636355423,0.24060066168210337,-3.221435435922426
SVN,2007,perm,corr,d,0.21593903032136166,0.001,0.24594145257642394,0.28559903451228363,-2.7559598456075975
SVN,2007,lnorm,corr,mawd,0.1389016494442146,0.0,0.20096437037430676,0.25603989931060195,-3.200021730918918
SVN,2007,lnorm,corr,d,0.21593903032136166,0.003,0.25135541164270475,0.29401663993008254,-2.796136729370987
SVN,2008,perm,orig,mawd,0.13810790989681482,0.0,0.19190143491643027,0.24112331623987815,-3.193294575900235
SVN,2008,perm,orig,d,0.21343396436196163,0.001,0.24153935656770942,0.2842178606982762,-2.655458563716214
SVN,2008,perm,clean,mawd,0.13769348752067345,0.0,0.1911369626316198,0.24107675938801754,-3.167114645188382
SVN,2008,perm,clean,d,0.20630555223508754,0.0,0.2405184562592835,0.282685869422273,-2.7913392851561634
SVN,2008,lnorm,orig,mawd,0.13810790989681482,0.0,0.20019268290123152,0.2563185064603277,-3.1756382424685126
SVN,2008,lnorm,orig,d,0.21343396436196163,0.003,0.24980652135774903,0.29237520343425816,-2.7806826108014957
SVN,2008,lnorm,clean,mawd,0.13769348752067345,0.0,0.1998335693440091,0.2568934342768804,-3.1599096237697517
SVN,2008,lnorm,clean,d,0.20630555223508754,0.001,0.24811608489871595,0.29095625819341675,-2.9309015185697276
SVN,2008,perm,corr,mawd,0.13810790989681482,0.0,0.19190143491643027,0.24112331623987815,-3.193294575900235
SVN,2008,perm,corr,d,0.21343396436196163,0.001,0.24153935656770942,0.2842178606982762,-2.655458563716214
SVN,2008,lnorm,corr,mawd,0.13810790989681482,0.0,0.20019268290123152,0.2563185064603277,-3.1756382424685126
SVN,2008,lnorm,corr,d,0.21343396436196163,0.003,0.24980652135774903,0.29237520343425816,-2.7806826108014957
SVN,2009,perm,orig,mawd,0.13740809025794207,0.0,0.1875349391715882,0.23747371713101245,-3.11767198750589
SVN,2009,perm,orig,d,0.2144913045815992,0.002,0.23749812322831124,0.27989648484967133,-2.3996195826454656
SVN,2009,perm,clean,mawd,0.1375204766270451,0.0,0.18708614213768407,0.23754429666331367,-3.0854097517007433
SVN,2009,perm,clean,d,0.2115988849792399,0.001,0.23415223852627712,0.27716027507767527,-2.2818843115791942
SVN,2009,lnorm,orig,mawd,0.13740809025794207,0.0,0.1988353602614006,0.25602580379011297,-3.179486741710959
SVN,2009,lnorm,orig,d,0.2144913045815992,0.005,0.24795000685579988,0.2900860249094454,-2.6281113778243714
SVN,2009,lnorm,clean,mawd,0.1375204766270451,0.0,0.1993133695894577,0.2562888948366462,-3.152872303835534
SVN,2009,lnorm,clean,d,0.2115988849792399,0.006,0.24252298732133246,0.28654955001647164,-2.5363667817715054
SVN,2009,perm,corr,mawd,0.13740809025794207,0.0,0.1875349391715882,0.23747371713101245,-3.11767198750589
SVN,2009,perm,corr,d,0.2144913045815992,0.002,0.23749812322831124,0.27989648484967133,-2.3996195826454656
SVN,2009,lnorm,corr,mawd,0.13740809025794207,0.0,0.1988353602614006,0.25602580379011297,-3.179486741710959
SVN,2009,lnorm,corr,d,0.2144913045815992,0.005,0.24795000685579988,0.2900860249094454,-2.6281113778243714
SVN,2010,perm,orig,mawd,0.13166636720253852,0.0,0.1981438236558928,0.24619922082636017,-3.7082676036396007
SVN,2010,perm,orig,d,0.20522388929345745,0.0,0.24504723009509397,0.28526700928626636,-3.083509832869517
SVN,2010,perm,clean,mawd,0.13185756761006642,0.0,0.19754141585194168,0.24672737357687685,-3.6680240588550825
SVN,2010,perm,clean,d,0.20564776081758532,0.0,0.2409529403203463,0.2835907783862526,-2.8864783854913547
SVN,2010,lnorm,orig,mawd,0.13166636720253852,0.0,0.20344378622859774,0.259261494075432,-3.545702890973617
SVN,2010,lnorm,orig,d,0.20522388929345745,0.0,0.251203621035396,0.29357155387475087,-3.0959374428315893
SVN,2010,lnorm,clean,mawd,0.13185756761006642,0.0,0.20320877214303792,0.2590314150814991,-3.5138254122742305
SVN,2010,lnorm,clean,d,0.20564776081758532,0.002,0.24757189916032707,0.29031686173481663,-2.9272332387977213
SVN,2010,perm,corr,mawd,0.13166636720253852,0.0,0.1981438236558928,0.24619922082636017,-3.7082676036396007
SVN,2010,perm,corr,d,0.20522388929345745,0.0,0.24504723009509397,0.28526700928626636,-3.083509832869517
SVN,2010,lnorm,corr,mawd,0.13166636720253852,0.0,0.20344378622859774,0.259261494075432,-3.545702890973617
SVN,2010,lnorm,corr,d,0.20522388929345745,0.0,0.251203621035396,0.29357155387475087,-3.0959374428315893
SVN,2011,perm,orig,mawd,0.1286743086313513,0.0,0.19611724373040357,0.24290805171833463,-3.9226264132727104
SVN,2011,perm,orig,d,0.19729428386838477,0.0,0.24547070940535476,0.2855208709414335,-3.4778829471866333
SVN,2011,perm,clean,mawd,0.12908093943447088,0.0,0.19611543265712994,0.24309302958491724,-3.874814111064247
SVN,2011,perm,clean,d,0.19543483922983035,0.0,0.23962572604679977,0.28173840352539176,-3.2852774535577574
SVN,2011,lnorm,orig,mawd,0.1286743086313513,0.0,0.2033620045744759,0.2582766258552734,-3.733263101436132
SVN,2011,lnorm,orig,d,0.19729428386838477,0.0,0.2522602419270616,0.29330619598374075,-3.457420803078609
SVN,2011,lnorm,clean,mawd,0.12908093943447088,0.0,0.20336885107121722,0.25848355735252226,-3.6917320316249906
SVN,2011,lnorm,clean,d,0.19543483922983035,0.0,0.24608266012217955,0.28848865250888245,-3.2739094158635975
SVN,2011,perm,corr,mawd,0.1286743086313513,0.0,0.19611724373040357,0.24290805171833463,-3.9226264132727104
SVN,2011,perm,corr,d,0.19729428386838477,0.0,0.24547070940535476,0.2855208709414335,-3.4778829471866333
SVN,2011,lnorm,corr,mawd,0.1286743086313513,0.0,0.2033620045744759,0.2582766258552734,-3.733263101436132
SVN,2011,lnorm,corr,d,0.19729428386838477,0.0,0.2522602419270616,0.29330619598374075,-3.457420803078609
SVN,2012,perm,orig,mawd,0.1300284423835567,0.0,0.1947425371212437,0.2404899723057886,-3.9415366738188333
SVN,2012,perm,orig,d,0.19770791291135975,0.0,0.24472013779109275,0.28450895751042693,-3.5365651461264385
SVN,2012,perm,clean,mawd,0.1304515175240337,0.0,0.1947381731264863,0.2406374551703741,-3.8927479876083773
SVN,2012,perm,clean,d,0.19081370502670583,0.0,0.23880074195017656,0.2788122930320164,-3.46306164143426
SVN,2012,lnorm,orig,mawd,0.1300284423835567,0.0,0.20255183350249,0.25472124435290733,-3.728752233640461
SVN,2012,lnorm,orig,d,0.19770791291135975,0.0,0.2503728199256926,0.29202135401825347,-3.5065142270651672
SVN,2012,lnorm,clean,mawd,0.1304515175240337,0.0,0.20263328988800236,0.2546773126518948,-3.687447537336906
SVN,2012,lnorm,clean,d,0.19081370502670583,0.0,0.242871417948438,0.28649027776909153,-3.43457770068671
SVN,2012,perm,corr,mawd,0.1300284423835567,0.0,0.1947425371212437,0.2404899723057886,-3.9415366738188333
SVN,2012,perm,corr,d,0.19770791291135975,0.0,0.24472013779109275,0.28450895751042693,-3.5365651461264385
SVN,2012,lnorm,corr,mawd,0.1300284423835567,0.0,0.20255183350249,0.25472124435290733,-3.728752233640461
SVN,2012,lnorm,corr,d,0.19770791291135975,0.0,0.2503728199256926,0.29202135401825347,-3.5065142270651672
SVN,2013,perm,orig,mawd,0.13256624410355491,0.0,0.19026386790673244,0.23411748221790513,-3.7687738328951763
SVN,2013,perm,orig,d,0.18759121949094903,0.0,0.23474915493698204,0.27369949605043453,-3.6327000748752636
SVN,2013,perm,clean,mawd,0.1328006636066021,0.0,0.19019817636665778,0.23454796096762676,-3.7301542559332543
SVN,2013,perm,clean,d,0.18421803642388795,0.0,0.23090325800058747,0.27023469220958213,-3.515957021712708
SVN,2013,lnorm,orig,mawd,0.13256624410355491,0.0,0.1981434568199879,0.24711441564470732,-3.5986969993462177
SVN,2013,lnorm,orig,d,0.18759121949094903,0.0,0.240627706045271,0.28106461488858914,-3.5929215312571245
SVN,2013,lnorm,clean,mawd,0.1328006636066021,0.0,0.1982671384056488,0.24726295282232974,-3.5679021237942132
SVN,2013,lnorm,clean,d,0.18421803642388795,0.0,0.23553243987903993,0.27746952413564163,-3.4791557547435277
SVN,2013,perm,corr,mawd,0.13256624410355491,0.0,0.19026386790673244,0.23411748221790513,-3.7687738328951763
SVN,2013,perm,corr,d,0.18759121949094903,0.0,0.23474915493698204,0.27369949605043453,-3.6327000748752636
SVN,2013,lnorm,corr,mawd,0.13256624410355491,0.0,0.1981434568199879,0.24711441564470732,-3.5986969993462177
SVN,2013,lnorm,corr,d,0.18759121949094903,0.0,0.240627706045271,0.28106461488858914,-3.5929215312571245
SVN,2014,perm,orig,mawd,0.13777037751767002,0.0,0.1945225123463361,0.23844589461266572,-3.6430011071754724
SVN,2014,perm,orig,d,0.1838175085365856,0.0,0.23873515849036264,0.2739926638343706,-3.987059696651454
SVN,2014,perm,clean,mawd,0.13805631261493068,0.0,0.19335560715154546,0.2381418924472888,-3.6007877357719584
SVN,2014,perm,clean,d,0.18275903876746555,0.0,0.23416479871708443,0.27019470391555034,-3.766785034390185
SVN,2014,lnorm,orig,mawd,0.13777037751767002,0.0,0.19998790090523208,0.2496660847582332,-3.4573597221704206
SVN,2014,lnorm,orig,d,0.1838175085365856,0.0,0.24084880981288842,0.28190457501488175,-3.767277843193924
SVN,2014,lnorm,clean,mawd,0.13805631261493068,0.0,0.19987345536902212,0.24982126420889533,-3.427351666287579
SVN,2014,lnorm,clean,d,0.18275903876746555,0.0,0.2364389191031813,0.27841305317265697,-3.5789093237427574
SVN,2014,perm,corr,mawd,0.13777037751767002,0.0,0.1945225123463361,0.23844589461266572,-3.6430011071754724
SVN,2014,perm,corr,d,0.1838175085365856,0.0,0.23873515849036264,0.2739926638343706,-3.987059696651454
SVN,2014,lnorm,corr,mawd,0.13777037751767002,0.0,0.19998790090523208,0.2496660847582332,-3.4573597221704206
SVN,2014,lnorm,corr,d,0.1838175085365856,0.0,0.24084880981288842,0.28190457501488175,-3.767277843193924
SWE,2000,perm,orig,mawd,,0.0,,,
SWE,2000,perm,orig,d,,0.0,,,
SWE,2000,perm,clean,mawd,,0.0,,,
SWE,2000,perm,clean,d,,0.0,,,
SWE,2000,lnorm,orig,mawd,,0.0,0.23866443107323934,0.311053785820999,
SWE,2000,lnorm,orig,d,,0.0,0.298665400035539,0.3920374278904875,
SWE,2000,lnorm,clean,mawd,,0.0,0.23573712319271192,0.3096796813369539,
SWE,2000,lnorm,clean,d,,0.0,0.29693513529552884,0.39274246912901417,
SWE,2000,perm,corr,mawd,,0.0,,,
SWE,2000,perm,corr,d,,0.0,,,
SWE,2000,lnorm,corr,mawd,,0.0,0.23866443107323934,0.311053785820999,
SWE,2000,lnorm,corr,d,,0.0,0.298665400035539,0.3920374278904875,
SWE,2001,perm,orig,mawd,,0.0,,,
SWE,2001,perm,orig,d,,0.0,,,
SWE,2001,perm,clean,mawd,,0.0,,,
SWE,2001,perm,clean,d,,0.0,,,
SWE,2001,lnorm,orig,mawd,,0.0,0.23563607785372453,0.307137004063645,
SWE,2001,lnorm,orig,d,,0.0,0.2972884875763134,0.39063495663665493,
SWE,2001,lnorm,clean,mawd,,0.0,0.2340580917058231,0.3066914868521998,
SWE,2001,lnorm,clean,d,,0.0,0.2950336114468989,0.39032197229702237,
SWE,2001,perm,corr,mawd,,0.0,,,
SWE,2001,perm,corr,d,,0.0,,,
SWE,2001,lnorm,corr,mawd,,0.0,0.23563607785372453,0.307137004063645,
SWE,2001,lnorm,corr,d,,0.0,0.2972884875763134,0.39063495663665493,
SWE,2002,perm,orig,mawd,,0.0,,,
SWE,2002,perm,orig,d,,0.0,,,
SWE,2002,perm,clean,mawd,,0.0,,,
SWE,2002,perm,clean,d,,0.0,,,
SWE,2002,lnorm,orig,mawd,,0.0,0.23475118820760235,0.3065281164848114,
SWE,2002,lnorm,orig,d,,0.0,0.2946895420672284,0.3857166315080732,
SWE,2002,lnorm,clean,mawd,,0.0,0.23301202901853804,0.30551502465883845,
SWE,2002,lnorm,clean,d,,0.0,0.29136880435882473,0.38317416508086216,
SWE,2002,perm,corr,mawd,,0.0,,,
SWE,2002,perm,corr,d,,0.0,,,
SWE,2002,lnorm,corr,mawd,,0.0,0.23475118820760235,0.3065281164848114,
SWE,2002,lnorm,corr,d,,0.0,0.2946895420672284,0.3857166315080732,
SWE,2003,perm,orig,mawd,,0.0,,,
SWE,2003,perm,orig,d,,0.0,,,
SWE,2003,perm,clean,mawd,,0.0,,,
SWE,2003,perm,clean,d,,0.0,,,
SWE,2003,lnorm,orig,mawd,,0.0,0.23588884216084544,0.3109884433702259,
SWE,2003,lnorm,orig,d,,0.0,0.2947887776361838,0.384427838383522,
SWE,2003,lnorm,clean,mawd,,0.0,0.23302074267464715,0.30821420968785923,
SWE,2003,lnorm,clean,d,,0.0,0.2910594965527569,0.3833147398641545,
SWE,2003,perm,corr,mawd,,0.0,,,
SWE,2003,perm,corr,d,,0.0,,,
SWE,2003,lnorm,corr,mawd,,0.0,0.23588884216084544,0.3109884433702259,
SWE,2003,lnorm,corr,d,,0.0,0.2947887776361838,0.384427838383522,
SWE,2004,perm,orig,mawd,,0.0,,,
SWE,2004,perm,orig,d,,0.0,,,
SWE,2004,perm,clean,mawd,,0.0,,,
SWE,2004,perm,clean,d,,0.0,,,
SWE,2004,lnorm,orig,mawd,,0.0,0.24503064733019142,0.3181925171417383,
SWE,2004,lnorm,orig,d,,0.0,0.30111908529036757,0.39246434015745063,
SWE,2004,lnorm,clean,mawd,,0.0,0.24115089493599662,0.31683232662962946,
SWE,2004,lnorm,clean,d,,0.0,0.29625805879561384,0.391623005011552,
SWE,2004,perm,corr,mawd,,0.0,,,
SWE,2004,perm,corr,d,,0.0,,,
SWE,2004,lnorm,corr,mawd,,0.0,0.24503064733019142,0.3181925171417383,
SWE,2004,lnorm,corr,d,,0.0,0.30111908529036757,0.39246434015745063,
SWE,2005,perm,orig,mawd,,0.0,,,
SWE,2005,perm,orig,d,,0.0,,,
SWE,2005,perm,clean,mawd,,0.0,,,
SWE,2005,perm,clean,d,,0.0,,,
SWE,2005,lnorm,orig,mawd,,0.0,0.2473377181452046,0.3226341668051316,
SWE,2005,lnorm,orig,d,,0.0,0.2998196437245889,0.394585157232778,
SWE,2005,lnorm,clean,mawd,,0.0,0.2438775597129641,0.32131217938507917,
SWE,2005,lnorm,clean,d,,0.0,0.29677659827819963,0.3918380495808663,
SWE,2005,perm,corr,mawd,,0.0,,,
SWE,2005,perm,corr,d,,0.0,,,
SWE,2005,lnorm,corr,mawd,,0.0,0.2473377181452046,0.3226341668051316,
SWE,2005,lnorm,corr,d,,0.0,0.2998196437245889,0.394585157232778,
SWE,2006,perm,orig,mawd,,0.0,,,
SWE,2006,perm,orig,d,,0.0,,,
SWE,2006,perm,clean,mawd,,0.0,,,
SWE,2006,perm,clean,d,,0.0,,,
SWE,2006,lnorm,orig,mawd,,0.0,0.24996204432939245,0.32671286341131645,
SWE,2006,lnorm,orig,d,,0.0,0.3066234592246108,0.3988059716930946,
SWE,2006,lnorm,clean,mawd,,0.0,0.24581542258007477,0.32524630134298105,
SWE,2006,lnorm,clean,d,,0.0,0.3017128084179536,0.3965407757693338,
SWE,2006,perm,corr,mawd,,0.0,,,
SWE,2006,perm,corr,d,,0.0,,,
SWE,2006,lnorm,corr,mawd,,0.0,0.24996204432939245,0.32671286341131645,
SWE,2006,lnorm,corr,d,,0.0,0.3066234592246108,0.3988059716930946,
SWE,2007,perm,orig,mawd,,0.0,,,
SWE,2007,perm,orig,d,,0.0,,,
SWE,2007,perm,clean,mawd,,0.0,,,
SWE,2007,perm,clean,d,,0.0,,,
SWE,2007,lnorm,orig,mawd,,0.0,0.24458522304983799,0.31854374281518216,
SWE,2007,lnorm,orig,d,,0.0,0.3033408434416785,0.3976286610168461,
SWE,2007,lnorm,clean,mawd,,0.0,0.2409171367028688,0.31795424577790454,
SWE,2007,lnorm,clean,d,,0.0,0.2979691321275301,0.3936842409881556,
SWE,2007,perm,corr,mawd,,0.0,,,
SWE,2007,perm,corr,d,,0.0,,,
SWE,2007,lnorm,corr,mawd,,0.0,0.24458522304983799,0.31854374281518216,
SWE,2007,lnorm,corr,d,,0.0,0.3033408434416785,0.3976286610168461,
SWE,2008,perm,orig,mawd,,0.0,,,
SWE,2008,perm,orig,d,,0.0,,,
SWE,2008,perm,clean,mawd,,0.0,,,
SWE,2008,perm,clean,d,,0.0,,,
SWE,2008,lnorm,orig,mawd,,0.0,0.24490106086408203,0.31890766107009627,
SWE,2008,lnorm,orig,d,,0.0,0.3054946206144784,0.40365412290784497,
SWE,2008,lnorm,clean,mawd,,0.0,0.24245171118408027,0.31915248891713105,
SWE,2008,lnorm,clean,d,,0.0,0.2997145822661909,0.4004304174762873,
SWE,2008,perm,corr,mawd,,0.0,,,
SWE,2008,perm,corr,d,,0.0,,,
SWE,2008,lnorm,corr,mawd,,0.0,0.24490106086408203,0.31890766107009627,
SWE,2008,lnorm,corr,d,,0.0,0.3054946206144784,0.40365412290784497,
SWE,2009,perm,orig,mawd,,0.0,,,
SWE,2009,perm,orig,d,,0.0,,,
SWE,2009,perm,clean,mawd,,0.0,,,
SWE,2009,perm,clean,d,,0.0,,,
SWE,2009,lnorm,orig,mawd,,0.0,0.24718946603033626,0.3242774864778289,
SWE,2009,lnorm,orig,d,,0.0,0.3066512216401918,0.4055648141879659,
SWE,2009,lnorm,clean,mawd,,0.0,0.24706591537474487,0.32444619916692596,
SWE,2009,lnorm,clean,d,,0.0,0.3037488146475852,0.4076842495093168,
SWE,2009,perm,corr,mawd,,0.0,,,
SWE,2009,perm,corr,d,,0.0,,,
SWE,2009,lnorm,corr,mawd,,0.0,0.24718946603033626,0.3242774864778289,
SWE,2009,lnorm,corr,d,,0.0,0.3066512216401918,0.4055648141879659,
SWE,2010,perm,orig,mawd,,0.0,,,
SWE,2010,perm,orig,d,,0.0,,,
SWE,2010,perm,clean,mawd,,0.0,,,
SWE,2010,perm,clean,d,,0.0,,,
SWE,2010,lnorm,orig,mawd,,0.0,0.25238766433917387,0.3303179511582031,
SWE,2010,lnorm,orig,d,,0.0,0.31070778598320653,0.4053476783409811,
SWE,2010,lnorm,clean,mawd,,0.0,0.2513979281951196,0.32947333763443276,
SWE,2010,lnorm,clean,d,,0.0,0.307811867019906,0.4049069141959574,
SWE,2010,perm,corr,mawd,,0.0,,,
SWE,2010,perm,corr,d,,0.0,,,
SWE,2010,lnorm,corr,mawd,,0.0,0.25238766433917387,0.3303179511582031,
SWE,2010,lnorm,corr,d,,0.0,0.31070778598320653,0.4053476783409811,
SWE,2011,perm,orig,mawd,,0.0,,,
SWE,2011,perm,orig,d,,0.0,,,
SWE,2011,perm,clean,mawd,,0.0,,,
SWE,2011,perm,clean,d,,0.0,,,
SWE,2011,lnorm,orig,mawd,,0.0,0.25481778701688934,0.3305348423369717,
SWE,2011,lnorm,orig,d,,0.0,0.3103862129334776,0.40764492530421365,
SWE,2011,lnorm,clean,mawd,,0.0,0.2507327954933404,0.3304569669945292,
SWE,2011,lnorm,clean,d,,0.0,0.3070509306290176,0.4073663234529032,
SWE,2011,perm,corr,mawd,,0.0,,,
SWE,2011,perm,corr,d,,0.0,,,
SWE,2011,lnorm,corr,mawd,,0.0,0.25481778701688934,0.3305348423369717,
SWE,2011,lnorm,corr,d,,0.0,0.3103862129334776,0.40764492530421365,
SWE,2012,perm,orig,mawd,,0.0,,,
SWE,2012,perm,orig,d,,0.0,,,
SWE,2012,perm,clean,mawd,,0.0,,,
SWE,2012,perm,clean,d,,0.0,,,
SWE,2012,lnorm,orig,mawd,,0.0,0.2569856214260044,0.33436556265511824,
SWE,2012,lnorm,orig,d,,0.0,0.30881931334850443,0.406949788208546,
SWE,2012,lnorm,clean,mawd,,0.0,0.2542614158741193,0.3340119586537621,
SWE,2012,lnorm,clean,d,,0.0,0.306300306914182,0.40826051264919416,
SWE,2012,perm,corr,mawd,,0.0,,,
SWE,2012,perm,corr,d,,0.0,,,
SWE,2012,lnorm,corr,mawd,,0.0,0.2569856214260044,0.33436556265511824,
SWE,2012,lnorm,corr,d,,0.0,0.30881931334850443,0.406949788208546,
SWE,2013,perm,orig,mawd,,0.0,,,
SWE,2013,perm,orig,d,,0.0,,,
SWE,2013,perm,clean,mawd,,0.0,,,
SWE,2013,perm,clean,d,,0.0,,,
SWE,2013,lnorm,orig,mawd,,0.0,0.25909257938728725,0.33698889985486147,
SWE,2013,lnorm,orig,d,,0.0,0.31177605963366734,0.4089887578294328,
SWE,2013,lnorm,clean,mawd,,0.0,0.256424362635354,0.33599788618260107,
SWE,2013,lnorm,clean,d,,0.0,0.3090962580749563,0.4116435338198912,
SWE,2013,perm,corr,mawd,,0.0,,,
SWE,2013,perm,corr,d,,0.0,,,
SWE,2013,lnorm,corr,mawd,,0.0,0.25909257938728725,0.33698889985486147,
SWE,2013,lnorm,corr,d,,0.0,0.31177605963366734,0.4089887578294328,
SWE,2014,perm,orig,mawd,,0.0,,,
SWE,2014,perm,orig,d,,0.0,,,
SWE,2014,perm,clean,mawd,,0.0,,,
SWE,2014,perm,clean,d,,0.0,,,
SWE,2014,lnorm,orig,mawd,,0.0,0.2578281490644144,0.3363039286823894,
SWE,2014,lnorm,orig,d,,0.0,0.31036679046909,0.4078736588481793,
SWE,2014,lnorm,clean,mawd,,0.0,0.2549548339406665,0.3354944953144459,
SWE,2014,lnorm,clean,d,,0.0,0.30801152815820093,0.409754493259131,
SWE,2014,perm,corr,mawd,,0.0,,,
SWE,2014,perm,corr,d,,0.0,,,
SWE,2014,lnorm,corr,mawd,,0.0,0.2578281490644144,0.3363039286823894,
SWE,2014,lnorm,corr,d,,0.0,0.31036679046909,0.4078736588481793,
TWN,2000,perm,orig,mawd,0.37039170910158553,0.195,0.3156356513272515,0.44156276373165404,-0.8067790434129918
TWN,2000,perm,orig,d,0.434825998200659,0.511,0.36412578426723674,0.43353814618443687,-0.14965417234321704
TWN,2000,perm,clean,mawd,0.37719738736579805,0.221,0.31160190557433415,0.44604546121005484,-0.7569388374474655
TWN,2000,perm,clean,d,0.4405429274308675,0.533,0.36133241724709775,0.4365940598179607,-0.08763229125927953
TWN,2000,lnorm,orig,mawd,0.37039170910158553,0.174,0.3191988828519437,0.4615903503446367,-0.8686860575445957
TWN,2000,lnorm,orig,d,0.434825998200659,0.435,0.36822519426994643,0.44202591767240285,-0.2538867818245963
TWN,2000,lnorm,clean,mawd,0.37719738736579805,0.191,0.3150761431430634,0.4656552863389508,-0.8185555196586837
TWN,2000,lnorm,clean,d,0.4405429274308675,0.472,0.36470743845162773,0.4446217826910388,-0.181566421256104
TWN,2000,perm,corr,mawd,0.37039170910158553,0.195,0.3156356513272515,0.44156276373165404,-0.8067790434129918
TWN,2000,perm,corr,d,0.434825998200659,0.511,0.36412578426723674,0.43353814618443687,-0.14965417234321704
TWN,2000,lnorm,corr,mawd,0.37039170910158553,0.174,0.3191988828519437,0.4615903503446367,-0.8686860575445957
TWN,2000,lnorm,corr,d,0.434825998200659,0.435,0.36822519426994643,0.44202591767240285,-0.2538867818245963
TWN,2001,perm,orig,mawd,0.38531317478996824,0.202,0.3244925155626623,0.4587598403097053,-0.7942462525396209
TWN,2001,perm,orig,d,0.431829706880649,0.428,0.3700423231281168,0.4412463504376095,-0.3323696150553769
TWN,2001,perm,clean,mawd,0.3925737893866087,0.225,0.3252877889575361,0.46318218183874627,-0.7491261180615431
TWN,2001,perm,clean,d,0.43732365709667015,0.463,0.36570761347824754,0.4414012269186648,-0.2280110645018959
TWN,2001,lnorm,orig,mawd,0.38531317478996824,0.177,0.33003262740191497,0.47776318104892296,-0.8687519032403693
TWN,2001,lnorm,orig,d,0.431829706880649,0.359,0.3733974368157291,0.4505576056213141,-0.4385742907882092
TWN,2001,lnorm,clean,mawd,0.3925737893866087,0.191,0.32873662970650125,0.4831878236370728,-0.8233549020752963
TWN,2001,lnorm,clean,d,0.43732365709667015,0.414,0.36826611113929497,0.4493748863097746,-0.3198071019467689
TWN,2001,perm,corr,mawd,0.38531317478996824,0.202,0.3244925155626623,0.4587598403097053,-0.7942462525396209
TWN,2001,perm,corr,d,0.431829706880649,0.428,0.3700423231281168,0.4412463504376095,-0.3323696150553769
TWN,2001,lnorm,corr,mawd,0.38531317478996824,0.177,0.33003262740191497,0.47776318104892296,-0.8687519032403693
TWN,2001,lnorm,corr,d,0.431829706880649,0.359,0.3733974368157291,0.4505576056213141,-0.4385742907882092
TWN,2002,perm,orig,mawd,0.3590268342699239,0.158,0.3138128583644649,0.4442240255508265,-0.9166560932432171
TWN,2002,perm,orig,d,0.41767418291766045,0.377,0.36518760145503393,0.43448425083927056,-0.4423690231825221
TWN,2002,perm,clean,mawd,0.36320304249702423,0.174,0.3162882001954435,0.44780200317674035,-0.8872016718469213
TWN,2002,perm,clean,d,0.42235404267863824,0.419,0.36066831538032584,0.43390336007630403,-0.33885825519052337
TWN,2002,lnorm,orig,mawd,0.3590268342699239,0.123,0.32194554631703903,0.4625926874393551,-0.9703204748233416
TWN,2002,lnorm,orig,d,0.41767418291766045,0.317,0.36731349135772906,0.440872082300609,-0.5275623102114005
TWN,2002,lnorm,clean,mawd,0.36320304249702423,0.138,0.31745846441186254,0.4664659672958923,-0.9383588137536232
TWN,2002,lnorm,clean,d,0.42235404267863824,0.377,0.3596714297159591,0.4402872171254685,-0.4138835869704401
TWN,2002,perm,corr,mawd,0.3590268342699239,0.158,0.3138128583644649,0.4442240255508265,-0.9166560932432171
TWN,2002,perm,corr,d,0.41767418291766045,0.377,0.36518760145503393,0.43448425083927056,-0.4423690231825221
TWN,2002,lnorm,corr,mawd,0.3590268342699239,0.123,0.32194554631703903,0.4625926874393551,-0.9703204748233416
TWN,2002,lnorm,corr,d,0.41767418291766045,0.317,0.36731349135772906,0.440872082300609,-0.5275623102114005
TWN,2003,perm,orig,mawd,0.34879223607622867,0.116,0.3223292276535911,0.448262258227795,-1.059480654835337
TWN,2003,perm,orig,d,0.4120014317644614,0.299,0.3712026713455657,0.43751241364963017,-0.6059394414078897
TWN,2003,perm,clean,mawd,0.354242213277864,0.127,0.324299475407868,0.45128706803337293,-1.0172199964286839
TWN,2003,perm,clean,d,0.4145068761846008,0.345,0.3650948808871171,0.43695821136070856,-0.5225552342722495
TWN,2003,lnorm,orig,mawd,0.34879223607622867,0.091,0.32801700956629937,0.4644930413340226,-1.0816519560408135
TWN,2003,lnorm,orig,d,0.4120014317644614,0.25,0.37175031706728917,0.4437715296052154,-0.6956884543147891
TWN,2003,lnorm,clean,mawd,0.354242213277864,0.106,0.3264523136906946,0.46751641668945376,-1.037711042314583
TWN,2003,lnorm,clean,d,0.4145068761846008,0.291,0.3650892331758311,0.4428874015416464,-0.6070816914794431
TWN,2003,perm,corr,mawd,0.34879223607622867,0.116,0.3223292276535911,0.448262258227795,-1.059480654835337
TWN,2003,perm,corr,d,0.4120014317644614,0.299,0.3712026713455657,0.43751241364963017,-0.6059394414078897
TWN,2003,lnorm,corr,mawd,0.34879223607622867,0.091,0.32801700956629937,0.4644930413340226,-1.0816519560408135
TWN,2003,lnorm,corr,d,0.4120014317644614,0.25,0.37175031706728917,0.4437715296052154,-0.6956884543147891
TWN,2004,perm,orig,mawd,0.3158679175833746,0.056,0.3132892240632711,0.4335141858667307,-1.3154990240093754
TWN,2004,perm,orig,d,0.39844473281752785,0.183,0.37185591058238177,0.43829692876163673,-0.9039743881130112
TWN,2004,perm,clean,mawd,0.32008148773581435,0.062,0.31490039968800193,0.44090985539321276,-1.2821781708633377
TWN,2004,perm,clean,d,0.3998562937307241,0.207,0.3687202670803798,0.4391606039425695,-0.8518324765304017
TWN,2004,lnorm,orig,mawd,0.3158679175833746,0.046,0.3172675198861675,0.45012969346348797,-1.2852137061830462
TWN,2004,lnorm,orig,d,0.39844473281752785,0.162,0.3723735266285889,0.44368594380214577,-0.9622713030914515
TWN,2004,lnorm,clean,mawd,0.32008148773581435,0.053,0.3170744050306559,0.4553159180740406,-1.2474350629826199
TWN,2004,lnorm,clean,d,0.3998562937307241,0.18,0.36801702663281227,0.4447743942698843,-0.9082147358963862
TWN,2004,perm,corr,mawd,0.3158679175833746,0.056,0.3132892240632711,0.4335141858667307,-1.3154990240093754
TWN,2004,perm,corr,d,0.39844473281752785,0.183,0.37185591058238177,0.43829692876163673,-0.9039743881130112
TWN,2004,lnorm,corr,mawd,0.3158679175833746,0.046,0.3172675198861675,0.45012969346348797,-1.2852137061830462
TWN,2004,lnorm,corr,d,0.39844473281752785,0.162,0.3723735266285889,0.44368594380214577,-0.9622713030914515
TWN,2005,perm,orig,mawd,0.3079685525008174,0.046,0.31328188512834926,0.4365352338319833,-1.4103978363109062
TWN,2005,perm,orig,d,0.38264336748050165,0.08,0.3740320688049935,0.44272904602827956,-1.2448566371438692
TWN,2005,perm,clean,mawd,0.3150564805473623,0.048,0.3168355356933914,0.4432852527919656,-1.3568522499309272
TWN,2005,perm,clean,d,0.3865838935287984,0.115,0.37013115725759804,0.44319783138261504,-1.1293088444360648
TWN,2005,lnorm,orig,mawd,0.3079685525008174,0.031,0.32763293133280874,0.46609008591362705,-1.4064598961545012
TWN,2005,lnorm,orig,d,0.38264336748050165,0.06,0.38039872415312886,0.4517625098709282,-1.4130532026881337
TWN,2005,lnorm,clean,mawd,0.3150564805473623,0.04,0.3253803206857883,0.4712054218678543,-1.348438895513565
TWN,2005,lnorm,clean,d,0.3865838935287984,0.077,0.37689518650044523,0.4522494520452711,-1.3013201303217772
TWN,2005,perm,corr,mawd,0.3079685525008174,0.046,0.31328188512834926,0.4365352338319833,-1.4103978363109062
TWN,2005,perm,corr,d,0.38264336748050165,0.08,0.3740320688049935,0.44272904602827956,-1.2448566371438692
TWN,2005,lnorm,corr,mawd,0.3079685525008174,0.031,0.32763293133280874,0.46609008591362705,-1.4064598961545012
TWN,2005,lnorm,corr,d,0.38264336748050165,0.06,0.38039872415312886,0.4517625098709282,-1.4130532026881337
TWN,2006,perm,orig,mawd,0.2908746805579116,0.016,0.3175853093556796,0.4410198469159548,-1.619539055938126
TWN,2006,perm,orig,d,0.3797823542877084,0.028,0.391476201290793,0.4681971296602586,-1.7462434002410188
TWN,2006,perm,clean,mawd,0.3040766145390527,0.03,0.31590105327977763,0.44757019880303406,-1.4666383477080267
TWN,2006,perm,clean,d,0.3852150698194929,0.055,0.38366270108024897,0.4638957914038011,-1.471524643957157
TWN,2006,lnorm,orig,mawd,0.2908746805579116,0.009,0.33774028217255286,0.48059887334595286,-1.6117767523462798
TWN,2006,lnorm,orig,d,0.3797823542877084,0.014,0.4075475219008964,0.47872308730346097,-2.081350708088076
TWN,2006,lnorm,clean,mawd,0.3040766145390527,0.019,0.3383787869819546,0.4892406335033389,-1.4787100893076046
TWN,2006,lnorm,clean,d,0.3852150698194929,0.029,0.3973183625467097,0.47580806775984824,-1.7855425088216297
TWN,2006,perm,corr,mawd,0.2908746805579116,0.016,0.3175853093556796,0.4410198469159548,-1.619539055938126
TWN,2006,perm,corr,d,0.3797823542877084,0.028,0.391476201290793,0.4681971296602586,-1.7462434002410188
TWN,2006,lnorm,corr,mawd,0.2908746805579116,0.009,0.33774028217255286,0.48059887334595286,-1.6117767523462798
TWN,2006,lnorm,corr,d,0.3797823542877084,0.014,0.4075475219008964,0.47872308730346097,-2.081350708088076
TWN,2007,perm,orig,mawd,0.2858892402158949,0.019,0.3067173244915787,0.42749591748298854,-1.5746180625202901
TWN,2007,perm,orig,d,0.3879870083653322,0.065,0.3793334451880462,0.45503461618000735,-1.3930821716418729
TWN,2007,perm,clean,mawd,0.29735837055511677,0.033,0.30824174937715076,0.43453485779689516,-1.4412898791911284
TWN,2007,perm,clean,d,0.3922873577738376,0.115,0.3731322158611604,0.45006323731666514,-1.1604978365860381
TWN,2007,lnorm,orig,mawd,0.2858892402158949,0.013,0.32274134720743286,0.4583974621236005,-1.567263334691077
TWN,2007,lnorm,orig,d,0.3879870083653322,0.042,0.39309384333615766,0.4638351636626754,-1.6242061705428454
TWN,2007,lnorm,clean,mawd,0.29735837055511677,0.025,0.3198492656845979,0.4691271281102229,-1.449305781836076
TWN,2007,lnorm,clean,d,0.3922873577738376,0.075,0.38219213859541,0.4606698082988724,-1.3770632420117568
TWN,2007,perm,corr,mawd,0.2858892402158949,0.019,0.3067173244915787,0.42749591748298854,-1.5746180625202901
TWN,2007,perm,corr,d,0.3879870083653322,0.065,0.3793334451880462,0.45503461618000735,-1.3930821716418729
TWN,2007,lnorm,corr,mawd,0.2858892402158949,0.013,0.32274134720743286,0.4583974621236005,-1.567263334691077
TWN,2007,lnorm,corr,d,0.3879870083653322,0.042,0.39309384333615766,0.4638351636626754,-1.6242061705428454
TWN,2008,perm,orig,mawd,0.2668936374745001,0.005,0.313729923806938,0.432326505347021,-1.8676129937920942
TWN,2008,perm,orig,d,0.3746671370733567,0.022,0.389096476340173,0.4626429971132622,-1.792743368675446
TWN,2008,perm,clean,mawd,0.28438242282639775,0.015,0.3141826971918899,0.43539222111210085,-1.6221852642375634
TWN,2008,perm,clean,d,0.37930917331858105,0.065,0.3746498030736633,0.4515746733734056,-1.4065658045442928
TWN,2008,lnorm,orig,mawd,0.2668936374745001,0.002,0.3296289455180523,0.4745766155223937,-1.843894043580269
TWN,2008,lnorm,orig,d,0.3746671370733567,0.008,0.40591763113349727,0.47547662968917864,-2.186104465443249
TWN,2008,lnorm,clean,mawd,0.28438242282639775,0.011,0.33374296272569803,0.48261906989462966,-1.6363794295417313
TWN,2008,lnorm,clean,d,0.37930917331858105,0.032,0.3909798191506555,0.4657345457269375,-1.7721077714350046
TWN,2008,perm,corr,mawd,0.2668936374745001,0.005,0.313729923806938,0.432326505347021,-1.8676129937920942
TWN,2008,perm,corr,d,0.3746671370733567,0.022,0.389096476340173,0.4626429971132622,-1.792743368675446
TWN,2008,lnorm,corr,mawd,0.2668936374745001,0.002,0.3296289455180523,0.4745766155223937,-1.843894043580269
TWN,2008,lnorm,corr,d,0.3746671370733567,0.008,0.40591763113349727,0.47547662968917864,-2.186104465443249
TWN,2009,perm,orig,mawd,0.27551487879938663,0.01,0.30135789293501514,0.415965349464231,-1.6892485333559295
TWN,2009,perm,orig,d,0.35390034355774136,0.023,0.366619767392356,0.43759188126978665,-1.8307896041920202
TWN,2009,perm,clean,mawd,0.2829729236257177,0.016,0.30316843214690337,0.42037907984475353,-1.5940181093540178
TWN,2009,perm,clean,d,0.35406176475196427,0.038,0.36144423051977187,0.43298412910972783,-1.6359057536400012
TWN,2009,lnorm,orig,mawd,0.27551487879938663,0.007,0.3162470764201766,0.4484168596550222,-1.6670241748555914
TWN,2009,lnorm,orig,d,0.35390034355774136,0.015,0.3788033199980119,0.4441356554225479,-2.0874574866957563
TWN,2009,lnorm,clean,mawd,0.2829729236257177,0.011,0.3172136569950069,0.4542727200177713,-1.5792398696851209
TWN,2009,lnorm,clean,d,0.35406176475196427,0.023,0.36933459547499015,0.4398186189311366,-1.878146779475285
TWN,2009,perm,corr,mawd,0.27551487879938663,0.01,0.30135789293501514,0.415965349464231,-1.6892485333559295
TWN,2009,perm,corr,d,0.35390034355774136,0.023,0.366619767392356,0.43759188126978665,-1.8307896041920202
TWN,2009,lnorm,corr,mawd,0.27551487879938663,0.007,0.3162470764201766,0.4484168596550222,-1.6670241748555914
TWN,2009,lnorm,corr,d,0.35390034355774136,0.015,0.3788033199980119,0.4441356554225479,-2.0874574866957563
TWN,2010,perm,orig,mawd,0.2561334190385695,0.007,0.288008514894871,0.39917843643435946,-1.7230250580033477
TWN,2010,perm,orig,d,0.3450950455032418,0.014,0.3642777048046465,0.43395756298725235,-2.0187063590074885
TWN,2010,perm,clean,mawd,0.26199371569023094,0.008,0.2892047082635097,0.40257538473822774,-1.6545386194985725
TWN,2010,perm,clean,d,0.3411338303802314,0.017,0.3612468729020912,0.4318311760114073,-1.9533844744113809
TWN,2010,lnorm,orig,mawd,0.2561334190385695,0.008,0.29740722695114885,0.4261357481005372,-1.6922146552641146
TWN,2010,lnorm,orig,d,0.3450950455032418,0.007,0.3761348307416845,0.4407274700457332,-2.216384808291056
TWN,2010,lnorm,clean,mawd,0.26199371569023094,0.011,0.300213258837886,0.43000980998834865,-1.627868929589607
TWN,2010,lnorm,clean,d,0.3411338303802314,0.012,0.36770327499366084,0.4375760179042323,-2.1306165565478676
TWN,2010,perm,corr,mawd,0.2561334190385695,0.007,0.288008514894871,0.39917843643435946,-1.7230250580033477
TWN,2010,perm,corr,d,0.3450950455032418,0.014,0.3642777048046465,0.43395756298725235,-2.0187063590074885
TWN,2010,lnorm,corr,mawd,0.2561334190385695,0.008,0.29740722695114885,0.4261357481005372,-1.6922146552641146
TWN,2010,lnorm,corr,d,0.3450950455032418,0.007,0.3761348307416845,0.4407274700457332,-2.216384808291056
TWN,2011,perm,orig,mawd,0.24533516532389085,0.004,0.2969699414512027,0.41377219443887686,-2.00952080577022
TWN,2011,perm,orig,d,0.33838460011191784,0.004,0.37984395082688605,0.4492584990744939,-2.4351728867930014
TWN,2011,perm,clean,mawd,0.2588803925593028,0.007,0.29783479075354774,0.4170961544425854,-1.7937004771090512
TWN,2011,perm,clean,d,0.34386752155033207,0.015,0.36787977740258426,0.4423936920849362,-2.0018472503114535
TWN,2011,lnorm,orig,mawd,0.24533516532389085,0.001,0.30996767989167134,0.444200228069648,-1.9029056541971574
TWN,2011,lnorm,orig,d,0.33838460011191784,0.002,0.39078205601379373,0.45644364138352383,-2.7054614123670864
TWN,2011,lnorm,clean,mawd,0.2588803925593028,0.004,0.31157012323750594,0.45155625092465085,-1.7175818452805574
TWN,2011,lnorm,clean,d,0.34386752155033207,0.009,0.37783957902449306,0.44629551216393626,-2.237797885630797
TWN,2011,perm,corr,mawd,0.24533516532389085,0.004,0.2969699414512027,0.41377219443887686,-2.00952080577022
TWN,2011,perm,corr,d,0.33838460011191784,0.004,0.37984395082688605,0.4492584990744939,-2.4351728867930014
TWN,2011,lnorm,corr,mawd,0.24533516532389085,0.001,0.30996767989167134,0.444200228069648,-1.9029056541971574
TWN,2011,lnorm,corr,d,0.33838460011191784,0.002,0.39078205601379373,0.45644364138352383,-2.7054614123670864
TWN,2012,perm,orig,mawd,0.246880033316318,0.003,0.3007945302367218,0.41490006711261485,-2.0450911660217006
TWN,2012,perm,orig,d,0.33546028872268285,0.004,0.3757055117108122,0.4442380771675428,-2.408091320715938
TWN,2012,perm,clean,mawd,0.255320354867431,0.003,0.3036726730353553,0.41701908108012864,-1.9342929020666444
TWN,2012,perm,clean,d,0.3333512376781315,0.005,0.36933939926932746,0.44082585140820074,-2.236502806951492
TWN,2012,lnorm,orig,mawd,0.246880033316318,0.002,0.3144009328907972,0.44656381580587085,-1.9396157671197816
TWN,2012,lnorm,orig,d,0.33546028872268285,0.002,0.3881489322295227,0.4536267217994676,-2.720056157774244
TWN,2012,lnorm,clean,mawd,0.255320354867431,0.003,0.3187923590240774,0.4537000672620315,-1.8424577749723121
TWN,2012,lnorm,clean,d,0.3333512376781315,0.002,0.3780678123756184,0.44698998648339916,-2.5194847625398435
TWN,2012,perm,corr,mawd,0.246880033316318,0.003,0.3007945302367218,0.41490006711261485,-2.0450911660217006
TWN,2012,perm,corr,d,0.33546028872268285,0.004,0.3757055117108122,0.4442380771675428,-2.408091320715938
TWN,2012,lnorm,corr,mawd,0.246880033316318,0.002,0.3144009328907972,0.44656381580587085,-1.9396157671197816
TWN,2012,lnorm,corr,d,0.33546028872268285,0.002,0.3881489322295227,0.4536267217994676,-2.720056157774244
TWN,2013,perm,orig,mawd,0.25530157108339724,0.006,0.2960971115795168,0.4069990377928131,-1.883372860875976
TWN,2013,perm,orig,d,0.32976007585094913,0.007,0.3654822807377195,0.4341608148397427,-2.3437511748337823
TWN,2013,perm,clean,mawd,0.25626386191755945,0.006,0.29493850823419426,0.4086278587282711,-1.8550145320818183
TWN,2013,perm,clean,d,0.32591792821263366,0.005,0.3612059739972377,0.4318421649831897,-2.244430356218015
TWN,2013,lnorm,orig,mawd,0.25530157108339724,0.008,0.30367794949311144,0.43443022953360366,-1.7984825674659233
TWN,2013,lnorm,orig,d,0.32976007585094913,0.003,0.3760741439894513,0.44042804352591897,-2.568352745326498
TWN,2013,lnorm,clean,mawd,0.25626386191755945,0.007,0.30371700892444964,0.4344033957776524,-1.77058218988825
TWN,2013,lnorm,clean,d,0.32591792821263366,0.002,0.3675915327697845,0.4356587062455425,-2.4399278866762306
TWN,2013,perm,corr,mawd,0.25530157108339724,0.006,0.2960971115795168,0.4069990377928131,-1.883372860875976
TWN,2013,perm,corr,d,0.32976007585094913,0.007,0.3654822807377195,0.4341608148397427,-2.3437511748337823
TWN,2013,lnorm,corr,mawd,0.25530157108339724,0.008,0.30367794949311144,0.43443022953360366,-1.7984825674659233
TWN,2013,lnorm,corr,d,0.32976007585094913,0.003,0.3760741439894513,0.44042804352591897,-2.568352745326498
TWN,2014,perm,orig,mawd,0.2608275390473713,0.011,0.28830121275456866,0.39603751387039837,-1.7702761401987246
TWN,2014,perm,orig,d,0.3263842240562341,0.008,0.3562401827900601,0.4221225662975048,-2.2042146876386637
TWN,2014,perm,clean,mawd,0.2686673187225656,0.017,0.29124286796161186,0.39825430683880236,-1.6671716865537354
TWN,2014,perm,clean,d,0.3257269084688272,0.01,0.35205275980613865,0.4214746470752184,-2.0885508073976355
TWN,2014,lnorm,orig,mawd,0.2608275390473713,0.011,0.29780908423404656,0.42251963822868766,-1.7109080164192463
TWN,2014,lnorm,orig,d,0.3263842240562341,0.005,0.366960507259291,0.42921809965885577,-2.436539580657308
TWN,2014,lnorm,clean,mawd,0.2686673187225656,0.018,0.2983278301448351,0.4276782387354266,-1.6252176947632182
TWN,2014,lnorm,clean,d,0.3257269084688272,0.005,0.36010830299299257,0.426968060892383,-2.302037215636244
TWN,2014,perm,corr,mawd,0.2608275390473713,0.011,0.28830121275456866,0.39603751387039837,-1.7702761401987246
TWN,2014,perm,corr,d,0.3263842240562341,0.008,0.3562401827900601,0.4221225662975048,-2.2042146876386637
TWN,2014,lnorm,corr,mawd,0.2608275390473713,0.011,0.29780908423404656,0.42251963822868766,-1.7109080164192463
TWN,2014,lnorm,corr,d,0.3263842240562341,0.005,0.366960507259291,0.42921809965885577,-2.436539580657308
USA,2000,perm,orig,mawd,0.2274798306967581,0.032,0.23542630197001113,0.3051178591907863,-1.8521934801958058
USA,2000,perm,orig,d,0.21997322391092117,0.0,0.2854535912440959,0.3315576869940159,-3.9141486917144173
USA,2000,perm,clean,mawd,0.22689028486376417,0.036,0.23432204441780433,0.3058372460052754,-1.8021841839335193
USA,2000,perm,clean,d,0.21799382435797765,0.0,0.2839688205588102,0.32998990692687513,-3.8029330112611475
USA,2000,lnorm,orig,mawd,0.2274798306967581,0.02,0.2436658045454005,0.3249608851992125,-1.7766247920223806
USA,2000,lnorm,orig,d,0.21997322391092117,0.0,0.2863623909653295,0.33288767577860245,-3.8349215475033294
USA,2000,lnorm,clean,mawd,0.22689028486376417,0.026,0.23987786252864932,0.3250121067019688,-1.7277424739685232
USA,2000,lnorm,clean,d,0.21799382435797765,0.0,0.2830321543957033,0.33186732584374795,-3.7575419797949614
USA,2000,perm,corr,mawd,0.2274798306967581,0.032,0.23542630197001113,0.3051178591907863,-1.8521934801958058
USA,2000,perm,corr,d,0.21997322391092117,0.0,0.2854535912440959,0.3315576869940159,-3.9141486917144173
USA,2000,lnorm,corr,mawd,0.2274798306967581,0.02,0.2436658045454005,0.3249608851992125,-1.7766247920223806
USA,2000,lnorm,corr,d,0.21997322391092117,0.0,0.2863623909653295,0.33288767577860245,-3.8349215475033294
USA,2001,perm,orig,mawd,0.23580964963439324,0.049,0.23653463830426208,0.3088707693172862,-1.6541323121426625
USA,2001,perm,orig,d,0.23984658164466052,0.0,0.28743521664778054,0.33550947060322345,-3.1661199628204737
USA,2001,perm,clean,mawd,0.22565805863576435,0.038,0.23503063051565543,0.30769088546649614,-1.7994382121477284
USA,2001,perm,clean,d,0.22069449088082468,0.0,0.2846868580797132,0.33385775898454584,-3.60733876795412
USA,2001,lnorm,orig,mawd,0.23580964963439324,0.028,0.24862513484040236,0.33149309801907534,-1.6598348035506065
USA,2001,lnorm,orig,d,0.23984658164466052,0.0,0.2885451574141981,0.33726063994494104,-3.190437608850323
USA,2001,lnorm,clean,mawd,0.22565805863576435,0.022,0.2426667953065168,0.33026936072271185,-1.7590108600539354
USA,2001,lnorm,clean,d,0.22069449088082468,0.0,0.2848286345259702,0.336248257192466,-3.665184865086923
USA,2001,perm,corr,mawd,0.23580964963439324,0.049,0.23653463830426208,0.3088707693172862,-1.6541323121426625
USA,2001,perm,corr,d,0.23984658164466052,0.0,0.28743521664778054,0.33550947060322345,-3.1661199628204737
USA,2001,lnorm,corr,mawd,0.23580964963439324,0.028,0.24862513484040236,0.33149309801907534,-1.6598348035506065
USA,2001,lnorm,corr,d,0.23984658164466052,0.0,0.2885451574141981,0.33726063994494104,-3.190437608850323
USA,2002,perm,orig,mawd,0.24077626685272566,0.062,0.23511886800430182,0.30974670159190737,-1.5510723223077107
USA,2002,perm,orig,d,0.2394469101936655,0.0,0.2883765989022021,0.33397907736829957,-3.32267075223609
USA,2002,perm,clean,mawd,0.23509702084649334,0.057,0.23298964823963536,0.3083310161177477,-1.6046833891574346
USA,2002,perm,clean,d,0.22941074407754725,0.0,0.28522924744035794,0.333124422195366,-3.490263119780109
USA,2002,lnorm,orig,mawd,0.24077626685272566,0.043,0.24338235743368422,0.3292996056923637,-1.5172501474756819
USA,2002,lnorm,orig,d,0.2394469101936655,0.0,0.28798737030636096,0.3363508346489261,-3.1994963086717294
USA,2002,lnorm,clean,mawd,0.23509702084649334,0.042,0.24014367720097726,0.32608620302966007,-1.5470727134904456
USA,2002,lnorm,clean,d,0.22941074407754725,0.0,0.2855252156749529,0.33572302221532935,-3.394729245488962
USA,2002,perm,corr,mawd,0.24077626685272566,0.062,0.23511886800430182,0.30974670159190737,-1.5510723223077107
USA,2002,perm,corr,d,0.2394469101936655,0.0,0.2883765989022021,0.33397907736829957,-3.32267075223609
USA,2002,lnorm,corr,mawd,0.24077626685272566,0.043,0.24338235743368422,0.3292996056923637,-1.5172501474756819
USA,2002,lnorm,corr,d,0.2394469101936655,0.0,0.28798737030636096,0.3363508346489261,-3.1994963086717294
USA,2003,perm,orig,mawd,0.23885851767393335,0.061,0.23367380235678636,0.30842073452073837,-1.5654240834982778
USA,2003,perm,orig,d,0.23736543868729776,0.0,0.2872683348155347,0.33187928431408575,-3.347800633491908
USA,2003,perm,clean,mawd,0.2331375618923788,0.051,0.23262723924961393,0.3089232917596969,-1.6426686374907855
USA,2003,perm,clean,d,0.22885152038997328,0.0,0.2865239245048973,0.33284617687465856,-3.51641600216323
USA,2003,lnorm,orig,mawd,0.23885851767393335,0.036,0.24460725771815417,0.33181619117508787,-1.5609550021524397
USA,2003,lnorm,orig,d,0.23736543868729776,0.0,0.2858246716655856,0.33411996278324224,-3.2014648682342215
USA,2003,lnorm,clean,mawd,0.2331375618923788,0.036,0.24302221679787225,0.3322804454982775,-1.6086680288366169
USA,2003,lnorm,clean,d,0.22885152038997328,0.0,0.2850749719598248,0.3344888732625845,-3.4019007556003853
USA,2003,perm,corr,mawd,0.23885851767393335,0.061,0.23367380235678636,0.30842073452073837,-1.5654240834982778
USA,2003,perm,corr,d,0.23736543868729776,0.0,0.2872683348155347,0.33187928431408575,-3.347800633491908
USA,2003,lnorm,corr,mawd,0.23885851767393335,0.036,0.24460725771815417,0.33181619117508787,-1.5609550021524397
USA,2003,lnorm,corr,d,0.23736543868729776,0.0,0.2858246716655856,0.33411996278324224,-3.2014648682342215
USA,2004,perm,orig,mawd,0.2343991306271632,0.049,0.23484765460461357,0.3086267210963189,-1.686639527308811
USA,2004,perm,orig,d,0.23758289962610646,0.0,0.28797878340695726,0.33053759166510266,-3.346319072028329
USA,2004,perm,clean,mawd,0.22800722686125738,0.04,0.23400583312732517,0.30981515837316687,-1.774368766693083
USA,2004,perm,clean,d,0.22909015099322114,0.0,0.286382161436218,0.3304739955292313,-3.5224013783985035
USA,2004,lnorm,orig,mawd,0.2343991306271632,0.024,0.24809310417393837,0.33600634623515674,-1.6728546843402685
USA,2004,lnorm,orig,d,0.23758289962610646,0.0,0.28767321341181595,0.334506152292606,-3.1959299696724153
USA,2004,lnorm,clean,mawd,0.22800722686125738,0.02,0.2452358117349801,0.3359294679108902,-1.7228683045086064
USA,2004,lnorm,clean,d,0.22909015099322114,0.0,0.2842166266074094,0.3351396341846559,-3.3956099583596546
USA,2004,perm,corr,mawd,0.2343991306271632,0.049,0.23484765460461357,0.3086267210963189,-1.686639527308811
USA,2004,perm,corr,d,0.23758289962610646,0.0,0.28797878340695726,0.33053759166510266,-3.346319072028329
USA,2004,lnorm,corr,mawd,0.2343991306271632,0.024,0.24809310417393837,0.33600634623515674,-1.6728546843402685
USA,2004,lnorm,corr,d,0.23758289962610646,0.0,0.28767321341181595,0.334506152292606,-3.1959299696724153
USA,2005,perm,orig,mawd,0.23938296413466503,0.048,0.2418793641676958,0.3154674735502505,-1.7047711117092852
USA,2005,perm,orig,d,0.2440637815503217,0.0,0.29248251634452527,0.33863518845033,-3.2055328708651087
USA,2005,perm,clean,mawd,0.22781852160822802,0.033,0.24141774425219265,0.31790415683429474,-1.883738554009555
USA,2005,perm,clean,d,0.22960099711214166,0.0,0.290973057651076,0.33975040981646754,-3.604776706753397
USA,2005,lnorm,orig,mawd,0.23938296413466503,0.019,0.25905671628766813,0.34816130645422527,-1.724547534859177
USA,2005,lnorm,orig,d,0.2440637815503217,0.0,0.29413834521184473,0.34580099878873005,-3.1858819578766795
USA,2005,lnorm,clean,mawd,0.22781852160822802,0.013,0.25469756749285694,0.3479937398580824,-1.8270142771867697
USA,2005,lnorm,clean,d,0.22960099711214166,0.0,0.2950659182991763,0.34588239627733464,-3.5872448597520354
USA,2005,perm,corr,mawd,0.23938296413466503,0.048,0.2418793641676958,0.3154674735502505,-1.7047711117092852
USA,2005,perm,corr,d,0.2440637815503217,0.0,0.29248251634452527,0.33863518845033,-3.2055328708651087
USA,2005,lnorm,corr,mawd,0.23938296413466503,0.019,0.25905671628766813,0.34816130645422527,-1.724547534859177
USA,2005,lnorm,corr,d,0.2440637815503217,0.0,0.29413834521184473,0.34580099878873005,-3.1858819578766795
USA,2006,perm,orig,mawd,0.23982181586522405,0.041,0.2437925015886967,0.3224288048112842,-1.801133444541025
USA,2006,perm,orig,d,0.2503263177332175,0.0,0.2956290334276121,0.3417500186185384,-3.124590516545959
USA,2006,perm,clean,mawd,0.22776331462569566,0.028,0.24488181656860944,0.32344065201982725,-1.973800881544499
USA,2006,perm,clean,d,0.23408450091943078,0.0,0.2949411105268505,0.3422933795888108,-3.5427028084816787
USA,2006,lnorm,orig,mawd,0.23982181586522405,0.016,0.26289219930213775,0.35374026973611694,-1.7577340549290452
USA,2006,lnorm,orig,d,0.2503263177332175,0.0,0.2988353315740014,0.3483944174451552,-3.088606156640361
USA,2006,lnorm,clean,mawd,0.22776331462569566,0.01,0.25971791237894465,0.35406634089734135,-1.8528792243747858
USA,2006,lnorm,clean,d,0.23408450091943078,0.0,0.2975879671407833,0.34892544229004024,-3.4910527551155215
USA,2006,perm,corr,mawd,0.23982181586522405,0.041,0.2437925015886967,0.3224288048112842,-1.801133444541025
USA,2006,perm,corr,d,0.2503263177332175,0.0,0.2956290334276121,0.3417500186185384,-3.124590516545959
USA,2006,lnorm,corr,mawd,0.23982181586522405,0.016,0.26289219930213775,0.35374026973611694,-1.7577340549290452
USA,2006,lnorm,corr,d,0.2503263177332175,0.0,0.2988353315740014,0.3483944174451552,-3.088606156640361
USA,2007,perm,orig,mawd,0.2508406262182323,0.065,0.2465788542476012,0.32635173756329083,-1.6002977484248948
USA,2007,perm,orig,d,0.25966428868969554,0.0,0.29762406992186363,0.3428677737932144,-2.8984540417524043
USA,2007,perm,clean,mawd,0.2417438045451464,0.04,0.2478417669653911,0.3263916391736672,-1.7236591785307087
USA,2007,perm,clean,d,0.2482900373181494,0.0,0.2959520156175467,0.3441610488841216,-3.162085517240046
USA,2007,lnorm,orig,mawd,0.2508406262182323,0.029,0.26335630298970414,0.35421527603130243,-1.5880960706677987
USA,2007,lnorm,orig,d,0.25966428868969554,0.0,0.2977049914580033,0.3486329074639829,-2.8389361102104953
USA,2007,lnorm,clean,mawd,0.2417438045451464,0.023,0.25972595817888433,0.35736324393526087,-1.650082417710923
USA,2007,lnorm,clean,d,0.2482900373181494,0.0,0.29675519524330923,0.34870503373839856,-3.0983579869825517
USA,2007,perm,corr,mawd,0.2508406262182323,0.065,0.2465788542476012,0.32635173756329083,-1.6002977484248948
USA,2007,perm,corr,d,0.25966428868969554,0.0,0.29762406992186363,0.3428677737932144,-2.8984540417524043
USA,2007,lnorm,corr,mawd,0.2508406262182323,0.029,0.26335630298970414,0.35421527603130243,-1.5880960706677987
USA,2007,lnorm,corr,d,0.25966428868969554,0.0,0.2977049914580033,0.3486329074639829,-2.8389361102104953
USA,2008,perm,orig,mawd,0.2513245866780745,0.065,0.24635979943442016,0.32710069053447044,-1.597794826272928
USA,2008,perm,orig,d,0.26095628372079943,0.0,0.30170950028207605,0.34810165779676566,-2.9495920093732204
USA,2008,perm,clean,mawd,0.24421486306719797,0.046,0.24585264782690944,0.3275016036243016,-1.6913570534965436
USA,2008,perm,clean,d,0.2524227737309747,0.0,0.2994855909360477,0.3487886033070702,-3.126478609206169
USA,2008,lnorm,orig,mawd,0.2513245866780745,0.025,0.26496942477862806,0.3598135288980558,-1.5927745674194522
USA,2008,lnorm,orig,d,0.26095628372079943,0.0,0.3048976631376917,0.3555077702168293,-2.9611110967220604
USA,2008,lnorm,clean,mawd,0.24421486306719797,0.022,0.2638276397386068,0.36039887586099495,-1.626844903142967
USA,2008,lnorm,clean,d,0.2524227737309747,0.0,0.30283675401661686,0.35573148053591763,-3.1543133520632236
USA,2008,perm,corr,mawd,0.2513245866780745,0.065,0.24635979943442016,0.32710069053447044,-1.597794826272928
USA,2008,perm,corr,d,0.26095628372079943,0.0,0.30170950028207605,0.34810165779676566,-2.9495920093732204
USA,2008,lnorm,corr,mawd,0.2513245866780745,0.025,0.26496942477862806,0.3598135288980558,-1.5927745674194522
USA,2008,lnorm,corr,d,0.26095628372079943,0.0,0.3048976631376917,0.3555077702168293,-2.9611110967220604
USA,2009,perm,orig,mawd,0.26592668871545777,0.094,0.2509349569494265,0.3337317075831101,-1.3347682829515966
USA,2009,perm,orig,d,0.27440292965726537,0.001,0.30856436105383833,0.35315796606401306,-2.608454903402931
USA,2009,perm,clean,mawd,0.25662498660134564,0.067,0.24870699680286557,0.3348629993386275,-1.4578346668060156
USA,2009,perm,clean,d,0.26282440369182014,0.0,0.3070617059057567,0.35482363463699174,-2.8667058554544744
USA,2009,lnorm,orig,mawd,0.26592668871545777,0.057,0.2625971710794828,0.3607696151856893,-1.3520639488746917
USA,2009,lnorm,orig,d,0.27440292965726537,0.002,0.30591179845842503,0.35860305495677364,-2.623320310931229
USA,2009,lnorm,clean,mawd,0.25662498660134564,0.043,0.2606801346641593,0.36094226487957604,-1.4177779638912846
USA,2009,lnorm,clean,d,0.26282440369182014,0.0,0.3050831893273105,0.3592393516519816,-2.8904132128501843
USA,2009,perm,corr,mawd,0.26592668871545777,0.094,0.2509349569494265,0.3337317075831101,-1.3347682829515966
USA,2009,perm,corr,d,0.27440292965726537,0.001,0.30856436105383833,0.35315796606401306,-2.608454903402931
USA,2009,lnorm,corr,mawd,0.26592668871545777,0.057,0.2625971710794828,0.3607696151856893,-1.3520639488746917
USA,2009,lnorm,corr,d,0.27440292965726537,0.002,0.30591179845842503,0.35860305495677364,-2.623320310931229
USA,2010,perm,orig,mawd,0.26928688547611873,0.103,0.2489941774461407,0.3319984977722506,-1.2597597144573376
USA,2010,perm,orig,d,0.27268859184448274,0.0,0.3091200801612705,0.35144574565653375,-2.88508053742592
USA,2010,perm,clean,mawd,0.260220464470384,0.077,0.24715485751733915,0.33088425563695534,-1.375260334661756
USA,2010,perm,clean,d,0.2621904982020959,0.0,0.30715875615272986,0.35100237276620416,-3.1206765752511307
USA,2010,lnorm,orig,mawd,0.26928688547611873,0.059,0.26620754128433444,0.36168282778565364,-1.328715629676483
USA,2010,lnorm,orig,d,0.27268859184448274,0.002,0.3083350024965289,0.35513372933365206,-2.7560359523339946
USA,2010,lnorm,clean,mawd,0.260220464470384,0.046,0.2626352425612085,0.36245542700701094,-1.3836409329343355
USA,2010,lnorm,clean,d,0.2621904982020959,0.0,0.3055621367987286,0.3554918693419419,-2.9915814616139347
USA,2010,perm,corr,mawd,0.26928688547611873,0.103,0.2489941774461407,0.3319984977722506,-1.2597597144573376
USA,2010,perm,corr,d,0.27268859184448274,0.0,0.3091200801612705,0.35144574565653375,-2.88508053742592
USA,2010,lnorm,corr,mawd,0.26928688547611873,0.059,0.26620754128433444,0.36168282778565364,-1.328715629676483
USA,2010,lnorm,corr,d,0.27268859184448274,0.002,0.3083350024965289,0.35513372933365206,-2.7560359523339946
USA,2011,perm,orig,mawd,0.26850703391819053,0.108,0.2488838150882229,0.3282159211259671,-1.245563957447133
USA,2011,perm,orig,d,0.26826687582991054,0.0,0.305491083081549,0.3487104728363049,-2.8477081607170027
USA,2011,perm,clean,mawd,0.2585533143967113,0.079,0.24567687372644825,0.32760026299519485,-1.3872659493880848
USA,2011,perm,clean,d,0.2579680130257958,0.0,0.3040896969076798,0.3507214599580407,-3.0981953448462822
USA,2011,lnorm,orig,mawd,0.26850703391819053,0.051,0.2671810937943563,0.3629870032475197,-1.3618773455096393
USA,2011,lnorm,orig,d,0.26826687582991054,0.0,0.3078839014865866,0.3557955779284914,-2.860661408446277
USA,2011,lnorm,clean,mawd,0.2585533143967113,0.041,0.2649577846461749,0.3624365632712113,-1.4299126141451444
USA,2011,lnorm,clean,d,0.2579680130257958,0.0,0.3056188982916499,0.3569785183610219,-3.117142581590461
USA,2011,perm,corr,mawd,0.26850703391819053,0.108,0.2488838150882229,0.3282159211259671,-1.245563957447133
USA,2011,perm,corr,d,0.26826687582991054,0.0,0.305491083081549,0.3487104728363049,-2.8477081607170027
USA,2011,lnorm,corr,mawd,0.26850703391819053,0.051,0.2671810937943563,0.3629870032475197,-1.3618773455096393
USA,2011,lnorm,corr,d,0.26826687582991054,0.0,0.3078839014865866,0.3557955779284914,-2.860661408446277
USA,2012,perm,orig,mawd,0.27015749491948093,0.106,0.2512026667067932,0.33229906942226084,-1.2631172695819648
USA,2012,perm,orig,d,0.2668590541359974,0.0,0.31154363785046474,0.3573540193483672,-2.968366259603025
USA,2012,perm,clean,mawd,0.2606246021458768,0.077,0.24770743116284624,0.331125320795131,-1.3841726904984357
USA,2012,perm,clean,d,0.2572491185996986,0.0,0.30794840898993475,0.35618522524335905,-3.0807237975182318
USA,2012,lnorm,orig,mawd,0.27015749491948093,0.052,0.2696089193575308,0.36609403662612006,-1.3702037883133529
USA,2012,lnorm,orig,d,0.2668590541359974,0.0,0.3153515519286783,0.3654264256344143,-3.1067805908112147
USA,2012,lnorm,clean,mawd,0.2606246021458768,0.044,0.26335842422826644,0.36561946143968593,-1.4318964343007365
USA,2012,lnorm,clean,d,0.2572491185996986,0.0,0.3097071214620912,0.36520505472138054,-3.2030988249503323
USA,2012,perm,corr,mawd,0.27015749491948093,0.106,0.2512026667067932,0.33229906942226084,-1.2631172695819648
USA,2012,perm,corr,d,0.2668590541359974,0.0,0.31154363785046474,0.3573540193483672,-2.968366259603025
USA,2012,lnorm,corr,mawd,0.27015749491948093,0.052,0.2696089193575308,0.36609403662612006,-1.3702037883133529
USA,2012,lnorm,corr,d,0.2668590541359974,0.0,0.3153515519286783,0.3654264256344143,-3.1067805908112147
USA,2013,perm,orig,mawd,0.268054184497803,0.098,0.251345173476583,0.33114800451137916,-1.3109249072500366
USA,2013,perm,orig,d,0.26650476728746175,0.0,0.3090569905369945,0.3541979185571572,-3.0049896138623153
USA,2013,perm,clean,mawd,0.25967139736730865,0.077,0.24723273104717622,0.3302963695298007,-1.4115393290341522
USA,2013,perm,clean,d,0.25732819545294544,0.0,0.30617306926542087,0.3531217476068833,-3.128020416372637
USA,2013,lnorm,orig,mawd,0.268054184497803,0.048,0.26936990067751176,0.36410166828376356,-1.3929669368533006
USA,2013,lnorm,orig,d,0.26650476728746175,0.0,0.3122797822793075,0.3619470071880158,-3.0627580556970644
USA,2013,lnorm,clean,mawd,0.25967139736730865,0.042,0.2645997965647602,0.36361391842745766,-1.4392636290888938
USA,2013,lnorm,clean,d,0.25732819545294544,0.0,0.30769723065346766,0.3614439688672192,-3.172108421588261
USA,2013,perm,corr,mawd,0.268054184497803,0.098,0.251345173476583,0.33114800451137916,-1.3109249072500366
USA,2013,perm,corr,d,0.26650476728746175,0.0,0.3090569905369945,0.3541979185571572,-3.0049896138623153
USA,2013,lnorm,corr,mawd,0.268054184497803,0.048,0.26936990067751176,0.36410166828376356,-1.3929669368533006
USA,2013,lnorm,corr,d,0.26650476728746175,0.0,0.3122797822793075,0.3619470071880158,-3.0627580556970644
USA,2014,perm,orig,mawd,0.2691619364041814,0.102,0.2500714704733493,0.3306636196885506,-1.2851527767593887
USA,2014,perm,orig,d,0.26715313024616705,0.0,0.3075241318265984,0.35151604795545033,-2.920083561745945
USA,2014,perm,clean,mawd,0.25990194691288293,0.077,0.24878579907313045,0.3293193674916499,-1.407541305955609
USA,2014,perm,clean,d,0.2574819808555647,0.0,0.30468451149555115,0.3513547391723159,-3.0665754383668906
USA,2014,lnorm,orig,mawd,0.2691619364041814,0.055,0.26706006310443675,0.3605611586832367,-1.3549106686437689
USA,2014,lnorm,orig,d,0.26715313024616705,0.0,0.30902780234260263,0.35799329432963867,-2.9329459839955696
USA,2014,lnorm,clean,mawd,0.25990194691288293,0.047,0.26245007423353656,0.3600705441792307,-1.4174375039141076
USA,2014,lnorm,clean,d,0.2574819808555647,0.0,0.30433393957543436,0.35807415867800063,-3.0663720964332555
USA,2014,perm,corr,mawd,0.2691619364041814,0.102,0.2500714704733493,0.3306636196885506,-1.2851527767593887
USA,2014,perm,corr,d,0.26715313024616705,0.0,0.3075241318265984,0.35151604795545033,-2.920083561745945
USA,2014,lnorm,corr,mawd,0.2691619364041814,0.055,0.26706006310443675,0.3605611586832367,-1.3549106686437689
USA,2014,lnorm,corr,d,0.26715313024616705,0.0,0.30902780234260263,0.35799329432963867,-2.9329459839955696
