variant,geo,year,r_m,r,nu,kappa,unprod_share_comp
main,AT,1995,0.23062007094493767,0.06952269682946165,0.4780474712890987,1.7852096969715145,0.32391982900473293
main,AT,1996,0.23218295103896003,0.06995366760709211,0.47065592463352107,1.8092017177893953,0.32736380740568416
main,AT,1997,0.23322555869261202,0.07088756246792247,0.4644376250315614,1.8318903502153638,0.3288668485212887
main,AT,1998,0.23631129207860802,0.07180969649016142,0.46284045713134975,1.8102610021504448,0.32891601569628537
main,AT,1999,0.2372976762777823,0.0714967102252423,0.46256230422734496,1.8022626371830663,0.32991402111117324
main,AT,2000,0.24377713460882225,0.07405167080906766,0.4549880567885739,1.780709495756628,0.33183306489979825
main,AT,2001,0.2483464543863795,0.07560735447916998,0.44929027722143017,1.7682156023743827,0.33352951067765263
main,AT,2002,0.2505596437684439,0.07567608391366956,0.446236837298948,1.763868327173649,0.33604126166768067
main,AT,2003,0.2511369993883034,0.0744974580758388,0.4434847238721863,1.7724980961954373,0.3396852983515671
main,AT,2004,0.2571965544411139,0.07702355347777795,0.4351425700861888,1.7610665943065535,0.34149853357381427
main,AT,2005,0.2636228853224758,0.07981751236721213,0.4273755685136724,1.744759186729093,0.34295900392276596
main,AT,2006,0.27241786260869527,0.08274162498177874,0.4191086790494509,1.7132453280919577,0.34710887164741866
main,AT,2007,0.2785401043177656,0.08500774479497313,0.413206261755602,1.6934696859742404,0.3478923441900688
main,AT,2008,0.26784315627143174,0.07968973784196308,0.42570897272682406,1.7184228216700075,0.3445631325798932
main,AT,2009,0.24471906538839397,0.06856978908110264,0.44226244644920165,1.836830736035834,0.34618275284519195
main,AT,2010,0.2458019665257974,0.0687256646119458,0.43818449924577485,1.8474583241010494,0.34789194902288584
main,AT,2011,0.24999105389216683,0.07059474494298558,0.43383269819108794,1.8309175518443686,0.3475774558352336
main,AT,2012,0.24223173543313029,0.06655683212889249,0.44270576777815446,1.8579598787993163,0.3475452815373764
main,AT,2013,0.23390350624698095,0.06271375240711405,0.45153819953817814,1.8932825740448214,0.34616059240772107
main,AT,2014,0.2349137063106035,0.06274296367328895,0.45191100562805103,1.881239337022728,0.3454275092936803
main,AT,2015,0.23928568107216772,0.06422998041703525,0.4498580248750984,1.849243085813513,0.34423588626632784
main,AT,2016,0.24157547190007547,0.06501350269891915,0.4499543578393734,1.826955784710802,0.3430150655046236
main,AT,2017,0.24059507685044645,0.06438809850166274,0.45189830442332835,1.8262102202883843,0.34191113164539266
main,AT,2018,0.2405895322243612,0.06412281322958184,0.4550254591859173,1.810137683098544,0.33976879494219336
main,AT,2019,0.2351621493711928,0.06138167560441838,0.46180090259654144,1.8268288741024954,0.3385604570761844
main,AT,2020,0.206884741040026,0.04816367303549182,0.4859732404326569,1.9986312643910908,0.34029713057679484
main,AT,2021,0.21178789115470958,0.04965128563593572,0.47524476879011845,2.002494767444989,0.34220649361223815
main,AT,2022,0.2239431941202681,0.05511018481806348,0.46265285162749575,1.936826848943013,0.338445617779086
main,AT,2023,0.22290897575271792,0.05458842640188196,0.47102083550451423,1.9020516830391274,0.3346038813411983
main,AT,2024,0.215893616395948,0.05050019312707719,0.48920355541236143,1.8767600757254854,0.3315772054922938
main,BE,1995,0.26849412439094283,0.08504506484835464,0.4295474931538465,1.6950893425317715,0.3670502959323214
main,BE,1996,0.26171307483592016,0.08091964294293431,0.43417419841355054,1.7278339547564483,0.36909972461869417
main,BE,1997,0.2656610570158158,0.08217921857435728,0.4323289932606468,1.7044953238448806,0.36955343097236326
main,BE,1998,0.26599067284494815,0.08204116769082394,0.4313059580815842,1.706716536601604,0.3715068011620734
main,BE,1999,0.2619971610345398,0.07805488780726164,0.4357873643878004,1.7177193124949233,0.37603058451158955
main,BE,2000,0.269986015364304,0.08089776440429644,0.4285387884828565,1.688093848011466,0.3799714693739129
main,BE,2001,0.26727177786349776,0.07659314567518526,0.43884935550721155,1.6607013302347817,0.37910933214648357
main,BE,2002,0.2725357325332283,0.07487674054650598,0.440744547242425,1.6112999592128485,0.38505952749871825
main,BE,2003,0.27226026172299933,0.07433921854441533,0.4367599374281304,1.6319961087440296,0.38800817869254284
main,BE,2004,0.28387569427485826,0.07874223593199145,0.4252422734477299,1.5994387335699747,0.3904234242768089
main,BE,2005,0.29159050534310516,0.0797312033397346,0.41838123578434455,1.576261091582534,0.39555529001794326
main,BE,2006,0.2895165295594799,0.07702321805764853,0.4179084970703328,1.5926554725080575,0.3996903215253183
main,BE,2007,0.2941324362010289,0.07725793317404936,0.41484105836420804,1.5745993080014278,0.4027221913917003
main,BE,2008,0.2758040152609622,0.06591820862095957,0.43245333412900727,1.6253363805493215,0.40292303932402557
main,BE,2009,0.27504556974686717,0.06455455885047472,0.43668534556226773,1.6113921964834663,0.4041159120201845
main,BE,2010,0.2860339166540654,0.06943371453544166,0.42496831250588146,1.585393585204215,0.4064603994669159
main,BE,2011,0.28579385839238813,0.06889786979597858,0.42587812312008255,1.5829889676893418,0.40589408547769146
main,BE,2012,0.28101255718762724,0.06580557756197127,0.4314247718208788,1.5918842000963205,0.40653086549479367
main,BE,2013,0.2819907927146069,0.06451433968718176,0.43266063909118363,1.5792467549314322,0.4072580744138689
main,BE,2014,0.293479420848389,0.06884079941233692,0.4238712994778186,1.539226143118705,0.40866381023468623
main,BE,2015,0.30125712811340133,0.07211877100315423,0.4152015158401437,1.525992333487539,0.4108227124732277
main,BE,2016,0.30793085983216284,0.07407795563339985,0.4109529192388015,1.5019670170165564,0.4115752279588725
main,BE,2017,0.3041204732831638,0.0724341579739426,0.4143665624732763,1.5112960908971393,0.4084670131043832
main,BE,2018,0.30309232882793247,0.07280622142793935,0.4141631278263338,1.5187029214039973,0.40729485695736234
main,BE,2019,0.30756660613685477,0.07462253452994463,0.41149894258568653,1.5019111795536921,0.40540945377793663
main,BE,2020,0.2880289511728655,0.06601259825351925,0.422366399379879,1.5831042252499496,0.4048335934833715
main,BE,2021,0.2989450002556541,0.07085414032102871,0.4111711213578333,1.5585185477739714,0.4068112889020572
main,BE,2022,0.29800523288922054,0.07588390105883498,0.4046600175129325,1.593090078064675,0.4017810194908784
main,BE,2023,0.2976378053772759,0.07622088843839593,0.4058166759643082,1.5905134719566676,0.4021977275720526
main,BE,2024,0.2978932451129796,0.07554281572661933,0.40901134021575125,1.5748827878975238,0.40109409059849566
main,BG,2000,0.1194780051627325,0.08095213571038228,0.3334199415394609,5.245682735582054,0.2979209816718121
main,BG,2001,0.13105812865130237,0.08916310858787281,0.33509208311348965,4.738289657713793,0.2942390460735201
main,BG,2002,0.13024785101539338,0.08952742014188655,0.3220143535588026,4.883335609267604,0.295630673238081
main,BG,2003,0.131398078135952,0.08630941977012603,0.3156235139188645,4.892797307678239,0.3371489152479873
main,BG,2004,0.14199278303399068,0.09385091986067629,0.3098417834834158,4.550674376351073,0.34084753413835905
main,BG,2005,0.14908637452301696,0.09872345279802737,0.3098857864294313,4.319069849379019,0.342740780411254
main,BG,2006,0.15364954495146943,0.10169315721027809,0.2998403532960825,4.257020826638193,0.35004831352104443
main,BG,2007,0.16956362468924413,0.11229408956566947,0.2873194360349451,3.915707983738431,0.3638539911138348
main,BG,2008,0.1641006631172749,0.10758777239480587,0.3008405751540056,3.9597115247868615,0.3564904134811672
main,BG,2009,0.14924212517901386,0.09515685981206741,0.3095291467461405,4.316985333838006,0.3627243289047605
main,BG,2010,0.1458199124666675,0.0914779999826037,0.3225089064801445,4.323571879466844,0.36009415355379276
main,BG,2011,0.15593467079109077,0.09953061259540893,0.308098405310343,4.129026393039431,0.3617987222416237
main,BG,2012,0.1509322200013449,0.0942697565529342,0.3167392092854553,4.210198714959325,0.36688654268162424
main,BG,2013,0.1386165676336945,0.08312356770107063,0.34935785957566895,4.3444687986035,0.359253040615766
main,BG,2014,0.1386218090893799,0.08246636336524664,0.3689565374723756,4.183310286002301,0.34790057046922374
main,BG,2015,0.14042562359620162,0.08366536428245923,0.3676615045052693,4.135352114384118,0.3508693045563549
main,BG,2016,0.14490534825598617,0.08670806212687031,0.3762072005500698,3.928622172261992,0.3445685995765029
main,BG,2017,0.14882776630491637,0.08730509376826164,0.3892451690181155,3.7145242158598246,0.3414041412212029
main,BG,2018,0.15291336247132004,0.08789938958605106,0.3972770970110945,3.5443202444374027,0.3441900444783224
main,BG,2019,0.15878843125389328,0.09222405018944782,0.397154853894862,3.399375796006354,0.34085723141961916
main,BG,2020,0.15303939948411546,0.08684556944512262,0.40995740101739536,3.4455373341396607,0.33919989678862095
main,BG,2021,0.17313985101350418,0.10324852896801448,0.3891653365881138,3.138818890245047,0.33905040119401464
main,BG,2022,0.18443129486112272,0.11673878735235031,0.35862286664911314,3.1189709648849853,0.3331191213413565
main,CZ,1995,0.18894401278195874,0.09404063146302354,0.4162587209210927,2.6732346717726694,0.2709581497797357
main,CZ,1996,0.18936457351413832,0.09289733029900098,0.4220500667049904,2.629998806902611,0.2761177023212118
main,CZ,1997,0.1752899628009326,0.08343273201984606,0.43065415888919023,2.8173688996665653,0.2826131249778534
main,CZ,1998,0.18028932548365023,0.0877641021347084,0.4160521547693267,2.822896372350374,0.2780247644001183
main,CZ,1999,0.1793733338202534,0.08562807385505723,0.4077683247967127,2.8939023449180583,0.29045590919581227
main,CZ,2000,0.17726438561782978,0.08479235194094449,0.4120092013071838,2.9050180551462654,0.28773685331062376
main,CZ,2001,0.1824472805016764,0.08832466370724242,0.40867645128664404,2.832388842136146,0.2873807712760587
main,CZ,2002,0.18928751987102216,0.0891891545714792,0.4152414933108732,2.674019262430303,0.28943500933423366
main,CZ,2003,0.19055851198973872,0.08887168687647379,0.4165955683796304,2.644954532577208,0.2927267318529722
main,CZ,2004,0.1964498986579493,0.09239419691520792,0.41839769316990283,2.5421653348760413,0.2869565887173799
main,CZ,2005,0.20437848519238508,0.09560467268694596,0.4157154140257536,2.443120658784205,0.28975034909950226
main,CZ,2006,0.2148112007833019,0.10067784760172493,0.4100974212034384,2.3360469914040114,0.2898608539293731
main,CZ,2007,0.22071023062641526,0.10078882434560825,0.407073951010969,2.2793717443525874,0.2918927922796686
main,CZ,2008,0.2151895674138161,0.0944337600518833,0.4165281174460412,2.294903898363185,0.2938462855315104
main,CZ,2009,0.20349165211725986,0.08875910744118151,0.4185138709165905,2.4390290456269073,0.2980135712209994
main,CZ,2010,0.2110973557327091,0.09209421545994526,0.4109848053190045,2.3792689742063295,0.3048503866585454
main,CZ,2011,0.20821515667881296,0.09214745270656484,0.4209845046734366,2.359867305359475,0.2943742743552757
main,CZ,2012,0.20341645276225576,0.08945857912862289,0.4306883682095331,2.3680608187888925,0.29598649228475743
main,CZ,2013,0.2052295087075603,0.08996228177211743,0.43071869821810516,2.3431577553531326,0.2974670634254037
main,CZ,2014,0.2181594728162308,0.09722691887818856,0.418544584013661,2.2467323736187716,0.2969892077507972
main,CZ,2015,0.22671605605223116,0.10097019974210013,0.4150554687241046,2.1650199853987178,0.29459838916557857
main,CZ,2016,0.22726022530627207,0.09806129462182656,0.4226685903013874,2.117729356240114,0.2932004435669272
main,CZ,2017,0.23460471352348025,0.09737217083464728,0.42965246288248576,2.001447614143168,0.2908350467791846
main,CZ,2018,0.23307065839563143,0.09207240444234897,0.4443112142080659,1.939896174302704,0.28990541518180113
main,CZ,2019,0.2375094826358859,0.09228570755952901,0.4441256683677497,1.8963043871531657,0.2890613571476196
main,CZ,2020,0.21561166580792607,0.0764443977610489,0.46296414454794393,2.027790951841252,0.2904159197640023
main,CZ,2021,0.21955105223640975,0.07378133683541425,0.4622747551316657,1.986928923880169,0.2874989747281891
main,CZ,2022,0.22880217995074154,0.07780154724672897,0.44614046633357374,1.97455121495052,0.2874235870853969
main,CZ,2023,0.24178526340724157,0.08581133793198646,0.4360041674646234,1.8966269639266733,0.29003347031599985
main,CZ,2024,0.23695550315310815,0.08335113516395434,0.445214754708634,1.8960908402616297,0.28759156435295957
main,CZ,2025,0.24202811049648496,0.08320953933283734,0.4464374717490658,1.8407453150577326,0.2881283820967464
main,DK,1975,0.24185286124579222,0.0696084309565538,0.49152287889363233,1.6109005470157616,0.30381529336030894
main,DK,1976,0.24970568339989327,0.07390631986119028,0.48778201758482215,1.5635048231511255,0.3026840933257675
main,DK,1977,0.24854656152653212,0.07138318310542445,0.48737185604777883,1.575131607302281,0.30835670659781383
main,DK,1978,0.24905951523578382,0.07081332660147416,0.48813319568106506,1.567065554040873,0.3093792240805375
main,DK,1979,0.2406877487243184,0.06659423419022713,0.49891876920782535,1.5829538373040606,0.30538067377069844
main,DK,1980,0.21899348473726846,0.056542104578703636,0.5164625141169317,1.6915368994874476,0.30459957085780914
main,DK,1981,0.21451866005638529,0.05564560161535293,0.5140485587364515,1.7512622591467966,0.3034083200285055
main,DK,1982,0.22615318248580024,0.06183446425395764,0.5043256275705574,1.6874382334600744,0.3031224920211276
main,DK,1983,0.22764452667607418,0.06313322874304925,0.5028583254106154,1.6809924433662256,0.303724530036258
main,DK,1984,0.24067408520389288,0.07069163282388319,0.491001855803511,1.623883690620313,0.3026242337427061
main,DK,1985,0.24272762300679784,0.07287262076873842,0.49085049480726567,1.6067661624385192,0.3027121609798775
main,DK,1986,0.2382210575899474,0.07090447189344037,0.5000906512543769,1.598419672741089,0.3021208721096517
main,DK,1987,0.23005562494807194,0.06403786519873055,0.5119942061697184,1.6092570952945868,0.3069970050637276
main,DK,1988,0.2177574802276078,0.05816237695245835,0.5239481798863586,1.66220781170601,0.30374236965588153
main,DK,1989,0.21948171203036787,0.06002144513088176,0.5122076416773605,1.7102661754356916,0.30855803834203843
main,DK,1990,0.21788669919268175,0.05940634134840662,0.5110076053485441,1.7332431748196833,0.30971054876910376
main,DK,1991,0.21642060354742684,0.059591907574181945,0.5091532189730168,1.758869201172476,0.3100312327760426
main,DK,1992,0.21726736528420584,0.06113845504144725,0.5043220604371306,1.777097143567469,0.3108339866718934
main,DK,1993,0.20903446232531858,0.05936654551133369,0.5073007307110947,1.8497233877432175,0.3093499729148801
main,DK,1994,0.2218214552304114,0.0667456773167903,0.49252253412449415,1.7952519525606485,0.3084560331859416
main,DK,1995,0.22040931334241748,0.06672447803458964,0.49466227374218213,1.7980617431996477,0.30767100760912874
main,DK,1996,0.21957311180579836,0.06534569011227147,0.49521142276407,1.8037430033242696,0.3118524158283754
main,DK,1997,0.21696270826966935,0.06555981023674375,0.4950545413440344,1.8322830121140188,0.313321207940042
main,DK,1998,0.20613501496326214,0.05920362323818805,0.5096777523210569,1.868968339253096,0.31519092987144215
main,DK,1999,0.20967554297629243,0.059208005959332836,0.5083324399960606,1.83656459961495,0.3179336354334162
main,DK,2000,0.2269463701278586,0.06951236853619805,0.48819309730514965,1.766995661195394,0.3165399934947052
main,DK,2001,0.2164018747047739,0.06383855414751356,0.4995895095851467,1.8128234078054162,0.3167480425935074
main,DK,2002,0.20989200935522453,0.06035950063217566,0.5067498268345043,1.8432689979922727,0.3172383279742765
main,DK,2003,0.20563042018762395,0.057333733844479394,0.5096515950887028,1.8749586413922965,0.3204406926832301
main,DK,2004,0.2132326587105188,0.061121221447592,0.49914554984963555,1.8497181428847704,0.32300317588472816
main,DK,2005,0.2165647780050273,0.06123649687946105,0.49517639123520274,1.8358749155155119,0.329165626525282
main,DK,2006,0.21881241674854948,0.06160254232905815,0.49344045021187816,1.8215997898044822,0.3291706990902852
main,DK,2007,0.20698877835568952,0.053375907042645956,0.5080259193746884,1.8687893096127657,0.33387783363243667
main,DK,2008,0.1994211435768161,0.04999228975037361,0.5158854087553544,1.9117137041650212,0.3337094804774924
main,DK,2009,0.18703049170300431,0.044283034364985034,0.5339057701913125,1.9581703911055488,0.33444585171022145
main,DK,2010,0.20551690332690098,0.05438833771408903,0.5077198265492615,1.8876071051129184,0.3376513471250584
main,DK,2011,0.20811726459235774,0.05514388267897695,0.5009498936939959,1.8969775789906975,0.34161528496710564
main,DK,2012,0.21171030537854854,0.0571147660782309,0.4936539001399063,1.8980393098562804,0.34252393915741786
main,DK,2013,0.21848418194933533,0.06013807431997661,0.4874744997051941,1.858349787078443,0.34199146214034587
main,DK,2014,0.2232622367244537,0.06245850542970749,0.4845716471256844,1.8240514341276322,0.33958481085517866
main,DK,2015,0.2253373127860385,0.06262401221868932,0.48539012861970615,1.7983411585680682,0.3402559928182366
main,DK,2016,0.22623799609819237,0.06294477668433454,0.4837397429512622,1.7981946179978565,0.3404894118684031
main,DK,2017,0.23424388743340102,0.06649717293261871,0.47435856087347683,1.7696335658195654,0.34337583416347106
main,DK,2018,0.22805950317135712,0.062446701273150364,0.4797739053423979,1.8013241739896424,0.3460821214658213
main,DK,2019,0.22713365601503382,0.060052213440375785,0.48113696191811356,1.803258257993916,0.35034043394380404
main,DK,2020,0.2209845640549754,0.056347918567106275,0.48753260745239413,1.8314863463787745,0.3489985336584206
main,DK,2021,0.2446760244134778,0.068808941119135,0.4623919447829465,1.7348321457497249,0.349681105864243
main,DK,2022,0.26216514333071755,0.07884879920318096,0.43570474044547747,1.7167372371009892,0.3491864851477064
main,DK,2023,0.22548797386794675,0.05953378875986071,0.4740373983433024,1.8585153876634528,0.34814255126367544
main,DK,2024,0.23734619826949432,0.06639360207758231,0.4620817328073718,1.8043049677786214,0.3476752412876437
main,DK,2025,0.23816794727933907,0.06816697699932783,0.4625771441548182,1.7939097676413223,0.3445891450745744
main,EL,1995,0.6456224989074453,0.18540465075859616,0.23846320037296792,0.941075618233482,0.37250527785627613
main,EL,1996,0.6350391187895497,0.18414927437231352,0.24089997402165797,0.9544594983605557,0.36940047050751096
main,EL,1997,0.6307267765669443,0.1836166654348354,0.24661042401590608,0.947868079155951,0.37661500114288204
main,EL,1998,0.6154144641281065,0.18129300413786392,0.25035054752939173,0.9677707287273831,0.37712496193706224
main,EL,1999,0.5893438510007619,0.17126623567164567,0.25549278591394836,1.007788764952846,0.3905057852181386
main,EL,2000,0.5705689290205316,0.16489232575299625,0.2526085431938214,1.057297094481174,0.40827285988413026
main,EL,2001,0.5562996059048225,0.1656894799711436,0.2533051730252076,1.0889478486361892,0.40663945295684095
main,EL,2002,0.5317628246492636,0.15919526833737402,0.2772658705270624,1.0818628537300974,0.388760098614158
main,EL,2003,0.5517486066570926,0.16698260848591234,0.2708237175578529,1.0507496831618057,0.3976753846893303
main,EL,2004,0.5817374864163583,0.17497101568584952,0.2619386433674751,1.006780278597068,0.40784006284517543
main,EL,2005,0.5669769824491242,0.16801301418014464,0.2745671438543884,1.0049078235631925,0.4048861639185907
main,EL,2006,0.5751965455524684,0.16791492259536953,0.26765862337514323,1.0055433495634336,0.4127188765955555
main,EL,2007,0.5746610102495662,0.1659615028674172,0.26831053655079173,1.0049435217529847,0.41883230813689465
main,EL,2008,0.5564501008444295,0.15942984955007716,0.2690038724513843,1.0446738974678005,0.42787849561334795
main,EL,2009,0.5393941677308941,0.1509586635247154,0.2719507183977751,1.0778029963391842,0.44299837661560276
main,EL,2010,0.5108923999485081,0.13829604291867015,0.28279822097730795,1.121023364732281,0.4438563844883796
main,EL,2011,0.4769295719275802,0.12430999297139131,0.2960310239810596,1.1800128564051942,0.43731137996421227
main,EL,2012,0.4550804250664821,0.11549823012480548,0.29590232878225337,1.2512916009827677,0.43979001703552595
main,EL,2013,0.465390838569772,0.12251847451795697,0.2900808145957993,1.2353449707202748,0.42114325946503894
main,EL,2014,0.4752488758350011,0.12720479543783225,0.29572747239343555,1.1861750915404068,0.41601907900991986
main,EL,2015,0.49635598273244835,0.13688272291895803,0.29191049859007034,1.1346654389293782,0.4126679092796216
main,EL,2016,0.49010569358780093,0.13536170468236047,0.3039825172786807,1.116154999643738,0.409045189745301
main,EL,2017,0.5123273130892663,0.14532824919093099,0.30041022130816597,1.0651031152215609,0.40547226024137
main,EL,2018,0.5173796628840598,0.14814450820212402,0.30788612248534686,1.0298430678283237,0.4011775006065319
main,EL,2019,0.5399818192850944,0.15880058290732785,0.30817406489047494,0.9730282097073323,0.3956628879777296
main,EL,2020,0.48918560396223393,0.13706446320572493,0.3232416462090513,1.0601971719193655,0.4024493721875565
main,EL,2021,0.5380101346338316,0.15760371067942577,0.3135144201024203,0.9624570453139331,0.4001346380674874
main,EL,2022,0.5952617240335504,0.18512025995609982,0.2944547170913055,0.8908143073100153,0.3916379473279956
main,EL,2023,0.6185281813683596,0.19660634308141728,0.2879374058019099,0.8632835339179357,0.3917756296107861
main,FI,1980,0.1900524332478,0.07539608218216601,0.5198457341339595,2.0065847759137125,0.2662269993449652
main,FI,1981,0.1817092049378796,0.06863675763491874,0.5350815086499566,2.023503740286572,0.2665714762991895
main,FI,1982,0.18718972718100438,0.0715453319851702,0.5270208849108107,1.9997156097251314,0.2677373148651223
main,FI,1983,0.1900097439918394,0.07127407102179042,0.5216177819942456,1.99605424869014,0.27120731842023343
main,FI,1984,0.19083089900493713,0.07054820039724588,0.5249846792547825,1.9642103264917872,0.269924302857438
main,FI,1985,0.18400731004342988,0.06461220152431084,0.5405133366884751,1.9565975835411378,0.26902134976357645
main,FI,1986,0.1843182392832747,0.06390196192626156,0.542273096178393,1.9410780122169975,0.2680586336359128
main,FI,1987,0.17938765394981562,0.05876867782536462,0.5488666698764759,1.9659849388620518,0.27258848219012327
main,FI,1988,0.18492028685182102,0.05842182695664389,0.5432873628802438,1.9264937784702774,0.2771344668212838
main,FI,1989,0.1843510273573623,0.056339412421179264,0.5440133600856719,1.9294561206696663,0.27789401023320026
main,FI,1990,0.16903705027248483,0.04789309785280962,0.5673810478839673,1.991933323839027,0.2737375696983279
main,FI,1991,0.14339518251340663,0.03281814739997186,0.6027462578203667,2.167596059241034,0.2805546958286048
main,FI,1992,0.14823011310614873,0.038310579930502194,0.587229062873762,2.1974341103280928,0.27983656344246693
main,FI,1993,0.16641033972345562,0.051490478165510556,0.5482725300227168,2.1662671477880115,0.28027468880095097
main,FI,1994,0.1878152170959903,0.062026658845270935,0.5216259734472947,2.02542018154138,0.2778319114482198
main,FI,1995,0.21409537450613236,0.07418478471875005,0.502715356067895,1.8200094813052785,0.2733301435794715
main,FI,1996,0.21372815680361865,0.07477150688943815,0.5091762496416338,1.7873098928433422,0.2698418688158632
main,FI,1997,0.23056888713369736,0.08358001842461264,0.4940059895099994,1.7005399302809723,0.2695088862142465
main,FI,1998,0.24404758860932474,0.08992281220228261,0.48848287376772337,1.607490002453239,0.26435441666771287
main,FI,1999,0.2460451577030843,0.08879855302374771,0.4929621766139813,1.56778889899909,0.26202408179739
main,FI,2000,0.25597957538296157,0.09188469546675003,0.4852421533984619,1.5256911245063396,0.2623896112102877
main,FI,2001,0.2602493189943123,0.09365714076084963,0.4815121547230477,1.5107614361572563,0.2612081981672223
main,FI,2002,0.2600790475870316,0.09295704334667197,0.48306176799060735,1.5045579068946098,0.26669274908711527
main,FI,2003,0.2581370839299977,0.09037879384799953,0.485871345469606,1.505817127581468,0.2696943972835314
main,FI,2004,0.26479185058801463,0.0926036167035884,0.4811973471948378,1.4780874708729164,0.2707269368684125
main,FI,2005,0.2574156588160407,0.08603810812981083,0.48964280740843896,1.4929762567887481,0.2731054977711738
main,FI,2006,0.25812505799094076,0.08470617911070907,0.49121304824926015,1.4798739733315598,0.27353758390912
main,FI,2007,0.2750118350963317,0.09177805315270876,0.47495537918201497,1.4342156229825693,0.2719514750739283
main,FI,2008,0.26174987345569073,0.0831067272608505,0.48706456329583614,1.4725751107649578,0.27608387026318665
main,FI,2009,0.2193260784056641,0.061930155256343475,0.526157332470055,1.6342910326966655,0.2816988553498033
main,FI,2010,0.23677519145885992,0.07017352978791228,0.5148230892322915,1.534280568031602,0.280778867337682
main,FI,2011,0.23661202584258192,0.06858166534102933,0.5181035122892997,1.5185490458156976,0.2812538629527381
main,FI,2012,0.22117307421489932,0.059142230009764936,0.5336812179425322,1.5747073538253697,0.2828730163479857
main,FI,2013,0.22240454863760362,0.058452555524750226,0.5309413943098988,1.578091935104632,0.2852578686027419
main,FI,2014,0.22815429409271265,0.060247212804879054,0.5240387054687783,1.5620990831007864,0.2868162762022195
main,FI,2015,0.23182310935214662,0.0634560427591902,0.5243065363538784,1.5276608666177052,0.27615723589283625
main,FI,2016,0.2368789564875376,0.06446615880872206,0.518966075203294,1.5117500843472214,0.27724557214502843
main,FI,2017,0.25350011247998516,0.07174005482624785,0.4979821538542172,1.482363500569976,0.27650602983028905
main,FI,2018,0.24718296865157888,0.06778060619566366,0.5038219611098694,1.5035090520131549,0.2771517050556136
main,FI,2019,0.2430130007081263,0.0648844178718722,0.5064715147515673,1.5244012525914075,0.2776776439042148
main,FI,2020,0.23659501352413853,0.061872865773574995,0.5066622778976952,1.578494610043107,0.27804886848442756
main,FI,2021,0.23734738071626618,0.06185356043878309,0.5086369948285769,1.5615902126029497,0.28048532674038573
main,FI,2022,0.23505828079019184,0.06064481334715947,0.5074269071356559,1.5881091072028677,0.2817764529606228
main,FI,2023,0.2217789512247502,0.05545367721452744,0.520927592549133,1.6392071037565423,0.2788975854461938
main,FI,2024,0.21932014165582014,0.056265409128131494,0.5236378378378378,1.6483567567567567,0.2756779794082681
main,FR,1978,0.348242035622361,0.08073935622498171,0.4724098688214224,1.0426000300717269,0.3571828394398045
main,FR,1979,0.346076174364547,0.0783379436437459,0.470187670509749,1.0607247954034964,0.36115311401896943
main,FR,1980,0.33462726834099055,0.07270476239451297,0.47454234980252813,1.095735089936848,0.3652430140097899
main,FR,1981,0.32805849261322184,0.06914264883111924,0.4752265247086249,1.1244073427495134,0.3701174140112719
main,FR,1982,0.3311029736918347,0.0689807524569916,0.4739246306987304,1.1149326466475618,0.37410088384900336
main,FR,1983,0.34270696525947836,0.07234661835558698,0.4672186587187738,1.087407874412335,0.3760454351182122
main,FR,1984,0.35427467038996,0.07616132245254713,0.46106489025345193,1.0601703398953117,0.3760389579949648
main,FR,1985,0.3653854372485187,0.0792892230801035,0.4547820513857556,1.0373900305667383,0.37788754843567374
main,FR,1986,0.3900791446786768,0.08831466861144206,0.44046794224981917,0.9939385503379576,0.3781388286992329
main,FR,1987,0.3938699670233415,0.08851934617772027,0.43824974600286953,0.9879830237676678,0.3781958356399409
main,FR,1988,0.41233011966203587,0.0954778244285873,0.42756512728211343,0.9607275183948012,0.37825727256792613
main,FR,1989,0.4258547941671664,0.10052632307575797,0.42173081772433946,0.9361714301687886,0.3765942413723566
main,FR,1990,0.4203247010283181,0.09756925293588746,0.42735763317819214,0.9350233199774204,0.3742354877405096
main,FR,1991,0.41191304957687264,0.09317476211117635,0.4324898538710899,0.9452527224125958,0.37425248401697064
main,FR,1992,0.4189563604800886,0.09501452694906991,0.4316023139631206,0.9250967116479087,0.37276986633577053
main,FR,1993,0.4166424913621815,0.09245989655851497,0.4352072820859856,0.9203738927180215,0.37174507324756034
main,FR,1994,0.4273112384490761,0.09435518122959682,0.43002494592394647,0.9038389986443616,0.3748132212579761
main,FR,1995,0.4335353980348601,0.09539432829050808,0.4302136321433131,0.8840651336493501,0.3737396415461841
main,FR,1996,0.43690871156748307,0.09348932700701428,0.42932324127684285,0.8768460879538766,0.3780639210765151
main,FR,1997,0.4503731235577097,0.09651382559962675,0.4236877117631417,0.8559452372110242,0.3794285450054525
main,FR,1998,0.4637426492988451,0.1003712276806934,0.4188080500711997,0.8344559117566209,0.38015138959331246
main,FR,1999,0.46094536805351555,0.098011027357292,0.41942666688974745,0.8401007594555981,0.38504894275969725
main,FR,2000,0.4673860610406314,0.09976675039722085,0.41576574818692447,0.834237836670276,0.3880828574683936
main,FR,2001,0.4655173977722143,0.0979301465177487,0.4173343524671871,0.8343173587711568,0.38864955699113474
main,FR,2002,0.4573825450327397,0.09394724005986783,0.4228763928558034,0.8389199161898026,0.38757405284065166
main,FR,2003,0.4546276675080387,0.09098224540406884,0.4224744400655311,0.8478520297247335,0.3900103112852774
main,FR,2004,0.4603203793985026,0.09124672213574009,0.4176653088272247,0.8473985841372969,0.39225056788599233
main,FR,2005,0.4571828997010128,0.08872937826083334,0.4169336939513732,0.8584121390400596,0.39486336527615185
main,FR,2006,0.4551816052882899,0.08685943033897882,0.41715171121537553,0.8633224600013562,0.3955061948037497
main,FR,2007,0.46105520644047254,0.08815282561251833,0.41171239254172076,0.8642467534358094,0.39623601815884313
main,FR,2008,0.4517264350448781,0.08505464601840461,0.4156159231333224,0.8780521722674265,0.3944531284864558
main,FR,2009,0.4204444577919637,0.07379830422157929,0.43006467007701593,0.925489718524269,0.39551564472851575
main,FR,2010,0.42204679998418937,0.07361926492704493,0.4277458827888128,0.9281561575361579,0.3972019566027402
main,FR,2011,0.4207159783278212,0.07253731719495043,0.42700314161191755,0.9349533513777645,0.39936169293239804
main,FR,2012,0.41073145520841536,0.06880109393615674,0.432592592788832,0.9488633439697768,0.40009952427470163
main,FR,2013,0.4095048868924091,0.0681276499195049,0.43418806139306354,0.9475095854914158,0.3991636000201821
main,FR,2014,0.4115803553489874,0.06768583159071084,0.43468666511670495,0.9388320841053136,0.4000367926793749
main,FR,2015,0.42103864650631795,0.0698959611137904,0.4305828523453133,0.9218277930421813,0.4009468365021253
main,FR,2016,0.4171383669233445,0.06733922938168045,0.4324250337412198,0.9282145316025279,0.40366721972047565
main,FR,2017,0.4128092914325761,0.06457207117102416,0.4349414016313661,0.9338712925008459,0.40669406645655165
main,FR,2018,0.4109468878569819,0.0635242398405444,0.4349302684510658,0.940112950626895,0.40789095390253816
main,FR,2019,0.42089641630431257,0.06714808752685196,0.4261943086681486,0.937100005809891,0.4075006047668094
main,FR,2020,0.3858752215385969,0.056810440845143945,0.43611756578999344,1.025190138710034,0.4087158157055392
main,FR,2021,0.3932559211783174,0.05765910562561018,0.4327400283541629,1.0097302336221838,0.4102893082837243
main,FR,2022,0.39046830383378944,0.05669668646631005,0.43654788553354484,1.0064683821999298,0.4074941049311376
main,FR,2023,0.41159940199079165,0.06346310502326558,0.4265652787176953,0.96662119946658,0.40669275746734007
main,FR,2024,0.4113568368581461,0.06378962185979586,0.42910834996477665,0.9587174958278187,0.4053705680246776
main,FR,2025,0.40383675688144627,0.061963381343760796,0.43289539476411265,0.9713963037312066,0.4051536314685658
main,IS,1995,0.30069341119002846,0.09132230314545071,0.4732726825670026,1.2784361937546103,0.28251388526484517
main,IS,1996,0.28711294449376007,0.08522705907421561,0.49138588904562597,1.280091575515112,0.2831939009580353
main,IS,1997,0.29461716611692046,0.09068707999501376,0.47881145505710976,1.2902251282900186,0.2841011044766884
main,IS,1998,0.28629975368948324,0.08628522396466683,0.48941510861741194,1.2939775936213798,0.2983064302725589
main,IS,1999,0.26015406487822557,0.07252246982901486,0.5231793718918182,1.3096600585870977,0.2992449300818943
main,IS,2000,0.26378931383127524,0.07530430125176014,0.5221866720715764,1.2891578474946794,0.30151629582292455
main,IS,2001,0.28512181148080684,0.08836781950560797,0.4986768906931288,1.2596000601413324,0.30126192934038387
main,IS,2002,0.28503203630517254,0.08557590383656574,0.5001458353588244,1.25353129904582,0.3017799666498624
main,IS,2003,0.27141718891255373,0.07385369972058613,0.5127831336899867,1.2823016516991461,0.3138766722484957
main,IS,2004,0.280057636476471,0.0766680855391778,0.5061385192080304,1.2572894915595363,0.31968890016062224
main,IS,2005,0.2639296021087554,0.07050393617779926,0.5199177456521964,1.2990606884151574,0.32039333279304105
main,IS,2006,0.23899981014249574,0.06407003668643887,0.5306535802817469,1.4331405308450396,0.3184630118548429
main,IS,2007,0.2598137257145472,0.06857252583860307,0.5054879960974251,1.3978448726436463,0.34335181622722644
main,IS,2008,0.253247928879566,0.0805601750547046,0.4862848893166506,1.54222177194671,0.3137398577402867
main,IS,2009,0.2626412727842838,0.09373590875154314,0.43311558380414317,1.7252824858757063,0.30908066749595137
main,IS,2010,0.27455819487902705,0.0958375804160749,0.43027721892718096,1.6447756904345097,0.3119555453424973
main,IS,2011,0.27242312630735,0.09100985379480014,0.4417708384801622,1.6073546123820348,0.3193773075019982
main,IS,2012,0.26920187416485536,0.08977208456258887,0.45143798716855005,1.5862967594161574,0.31271905634529507
main,IS,2013,0.2660685164117711,0.0879519610047833,0.4676213009789299,1.533286984603998,0.30770124674203564
main,IS,2014,0.28578158368577533,0.09775841670591212,0.46102133288581326,1.4249597725545167,0.30562329011538003
main,IS,2015,0.2965860793729646,0.1050459800281155,0.4605757405904646,1.3582023374298315,0.30405653102759556
main,IS,2016,0.2961104734406985,0.10146198570067577,0.4733489540218596,1.305213755559609,0.3041334928427045
main,IS,2017,0.2797170484428829,0.08976599867214062,0.4999119221026929,1.287923609128515,0.30403714102087065
main,IS,2018,0.26926354108991807,0.08440526197121186,0.5177113334718965,1.273428545978206,0.2960669212819043
main,IS,2019,0.27716518465894757,0.08937097543073771,0.5048480619782016,1.2816387171282144,0.29473648830330734
main,IS,2020,0.2544343850022864,0.07832504289372218,0.5096786927772842,1.417424466720241,0.2974795468236849
main,IS,2021,0.2738131271973736,0.08673059885240941,0.4987059647413452,1.3320829400481078,0.2961021101035713
main,IS,2022,0.2950827416598351,0.09880561621322198,0.4883293981593023,1.2456608683081967,0.2902206876265049
main,IS,2023,0.2746064790392351,0.08959159809752006,0.5061686118078244,1.2921552657639728,0.28812235600390496
main,IS,2024,0.2610199611325721,0.0821117509875779,0.5131280992284888,1.3521388277105921,0.29201110350225
main,IS,2025,0.2638680436882384,0.08418276519840512,0.5083556480225295,1.354864865933875,0.2915587207443584
main,IT,1995,0.3814276801338057,0.14366924480750848,0.3522056888768001,1.3461354249509963,0.3110656562502169
main,IT,1996,0.3878778450255746,0.14578842616460477,0.3532839774988965,1.3140348209193595,0.3119504688692958
main,IT,1997,0.3842851902110486,0.14372774178070966,0.3580483365424124,1.3124601290714437,0.30893756473803413
main,IT,1998,0.39288089896178335,0.14898740101077207,0.34588377662534264,1.3190386594187804,0.30625218362007994
main,IT,1999,0.3931961740565469,0.1479164403816914,0.34686569546029344,1.3142244870850157,0.3090194990715704
main,IT,2000,0.39819291715454364,0.1503852392440827,0.33982408263698066,1.3181057521792345,0.3118219225234489
main,IT,2001,0.40002710077404274,0.15161881545479955,0.3381476625657647,1.3163710841730614,0.3136675516784403
main,IT,2002,0.38934525769166045,0.14567944600547506,0.34180425333323405,1.3487152371802986,0.3163679383646103
main,IT,2003,0.38674907209593545,0.1438967762039265,0.34197017602500246,1.359468486539569,0.32026510853583884
main,IT,2004,0.38250140964066254,0.14128761503264128,0.34105174305950353,1.3816824491086754,0.32244980887150543
main,IT,2005,0.3706549549687555,0.13404963788565824,0.3469652408862857,1.4148748488240008,0.32400357768558896
main,IT,2006,0.36210783732659474,0.12969375763769583,0.3513525617782737,1.4399575711661667,0.3242641081855419
main,IT,2007,0.3605624506776853,0.12839082781269226,0.3506125081463111,1.4504277572311581,0.32385458738312095
main,IT,2008,0.34620669596429704,0.120884964901616,0.35737341776634,1.4988199768869266,0.3263015334627081
main,IT,2009,0.3191237398818179,0.10600207551988536,0.37118092208618225,1.5992744196150972,0.3309629482961378
main,IT,2010,0.31730333888908646,0.10438453444465978,0.3691605299159128,1.6189668950671487,0.3342590645797907
main,IT,2011,0.31553918875350934,0.10291174217163244,0.36613246892949325,1.6427068564630394,0.33727740363401515
main,IT,2012,0.304239072305224,0.09732680815236397,0.37147153087169293,1.6944316562697133,0.3360683332872475
main,IT,2013,0.3068150483059128,0.09720678327810345,0.3708464651416492,1.6797489614263705,0.336000257367053
main,IT,2014,0.3117511289574102,0.09859401502373832,0.36955108194784836,1.652731628496739,0.33606913505233765
main,IT,2015,0.31694841785869077,0.10018390147320405,0.37002788670208436,1.6175892705439388,0.33623983178583094
main,IT,2016,0.3288597621301862,0.10386958681237429,0.3675391092708601,1.5556541893935314,0.3372716087149657
main,IT,2017,0.33556368664070846,0.10595455193876956,0.36733866891014805,1.518030208227172,0.337466393498808
main,IT,2018,0.33604976439495565,0.1049896200553322,0.3705354254009823,1.5025936206268995,0.33840725451161546
main,IT,2019,0.3359640438928328,0.10505370547771857,0.37396880115938497,1.4894186958678535,0.3377250204741091
main,IT,2020,0.307637046557577,0.09183234155308678,0.3839463262755748,1.618587765824173,0.34112925636452357
main,IT,2021,0.3274299312724373,0.10017936929784825,0.37834143663908487,1.52025885608634,0.3359554041163305
main,IT,2022,0.3375667669782682,0.10454948149346188,0.368853622984032,1.5008398384478505,0.3317317883224487
main,LU,1995,0.450305562661664,0.15363836500584674,0.3606189511409591,1.0592636838409195,0.41865972674040336
main,LU,1996,0.4530281275614893,0.1551052939084489,0.35828722823969456,1.05820930413777,0.42152409949297326
main,LU,1997,0.4668515277397043,0.1645337474644247,0.3440439684162186,1.0610195102439894,0.4315853882396133
main,LU,1998,0.454598079725333,0.1568270869572857,0.3483414525970913,1.0851413896459714,0.43534172870428356
main,LU,1999,0.4839953323459452,0.17633314378575918,0.3300801997850571,1.0540649674168956,0.443873439184451
main,LU,2000,0.4927174399219289,0.18071964366534016,0.32543199429945674,1.0436447848935604,0.45140765765765767
main,LU,2001,0.45640779373552803,0.1587216807883923,0.3416228117280636,1.1008967887444963,0.453391760106543
main,LU,2002,0.4436589734296542,0.1491575646900734,0.34961828123388017,1.1163313731558855,0.4560258756300362
main,LU,2003,0.4498880579240699,0.15341384893090418,0.34837590494448367,1.1000379472976103,0.45081069322622486
main,LU,2004,0.4575427203716656,0.1561115915694143,0.34225055232946977,1.0953189212624939,0.45631260028868487
main,LU,2005,0.46229008366643853,0.1592268128223753,0.33863973965980615,1.0919777096588617,0.46018341089515463
main,LU,2006,0.5222796075862128,0.1925685172781193,0.31643751206402465,0.9923681123698941,0.46190262777500746
main,LU,2007,0.5505299863504521,0.20253686004777902,0.30561010383601445,0.9557015656103727,0.47315517940988927
main,LU,2008,0.5484025614657387,0.19891649682292295,0.3066179657418516,0.957748911766738,0.4741884926726018
main,LU,2009,0.5004286420040104,0.1694060731542984,0.3277366421153997,1.0156384196965356,0.4703890819432542
main,LU,2010,0.5403548394607558,0.19309528616481364,0.3093789150728632,0.9687091753684816,0.4732239218885381
main,LU,2011,0.5103842407186924,0.17734633727398708,0.3212518316573728,1.0086249830868577,0.47132062063247665
main,LU,2012,0.5015981675154509,0.17629979141824606,0.3174421515682558,1.0433240805187447,0.47321758741434333
main,LU,2013,0.5075808893656464,0.17912257738400955,0.31172278124292546,1.0442723580091748,0.47869678547961064
main,LU,2014,0.5082701409740954,0.17933970629985388,0.3078745127157973,1.0538531031495573,0.48260715845517127
main,LU,2015,0.5227416292731459,0.1905623936442315,0.2987913140851737,1.0426145480992342,0.4835562153555138
main,LU,2016,0.5263934945260037,0.1894590637410245,0.2962398577749262,1.040707026150343,0.4884610206005116
main,LU,2017,0.5099594380405749,0.17679478229269274,0.30577007895806485,1.0555733324108585,0.4906412634384398
main,LU,2018,0.49604014128555135,0.16226459516852765,0.3165501057180697,1.061261561923752,0.4953972134117187
main,LU,2019,0.48500966055490696,0.15296030737186092,0.3232949168892695,1.0719455043767772,0.49539525521482963
main,LU,2020,0.4859965628441758,0.15218787868727285,0.32106744295045847,1.0759230070976964,0.49627363495895105
main,LU,2021,0.5287991489990711,0.17358872155203348,0.30475017135321314,1.0100209094300658,0.49728499663665904
main,LU,2022,0.46846959642752806,0.14212187088274045,0.3185497470489039,1.136080944350759,0.4992829859592482
main,LU,2023,0.4637565635884629,0.13523771354019984,0.321680535314121,1.1409822449971008,0.5034482424969581
main,LV,1995,0.16594665292695493,0.08397778334908299,0.5114352392065343,2.4326721120186705,0.2265749073583907
main,LV,1996,0.17223944089942259,0.07998956618725094,0.5248138957816378,2.2340553953457185,0.2521859620622103
main,LV,1997,0.19988019169329077,0.09709963151375398,0.4879106085083468,2.0740710823909527,0.26564272977792186
main,LV,1998,0.21333436805804806,0.10404992809730594,0.46958660942549807,2.0167140996575177,0.27280197206244866
main,LV,1999,0.2357115199322834,0.10779602015898583,0.44008556149732614,1.935336898395722,0.3176572035022553
main,LV,2000,0.2767673461754255,0.1295757304377029,0.39622609434764133,1.7852953676158096,0.3466573230553609
main,LV,2001,0.3041131625699957,0.14828174116894882,0.3805219197117073,1.656476660202477,0.3382548196930267
main,LV,2002,0.33201256802185486,0.16445684565789404,0.36112520435199286,1.5631236259090142,0.3411667909392435
main,LV,2003,0.33961617801475996,0.16529177650281693,0.36882897595947584,1.489654408813475,0.3383075929880319
main,LV,2004,0.35286838150799976,0.16976491396145774,0.36391827129322063,1.438685084633581,0.3362024637259943
main,LV,2005,0.34156703883015516,0.15545131904913526,0.3834104476828974,1.4217682792483708,0.3389171294705042
main,LV,2006,0.3258563672373495,0.13208650080626586,0.3926080654787279,1.471378634154659,0.3552276004984668
main,LV,2007,0.3262306869398993,0.1219559289013466,0.40555395775413033,1.4166107436167834,0.36703873278072036
main,LV,2008,0.28559460241078805,0.09853535362995902,0.43699049611792573,1.534368553141218,0.36743861559665814
main,LV,2009,0.25144950795265963,0.08325466820379351,0.42782884359872886,1.8476624113254754,0.3746010472155651
main,LV,2010,0.24801441891290094,0.0899704859169935,0.4061925430900588,1.9880531604973513,0.36725779451768154
main,LV,2011,0.2585975644255699,0.09673248918801548,0.3945044925695316,1.9469541703357927,0.3671050657598639
main,LV,2012,0.2631800688435244,0.10188450288425839,0.39033439236940287,1.926199721743464,0.3607581305190609
main,LV,2013,0.25290302904755335,0.09433899596891204,0.40861169980152723,1.929787735055673,0.35845269784932604
main,LV,2014,0.25072967570897725,0.0896976315793909,0.4166315338863773,1.910051434390343,0.3637264127581596
main,LV,2015,0.2481349466146149,0.08772146243557,0.4299296232336175,1.8674911332701984,0.3623929427100067
main,LV,2016,0.2511738921014889,0.08404131555520454,0.4398994323568591,1.7900320424352247,0.36571754873205803
main,LV,2017,0.2575898259817218,0.08469303667078697,0.44554977936965967,1.7069041015910085,0.36347376947939974
main,LV,2018,0.25235105481084663,0.08085595267874664,0.4671526786872487,1.6443792969256714,0.35109733684096717
main,LV,2019,0.2499017774170401,0.07692776938409267,0.47819124112691275,1.609864171149265,0.3481742880292489
main,LV,2020,0.23282373250912136,0.06569929612761227,0.4908338499846265,1.696083027122933,0.35148346708401323
main,LV,2021,0.2532092612101538,0.08115040370211882,0.46847962671879156,1.630655178781341,0.34453119584601516
main,LV,2022,0.2609656159511184,0.0842749270335558,0.4648593897050613,1.5857579237849129,0.3477579704792919
main,LV,2023,0.2585854470491551,0.08273343325803792,0.4600658026284697,1.6279642993474275,0.3565955715992577
main,NL,1995,0.3413939887371017,0.09505539330958014,0.38519752309704675,1.4156615933075951,0.42551928305399295
main,NL,1996,0.34855438362251334,0.0954169806928816,0.3814611442830743,1.393122349083078,0.4291755282060894
main,NL,1997,0.3689682674175398,0.10174572359261685,0.370393496808088,1.336003932972569,0.4361409568900714
main,NL,1998,0.3784075035576579,0.10370719877947282,0.3708498930458904,1.2917759826015416,0.4360288471687844
main,NL,1999,0.3785899215934595,0.09971422197197463,0.3751582015519732,1.275286680388121,0.44008471423256346
main,NL,2000,0.38487729585080055,0.09882428564759453,0.3745365491651206,1.2505617810760667,0.4436787082721553
main,NL,2001,0.38778054646025006,0.0974168460465617,0.3734202466915793,1.2423899300384929,0.44436733362876996
main,NL,2002,0.3837971931673063,0.09284409679317561,0.377272235446873,1.2452715862367454,0.4447585075720178
main,NL,2003,0.38145478546129413,0.08904551248406688,0.38023735138994696,1.2444968824736358,0.444722673375171
main,NL,2004,0.3908221112916957,0.09129758848313793,0.3748797553068851,1.2246209552006313,0.4446100119972796
main,NL,2005,0.406502724268507,0.09618928482976034,0.3645184160556076,1.1987714366456947,0.4470104659077661
main,NL,2006,0.4286068479522978,0.10311085312436406,0.3516758950180879,1.1609553381955913,0.45051537386443047
main,NL,2007,0.44394933881118204,0.10605478762868215,0.3461896866263885,1.1265241034749778,0.4554369593492578
main,NL,2008,0.43771392510021495,0.10274614926234482,0.35188351141839513,1.1288015922899644,0.45435466264684476
main,NL,2009,0.39241390137493387,0.08461654628983382,0.3770789611752361,1.2103292235047218,0.447710681352459
main,NL,2010,0.3977558726251931,0.08819029104008234,0.3697161343470575,1.214883639109616,0.44745751843539594
main,NL,2011,0.40017870735016714,0.0916025752646554,0.36925705844551454,1.2068961200457349,0.4467452569188495
main,NL,2012,0.3938454055769266,0.091133824632924,0.37204605632839083,1.2223712830125302,0.4466716418830989
main,NL,2013,0.39336007049979316,0.09249820647146617,0.3693506664689503,1.2338861153675054,0.448453180214731
main,NL,2014,0.3983730869635225,0.09711846566699228,0.36583702005360547,1.226045064100494,0.44862095922955014
main,NL,2015,0.41372955078716794,0.10517100177183188,0.3551748564247369,1.2033919472962187,0.45011389934560747
main,NL,2016,0.4164459203246171,0.10573147023922917,0.3576171886120321,1.184918780733602,0.4500644988063343
main,NL,2017,0.4286707350894865,0.1110761954802279,0.3528421273950232,1.1568430916574983,0.4508291064607677
main,NL,2018,0.4324272583613146,0.1101893576518641,0.35516615540595486,1.1360299524380475,0.44950388844194156
main,NL,2019,0.4324162659550782,0.10906786931996812,0.3581023196465363,1.1263415620740176,0.4459372821590487
main,NL,2020,0.3875797552134639,0.08758442894437969,0.38663607695429714,1.1959128430941346,0.4396721876307435
main,NL,2021,0.42185090423884786,0.10083391206264546,0.36632988620137596,1.1357887709624979,0.4406428519180083
main,NL,2022,0.45314993692146344,0.11538467969694487,0.34726576344197846,1.0931719005075335,0.44196284267397296
main,NL,2023,0.4505648997507519,0.11391713009239061,0.35262545166712067,1.0841809855209528,0.4393076929363594
main,NL,2024,0.4518907350640583,0.10962895338909442,0.358518446448443,1.0610316876356805,0.4391725040617616
main,NO,1975,0.17290646106235227,0.07142702717310523,0.5193026217743087,2.260798105938496,0.2793886859975652
main,NO,1976,0.16452401706302983,0.06396599921630951,0.5313778480873597,2.3169731725001648,0.28500390246209883
main,NO,1977,0.1527032419412402,0.05726229244035058,0.5429310249678737,2.450253462942378,0.28473650318855026
main,NO,1978,0.15603379672969891,0.05808475030500887,0.5375323283897225,2.426361913134255,0.2896639352764236
main,NO,1979,0.17250178127258742,0.07060118172108361,0.507308131696978,2.3488471188071895,0.2870270465609722
main,NO,1980,0.19722382101589025,0.08740701381509029,0.47073116388862135,2.212863715194142,0.2891529014863212
main,NO,1981,0.2003754777119694,0.08919750594813193,0.4645083844731072,2.207932483249427,0.2921592856262903
main,NO,1982,0.19330677708891944,0.08491789300687871,0.46715224503301095,2.2893354632167817,0.29545296817837824
main,NO,1983,0.19803429743759526,0.08887657761090169,0.4550514725920142,2.2967371542225425,0.298083317648535
main,NO,1984,0.21244036091138918,0.09917899625416751,0.436609618679242,2.2153835284975005,0.29838164923055965
main,NO,1985,0.21066129542234138,0.09712547295927307,0.4407869764397906,2.2137729057591624,0.3004217064569906
main,NO,1986,0.1687046143129464,0.06553851887045727,0.4997816141306761,2.4652729453221007,0.30531217040104963
main,NO,1987,0.15585301329356047,0.05662439637808574,0.5191081353161447,2.566439295056988,0.30434411372224707
main,NO,1988,0.14679747391965034,0.050222755801803264,0.5236240922800954,2.721499239887385,0.31078703513785766
main,NO,1989,0.16505034717125533,0.06449073255741151,0.4878289742349327,2.6152909800275173,0.3101670671955721
main,NO,1990,0.18159220604282292,0.07503648782976406,0.469134916831254,2.454256426537072,0.3122348423822565
main,NO,1991,0.18734863514998903,0.07917482821876072,0.46035436240050437,2.4200810203684275,0.3173765970740956
main,NO,1992,0.1844896829239818,0.07826589842247152,0.4682002706359947,2.414344275679537,0.31404047464509793
main,NO,1993,0.18988751667666245,0.0841944069046118,0.4588708349726959,2.390864495173996,0.31069548304885825
main,NO,1994,0.19108152675393064,0.084033521069184,0.4639913550687243,2.341139282292848,0.30788448126508655
main,NO,1995,0.19655284732082634,0.08677378784088947,0.45917224490810665,2.2923918380538617,0.3076450169064559
main,NO,1996,0.2118157831573608,0.09684990429982279,0.44481186025651437,2.176277708555404,0.30770561482478426
main,NO,1997,0.214337154243852,0.09914099957019436,0.44703946511352916,2.132823726768575,0.30386923106932473
main,NO,1998,0.18372571556254802,0.07725037965308378,0.49291947740357606,2.267067174676123,0.3008573457032362
main,NO,1999,0.197482899198019,0.085483923736186,0.4780250197917474,2.165115132231546,0.30368920869645394
main,NO,2000,0.26606103941033704,0.1327744593028107,0.4031182792513641,1.840283167542524,0.30834063965234626
main,NO,2001,0.2583541349315613,0.12607769933192126,0.4137171914594303,1.8555819188330276,0.30522994652406416
main,NO,2002,0.24262030596455775,0.11257029541953884,0.43818810068589037,1.8774132133944728,0.30165819839901004
main,NO,2003,0.25509990827362283,0.11967965919413609,0.42835876894174557,1.8124935893629313,0.3015136310419803
main,NO,2004,0.28723155999416294,0.13766899527680646,0.3994239323394727,1.6914885971636642,0.30387027449877385
main,NO,2005,0.3211177410654939,0.15780925542979327,0.37299021237929625,1.5795951089431446,0.3019385118816973
main,NO,2006,0.3398757417067841,0.16798408030895565,0.36113261530094704,1.5185760732062001,0.3026648135397585
main,NO,2007,0.3154513696825649,0.14928488711638185,0.38023274104634425,1.5844671097652734,0.3023133042128253
main,NO,2008,0.3314199722898407,0.16134524474985973,0.3681648252977405,1.5382838728202266,0.30212062623241936
main,NO,2009,0.257047537158227,0.11444604867487046,0.42325363639064567,1.8204806159797051,0.30071388929134396
main,NO,2010,0.2747066182674518,0.12420317244912521,0.407583303772993,1.7489599202793507,0.3011687991174417
main,NO,2011,0.28705754077636053,0.13125365072693987,0.39890048974857617,1.6951030630782267,0.2983527321991138
main,NO,2012,0.2885139980405819,0.1317735272221986,0.400992071200501,1.6751911742143144,0.2958862342020051
main,NO,2013,0.2772830760297561,0.12537030881157404,0.4122345981488253,1.707495932350987,0.2917086326111482
main,NO,2014,0.2615746402181863,0.11515810754389431,0.42388208332484156,1.7786170434811943,0.29183801061965603
main,NO,2015,0.23471194267434609,0.09751647843984851,0.44846122848559244,1.9013926614787833,0.29257433934659166
main,NO,2016,0.2204329905534864,0.08638335340471591,0.4629410129392319,1.9734410626850374,0.2953770874086501
main,NO,2017,0.24402370152295078,0.09783084641956079,0.44120156893630785,1.8487334971094647,0.29738451313130826
main,NO,2018,0.2599375057566094,0.10637280356709215,0.4276796259336413,1.7740818028393455,0.2967632110142912
main,NO,2019,0.23322596967651568,0.09115695286206058,0.45615936816584535,1.8756591363877486,0.29299535904726515
main,NO,2020,0.19250131928314115,0.06795035956782652,0.4939889316127103,2.1346219801027666,0.29405491735673933
main,NO,2021,0.29240547963673325,0.1243367318988558,0.39375772283006605,1.679535424490882,0.2963676915812881
main,NO,2022,0.4454578981209196,0.2126099077571675,0.29908278143827066,1.274393009469056,0.29584458011257764
main,PT,2000,0.36974751077159534,0.09746239897853155,0.42323717086503176,1.1366457555443166,0.3637585651338393
main,PT,2001,0.3608410865371105,0.0951948831158107,0.4255533209470881,1.1664125069072553,0.3628927682323365
main,PT,2002,0.3522481596262988,0.0929206463891728,0.42829261799357343,1.1947318503612159,0.36047019758178256
main,PT,2003,0.34778048297635134,0.09087077910425706,0.42378538258362636,1.2330488724184163,0.3672394214122158
main,PT,2004,0.3468340868859796,0.09062855818987574,0.42042300346087036,1.2506266956699517,0.36911653540477907
main,PT,2005,0.33748710456171227,0.0855617891162789,0.42380191564749436,1.2835169020620074,0.37450301194882657
main,PT,2006,0.3384576738263179,0.08656192248167364,0.41656477068688463,1.3072408169285092,0.3763341609389001
main,PT,2007,0.34725111322293545,0.09150537795008458,0.4053955061382979,1.306922960872536,0.3801372228773876
main,PT,2008,0.3295866611686962,0.08516833854281461,0.4090883851684509,1.3837985379133542,0.3836733913421745
main,PT,2009,0.32704924034251853,0.08368988101023198,0.40716008695659134,1.4055330488615128,0.39124930817128906
main,PT,2010,0.3232455766517119,0.0819833841677208,0.4093039830273148,1.4180868914010885,0.3893668633983928
main,PT,2011,0.3120169526318489,0.08027512324715376,0.4067200923768749,1.4947147579376217,0.3902329896580437
main,PT,2012,0.30647585128561505,0.0842694382878153,0.3960772365203683,1.5744622397426928,0.38902039894856494
main,PT,2013,0.32263846850014305,0.09119089585730145,0.3864586681143082,1.515178587783526,0.3940861555572671
main,PT,2014,0.3243674654598194,0.0924349327956654,0.385409533929417,1.5093257016138486,0.39097242501355806
main,PT,2015,0.3352165968244949,0.09721122329329036,0.3801627238009427,1.4689022749812557,0.3926953876983249
main,PT,2016,0.34005372264546097,0.09958565732526041,0.38132730820203214,1.4380107863348546,0.3883910394481272
main,PT,2017,0.33960791325248324,0.09850986343003142,0.38695470706332735,1.4182013832804834,0.38588340203701266
main,PT,2018,0.33101234634701554,0.09409012584934232,0.3982364368999231,1.4197125602931313,0.38070273967513746
main,PT,2019,0.3279156339026725,0.09170228153451257,0.4046222492293339,1.4110208284879615,0.37916509810999666
main,PT,2020,0.2774680341144063,0.06757972667968253,0.441102051673236,1.5731766385211015,0.37874193714845966
main,PT,2021,0.27636218120202344,0.0676985622766687,0.44297936904836893,1.5725664213665775,0.3764401549015866
main,PT,2022,0.2826187968903167,0.07388055948438324,0.43382790327176873,1.5694786812791537,0.37150475070463945
main,PT,2023,0.30191394804309574,0.08105098502826641,0.42957183226860596,1.4598015187432198,0.3688470396368004
main,SE,1993,0.26096609215660815,0.11382931315099855,0.4531070491704548,1.642540497643212,0.29196750741256505
main,SE,1994,0.2818554561717353,0.12890264700959003,0.4410062350412582,1.5422577136195241,0.29209697535750695
main,SE,1995,0.3052566109659992,0.1485860246573104,0.4236877477462051,1.4642721900583429,0.2823657888249474
main,SE,1996,0.29084668441366845,0.14128958318328338,0.4384335091007831,1.4923655028642502,0.2791650825470339
main,SE,1997,0.2883589346695875,0.13794196993888674,0.43793679870724633,1.5112422754101789,0.2803211673924898
main,SE,1998,0.2977383846542209,0.1441972244860034,0.4210701584910052,1.523354448303769,0.27786208544862406
main,SE,1999,0.29263601892039753,0.14079469278329343,0.4254541807855929,1.5378920311196966,0.2793742037860671
main,SE,2000,0.28404028114207086,0.13043957006349066,0.43960768468958517,1.533324862261805,0.28118001354011846
main,SE,2001,0.26413233220826104,0.11622516173306913,0.45914292229108844,1.5885317155963348,0.2760330262269441
main,SE,2002,0.25958473456962233,0.11387464219934028,0.4588515702936524,1.62581812572504,0.2760920413609378
main,SE,2003,0.2607944456813467,0.11528619480169078,0.45561539959111635,1.6317933218125726,0.27624207929738065
main,SE,2004,0.26833584736530086,0.11912275624452219,0.44693232381856873,1.6141701401713011,0.2769662150098765
main,SE,2005,0.26486781135868753,0.11637988127526314,0.4475792998467351,1.6380674887136513,0.2792289153255003
main,SE,2006,0.27600594447543947,0.1210860440752975,0.4345151535014782,1.6142988587229643,0.2864340073105564
main,SE,2007,0.27343901842499013,0.11720860900649385,0.4410011098686295,1.603326335977272,0.28644972361754945
main,SE,2008,0.24569522974998254,0.10043865098078057,0.46109562584105246,1.7322899547716941,0.2840262350447836
main,SE,2009,0.22078589380521185,0.08500759845038204,0.4783972588245094,1.8840849278122604,0.28574184783156725
main,SE,2010,0.24598154798514574,0.0977150443475839,0.45265100296878913,1.772511825359554,0.2897971414157612
main,SE,2011,0.24930060310754754,0.09853385812873056,0.4538739642442448,1.73675866539347,0.2908478559168597
main,SE,2012,0.23286093348844764,0.08842918864593162,0.47119136279387125,1.7997290070772873,0.29238993266035657
main,SE,2013,0.23062468641832423,0.08535521922409027,0.47491257371612816,1.8018923704494294,0.2934727160952895
main,SE,2014,0.23283304433123037,0.08631726395672086,0.4731073049389514,1.7898562558152784,0.2931579950267646
main,SE,2015,0.24759817821864866,0.0933233060718179,0.459835320700775,1.7217828284530414,0.2947020175959853
main,SE,2016,0.24381422267860886,0.08890717212988293,0.46628838044264775,1.7227209960155931,0.29512155316863686
main,SE,2017,0.23788227517012683,0.08441993737072001,0.4716569008917185,1.7493707008092705,0.29414367167143407
main,SE,2018,0.22944829477145395,0.08030826994415183,0.4787458428107152,1.7930259204464023,0.2956366788418927
main,SE,2019,0.2342466059177256,0.08533345958584539,0.4703479620532328,1.790739390191251,0.29501554186202394
main,SE,2020,0.2229451853794808,0.07737693721841826,0.48018565381638095,1.8513934977980822,0.2948103323714903
main,SE,2021,0.22708526025799003,0.0811137147216254,0.4698594973205084,1.8646843743389843,0.29650054370634554
main,SE,2022,0.21430102511603324,0.07773484680014699,0.46510710286850027,2.03088141068099,0.302082095001953
main,SE,2023,0.20939693225054126,0.07641153800125533,0.4697409176041512,2.0625745117422505,0.30055228584758725
main,SK,2000,0.1136331777597103,0.04824641857547766,0.4492716311600267,4.397273890998548,0.3089691129883843
main,SK,2001,0.12425093146417882,0.0564508703324044,0.42822151706487954,4.17358288147971,0.29996196593838476
main,SK,2002,0.13419664344189072,0.06062319702274777,0.4089002297094783,3.9958281981403383,0.3205099852888859
main,SK,2003,0.14071001532773017,0.059561917778657006,0.4042688427786434,3.8294820798818985,0.31775086505190314
main,SK,2004,0.1646555727285959,0.06994770545747483,0.3752952777473431,3.4187137065848576,0.31884311588727055
main,SK,2005,0.17604451931251036,0.0779716981439154,0.3590265853964967,3.2819468292070066,0.3400400302326232
main,SK,2006,0.1968728092612592,0.08777812918589074,0.33823201604942205,3.0231665764417417,0.34855807563509683
main,SK,2007,0.2154949309021528,0.09277964174391042,0.3166001981354942,2.8547031777885032,0.3731434865486075
main,SK,2008,0.2142128451398514,0.09145131423443234,0.3230781464582533,2.8369650951121126,0.35694638724552863
main,SK,2009,0.18919952023871045,0.07848000090367627,0.34180876566104307,3.1370120765299205,0.37207466586898985
main,SK,2010,0.21179095407141307,0.09232004470529508,0.3206963624150564,2.8867288109749816,0.37760529136074994
main,SK,2011,0.2158065896230499,0.09554414208845392,0.3270853267796099,2.7910524205235308,0.37044254415124905
main,SK,2012,0.2224547269558275,0.09956708941594783,0.3242246635728204,2.71358597625848,0.3695243533036479
main,SK,2013,0.21673220800098933,0.09727266173610462,0.3341394101265534,2.7381339543860577,0.36140790357421626
main,SK,2014,0.21895330296893822,0.09804730981872227,0.33858714328471823,2.682207006640086,0.3611791813216117
main,SK,2015,0.22339820040322078,0.10046234453129228,0.3414379816818735,2.606490950285619,0.358952797030516
main,SK,2016,0.21823737470575996,0.09504698325391503,0.3533762268868674,2.609561601635619,0.36057654752642615
main,SK,2017,0.21059250077228106,0.08898395879975468,0.3723238932966159,2.6082006002232454,0.35517058757137354
main,SK,2018,0.21652762346140159,0.08970386986209791,0.3768142910308895,2.501274421193859,0.35652487382840664
main,SK,2019,0.2119943128525466,0.08471058631466111,0.3897932446202631,2.4886177239049556,0.35542182129518185
main,SK,2020,0.20943299721576608,0.07747682941462836,0.39549892838845996,2.490870839737235,0.364397469593961
main,SK,2021,0.22762131628152496,0.08327069657477358,0.38790136815157306,2.301208078396814,0.3598291601370585
main,SK,2022,0.2094233145009244,0.07367683466607484,0.3969312004724068,2.482732895021274,0.3554415434865434
main,SK,2023,0.26323560749269637,0.10092976080662502,0.36699267716144957,2.0377250161168567,0.3548098364657539
main,SK,2024,0.28462460120191524,0.10650372135996793,0.3697793554615973,1.8444376935113358,0.35848545778117913
main,UK,1995,0.4213450814507767,0.18960902859467063,0.390495978122019,1.056071333828876,0.34055355509616525
main,UK,1996,0.4437133457896006,0.20523521541855083,0.3805966655208852,1.0153571419465661,0.3405563256252072
main,UK,1997,0.4375024416216307,0.1972875082323911,0.3929230571796229,0.994673639584417,0.3405553234262289
main,UK,1998,0.43987574695133735,0.192081778170952,0.39584351378965293,0.9776272683518862,0.34156712735928696
main,UK,1999,0.4210699907980312,0.17449326945758373,0.41009471200853714,0.9908725876877609,0.3474948703511818
main,UK,2000,0.40849627052037907,0.16660147278732257,0.4167750515413749,1.010961235293413,0.3484225364459362
main,UK,2001,0.3975728147425327,0.1566651916523858,0.42493871627286894,1.021491377544133,0.3503383679370841
main,UK,2002,0.403812009348612,0.15919075342667133,0.4230484768589724,1.0057141893918566,0.3460938759860148
main,UK,2003,0.41308483542790947,0.15897530186192713,0.4182913951780069,0.9899147526448934,0.34927126997879826
main,UK,2004,0.421588154175163,0.15514121149099178,0.4177709949706981,0.9632663972407426,0.3601425627596941
main,UK,2005,0.4258863329501841,0.15281582333033433,0.4130420623495026,0.965161209834754,0.3641356173102906
main,UK,2006,0.42846487392671867,0.14733917540223967,0.4107655496603002,0.9644567525545549,0.37422758477420115
main,UK,2007,0.42459026028775737,0.14169121046802494,0.41272487114759127,0.9704324543511025,0.37890979484270787
main,UK,2008,0.4163578664135621,0.1383503568409004,0.41299260062137433,0.9968700361411074,0.37117892720191703
main,UK,2009,0.4027922946937284,0.1283931920191676,0.41776383596508065,1.0277359208702255,0.3773484218043387
main,UK,2010,0.413444845315466,0.13289919970809594,0.41786857263944105,0.9901340520308024,0.37605483464579914
main,UK,2011,0.408463611591561,0.132096073664319,0.41974585266818304,1.0008314787393358,0.3712139339268806
main,UK,2012,0.4124505681365854,0.13564574249706948,0.4155273144438479,1.0015459804160602,0.36942528258058654
main,UK,2013,0.4114702002800097,0.13519348884812696,0.4167421807375013,1.0007549280824954,0.37021050779734377
main,UK,2014,0.4232642358003632,0.14300274910378546,0.40845303828789103,0.9891301064196575,0.36920279599759753
main,UK,2015,0.4233604026134065,0.14386896730438323,0.40675905392394346,0.99450791014255,0.3711437804961263
main,UK,2016,0.41835752653233826,0.1419272027831459,0.4069568327819719,1.010594255956925,0.3728042643224918
main,UK,2017,0.4129075581762196,0.1379186248019133,0.40959632205856966,1.0202725826163588,0.37314233139879777
main,UK,2018,0.41055239891465567,0.13451068972982902,0.41236388131279306,1.0189664926923114,0.3726632382570274
V2,AT,1995,0.29778139701100803,0.06952269682946165,0.4284148523766007,1.4910641794256099,0.39411291964240275
V2,AT,1996,0.29902010971464077,0.06995366760709211,0.4220501910521721,1.5107623194487898,0.396828513708637
V2,AT,1997,0.29955665395500636,0.07088756246792247,0.4174324810893265,1.5273332626159546,0.39679138497011485
V2,AT,1998,0.3037032881548634,0.07180969649016142,0.4159607597758935,1.5070979063729406,0.3968880643785461
V2,AT,1999,0.3056431831203169,0.0714967102252423,0.41553411848093874,1.4967149150235493,0.398040903897017
V2,AT,2000,0.31398915307660447,0.07405167080906766,0.4087601073739063,1.4742345337876244,0.39972053318716655
V2,AT,2001,0.3192967206745602,0.07560735447916998,0.404401561269114,1.4609431170996416,0.4001167617323813
V2,AT,2002,0.3226514523281858,0.07567608391366956,0.40167642304904044,1.4527196214552722,0.4023429964236425
V2,AT,2003,0.324642097527889,0.0744974580758388,0.39874135672728384,1.4533248042888915,0.4063047364892996
V2,AT,2004,0.3337320589510853,0.07702355347777795,0.3915744523575322,1.4315214454556409,0.40743018767069217
V2,AT,2005,0.34224330431697225,0.07981751236721213,0.38552269787176585,1.4099172548676149,0.4073029997924553
V2,AT,2006,0.35320827634950935,0.08274162498177874,0.3784216624838614,1.3813851686025926,0.41049145827162353
V2,AT,2007,0.3609305536269954,0.08500774479497313,0.37379333836880385,1.3611849153102988,0.4100924400191658
V2,AT,2008,0.349162101723523,0.07968973784196308,0.3858645785069876,1.3730188125069183,0.40590899701968186
V2,AT,2009,0.3218390712550821,0.06856978908110264,0.40141316020333534,1.4584817166441024,0.40657216211098346
V2,AT,2010,0.3237473766197794,0.0687256646119458,0.3983378019198635,1.4600933129884441,0.4071919748699905
V2,AT,2011,0.3288548922974555,0.07059474494298558,0.3955537893955497,1.442479412366026,0.40514347879377954
V2,AT,2012,0.3189987829998909,0.06655683212889249,0.4040058893671277,1.4643213344175352,0.40458072157676905
V2,AT,2013,0.30802048681869754,0.06271375240711405,0.4128250789146917,1.4934602047356857,0.4022182280194975
V2,AT,2014,0.30940547490606857,0.06274296367328895,0.4133807369101487,1.4825755750068956,0.40123684707957913
V2,AT,2015,0.3150034308644881,0.06422998041703525,0.411838960422626,1.4553186066020838,0.3996567895892842
V2,AT,2016,0.3185080443667613,0.06501350269891915,0.4119976441716209,1.4341169712297273,0.39843621791308675
V2,AT,2017,0.31784087669381944,0.06438809850166274,0.41397475171216175,1.4297945405943295,0.397138309183768
V2,AT,2018,0.31838556536142554,0.06412281322958184,0.41685792425081564,1.4147014779074196,0.3951489875788255
V2,AT,2019,0.31112618381733226,0.06138167560441838,0.4243743826084562,1.4257611808113806,0.39216663267037977
V2,AT,2020,0.27595980239779205,0.04816367303549182,0.44736369786417407,1.555233409881282,0.3927091234611543
V2,AT,2021,0.28147493647161637,0.04965128563593572,0.43802484723808977,1.5585122505456743,0.39372315263305274
V2,AT,2022,0.2965860863558364,0.05511018481806348,0.4263399656285875,1.5078709119617726,0.39036996835675913
V2,AT,2023,0.29531987815662764,0.05458842640188196,0.4342121670864451,1.4816352741531194,0.3866023137930198
V2,AT,2024,0.2874045778957762,0.05050019312707719,0.4507772756325379,1.4601968932153608,0.384080914896683
V2,BE,1995,0.3922895401735599,0.08504506484835464,0.3813689627643541,1.195606648061125,0.4380426472752332
V2,BE,1996,0.38236275763753375,0.08091964294293431,0.3849379872802649,1.2236444398367399,0.44064506120531105
V2,BE,1997,0.38636471430625985,0.08217921857435728,0.3833207874768543,1.2127856624364843,0.4410199661162712
V2,BE,1998,0.385857656479213,0.08204116769082394,0.38259644907300927,1.217484670375379,0.44248563777910266
V2,BE,1999,0.38014367350268613,0.07805488780726164,0.38598238014071123,1.2292427640834767,0.447342397218052
V2,BE,2000,0.3908489652791409,0.08089776440429644,0.37921439223617487,1.2090861097760677,0.45133614802323513
V2,BE,2001,0.38679063147594794,0.07659314567518526,0.38854615822507577,1.192293169350382,0.4502790521511406
V2,BE,2002,0.39261903800804465,0.07487674054650598,0.39118260528940696,1.1594742293853257,0.4542098872555373
V2,BE,2003,0.3940914755772322,0.07433921854441533,0.3869436719979044,1.1686756854219484,0.4578111628922932
V2,BE,2004,0.4111578445174218,0.07874223593199145,0.3763831308881188,1.140350350978982,0.46046206030606507
V2,BE,2005,0.4219092223255618,0.0797312033397346,0.3709263438008504,1.120090260983701,0.464114431702247
V2,BE,2006,0.4208081550850329,0.07702321805764853,0.37055805158146826,1.1252350807815206,0.4677074374880726
V2,BE,2007,0.4265919157025272,0.07725793317404936,0.3682205739325427,1.1127719222028323,0.469845202039204
V2,BE,2008,0.40104757213965075,0.06591820862095957,0.3837472047250127,1.1528605148709035,0.47017031299668594
V2,BE,2009,0.40071195804306603,0.06455455885047472,0.3856685191715429,1.1474314258079692,0.47373151825565146
V2,BE,2010,0.41376964227213126,0.06943371453544166,0.37589364929563335,1.132448884673786,0.47500140626893056
V2,BE,2011,0.41165415657174126,0.06889786979597858,0.3782766659916581,1.1320283414593981,0.4722987812922803
V2,BE,2012,0.40323607195895594,0.06580557756197127,0.38399130496777917,1.1436713667758398,0.47178047645495896
V2,BE,2013,0.40265273880488833,0.06451433968718176,0.38598963169103334,1.1389232998126932,0.47119701476563847
V2,BE,2014,0.41663746064177437,0.06884079941233692,0.37882368473166544,1.1121039776813477,0.4715090297501915
V2,BE,2015,0.4274979196454432,0.07211877100315423,0.37064139273735514,1.10154964806261,0.47405420720521707
V2,BE,2016,0.434598494992125,0.07407795563339985,0.36763413154504426,1.0874235268263093,0.47360142750750056
V2,BE,2017,0.429392054343925,0.0724341579739426,0.3708577383695032,1.0943353299833176,0.47057845502383283
V2,BE,2018,0.4283186441914723,0.07280622142793935,0.37044423425597445,1.0993861695370335,0.46986057400533493
V2,BE,2019,0.43349931245873236,0.07462253452994463,0.3677380993401063,1.0907691750401336,0.46864116836031244
V2,BE,2020,0.4061771148204325,0.06601259825351925,0.37727454765688895,1.1558631639997925,0.46837358007452823
V2,BE,2021,0.42143222381387424,0.07085414032102871,0.36758148988719985,1.1330595963343133,0.4696972163570564
V2,BE,2022,0.4214019504425232,0.07588390105883498,0.3618967621170051,1.152342166328649,0.4649990048095919
V2,BE,2023,0.41981554862399567,0.07622088843839593,0.36302036136937027,1.1542641716080762,0.4652403170753123
V2,BE,2024,0.4178877895072107,0.07554281572661933,0.36575879008730844,1.1519721076271545,0.46442780612566137
V2,BG,2000,0.129715339703306,0.08095213571038228,0.2978146893703893,5.115464204519093,0.37289460314979095
V2,BG,2001,0.14480155416574358,0.08916310858787281,0.2883679639540045,4.626165171729354,0.39264799266210404
V2,BG,2002,0.14338017868348465,0.08952742014188655,0.2771632755246029,4.764235968865219,0.39373724299298046
V2,BG,2003,0.14396063546925156,0.08630941977012603,0.27352672202509415,4.772806086988331,0.4255577407657797
V2,BG,2004,0.15560002990029942,0.09385091986067629,0.2684375953211411,4.43311937190828,0.42893014332468116
V2,BG,2005,0.1625181842433449,0.09872345279802737,0.27378960039930716,4.194697436800846,0.41929979698845443
V2,BG,2006,0.16783766375739378,0.10169315721027809,0.26388874490737385,4.121963861791569,0.42797914653603286
V2,BG,2007,0.18522737990105717,0.11229408956566947,0.25253438283885477,3.7828604791973013,0.440870614371074
V2,BG,2008,0.1780835436514391,0.10758777239480587,0.27061579802244023,3.8251259365713812,0.4211423768162351
V2,BG,2009,0.16226252979350062,0.09515685981206741,0.2782491740867181,4.16979454143898,0.42712526102351484
V2,BG,2010,0.15975087855288744,0.0914779999826037,0.28821079516184034,4.167409175669889,0.42814672981961094
V2,BG,2011,0.17047544038743676,0.09953061259540893,0.2751666093671489,3.9766680771163356,0.43001431144162094
V2,BG,2012,0.16468278215770726,0.0942697565529342,0.2842861029068864,4.061729234675372,0.4317553615007671
V2,BG,2013,0.151300798121247,0.08312356770107063,0.3167619322618962,4.198997906563154,0.4190362707396775
V2,BG,2014,0.15392550898150414,0.08246636336524664,0.327978598291482,4.037908551636791,0.4203256071585607
V2,BG,2015,0.15462806283090888,0.08366536428245923,0.3337022035193247,3.975333195891291,0.41082669578622816
V2,BG,2016,0.16100177646579292,0.08670806212687031,0.3396024547718837,3.7622003931515184,0.408341700549751
V2,BG,2017,0.16637869225149282,0.08730509376826164,0.35185077221509664,3.543775638919217,0.40467479127994044
V2,BG,2018,0.17080398883881115,0.08789938958605106,0.3607097330395762,3.382120111313335,0.40455406123168863
V2,BG,2019,0.17791924222327885,0.09222405018944782,0.3600918979491726,3.2365292097766454,0.4023692062934843
V2,BG,2020,0.1712500494084666,0.08684556944512262,0.3738816655401801,3.2822827362954006,0.39734947444622437
V2,BG,2021,0.19230253370349235,0.10324852896801448,0.35654680311707826,2.9894995775044593,0.39444898011251295
V2,BG,2022,0.20358251898360444,0.11673878735235031,0.3284507623812145,2.9702078895085817,0.3892259713957441
V2,CZ,1995,0.23053342011598388,0.09404063146302354,0.38194411693501473,2.299037593890403,0.33105726872246694
V2,CZ,1996,0.23249865857674737,0.09289733029900098,0.38550332440318014,2.2575083787975747,0.33880111805113083
V2,CZ,1997,0.21708362139042311,0.08343273201984606,0.3921709396255112,2.407805661471046,0.3467187555366571
V2,CZ,1998,0.22398704284734652,0.0877641021347084,0.3779491700436409,2.3992241076995016,0.34414486751468537
V2,CZ,1999,0.2242112521038273,0.08562807385505723,0.36874825168079794,2.446684704497883,0.3583534397750876
V2,CZ,2000,0.22293980238092273,0.08479235194094449,0.37202397969730683,2.4447723644104684,0.35686152255238907
V2,CZ,2001,0.22982703052650835,0.08832466370724242,0.3696138909691715,2.3732580313921083,0.35549512314972503
V2,CZ,2002,0.2346666500805463,0.0891891545714792,0.3744601197394316,2.291192967505219,0.35922046381778666
V2,CZ,2003,0.2411472427206447,0.08887168687647379,0.3755528881188621,2.213931879926047,0.362406759210091
V2,CZ,2004,0.24968500414460282,0.09239419691520792,0.37693441081823775,2.1184721167636886,0.357619311704717
V2,CZ,2005,0.2610219837710167,0.09560467268694596,0.37524739117735284,2.0182391642336874,0.3588899530953489
V2,CZ,2006,0.27569766121308176,0.10067784760172493,0.3711862464183381,1.9096229226361032,0.3572408153868444
V2,CZ,2007,0.2837518487743118,0.10078882434560825,0.3688561640944114,1.8554248005296556,0.3583728269552477
V2,CZ,2008,0.27948688800348503,0.0944337600518833,0.3771698048028232,1.851307529666658,0.3605717177511513
V2,CZ,2009,0.2669126003920094,0.08875910744118151,0.3781882748616432,1.951457175465969,0.36565295698615785
V2,CZ,2010,0.2767905786423225,0.09209421545994526,0.37240233130366845,1.895007461958598,0.3701097138803865
V2,CZ,2011,0.27257938118766945,0.09214745270656484,0.3827573932307541,1.8816934396966185,0.3584479705402902
V2,CZ,2012,0.2655144208960205,0.08945857912862289,0.3927859212315697,1.8941485387472525,0.3579427386511908
V2,CZ,2013,0.26660940238554487,0.08996228177211743,0.39321228438961503,1.8827303874779997,0.35864270115907937
V2,CZ,2014,0.2816728612773553,0.09722691887818856,0.38247725370616964,1.8098629791917848,0.35756990434142755
V2,CZ,2015,0.2922764361005377,0.10097019974210013,0.3791242460324542,1.7451515329221516,0.35566478697465886
V2,CZ,2016,0.29349309322960987,0.09806129462182656,0.3860068513312868,1.7060122211187925,0.35450734319638655
V2,CZ,2017,0.30273895310526755,0.09737217083464728,0.3920496065693447,1.6161174535157858,0.3529006233602534
V2,CZ,2018,0.3008548512092959,0.09207240444234897,0.4058966450793447,1.5688209057018292,0.3512992685083465
V2,CZ,2019,0.3051106410824299,0.09228570755952901,0.4060747875614749,1.5405148506480553,0.3499716883589897
V2,CZ,2020,0.27838608136377596,0.0764443977610489,0.42419073792808126,1.6441930665031845,0.349843830970466
V2,CZ,2021,0.28384682034482367,0.07378133683541425,0.4245001374751289,1.6030013924900146,0.34572074329927915
V2,CZ,2022,0.29621976218093177,0.07780154724672897,0.4092401085638929,1.5850896656773996,0.3463609096530491
V2,CZ,2023,0.31349703656056455,0.08581133793198646,0.39975996264889646,1.514899403629174,0.3490516500361871
V2,CZ,2024,0.3085863606735724,0.08335113516395434,0.40827268263996425,1.5092693502238093,0.34670425883053735
V2,CZ,2025,0.31632474000270205,0.08320953933283734,0.40924049473885254,1.4583323838671685,0.3474412173335122
V2,DK,1975,0.29252501977507983,0.0696084309565538,0.4477413280958334,1.4401610206632367,0.3658267426889828
V2,DK,1976,0.303069023449516,0.07390631986119028,0.444623820896319,1.3878834171658818,0.36438152367237747
V2,DK,1977,0.30342227806933253,0.07138318310542445,0.4439552996952252,1.3886217406027768,0.3699703793022097
V2,DK,1978,0.30313109713268926,0.07081332660147416,0.4461387968355189,1.3809954312375583,0.36879375390885066
V2,DK,1979,0.29257504085442054,0.06659423419022713,0.45693186115505274,1.399235149055388,0.36383691871890134
V2,DK,1980,0.2685212157190288,0.056542104578703636,0.4719670315350535,1.4944808226913393,0.3645113298655915
V2,DK,1981,0.26344508873220024,0.05564560161535293,0.4681622467580736,1.5506180455652168,0.36558926111952417
V2,DK,1982,0.2769308779498406,0.06183446425395764,0.4578074032052191,1.5000551537213007,0.36740140726777276
V2,DK,1983,0.278539589892604,0.06313322874304925,0.4567317149132872,1.4936850473723888,0.3675930706945761
V2,DK,1984,0.2942892691492963,0.07069163282388319,0.4457209917146995,1.4377286151552962,0.36693718270101744
V2,DK,1985,0.2970576818148501,0.07287262076873842,0.4460638988956476,1.4186786579038404,0.36633468761610277
V2,DK,1986,0.292912951402004,0.07090447189344037,0.45594900827527707,1.4014321321647993,0.3637207665060612
V2,DK,1987,0.2859320336662779,0.06403786519873055,0.4654569528184941,1.4040189513937333,0.3699868896363979
V2,DK,1988,0.27197451703801817,0.05816237695245835,0.47651666512680746,1.4482347438444125,0.36677256107152856
V2,DK,1989,0.27306173839767267,0.06002144513088176,0.46612438078679747,1.4890218156228012,0.3707669897848942
V2,DK,1990,0.2724893383536709,0.05940634134840662,0.46437447041560753,1.5013007109347556,0.3727044470694567
V2,DK,1991,0.2726145518950749,0.059591907574181945,0.46207593474808717,1.5111278488083808,0.3738270697668089
V2,DK,1992,0.27489713677178884,0.06113845504144725,0.4569730277611106,1.5184093957004103,0.37553737096563444
V2,DK,1993,0.2645246120458683,0.05936654551133369,0.46113217878118923,1.5759857175504066,0.37220482352030754
V2,DK,1994,0.279344191588711,0.0667456773167903,0.447686958290902,1.5294905107229853,0.3714090349637599
V2,DK,1995,0.2773072503573331,0.06672447803458964,0.45067953050619564,1.5302296191318319,0.36922922606147773
V2,DK,1996,0.27797131560007576,0.06534569011227147,0.450926295863864,1.5243627836975033,0.37339118834095825
V2,DK,1997,0.2747292863176572,0.06555981023674375,0.4512999491324253,1.5459390719493584,0.37401219856376805
V2,DK,1998,0.2627319679139735,0.05920362323818805,0.46535141641153627,1.5696068257599074,0.3747483202777702
V2,DK,1999,0.2670268964210533,0.059208005959332836,0.46446652948492356,1.5410747762516963,0.3767916971203041
V2,DK,2000,0.2891131851582932,0.06951236853619805,0.44685105045377765,1.4664098381610609,0.37441798432651635
V2,DK,2001,0.27697468974382944,0.06383855414751356,0.4578883747550741,1.4993721451369002,0.373779628429605
V2,DK,2002,0.2704934167064387,0.06035950063217566,0.46373147014642135,1.5188252086195557,0.3751984565916398
V2,DK,2003,0.26517196085794176,0.057333733844479394,0.4668476920392951,1.543743119431628,0.3775145662608201
V2,DK,2004,0.2741419326335187,0.061121221447592,0.4575416998273846,1.5212081213383917,0.37943095400378923
V2,DK,2005,0.2773786076103835,0.06123649687946105,0.45456058096450175,1.5118470801542068,0.3841894162664451
V2,DK,2006,0.2805320355154354,0.06160254232905815,0.4522413520852587,1.5003294012275215,0.38518062325139446
V2,DK,2007,0.26745093989365587,0.053375907042645956,0.46471689516995485,1.536708506598627,0.39066450519051726
V2,DK,2008,0.2588635886555104,0.04999228975037361,0.47101862259622684,1.5724567852477447,0.3916570668056162
V2,DK,2009,0.24409450005803376,0.044283034364985034,0.4887281760552752,1.6058369363219773,0.39076315874404016
V2,DK,2010,0.26580995014703895,0.05438833771408903,0.4647132114358758,1.549081939076804,0.39375586007792873
V2,DK,2011,0.2670888732265948,0.05514388267897695,0.45893820648343503,1.5668361621011186,0.39683009399363917
V2,DK,2012,0.27058982961848266,0.0571147660782309,0.4531668178936059,1.5677265130841322,0.396446915037408
V2,DK,2013,0.27851166145842976,0.06013807431997661,0.44815722685718,1.533241937016564,0.39506316380883655
V2,DK,2014,0.28434548076138805,0.06245850542970749,0.4459976674720083,1.5023446485181988,0.3921566899986638
V2,DK,2015,0.28805396672448486,0.06262401221868932,0.4465284945303732,1.4748875226252107,0.39307686553074156
V2,DK,2016,0.2893002244023244,0.06294477668433454,0.445016763828517,1.4733475835135654,0.39328270641898594
V2,DK,2017,0.29846920287081247,0.06649717293261871,0.43699549292167744,1.449311374463933,0.39509513544849095
V2,DK,2018,0.2909669305867907,0.062446701273150364,0.44259094816256644,1.47312177806825,0.3967614106183026
V2,DK,2019,0.288688031335768,0.060052213440375785,0.4443133835606411,1.4805555272431101,0.4000618060890258
V2,DK,2020,0.27992323067609537,0.056347918567106275,0.4514965298660281,1.5079816771022816,0.3971174471245602
V2,DK,2021,0.3068668182697245,0.068808941119135,0.42897207627339495,1.4318609943934144,0.3966835940704249
V2,DK,2022,0.3274800030529385,0.07884879920318096,0.4026960711965123,1.4212440876990249,0.39849163622903616
V2,DK,2023,0.28316544842972197,0.05953378875986071,0.4377149649980187,1.5479970564371572,0.39809019002614426
V2,DK,2024,0.29511680112999633,0.06639360207758231,0.42752085678567675,1.512318356103295,0.39646512738586387
V2,DK,2025,0.29530636057160325,0.06816697699932783,0.4282023723734639,1.5080838170596005,0.39329366678683486
V2,EL,1995,0.7345351927514844,0.18540465075859616,0.21500993696690668,0.8536795836707781,0.434220456472231
V2,EL,1996,0.7301176989430896,0.18414927437231352,0.21733106471415628,0.8546453254196902,0.4310963805229495
V2,EL,1997,0.730650104676071,0.1836166654348354,0.2226802059527359,0.8411939919328358,0.43710611387458775
V2,EL,1998,0.7256597639129766,0.18129300413786392,0.22525461514681855,0.8423881333990291,0.4395639299851948
V2,EL,1999,0.7030367465673517,0.17126623567164567,0.2294516219876625,0.8665769736364185,0.4526286303015341
V2,EL,2000,0.6872823030760837,0.16489232575299625,0.2278653212807817,0.8955954098676255,0.46623303713997777
V2,EL,2001,0.6825117548667153,0.1656894799711436,0.2301541859984042,0.897805601524868,0.4608700166786727
V2,EL,2002,0.6686620543687152,0.15919526833737402,0.2506881442394819,0.8699255512212909,0.44735139499044607
V2,EL,2003,0.710993097892858,0.16698260848591234,0.24245261320115408,0.8230252220182862,0.4607740478037861
V2,EL,2004,0.753064192998249,0.17497101568584952,0.2355912924875301,0.7794731795982477,0.46740304080324785
V2,EL,2005,0.7392096964586277,0.16801301418014464,0.24759337141206533,0.7702593870034833,0.4633507892426282
V2,EL,2006,0.7631788184022517,0.16791492259536953,0.2409270785186498,0.753692928192887,0.4713716914972243
V2,EL,2007,0.7776756049266704,0.1659615028674172,0.24091210954367723,0.735186260583157,0.4781780229533914
V2,EL,2008,0.7647781207089271,0.15942984955007716,0.24164982887896877,0.749945184872291,0.486055489190036
V2,EL,2009,0.7539517369262309,0.1509586635247154,0.24233628182024888,0.7625870853818132,0.503653812080087
V2,EL,2010,0.7198214513639195,0.13829604291867015,0.24979732494020143,0.7924092856551243,0.5087550870819585
V2,EL,2011,0.6738716642572573,0.12430999297139131,0.259569415806353,0.8392014978063316,0.5066167240872793
V2,EL,2012,0.6411263090175727,0.11549823012480548,0.25798344186463235,0.8993806339793208,0.5115790397227523
V2,EL,2013,0.6563966367921202,0.12251847451795697,0.2495098759203796,0.8938386454056054,0.5021026340269902
V2,EL,2014,0.6669260136243282,0.12720479543783225,0.25436396770587666,0.8636551484507344,0.49770069407029444
V2,EL,2015,0.6986673729816758,0.13688272291895803,0.24649751766202221,0.8319877694385965,0.5040400975467224
V2,EL,2016,0.6888725324490865,0.13536170468236047,0.25584187821040155,0.8244133021550575,0.5026326186567269
V2,EL,2017,0.7137546159972966,0.14532824919093099,0.25375287044513983,0.7917704968708997,0.4978096288932344
V2,EL,2018,0.7188933669818072,0.14814450820212402,0.26062904581675617,0.7678558284941717,0.4930900575489483
V2,EL,2019,0.7459536270842813,0.15880058290732785,0.26068992944022373,0.7304039451877841,0.4887804749332634
V2,EL,2020,0.6720547810795847,0.13706446320572493,0.273616428618181,0.8072233955029432,0.4941874890871831
V2,EL,2021,0.7292209721990173,0.15760371067942577,0.26471491505967065,0.7436009630794693,0.49350556736966567
V2,EL,2022,0.7934173050834342,0.18512025995609982,0.24830825726168,0.6991020625312233,0.4869794494197823
V2,EL,2023,0.8124959137343198,0.19660634308141728,0.24421684693890452,0.6859824811874781,0.4841287204273722
V2,FI,1980,0.23670066075918558,0.07539608218216601,0.47344995851556015,1.7510898454528838,0.3317155957839576
V2,FI,1981,0.22796950654167097,0.06863675763491874,0.4863068950108233,1.7670344083151013,0.33342613731276805
V2,FI,1982,0.2336252923292131,0.0715453319851702,0.4792331619374088,1.7498355868723416,0.3341353786665349
V2,FI,1983,0.23599788464417537,0.07127407102179042,0.47506893685120904,1.7492351662989236,0.3362443222327475
V2,FI,1984,0.23557422733985844,0.07054820039724588,0.4789914926016792,1.7326617654037975,0.33388523188347574
V2,FI,1985,0.22726674361267452,0.06461220152431084,0.49371100120709427,1.7340192453958245,0.3323158250260987
V2,FI,1986,0.22659134870850406,0.06390196192626156,0.49565619968548463,1.7301295736421762,0.3309804993067994
V2,FI,1987,0.22043796195919974,0.05876867782536462,0.5014132076514718,1.7603877449485632,0.3354784277395448
V2,FI,1988,0.2262685995831499,0.05842182695664389,0.49594793289714173,1.7317233747056955,0.34012146897368734
V2,FI,1989,0.22601230036583297,0.056339412421179264,0.4967182815241327,1.7300707811119913,0.3406719896387069
V2,FI,1990,0.20616935409584752,0.04789309785280962,0.5174902106298774,1.8228662962145157,0.33759913301468053
V2,FI,1991,0.17690286153717028,0.03281814739997186,0.5506416914320617,1.9894998566656248,0.34274734344372226
V2,FI,1992,0.18245997133102385,0.038310579930502194,0.5358303862601858,2.0081227359164315,0.342870650010658
V2,FI,1993,0.20357385459146896,0.051490478165510556,0.4989504054316275,1.9623165169532557,0.3450205579198164
V2,FI,1994,0.226705956081749,0.062026658845270935,0.4755249948521643,1.8379343169919085,0.3416566772519412
V2,FI,1995,0.25582278371777945,0.07418478471875005,0.4594744327346271,1.6534162152761223,0.33583445177457094
V2,FI,1996,0.2552925272388559,0.07477150688943815,0.4659119395812067,1.626151099612618,0.33188283754314746
V2,FI,1997,0.27453027946311764,0.08358001842461264,0.45168851976293983,1.5455828971072134,0.33208411053245035
V2,FI,1998,0.29031034799433003,0.08992281220228261,0.44659678506524897,1.45965016327143,0.32743404097341916
V2,FI,1999,0.29234384648126277,0.08879855302374771,0.452195598692414,1.4216403239757804,0.32305260325575136
V2,FI,2000,0.3025090297812408,0.09188469546675003,0.44640407399709,1.3836104759925172,0.3214268787816553
V2,FI,2001,0.30651273133238865,0.09365714076084963,0.44359136746723826,1.3716958152676961,0.31939066867983196
V2,FI,2002,0.3056239089742781,0.09295704334667197,0.44516670962076305,1.3702452201636073,0.3242189764098997
V2,FI,2003,0.30299556423086654,0.09037879384799953,0.4476929159057964,1.3751294263822738,0.32707979626485567
V2,FI,2004,0.31013173604831823,0.0926036167035884,0.44362789030292166,1.3503584871840832,0.3276648918830816
V2,FI,2005,0.30150845154003714,0.08603810812981083,0.4516606322239242,1.3669927586687092,0.329491569222818
V2,FI,2006,0.30245296718042036,0.08470617911070907,0.4528480696970705,1.3561999135437104,0.33027613169736164
V2,FI,2007,0.32074409825491035,0.09177805315270876,0.4372916112862188,1.3170926214255876,0.32968542622301905
V2,FI,2008,0.3060210543462768,0.0831067272608505,0.44786515698131507,1.3563729344080413,0.3343453095992137
V2,FI,2009,0.2599173805986854,0.061930155256343475,0.4831417934606669,1.5054062803496278,0.3404229460379193
V2,FI,2010,0.27980156208359813,0.07017352978791228,0.4724371709738016,1.4130520489490488,0.33999308825435226
V2,FI,2011,0.2796759882753704,0.06858166534102933,0.47570357169377,1.398952996212965,0.3400737566442787
V2,FI,2012,0.2622592395812231,0.059142230009764936,0.49070287041916877,1.4512578032794186,0.3406245947913861
V2,FI,2013,0.26309604331906244,0.058452555524750226,0.4884052433576299,1.4561118622149072,0.3425191398445073
V2,FI,2014,0.2691019637832116,0.060247212804879054,0.48222375240097126,1.4418656905736962,0.34372379778051787
V2,FI,2015,0.2725319967779468,0.0634560427591902,0.48392746172532625,1.4096943675498559,0.3319034434348555
V2,FI,2016,0.2779541912910529,0.06446615880872206,0.47926435451997823,1.394194156975343,0.3325374222068794
V2,FI,2017,0.2954284730985431,0.07174005482624785,0.46010822992963746,1.367379027502981,0.3315312056805094
V2,FI,2018,0.2886024722679922,0.06778060619566366,0.4653532999137904,1.3871834988345733,0.332343833030986
V2,FI,2019,0.284004652708541,0.0648844178718722,0.46797860882666054,1.405305459231636,0.33257567013238387
V2,FI,2020,0.2740211654105722,0.061872865773574995,0.4715753359623747,1.4568328701916078,0.328044809640206
V2,FI,2021,0.2739889731692934,0.06185356043878309,0.47441222945795825,1.4438685117793526,0.3288994631940799
V2,FI,2022,0.27215553725932023,0.06064481334715947,0.47234233225047606,1.4664668981740787,0.33143595557282046
V2,FI,2023,0.25713100753619395,0.05545367721452744,0.48567623767239543,1.5145639016083874,0.3276948414976882
V2,FI,2024,0.2550663420768375,0.056265409128131494,0.48688648648648647,1.5248,0.32651428485976836
V2,FR,1978,0.42534792640095936,0.08073935622498171,0.43015739460724994,0.9095519821714699,0.4146765907214153
V2,FR,1979,0.4237497781190388,0.0783379436437459,0.42758048090549133,0.923262749350327,0.4190437651489187
V2,FR,1980,0.41133401689397386,0.07270476239451297,0.4310701455754597,0.9520633446245219,0.4233922715860793
V2,FR,1981,0.4037695086515922,0.06914264883111924,0.43155422917491215,0.9762929674186094,0.4280022689521975
V2,FR,1982,0.40776939153095837,0.0689807524569916,0.43012603083625217,0.967413806629656,0.4319444799966845
V2,FR,1983,0.42096564342508586,0.07234661835558698,0.42461124390146854,0.9422194347663178,0.4329461827167184
V2,FR,1984,0.43439204910798457,0.07616132245254713,0.4192391289065772,0.9177118403526524,0.4326419355461371
V2,FR,1985,0.4471880463968074,0.0792892230801035,0.41385001135271515,0.8968960905839433,0.43387993356805127
V2,FR,1986,0.47616812395933494,0.08831466861144206,0.4007259941510686,0.8578084933445912,0.43424728069741797
V2,FR,1987,0.481626550574672,0.08851934617772027,0.3981878844883667,0.8513531028047072,0.43503701478250856
V2,FR,1988,0.5036820746402944,0.0954778244285873,0.388001553752451,0.827047535863472,0.43578854100802356
V2,FR,1989,0.5202923278654742,0.10052632307575797,0.38244262628274456,0.804500445222492,0.4346703500212741
V2,FR,1990,0.5149542986188178,0.09756925293588746,0.3873094152409242,0.8024866237520523,0.43287666229495314
V2,FR,1991,0.505642469927417,0.09317476211117635,0.3918399926409996,0.8109070935487727,0.43306669540738535
V2,FR,1992,0.5141122630783433,0.09501452694906991,0.39090832478633536,0.7938361735584702,0.4319087899349306
V2,FR,1993,0.5107597433457198,0.09245989655851497,0.3948176159483289,0.7900494217070624,0.43005063886044353
V2,FR,1994,0.5230223545097806,0.09435518122959682,0.39005847959967394,0.7761278509483066,0.4329180046567341
V2,FR,1995,0.5298938292824253,0.09539432829050808,0.3906630994795844,0.7592595205772882,0.43131320247596666
V2,FR,1996,0.533664143724091,0.09348932700701428,0.3897222629369434,0.7538391777930443,0.4354315984400825
V2,FR,1997,0.5487903273878951,0.09651382559962675,0.38479943030670266,0.7362126192705895,0.43638784954896287
V2,FR,1998,0.5656428346708952,0.1003712276806934,0.3795472399072492,0.7173512304035176,0.4382585788401005
V2,FR,1999,0.5632662328495234,0.098011027357292,0.3800219388454682,0.7206619385070006,0.44282299740144915
V2,FR,2000,0.5719663171751094,0.09976675039722085,0.37599398107013887,0.714989876181755,0.4466182856359738
V2,FR,2001,0.5704414688025837,0.0979301465177487,0.37704063301347407,0.7150247252329778,0.44767557076851533
V2,FR,2002,0.5625653245243216,0.09394724005986783,0.38186916357294,0.7169024980998124,0.44696230826994404
V2,FR,2003,0.560451256523215,0.09098224540406884,0.381489926891784,0.7221030544946285,0.4491857975681886
V2,FR,2004,0.5671429773813284,0.09124672213574009,0.3772113639984686,0.7209043860671253,0.4511155525443622
V2,FR,2005,0.5634986077625327,0.08872937826083334,0.3767307739014224,0.7293397957728744,0.45321379388875654
V2,FR,2006,0.5611000103385178,0.08685943033897882,0.37706939518167615,0.7331259235503678,0.4535894079103117
V2,FR,2007,0.5680018170542163,0.08815282561251833,0.37202463603879415,0.7335622566546585,0.4544369329980073
V2,FR,2008,0.5570138110351995,0.08505464601840461,0.37574874535670544,0.744961804859519,0.4525390761967907
V2,FR,2009,0.5190659172024169,0.07379830422157929,0.38979431111677787,0.7857898847634229,0.4521182993206064
V2,FR,2010,0.520658164535173,0.07361926492704493,0.38782754471005304,0.7879390080654612,0.4534566093247327
V2,FR,2011,0.5180038088988868,0.07253731719495043,0.38751431678957665,0.79488178279196,0.4549081247451563
V2,FR,2012,0.5061695503960287,0.06880109393615674,0.39248117671439553,0.8077467366602428,0.45572428065331116
V2,FR,2013,0.504248118052828,0.0681276499195049,0.39440324967465684,0.8065863596943903,0.45421846028065876
V2,FR,2014,0.5060850972643384,0.06768583159071084,0.39518893759380797,0.7998888579696664,0.45455234419773405
V2,FR,2015,0.5169324236887621,0.0698959611137904,0.3915863524826427,0.7853830532586283,0.45520114895519664
V2,FR,2016,0.5128556829053929,0.06733922938168045,0.39307806880775087,0.790338536335355,0.45792838214979564
V2,FR,2017,0.5079097859025544,0.06457207117102416,0.39561450997002184,0.7943320254289499,0.46034009344542787
V2,FR,2018,0.5050665624134357,0.0635242398405444,0.396112187932023,0.7995476656570343,0.46073744055733135
V2,FR,2019,0.515430879438604,0.06714808752685196,0.38861143381851715,0.7975584108120449,0.45974867604940817
V2,FR,2020,0.47287851670167685,0.056810440845143945,0.39906798332240456,0.8717277822985217,0.4589472988335258
V2,FR,2021,0.4816884390446984,0.05765910562561018,0.3964566200600394,0.856517981400044,0.4597340381468931
V2,FR,2022,0.47812400183837406,0.05669668646631005,0.39981261261030104,0.8554838901421116,0.4573531616011372
V2,FR,2023,0.5013493227251937,0.06346310502326558,0.39087948639918413,0.8240827883872031,0.4563279249187005
V2,FR,2024,0.5013953017071281,0.06378962185979586,0.3928229719884745,0.8181517338857859,0.45565239940090113
V2,FR,2025,0.49280478305745895,0.061963381343760796,0.39595658275745677,0.8297689743179791,0.45591166319121273
V2,IS,1995,0.37178424585181946,0.09132230314545071,0.4374969264814359,1.0754856159331203,0.3367502888880606
V2,IS,1996,0.3551836355183635,0.08522705907421561,0.45230441921235814,1.0897023795758851,0.3402037511806773
V2,IS,1997,0.36529625151148715,0.09068707999501376,0.43740688627710655,1.1026940903823874,0.3460074869288122
V2,IS,1998,0.3557733428367784,0.08628522396466683,0.44724165297798113,1.1064395267713771,0.3587721619476052
V2,IS,1999,0.3229686838764283,0.07252246982901486,0.4800906056270862,1.12969207711697,0.3569587334899742
V2,IS,2000,0.33193515370837445,0.07530430125176014,0.4741360589521231,1.1101009077352946,0.36578942272313564
V2,IS,2001,0.3511277829200564,0.08836781950560797,0.45815666817019995,1.084994737633439,0.3580382160237639
V2,IS,2002,0.3506141749402131,0.08557590383656574,0.4624230892095723,1.0708204280615008,0.35444216077868695
V2,IS,2003,0.33365638997302033,0.07385369972058613,0.4744543616684775,1.1006560037407342,0.36516202638794326
V2,IS,2004,0.344405282050449,0.0766680855391778,0.46655261767591644,1.0823416941306703,0.37289711725420577
V2,IS,2005,0.32095008041212003,0.07050393617779926,0.4823866161015986,1.130366941192275,0.36945187346354375
V2,IS,2006,0.29636494395687285,0.06407003668643887,0.48923799351055036,1.2341844857816564,0.371654501216545
V2,IS,2007,0.321411866297269,0.06857252583860307,0.45528589846336115,1.2394682741558942,0.40856625551657805
V2,IS,2008,0.30674391174634014,0.0805601750547046,0.44011194974925283,1.3851501950255813,0.3789005254316045
V2,IS,2009,0.3090821814036166,0.09373590875154314,0.3936999764595104,1.5679143126177029,0.37195765953951226
V2,IS,2010,0.3254181621651586,0.0958375804160749,0.3864473649831473,1.4989810048859507,0.3820426580876977
V2,IS,2011,0.3245746127566419,0.09100985379480014,0.39562231335540304,1.4664385592173528,0.39047691546454527
V2,IS,2012,0.3230057160200313,0.08977208456258887,0.40302205186336487,1.4451741828423184,0.38642873663422705
V2,IS,2013,0.3221300660922568,0.0879519610047833,0.4168470155529888,1.3934558584420094,0.3828709929113336
V2,IS,2014,0.34544843452108454,0.09775841670591212,0.4115144275856622,1.2920265747934334,0.3801891281075294
V2,IS,2015,0.36430314073067527,0.1050459800281155,0.40787062986790257,1.2175047894723636,0.3836955010302502
V2,IS,2016,0.3705629018020347,0.10146198570067577,0.4169040169489147,1.1566371557251696,0.38711274287364383
V2,IS,2017,0.35782202670371216,0.08976599867214062,0.4367509582267795,1.137352925097341,0.391968000541217
V2,IS,2018,0.35314699894992624,0.08440526197121186,0.4467947385611212,1.1197066421212032,0.39249234943115296
V2,IS,2019,0.35097606608975324,0.08937097543073771,0.4459795972379279,1.1325337439549594,0.37697465716590484
V2,IS,2020,0.31299596240348015,0.07832504289372218,0.463371822526752,1.251117314497596,0.36130705998950624
V2,IS,2021,0.33217977645034064,0.08673059885240941,0.4558109795085711,1.182425478793046,0.35664618161502426
V2,IS,2022,0.36317952689998934,0.09880561621322198,0.4396713728135691,1.1031706259336003,0.3609443833563289
V2,IS,2023,0.3423311213006869,0.08959159809752006,0.45308985904282395,1.144515812563051,0.36277253498210216
V2,IS,2024,0.32661800460586665,0.0821117509875779,0.45886528908406865,1.1979163435418614,0.366880258266484
V2,IS,2025,0.3266165142060368,0.08418276519840512,0.4561412529714464,1.2089881063036196,0.3643243779558809
V2,IT,1995,0.484122495764819,0.14366924480750848,0.320709320923962,1.0824286968681909,0.3726743419454681
V2,IT,1996,0.49361473057640565,0.14578842616460477,0.32082093905693204,1.0551085437402576,0.3751748996436618
V2,IT,1997,0.4904033683292906,0.14372774178070966,0.325370062857201,1.0502932802416294,0.3720092930167778
V2,IT,1998,0.5009407228638116,0.14898740101077207,0.31427755772465527,1.05459187328339,0.36964557419858185
V2,IT,1999,0.5017767766719637,0.1479164403816914,0.3152332040733693,1.0494509099829825,0.3720336138434162
V2,IT,2000,0.5066615541268982,0.1503852392440827,0.30978639131098107,1.0524910561626604,0.37265128019626204
V2,IT,2001,0.508244981518545,0.15161881545479955,0.30891362390269217,1.0508368925361824,0.37300337312908105
V2,IT,2002,0.4950931025820213,0.14567944600547506,0.31292388732911824,1.0748476430913745,0.37413066062345185
V2,IT,2003,0.4921188429759903,0.1438967762039265,0.31291553570599384,1.083260355749412,0.3780170827381963
V2,IT,2004,0.48830687120712857,0.14128761503264128,0.31230643260920576,1.0960160955804303,0.3795566584507762
V2,IT,2005,0.47523663918281217,0.13404963788565824,0.3179412604831509,1.117256877206055,0.38055133694736754
V2,IT,2006,0.4656258644234165,0.12969375763769583,0.3222491707822033,1.133320377651396,0.38023696283051567
V2,IT,2007,0.46518837911142713,0.12839082781269226,0.3210035344533302,1.1386126039455804,0.3809545803087827
V2,IT,2008,0.4481587587948765,0.120884964901616,0.3273640807246284,1.173523508941423,0.3828732966149983
V2,IT,2009,0.41524389722271515,0.10600207551988536,0.3398710089064694,1.2498669631833934,0.38739766990070157
V2,IT,2010,0.41437594928102706,0.10438453444465978,0.33799125260742247,1.2596129243271024,0.39046947211293853
V2,IT,2011,0.41264702024478556,0.10291174217163244,0.3351169904705451,1.276146333653402,0.39341735339576556
V2,IT,2012,0.3993374524524794,0.09732680815236397,0.3400186230010057,1.312672285266686,0.39228416629212154
V2,IT,2013,0.40357436134503427,0.09720678327810345,0.3391980988203679,1.298175244167301,0.3926665844521913
V2,IT,2014,0.410084895143623,0.09859401502373832,0.3378891765478376,1.2766809558640695,0.39295251942052833
V2,IT,2015,0.4171958247984081,0.10018390147320405,0.33804038587894536,1.248647626736996,0.39361936908598
V2,IT,2016,0.43288092518342125,0.10386958681237429,0.3356320167883537,1.199127185017868,0.3948049039157516
V2,IT,2017,0.4410429887184317,0.10595455193876956,0.33530888539608156,1.1717802909568995,0.3952354490953413
V2,IT,2018,0.4421747383360036,0.1049896200553322,0.33801987326833616,1.1590808639262717,0.39646392583589807
V2,IT,2019,0.4422882372612371,0.10505370547771857,0.34079576395972816,1.1496445880655362,0.3964723610653658
V2,IT,2020,0.40668357934473087,0.09183234155308678,0.3505394937849762,1.246428122319582,0.39845702084426077
V2,IT,2021,0.4328052708364879,0.10017936929784825,0.3454748113199101,1.1668108117619929,0.39364114195675387
V2,IT,2022,0.44588470925890206,0.10454948149346188,0.3369350425850147,1.1501420956219786,0.3895600738899754
V2,LU,1995,0.5486051045042021,0.15363836500584674,0.31396353128253973,0.9365470146181603,0.4938711776187378
V2,LU,1996,0.5550246444604902,0.1551052939084489,0.3111821086261981,0.9298761006779399,0.49757809846130613
V2,LU,1997,0.5793621128098285,0.1645337474644247,0.29966816289646386,0.9091299645941665,0.5049011809337332
V2,LU,1998,0.5647330360301325,0.1568270869572857,0.3033743230966227,0.9301743316808664,0.5082330295229482
V2,LU,1999,0.6129979147730313,0.17633314378575918,0.2877749684729737,0.8740968982375923,0.5151502464858755
V2,LU,2000,0.6261121396327447,0.18071964366534016,0.28268905317538084,0.8629698494700278,0.523460960960961
V2,LU,2001,0.5893870919967865,0.1587216807883923,0.2947642573300397,0.9017935774889921,0.5283670576105168
V2,LU,2002,0.5728438129752248,0.1491575646900734,0.3020323945115032,0.9163932734963374,0.530065170631481
V2,LU,2003,0.5716913466453609,0.15341384893090418,0.30002020570392246,0.9243813851256447,0.5270399403342214
V2,LU,2004,0.5771605171488805,0.1561115915694143,0.2953982537625283,0.9254090005488702,0.5307405426396349
V2,LU,2005,0.5821402349486049,0.1592268128223753,0.29197255780805925,0.924276379622713,0.5345743224746783
V2,LU,2006,0.6467694564387871,0.1925685172781193,0.2733002717189564,0.8502835973808075,0.5352568755799348
V2,LU,2007,0.6768621093955434,0.20253686004777902,0.2642875396782698,0.8226583095712056,0.5443916294707553
V2,LU,2008,0.6751549393214379,0.19891649682292295,0.26440456524060474,0.8251163608725967,0.5465792010685453
V2,LU,2009,0.613963559751863,0.1694060731542984,0.28327108762980513,0.8841091273456,0.5422438583302227
V2,LU,2010,0.6552947889336832,0.19309528616481364,0.26863983859112434,0.8474382590219645,0.5425898996245421
V2,LU,2011,0.6193700884846234,0.17734633727398708,0.27959799978696637,0.8835224246681429,0.5398697145564373
V2,LU,2012,0.6122218154087969,0.17629979141824606,0.2777715114183767,0.9019128291328856,0.5390494103897409
V2,LU,2013,0.6188883643721647,0.17912257738400955,0.2733650270749902,0.9007319745096966,0.542843590758961
V2,LU,2014,0.6195695119285799,0.17933970629985388,0.27031495575768827,0.9074141451642841,0.5457271800844373
V2,LU,2015,0.6428062520377894,0.1905623936442315,0.26258384031954557,0.8845987786153791,0.5461387734904084
V2,LU,2016,0.6480562060889931,0.1894590637410245,0.26021574367405864,0.8813276122495353,0.5506664871415107
V2,LU,2017,0.6261126497726566,0.17679478229269274,0.2688033485829925,0.8990322664337417,0.5522212818065585
V2,LU,2018,0.607207335276139,0.16226459516852765,0.27821912050170144,0.9104702077819483,0.5564994579015065
V2,LU,2019,0.5948228373231773,0.15296030737186092,0.28497793728425236,0.9170977360935404,0.5552011126671155
V2,LU,2020,0.5966958116060604,0.15218787868727285,0.2817305011104365,0.9220143298718299,0.5579898106721108
V2,LU,2021,0.6389137710851398,0.17358872155203348,0.26729713080974143,0.879497479589446,0.5590674242532668
V2,LU,2022,0.5699262627799172,0.14212187088274045,0.27974198988195614,0.9840320404721755,0.5602835187497184
V2,LU,2023,0.5609512074007319,0.13523771354019984,0.28304734145080157,0.9950542992807108,0.5630831230844777
V2,LV,1995,0.2547343307321437,0.08397778334908299,0.40198366394399065,1.9456242707117857,0.3920945826716075
V2,LV,1996,0.27290726586241815,0.07998956618725094,0.40376232311716187,1.7810006035812491,0.42467389746285056
V2,LV,1997,0.30138001296656486,0.09709963151375398,0.3866989768443726,1.6482767905223477,0.4179769816826066
V2,LV,1998,0.3179778861948075,0.10404992809730594,0.374366890164488,1.593169649317447,0.42025845969970865
V2,LV,1999,0.3432004356804103,0.10779602015898583,0.3529625668449197,1.532342245989305,0.4527394534359247
V2,LV,2000,0.3835410105436123,0.1295757304377029,0.33337866553336165,1.4046918827029322,0.45028731604765243
V2,LV,2001,0.4290597138510715,0.14828174116894882,0.31953457832613114,1.2664111530180644,0.4443146210632534
V2,LV,2002,0.4651609621941341,0.16445684565789404,0.3039630193359265,1.1923727380348388,0.4454529092638778
V2,LV,2003,0.4739626950894554,0.16529177650281693,0.31069990173418416,1.1436341743595426,0.4425932363311317
V2,LV,2004,0.49150688736318593,0.16976491396145774,0.3059310919631803,1.1061933886526036,0.4419727693442733
V2,LV,2005,0.4775363707383225,0.15545131904913526,0.32018717278860176,1.1033961789052906,0.4479277845112973
V2,LV,2006,0.4443529620290801,0.13208650080626586,0.3374030181601159,1.1537471225168383,0.44588974922639635
V2,LV,2007,0.43438724601653794,0.1219559289013466,0.3567187549931295,1.1241747355638643,0.44325742386609607
V2,LV,2008,0.3878908995080816,0.09853535362995902,0.3771166267977736,1.2287044275042462,0.4541084585410676
V2,LV,2009,0.34437116615828106,0.08325466820379351,0.36139579335047906,1.4930109323159881,0.4717126858466885
V2,LV,2010,0.33855781844770855,0.0899704859169935,0.33916262981588596,1.6127561686158292,0.47167294413057126
V2,LV,2011,0.34918708952398025,0.09673248918801548,0.3316864474801868,1.5822261013224432,0.4678826824023603
V2,LV,2012,0.3551308067388828,0.10188450288425839,0.3264876688055043,1.5700313557738232,0.4653184760306969
V2,LV,2013,0.34258617352594456,0.09433899596891204,0.34503313486056447,1.56679786053083,0.45827523556006255
V2,LV,2014,0.3399954414171071,0.0896976315793909,0.3517710164291691,1.5548103802772133,0.46278044673369323
V2,LV,2015,0.33736951434356177,0.08772146243557,0.36466554014322944,1.5185350243564273,0.4591828304432838
V2,LV,2016,0.34129958468229843,0.08404131555520454,0.373756405486817,1.4611230453514463,0.4610878950692588
V2,LV,2017,0.35395847008533327,0.08469303667078697,0.3794112033055253,1.3738701817814356,0.4579613900852562
V2,LV,2018,0.34619586527266033,0.08085595267874664,0.39985471526786875,1.3336878972629393,0.44457818299758545
V2,LV,2019,0.34103440419229886,0.07692776938409267,0.41176528381598015,1.3130891852725177,0.43871995928725915
V2,LV,2020,0.3148737716098641,0.06569929612761227,0.4252065345047456,1.4002661384222228,0.43819386633811735
V2,LV,2021,0.3375115908116009,0.08115040370211882,0.4081952520143584,1.3452400790880548,0.42887750408025654
V2,LV,2022,0.3470419729643567,0.0842749270335558,0.40528145985867187,1.308397537126541,0.43135148442833005
V2,LV,2023,0.3398346191921926,0.08273343325803792,0.40221402214022145,1.3568356570265212,0.4375015888349391
V2,NL,1995,0.41515392923995736,0.09505539330958014,0.3446814977910695,1.2338137447052597,0.48594458142673536
V2,NL,1996,0.4236823639709308,0.0954169806928816,0.3411822985718156,1.213797935331398,0.4894494281096028
V2,NL,1997,0.44705907752213087,0.10174572359261685,0.33133842612161374,1.1643510867376468,0.4955954423916784
V2,NL,1998,0.4595797942837892,0.10370719877947282,0.3316353142157611,1.1226598791267155,0.49566454248738023
V2,NL,1999,0.4603908872689265,0.09971422197197463,0.3355311097758971,1.1077400508801758,0.49922726882459
V2,NL,2000,0.46766113026219575,0.09882428564759453,0.33552207792207794,1.085331354359926,0.5016292102629224
V2,NL,2001,0.47055198503495754,0.0974168460465617,0.3349273692787502,1.078460846843303,0.5016430178014498
V2,NL,2002,0.46636838891856824,0.09284409679317561,0.338798420255356,1.0789682969054317,0.5013814354188895
V2,NL,2003,0.4650124925260394,0.08904551248406688,0.3414759742103992,1.074666680823165,0.5013276171501002
V2,NL,2004,0.47588040678568255,0.09129758848313793,0.336736720214777,1.057023708513969,0.5011194913764777
V2,NL,2005,0.49315554488194135,0.09618928482976034,0.328060624990704,1.034469680067824,0.5023184448932162
V2,NL,2006,0.5175155130337737,0.10311085312436406,0.31732406538191865,1.0018169408772097,0.5041892324714652
V2,NL,2007,0.5351424842473527,0.10605478762868215,0.3120655184029889,0.973450959632859,0.5091149327993063
V2,NL,2008,0.5279999221683886,0.10274614926234482,0.3177749842866122,0.9743180389692018,0.5072447759642374
V2,NL,2009,0.4754045327871181,0.08461654628983382,0.3414196397341728,1.0438855369010143,0.4999391649590164
V2,NL,2010,0.4812910277669095,0.08819029104008234,0.33498378155731373,1.0467503046321245,0.49936518114780376
V2,NL,2011,0.4852290062983767,0.0916025752646554,0.33437377421320136,1.0374037105348812,0.49901058811392773
V2,NL,2012,0.47809609272761266,0.091133824632924,0.33717412535067876,1.0492121780131418,0.49853518937688496
V2,NL,2013,0.47771692130296917,0.09249820647146617,0.33444960703870297,1.0587402995403095,0.5005705041657569
V2,NL,2014,0.48248567805134035,0.09711846566699228,0.3319703232473278,1.0525882390932282,0.4996638711698804
V2,NL,2015,0.5019000038996659,0.10517100177183188,0.3218856900881844,1.0292087602863895,0.5016525979322888
V2,NL,2016,0.5062803964651273,0.10573147023922917,0.3239262336617278,1.0114479405284045,0.5018736757315215
V2,NL,2017,0.5216237334134161,0.1110761954802279,0.31997563968483844,0.9836927265246495,0.5019831978289203
V2,NL,2018,0.5261724627119077,0.1101893576518641,0.32171188425957165,0.9673865840344785,0.5013569321533923
V2,NL,2019,0.5266481713195627,0.10906786931996812,0.3245219541792937,0.9580763393422379,0.4978934621001267
V2,NL,2020,0.4720480145270663,0.08758442894437969,0.35195433958995975,1.0208841015573922,0.4899342898629193
V2,NL,2021,0.5107917845481643,0.10083391206264546,0.3337387267658567,0.9706308684176366,0.4904070089830321
V2,NL,2022,0.5468810542791782,0.11538467969694487,0.3163060746672432,0.9338632628569943,0.491713375361997
V2,NL,2023,0.5441131655890953,0.11391713009239061,0.32088282611265595,0.9272346921467745,0.48978007339059654
V2,NL,2024,0.5468757408607419,0.10962895338909442,0.32669459832531667,0.9044907539723561,0.4889542913890654
V2,NO,1975,0.254756087386625,0.07142702717310523,0.4351955100595595,1.781844701754015,0.3961000865343717
V2,NO,1976,0.24440240650003098,0.06396599921630951,0.44589018522180485,1.8213125920066793,0.4000319292353539
V2,NO,1977,0.2252307842993217,0.05726229244035058,0.45612686549513975,1.9586102504671128,0.39909328846513364
V2,NO,1978,0.224725557544699,0.05808475030500887,0.4551366328240591,1.969435690542254,0.3985478684783736
V2,NO,1979,0.23889299245782877,0.07060118172108361,0.43092814558224446,1.9511921860478785,0.3943717959969645
V2,NO,1980,0.26256686115183964,0.08740701381509029,0.40097191444262464,1.8804587387994989,0.3944957465479064
V2,NO,1981,0.2657443660050987,0.08919750594813193,0.3937529857053614,1.8875635419346142,0.39997984104289
V2,NO,1982,0.2559983264376366,0.08491789300687871,0.39666668857904774,1.960119466302045,0.4017574762139244
V2,NO,1983,0.26243303614176744,0.08887657761090169,0.38690265558714554,1.9493022423421558,0.40320283581153143
V2,NO,1984,0.2772236492595918,0.09917899625416751,0.3740157897525566,1.8840318620957626,0.3989680246584207
V2,NO,1985,0.27104327017288904,0.09712547295927307,0.37993619109947646,1.907756871727749,0.39699871722296953
V2,NO,1986,0.21864945799245145,0.06553851887045727,0.43325905746139376,2.1587480197213544,0.39777737761428245
V2,NO,1987,0.20044961335657838,0.05662439637808574,0.4541206325627456,2.2691541011539695,0.3914337502531038
V2,NO,1988,0.18873029511620257,0.050222755801803264,0.4610922766325106,2.394346078061314,0.3930936720861651
V2,NO,1989,0.21260408172808554,0.06449073255741151,0.4287172753488431,2.258355898447561,0.39375619117000343
V2,NO,1990,0.23218886915905892,0.07503648782976406,0.4124339488441239,2.1181182403453125,0.3953600773320444
V2,NO,1991,0.2445115862215076,0.07917482821876072,0.40300222893194343,2.038590745428074,0.4024195807209187
V2,NO,1992,0.24072613661224065,0.07826589842247152,0.41097197511739153,2.0359082563857176,0.3978855659294024
V2,NO,1993,0.24884062869108628,0.0841944069046118,0.40213214796956226,2.0004813447516683,0.3959269474531371
V2,NO,1994,0.24879704032924407,0.084033521069184,0.4068493833614716,1.9772248638787129,0.39312064990845086
V2,NO,1995,0.25464204506524274,0.08677378784088947,0.40404616732859727,1.9363129533292314,0.3907659261813901
V2,NO,1996,0.27189431661233626,0.09684990429982279,0.3925731123503214,1.8414819985394761,0.38900873440254363
V2,NO,1997,0.27675467896036965,0.09914099957019436,0.3955279819299445,1.7886158249272972,0.3840830179846292
V2,NO,1998,0.2403877840123614,0.07725037965308378,0.4353512910733671,1.9135563759551582,0.38251038730337517
V2,NO,1999,0.25588673789643557,0.085483923736186,0.4216284593045775,1.8386353802755164,0.3858387448791571
V2,NO,2000,0.3377615682344739,0.1327744593028107,0.3559886128671047,1.5507155468134393,0.38920443715930314
V2,NO,2001,0.32768915240059,0.12607769933192126,0.3679821336705443,1.560729456870095,0.38203446226975635
V2,NO,2002,0.30570085725218527,0.11257029541953884,0.39138761515154336,1.5994880085513605,0.37624428444903996
V2,NO,2003,0.31742270587703214,0.11967965919413609,0.3843068954161921,1.5553561884916243,0.37334508499044905
V2,NO,2004,0.3527521795695983,0.13766899527680646,0.359363337435194,1.4567463839745012,0.3736892529730775
V2,NO,2005,0.3904896830299743,0.15780925542979327,0.33694429676760707,1.3610665138829172,0.36939943889094246
V2,NO,2006,0.40989148484708704,0.16798408030895565,0.32763510398070533,1.3127134294125298,0.3673474046787193
V2,NO,2007,0.38072047133755976,0.14928488711638185,0.34616096480830255,1.3712119752246001,0.36483139488987715
V2,NO,2008,0.39588270109939605,0.16134524474985973,0.33621414765072366,1.340509413408886,0.3626851271722292
V2,NO,2009,0.30991403514046395,0.11444604867487046,0.3874738717533167,1.5889649428652755,0.35982807120050103
V2,NO,2010,0.3292340470900599,0.12420317244912521,0.3718882188545078,1.5359089445830763,0.36237061682752914
V2,NO,2011,0.34186801539605144,0.13125365072693987,0.36458845203226453,1.494057339185192,0.3587059985776668
V2,NO,2012,0.3415468933584351,0.1317735272221986,0.367272449512426,1.4852624813896114,0.355095509180918
V2,NO,2013,0.3274788490586067,0.12537030881157404,0.3780885985267787,1.5210001617428108,0.35037745097759493
V2,NO,2014,0.3065455182802324,0.11515810754389431,0.3909628465631297,1.5958127450477428,0.3468347965446492
V2,NO,2015,0.27585270252310734,0.09751647843984851,0.41346488462358816,1.7127971023412834,0.34777936066055265
V2,NO,2016,0.25922972558114626,0.08638335340471591,0.4271301747408407,1.782762321094228,0.3498832478230876
V2,NO,2017,0.28397797695673616,0.09783084641956079,0.40834916168946117,1.6750900002166624,0.34970211972595744
V2,NO,2018,0.3010179891679868,0.10637280356709215,0.39586753091449306,1.6110971383909132,0.3490720753969149
V2,NO,2019,0.2720464319074137,0.09115695286206058,0.42271938345167587,1.6992735884862604,0.3448242285964503
V2,NO,2020,0.22513358338288966,0.06795035956782652,0.4594652099887235,1.9414861802442345,0.34339175459200333
V2,NO,2021,0.33431029586282296,0.1243367318988558,0.3669077765018828,1.5268185948746453,0.3443476767864838
V2,NO,2022,0.5020957711217361,0.2126099077571675,0.2785791510617696,1.1582400584019914,0.34411797916133385
V2,PT,2000,0.4491098869744424,0.09746239897853155,0.39195441877481624,0.9619360184218736,0.41078511300476866
V2,PT,2001,0.4395364320314833,0.0951948831158107,0.39378556406613396,0.985427606346197,0.41045312471327994
V2,PT,2002,0.42932865513041146,0.0929206463891728,0.3966214701762869,1.0087786181090683,0.4077617969580093
V2,PT,2003,0.42397662971279054,0.09087077910425706,0.39241987428477165,1.0406311080932291,0.41407175210254304
V2,PT,2004,0.4226741482863824,0.09062855818987574,0.38884233055272616,1.057088706216489,0.41650624570732864
V2,PT,2005,0.4111855432585962,0.0855617891162789,0.3920461200225665,1.0864929238345493,0.42137197073164295
V2,PT,2006,0.4123258131592893,0.08656192248167364,0.3848315329328378,1.107115969343744,0.423844026733286
V2,PT,2007,0.4226055950204025,0.09150537795008458,0.3740896626336311,1.1069847593369329,0.42800486521960107
V2,PT,2008,0.40167753913166276,0.08516833854281461,0.3773543148689897,1.172758958770934,0.431483479909031
V2,PT,2009,0.39946792297668554,0.08368988101023198,0.37548761172394884,1.187872929524065,0.4386032650729005
V2,PT,2010,0.3950544159704532,0.0819833841677208,0.3761617785763115,1.2029579482370862,0.438811112897566
V2,PT,2011,0.38129523146764427,0.08027512324715376,0.37444104265518463,1.266174694753791,0.43862671304271494
V2,PT,2012,0.3744607711482772,0.0842694382878153,0.36397808647813146,1.334522697920509,0.43853580674930454
V2,PT,2013,0.39312652916344476,0.09119089585730145,0.35449371125213774,1.2874872817921885,0.4442027954409275
V2,PT,2014,0.39463920099372474,0.0924349327956654,0.35312762450356144,1.2860211824765253,0.4419845855408619
V2,PT,2015,0.4080916790039724,0.09721122329329036,0.34771666128074546,1.2506578517974916,0.4445275169048219
V2,PT,2016,0.4131936770053893,0.09958565732526041,0.3490641719432583,1.2263128589309376,0.44013772217171965
V2,PT,2017,0.41292223730387,0.09850986343003142,0.3539886494420446,1.2104980557933402,0.43820219487009937
V2,PT,2018,0.4028777458621556,0.09409012584934232,0.36387716888400184,1.2150703844356778,0.43413481815261495
V2,PT,2019,0.3995984525733314,0.09170228153451257,0.3692011825171375,1.2093805497709846,0.4335136528891525
V2,PT,2020,0.33913637751857895,0.06757972667968253,0.40437945293110317,1.3519067686384685,0.4304628721812271
V2,PT,2021,0.33658676160778406,0.0676985622766687,0.40720659160684797,1.3539839126231403,0.42679569991961924
V2,PT,2022,0.3437739063761574,0.07388055948438324,0.3990334225094436,1.3491114085673475,0.42191221803419243
V2,PT,2023,0.366964873213597,0.08105098502826641,0.3935061004191946,1.259224021321333,0.4218369978102868
V2,SE,1993,0.33053804856769936,0.11382931315099855,0.4096335943854855,1.376443403928971,0.3598998395383661
V2,SE,1994,0.3543800091610443,0.12890264700959003,0.39942084435245184,1.2953111950460268,0.35884982715515035
V2,SE,1995,0.3800504916788117,0.1485860246573104,0.38552289555260366,1.2313072833350567,0.34700868620458486
V2,SE,1996,0.3640900263252469,0.14128958318328338,0.3995328439874102,1.2496943047842612,0.3431222325910052
V2,SE,1997,0.3604550063233178,0.13794196993888674,0.39885361291480964,1.2688895909234508,0.34454810974744343
V2,SE,1998,0.37006669518007973,0.1441972244860034,0.3835327856649536,1.2822945432036026,0.3422389109816581
V2,SE,1999,0.3648889540027302,0.14079469278329343,0.38741172372296295,1.29142308220118,0.34380975795096436
V2,SE,2000,0.3551596562158615,0.13043957006349066,0.4013864954939134,1.2840907089953741,0.3436769981401792
V2,SE,2001,0.3300165999948711,0.11622516173306913,0.42094496859559116,1.3336789849067725,0.3362627621080089
V2,SE,2002,0.3244509717472384,0.11387464219934028,0.42067245038537443,1.3648902387778659,0.3363253946820344
V2,SE,2003,0.32677254647141135,0.11528619480169078,0.4176875271968714,1.3643240863585344,0.33649157500224053
V2,SE,2004,0.337212979249085,0.11912275624452219,0.4096796461422115,1.3409064528043055,0.3372324859996827
V2,SE,2005,0.33351319468986235,0.11637988127526314,0.41168410736193123,1.3523117464907184,0.3370336816110087
V2,SE,2006,0.3481782897061015,0.1210860440752975,0.3998281165408697,1.323920609911137,0.343397475127031
V2,SE,2007,0.34711416293991226,0.11720860900649385,0.40571800971924016,1.306346935275914,0.3435386181800285
V2,SE,2008,0.3144419932692337,0.10043865098078057,0.4245200491262846,1.4056424711226378,0.34081955924540797
V2,SE,2009,0.28366041171990397,0.08500759845038204,0.44091051331752923,1.5300712084270438,0.34171042432887927
V2,SE,2010,0.3155960920523348,0.0977150443475839,0.4169800264165906,1.430381168051965,0.3457643862682144
V2,SE,2011,0.321111911933064,0.09853385812873056,0.4179337250243412,1.3947248944322646,0.3470024268098933
V2,SE,2012,0.30054215731646705,0.08842918864593162,0.4346060283994392,1.4466407712141276,0.3473318373272563
V2,SE,2013,0.29716471308915776,0.08535521922409027,0.4388370836281037,1.4495530638371228,0.34714221115199123
V2,SE,2014,0.299413679925108,0.08631726395672086,0.43792131097734655,1.4393432454158201,0.34572733449618215
V2,SE,2015,0.31597063314116947,0.0933233060718179,0.42625577909327694,1.389559238913113,0.3462065060065906
V2,SE,2016,0.3113055280766544,0.08890717212988293,0.4327357267535838,1.389475002208273,0.3458424019210045
V2,SE,2017,0.30499274224249034,0.08441993737072001,0.4380199334928277,1.4045815080206863,0.34448294638447297
V2,SE,2018,0.29580430643500794,0.08030826994415183,0.4447314313206812,1.4324169285911055,0.34568098565758953
V2,SE,2019,0.30186909558745667,0.08533345958584539,0.4369528815972182,1.4282500379234297,0.34507000068647414
V2,SE,2020,0.2875411587843266,0.07737693721841826,0.4471047977686995,1.4757336736655955,0.3433921208854213
V2,SE,2021,0.2940117906384186,0.0811137147216254,0.43850220434157866,1.4712776532593101,0.34345040571258295
V2,SE,2022,0.27994741952508473,0.07773484680014699,0.43363485608883995,1.5894777158075797,0.3493078724682074
V2,SE,2023,0.2725560862303486,0.07641153800125533,0.43883089485469773,1.6200815033481248,0.3465775392293319
V2,SK,2000,0.14217832027394087,0.04824641857547766,0.4025730693040986,3.799382120100405,0.38079681450193587
V2,SK,2001,0.15424433157549394,0.0564508703324044,0.38471431433501585,3.604318406545468,0.371085661158771
V2,SK,2002,0.16555590385200727,0.06062319702274777,0.367425228696905,3.453488170251177,0.38943107410363165
V2,SK,2003,0.17381348556036627,0.059561917778657006,0.3622826621832198,3.306692364471417,0.3886072664359862
V2,SK,2004,0.20167547292325583,0.06994770545747483,0.3357335378547168,2.958005916511449,0.39064724738897677
V2,SK,2005,0.21395677206047725,0.0779716981439154,0.3227253172315857,2.842749073908392,0.4067687484253842
V2,SK,2006,0.23888265077971496,0.08777812918589074,0.3042416329650034,2.608311307836831,0.4140242630913975
V2,SK,2007,0.259442970553221,0.09277964174391042,0.2853201920390175,2.4693499631671196,0.4350767249920785
V2,SK,2008,0.2593622330070467,0.09145131423443234,0.2884655475152217,2.4549348475046906,0.42583918312522184
V2,SK,2009,0.23070812877689575,0.07848000090367627,0.30505450269121176,2.707173549233344,0.43959468049306394
V2,SK,2010,0.2573794032260222,0.09232004470529508,0.2864799040636938,2.4857702721080024,0.4440112289457268
V2,SK,2011,0.2554311405000423,0.09554414208845392,0.29327780137929943,2.47350387307587,0.43551357588818324
V2,SK,2012,0.2630639731593831,0.09956708941594783,0.2919890482418844,2.399413135245824,0.43220857417218794
V2,SK,2013,0.25762408343682663,0.09727266173610462,0.3009376579068345,2.4125599808517184,0.424861587612772
V2,SK,2014,0.2609609151043583,0.09804730981872227,0.30537932002852614,2.3564011986889795,0.4238332107488575
V2,SK,2015,0.2676641773985638,0.10046234453129228,0.30756431901883435,2.279392545029874,0.42255033997963404
V2,SK,2016,0.2623416447987654,0.09504698325391503,0.3189698639977344,2.276996691463423,0.4228338067072237
V2,SK,2017,0.2545939748480958,0.08898395879975468,0.33618183154981923,2.2711782556095477,0.4177651856074966
V2,SK,2018,0.26282817212580956,0.08970386986209791,0.33924466697732314,2.1747755298621128,0.4206814601190953
V2,SK,2019,0.2583099164165541,0.08471058631466111,0.3516192111270022,2.15846943691162,0.4185479768212331
V2,SK,2020,0.25528261310512984,0.07747682941462836,0.3571285661019107,2.1611449115882584,0.4260621104093032
V2,SK,2021,0.27604826519127,0.08327069657477358,0.35195601613002175,1.995618903136207,0.4191513695493593
V2,SK,2022,0.2551082345039754,0.07367683466607484,0.36014831256887064,2.1480094059588644,0.41517159601200343
V2,SK,2023,0.3180245836366647,0.10092976080662502,0.33324480541305984,1.7633075647291543,0.4141401616937352
V2,SK,2024,0.3429126875082952,0.10650372135996793,0.3360501215167959,1.6001566817591633,0.417000877189816
V2,UK,1995,0.5116472230712741,0.18960902859467063,0.35377327551744975,0.9092585466889394,0.4025686769837381
V2,UK,1996,0.5371651111387918,0.20523521541855083,0.34480528706693925,0.8749215703680974,0.40257052663326554
V2,UK,1997,0.5310648608192999,0.1972875082323911,0.3559723301706493,0.8567376744713028,0.40256990815562305
V2,UK,1998,0.5366120932153505,0.192081778170952,0.35756207366003556,0.8396489740644228,0.40524319559154676
V2,UK,1999,0.5148297962861901,0.17449326945758373,0.3713844691667853,0.8496317489461458,0.4090870618244254
V2,UK,2000,0.5012531350321099,0.16660147278732257,0.3778802613148616,0.8632486119146013,0.40922984405115886
V2,UK,2001,0.49085200592538936,0.1566651916523858,0.38479113080848365,0.8685578659663804,0.4117174442541254
V2,UK,2002,0.49874650585521274,0.15919075342667133,0.38444011834736563,0.8497738048100887,0.4057708242551921
V2,UK,2003,0.513183623957851,0.15897530186192713,0.38014431708078794,0.8277190167853026,0.40861602335021086
V2,UK,2004,0.5261018040375331,0.15514121149099178,0.37989782942089056,0.798775510644049,0.41814904703124434
V2,UK,2005,0.5312277683251003,0.15281582333033433,0.37720861742091294,0.7951536341659652,0.4193000022873422
V2,UK,2006,0.5352523741860191,0.14733917540223967,0.37511933354709515,0.792331193698463,0.4285320871095804
V2,UK,2007,0.5313982541005032,0.14169121046802494,0.37683285882812295,0.7958603827533929,0.43292199244306745
V2,UK,2008,0.521742844315089,0.1383503568409004,0.37570620338486915,0.820848389394768,0.42795106373840197
V2,UK,2009,0.5051560670390508,0.1283931920191676,0.37992586468108164,0.8475643621580307,0.4337436157092351
V2,UK,2010,0.518972216988989,0.13289919970809594,0.38058638922418236,0.8129526683569284,0.4317231466915364
V2,UK,2011,0.5101101913791745,0.132096073664319,0.3835035570057106,0.825051875551872,0.4255054781320351
V2,UK,2012,0.5132649277508867,0.13564574249706948,0.3797665115151236,0.8286415735701423,0.4236933352876703
V2,UK,2013,0.5118021140121592,0.13519348884812696,0.38040178631229593,0.8302188749243317,0.4251288712588776
V2,UK,2014,0.5246586935145047,0.14300274910378546,0.3733877325726034,0.8209358823282394,0.42335613733497457
V2,UK,2015,0.5246327958945799,0.14386896730438323,0.3720933802733399,0.8247563489853551,0.4247374848480638
V2,UK,2016,0.5179555843138293,0.1419272027831459,0.37204859606337215,0.8403167552408666,0.42660431250022257
V2,UK,2017,0.5111767131176461,0.1379186248019133,0.3742714303300241,0.8498230043590734,0.4272045338161807
V2,UK,2018,0.5075975777889109,0.13451068972982902,0.3769223992416864,0.8505807016841144,0.4265810171931379
V3,AT,1995,0.25068672892454397,0.06952269682946165,0.4577288719327747,1.7054136701299425,0.3526554733752905
V3,AT,1996,0.2519735352966013,0.06995366760709211,0.450529920554854,1.7301359132532783,0.35612681249513095
V3,AT,1997,0.2528957463352038,0.07088756246792247,0.4440949246337014,1.7540641326936892,0.358262960919967
V3,AT,1998,0.25713712669463107,0.07180969649016142,0.44122381168144653,1.731843125409052,0.3602585319614204
V3,AT,1999,0.25902834754287174,0.0714967102252423,0.43990973169795017,1.7223642958941436,0.3627294301900964
V3,AT,2000,0.26710336203601115,0.07405167080906766,0.431112147905256,1.6987294525836438,0.3668957278055004
V3,AT,2001,0.27237360660981447,0.07560735447916998,0.42518600411014484,1.6852020141874506,0.36928542953391663
V3,AT,2002,0.2749816003910232,0.07567608391366956,0.42171757626154044,1.6812683068526142,0.37252363215456985
V3,AT,2003,0.27481156050688993,0.0744974580758388,0.41961680221755154,1.6923147217399255,0.3752228010387857
V3,AT,2004,0.28070340441148767,0.07702355347777795,0.4118005855087177,1.6836475111201041,0.37682197037412013
V3,AT,2005,0.2869513489015487,0.07981751236721213,0.4045072751341198,1.670732054269382,0.3781163862526522
V3,AT,2006,0.29568517068748845,0.08274162498177874,0.39690864606324316,1.6427315311378246,0.3816922752140137
V3,AT,2007,0.3011702389027719,0.08500774479497313,0.39241766758983626,1.6249872879054914,0.3807001756866778
V3,AT,2008,0.29026277293597613,0.07968973784196308,0.4037978619777305,1.6502104147011913,0.3782982678745315
V3,AT,2009,0.26565966630564364,0.06856978908110264,0.4197330068528141,1.7645164925784769,0.37948907648879915
V3,AT,2010,0.26629715869067855,0.0687256646119458,0.41583785755545905,1.7778098152801467,0.3811483170222983
V3,AT,2011,0.2709023362929936,0.07059474494298558,0.41111400695862954,1.7626804353471857,0.38174312936739696
V3,AT,2012,0.2631637608145044,0.06655683212889249,0.41899614373776145,1.78876929654932,0.3824882554131566
V3,AT,2013,0.25478270995259117,0.06271375240711405,0.4268938408547014,1.8224980399834438,0.38184628389202185
V3,AT,2014,0.25608949418612104,0.06274296367328895,0.42706893296711995,1.810160941900314,0.38141011908512384
V3,AT,2015,0.2610847105963196,0.06422998041703525,0.4249716070712123,1.7774874783934944,0.38051315334342917
V3,AT,2016,0.26422816415642547,0.06501350269891915,0.42460100372469034,1.7530585887427812,0.38003386841667214
V3,AT,2017,0.26326797474562363,0.06438809850166274,0.42622231761331486,1.7532212054398935,0.3793024671257329
V3,AT,2018,0.2638371383761155,0.06412281322958184,0.42851190294277036,1.7375519824323788,0.37823933946974364
V3,AT,2019,0.25859367209424894,0.06138167560441838,0.43429540722294663,1.7533242208817679,0.3779567037823075
V3,AT,2020,0.22933207098144362,0.04816367303549182,0.45563056947685066,1.9180864086740024,0.38148694398645594
V3,AT,2021,0.23435826514528724,0.04965128563593572,0.44484411738858287,1.92399012136658,0.3842844971908941
V3,AT,2022,0.24743151381307205,0.05511018481806348,0.4324831399633128,1.8611489495425986,0.3815857495032747
V3,AT,2023,0.2470773168262053,0.05458842640188196,0.4400205903242344,1.8263930848317749,0.37839693945153685
V3,AT,2024,0.24065433305375314,0.05050019312707719,0.45673135706119294,1.8007332646851408,0.3759455616204515
V3,BE,1995,0.28810602453496187,0.08504506484835464,0.4100786584522974,1.6375055338599158,0.3957381438636665
V3,BE,1996,0.28095774457616596,0.08091964294293431,0.41476074284437753,1.6682544736910316,0.3973094950505793
V3,BE,1997,0.2868824594289084,0.08217921857435728,0.4106084831967941,1.6438619015611196,0.40122750618070907
V3,BE,1998,0.28796951394797876,0.08204116769082394,0.40831226021132444,1.6463765562429165,0.4050129061829059
V3,BE,1999,0.2852814763194826,0.07805488780726164,0.41056964365535686,1.6555664544506015,0.4121378417458089
V3,BE,2000,0.29509967832694994,0.08089776440429644,0.4019081626179902,1.6248369723576084,0.4185018154438736
V3,BE,2001,0.2944621332135834,0.07659314567518526,0.4098577267000583,1.5942786519218117,0.42012712457648477
V3,BE,2002,0.30023850726152174,0.07487674054650598,0.4118972284928541,1.5468880614795644,0.4253082020047217
V3,BE,2003,0.2985405208943715,0.07433921854441533,0.40961388854768044,1.567960578340879,0.42604545837866686
V3,BE,2004,0.3097450081781619,0.07874223593199145,0.399595828181986,1.5387862472852907,0.42718710761857354
V3,BE,2005,0.31766631910545334,0.0797312033397346,0.39345832621614085,1.515908947884171,0.4315619737728212
V3,BE,2006,0.315290144813627,0.07702321805764853,0.3930084818871337,1.532175441865601,0.43545824731153476
V3,BE,2007,0.32039761738332423,0.07725793317404936,0.38988166448766864,1.514371995371433,0.4386581041423681
V3,BE,2008,0.3020285835333644,0.06591820862095957,0.40584771930560254,1.5613577476192282,0.43965671295304015
V3,BE,2009,0.3033720654670714,0.06455455885047472,0.4076078881322953,1.5450838040169412,0.4437938961282185
V3,BE,2010,0.3147644643593156,0.06943371453544166,0.39727539830589537,1.5175678255660079,0.4451382037835125
V3,BE,2011,0.3145863144693799,0.06889786979597858,0.39833851458055636,1.5142096725021532,0.44431222303567125
V3,BE,2012,0.3097512277643071,0.06580557756197127,0.4036355157728408,1.5216659221957576,0.4447578445942227
V3,BE,2013,0.3112308788748101,0.06451433968718176,0.4047159429502916,1.5079607785942828,0.4455421046766283
V3,BE,2014,0.3234464168729157,0.06884079941233692,0.39672064510077093,1.4684394662145497,0.4465412615477079
V3,BE,2015,0.3317534031629802,0.07211877100315423,0.38823707777750327,1.4557920004169307,0.4490856615987476
V3,BE,2016,0.3389477756524488,0.07407795563339985,0.38432893761999815,1.4320897162415933,0.44969689489797027
V3,BE,2017,0.33577452999132895,0.0724341579739426,0.386633847237769,1.4400864605177672,0.44805711849336033
V3,BE,2018,0.334989421832819,0.07280622142793935,0.38615135357368174,1.4462905279274831,0.4473822562206257
V3,BE,2019,0.34057215685382003,0.07462253452994463,0.3830107490781309,1.42861488885296,0.4465731331597133
V3,BE,2020,0.3198880275582628,0.06601259825351925,0.39269304782854714,1.5058054886971473,0.44664700960274134
V3,BE,2021,0.3319181660958856,0.07085414032102871,0.38158918856398094,1.4815532200301016,0.44948857744270815
V3,BE,2022,0.3300619287584704,0.07588390105883498,0.37617537850491,1.5138475751923233,0.44389057064515075
V3,BE,2023,0.3307825253345094,0.07622088843839593,0.37658102591946535,1.5080982613255052,0.445264311741335
V3,BE,2024,0.33240299031890624,0.07554281572661933,0.3801901872021606,1.4844434979617307,0.4432962428578909
V3,BG,2000,0.12249294734013971,0.08095213571038228,0.32309191295875284,5.203006542012712,0.3196686076048302
V3,BG,2001,0.13488427173001127,0.08916310858787281,0.3227138346607707,4.698525162684355,0.3203097438792069
V3,BG,2002,0.13402338469159245,0.08952742014188655,0.31032363785333883,4.8356168540519215,0.3212027679593767
V3,BG,2003,0.1359978685997441,0.08630941977012603,0.301642462596481,4.833419907085635,0.36651097043820297
V3,BG,2004,0.14685803529075622,0.09385091986067629,0.29789265679084387,4.482964868771799,0.3662679155851483
V3,BG,2005,0.15440205747003077,0.09872345279802737,0.2987991426642004,4.2425966704835725,0.3662552465407081
V3,BG,2006,0.15956088042405764,0.10169315721027809,0.2883592672838291,4.171635756715011,0.3749353947102312
V3,BG,2007,0.17639800638546724,0.11229408956566947,0.27598391142634726,3.828462070755125,0.3889516623257239
V3,BG,2008,0.17327689052762854,0.10758777239480587,0.28030149926271897,3.8731577332165656,0.40042428851619105
V3,BG,2009,0.15802420312922116,0.09515685981206741,0.28634845272174714,4.229741697688177,0.4104500196713374
V3,BG,2010,0.1554429490536216,0.0914779999826037,0.29676899746772983,4.227276684975438,0.41116597803083743
V3,BG,2011,0.16660959992768992,0.09953061259540893,0.280978102768889,4.0346309470288,0.41797626628868023
V3,BG,2012,0.1618291860635263,0.0942697565529342,0.28725905487330955,4.117020311933262,0.42581288313773213
V3,BG,2013,0.15075174505824535,0.08312356770107063,0.3121845899423157,4.250385546754516,0.42743143945548756
V3,BG,2014,0.150630113772669,0.08246636336524664,0.3325632940020938,4.098401333729662,0.4122225458117051
V3,BG,2015,0.15382155707645878,0.08366536428245923,0.3247280466656156,4.065241513964516,0.4266711630695444
V3,BG,2016,0.16027786221665452,0.08670806212687031,0.3290746674046579,3.8569390672209223,0.42668330168702967
V3,BG,2017,0.1661876963628255,0.08730509376826164,0.3393585897666925,3.6359140970330404,0.4258113403818389
V3,BG,2018,0.17228451136003842,0.08789938958605106,0.3437892218628036,3.4650893183900333,0.4324857989677137
V3,BG,2019,0.18044939398225301,0.09222405018944782,0.33969163332628277,3.319552391281845,0.43622674768177044
V3,BG,2020,0.1759383175161593,0.08684556944512262,0.34731733129379966,3.362407064850059,0.44016786184010115
V3,BG,2021,0.19805322608723616,0.10324852896801448,0.32921040277908176,3.0577053797765466,0.4408765036802694
V3,BG,2022,0.21004442035137547,0.11673878735235031,0.2986018024271729,3.0406832706991893,0.444731915083028
V3,CZ,1995,0.1998365671539893,0.09404063146302354,0.4018084808697811,2.5915952172094934,0.2962665198237886
V3,CZ,1996,0.20235987328249355,0.09289733029900098,0.4062388147119754,2.5279455947590486,0.3032364882776711
V3,CZ,1997,0.18910152337756134,0.08343273201984606,0.4131102992400674,2.690459097121403,0.31183781581092096
V3,CZ,1998,0.19541531485659394,0.0877641021347084,0.3990292822630923,2.6763218905860353,0.30756455225457463
V3,CZ,1999,0.19505298118957629,0.08562807385505723,0.39003916235012687,2.7371154903492783,0.3213058347145585
V3,CZ,2000,0.19427713702179122,0.08479235194094449,0.3922980836474474,2.735717521628789,0.3218125551263724
V3,CZ,2001,0.20093231641454987,0.08832466370724242,0.38816658045289254,2.6568061270971186,0.32314433995920816
V3,CZ,2002,0.208827958628795,0.0891891545714792,0.3937208920604235,2.5095259333192965,0.32626125640487313
V3,CZ,2003,0.20985279585647598,0.08887168687647379,0.39489271391304775,2.488591795394141,0.3295726562261077
V3,CZ,2004,0.21602912936452562,0.09239419691520792,0.39630714345976314,2.39819033156163,0.32460383481734806
V3,CZ,2005,0.2244927519382097,0.09560467268694596,0.39301240263167897,2.3108058370564812,0.3285384367503311
V3,CZ,2006,0.23595532372834943,0.10067784760172493,0.3867106017191977,2.212465329512894,0.33035829468164707
V3,CZ,2007,0.2425873556482917,0.10078882434560825,0.38277712966576305,2.161555276632856,0.3341572365569442
V3,CZ,2008,0.2371647711552886,0.0944337600518833,0.39028628978326096,2.180558052935398,0.33833491259499965
V3,CZ,2009,0.22479670276507346,0.08875910744118151,0.3905351622988272,2.3206471202015595,0.34494313582877867
V3,CZ,2010,0.2326466903463847,0.09209421545994526,0.38376985259326996,2.2650112088919925,0.35088241416797095
V3,CZ,2011,0.22919809974141214,0.09214745270656484,0.3940266421311605,2.249858095798674,0.33955921847330217
V3,CZ,2012,0.22431940934742411,0.08945857912862289,0.40260106751810104,2.2605609576486656,0.3418986657763056
V3,CZ,2013,0.22695264639897045,0.08996228177211743,0.4019663556764451,2.233092780282006,0.344364186124643
V3,CZ,2014,0.24079076465974067,0.09722691887818856,0.39007714893038337,2.142922203978742,0.34480469708118716
V3,CZ,2015,0.2500615348987812,0.10097019974210013,0.38695607461782117,2.0646161979043165,0.34235431423982254
V3,CZ,2016,0.2513886426706979,0.09806129462182656,0.3933506827070199,2.0198423352752988,0.34222676006815783
V3,CZ,2017,0.26042836961743543,0.09737217083464728,0.39924159356056754,1.9075670207310924,0.34102985440439093
V3,CZ,2018,0.26019850982495624,0.09207240444234897,0.4124781293401818,1.8454974103931654,0.34078079365504677
V3,CZ,2019,0.26601863421257166,0.09228570755952901,0.41169091057160245,1.7998424700497273,0.34098162280933086
V3,CZ,2020,0.24358401748437886,0.0764443977610489,0.4281657603422611,1.9194194612308697,0.3437513232527518
V3,CZ,2021,0.24876708824805185,0.07378133683541425,0.42724195327028197,1.8751447923534266,0.34149480073272764
V3,CZ,2022,0.2600685827841874,0.07780154724672897,0.40980434042462516,1.8595803474795525,0.34545971743734
V3,CZ,2023,0.2754741959697253,0.08581133793198646,0.399543785512813,1.7801747626200124,0.3494036616511098
V3,CZ,2024,0.2707642381129492,0.08335113516395434,0.40791075670844334,1.7788227920719786,0.347283393021325
V3,CZ,2025,0.27713684305377567,0.08320953933283734,0.4087466342287593,1.7246880951858132,0.3482287078614942
V3,DK,1975,0.26159150968726586,0.0696084309565538,0.47417907056016373,1.535905010794228,0.3283807706455765
V3,DK,1976,0.26991662019341933,0.07390631986119028,0.47048071406652353,1.491307654334165,0.3274174244338799
V3,DK,1977,0.2688856178186263,0.07138318310542445,0.46970107440815195,1.502509004710156,0.33343381652642706
V3,DK,1978,0.27014783646516655,0.07081332660147416,0.46937332093702416,1.4948351880265338,0.33592107652268643
V3,DK,1979,0.2616795033450322,0.06659423419022713,0.47937139478772195,1.5101944617547898,0.332595492870014
V3,DK,1980,0.23917516487051615,0.056542104578703636,0.49540385283641747,1.6143308574407098,0.3329543917622245
V3,DK,1981,0.23333232242878368,0.05564560161535293,0.49423671562319066,1.6733296082888143,0.33025552121805984
V3,DK,1982,0.24624335784445278,0.06183446425395764,0.4836080889123011,1.6134714652655369,0.3317500015553356
V3,DK,1983,0.24861851881660807,0.06313322874304925,0.48099162377471066,1.606577631708356,0.33400194056866606
V3,DK,1984,0.26261401023096337,0.07069163282388319,0.4697722793753673,1.5492659286711448,0.33277685323671297
V3,DK,1985,0.26504466642268903,0.07287262076873842,0.46964591541453293,1.5313529793893592,0.33283476551732405
V3,DK,1986,0.2611518085026647,0.07090447189344037,0.47815462423872657,1.520090682785248,0.332732712912239
V3,DK,1987,0.25353049972749075,0.06403786519873055,0.48880111255759395,1.5275199533176052,0.3383897105696795
V3,DK,1988,0.2411901187768687,0.05816237695245835,0.49922333348731934,1.577050226359311,0.3365984108165763
V3,DK,1989,0.24314381664689036,0.06002144513088176,0.4870913882794497,1.6223951649625368,0.34246309969973104
V3,DK,1990,0.2412967341447525,0.05940634134840662,0.4861610556554447,1.6433287866575734,0.34327425892353935
V3,DK,1991,0.23963976042319407,0.059591907574181945,0.48392490632120055,1.6696204517922937,0.34421887439524773
V3,DK,1992,0.23989679489086232,0.06113845504144725,0.4794498935023272,1.6904419832711401,0.34482229191166863
V3,DK,1993,0.23073204988146498,0.05936654551133369,0.4827913419029578,1.7588073365760404,0.3427175772162814
V3,DK,1994,0.2442810351811508,0.0667456773167903,0.46875524190973794,1.7059725575541393,0.3418273540897419
V3,DK,1995,0.2424742073337827,0.06672447803458964,0.47125622297321845,1.7093624203075855,0.340430100842853
V3,DK,1996,0.24214290754693613,0.06534569011227147,0.47090876296057815,1.7141283393004687,0.345623479790051
V3,DK,1997,0.2398336177692608,0.06555981023674375,0.4699513932063529,1.7401166186250683,0.34814120856721753
V3,DK,1998,0.22954019206520168,0.05920362323818805,0.48244162106268185,1.7723198404521014,0.3517857187081308
V3,DK,1999,0.2351753743755165,0.059208005959332836,0.4787076329351229,1.7379035596657786,0.3576833796228621
V3,DK,2000,0.2552923145090739,0.06951236853619805,0.4571357136597981,1.6693062334239896,0.3600196734522069
V3,DK,2001,0.24560507776979967,0.06383855414751356,0.46590740274504716,1.7086917631384293,0.36281259156128426
V3,DK,2002,0.23964106898478008,0.06035950063217566,0.47123849031762416,1.7352343480920482,0.36508398713826357
V3,DK,2003,0.23463910114171396,0.057333733844479394,0.47478929669311604,1.7635874305927368,0.3669253884586886
V3,DK,2004,0.24358295395627658,0.061121221447592,0.4643161918483228,1.7348681084120026,0.3702426329127748
V3,DK,2005,0.2469082992998282,0.06123649687946105,0.4614424140664696,1.719762460215799,0.3748663340698156
V3,DK,2006,0.25026821940302296,0.06160254232905815,0.45850515263766906,1.7051528965304799,0.37666502437050203
V3,DK,2007,0.2379830399556755,0.053375907042645956,0.47165674913874095,1.7484310813203678,0.38156498805239103
V3,DK,2008,0.2304245840677529,0.04999228975037361,0.47894097274964303,1.7823586596591428,0.3814249751240658
V3,DK,2009,0.21760198779769901,0.044283034364985034,0.494890565337176,1.8263632052506917,0.38308127182890933
V3,DK,2010,0.2378156622280562,0.05438833771408903,0.4700327105208668,1.7584466272736081,0.3868162787012076
V3,DK,2011,0.24000181875908053,0.05514388267897695,0.46456661979742647,1.7663888911691557,0.3894328246410216
V3,DK,2012,0.2430481196997348,0.0571147660782309,0.4583051033517492,1.7704506562791773,0.3896034571379619
V3,DK,2013,0.24981106440361975,0.06013807431997661,0.4531508667182739,1.735900024951528,0.3883225903725169
V3,DK,2014,0.254604233075575,0.06245850542970749,0.45067942284746176,1.70686749032378,0.3857759981440123
V3,DK,2015,0.25694866105106673,0.06262401221868932,0.4509877513278961,1.6856735039840811,0.38701582766617626
V3,DK,2016,0.2577403711482524,0.06294477668433454,0.44928323142366783,1.6874280882770383,0.38746598245961966
V3,DK,2017,0.2662546364290082,0.06649717293261871,0.44087486323041447,1.6590890820684903,0.389725171663596
V3,DK,2018,0.2605496128408005,0.062446701273150364,0.4451251595426011,1.684507022242429,0.3933073542160338
V3,DK,2019,0.2605264876869815,0.060052213440375785,0.44565879096797983,1.6821141428077688,0.3982451574804135
V3,DK,2020,0.2548541128815688,0.056347918567106275,0.4506954104203641,1.7046733351289727,0.3981871805657085
V3,DK,2021,0.2807557585627695,0.068808941119135,0.427448196783969,1.6118752569788635,0.39882681398491726
V3,DK,2022,0.2989775273557878,0.07884879920318096,0.4029897958030908,1.5938499315067747,0.398052898878117
V3,DK,2023,0.2596510801870551,0.05953378875986071,0.43791912749778283,1.7268354812536564,0.3978094424592034
V3,DK,2024,0.27212085084303156,0.06639360207758231,0.427406573028544,1.676781419907532,0.39662646274929275
V3,DK,2025,0.2725686744702564,0.06816697699932783,0.4288222934143977,1.6667145752140295,0.39241532036492716
V3,EL,1995,0.7549480922615247,0.18540465075859616,0.21490507132758638,0.8250272587490165,0.4344964010838307
V3,EL,1996,0.7443554876847513,0.18414927437231352,0.21742233996990257,0.833927012560879,0.4308574509275369
V3,EL,1997,0.7419180885058289,0.1836166654348354,0.2224519915474551,0.8255720700015391,0.43768299718089104
V3,EL,1998,0.7252027316040023,0.18129300413786392,0.22544874831584205,0.8425991477131851,0.43908092443063096
V3,EL,1999,0.692007195632377,0.17126623567164567,0.23248075198848847,0.8766395763198457,0.4454024489253311
V3,EL,2000,0.669703565010011,0.16489232575299625,0.2299063841657524,0.919995835367357,0.46145191497977567
V3,EL,2001,0.658467105273535,0.1656894799711436,0.2289721179703892,0.9419715417122257,0.4636389792046588
V3,EL,2002,0.6314402086333059,0.15919526833737402,0.2506658977362472,0.9360404475654204,0.44740043799172685
V3,EL,2003,0.6512302536461214,0.16698260848591234,0.24557931606172828,0.9128752853859249,0.453820114394007
V3,EL,2004,0.6829573468562757,0.17497101568584952,0.23824248763561082,0.8771383130407988,0.4614095320483361
V3,EL,2005,0.664269710077649,0.16801301418014464,0.2510768532432832,0.8763614980691261,0.45580047493191295
V3,EL,2006,0.6619419331424206,0.16791492259536953,0.25051317930567246,0.8817414538708471,0.45033842169899924
V3,EL,2007,0.6554432412132873,0.1659615028674172,0.2525812033008431,0.8877445330903265,0.4529024584072988
V3,EL,2008,0.6312134127742048,0.15942984955007716,0.2533172503926259,0.9296150740737975,0.46124104065486454
V3,EL,2009,0.6096293328835287,0.1509586635247154,0.25638392327426424,0.9634000284074136,0.4748818377286027
V3,EL,2010,0.5817764699817181,0.13829604291867015,0.2635804839604338,1.0022313080886802,0.4816494855537978
V3,EL,2011,0.5423330777885925,0.12430999297139131,0.2773786984119178,1.0550521105931858,0.4727652698768795
V3,EL,2012,0.5163159440905435,0.11549823012480548,0.2778226183294959,1.1208895266974641,0.4740189949770788
V3,EL,2013,0.5285019655031776,0.12251847451795697,0.27076082583512673,1.1090621866877828,0.4596963286735565
V3,EL,2014,0.5367986112312909,0.12720479543783225,0.27816567710209916,1.0665366149589424,0.4506988242005515
V3,EL,2015,0.560330205935282,0.13688272291895803,0.27403702681180353,1.0215614711782282,0.448629834591198
V3,EL,2016,0.5533515688942674,0.13536170468236047,0.2861710637967107,1.003838717199655,0.4436714051179051
V3,EL,2017,0.5791083896620276,0.14532824919093099,0.28216318007469465,0.9573920271020496,0.4415841213311089
V3,EL,2018,0.5868195307073103,0.14814450820212402,0.2878827909211,0.925637161662218,0.44008294040617296
V3,EL,2019,0.612712699902055,0.15880058290732785,0.28779627593290424,0.8745816610364859,0.43562424596025273
V3,EL,2020,0.5584763277899211,0.13706446320572493,0.3003793807121487,0.9523516384457908,0.4447129890856515
V3,EL,2021,0.6137860644196671,0.15760371067942577,0.291291286814309,0.8633597459617008,0.44265545063104467
V3,EL,2022,0.6776932897716644,0.18512025995609982,0.2736769371508652,0.7980808533001148,0.4345661536729253
V3,EL,2023,0.7053909439277889,0.19660634308141728,0.26667806728250065,0.7729183990885926,0.43668277791910454
V3,FI,1980,0.20682745491796142,0.07539608218216601,0.4988714826116915,1.924058865716978,0.29583258897556525
V3,FI,1981,0.19862275668662036,0.06863675763491874,0.5127268401107287,1.940532635378643,0.2972126987662374
V3,FI,1982,0.20450492667385828,0.0715453319851702,0.5046657779470577,1.9174481051228336,0.2987983432236578
V3,FI,1983,0.20791066786443965,0.07127407102179042,0.49876021475236637,1.9120818569707074,0.30314339939682616
V3,FI,1984,0.20991095322984293,0.07054820039724588,0.5007025877099768,1.8779127470663615,0.3036924595545404
V3,FI,1985,0.20358578263624336,0.06461220152431084,0.5148710982287122,1.868050221174476,0.3036993633963114
V3,FI,1986,0.2044975187330709,0.06390196192626156,0.515327476622201,1.854738069309622,0.30442889381381744
V3,FI,1987,0.1997487670770335,0.05876867782536462,0.5210679391776827,1.8766042358781778,0.30943006503819104
V3,FI,1988,0.2060965744086214,0.05842182695664389,0.515197211049211,1.8371116050574805,0.31450953564814044
V3,FI,1989,0.20526680038009948,0.056339412421179264,0.5162075477514498,1.8406882159701812,0.314802559011692
V3,FI,1990,0.1894236237030997,0.04789309785280962,0.5386590294118799,1.896839571920023,0.31050249693109944
V3,FI,1991,0.16273061943300568,0.03281814739997186,0.5715137694635837,2.061587683903766,0.31783417586574503
V3,FI,1992,0.16810933555202265,0.038310579930502194,0.5556192295447311,2.0877840591307635,0.3186020940308934
V3,FI,1993,0.18696978068603246,0.051490478165510556,0.518478156476812,2.0569211500655635,0.31938619557554454
V3,FI,1994,0.20920381816748335,0.062026658845270935,0.4939221782265115,1.9251437174462682,0.31618659058354537
V3,FI,1995,0.23702253875625506,0.07418478471875005,0.47669786895040817,1.7311180366404764,0.3109381525648459
V3,FI,1996,0.237417772822707,0.07477150688943815,0.48238777774238345,1.6977869248656905,0.3082565053842457
V3,FI,1997,0.25578433335558076,0.08358001842461264,0.4677835598365936,1.612939810439338,0.30828422956037627
V3,FI,1998,0.27213935067991774,0.08992281220228261,0.4602313190569079,1.5231962139129642,0.30690070142275294
V3,FI,1999,0.2762064861992074,0.08879855302374771,0.4628899448432357,1.4817061526191038,0.307042916722723
V3,FI,2000,0.2892859498318201,0.09188469546675003,0.4529723550197464,1.4379858657243816,0.3114425188391602
V3,FI,2001,0.2962008813329509,0.09365714076084963,0.44660203634237833,1.4217177376138743,0.3147713512624639
V3,FI,2002,0.2962689589067778,0.09295704334667197,0.44827849527027674,1.4139533995780953,0.31949516026198344
V3,FI,2003,0.29399247672929335,0.09037879384799953,0.4511944878480393,1.4155386961350929,0.32181663837011887
V3,FI,2004,0.30073242401649053,0.0926036167035884,0.44691701021688474,1.3922029037461912,0.3226801043138107
V3,FI,2005,0.2924966721935499,0.08603810812981083,0.45494186046511625,1.4085259713131877,0.3246204535176691
V3,FI,2006,0.2928567908204184,0.08470617911070907,0.45663053237123,1.398779636218535,0.32468219036612656
V3,FI,2007,0.30956648629954997,0.09177805315270876,0.4425169938859986,1.3583336497930354,0.32167555358930777
V3,FI,2008,0.29562393040218865,0.0831067272608505,0.4529570386262941,1.3975121051587447,0.32677732881948235
V3,FI,2009,0.2502643721409193,0.061930155256343475,0.4886047264486889,1.5548154742635156,0.33296504176426395
V3,FI,2010,0.2698376528625626,0.07017352978791228,0.4782117981740737,1.4554998106045964,0.33192578513110715
V3,FI,2011,0.27005988023952093,0.06858166534102933,0.4809163139526249,1.4411895745154824,0.3328423091186287
V3,FI,2012,0.25355752449993285,0.059142230009764936,0.4952827737735583,1.495260505199712,0.3344704110436179
V3,FI,2013,0.25608116096234557,0.058452555524750226,0.49069774276980954,1.498133670350341,0.3394330253813132
V3,FI,2014,0.26244882906140515,0.060247212804879054,0.48419526691552206,1.4811582647772985,0.3410406905055487
V3,FI,2015,0.26729903572251335,0.0634560427591902,0.483800350262697,1.447368792723575,0.33207892992239596
V3,FI,2016,0.27304272001383645,0.06446615880872206,0.47823841688872365,1.432677146378578,0.33396622651822444
V3,FI,2017,0.2920923979036953,0.07174005482624785,0.4563018383364562,1.4050891652144288,0.3370613262771152
V3,FI,2018,0.2860943266425151,0.06778060619566366,0.4608959417605926,1.423461796353651,0.3387389368368974
V3,FI,2019,0.28134204457607714,0.0648844178718722,0.463023028507038,1.44560379014736,0.33964324717874045
V3,FI,2020,0.27533920918573623,0.061872865773574995,0.4611435697149621,1.495920343843169,0.34290919914493684
V3,FI,2021,0.2777231036918891,0.06185356043878309,0.4611784140969163,1.47896116644321,0.3476199346349889
V3,FI,2022,0.2752515033201288,0.06064481334715947,0.45903999103842275,1.5062899070236362,0.350264390870389
V3,FI,2023,0.261314565127149,0.05545367721452744,0.4709131296151768,1.5537993854617496,0.3481309117282645
V3,FI,2024,0.25912974982502923,0.056265409128131494,0.47364864864864864,1.5575783783783783,0.34482552357880414
V3,FR,1978,0.38286829689052326,0.08073935622498171,0.44317580522480987,1.011173377764367,0.3969621899425654
V3,FR,1979,0.38068189341551656,0.0783379436437459,0.4408155475412407,1.0280866044410868,0.4010611985349679
V3,FR,1980,0.3688610771456777,0.07270476239451297,0.4444856792687442,1.0615401801955806,0.40544739535713364
V3,FR,1981,0.3621431342789285,0.06914264883111924,0.44460104250746335,1.0890438203128803,0.4107095462325256
V3,FR,1982,0.36561872419119196,0.0689807524569916,0.44326558772087693,1.0794529587942394,0.4145914316257288
V3,FR,1983,0.3779823616618271,0.07234661835558698,0.43712484659398193,1.052032348284891,0.4162346936154014
V3,FR,1984,0.3904759892397404,0.07616132245254713,0.43141444382387983,1.0247200480386296,0.4161650310081153
V3,FR,1985,0.4027610386764543,0.0792892230801035,0.4253558516520882,1.001406156501174,0.41814068771580215
V3,FR,1986,0.4296188687273851,0.08831466861144206,0.41159978554033627,0.9579867417055921,0.4188954514240516
V3,FR,1987,0.4344607448168653,0.08851934617772027,0.4091484750409526,0.9508167968689508,0.4194857431352254
V3,FR,1988,0.454879904364058,0.0954778244285873,0.3985764737140048,0.9235824533258952,0.4204110484115936
V3,FR,1989,0.4699358250437864,0.10052632307575797,0.39294218979581497,0.8988465563539859,0.41914981397782275
V3,FR,1990,0.46506925573582564,0.09756925293588746,0.39799550139442674,0.8964450387635994,0.4172294081671179
V3,FR,1991,0.45691997756348096,0.09317476211117635,0.4024789969597732,0.9052357723232397,0.4176736625641465
V3,FR,1992,0.4649617088005716,0.09501452694906991,0.4017777339416839,0.8848277106260144,0.41611271855904125
V3,FR,1993,0.46285243304574963,0.09245989655851497,0.4052472335218416,0.8797255224048218,0.41499468990366895
V3,FR,1994,0.47512485030895074,0.09435518122959682,0.39985306505623147,0.863282160460855,0.41867826022157834
V3,FR,1995,0.48273815750513716,0.09539432829050808,0.39968487985548395,0.8438777240352755,0.418180230877753
V3,FR,1996,0.48682771127685,0.09348932700701428,0.3987755847345781,0.836208376405458,0.42231656780883225
V3,FR,1997,0.5024584885655766,0.09651382559962675,0.39286896285954553,0.8154518257367386,0.42456848019174376
V3,FR,1998,0.5190169951247184,0.1003712276806934,0.3870568367568289,0.7939125129961258,0.42714414784686844
V3,FR,1999,0.518275910404866,0.098011027357292,0.3863676268180847,0.7976202083536461,0.43351913611715137
V3,FR,2000,0.5271793756354547,0.09976675039722085,0.38190028288607325,0.7905653818961993,0.4379254884397245
V3,FR,2001,0.5276869530261968,0.0979301465177487,0.3823012186812405,0.7882768632219782,0.43996937222659693
V3,FR,2002,0.5195818141063635,0.09394724005986783,0.3875379082985298,0.7912217693373261,0.43875261291587464
V3,FR,2003,0.5163578126821305,0.09098224540406884,0.38735186034196306,0.7991279887296392,0.44072204539424287
V3,FR,2004,0.522039530847117,0.09124672213574009,0.38325402694911,0.7981622003815908,0.4423228065367501
V3,FR,2005,0.519290423568285,0.08872937826083334,0.38215245635604617,0.8076394512212921,0.44534477605035894
V3,FR,2006,0.5183307175860533,0.08685943033897882,0.38157628048411035,0.8115301639805069,0.447058488408354
V3,FR,2007,0.5245828288754658,0.08815282561251833,0.3765548346567438,0.8119041293541807,0.4477935314253247
V3,FR,2008,0.5156584841940329,0.08505464601840461,0.3794367170529481,0.8240018027592174,0.4471657504924868
V3,FR,2009,0.48111187906061703,0.07379830422157929,0.39319047786989414,0.868074414019528,0.44734476219237795
V3,FR,2010,0.48313839197286085,0.07361926492704493,0.3907931213463663,0.8701434731684707,0.4492773901531554
V3,FR,2011,0.48199054873724245,0.07253731719495043,0.3899349796672867,0.8757849020420344,0.45150313140632364
V3,FR,2012,0.4720590455035957,0.06880109393615674,0.3945564521069636,0.8880024855088705,0.4528463795611159
V3,FR,2013,0.4710892495291254,0.0681276499195049,0.3960826674278009,0.8858768193909734,0.4518944550705113
V3,FR,2014,0.47468004734039704,0.06768583159071084,0.39597431298459895,0.8765158420150048,0.45346835341489483
V3,FR,2015,0.4866098029038475,0.0698959611137904,0.3913291115043748,0.8595106472990386,0.45555903831603217
V3,FR,2016,0.4842680703873474,0.06733922938168045,0.39188820179885536,0.8638456270177738,0.45956926009675136
V3,FR,2017,0.48149477754220504,0.06457207117102416,0.3929821354156059,0.8677124616949233,0.4639309299042837
V3,FR,2018,0.4820403405112049,0.0635242398405444,0.39118871588405674,0.8717995300173079,0.46744019856079466
V3,FR,2019,0.4943129201625898,0.06714808752685196,0.38228565496332484,0.8673566664097357,0.46854283418303705
V3,FR,2020,0.4568042125447154,0.056810440845143945,0.3893735384390529,0.9473620799987356,0.472090938036998
V3,FR,2021,0.4671251269168266,0.05765910562561018,0.3851490305896874,0.931095662708066,0.47514330461472165
V3,FR,2022,0.46522069460059673,0.05669668646631005,0.3880905841845705,0.9272193814238351,0.4732629189830142
V3,FR,2023,0.4883314072957732,0.06346310502326558,0.38011553604780374,0.8892774513599134,0.47129944280907826
V3,FR,2024,0.4881012659571534,0.06378962185979586,0.3828716193496771,0.8814733510329561,0.46944231322448426
V3,FR,2025,0.47928477569647204,0.061963381343760796,0.3866110982809567,0.8931894145304465,0.4687533971764915
V3,IS,1995,0.34470891449363267,0.09132230314545071,0.4409392672731743,1.1808950086058516,0.33153166585902266
V3,IS,1996,0.33127476277089235,0.08522705907421561,0.4566750687972621,1.1834285317854911,0.3338280933747132
V3,IS,1997,0.33881583086893585,0.09068707999501376,0.4428902499586162,1.2013946366495618,0.33780899050211916
V3,IS,1998,0.33089305353433257,0.08628522396466683,0.45025008766910907,1.2111625846699021,0.3544588515480286
V3,IS,1999,0.30822982144826405,0.07252246982901486,0.47637781865249673,1.222426595817154,0.36193170153067045
V3,IS,2000,0.315611222271306,0.07530430125176014,0.4724856311438623,1.1989199832061732,0.3679970564883131
V3,IS,2001,0.34014914825559767,0.08836781950560797,0.44999248233348366,1.1669673733273198,0.36947774243158404
V3,IS,2002,0.33368295386714425,0.08557590383656574,0.4565063403658383,1.1722662814761318,0.3627021367355645
V3,IS,2003,0.3188526140110003,0.07385369972058613,0.46662907595615644,1.2061529575179128,0.375632556170988
V3,IS,2004,0.32779949659936797,0.0766680855391778,0.46103046617524973,1.1831744194822513,0.38031955363936093
V3,IS,2005,0.31004823053466646,0.07050393617779926,0.4725594949004371,1.2285968193607721,0.3822973228516628
V3,IS,2006,0.27863687650236285,0.06407003668643887,0.48488482234627867,1.363812249339971,0.3772454314852202
V3,IS,2007,0.29554604932058365,0.06857252583860307,0.46797797832677107,1.332154430467961,0.39207875976009954
V3,IS,2008,0.2868247362561629,0.0805601750547046,0.45186414062104246,1.4591839319183426,0.3623154734245988
V3,IS,2009,0.29612949546374256,0.09373590875154314,0.3992319915254237,1.629502118644068,0.3631328185509423
V3,IS,2010,0.3083665445029674,0.0958375804160749,0.3965328038042483,1.5604473127269873,0.3659153105350018
V3,IS,2011,0.304950583320597,0.09100985379480014,0.4084811502544593,1.531239191659667,0.37066570243215463
V3,IS,2012,0.3017871845788735,0.08977208456258887,0.4174661976604223,1.5128139206039433,0.36443859305780424
V3,IS,2013,0.30050394260983004,0.0879519610047833,0.431637493131791,1.4597270657890304,0.36097415209920813
V3,IS,2014,0.32304135457151256,0.09775841670591212,0.4248116960680757,1.3557290792604073,0.3601611752111336
V3,IS,2015,0.33466645882249774,0.1050459800281155,0.4252549505157572,1.292111801761857,0.35742728203572377
V3,IS,2016,0.33417612723684587,0.10146198570067577,0.43811120620711913,1.2433039159288934,0.35593622375314554
V3,IS,2017,0.3173443684778696,0.08976599867214062,0.46430415423958415,1.223754305186877,0.35360924128133137
V3,IS,2018,0.3091561318358824,0.08440526197121186,0.47951542504231126,1.2040500014846045,0.3480019701728746
V3,IS,2019,0.31795535819969384,0.08937097543073771,0.46680340687630817,1.2101508553280558,0.34788417585372416
V3,IS,2020,0.29468918506460484,0.07832504289372218,0.4691240536310958,1.3323534802408035,0.35337841776948636
V3,IS,2021,0.317886481380771,0.08673059885240941,0.4589532015954693,1.2430594038303444,0.35221109630839315
V3,IS,2022,0.34236368878157764,0.09880561621322198,0.4506673733917988,1.15386209222763,0.34496186467387113
V3,IS,2023,0.3215345669170198,0.08959159809752006,0.4680694512573232,1.1862800447953203,0.34170517409697365
V3,IS,2024,0.30962846048113557,0.0821117509875779,0.474929207971249,1.2208799925552043,0.3447160536098611
V3,IS,2025,0.3187982350237768,0.08418276519840512,0.47046352586592194,1.1905760156314893,0.3443649472488949
V3,IT,1995,0.4066867893946296,0.14366924480750848,0.33711576725333264,1.2928467740266496,0.34058240052556465
V3,IT,1996,0.4144072151927822,0.14578842616460477,0.33797930308790947,1.259533174111887,0.34175757794664025
V3,IT,1997,0.4113751430389435,0.14372774178070966,0.3427768309821916,1.2548480623517047,0.3384128135954261
V3,IT,1998,0.4211585550052364,0.14898740101077207,0.33034844447822315,1.2596740009009308,0.3374117912170421
V3,IT,1999,0.42302139591204085,0.1479164403816914,0.33035664272830967,1.252644509797152,0.3419066760853199
V3,IT,2000,0.429225969673957,0.1503852392440827,0.32293018568214016,1.2544902458732168,0.346033769539273
V3,IT,2001,0.43203080025838736,0.15161881545479955,0.3205309520891934,1.2522019352522467,0.3494238835158835
V3,IT,2002,0.4213563780738941,0.14567944600547506,0.3234870679704198,1.2820728979711398,0.3530035713938168
V3,IT,2003,0.418339668874015,0.1438967762039265,0.32385392254193784,1.292407043763141,0.3562748265123792
V3,IT,2004,0.41323472268569694,0.14128761503264128,0.3233038255720489,1.3142550175715388,0.3577086959186231
V3,IT,2005,0.400839008416862,0.13404963788565824,0.3289332521627428,1.345222041474162,0.359135511458528
V3,IT,2006,0.39123115815886,0.12969375763769583,0.33335394065390256,1.3706158108437652,0.3588798065466163
V3,IT,2007,0.3895795902250743,0.12839082781269226,0.33254329857124154,1.380731005770894,0.3587005009769905
V3,IT,2008,0.3741909863613511,0.120884964901616,0.3389867689278382,1.4275262021618245,0.3609629170784233
V3,IT,2009,0.3463035638737045,0.10600207551988536,0.3508942223722783,1.5234895418804282,0.3675288194328029
V3,IT,2010,0.34414832448509425,0.10438453444465978,0.34917599298600954,1.5419388569489314,0.37029900718330794
V3,IT,2011,0.342068233929754,0.10291174217163244,0.3464863364503497,1.5639911611001935,0.372838128317068
V3,IT,2012,0.3305255030273514,0.09732680815236397,0.3512689924061404,1.611457035243763,0.37217636289529754
V3,IT,2013,0.3338796974114502,0.09720678327810345,0.3504117082282548,1.595164188742916,0.3725886426064217
V3,IT,2014,0.3394839922786782,0.09859401502373832,0.34941293271415125,1.5669869037523345,0.37224908281138774
V3,IT,2015,0.34644781931115404,0.10018390147320405,0.34904971347038205,1.5298776465687414,0.3738707139261046
V3,IT,2016,0.36011026005042657,0.10386958681237429,0.3465141506673374,1.4681685224704797,0.3751827769163296
V3,IT,2017,0.367935845687912,0.10595455193876956,0.34642646149423495,1.4298982596913563,0.3751837409271967
V3,IT,2018,0.36907544492038696,0.1049896200553322,0.34935020393258015,1.413567933869221,0.37623356712367395
V3,IT,2019,0.36947161939014833,0.10505370547771857,0.35246116402827843,1.40014661959676,0.3758136789303613
V3,IT,2020,0.3402460163190556,0.09183234155308678,0.36065574897755714,1.5184088700271712,0.38109703033152936
V3,IT,2021,0.36151079463802943,0.10017936929784825,0.3556833094952385,1.426605629206848,0.375723733528975
V3,IT,2022,0.37219363460619426,0.10454948149346188,0.3468544764171138,1.4079996179414793,0.3715886025670066
V3,LU,1995,0.5291801580106203,0.15363836500584674,0.34039891191166144,0.9060595542712311,0.4512556929082628
V3,LU,1996,0.5395358858345054,0.1551052939084489,0.3365386113925038,0.8931504714408168,0.45663852647735986
V3,LU,1997,0.5588113126870685,0.1645337474644247,0.3223782646697184,0.8902345080959366,0.46738052989047296
V3,LU,1998,0.5500142457597061,0.1568270869572857,0.32333268951506167,0.9069396456138092,0.47588070224263096
V3,LU,1999,0.586223703657118,0.17633314378575918,0.30513191653258614,0.8801973001683508,0.48590686915838943
V3,LU,2000,0.6048814471376749,0.18071964366534016,0.29913935156319593,0.8595350494343994,0.4957301051051051
V3,LU,2001,0.564403212455309,0.1587216807883923,0.3116475136934808,0.907963698850822,0.5013532671736048
V3,LU,2002,0.5417616495184113,0.1491575646900734,0.31961209119983497,0.9362684411430929,0.5027127676650935
V3,LU,2003,0.537631015000974,0.15341384893090418,0.31998935504378734,0.9448384282919281,0.49556002703605573
V3,LU,2004,0.541081755878831,0.1561115915694143,0.31429968313123535,0.9529770443108914,0.5007143851525121
V3,LU,2005,0.54584496529962,0.1592268128223753,0.31082403853584406,0.951761503653521,0.5045236791678073
V3,LU,2006,0.6180709552260968,0.1925685172781193,0.28922849633996045,0.8607551708265898,0.5081711620156165
V3,LU,2007,0.6520787679756219,0.20253686004777902,0.27757639748211116,0.8303014203475545,0.5214828125905745
V3,LU,2008,0.6478369450019167,0.19891649682292295,0.2781637280704509,0.8360615063786487,0.5229839556639899
V3,LU,2009,0.5913087727553775,0.1694060731542984,0.296859953673581,0.8922650495796784,0.5202847274428678
V3,LU,2010,0.6408201650396703,0.19309528616481364,0.28014736297058995,0.8431828259051721,0.5229961643502449
V3,LU,2011,0.6100465810866941,0.17734633727398708,0.2896854299392854,0.8746757714552215,0.5232689802203009
V3,LU,2012,0.6054595957238224,0.17629979141824606,0.2863934106021299,0.8922262602030853,0.5247417173796926
V3,LU,2013,0.6166988132551102,0.17912257738400955,0.28116876527115314,0.884442744396999,0.5297931688721982
V3,LU,2014,0.6228384400520269,0.17933970629985388,0.2770125611038921,0.8837819441866217,0.5344716427843521
V3,LU,2015,0.6450224211592178,0.1905623936442315,0.26902323863177213,0.8642346720847809,0.535008639920824
V3,LU,2016,0.6504238794649558,0.1894590637410245,0.2663868504186105,0.8615132355758733,0.540010386812595
V3,LU,2017,0.6338573603696527,0.17679478229269274,0.2745457533014503,0.8699613425465487,0.54265545371054
V3,LU,2018,0.6149919432338606,0.16226459516852765,0.2849318482813685,0.8777958257732414,0.5457989050283844
V3,LU,2019,0.5976071613014288,0.15296030737186092,0.29049821474921667,0.8967395414143439,0.5465849604920235
V3,LU,2020,0.5965318014766746,0.15218787868727285,0.28738057616131085,0.907223671381984,0.5491253436260852
V3,LU,2021,0.6474094069302021,0.17358872155203348,0.27336173314014517,0.8490165626979234,0.5490632737473344
V3,LU,2022,0.5730942942178826,0.14212187088274045,0.28595446880269815,0.9599932546374369,0.5505183441614382
V3,LU,2023,0.5652709788903886,0.13523771354019984,0.28847413536426747,0.9702599783743122,0.5547062281234352
V3,LV,1995,0.18774442184900234,0.08397778334908299,0.4865033061065733,2.2485803189420466,0.2642785718487148
V3,LV,1996,0.19571821395836053,0.07998956618725094,0.49879283750251496,2.0620682717456917,0.2892637010846194
V3,LV,1997,0.22673377315287135,0.09709963151375398,0.46144318793753364,1.913839526117393,0.30547900794294053
V3,LV,1998,0.2417188335587782,0.10404992809730594,0.44402103130577397,1.8560850899618926,0.31239261970568466
V3,LV,1999,0.2646758326765333,0.10779602015898583,0.4181604278074866,1.780149732620321,0.35165163173255515
V3,LV,2000,0.3140455329657319,0.1295757304377029,0.3687377815554611,1.6413599660008498,0.3919831814996496
V3,LV,2001,0.3443181077735062,0.14828174116894882,0.3544870130861671,1.5202705797920264,0.38353072388337134
V3,LV,2002,0.37443296671813064,0.16445684565789404,0.33692710975816,1.433944979987598,0.3853135525673
V3,LV,2003,0.3818488588935262,0.16529177650281693,0.3453559021770723,1.3690504200517628,0.38041912896657887
V3,LV,2004,0.3932037411675024,0.16976491396145774,0.3424932893720813,1.3296848762670523,0.37528225536005727
V3,LV,2005,0.38070733123911005,0.15545131904913526,0.3604230272890372,1.319547176145961,0.3785524340165343
V3,LV,2006,0.36096374456755814,0.13208650080626586,0.3711740131298491,1.3709011850967683,0.3904283173945309
V3,LV,2007,0.3594284519203477,0.1219559289013466,0.38489758092864224,1.3264372223820022,0.39927781269014767
V3,LV,2008,0.3170103419833767,0.09853535362995902,0.4126753692525611,1.440023274813243,0.4026357433340707
V3,LV,2009,0.28088989058126423,0.08325466820379351,0.39961616459856575,1.7378186649676384,0.4158422588962211
V3,LV,2010,0.2752252521033474,0.0899704859169935,0.3804098697853263,1.8708011854488673,0.4074204854572086
V3,LV,2011,0.2859921835558114,0.09673248918801548,0.3687257935054511,1.8385870031093408,0.4084612691903785
V3,LV,2012,0.2914542491416275,0.10188450288425839,0.3624948951692728,1.8248298966574605,0.4063502499518233
V3,LV,2013,0.2821196010048046,0.09433899596891204,0.37738756013052105,1.82952198338211,0.4074766552583766
V3,LV,2014,0.2809666691301457,0.0896976315793909,0.38353969787970965,1.8105294564040024,0.41426378089247684
V3,LV,2015,0.2799145054919934,0.08772146243557,0.39365804442958924,1.7725103522552133,0.41618550171199864
V3,LV,2016,0.28680183418445526,0.08404131555520454,0.399138334513423,1.695902888619535,0.42449018437286407
V3,LV,2017,0.2958942097687575,0.08469303667078697,0.40218160178749873,1.618197231173439,0.42543089274399876
V3,LV,2018,0.29448421229469673,0.08085595267874664,0.41789077701387994,1.5588169671812169,0.4195250279289343
V3,LV,2019,0.2934392586903697,0.07692776938409267,0.4275292903986442,1.5233709134674436,0.4172319353953087
V3,LV,2020,0.2763257065616266,0.06569929612761227,0.43636620243657787,1.6033781433820755,0.42344910259398627
V3,LV,2021,0.29854896828834476,0.08115040370211882,0.41638329782778083,1.538460845557602,0.41742127782924043
V3,LV,2022,0.3090555177646383,0.0842749270335558,0.4111634843916989,1.4941139876537295,0.42309844339253144
V3,LV,2023,0.30681169757489285,0.08273343325803792,0.4057513678585062,1.5310999218366574,0.4325545923685081
V3,NL,1995,0.3707575187259003,0.09505539330958014,0.3647290901860069,1.3487113061061227,0.4560457514459845
V3,NL,1996,0.38043810982728654,0.0954169806928816,0.3594720690225007,1.3241866245513105,0.4620803271848787
V3,NL,1997,0.4053494477190549,0.10174572359261685,0.3467811485803747,1.264714451315859,0.47208660980242595
V3,NL,1998,0.4200271227142596,0.10370719877947282,0.34443102012819515,1.2163467116417175,0.47620543207628013
V3,NL,1999,0.42599811438953883,0.09971422197197463,0.3458317886043747,1.1897811385398156,0.4838537343903533
V3,NL,2000,0.4379337907674288,0.09882428564759453,0.3429491651205937,1.1573936920222634,0.4905973183066795
V3,NL,2001,0.4430766962042308,0.0974168460465617,0.34152735242055576,1.1446095923126633,0.4918225373546159
V3,NL,2002,0.43641617974439517,0.09284409679317561,0.347213806535382,1.1485744427613072,0.4889962896316703
V3,NL,2003,0.432359903334671,0.08904551248406688,0.35082722613148026,1.150636644272856,0.48767157271271916
V3,NL,2004,0.4416090892457285,0.09129758848313793,0.3464259279795539,1.133557360264706,0.4867647845456699
V3,NL,2005,0.45931953803877335,0.09618928482976034,0.33579492213645085,1.1102682710375362,0.4905851957985943
V3,NL,2006,0.4838379834865991,0.10311085312436406,0.32322213499870717,1.0755474699098284,0.4949736489634288
V3,NL,2007,0.5019089923672471,0.10605478762868215,0.317332890010806,1.0428083315469185,0.5008292558718885
V3,NL,2008,0.4956704916274723,0.10274614926234482,0.32214749633354284,1.0453991200502828,0.5004645753196798
V3,NL,2009,0.4457989477835738,0.08461654628983382,0.3451840678558937,1.1236752360965372,0.49442558913934426
V3,NL,2010,0.44951449361106605,0.08819029104008234,0.33986647673640313,1.1286813290541815,0.4920679705033665
V3,NL,2011,0.45172824621355345,0.0916025752646554,0.33943966416571386,1.122856177130887,0.4914204078315155
V3,NL,2012,0.4449587633922628,0.091133824632924,0.34165286068852263,1.1379160195654383,0.4918741558065093
V3,NL,2013,0.4438498825867177,0.09249820647146617,0.3393945759807556,1.14895869375381,0.49318624269954575
V3,NL,2014,0.44912935187511605,0.09711846566699228,0.33616834049149097,1.1418728000775018,0.49333674024998253
V3,NL,2015,0.46661917732815805,0.10517100177183188,0.32507039724928727,1.1213545152785935,0.49672199496063374
V3,NL,2016,0.4706320925678777,0.10573147023922917,0.3267236912775879,1.1038551395217753,0.49757180964388487
V3,NL,2017,0.48529672953838615,0.1110761954802279,0.3215035969527856,1.0766026785471536,0.49960505306394193
V3,NL,2018,0.4900463676193196,0.1101893576518641,0.3230700556936796,1.0582889116115872,0.4992518101367659
V3,NL,2019,0.4914983480486137,0.10906786931996812,0.32510897751059353,1.0480208105526077,0.49698520844039873
V3,NL,2020,0.4443567372135064,0.08758442894437969,0.35090996469503405,1.1098308791938445,0.49144783796421626
V3,NL,2021,0.48454616807132334,0.10083391206264546,0.33028026233642604,1.0518785117785594,0.4956878142704442
V3,NL,2022,0.5200588309572555,0.11538467969694487,0.3124431265385768,1.0096320552170326,0.4979209224903193
V3,NL,2023,0.5180644903426311,0.11391713009239061,0.3171294273657591,1.0009894272629616,0.495748167278255
V3,NL,2024,0.5206068416996505,0.10962895338909442,0.3230278080134267,0.9773242768274663,0.4946902217132073
V3,NO,1975,0.18658739437117003,0.07142702717310523,0.49729684023612364,2.196899954022503,0.30992505243396246
V3,NO,1976,0.17841581002470314,0.06396599921630951,0.508065827346033,2.2491683694768527,0.3163714197866654
V3,NO,1977,0.16636359550010824,0.05726229244035058,0.5185544334334572,2.3753813769778387,0.316850501651399
V3,NO,1978,0.17046657086268868,0.05808475030500887,0.5125840341905835,2.3467212439218703,0.3226325070013484
V3,NO,1979,0.18776052622792078,0.07060118172108361,0.4835966513732823,2.2667330318736663,0.3203512594022808
V3,NO,1980,0.21382597246151472,0.08740701381509029,0.44845661913479146,2.1309465025532326,0.3227895007252011
V3,NO,1981,0.21704930229009098,0.08919750594813193,0.44251889415597934,2.125934908560859,0.32566795211127747
V3,NO,1982,0.2095740870487357,0.08491789300687871,0.4448366760670781,2.2041708026286093,0.3291087368181022
V3,NO,1983,0.2149752055933717,0.08887657761090169,0.43222741490041044,2.2088798864389756,0.3332894158981115
V3,NO,1984,0.23018759704133304,0.09917899625416751,0.4145163284409827,2.128990268284498,0.33388489331146015
V3,NO,1985,0.22909037795446835,0.09712547295927307,0.4174803664921466,2.1252699607329846,0.3374119064559519
V3,NO,1986,0.1860215334420881,0.06553851887045727,0.4723982469907167,2.3638419626597176,0.3433745787564634
V3,NO,1987,0.17248421444903894,0.05662439637808574,0.49108080703268214,2.4594453880335903,0.3419034863665528
V3,NO,1988,0.16280290726252125,0.050222755801803264,0.49476232196223324,2.608607799205604,0.34877594089145963
V3,NO,1989,0.18173457591228756,0.06449073255741151,0.46025450935797807,2.509711375958886,0.3491597777175627
V3,NO,1990,0.19891235219777556,0.07503648782976406,0.4428991382441917,2.3578362389227894,0.3506972414657286
V3,NO,1991,0.2047197019689087,0.07917482821876072,0.4342828331555805,2.3290914850150095,0.35603602438971843
V3,NO,1992,0.2020030425313039,0.07826589842247152,0.4409634414220743,2.32650259063679,0.3539451129195999
V3,NO,1993,0.20725965482626663,0.0841944069046118,0.43250848980525763,2.3055618339653603,0.3502963515643339
V3,NO,1994,0.20929577281515202,0.084033521069184,0.436527259963701,2.255704563246377,0.3488514652887064
V3,NO,1995,0.21545724393081672,0.08677378784088947,0.43165209176284863,2.2062165538587757,0.3491408071614398
V3,NO,1996,0.23205614861410215,0.09684990429982279,0.4173286635092373,2.093578028559139,0.350479795315011
V3,NO,1997,0.23531167292944205,0.09914099957019436,0.4184592752336421,2.0529044167015735,0.3483743611750478
V3,NO,1998,0.2046144973812441,0.07725037965308378,0.45972286169273596,2.1807407673364567,0.34794246018075553
V3,NO,1999,0.21944646089184375,0.085483923736186,0.4453889479859653,2.081929331653003,0.3512282454481778
V3,NO,2000,0.2934631937865185,0.1327744593028107,0.3719147505435845,1.7683374608234048,0.3618788040508774
V3,NO,2001,0.2865387704860908,0.12607769933192126,0.3802949557764473,1.7824317257552398,0.3613571004159239
V3,NO,2002,0.26988553637640167,0.11257029541953884,0.4042272864453222,1.8032741660362608,0.3557816585374122
V3,NO,2003,0.2811436306237985,0.11967965919413609,0.39760053228531794,1.7450746063194034,0.35166833918715507
V3,NO,2004,0.31420731469199203,0.13766899527680646,0.37103788001049004,1.6307045702124225,0.3533424598535655
V3,NO,2005,0.3491820074169791,0.15780925542979327,0.34650951968432225,1.524980037151021,0.35149785991697324
V3,NO,2006,0.36831605949940227,0.16798408030895565,0.3358036484872847,1.467528936074625,0.35157421426262414
V3,NO,2007,0.342751275168136,0.14928488711638185,0.3533555285969794,1.5332734010424809,0.35163013446306873
V3,NO,2008,0.35901223374336794,0.16134524474985973,0.34223790199932025,1.489906064634604,0.35126672534872905
V3,NO,2009,0.28074569997581206,0.11444604867487046,0.3937460885499578,1.7656953971158058,0.34946531536773967
V3,NO,2010,0.298764421922586,0.12420317244912521,0.3795010487940407,1.6973826283619335,0.34931786653204233
V3,NO,2011,0.3115233153180858,0.13125365072693987,0.3713809007202616,1.6465069053268622,0.3467583996498872
V3,NO,2012,0.31297460562305107,0.1317735272221986,0.3735263962977426,1.62814911489944,0.3441140201731023
V3,NO,2013,0.30093178630510076,0.12537030881157404,0.38453871581522525,1.6606466457629865,0.3392950177840498
V3,NO,2014,0.2844973928361035,0.11515810754389431,0.3950318952982459,1.7314132670666378,0.34003680776309186
V3,NO,2015,0.2568792650829035,0.09751647843984851,0.417434184677356,1.8504242784595215,0.34151798390263177
V3,NO,2016,0.24229983331207033,0.08638335340471591,0.430794987096798,1.9183812592198632,0.3443051921222972
V3,NO,2017,0.26763854138766197,0.09783084641956079,0.41014517488227087,1.7937781541697728,0.34684196062241907
V3,NO,2018,0.2848244637995173,0.10637280356709215,0.39738560582086285,1.7183539838911583,0.3465758935405435
V3,NO,2019,0.2575094984603754,0.09115695286206058,0.4233598865160908,1.815936593542257,0.3438315083528507
V3,NO,2020,0.21488993248938576,0.06795035956782652,0.4581248053070937,2.06351587099435,0.34530728757906726
V3,NO,2021,0.3204420644824298,0.1243367318988558,0.3638640338932609,1.6213184268870064,0.3497867463304259
V3,NO,2022,0.48068683311126514,0.2126099077571675,0.2756610045611366,1.2312223663657298,0.3509884137098047
V3,PT,2000,0.4080103490896895,0.09746239897853155,0.40574177095326747,1.0507365521397134,0.39005894494374027
V3,PT,2001,0.3978784120980911,0.0951948831158107,0.4081414197333519,1.0793948784680547,0.38896059013866546
V3,PT,2002,0.38905339765095265,0.0929206463891728,0.409998365448518,1.1065071788130805,0.38778731495433505
V3,PT,2003,0.3835795060373012,0.09087077910425706,0.4055524545543478,1.1441850472918669,0.3944632912371244
V3,PT,2004,0.38244248596568636,0.09062855818987574,0.40202642344182543,1.1615382915198542,0.3967222992273537
V3,PT,2005,0.3723698378976166,0.0855617891162789,0.4051353944172099,1.192374782404224,0.40205327157683607
V3,PT,2006,0.3731318695626066,0.08656192248167364,0.3979319546364243,1.2156210395619356,0.4042305450642785
V3,PT,2007,0.38253258969215037,0.09150537795008458,0.38711978010718723,1.215044941037326,0.408081396209471
V3,PT,2008,0.36363133208920784,0.08516833854281461,0.39024752035435295,1.2865950007297748,0.4120587641272561
V3,PT,2009,0.36135545795832263,0.08368988101023198,0.38748851678887447,1.30755017633575,0.4206605455017088
V3,PT,2010,0.3574789257459725,0.0819833841677208,0.3892232573616349,1.319343873872244,0.41932493125734216
V3,PT,2011,0.3452926829714219,0.08027512324715376,0.38569296886752946,1.3933978182468725,0.42175748642793487
V3,PT,2012,0.3391223895396826,0.0842694382878153,0.3747825037593792,1.4688512860628662,0.4218691620865519
V3,PT,2013,0.35742880280802863,0.09119089585730145,0.36461582269944065,1.4130366001295547,0.4283327219584535
V3,PT,2014,0.3592831754327432,0.0924349327956654,0.36389128594693326,1.4066027353411426,0.42497575195027326
V3,PT,2015,0.3718159656636523,0.09721122329329036,0.35839829603251283,1.3671911439537334,0.42746375540076953
V3,PT,2016,0.37675482762371637,0.09958565732526041,0.3598205958867129,1.339373036617091,0.42288554765967024
V3,PT,2017,0.3771406776760838,0.09850986343003142,0.3646196198729389,1.3201108208799217,0.4213303096729581
V3,PT,2018,0.3690840798175466,0.09409012584934232,0.3739386125465922,1.3223182072081252,0.418488272739391
V3,PT,2019,0.3673338526616371,0.09170228153451257,0.3781023261816769,1.3149016518403893,0.41985612252791177
V3,PT,2020,0.31523999620105175,0.06757972667968253,0.40896950298639045,1.4658893478450434,0.42399814231900507
V3,PT,2021,0.3172066578749776,0.0676985622766687,0.4064534372595041,1.4647133494554003,0.42785587752828264
V3,PT,2022,0.32482833261257066,0.07388055948438324,0.3962025924060354,1.4626174271952905,0.42601329880409355
V3,PT,2023,0.3482948669989524,0.08105098502826641,0.3904868281838028,1.3595050022098116,0.426273095492591
V3,SE,1993,0.2900125966409475,0.11382931315099855,0.43098152610686696,1.5310659176378303,0.32654121195588076
V3,SE,1994,0.31437219416789997,0.12890264700959003,0.41888592365107885,1.4296047734573292,0.3276044899795548
V3,SE,1995,0.34085020692636664,0.1485860246573104,0.401840311003603,1.3530645616979016,0.3193705597119397
V3,SE,1996,0.3270070718693675,0.14128958318328338,0.41403103083813625,1.3778842504189805,0.31928555244492063
V3,SE,1997,0.3254761000855214,0.13794196993888674,0.4120374053105632,1.3944319315622364,0.322882663160804
V3,SE,1998,0.336907106276936,0.1441972244860034,0.3939876623500189,1.4047643567060646,0.3243087330908729
V3,SE,1999,0.3336599172336985,0.14079469278329343,0.3953251839418987,1.416923710295468,0.3304060970431129
V3,SE,2000,0.3276415882940225,0.13043957006349066,0.40496147804017474,1.411164872274802,0.337831402180426
V3,SE,2001,0.3084801909361808,0.11622516173306913,0.4202447334480337,1.459147472555585,0.33736687826900097
V3,SE,2002,0.30140684696012854,0.11387464219934028,0.4232300075097111,1.4903628597637606,0.3322904603441252
V3,SE,2003,0.3034980656771,0.11528619480169078,0.41911274730366577,1.4948607450821347,0.3342275726398033
V3,SE,2004,0.31214554891020585,0.11912275624452219,0.4104068836947537,1.478433493378357,0.3360559827749685
V3,SE,2005,0.3079613694261655,0.11637988127526314,0.4112396911068094,1.5005595387454511,0.33774935900350844
V3,SE,2006,0.31960263911922643,0.1210860440752975,0.3988808962540898,1.4819518321692358,0.34495301163429665
V3,SE,2007,0.31657455300637866,0.11720860900649385,0.4048666921922511,1.475048487837262,0.34491607017068965
V3,SE,2008,0.2870102337513085,0.10043865098078057,0.42354535856507364,1.5849357812900942,0.342333025935758
V3,SE,2009,0.2611411061888598,0.08500759845038204,0.43871955406369817,1.7106182278264437,0.34498157707746097
V3,SE,2010,0.28892923539358617,0.0977150443475839,0.4154227083458447,1.6078315007958175,0.34820779573448013
V3,SE,2011,0.2936020545638262,0.09853385812873056,0.4162773863397426,1.5718647420504448,0.34959036139536076
V3,SE,2012,0.27582784204502947,0.08842918864593162,0.4318886826596775,1.6277703899279885,0.3514126022854608
V3,SE,2013,0.2738922507830877,0.08535521922409027,0.43549703377070814,1.6255432644316563,0.35211120225573606
V3,SE,2014,0.27710192951294693,0.08631726395672086,0.43290070827715854,1.613636075929337,0.3532283238948405
V3,SE,2015,0.29447048701970874,0.0933233060718179,0.4200069043977734,1.5496067620590894,0.35579106490545376
V3,SE,2016,0.2897356636174915,0.08890717212988293,0.4270896873829875,1.5502654834094065,0.3543774022109895
V3,SE,2017,0.28301296271956417,0.08441993737072001,0.4318697984784866,1.5755654654831512,0.3536869073818429
V3,SE,2018,0.27343688073282607,0.08030826994415183,0.4378536949925102,1.6180003050271885,0.35579997734160856
V3,SE,2019,0.2791956485690971,0.08533345958584539,0.4292602597463215,1.6149683776940222,0.35660014280411134
V3,SE,2020,0.26681708616728056,0.07737693721841826,0.4363369464458124,1.6762078746186073,0.35920554103887625
V3,SE,2021,0.2712919102957702,0.0811137147216254,0.42557468659378944,1.6917951707674403,0.36280619560011296
V3,SE,2022,0.25671202547690175,0.07773484680014699,0.4191409803866594,1.8435462409628705,0.37105670258277973
V3,SE,2023,0.2524066988779423,0.07641153800125533,0.4224837763515378,1.8655546402823047,0.3709185200583624
V3,SK,2000,0.1253531444562791,0.04824641857547766,0.42852545536461356,4.130391252422532,0.3408790918690601
V3,SK,2001,0.13733949205495016,0.0564508703324044,0.4062287941163165,3.9171540653900583,0.33591471918184507
V3,SK,2002,0.14769838632562035,0.06062319702274777,0.39048296851765063,3.7362854183663443,0.35111487168639366
V3,SK,2003,0.15480974101195655,0.059561917778657006,0.3862205773804641,3.578513286311817,0.34820934256055364
V3,SK,2004,0.18138483579076037,0.06994770545747483,0.3574537087761587,3.184993973923523,0.351225371270393
V3,SK,2005,0.1939480056613772,0.0779716981439154,0.33952250602483025,3.065913356658532,0.3758922822831229
V3,SK,2006,0.21601813282048582,0.08777812918589074,0.3189695252045983,2.833684679807662,0.3856580351557229
V3,SK,2007,0.23508728572706852,0.09277964174391042,0.2992557217974446,2.6815276754642214,0.40748489893223755
V3,SK,2008,0.2342295947077807,0.09145131423443234,0.3040170387261361,2.667353688965878,0.39488554940988746
V3,SK,2009,0.2071436015186053,0.07848000090367627,0.3212198652132616,2.955637975485097,0.4098978392099676
V3,SK,2010,0.23218591903689206,0.09232004470529508,0.30106403583600166,2.7091786484025038,0.41570692771566137
V3,SK,2011,0.23710986159345335,0.09554414208845392,0.3050975316337591,2.6256218559795452,0.4127635510519116
V3,SK,2012,0.24350745110989344,0.09956708941594783,0.30265290324548794,2.5611079121876443,0.4114720243811106
V3,SK,2013,0.23701934743690126,0.09727266173610462,0.3116439787393288,2.5925747219889894,0.4044001524805315
V3,SK,2014,0.23900471927052683,0.09804730981872227,0.3158308976495497,2.546744805619501,0.4041139582469142
V3,SK,2015,0.24373085300170527,0.10046234453129228,0.3180828077296546,2.4797459606518943,0.4028019577571198
V3,SK,2016,0.23860390989703428,0.09504698325391503,0.32886439144339225,2.4838959226949036,0.4049299625362842
V3,SK,2017,0.23124442941881548,0.08898395879975468,0.3462245423130652,2.4809806765545313,0.40037217001745085
V3,SK,2018,0.23788778333608193,0.08970386986209791,0.35038607925492493,2.3803717244247906,0.4016555849288366
V3,SK,2019,0.2337205131985135,0.08471058631466111,0.36235842501534493,2.3658641270336744,0.40078917000657643
V3,SK,2020,0.23213939937670647,0.07747682941462836,0.36582574717243094,2.3660424946267846,0.41208495421738406
V3,SK,2021,0.2525057906119122,0.08327069657477358,0.3582264784458958,2.1833925473944884,0.4088029473558251
V3,SK,2022,0.23268896726289784,0.07367683466607484,0.3666412712807182,2.355270025887476,0.4046279767637982
V3,SK,2023,0.2911920164032136,0.10092976080662502,0.3393973122041799,1.9292180707158089,0.40332376913404927
V3,SK,2024,0.3151296946979785,0.10650372135996793,0.34189811732196956,1.7464543729400404,0.4068554369524333
V3,UK,1995,0.49597441367608025,0.18960902859467063,0.35654544894023454,0.9408088768415872,0.39788719494363095
V3,UK,1996,0.5258256494435275,0.20523521541855083,0.3475067199737066,0.893386113452765,0.3978898685941902
V3,UK,1997,0.5172900691360244,0.1972875082323911,0.35876107137492064,0.8808508347575009,0.39788955023848005
V3,UK,1998,0.5190057906648865,0.192081778170952,0.3597422777820961,0.8738811879555104,0.4016167169124133
V3,UK,1999,0.5010392305846254,0.17449326945758373,0.37071489926838797,0.8852448386494314,0.41015242009550107
V3,UK,2000,0.494307997155459,0.16660147278732257,0.3731635491261844,0.8949455134036631,0.41660385397053074
V3,UK,2001,0.4840000020071956,0.1566651916523858,0.3796579688068456,0.9020404374339291,0.41956520741601655
V3,UK,2002,0.49033959873431726,0.15919075342667133,0.3774274986424682,0.8922486665388449,0.4166102320801781
V3,UK,2003,0.4985176034553866,0.15897530186192713,0.37296225875874744,0.8848423541477003,0.41978902797023354
V3,UK,2004,0.5070888557091727,0.15514121149099178,0.37273161992673925,0.8642673261376835,0.42912480288039423
V3,UK,2005,0.5087671255213483,0.15281582333033433,0.36855458942135894,0.8725739719643257,0.4326225877412653
V3,UK,2006,0.5076480472662933,0.14733917540223967,0.36878131560320165,0.874636614980671,0.4381876115316618
V3,UK,2007,0.5048363325670613,0.14169121046802494,0.3680624009261589,0.8837048715688255,0.44612024115172433
V3,UK,2008,0.4953987009366908,0.1383503568409004,0.3678457043474883,0.908205876848114,0.43991943176721715
V3,UK,2009,0.4784424730522597,0.1283931920191676,0.3735977515255158,0.9356552595591899,0.4431752833264464
V3,UK,2010,0.4899824150900817,0.13289919970809594,0.37466226097018634,0.9015830077806265,0.440568825512682
V3,UK,2011,0.48616632000249976,0.132096073664319,0.37380278505830117,0.9142280578402342,0.4400373911739633
V3,UK,2012,0.489411277224974,0.13564574249706948,0.36999799155006,0.9172670098249261,0.4385173468567298
V3,UK,2013,0.48679128621968903,0.13519348884812696,0.3717454052085254,0.9188582119399197,0.43821057527551577
V3,UK,2014,0.5013019138133057,0.14300274910378546,0.36390285006258766,0.9049874781205739,0.43800417959875176
V3,UK,2015,0.501853670524829,0.14386896730438323,0.3614674418090263,0.9108806462765078,0.4411653613191269
V3,UK,2016,0.49800552262784503,0.1419272027831459,0.3604603827162177,0.9237414749441126,0.4444638922147873
V3,UK,2017,0.49242919039171473,0.1379186248019133,0.3624065104177926,0.9323857196590195,0.44536293913813535
V3,UK,2018,0.49027365132153716,0.13451068972982902,0.36472335325833266,0.9310359538740686,0.4451396503575827
V4,AT,1995,0.23952921649048067,0.06952269682946165,0.4664266688457389,1.7611651839229452,0.34035458616770436
V4,AT,1996,0.24152244526246214,0.06995366760709211,0.4583639183579594,1.7842271627875024,0.3449308831988492
V4,AT,1997,0.2428405822417459,0.07088756246792247,0.45167264029306875,1.806299872559316,0.3473128226939024
V4,AT,1998,0.2463061514720176,0.07180969649016142,0.44979969936925085,1.7840068756697667,0.34782413736648193
V4,AT,1999,0.24822856476530955,0.0714967102252423,0.44812089278191447,1.7751490509486378,0.350834418723581
V4,AT,2000,0.25518296491506093,0.07405167080906766,0.4402455011713218,1.7532962934974388,0.35348305780697686
V4,AT,2001,0.26026806737061087,0.07560735447916998,0.43402529897895964,1.7405584167218067,0.3561733514962695
V4,AT,2002,0.2629625632280672,0.07567608391366956,0.4304687115279486,1.735357790467689,0.3595027601762952
V4,AT,2003,0.2636866186915483,0.0744974580758388,0.42761521825215515,1.7430856864357736,0.36331377370761786
V4,AT,2004,0.26983629874663173,0.07702355347777795,0.419539335869836,1.7316192251775766,0.36511091562695247
V4,AT,2005,0.2767548890181659,0.07981751236721213,0.41164322695417244,1.71426961647606,0.36714567749615357
V4,AT,2006,0.2859981630030014,0.08274162498177874,0.40368710165739935,1.6813364246522526,0.3711327384098753
V4,AT,2007,0.29264056802916905,0.08500774479497313,0.39773798768778107,1.66028840410144,0.37230383277433027
V4,AT,2008,0.28237928788064404,0.07968973784196308,0.4091330952642198,1.6833252757814907,0.3700839505444245
V4,AT,2009,0.2583552952627164,0.06856978908110264,0.4251589581815988,1.7998430152978173,0.3714676390154969
V4,AT,2010,0.2592169700575587,0.0687256646119458,0.42162976494686566,1.8095908026136152,0.37252877560321307
V4,AT,2011,0.2637490803517276,0.07059474494298558,0.41728569244625857,1.7920653573342815,0.372461794040639
V4,AT,2012,0.2558421740134015,0.06655683212889249,0.42599755557853186,1.8175826775670827,0.37216965438309313
V4,AT,2013,0.2477619530552429,0.06271375240711405,0.43380373730682553,1.8514392376988285,0.371840568744551
V4,AT,2014,0.24873269017491223,0.06274296367328895,0.4344413404662,1.8393195356618692,0.37073152290340877
V4,AT,2015,0.25335914534396586,0.06422998041703525,0.43245124151199216,1.8076445628746676,0.3696099892807859
V4,AT,2016,0.25587327762653456,0.06501350269891915,0.43243711412634933,1.7857034089416735,0.36859224908520577
V4,AT,2017,0.2550736360838792,0.06438809850166274,0.43394665469942056,1.7852295564964584,0.3680536967673851
V4,AT,2018,0.2550838982109123,0.06412281322958184,0.4370583030638235,1.769830100651555,0.3658387145444389
V4,AT,2019,0.2496183462924127,0.06138167560441838,0.4434474781435241,1.7861663708502056,0.36484815078365335
V4,AT,2020,0.22042617598175626,0.04816367303549182,0.4665033694903501,1.9537928051064688,0.3667272478328481
V4,AT,2021,0.22565692017359804,0.04965128563593572,0.4554907302620133,1.9575053760355257,0.3695483585249265
V4,AT,2022,0.2382606571958675,0.05511018481806348,0.44332914439113297,1.893065215300586,0.3660768820369416
V4,AT,2023,0.2375143599837856,0.05458842640188196,0.45130340125891344,1.858858387605324,0.36245807212849124
V4,AT,2024,0.23057864757847274,0.05050019312707719,0.46903993551628403,1.8336887432223428,0.3591277476116503
V4,BE,1995,0.27458527498145957,0.08504506484835464,0.42348049493259804,1.6761204582005569,0.37599017985650246
V4,BE,1996,0.2676053368149532,0.08091964294293431,0.42828641496253567,1.708119352732596,0.3776552864512577
V4,BE,1997,0.271670134320108,0.08217921857435728,0.4266055185895405,1.6840220733813553,0.3778997251732245
V4,BE,1998,0.2723080939977039,0.08204116769082394,0.4252976794043514,1.6851879552991638,0.38026198345113754
V4,BE,1999,0.268483542008603,0.07805488780726164,0.4296236511197431,1.694813268227739,0.38485591741336095
V4,BE,2000,0.2769317532172592,0.08089776440429644,0.42212842868770417,1.6645646449626206,0.38924625632760745
V4,BE,2001,0.2745732587661165,0.07659314567518526,0.43195105094328906,1.6368918932291407,0.38886915718439546
V4,BE,2002,0.2802313656397349,0.07487674054650598,0.4336421311084816,1.5873945490596746,0.3949690389393795
V4,BE,2003,0.2799623123184948,0.07433921854441533,0.42979287250956905,1.6069352955366487,0.3977704906247797
V4,BE,2004,0.29206388265924144,0.07874223593199145,0.41816645467642355,1.5739783460636831,0.40056647365447384
V4,BE,2005,0.30006789550737056,0.0797312033397346,0.4113644332167612,1.5503101597547493,0.4056926213086574
V4,BE,2006,0.2979115028960737,0.07702321805764853,0.41084313339820705,1.566780626928094,0.40983944800648353
V4,BE,2007,0.30261297497516754,0.07725793317404936,0.40776714092876754,1.5492965280029138,0.41290704127318567
V4,BE,2008,0.2842073641542314,0.06591820862095957,0.424740673478818,1.5993424400361602,0.41357170732196136
V4,BE,2009,0.2830706606154888,0.06455455885047472,0.429654545020241,1.5851973429841189,0.4137098730068057
V4,BE,2010,0.2942642497652013,0.06943371453544166,0.41820211761143095,1.5589251849840966,0.41591052668016687
V4,BE,2011,0.29406033106486884,0.06889786979597858,0.4191910875130087,1.5559441181902947,0.41522259330448036
V4,BE,2012,0.28917558557968764,0.06580557756197127,0.4248012844669418,1.5642971879369523,0.4156421534042862
V4,BE,2013,0.29031127072163576,0.06451433968718176,0.42585318884448214,1.551840648974295,0.41658423169047587
V4,BE,2014,0.30217626088472677,0.06884079941233692,0.4171486045630943,1.5116971417255263,0.418042536278948
V4,BE,2015,0.31019404795620764,0.07211877100315423,0.4084328252895416,1.4986546208047635,0.4204275876641151
V4,BE,2016,0.31743095126647736,0.07407795563339985,0.40386356488359754,1.4741399276490417,0.42172615164158184
V4,BE,2017,0.3137271457689171,0.0724341579739426,0.4071889610315019,1.4823862541306148,0.4187134673410784
V4,BE,2018,0.31295589135774204,0.07280622142793935,0.4067948199945326,1.4886965140457984,0.41783957630587276
V4,BE,2019,0.31790169071514696,0.07462253452994463,0.4038951603379367,1.471228052505237,0.4163964493012647
V4,BE,2020,0.2982186710550601,0.06601259825351925,0.4145030103956928,1.548811317083846,0.41591407945865694
V4,BE,2021,0.3096510032496606,0.07085414032102871,0.40318582473027126,1.5241910253571116,0.41833152358827674
V4,BE,2022,0.308832407925951,0.07588390105883498,0.3966028628570597,1.5571983628472625,0.41369211185346044
V4,BE,2023,0.3086626688392001,0.07622088843839593,0.3977382051112504,1.5534591883205477,0.41409799811225495
V4,BE,2024,0.3088911315938953,0.07554281572661933,0.40139461864227455,1.5365224017295587,0.41224708102222046
V4,BG,2000,0.12656646414450382,0.08095213571038228,0.32690576717858305,4.991203080777618,0.31163781312282623
V4,BG,2001,0.13891280210767357,0.08916310858787281,0.3283502089562239,4.506695811663024,0.30843858039935085
V4,BG,2002,0.1376867886920251,0.08952742014188655,0.31558863246696106,4.655195957940735,0.30968619837042194
V4,BG,2003,0.14042809856564914,0.08630941977012603,0.30163514650473716,4.671478216336833,0.3665263351975908
V4,BG,2004,0.15039833678173542,0.09385091986067629,0.30060475047411905,4.349681047173188,0.360498250761765
V4,BG,2005,0.1574409670834734,0.09872345279802737,0.3015942922575531,4.134390322675358,0.3603268112241721
V4,BG,2006,0.16213211194915317,0.10169315721027809,0.29102350123881704,4.081808569088667,0.3691602435900316
V4,BG,2007,0.17885317320146002,0.11229408956566947,0.2773549000951475,3.7630827783063747,0.38591619426995555
V4,BG,2008,0.1734241494210155,0.10758777239480587,0.2892237217344441,3.809261296865994,0.3813393107312973
V4,BG,2009,0.15866848699536412,0.09515685981206741,0.29616386707481546,4.139727255689523,0.3902415034954453
V4,BG,2010,0.15500066269483434,0.0914779999826037,0.30843630506236347,4.1532458768982945,0.3880162969148155
V4,BG,2011,0.16539316713751004,0.09953061259540893,0.2947597387141988,3.9692632163541637,0.3894287064237145
V4,BG,2012,0.16010940098719734,0.0942697565529342,0.3029010570495881,4.050990336286855,0.3945469022080385
V4,BG,2013,0.1474223151021736,0.08312356770107063,0.3338244269298666,4.185000098437469,0.3877424518707084
V4,BG,2014,0.1477869417581323,0.08246636336524664,0.3524496943536194,4.029197952880055,0.3770750175594881
V4,BG,2015,0.1499526751473921,0.08366536428245923,0.3496373955541542,3.9874816575510255,0.3826920606372045
V4,BG,2016,0.15425523158348173,0.08670806212687031,0.35838984767518495,3.801016259582712,0.3756101440486724
V4,BG,2017,0.15879153698638748,0.08730509376826164,0.3708937978990661,3.5909433002257813,0.3724543326787011
V4,BG,2018,0.1634107389753628,0.08789938958605106,0.3784849891560376,3.4249064815701757,0.3752113429858456
V4,BG,2019,0.16950194070976807,0.09222405018944782,0.3780732033320883,3.291069427505479,0.37252631932748004
V4,BG,2020,0.16380742221410236,0.08684556944512262,0.3899985770694746,3.3338950944470147,0.3713710269890589
V4,BG,2021,0.18461575749296436,0.10324852896801448,0.37066566519575633,3.0382217632147217,0.37046982434208003
V4,BG,2022,0.19614860372858545,0.11673878735235031,0.34099953323599114,3.018700481125979,0.3658907741398832
V4,CY,1995,0.39346218534770316,0.15380832695880234,0.2877916865092863,1.5223144431593982,0.44785616393656597
V4,CY,1996,0.39091507452055285,0.14595458873731432,0.2897465720885278,1.527152990514883,0.4537677578752316
V4,CY,1997,0.3963187047294421,0.14311840120663652,0.28991083424941977,1.5018016367411744,0.4595240806102699
V4,CY,1998,0.43450984307656493,0.15754015306672423,0.27588119470867184,1.3906375662109314,0.46287997408347287
V4,CY,1999,0.46415298603929683,0.1646966148787787,0.2632692578961542,1.3239891768507712,0.4803978638860064
V4,CY,2000,0.45839455455935724,0.1659394240238269,0.27533449473222643,1.3055427169623492,0.458804071839549
V4,CY,2001,0.481984556097704,0.1718280916986869,0.27367874846815415,1.2332600991421663,0.4562623382320684
V4,CY,2002,0.4722599342989187,0.16059271559036925,0.2835769928502828,1.2334329313840575,0.4601084902785397
V4,CY,2003,0.47379444914444774,0.1539638886393632,0.2936838893409276,1.1970809601301873,0.46286065070595456
V4,CY,2004,0.4930417495029821,0.1526238835383491,0.2831079223967169,1.1709110898389743,0.48045013392701846
V4,CY,2005,0.48989468046014223,0.13995155845357007,0.3052054165304878,1.1130475492231187,0.466691362598012
V4,CY,2006,0.49290903604670083,0.1360640523492678,0.3057408133908722,1.1027527134824109,0.46902855845114405
V4,CY,2007,0.49770569360332045,0.13170773940794647,0.30838063642312546,1.0812344965074343,0.4713072517839206
V4,CY,2008,0.4814858864573422,0.12288598940473283,0.3141711607420165,1.1102295507806987,0.4688339121406323
V4,CY,2009,0.46048146725468353,0.10880346919914859,0.3296051420724024,1.1262511857063982,0.47817413621132143
V4,CY,2010,0.45940555483404144,0.10989366295474401,0.3275853875450614,1.1360769591103812,0.4787854565879583
V4,CY,2011,0.469764274680779,0.1148932073833146,0.3219859372320357,1.1213210558948856,0.4889070368858037
V4,CY,2012,0.4581039951890634,0.11160956843772837,0.3242686890574214,1.1507922535211268,0.49091063721217015
V4,CY,2013,0.4369703614129027,0.10519575108841532,0.312786283549287,1.2598918134929742,0.49510863722691384
V4,CY,2014,0.41976400046123685,0.10180980517736503,0.31897512647226184,1.3034242998230559,0.4820782179470953
V4,CY,2015,0.44007660518092956,0.10993930354442442,0.307308744201508,1.2667155225820093,0.4870035691314272
V4,CY,2016,0.4565343418727914,0.12183572710951525,0.30141933848688374,1.228762725467833,0.47991350720975723
V4,CY,2017,0.45155705653844347,0.12185429449906918,0.3037188995844511,1.238237073273368,0.4774660633484163
V4,CY,2018,0.46133065885892705,0.12609142791729053,0.30366735032718045,1.2057329817364972,0.47925302516434287
V4,CY,2019,0.46970990250978906,0.12929425459887012,0.31194280908326333,1.1529128118867398,0.4742586607699721
V4,CY,2020,0.4372422997487305,0.11378929969431646,0.31625800132918264,1.2475019529655926,0.4868663747032283
V4,CY,2021,0.4858305560427995,0.13657190326150093,0.30147537262616325,1.1363193866485082,0.476078190743338
V4,CY,2022,0.49001208590287887,0.14379662390160441,0.3061050746897436,1.1099720900840808,0.4540872627665819
V4,CY,2023,0.48709790744717596,0.14274482001311323,0.3163503481293268,1.0871655393718171,0.44894128403510347
V4,CZ,1995,0.20321958485305636,0.09404063146302354,0.39773059545930445,2.5659079976230674,0.30340859030837003
V4,CZ,1996,0.20325577866478656,0.09289733029900098,0.4043298588891179,2.5263132206037073,0.3065106479952748
V4,CZ,1997,0.18808212864526586,0.08343273201984606,0.4129693740261536,2.7081704716474424,0.3120725700719323
V4,CZ,1998,0.1930110308541917,0.0877641021347084,0.39857874844139657,2.717415445760598,0.3083463635211089
V4,CZ,1999,0.1923884939204749,0.08562807385505723,0.38939047563928203,2.78444550549334,0.32243459287078025
V4,CZ,2000,0.19008273007168844,0.08479235194094449,0.3935054253405407,2.7971819897167025,0.3197253566106025
V4,CZ,2001,0.19488299231076428,0.08832466370724242,0.3915366382804598,2.730661735753496,0.31726788683284085
V4,CZ,2002,0.20291533130006403,0.0891891545714792,0.39650298519588223,2.577629185781813,0.32150051352470876
V4,CZ,2003,0.2039913841294067,0.08887168687647379,0.397642211585227,2.5552167583438816,0.32490470881627637
V4,CZ,2004,0.21066795728299217,0.09239419691520792,0.39865585566041156,2.4558083547263507,0.3206011029978125
V4,CZ,2005,0.2197397814621055,0.09560467268694596,0.39509369756649604,2.357736483698707,0.3249825450248845
V4,CZ,2006,0.2307526286159315,0.10067784760172493,0.3897570200573066,2.254819484240688,0.32508300933396045
V4,CZ,2007,0.23654120820569585,0.10078882434560825,0.38747133691722696,2.2020506653130107,0.3259916391733743
V4,CZ,2008,0.23104367322385094,0.0944337600518833,0.3954671596273034,2.2210634379752707,0.32955161482633877
V4,CZ,2009,0.21863696580217862,0.08875910744118151,0.39728121812703965,2.3594291106208294,0.33362776501724717
V4,CZ,2010,0.22692456925399476,0.09209421545994526,0.38950421051384054,2.3007985252945358,0.3411831828590373
V4,CZ,2011,0.22361768898964224,0.09214745270656484,0.40023019528991743,2.281891274706418,0.3291612426555959
V4,CZ,2012,0.21890660735942333,0.08945857912862289,0.40928962923544704,2.289168758521959,0.33096538281866655
V4,CZ,2013,0.2210905325356195,0.08996228177211743,0.4094459371729867,2.2616501792193793,0.3321644548966907
V4,CZ,2014,0.23466543659881026,0.09722691887818856,0.39779021660659697,2.168458107482798,0.3318493990679422
V4,CZ,2015,0.24412288020552844,0.10097019974210013,0.3939796482943782,2.0884601426642155,0.3304174996244468
V4,CZ,2016,0.24528462433931095,0.09806129462182656,0.4008797070554479,2.0416716536681156,0.32963649149379276
V4,CZ,2017,0.2536722189011042,0.09737217083464728,0.40744449654262344,1.9284656241016414,0.32749051316445577
V4,CZ,2018,0.25278687381918646,0.09207240444234897,0.42116067231196264,1.868670753437105,0.3269044237828569
V4,CZ,2019,0.2573613237781844,0.09228570755952901,0.42165806800146466,1.8255402425613105,0.32502659503008796
V4,CZ,2020,0.23416661601494626,0.0764443977610489,0.43994742945700127,1.9517366631518784,0.32569358608049004
V4,CZ,2021,0.23835818703745057,0.07378133683541425,0.43950355217994164,1.911984579133936,0.3225960793605949
V4,CZ,2022,0.24809403059073803,0.07780154724672897,0.4236407060813743,1.8995078700703916,0.3233602475361064
V4,CZ,2023,0.2619922478973154,0.08581133793198646,0.41376303846383267,1.8238488231128338,0.3262497690380224
V4,CZ,2024,0.2571456374714147,0.08335113516395434,0.4226022519436098,1.8228091566811075,0.3237748614034759
V4,CZ,2025,0.26311046367613733,0.08320953933283734,0.42349408796766036,1.7676233004383015,0.32471299868068915
V4,DE,1995,0.2448060857747496,0.06757422868277795,0.4898363348707341,1.5941137577698408,0.32653087179291523
V4,DE,1996,0.24870269704597406,0.06757247204011788,0.48490541674073506,1.5862204269972877,0.3316063815131426
V4,DE,1997,0.25707208410007915,0.07014082902842796,0.47488848017330076,1.5677740736583756,0.33551548418073607
V4,DE,1998,0.2637537433627991,0.07177072047918193,0.47029837040496025,1.5380205366234923,0.33781198052279593
V4,DE,1999,0.2654104041218213,0.07082871921240888,0.47153276536322003,1.5195995581240596,0.34065494841561594
V4,DE,2000,0.2619618544916254,0.06708175158233326,0.47708354607278164,1.5190714091668385,0.3452925706308301
V4,DE,2001,0.272585792622197,0.0711749850225529,0.4668535055933504,1.4890316096136216,0.34860527861884266
V4,DE,2002,0.2784288166806334,0.07230452149386508,0.46227639096930656,1.469002186590714,0.3520652253541156
V4,DE,2003,0.280783742846722,0.07227262971495889,0.46090230944099675,1.4590724194851477,0.35367985193799645
V4,DE,2004,0.29237680653170234,0.07714381750318502,0.44927635383227876,1.4343328582000938,0.3550587379287493
V4,DE,2005,0.2998512274677895,0.07913336461106851,0.4394782583121333,1.4298545652397687,0.3605572591667644
V4,DE,2006,0.31491691376328146,0.08536185888813648,0.42697423625134395,1.3926351232490841,0.3617770922645375
V4,DE,2007,0.3164977007153659,0.08552615834834722,0.4226569389795445,1.401505005058318,0.3613795379753661
V4,DE,2008,0.30430278754638124,0.07912518717106856,0.43156800430573267,1.4364135553690307,0.3644292103872575
V4,DE,2009,0.272138619160356,0.06367118890554684,0.45844943229515567,1.5315311495705115,0.3658166377328391
V4,DE,2010,0.2906315728128593,0.07135112369904714,0.444565413174827,1.4665641363418842,0.36661369687867995
V4,DE,2011,0.2985545352175567,0.07361742217071543,0.44097878937926666,1.4314469978001998,0.3671399239875934
V4,DE,2012,0.2903333676711808,0.06835536252088975,0.45108853338260596,1.4395362715453204,0.3678023919238974
V4,DE,2013,0.28801573569986444,0.06652428143971864,0.45602295576489404,1.4326830307787501,0.365906120726389
V4,DE,2014,0.2943577328604849,0.06819920438052365,0.45415745833091625,1.4001934920067591,0.3662732477298988
V4,DE,2015,0.29665329362018333,0.06828275825459294,0.4557643364718182,1.3788205989814444,0.36659381030411464
V4,DE,2016,0.3005299942501191,0.06890691495120935,0.45669121547009367,1.3511442582754394,0.3661932145570082
V4,DE,2017,0.3041781545102497,0.0694428487061513,0.45463053896348504,1.3382972336262389,0.3688298284390266
V4,DE,2018,0.2930551535662949,0.06443282518611111,0.46449859059408705,1.3628073034985477,0.36793528116812824
V4,DE,2019,0.2835437039177913,0.06012713614530189,0.47423400277021954,1.3800339282934777,0.36628432021475854
V4,DE,2020,0.26454690024005606,0.052061715121939925,0.4859764086991296,1.4570574761599762,0.3686680858432908
V4,DE,2021,0.2737297161707631,0.05563695290562423,0.4727238740214429,1.4535416895230793,0.3699250970487697
V4,DE,2022,0.26953797874535185,0.05458565349335324,0.4634863052774646,1.5270075658271007,0.3729181195512323
V4,DE,2023,0.27276259049570284,0.05535416598557004,0.4616214575366331,1.5121775941769804,0.3725842104059401
V4,DE,2024,0.2627373823614452,0.049801636715852506,0.47629743399675356,1.5169574325025785,0.3738789392570548
V4,DK,1975,0.2533762603062193,0.0696084309565538,0.4784805298099243,1.5798001850439078,0.32228825639139225
V4,DK,1976,0.261310037866206,0.07390631986119028,0.47519045776574037,1.5331883497218186,0.3206845415488491
V4,DK,1977,0.26059549253918063,0.07138318310542445,0.47413108395160547,1.5438198442262103,0.32714706370634433
V4,DK,1978,0.2617694027467264,0.07081332660147416,0.4740789751370343,1.5350214748946212,0.3292634212278331
V4,DK,1979,0.25363786442466424,0.06659423419022713,0.4840478511203788,1.5501600541148026,0.32608469963589987
V4,DK,1980,0.2315126383648866,0.056542104578703636,0.5007329945269743,1.6558102032838162,0.32577887114402576
V4,DK,1981,0.22709502984288346,0.05564560161535293,0.49755638765071897,1.7149253769079265,0.32575700473491986
V4,DK,1982,0.2392912553447741,0.06183446425395764,0.4878740604169621,1.6523041874055913,0.32585527912055096
V4,DK,1983,0.2411657100451508,0.06313322874304925,0.4859460544864439,1.645592236829164,0.3271418601088307
V4,DK,1984,0.25502396042665015,0.07069163282388319,0.47392883429213434,1.588901516345346,0.32687324893092623
V4,DK,1985,0.2575158169115158,0.07287262076873842,0.4732365372771681,1.5723211649273197,0.3277340332458442
V4,DK,1986,0.25376841218938406,0.07090447189344037,0.4811405977307232,1.5634771614017993,0.328565771236222
V4,DK,1987,0.2459001226413064,0.06403786519873055,0.49220898665730656,1.5728205378842746,0.33377702759591216
V4,DK,1988,0.23317582366878992,0.05816237695245835,0.5039035432161502,1.6236603224465287,0.3303790329078373
V4,DK,1989,0.23511602765620437,0.06002144513088176,0.4916366546618647,1.670544079700846,0.336327330437439
V4,DK,1990,0.23397071569644345,0.05940634134840662,0.4895336040672082,1.6922197594395192,0.33871848603867605
V4,DK,1991,0.23241454581478457,0.059591907574181945,0.4875565681862404,1.7173115910645806,0.33929750069746395
V4,DK,1992,0.23296194410189627,0.06113845504144725,0.4833703465537067,1.7342865134024514,0.3394649157193258
V4,DK,1993,0.2247137522972996,0.05936654551133369,0.48526571365266225,1.8053563826146672,0.33934891477899964
V4,DK,1994,0.23726634478985026,0.0667456773167903,0.4725429444300752,1.750515939193306,0.3365090942243698
V4,DK,1995,0.2360469531818557,0.06672447803458964,0.47419459686438864,1.7533512199651955,0.3363175546808998
V4,DK,1996,0.23553631839241207,0.06534569011227147,0.4737743453283735,1.7603849480801081,0.34164145616742014
V4,DK,1997,0.2330834555222079,0.06555981023674375,0.47305525725804937,1.7877004088245823,0.3438359099794077
V4,DK,1998,0.2224514681786522,0.05920362323818805,0.48638055196642416,1.8225250814236187,0.3464933244507625
V4,DK,1999,0.2268011166173684,0.059208005959332836,0.48429338764823954,1.7895340962869417,0.3501885689226721
V4,DK,2000,0.24494170890179834,0.06951236853619805,0.4642938971340736,1.7227819800931115,0.34999836804887297
V4,DK,2001,0.23428683423842922,0.06383855414751356,0.4747208274235745,1.767313703812009,0.3507591165632626
V4,DK,2002,0.22778530875303477,0.06035950063217566,0.48117631874975664,1.796510877542402,0.35169440514469447
V4,DK,2003,0.22412933792864123,0.057333733844479394,0.4822752046875093,1.827662441571567,0.35694382752504417
V4,DK,2004,0.23186779795713244,0.061121221447592,0.47224672580597626,1.8038488719604475,0.3594863589071524
V4,DK,2005,0.23591530311397796,0.06123649687946105,0.4674895438628337,1.7897207731800338,0.3666740563278476
V4,DK,2006,0.23809874274882017,0.06160254232905815,0.46612409301410535,1.7761217114885315,0.36630712111347685
V4,DK,2007,0.2265445353215232,0.053375907042645956,0.4786936463755914,1.822427203370552,0.3723382280522588
V4,DK,2008,0.2185734716182893,0.04999228975037361,0.4863887960628246,1.8634444208159917,0.371805757405495
V4,DK,2009,0.20585381388613821,0.044283034364985034,0.5036678182338273,1.9074227143938738,0.37213975854677805
V4,DK,2010,0.225119895628945,0.05438833771408903,0.4789386375523482,1.8356562630533886,0.37519800329920916
V4,DK,2011,0.22751167204623982,0.05514388267897695,0.47271283775463896,1.8449140228936114,0.3787264736548861
V4,DK,2012,0.23106777064251702,0.0571147660782309,0.46546051032945734,1.8478845666762154,0.38007348321879353
V4,DK,2013,0.23856954078329073,0.06013807431997661,0.45863964714427263,1.8105534404489274,0.38091366050043474
V4,DK,2014,0.24387476712227024,0.06245850542970749,0.455193106921898,1.7787686083750147,0.3796243680611536
V4,DK,2015,0.2464301168838406,0.06262401221868932,0.4552111240818213,1.7555124790521863,0.38127540424137285
V4,DK,2016,0.2472841024595475,0.06294477668433454,0.4535537397126461,1.7562375685528961,0.38164374958683145
V4,DK,2017,0.25572122947589304,0.06649717293261871,0.4443383288429425,1.7285812691736158,0.38493091810455404
V4,DK,2018,0.24969808117148587,0.062446701273150364,0.4488064200653088,1.7586337706990987,0.38828990319476014
V4,DK,2019,0.24870326765851902,0.060052213440375785,0.4507124080476118,1.7578938443904755,0.3914214649794689
V4,DK,2020,0.24244728006589034,0.056347918567106275,0.456674980721478,1.7843277607028085,0.3902026704537407
V4,DK,2021,0.2680344522933694,0.068808941119135,0.4322705059825921,1.68585083685141,0.3920446050372649
V4,DK,2022,0.285711177536982,0.07884879920318096,0.4065961217419254,1.670340046361842,0.39266611869859397
V4,DK,2023,0.2481404648096424,0.05953378875986071,0.44121063456422055,1.8106968318961456,0.3932832312228659
V4,DK,2024,0.26077279650047663,0.06639360207758231,0.42918024295957885,1.759774144540644,0.3941225576440893
V4,DK,2025,0.26136127040653634,0.06816697699932783,0.42985438358206324,1.7515920699460343,0.3909529846060221
V4,EE,2000,0.3464414081578979,0.09795055808539964,0.39994794039174864,1.3320969176373616,0.33769172743273823
V4,EE,2001,0.33977793557549546,0.09874517739617215,0.3915497842170161,1.3991792540073982,0.3448209162126438
V4,EE,2002,0.3420529076353391,0.10595721910944639,0.38267935678944476,1.4220725673446946,0.34959705676243863
V4,EE,2003,0.3403197217765308,0.10948050522584342,0.3807966251948767,1.4386788127044292,0.3527990648136121
V4,EE,2004,0.3280252908298738,0.10699989494542596,0.3806727693223837,1.5073744270104827,0.35583052118485187
V4,EE,2005,0.3330508960482139,0.11346756703310237,0.37924647042758597,1.484593371884536,0.3510443758127438
V4,EE,2006,0.32306139227991304,0.11033428946733509,0.38016413410275346,1.5384676823545858,0.35465392176801575
V4,EE,2007,0.32054225664574554,0.10756879295359446,0.387155222823446,1.524744891656166,0.3595553072930149
V4,EE,2008,0.2811291186447402,0.08832891303463672,0.4249123490455785,1.6207229580573952,0.36113822725497846
V4,EE,2009,0.2184214221407273,0.05914379870301978,0.4561318717479383,2.0338625753244353,0.37054591380607077
V4,EE,2010,0.24484799271644578,0.07665420220811651,0.4214713463439214,1.9413360724045041,0.36629465586572646
V4,EE,2011,0.27550853486416876,0.09612906911061887,0.39626023308935093,1.7951047901695651,0.362110150840088
V4,EE,2012,0.2736925141128535,0.09767078212223819,0.3978382985317476,1.8023011660791075,0.3579217206452419
V4,EE,2013,0.2560266680059262,0.09192289338867529,0.40181583502009444,1.9345976708028987,0.35773901627045535
V4,EE,2014,0.2578800915222728,0.09247395774859535,0.40397857162530637,1.907256176494891,0.3601304409471147
V4,EE,2015,0.2406639239126434,0.08284479204780061,0.4243413477819167,1.9676193701320688,0.3581256210877872
V4,EE,2016,0.25033207772995864,0.08520356718542402,0.4259237882693961,1.8673348980979128,0.3601356493925643
V4,EE,2017,0.2601075653241725,0.09047624082888586,0.41988883239345487,1.8103852731811043,0.35789957323484445
V4,EE,2018,0.259808763115329,0.08900194226185221,0.4242962493061613,1.7915787804297836,0.3560752537205664
V4,EE,2019,0.2542336539290475,0.08483891024908957,0.4325775067590235,1.7993162038955655,0.3545014834392232
V4,EE,2020,0.24126180919145496,0.07623901199157453,0.45059108590853225,1.826640092671748,0.355208582162479
V4,EE,2021,0.2605806604389862,0.08664269231219766,0.43190486575015685,1.7482075543074327,0.35614720653897447
V4,EE,2022,0.26767913376119257,0.09087718286500067,0.41974733611016724,1.7479698696975137,0.355284376447684
V4,EE,2023,0.24552068040712882,0.0755501889865049,0.44866123227776533,1.7969286985092878,0.3583540976352401
V4,EL,1995,0.6579896856890559,0.18540465075859616,0.23365706914435955,0.9310160975073571,0.38515218511561417
V4,EL,1996,0.6479250215104668,0.18414927437231352,0.23600153529660944,0.9431448772347805,0.3822230254613179
V4,EL,1997,0.6444356232067252,0.1836166654348354,0.2415369594305835,0.9354045584750971,0.38943977011744474
V4,EL,1998,0.62986868422882,0.18129300413786392,0.24478398992195644,0.9542214996154261,0.39097462120814386
V4,EL,1999,0.6043039765558094,0.17126623567164567,0.24936785320859894,0.9927754652411315,0.4051171999259341
V4,EL,2000,0.5859086102171166,0.16489232575299625,0.24629578517567577,1.0400895003128388,0.4230602863151308
V4,EL,2001,0.5728777759389175,0.1656894799711436,0.24557647980141256,1.0713248766216492,0.4247437087224483
V4,EL,2002,0.5478490776081425,0.15919526833737402,0.26900642838380007,1.065290920089705,0.40696825597428643
V4,EL,2003,0.569933097393438,0.16698260848591234,0.2618086868465454,1.0334158167478897,0.41772523465877487
V4,EL,2004,0.6012301546412181,0.17497101568584952,0.25300730221725454,0.9894332041617221,0.42803098368919623
V4,EL,2005,0.5862734573267648,0.16801301418014464,0.2653333379183703,0.9877792717356542,0.4249000869068755
V4,EL,2006,0.5961953969954247,0.16791492259536953,0.2571265757865478,0.9888968386128648,0.43582768834084457
V4,EL,2007,0.5955005903921446,0.1659615028674172,0.25806315200138186,0.9878413189077794,0.44102841307847906
V4,EL,2008,0.5758156299540952,0.15942984955007716,0.258995579685082,1.0278823405512825,0.44916428403571995
V4,EL,2009,0.558237082765615,0.1509586635247154,0.261921615411548,1.0602377455034746,0.4635396962978217
V4,EL,2010,0.5280390451021267,0.13829604291867015,0.27333649581723857,1.1028183755374341,0.4624635667447364
V4,EL,2011,0.4933739510779962,0.12430999297139131,0.28648285988274674,1.159716597057077,0.4554602996554764
V4,EL,2012,0.4708956395182923,0.11549823012480548,0.2862785594623047,1.2293894158619187,0.45800998735130477
V4,EL,2013,0.48087672970615164,0.12251847451795697,0.2810302823242419,1.214092424310154,0.4392036114332318
V4,EL,2014,0.49111766688212316,0.12720479543783225,0.28663321486377075,1.1659041977385125,0.43397775171932934
V4,EL,2015,0.5131754483009009,0.13688272291895803,0.2826905000901653,1.1150955831778708,0.43121880423387454
V4,EL,2016,0.506668279975847,0.13536170468236047,0.294780445780245,1.0970958213769828,0.4269344041152276
V4,EL,2017,0.5293221715116653,0.14532824919093099,0.29155757923690323,1.046837936560009,0.4229921077971593
V4,EL,2018,0.5350678699605765,0.14814450820212402,0.298507381739154,1.0125274563506972,0.41941866370106495
V4,EL,2019,0.5582358542419859,0.15880058290732785,0.29924850362292565,0.9560479648000976,0.4131661386861421
V4,EL,2020,0.5066546127822146,0.13706446320572493,0.3137177735596748,1.0408188459170802,0.4200553835031904
V4,EL,2021,0.558020468641451,0.15760371067942577,0.30365552764380965,0.9442278592353511,0.4189982300228628
V4,EL,2022,0.6178743650021996,0.18512025995609982,0.2846546119859081,0.8730975598679044,0.41188558376328566
V4,EL,2023,0.6426491237472535,0.19660634308141728,0.2779562469252961,0.8455864864165071,0.41285932332739766
V4,ES,1995,0.28442679943901794,0.1077452124881822,0.4086838866698103,1.6702907897546941,0.3108318138036439
V4,ES,1996,0.2845705971414872,0.10799551614167474,0.4067016654072143,1.6781881318960554,0.31334178076098346
V4,ES,1997,0.2783627804590028,0.10409389306330927,0.41531906985790695,1.6851087573752839,0.3166049883211858
V4,ES,1998,0.27582461490736854,0.10224214776305121,0.41679721774643846,1.6975999416565442,0.32055213983163405
V4,ES,1999,0.2676882038194621,0.09750501926548238,0.4172198551342139,1.7598657861099276,0.32558163560477704
V4,ES,2000,0.2655143980038766,0.0954811168732527,0.41604269258473453,1.7833005890053641,0.3295388770982057
V4,ES,2001,0.2718379630973059,0.0980975027031193,0.4073937514233351,1.772604368870622,0.3309448613221885
V4,ES,2002,0.2711593944570863,0.0963555072487252,0.40495425551549963,1.7894957862243317,0.333192992630719
V4,ES,2003,0.2676797165385168,0.09346505964790691,0.40320293429698606,1.826316259090011,0.334085065958617
V4,ES,2004,0.2603728993324447,0.08868766370193275,0.4056173868637258,1.8771955120984094,0.3343061950916495
V4,ES,2005,0.2560346557514186,0.08548733882559613,0.40550907044435774,1.9164067960265756,0.33645121657155325
V4,ES,2006,0.2549774903923087,0.08364752423232691,0.4049734519039708,1.9286699892504642,0.3414519936096009
V4,ES,2007,0.260671132932545,0.08567054576073484,0.3999597692634764,1.901945409058661,0.347777579172944
V4,ES,2008,0.266887321931404,0.08695152469133367,0.3985330603753895,1.855103175590892,0.3598067590320344
V4,ES,2009,0.2626700900156168,0.0851318528201201,0.39475955899601217,1.9094252873563218,0.3669329431038666
V4,ES,2010,0.25230268588209337,0.08087253562677921,0.39951506646208784,1.9805029323099586,0.37122055917475866
V4,ES,2011,0.2554618142947576,0.08526152864782172,0.39014285055876424,1.9971303750888418,0.3762903788730756
V4,ES,2012,0.25719976848110043,0.08975926838273404,0.37738018749913216,2.0433833154299896,0.38223704465948
V4,ES,2013,0.26057173715729215,0.09199775042552462,0.36904404076526065,2.0523849527171274,0.38891594863799656
V4,ES,2014,0.2630804417891592,0.09100270554862416,0.3682128122049118,2.033285313229369,0.3925374920480956
V4,ES,2015,0.2712091363877646,0.0939081542418822,0.3680493876960873,1.9620734861895974,0.390528329902881
V4,ES,2016,0.2738528331892756,0.09632330281907159,0.36669035360998425,1.9459008254350711,0.38649082230205206
V4,ES,2017,0.27558348781658787,0.09801877040932434,0.36936803679159746,1.9189837371293206,0.3806074147006476
V4,ES,2018,0.2753811648664719,0.09712602170516985,0.373214914724861,1.9028488297910626,0.3785006419697484
V4,ES,2019,0.27518108871713187,0.09406565721589756,0.3802719464896446,1.8718016113244802,0.3826005021908974
V4,ES,2020,0.23021384865019998,0.06887303585490522,0.4037390347219906,2.186291794326883,0.3967849985583751
V4,ES,2021,0.23421448352003285,0.07121482598494086,0.4001680571394274,2.1608688772364424,0.3930813498335797
V4,ES,2022,0.2535100984129229,0.07940442761937694,0.3881246260703962,2.0254887872026623,0.3901045737890514
V4,ES,2023,0.27031725235766346,0.08565739690613973,0.38380735168634406,1.8957091902262533,0.38955786054575164
V4,FI,1980,0.19805803895479707,0.07539608218216601,0.5059836030993797,1.9883175598711877,0.28579368387621834
V4,FI,1981,0.19008245462581602,0.06863675763491874,0.5201783962904714,2.0041029986129892,0.2869989579438881
V4,FI,1982,0.1959469790407382,0.0715453319851702,0.5118821811718403,1.9791887259569596,0.28877160053908735
V4,FI,1983,0.1990634444881254,0.07127407102179042,0.506273193567012,1.973975290540978,0.2926464336759798
V4,FI,1984,0.20013272115420233,0.07054820039724588,0.5096371098368471,1.9405513817558304,0.29126756845168067
V4,FI,1985,0.19386545528535493,0.06461220152431084,0.5240964767227582,1.9307169534303796,0.2912231592737396
V4,FI,1986,0.19493664266895921,0.06390196192626156,0.5248604079704754,1.912544820334421,0.2915616746106439
V4,FI,1987,0.19055129617799135,0.05876867782536462,0.5303407212441221,1.9343986333345817,0.2971408719655146
V4,FI,1988,0.19707125754679228,0.05842182695664389,0.5237919823934941,1.8926335457860062,0.3030738491315302
V4,FI,1989,0.1973646703896982,0.056339412421179264,0.5230068770665712,1.893804206657794,0.30577734605722906
V4,FI,1990,0.1824267988153486,0.04789309785280962,0.54432425581842,1.953531032662591,0.3032508604628605
V4,FI,1991,0.15620117080774648,0.03281814739997186,0.577916998592586,2.1242586587647887,0.3101912032738402
V4,FI,1992,0.16024380727494766,0.038310579930502194,0.564623075797861,2.152342600480136,0.3075599960322737
V4,FI,1993,0.1779276364203835,0.051490478165510556,0.5284684151416023,2.1216628086797846,0.30627183796551205
V4,FI,1994,0.20042783989087296,0.062026658845270935,0.5020287536161437,1.9825125489044393,0.3049633955130587
V4,FI,1995,0.22833174539316556,0.07418478471875005,0.483374054323952,1.7792370634882788,0.30128779554218377
V4,FI,1996,0.22848489467445654,0.07477150688943815,0.4892822567577112,1.7459540986694402,0.29836983074680345
V4,FI,1997,0.24647875020107224,0.08358001842461264,0.47393380164152177,1.6603929828351294,0.2991898115137652
V4,FI,1998,0.26125476574743306,0.08992281220228261,0.46793639678649424,1.568633545550466,0.29529700617488763
V4,FI,1999,0.26518017233142044,0.08879855302374771,0.4700120199058628,1.5285837854839979,0.2963810036324499
V4,FI,2000,0.2748830318984536,0.09188469546675003,0.4638952400748285,1.4864061525670338,0.2948387810233969
V4,FI,2001,0.2798419730163375,0.09365714076084963,0.45960929507477954,1.4714473620110098,0.2948141061097574
V4,FI,2002,0.2804125961905801,0.09295704334667197,0.46051564006376294,1.4633792464896958,0.30091868080913464
V4,FI,2003,0.27950535216775013,0.09037879384799953,0.4617368549859749,1.4640335849695965,0.30597057159026597
V4,FI,2004,0.28677518139693386,0.0926036167035884,0.4569905000896218,1.4365119196988707,0.3074133434749538
V4,FI,2005,0.2793001140427001,0.08603810812981083,0.4649770226987885,1.4506075059183958,0.30972285031332775
V4,FI,2006,0.2799448367359408,0.08470617911070907,0.46674758088650947,1.4381006218202375,0.30971993410214166
V4,FI,2007,0.29818168342515505,0.09177805315270876,0.4499905062089394,1.3945543614476132,0.31021957296202296
V4,FI,2008,0.2849916730396705,0.0831067272608505,0.460591187297482,1.4321266137150164,0.3154308179534782
V4,FI,2009,0.2412658630549402,0.061930155256343475,0.4967060537390741,1.5893493039818711,0.32190524594510983
V4,FI,2010,0.2597945882969282,0.07017352978791228,0.48631328318864553,1.490966998817245,0.3206078016328999
V4,FI,2011,0.2601276899756943,0.06858166534102933,0.4890027474567461,1.475406549342838,0.32162429436729983
V4,FI,2012,0.2439210364062882,0.059142230009764936,0.5037151404033581,1.5308976462117445,0.32313953140429097
V4,FI,2013,0.24528158844765344,0.058452555524750226,0.5007715142252528,1.5345564895367976,0.32587192624977745
V4,FI,2014,0.25120124389480164,0.060247212804879054,0.49412532163954626,1.5196970246076904,0.32752651048088777
V4,FI,2015,0.25528289511207436,0.0634560427591902,0.4942799841816847,1.486738037399017,0.31761104394961587
V4,FI,2016,0.26030109127158235,0.06446615880872206,0.4893791355959045,1.4722755847500224,0.318450754197712
V4,FI,2017,0.27740420974105745,0.07174005482624785,0.4689068252990736,1.445603322894692,0.3187481558332778
V4,FI,2018,0.270999233610615,0.06778060619566366,0.4738657045244101,1.4675947507902551,0.32013083392886593
V4,FI,2019,0.26687126289558616,0.0648844178718722,0.4759536068033394,1.4877137716573179,0.32120184325250606
V4,FI,2020,0.2600137503649498,0.061872865773574995,0.47572778660454873,1.5405971679780224,0.3221279167305559
V4,FI,2021,0.2615387376715218,0.06185356043878309,0.4766986688373875,1.524157249569048,0.325665080520888
V4,FI,2022,0.2587746935075559,0.06064481334715947,0.47555729808446284,1.5510809902542848,0.3268854200524818
V4,FI,2023,0.24487386132975264,0.05545367721452744,0.48841600855769074,1.6007575302766515,0.3239022694992596
V4,FI,2024,0.24195515575065485,0.056265409128131494,0.49171891891891895,1.6090054054054055,0.3198298228692343
V4,FI,2025,0.24132655516632598,0.056915772954910133,0.49546434226343355,1.595211743461292,0.31837421592126064
V4,FR,1978,0.3760857584385125,0.08073935622498171,0.4587156928597296,0.9805419631271741,0.37581676707105527
V4,FR,1979,0.3739149252015012,0.0783379436437459,0.45650252043685746,0.997029935563004,0.37974721177310994
V4,FR,1980,0.36221209686116657,0.07270476239451297,0.4603689008037093,1.0294518530380037,0.38420169234760315
V4,FR,1981,0.3562845195776632,0.06914264883111924,0.4602200904093917,1.054804784178084,0.39000748990437656
V4,FR,1982,0.35988349090647814,0.0689807524569916,0.4591207376334261,1.0438080602511388,0.3936519748558306
V4,FR,1983,0.3737027098676235,0.07234661835558698,0.4517873358659444,1.0151880155524298,0.39665343986397966
V4,FR,1984,0.3875280931165001,0.07616132245254713,0.4449451751191033,0.987350533863301,0.39785383582381767
V4,FR,1985,0.4003077128510334,0.0792892230801035,0.43831694635856266,0.9648112862729591,0.40041074789466613
V4,FR,1986,0.42725889765917663,0.08831466861144206,0.42396051113233213,0.9242606541227754,0.40144433964619086
V4,FR,1987,0.43112792362211205,0.08851934617772027,0.4219398984550107,0.9188688728452327,0.4013368213857032
V4,FR,1988,0.451154473676191,0.0954778244285873,0.4113829406563752,0.8933077887679227,0.40178855752667997
V4,FR,1989,0.4652941594036791,0.10052632307575797,0.40546010497816404,0.8723119946841189,0.4006457348763765
V4,FR,1990,0.4593358523943551,0.09756925293588746,0.4108833068438345,0.8716568869714509,0.39835825514437273
V4,FR,1991,0.4507823916568892,0.09317476211117635,0.4157991586722147,0.8801716958691643,0.39840139980596184
V4,FR,1992,0.45873726006932997,0.09501452694906991,0.41495848437538035,0.8603717897257489,0.39695766866969173
V4,FR,1993,0.4568453308037422,0.09245989655851497,0.4185119522405539,0.8543215617551263,0.3958460560686088
V4,FR,1994,0.4683115157199866,0.09435518122959682,0.4137087947513472,0.8382168691889963,0.39853426835013545
V4,FR,1995,0.4756143812680616,0.09539432829050808,0.41367985671867147,0.8190838408762334,0.3978077959476273
V4,FR,1996,0.4795278778313261,0.09348932700701428,0.41287093180860257,0.8115189219089745,0.4018974428990967
V4,FR,1997,0.4934108728031528,0.09651382559962675,0.4079586372527179,0.7919366130967368,0.4024667743041774
V4,FR,1998,0.5083895710012635,0.1003712276806934,0.40277875141118336,0.771952758939434,0.40387523754350296
V4,FR,1999,0.5051082302389875,0.098011027357292,0.4033410007752059,0.7779088057117922,0.408633273858397
V4,FR,2000,0.5117127169193935,0.09976675039722085,0.399728549167451,0.7733348338305241,0.41168614138728643
V4,FR,2001,0.5093092191489801,0.0979301465177487,0.4011703329343317,0.774598030470263,0.4123281265692096
V4,FR,2002,0.5004316042623487,0.09394724005986783,0.40642753009203203,0.7796935399049594,0.4113959320658461
V4,FR,2003,0.4974030109676646,0.09098224540406884,0.4060376153749626,0.7880894235215711,0.4137426193863383
V4,FR,2004,0.5033180389619538,0.09124672213574009,0.40144701453672943,0.7877672379421404,0.4158499881313154
V4,FR,2005,0.5000263979808165,0.08872937826083334,0.4006314110203641,0.7980424817980519,0.41852446241055
V4,FR,2006,0.4978459940320868,0.08685943033897882,0.400735991096958,0.8029776393966092,0.4192941857255838
V4,FR,2007,0.5036162787436715,0.08815282561251833,0.39546774375966526,0.8049149320116773,0.4200583125807217
V4,FR,2008,0.4932612615121474,0.08505464601840461,0.399352324840146,0.8183546431031742,0.41814897486245434
V4,FR,2009,0.4611081829620934,0.07379830422157929,0.4125941160202427,0.8613062520156171,0.42007166464838724
V4,FR,2010,0.4634169610048279,0.07361926492704493,0.41023042860278053,0.8624238353206223,0.42188549404257913
V4,FR,2011,0.4629315983682535,0.07253731719495043,0.4090716548806126,0.867420049730389,0.42458478097067015
V4,FR,2012,0.45214616506172767,0.06880109393615674,0.4146252407240641,0.8800330014751585,0.42501586179608797
V4,FR,2013,0.4512971232147247,0.0681276499195049,0.4158838558826322,0.8784211907716282,0.4244932530467819
V4,FR,2014,0.4537574773548963,0.06768583159071084,0.41626869598494765,0.8701702789005282,0.42545764111891626
V4,FR,2015,0.46425825626958517,0.0698959611137904,0.41229692362175174,0.8535999526138347,0.426387337417757
V4,FR,2016,0.4602272727272728,0.06733922938168045,0.4140409162125356,0.8591541300417078,0.4290197110506297
V4,FR,2017,0.45599553873006404,0.06457207117102416,0.4161684227009727,0.8641765098941647,0.43230238920511493
V4,FR,2018,0.4537725644325175,0.0635242398405444,0.4162019715233154,0.87034127554755,0.4333874411174029
V4,FR,2019,0.4647295121542444,0.06714808752685196,0.4075802638708826,0.8671821960877446,0.4333780274843687
V4,FR,2020,0.42704919162823607,0.056810440845143945,0.41687643687241754,0.9485952103265205,0.43480276131233886
V4,FR,2021,0.4344013541236502,0.05765910562561018,0.41392831184510626,0.935219619190282,0.43592472360945234
V4,FR,2022,0.43096833199121987,0.05669668646631005,0.41774756786872874,0.9332854174113439,0.4330108910952865
V4,FR,2023,0.45399010639399046,0.06346310502326558,0.40779320569775773,0.8966554727241063,0.43280272805276093
V4,FR,2024,0.45400428987043934,0.06378962185979586,0.41021625741500656,0.8888546010416435,0.43154995666304163
V4,FR,2025,0.4459250516665806,0.061963381343760796,0.41393023159415654,0.9003484038300973,0.4312138727571149
V4,HR,1995,0.22581883807549052,0.07936515020003616,0.4356341493203985,2.063563240451556,0.36836712751559
V4,HR,1996,0.24260878976003772,0.08627420362273577,0.43191190361001686,1.9096689474047968,0.37042177845437446
V4,HR,1997,0.25075911939086604,0.08900987490719824,0.436952184382525,1.8084210526315792,0.36961786600496277
V4,HR,1998,0.23961472280552576,0.08004374494793397,0.4581812276713219,1.8030269568041577,0.3694453135475797
V4,HR,1999,0.22223515715948777,0.0687883712020413,0.47542291091391653,1.8850365941931853,0.3708982227109866
V4,HR,2000,0.21848952504739275,0.06573198260891425,0.4820397752334925,1.8886012184441507,0.3707177848064293
V4,HR,2001,0.22043902017219866,0.0683393207470254,0.46808548689975854,1.9448925452323471,0.37098751091493165
V4,HR,2002,0.2211167833410483,0.06721949494215596,0.46667478014244435,1.9452869524726695,0.36981965245226933
V4,HR,2003,0.22178049643597392,0.06704602426551691,0.46513079609074764,1.9465745274369433,0.37070467141726055
V4,HR,2004,0.2219012561994911,0.06827826477860192,0.455007425698284,2.0010064952493427,0.3751858176591275
V4,HR,2005,0.23224533802633043,0.07910821421826088,0.4324311550822358,2.0114019471926396,0.37316738981502623
V4,HR,2006,0.22462865384259448,0.07651826002930634,0.4298403795908485,2.108391545213737,0.3737429579318696
V4,HR,2007,0.22193337859163473,0.07511694615719375,0.42811052799138777,2.1487414788485073,0.37399876180009306
V4,HR,2008,0.21680895800164132,0.07282199983497767,0.43098704091993245,2.19350303700277,0.37036793231168924
V4,HR,2009,0.1879358277017746,0.0587472748414969,0.44941668061654155,2.480218004352361,0.3729225434356864
V4,HR,2010,0.18721067952929155,0.05881356852383747,0.4351277357481897,2.582180174634288,0.38294577917453493
V4,HR,2011,0.19004332116225037,0.06267597308747841,0.42215429318984665,2.618445625166742,0.38193369255747195
V4,HR,2012,0.17676779608266888,0.05721657457879856,0.4272192027478141,2.8130814059915394,0.3828293658616329
V4,HR,2013,0.16726225179189952,0.05658670629870971,0.4267416673663001,3.00056082612711,0.3755687904787176
V4,HR,2014,0.1564227782603557,0.052689473943303755,0.43079701116546115,3.2080783186611,0.3784535828613642
V4,HR,2015,0.15314300641152376,0.05364450205824864,0.42920019072451976,3.298033736900193,0.3796638104692967
V4,HR,2016,0.1499288066583846,0.05414345894561285,0.430869172625258,3.365138012781857,0.3731810227583934
V4,HR,2017,0.14510252746458682,0.053425143579422095,0.43440113150060117,3.4635245516852877,0.369924574219934
V4,HR,2018,0.1377105811024097,0.04994866948670951,0.4488492079487284,3.5533907625688843,0.36395570859716686
V4,HR,2019,0.1366233972146629,0.04980752339036948,0.4460138391236514,3.6088272215617643,0.364857185701996
V4,HR,2020,0.109638708215178,0.03437995490975625,0.487320654501314,4.188759115542095,0.363525525211352
V4,HR,2021,0.12797415223532949,0.04759897954448997,0.45506917320292567,3.80306277984186,0.3536897491308842
V4,HR,2022,0.14204075456471305,0.057241772959134636,0.44039999028506693,3.499314434844815,0.34406487595695984
V4,HR,2023,0.15276390678561813,0.06388276238537301,0.4269767424659865,3.324061507283466,0.34451846952592086
V4,HU,1995,0.14462453435172845,0.057284525070143866,0.4658338073588722,3.227634904817098,0.31798371947401377
V4,HU,1996,0.14546681305606834,0.056757964492416275,0.4506654883482757,3.325690782274016,0.3311063438553478
V4,HU,1997,0.15584689918482078,0.06234496317022009,0.43625165261646504,3.1810699003454506,0.33409102005609415
V4,HU,1998,0.16454915914176083,0.06595261645464891,0.42548220999291664,3.065983762872555,0.34549702455787445
V4,HU,1999,0.1565111656853068,0.06226196733707731,0.42442497619016556,3.253108324961839,0.3446728576608517
V4,HU,2000,0.15471185935565274,0.05945743367247696,0.4377301182266879,3.1965735745546264,0.34564077294005846
V4,HU,2001,0.1722962503873566,0.06678334291170505,0.4226727733185786,2.9281095297406794,0.3558193097811954
V4,HU,2002,0.1947482457397472,0.07871941607724035,0.4071448919381411,2.637067936834262,0.3544771169577714
V4,HU,2003,0.19465250006551119,0.07487249350548128,0.4184058709962018,2.569452639981361,0.36133782617820576
V4,HU,2004,0.20440855828776988,0.07872511216602851,0.41376455758123093,2.4541948240091265,0.364998700661219
V4,HU,2005,0.20970086736433097,0.07970336465589085,0.41313216182469764,2.385463025460281,0.36941635537367057
V4,HU,2006,0.21492551761995204,0.08210307570872223,0.4012032573150138,2.3848630474958696,0.37630725104460966
V4,HU,2007,0.21013403005445017,0.07773953850217062,0.40285702717833666,2.438867241218034,0.38244459092737965
V4,HU,2008,0.2102521142824385,0.07614438066372989,0.3953948111859292,2.4802252075592097,0.3935413357367596
V4,HU,2009,0.18848810192768298,0.06500560821494805,0.4028311103324952,2.7653735856679975,0.3984094921358485
V4,HU,2010,0.19513263506928066,0.06861448913586271,0.3906241318988235,2.732256199650132,0.40328108011395697
V4,HU,2011,0.19532179670807012,0.07025736283599786,0.39297686929084213,2.714833630816427,0.39636967691604125
V4,HU,2012,0.1824334819720326,0.06291395076369567,0.41495699821249865,2.7919269326505303,0.3896144223036368
V4,HU,2013,0.19304081805280127,0.0692485504422304,0.3969541403461898,2.7269751184329705,0.3969898554247497
V4,HU,2014,0.20762149253562984,0.07980727392680126,0.38539794197688204,2.5748064690266963,0.38897748954990125
V4,HU,2015,0.21533566855593078,0.0853846772601297,0.37998754340834334,2.4992960455555355,0.38517772042774
V4,HU,2016,0.21540645914999335,0.08420710199547407,0.3855083956745525,2.4671990242898616,0.3862353742610968
V4,HU,2017,0.2189072548038831,0.0863567268549921,0.38653007323222216,2.4158892769961637,0.38214711940361246
V4,HU,2018,0.22266126321579172,0.08975374278929055,0.38017280243616136,2.403549829026386,0.3782867853926059
V4,HU,2019,0.22185445483593408,0.08897393847383431,0.37831606184431316,2.423899195070112,0.3810741275695752
V4,HU,2020,0.19811328319893232,0.07807714845813166,0.39199845918443776,2.676960527301325,0.37213359749367586
V4,HU,2021,0.2010982047129705,0.08141705157473114,0.38053206692694663,2.6998929122876922,0.3693485324955909
V4,HU,2022,0.1899175504450309,0.07444211527984425,0.38086921516989675,2.8791285226868917,0.3765974970663052
V4,HU,2023,0.18343172568289667,0.07244838517557854,0.3884145873551578,2.9457164653183927,0.36898141471129614
V4,IE,1995,0.4486500680500945,0.18733208102756765,0.3715108647044964,1.0293339808719653,0.332336674732112
V4,IE,1996,0.45237042948368567,0.18470224883522665,0.37328807134604647,1.0121073652417363,0.33381341076351617
V4,IE,1997,0.4950413055666258,0.19905800712847205,0.35666193224213333,0.9429024889964135,0.3369172117556435
V4,IE,1998,0.5292650876981378,0.20743126745880056,0.34698912570137824,0.8868176933704691,0.3246348974054087
V4,IE,1999,0.5242827722701662,0.20021817925087998,0.34686992846225073,0.8988892421274466,0.3222654713628904
V4,IE,2000,0.5445725804173117,0.20471799605645846,0.3357425604911306,0.8840350474814227,0.32609551251929114
V4,IE,2001,0.5443593655170735,0.20066369522348076,0.3372400196620454,0.880264486223355,0.3197028241937272
V4,IE,2002,0.5742369655029281,0.20359442410132872,0.32417919504773934,0.8527231040934582,0.32322254490695923
V4,IE,2003,0.5752538513372213,0.18623952247069053,0.3326588483918386,0.8274223054446391,0.32281364718018885
V4,IE,2004,0.5633944281260047,0.16704137161220808,0.3372890806414872,0.8389932648599766,0.3318718988714291
V4,IE,2005,0.5487314784179272,0.1522187124665483,0.3468913926841721,0.8433239184527709,0.3356081251634298
V4,IE,2006,0.5309723371891257,0.14041010904311607,0.3574860276811618,0.8525844926028031,0.3331910220330839
V4,IE,2007,0.5417542521894008,0.14732963132190513,0.35551280220036874,0.8341173579599883,0.341745465119777
V4,IE,2008,0.4958945330725335,0.13985678845286423,0.3744048570737291,0.887143922361527,0.3531812281992554
V4,IE,2009,0.46935019243937554,0.14057323753413295,0.3788437605710496,0.9445950052694121,0.34818298636500494
V4,IE,2010,0.5245695924969063,0.15797629648967335,0.3404577068797974,0.916844093594069,0.37318758381841516
V4,IE,2011,0.5972374047339586,0.1678452024970445,0.304175711819024,0.8608958035709627,0.428606426107602
V4,IE,2012,0.5785386848004436,0.16224029893515576,0.30216667231364597,0.9040332690559773,0.43167756932957635
V4,IE,2013,0.5845426746807798,0.1526838139306733,0.2969062205884964,0.9059037877577115,0.4292666208796836
V4,IE,2014,0.61675536639382,0.16057188939912084,0.28199795661170957,0.8821622315459737,0.42901397431959526
V4,IE,2015,0.34687583553536455,0.14584744024994487,0.23933682648857454,1.9535607339235705,0.4268027308340208
V4,IE,2016,0.30536650209222765,0.12410036912519022,0.26339522390954423,2.148803792824728,0.4276448480834736
V4,IE,2017,0.3265552679193583,0.1347566073204769,0.2547143487266032,2.027550629027308,0.42496387576510325
V4,IE,2018,0.3538669027105227,0.14735320187933368,0.24777254163557752,1.877963017702038,0.419246569907154
V4,IE,2019,0.3298643317691178,0.14533231403720573,0.2447224873017092,2.0449385640996676,0.4210501055864849
V4,IE,2020,0.3131373136875585,0.1395233353657183,0.24133047220499365,2.18147094631899,0.4257184057001216
V4,IE,2021,0.40349570937384643,0.18118845732721747,0.2178781028211997,1.7204867397505201,0.4222590027807125
V4,IE,2022,0.48304019857266217,0.2139563717813858,0.20197243664004444,1.450121044850836,0.4107656391680263
V4,IE,2023,0.4574786182199235,0.18452138859409556,0.2258481767300276,1.4663660436465291,0.41353373964576745
V4,IE,2024,0.5170936095926127,0.19996300914474627,0.2263337924346554,1.2698483169804466,0.4074042147470433
V4,IS,1995,0.31969894340715016,0.09132230314545071,0.4568969756577329,1.2418982050651584,0.30733962053155406
V4,IS,1996,0.3059523649239965,0.08522705907421561,0.4745045440880606,1.2430682422588628,0.3078194575630819
V4,IS,1997,0.31262126562142223,0.09068707999501376,0.463230425426254,1.253765932792584,0.30739720941744264
V4,IS,1998,0.3064617952641323,0.08628522396466683,0.47138295712519146,1.2535206068548008,0.3241598306430273
V4,IS,1999,0.2817565547766216,0.07252246982901486,0.5023673274746235,1.2638122487907906,0.32712092524579695
V4,IS,2000,0.2892077792914392,0.07530430125176014,0.49902277300826664,1.2332170312567865,0.33250062936927516
V4,IS,2001,0.3139667309330584,0.08836781950560797,0.4735829198616749,1.2030822432716886,0.336423199275286
V4,IS,2002,0.3156336786789284,0.08557590383656574,0.4727704551452103,1.1976138557479967,0.33999689766161245
V4,IS,2003,0.29922326517197984,0.07385369972058613,0.48662550025442497,1.2290649539972218,0.34887658024032536
V4,IS,2004,0.3078224826485958,0.0766680855391778,0.48060328561724824,1.2067221816901057,0.3540113280919774
V4,IS,2005,0.2912643228472011,0.07050393617779926,0.49225507114587747,1.2509894288696233,0.35655239484561146
V4,IS,2006,0.2621262440761452,0.06407003668643887,0.5045043229408089,1.3857897176484815,0.352047419371538
V4,IS,2007,0.2840675194539118,0.06857252583860307,0.4794330812920312,1.3531133488971743,0.3771981441665723
V4,IS,2008,0.27556924829452045,0.0805601750547046,0.46081758776151155,1.4957955524036273,0.34968009436322695
V4,IS,2009,0.28042637433863377,0.09373590875154314,0.41437146892655363,1.6739789312617697,0.3389818574412655
V4,IS,2010,0.2929705805779746,0.0958375804160749,0.41196143495414517,1.5951976589240453,0.34124381123482844
V4,IS,2011,0.2920460005366313,0.09100985379480014,0.42187113987845254,1.557710361183853,0.35003615879419936
V4,IS,2012,0.28939082494682944,0.08977208456258887,0.43074172324736176,1.5363499316357176,0.344227587311189
V4,IS,2013,0.28684932462278867,0.0879519610047833,0.4465849583422105,1.482703327016449,0.3388448959941564
V4,IS,2014,0.3084721255870587,0.09775841670591212,0.4397871647301552,1.3763018391099613,0.3376055667895801
V4,IS,2015,0.3197045041598928,0.1050459800281155,0.4406314574217999,1.3090109007554402,0.334192928565108
V4,IS,2016,0.32042105955149436,0.10146198570067577,0.45290643020498644,1.2545143322155656,0.33418588342065103
V4,IS,2017,0.3051122512614093,0.08976599867214062,0.47693877674986496,1.2373851190873915,0.33601968677062544
V4,IS,2018,0.2938959253194032,0.08440526197121186,0.49483654502805907,1.22401496481487,0.3271698143677279
V4,IS,2019,0.30117973629424016,0.08937097543073771,0.4831220075547963,1.2330558429372276,0.3250873890830869
V4,IS,2020,0.27623638812580387,0.07832504289372218,0.4882135656783543,1.3644983011180194,0.3270662080491265
V4,IS,2021,0.29821860186081023,0.08673059885240941,0.4763145875833511,1.2797308406662002,0.3277063904765998
V4,IS,2022,0.32077336982361737,0.09880561621322198,0.4668481665301402,1.1952344239387078,0.32144332929451397
V4,IS,2023,0.299932846244762,0.08959159809752006,0.48328505187557264,1.2394837431858357,0.32030589000976245
V4,IS,2024,0.2862704153926467,0.0821117509875779,0.48968585621795535,1.2929438405395703,0.3243555566425357
V4,IS,2025,0.2895957499349275,0.08418276519840512,0.4851220023494698,1.2927977280548055,0.32393698530465553
V4,IT,1995,0.3965153157622606,0.14366924480750848,0.3449835767016813,1.306948636910587,0.32519251810676464
V4,IT,1996,0.4028246889950798,0.14578842616460477,0.34619549806541206,1.27685423000767,0.32575586413564017
V4,IT,1997,0.3991573983920274,0.14372774178070966,0.35086186697093485,1.2754092121674312,0.322808036001662
V4,IT,1998,0.40793706952730346,0.14898740101077207,0.3389574434714323,1.281494841716942,0.32014450475733297
V4,IT,1999,0.40834771068723164,0.1479164403816914,0.3399804932607783,1.2763368986708121,0.3227352989534273
V4,IT,2000,0.41369298959940803,0.1503852392440827,0.3328854792001381,1.279698097441685,0.32587329503503
V4,IT,2001,0.4157285374933402,0.15161881545479955,0.3311790264445163,1.2776135226265177,0.3278116716000982
V4,IT,2002,0.4050487042854113,0.14567944600547506,0.3345602315576772,1.308303358430333,0.3308564811274983
V4,IT,2003,0.4023067636459434,0.1438967762039265,0.33485054433858324,1.3184884391610636,0.33441681652361127
V4,IT,2004,0.3979023013693295,0.14128761503264128,0.33389399345790505,1.3401501230243995,0.3366697467821198
V4,IT,2005,0.38583105035805115,0.13404963788565824,0.33959087703905333,1.3720627660466627,0.3383711367091962
V4,IT,2006,0.3771463999553096,0.12969375763769583,0.3436970007303598,1.3964839988692905,0.3389876022903513
V4,IT,2007,0.37553821238669793,0.12839082781269226,0.3428499000854098,1.407038868192349,0.33882453770825594
V4,IT,2008,0.36057059991593926,0.120884964901616,0.3494463051783798,1.4547875812596311,0.3412452403224864
V4,IT,2009,0.3327007277071555,0.10600207551988536,0.36264954413009975,1.5530374465845664,0.34634037643179905
V4,IT,2010,0.3308155368086132,0.10438453444465978,0.36057918431005964,1.5722829232513051,0.34973458969106436
V4,IT,2011,0.32863146796456183,0.10291174217163244,0.35769481111707585,1.5967899278556006,0.35255009034503676
V4,IT,2012,0.3168503379851074,0.09732680815236397,0.3629574472381082,1.6475897303755516,0.35128556870798866
V4,IT,2013,0.3199431321993049,0.09720678327810345,0.3620613833632515,1.6318511355632432,0.35172992607951437
V4,IT,2014,0.325202787178154,0.09859401502373832,0.3608038244645752,1.6047272248903541,0.35178434875480763
V4,IT,2015,0.33068128434213695,0.10018390147320405,0.3613297872751436,1.57004716983157,0.35184257997388324
V4,IT,2016,0.34314130588371305,0.10386958681237429,0.3586257986881514,1.510499807336101,0.35334365066778306
V4,IT,2017,0.3502917567497299,0.10595455193876956,0.3583012937508299,1.4735965282342858,0.3537662422878608
V4,IT,2018,0.35098705761658333,0.1049896200553322,0.3613199953421406,1.4583482539514003,0.35486144824191107
V4,IT,2019,0.35121949419923476,0.10505370547771857,0.36442816001045536,1.4451861993479875,0.35462088960004273
V4,IT,2020,0.3220022537168867,0.09183234155308678,0.3739271989600956,1.5703846616344113,0.35832257067218604
V4,IT,2021,0.34238046556066964,0.10017936929784825,0.3686446368299955,1.4753722586319586,0.35297470701847117
V4,IT,2022,0.3522656482298971,0.10454948149346188,0.35927546377072317,1.459592028557466,0.34908495751964497
V4,IT,2023,0.3808408920932725,0.11479043831985009,0.34732374293042706,1.3664529827834828,0.3500173421815918
V4,LT,1995,0.19066927709166484,0.08605641298563066,0.4182214546587016,2.633022847597747,0.2286564670252206
V4,LT,1996,0.23647048362716325,0.10596755611713986,0.3892820609173086,2.193357132418948,0.2567955360701475
V4,LT,1997,0.2587811743143286,0.1154075092454272,0.3878480071846645,1.9776717970951665,0.27460179554011005
V4,LT,1998,0.2687964581430654,0.11572222604937511,0.396283315673649,1.8497160866139593,0.30038132239729476
V4,LT,1999,0.2516282290159699,0.1048522518096251,0.4065188528943176,1.9520446096654274,0.3066663647479733
V4,LT,2000,0.28265140061821714,0.12596891989304904,0.3664814115361787,1.8748610586521341,0.3041411388644141
V4,LT,2001,0.30298414488312136,0.1380288296346392,0.3488160736448123,1.8004182587536282,0.30976736990698667
V4,LT,2002,0.3230991165807078,0.14436384400101399,0.3361399643269331,1.718523764557759,0.33706373292867986
V4,LT,2003,0.33838621074001834,0.15170558495229078,0.333464017438487,1.6362852259005438,0.33994505750337567
V4,LT,2004,0.3376248105634875,0.15007141980826189,0.34235633929138926,1.6054971363196588,0.33682626538987687
V4,LT,2005,0.3493634758127266,0.15426732400476004,0.34079001876355486,1.5460986426883059,0.34342723004694836
V4,LT,2006,0.336590468983017,0.14356212568054266,0.35704415485023056,1.5531580178150044,0.3463263697663784
V4,LT,2007,0.34578494400663623,0.14810119155792587,0.35292405526621,1.5184007549932308,0.35073300935428653
V4,LT,2008,0.35200462756346657,0.15002669296014032,0.35959276660150086,1.4597220470454688,0.364455837994859
V4,LT,2009,0.29550090595932826,0.1195587599134823,0.373489757473543,1.7466737678886692,0.36816331297760874
V4,LT,2010,0.3192921811875224,0.13415770071178576,0.35134886780224994,1.6801795266146273,0.36680583277405404
V4,LT,2011,0.35343896371663563,0.15712550078262486,0.3314681520292325,1.5600376427499556,0.3636038089037194
V4,LT,2012,0.36440930406733785,0.16511566778798797,0.32601372623095326,1.523517189270873,0.3614318528681764
V4,LT,2013,0.36268204630438683,0.16416375127317817,0.32741051213442357,1.5270774469996071,0.3635728782489143
V4,LT,2014,0.35796923231359945,0.16140363274834418,0.3345654069610964,1.524350200780154,0.3622614405910117
V4,LT,2015,0.34241624545469657,0.15081190441284273,0.3497916988119117,1.5490910493610694,0.3629500951602396
V4,LT,2016,0.3299800991692416,0.1409150458530686,0.36747319730097755,1.549390287168155,0.3606741440933033
V4,LT,2017,0.34198451677349545,0.14744217984995142,0.3666152755080016,1.4854706916222133,0.35939806683117637
V4,LT,2018,0.3456923572481632,0.1501655262423407,0.3712085361456644,1.447725121687399,0.3534488256968055
V4,LT,2019,0.3358202391063289,0.1421660759051923,0.38651384677795364,1.4403151580927194,0.35203977990337654
V4,LT,2020,0.30984543165574857,0.12608683242996396,0.4046406382635233,1.5168314923888537,0.34776732687811895
V4,LT,2021,0.3041347926117837,0.12210759877740507,0.40531491750925214,1.550019023023623,0.348215907953235
V4,LT,2022,0.3276327493760965,0.13439871487355515,0.3904823377762625,1.4698862101922416,0.3509617527394513
V4,LT,2023,0.3203450919668965,0.12857431691688695,0.40742221310706106,1.4423885121160187,0.3461365734735831
V4,LU,1995,0.4703929068150209,0.15363836500584674,0.3447980821232252,1.0480841411931843,0.44416395575797
V4,LU,1996,0.47354685912797506,0.1551052939084489,0.34249201277955277,1.0459830125457805,0.44702640816275174
V4,LU,1997,0.48777418678310797,0.1645337474644247,0.32813356443417335,1.0492792912907576,0.4578718717493728
V4,LU,1998,0.47935995422405697,0.1568270869572857,0.32879799128699266,1.071406599852637,0.46702149864328957
V4,LU,1999,0.5098799503242724,0.17633314378575918,0.31135656290185304,1.039242605902853,0.4754194446479596
V4,LU,2000,0.5188013488785049,0.18071964366534016,0.30712790594103506,1.0283969448650578,0.4822635135135135
V4,LU,2001,0.4809268930998042,0.1587216807883923,0.3230480077327892,1.084550531629256,0.4831120848906646
V4,LU,2002,0.47049257932908617,0.1491575646900734,0.3283916228205922,1.0990663365315172,0.48905261806157496
V4,LU,2003,0.47555563315117755,0.15341384893090418,0.32881579790353516,1.0825526210740561,0.4816457810545614
V4,LU,2004,0.4842084087708709,0.1561115915694143,0.3227818033384224,1.0758271104981807,0.4872399821220536
V4,LU,2005,0.4884190473841904,0.1592268128223753,0.31974532684200135,1.0730231919150288,0.49030249110320284
V4,LU,2006,0.550573289237897,0.1925685172781193,0.2986013155354941,0.9753411334986412,0.49223281972945854
V4,LU,2007,0.5802677142919764,0.20253686004777902,0.2877851455318233,0.9396049658363369,0.5038838328212857
V4,LU,2008,0.5792872982943804,0.19891649682292295,0.2878903035746813,0.9413955767165193,0.5063040937562274
V4,LU,2009,0.5298308192017217,0.1694060731542984,0.3080056216328762,0.9980610571792933,0.5022737189630789
V4,LU,2010,0.5709999305553893,0.19309528616481364,0.29041694317062505,0.952285584199547,0.5055102630232217
V4,LU,2011,0.5413370521940015,0.17734633727398708,0.30045226463382685,0.9918068418340469,0.5055501598957717
V4,LU,2012,0.532031844669886,0.17629979141824606,0.29622028484730106,1.0265947349742637,0.5084344169866191
V4,LU,2013,0.5375505767375615,0.17912257738400955,0.29096051813282736,1.0280585891861367,0.5134181313397245
V4,LU,2014,0.5378543739199477,0.17933970629985388,0.2874203329001918,1.0374358022399603,0.5169810535948256
V4,LU,2015,0.552624361934588,0.1905623936442315,0.2788635812659455,1.0260669799014115,0.5180001676104733
V4,LU,2016,0.55637426680124,0.1894590637410245,0.27665494824736114,1.023450205629297,0.522279713016215
V4,LU,2017,0.5400096402865943,0.17679478229269274,0.28545545744653256,1.037751554513928,0.5244818209648664
V4,LU,2018,0.5262071544782161,0.16226459516852765,0.2956536249363685,1.042880769872568,0.5287076506596093
V4,LU,2019,0.5153294912799469,0.15296030737186092,0.3018800826508777,1.0528258465890166,0.528819928480514
V4,LU,2020,0.5160596137528032,0.15218787868727285,0.3000077127380813,1.056409779751887,0.5293144853520655
V4,LU,2021,0.5598576525995116,0.17358872155203348,0.2850449856410345,0.9919850076783588,0.5297906141317571
V4,LU,2022,0.4963944027394907,0.14212187088274045,0.29793591905564926,1.1163912310286679,0.5316851287842039
V4,LU,2023,0.49194968179057164,0.13523771354019984,0.30068951467569305,1.1208186419695043,0.5358503528068524
V4,LV,1995,0.17023774581743467,0.08397778334908299,0.5036950602878257,2.41166861143524,0.2382801011705194
V4,LV,1996,0.17651320717645172,0.07998956618725094,0.5180068405874858,2.2126282610153587,0.26188542214152605
V4,LV,1997,0.20553410142661097,0.09709963151375398,0.4798061389337641,2.0511308562197086,0.2778408169881666
V4,LV,1998,0.21995299855455808,0.10404992809730594,0.460493946264049,1.9923303265640826,0.286882796743109
V4,LV,1999,0.24411119239209952,0.10779602015898583,0.42896256684491973,1.910288770053476,0.3349031573361635
V4,LV,2000,0.28733535806894145,0.1295757304377029,0.38402039949001276,1.7597450063748408,0.36678346180798876
V4,LV,2001,0.3147854221354007,0.14828174116894882,0.37009268732153494,1.6309761944754082,0.35639173615168085
V4,LV,2002,0.34446834251915576,0.16445684565789404,0.349949264332826,1.537163876204972,0.36155606407322655
V4,LV,2003,0.3519925322728755,0.16529177650281693,0.3580750972277968,1.4656138845445865,0.35760043700650546
V4,LV,2004,0.3657177317057956,0.16976491396145774,0.35331609202446457,1.4149435571843554,0.35554114780120283
V4,LV,2005,0.3572005463507334,0.15545131904913526,0.36893183511168465,1.39777365102347,0.3638814016172507
V4,LV,2006,0.3429619655733783,0.13208650080626586,0.37674141017989593,1.4405405405405405,0.3812850922023551
V4,LV,2007,0.347803615703226,0.1219559289013466,0.38496788419135275,1.383363691560413,0.3991680880988718
V4,LV,2008,0.30378946851722316,0.09853535362995902,0.4180003644036417,1.4977988844546581,0.3949275978832378
V4,LV,2009,0.2677671308957207,0.08325466820379351,0.40811648705138265,1.802324768261319,0.40341651238599324
V4,LV,2010,0.2634212920837124,0.0899704859169935,0.3875124883512018,1.9376128149373277,0.3963564553253819
V4,LV,2011,0.2745315771976545,0.09673248918801548,0.3757783094223171,1.8979917863516276,0.39714707206080907
V4,LV,2012,0.27911689813391066,0.10188450288425839,0.3717701130330655,1.8790068595081364,0.3911604339299681
V4,LV,2013,0.26853529432661916,0.09433899596891204,0.3897265112523968,1.882874154808759,0.3881036886804411
V4,LV,2014,0.26666685805825585,0.0896976315793909,0.3975301114952295,1.8617303488847228,0.3928978257639542
V4,LV,2015,0.2650907039874189,0.08772146243557,0.40945413130806707,1.8182583452484855,0.3927591176551585
V4,LV,2016,0.26834827365072145,0.08404131555520454,0.41998391877782715,1.7414463499225936,0.39443334112008027
V4,LV,2017,0.2755712797150265,0.08469303667078697,0.4254179625658242,1.6596398055309165,0.3922347072175036
V4,LV,2018,0.2706922579253827,0.08085595267874664,0.4464029056946427,1.5987131923725517,0.37991999711701313
V4,LV,2019,0.2685298577093539,0.07692776938409267,0.4571070665389433,1.5646157247070962,0.3769142688781899
V4,LV,2020,0.25161796290425226,0.06569929612761227,0.46794493757340233,1.6465903534902948,0.3817255502647265
V4,LV,2021,0.27168861219034873,0.08115040370211882,0.44789691529561193,1.584220221500601,0.37332930033839345
V4,LV,2022,0.2796141288096954,0.0842749270335558,0.44437000526391346,1.542761321401796,0.3765065296941619
V4,LV,2023,0.27658118614328325,0.08273343325803792,0.44011779034046505,1.5841782851326052,0.38449297099422935
V4,MT,2000,0.28404564462399884,0.1299159938799665,0.3866544230180594,1.7726660544842363,0.3410193541655798
V4,MT,2001,0.27047490737622093,0.11951859794424315,0.40342327350528945,1.8022405800546772,0.34485088311939005
V4,MT,2002,0.2834219597573684,0.12812221538348476,0.3971867007672635,1.7297243535095197,0.34204208445134865
V4,MT,2003,0.30229173750425026,0.13549478222891284,0.38427016095520405,1.6526027093664293,0.35531697341513296
V4,MT,2004,0.3015615520561315,0.13119612068965517,0.3742987713105109,1.7005719289604027,0.37637350111703816
V4,MT,2005,0.3041350124917147,0.1348366393891696,0.37164226271989886,1.6944064047192666,0.37187875550807853
V4,MT,2006,0.2987508674531575,0.13007573348985463,0.37458671475804034,1.7188407975152789,0.3760430574098798
V4,MT,2007,0.30841529809782003,0.13636120921788353,0.3613926840017629,1.7092157454014056,0.38260352684763227
V4,MT,2008,0.3271789126711407,0.14685865018872876,0.3565451348431244,1.6101307120310147,0.37779585197234644
V4,MT,2009,0.32029157988693835,0.13699308315770115,0.3583941761212457,1.644798739862492,0.3901626281285088
V4,MT,2010,0.35183519160593163,0.15707004474968567,0.33323116415394344,1.5618857876285894,0.3994476091834973
V4,MT,2011,0.3304912511613503,0.14081411002646935,0.3507671248502822,1.6136808684575752,0.4038194332245452
V4,MT,2012,0.34637758293883114,0.14860346368505592,0.34346848839884603,1.551952993646355,0.4069852716494531
V4,MT,2013,0.370817402827646,0.16409384029776014,0.33391234418978694,1.462356252513068,0.40637062877076596
V4,MT,2014,0.40155338139375213,0.18213236363636362,0.3197493530284086,1.374298508330668,0.41317572976146005
V4,MT,2015,0.44591686847433415,0.20817919711360358,0.2985661828991082,1.2744485799215644,0.4210743001065583
V4,MT,2016,0.4499011557177615,0.1856384554263657,0.3021053252344165,1.249112460930589,0.4345820180569965
V4,MT,2017,0.505096941834899,0.21524441126092492,0.281803509982846,1.1400948040479504,0.43924459705110075
V4,MT,2018,0.5077891033130548,0.20938022758720393,0.29427190264660863,1.095533614543283,0.441537971096628
V4,MT,2019,0.5115679597746873,0.20826216656565577,0.29933834874861615,1.0702971764316165,0.4443149820370909
V4,MT,2020,0.4806907513209331,0.18445638538877762,0.3119108901323822,1.119548125829036,0.450160273781687
V4,MT,2021,0.5447718312102815,0.21412855203408074,0.28475604290537515,1.0281678568227317,0.4541523482245131
V4,MT,2022,0.5287732633796707,0.1856920805376592,0.2928412590986313,1.0445159597243132,0.45650529985516713
V4,MT,2023,0.5875050348121296,0.20765014947006066,0.27292957345296587,0.9646265043081963,0.4651665794522938
V4,MT,2024,0.5981182553551804,0.2146144168128822,0.2851929401506058,0.9099002599807303,0.45709220948223744
V4,NL,1995,0.35296971299954044,0.09505539330958014,0.37609332707408605,1.3914993301653933,0.4390972131934081
V4,NL,1996,0.3603352705231193,0.0954169806928816,0.37208517040948524,1.3704998079606168,0.4432058833658625
V4,NL,1997,0.38142395517027416,0.10174572359261685,0.36077331528906803,1.3151221706815766,0.4507859935675619
V4,NL,1998,0.3912259148387322,0.10370719877947282,0.36107074554176416,1.2720758079568957,0.4509005167985396
V4,NL,1999,0.3917346737630593,0.09971422197197463,0.3648703066872915,1.2564559017168864,0.4554391688846913
V4,NL,2000,0.39836616921712587,0.09882428564759453,0.3639421150278293,1.2327243042671614,0.45941524799710753
V4,NL,2001,0.4011308730828499,0.0974168460465617,0.36295692731308477,1.2251608552724003,0.45993628602724146
V4,NL,2002,0.3971600294409942,0.09284409679317561,0.36651428262280894,1.2285246699848518,0.4605912702836123
V4,NL,2003,0.3945864142054299,0.08904551248406688,0.36951911259990283,1.2283080418643046,0.46037498885576844
V4,NL,2004,0.4040883363903245,0.09129758848313793,0.36421827409858387,1.2091548442170361,0.4604051565377532
V4,NL,2005,0.41972839653396976,0.09618928482976034,0.3543423616378862,1.1839324934679893,0.46244796191206833
V4,NL,2006,0.44215888018653127,0.10311085312436406,0.34181316723077243,1.146762234650926,0.4659256347542511
V4,NL,2007,0.45787982569609115,0.10605478762868215,0.33642711208914283,1.1128022504451454,0.47079367700999925
V4,NL,2008,0.45173222118357664,0.10274614926234482,0.34189817724701443,1.11494238424471,0.46983834078386527
V4,NL,2009,0.4055918709495041,0.08461654628983382,0.3664196397341728,1.1956934242742217,0.46332287397540983
V4,NL,2010,0.4106646313791823,0.08819029104008234,0.3593650780029862,1.2006302881562463,0.4629272202629048
V4,NL,2011,0.4129957560872657,0.0916025752646554,0.35899591891237764,1.1930880229675933,0.4621194359258113
V4,NL,2012,0.4063561554131752,0.091133824632924,0.361800949243073,1.208740169072259,0.4619087561753332
V4,NL,2013,0.4057317141549451,0.09249820647146617,0.3591682731122205,1.2202786977081377,0.4636584233171665
V4,NL,2014,0.41111600213145516,0.09711846566699228,0.3553419769431976,1.2127264507378823,0.46443878652929493
V4,NL,2015,0.42676262760436195,0.10517100177183188,0.34483626663336253,1.1903584551828572,0.46612023178667894
V4,NL,2016,0.4298897875455679,0.10573147023922917,0.3469302932016466,1.172225838715371,0.46649856118047406
V4,NL,2017,0.4426468794966222,0.1110761954802279,0.342059425393816,1.1443185546213004,0.4676115301936933
V4,NL,2018,0.4467566697825521,0.1101893576518641,0.34426791099392196,1.1234932515316194,0.4663958165728077
V4,NL,2019,0.4469816001188541,0.10906786931996812,0.3469801184899195,1.113974608363356,0.4631457632638108
V4,NL,2020,0.4016193139997056,0.08758442894437969,0.37455189524325444,1.182763908441436,0.45718504663696996
V4,NL,2021,0.4368826844155138,0.10083391206264546,0.3544694239601427,1.1231139160696515,0.4587528521775653
V4,NL,2022,0.46901291599340533,0.11538467969694487,0.3355017658995962,1.0812998006264463,0.46086694563613617
V4,NL,2023,0.46632039559636296,0.11391713009239061,0.34092579552521884,1.0724247906783102,0.45791073807402805
V4,NL,2024,0.46758758845944476,0.10962895338909442,0.347093627811662,1.049235933328874,0.45704425512809294
V4,NO,1975,0.1786774447495247,0.07142702717310523,0.5082151746880667,2.244145796229845,0.2947742039571141
V4,NO,1976,0.1702480446439842,0.06396599921630951,0.5199261749390285,2.299923098894821,0.3004127149310565
V4,NO,1977,0.15842219044134762,0.05726229244035058,0.5305929377261656,2.432420393715065,0.3009908394092353
V4,NO,1978,0.16209540045469564,0.05808475030500887,0.5245970479617907,2.408261939428666,0.3067575977595685
V4,NO,1979,0.17898410246608754,0.07060118172108361,0.4943301828226763,2.3308917794079296,0.30526630976288444
V4,NO,1980,0.20372037850195962,0.08740701381509029,0.45912720396955403,2.195849190673475,0.30667594196572684
V4,NO,1981,0.2074779406037543,0.08919750594813193,0.4518428692169184,2.1901591151287985,0.31145962048896675
V4,NO,1982,0.20078947643679965,0.08491789300687871,0.45317433709568916,2.270203763232339,0.31653409034577795
V4,NO,1983,0.20566136406314642,0.08887657761090169,0.44094989404496077,2.277354093199761,0.31983499592195247
V4,NO,1984,0.22108344249826045,0.09917899625416751,0.42143096840283295,2.1955403663081294,0.32277327762861374
V4,NO,1985,0.2203597856324711,0.09712547295927307,0.42366001308900525,2.191789921465969,0.3276041152733562
V4,NO,1986,0.17812656321027995,0.06553851887045727,0.4800269465954013,2.4390944019188345,0.332770817791269
V4,NO,1987,0.16545578933672464,0.05662439637808574,0.4976580178074386,2.5384520162163837,0.3330893779381378
V4,NO,1988,0.15611618266261426,0.050222755801803264,0.5015046420544856,2.6916003227448546,0.33990145537915983
V4,NO,1989,0.17425367705089387,0.06449073255741151,0.4676758665317996,2.5872044807720087,0.3386653281153523
V4,NO,1990,0.1910218434179367,0.07503648782976406,0.4502758045954205,2.4275322280798686,0.3398828383724468
V4,NO,1991,0.1968811006071786,0.07917482821876072,0.44168742062880867,2.394098125314215,0.3450563419731541
V4,NO,1992,0.19454131136281494,0.07826589842247152,0.4482021733234696,2.3882022017217905,0.3433396574966299
V4,NO,1993,0.20026555296328438,0.0841944069046118,0.4385539008457715,2.364954195512472,0.34121508333053896
V4,NO,1994,0.20171461649500144,0.084033521069184,0.4436159419215839,2.314657443250797,0.3382775898558328
V4,NO,1995,0.2077213565435057,0.08677378784088947,0.4384305097176385,2.26504447054875,0.3389200860692302
V4,NO,1996,0.22366878423993283,0.09684990429982279,0.4244890110561902,2.148561094703988,0.33933560415113334
V4,NO,1997,0.22728738261860132,0.09914099957019436,0.42496196990862756,2.1050422189130313,0.3382483517340928
V4,NO,1998,0.1967214522841179,0.07725037965308378,0.4679143029724467,2.2368527209059694,0.3363239580493738
V4,NO,1999,0.21094966211999902,0.085483923736186,0.45388947985965333,2.1349296471873047,0.338846023115867
V4,NO,2000,0.2805310288979645,0.1327744593028107,0.38324708064009666,1.8152723550984375,0.3424351008272024
V4,NO,2001,0.27276874273913304,0.12607769933192126,0.39322837242182596,1.8312626799069605,0.33963755199049317
V4,NO,2002,0.2571753775388558,0.11257029541953884,0.4166302161372366,1.8517431773250672,0.336015069137508
V4,NO,2003,0.26968305879272597,0.11967965919413609,0.4078190877730932,1.788021151053504,0.3350058538217093
V4,NO,2004,0.3027510371822249,0.13766899527680646,0.3798238889673398,1.6686450999576368,0.3380299021719067
V4,NO,2005,0.33743726389619755,0.15780925542979327,0.3545116038692979,1.5584021883942243,0.3365217382686882
V4,NO,2006,0.357772988058649,0.16798408030895565,0.34210325952023457,1.4967631793622833,0.33940987283190543
V4,NO,2007,0.3339614978512476,0.14928488711638185,0.3591702454998124,1.5597029139014085,0.3409607465200116
V4,NO,2008,0.35103779408379776,0.16134524474985973,0.3468511253020393,1.5137715361486095,0.34252207303994864
V4,NO,2009,0.2746007624195093,0.11444604867487046,0.3985490856431454,1.7917249291027215,0.34152995730281743
V4,NO,2010,0.29240192560809103,0.12420317244912521,0.3842379480954598,1.7216375540031539,0.3411961083622961
V4,NO,2011,0.3049701627814752,0.13125365072693987,0.37617483859518813,1.6693536672600244,0.3383260875861203
V4,NO,2012,0.30724743640672064,0.1317735272221986,0.3773749029559982,1.6490865846503557,0.3373563141971951
V4,NO,2013,0.2961678282325718,0.12537030881157404,0.38752481357231416,1.6804755836441156,0.33416437791776255
V4,NO,2014,0.27998279707746543,0.11515810754389431,0.39837041274490725,1.7504387052975645,0.33445928691563276
V4,NO,2015,0.2523547091396605,0.09751647843984851,0.42149716238014,1.8709222641965189,0.33510883523370866
V4,NO,2016,0.237199004408639,0.08638335340471591,0.43621994114846074,1.9406030993069567,0.33604809927954526
V4,NO,2017,0.2614527123834748,0.09783084641956079,0.4163086360296591,1.8161844165351815,0.33702662096868896
V4,NO,2018,0.27815178867784424,0.10637280356709215,0.403077213973506,1.7429553133162996,0.337217139934519
V4,NO,2019,0.25105365673939495,0.09115695286206058,0.42954299009729474,1.842708357728582,0.3342482722461808
V4,NO,2020,0.20874400457077166,0.06795035956782652,0.46510382238152503,2.097346671554104,0.33533377912556045
V4,NO,2021,0.3117249341617278,0.1243367318988558,0.370311826860116,1.649700383049252,0.33826474895380004
V4,NO,2022,0.4694569948248187,0.2126099077571675,0.2808599363463426,1.2509951037985163,0.3387481370326487
V4,PL,2000,0.38367091607274356,0.1989122200387033,0.3568409549607913,1.3194889884776797,0.34751106482686805
V4,PL,2001,0.3793577148505831,0.19279913036258364,0.3619158394364839,1.3200959810291604,0.3531913941441694
V4,PL,2002,0.3910432340917853,0.20059460530317613,0.34523992312633234,1.3291531357239919,0.3607498445227589
V4,PL,2003,0.3983083452156966,0.2055959718943464,0.3373985052107092,1.3261405663356607,0.3617040484959202
V4,PL,2004,0.4498627614007708,0.2402970817785483,0.3175429039993331,1.199491077376787,0.35758545500180405
V4,PL,2005,0.4521534078736327,0.24464720758107694,0.31906920368268077,1.186903734837391,0.35700141132021596
V4,PL,2006,0.46997119056509373,0.2594392924744698,0.3126018212167205,1.1500371502418307,0.366716873431451
V4,PL,2007,0.46061099969568686,0.25733639326779567,0.3159677177074657,1.1690864445779678,0.3627595941165839
V4,PL,2008,0.46155665396261036,0.2551585285331957,0.330221899622957,1.1209067855054784,0.35805743771059884
V4,PL,2009,0.4940500436597396,0.2818504077524662,0.311658829913579,1.0816032068376877,0.3623056382124096
V4,PL,2010,0.48027476761185556,0.27025574408750175,0.3170509813000439,1.1049454773019538,0.36540931595081816
V4,PL,2011,0.48469160559370617,0.2826798744155295,0.3101036412178758,1.113268149876091,0.3630396027354119
V4,PL,2012,0.4853203730114578,0.2844495724806155,0.30852413169959897,1.1162581497647652,0.36526764282120633
V4,PL,2013,0.4728798340304245,0.27077623973425063,0.3108063761599206,1.1466328594403385,0.369563648650198
V4,PL,2014,0.47033640177958597,0.2707642609044236,0.31117128770178243,1.153373471521476,0.36969359037681865
V4,PL,2015,0.4898792053904521,0.2848694322273932,0.30446790317668226,1.1153353649962394,0.37117807061231195
V4,PL,2016,0.4736408749745274,0.27055131771565366,0.3162999120277602,1.1271990005376082,0.37319045206389095
V4,PL,2017,0.4907379349085405,0.2798387043122535,0.31762066159537616,1.072896129269385,0.37394608089679393
V4,PL,2018,0.5011822311676558,0.28397993612972156,0.31859046831208215,1.0410138618341962,0.3766326209922883
V4,PL,2019,0.5058489299083035,0.2867035821223722,0.3224688526793246,1.0169253958040971,0.37345899763170165
V4,PL,2020,0.4906913299468592,0.2713150948697467,0.32971523128404934,1.0362856083650658,0.3763516908499713
V4,PL,2021,0.5218757852452739,0.2951861298242677,0.319811456700045,0.9835418747450544,0.37323288101756663
V4,PL,2022,0.5612635134068286,0.32515946987579947,0.3052021264449007,0.9327152812585271,0.36912901486337507
V4,PL,2023,0.5583791500964476,0.31888562028812323,0.30857522761232653,0.9296958866802564,0.37481981842659723
V4,PT,2000,0.37870044982708634,0.09746239897853155,0.41696275811606215,1.1226109132385695,0.3731907266856895
V4,PT,2001,0.3693706166435921,0.0951948831158107,0.41956277712010603,1.1518595199597974,0.37186137124052676
V4,PT,2002,0.36026966874085364,0.0929206463891728,0.4226627137273941,1.179851559234873,0.36887681355347596
V4,PT,2003,0.35535996989627217,0.09087077910425706,0.4185335013628421,1.2177411156315396,0.375081087350946
V4,PT,2004,0.354537874500638,0.09062855818987574,0.4149710734592311,1.2351457930808376,0.3772976588443887
V4,PT,2005,0.34523153464466916,0.0855617891162789,0.41806015880580033,1.2675907241390716,0.38297737574473983
V4,PT,2006,0.34607004722352674,0.08656192248167364,0.41107953717216783,1.2906582108723728,0.384546455888281
V4,PT,2007,0.3552688254198682,0.09150537795008458,0.39978685177162315,1.2896750578654679,0.38871303592663686
V4,PT,2008,0.33753374085586896,0.08516833854281461,0.40326764308332747,1.364651485249044,0.39244283667296476
V4,PT,2009,0.33517210885145304,0.08368988101023198,0.40121160369989267,1.385298611460904,0.4001429679720662
V4,PT,2010,0.33126441501258036,0.0819833841677208,0.4034411065284582,1.3974130342608153,0.3981135817653278
V4,PT,2011,0.31980111280673673,0.08027512324715376,0.4006716839670013,1.4733940776339811,0.39930094568613755
V4,PT,2012,0.31404304294203894,0.0842694382878153,0.3900083104318601,1.5523741217773532,0.39838218422292954
V4,PT,2013,0.3306124280691497,0.09119089585730145,0.3804704945904946,1.4934140082628795,0.4034747850288434
V4,PT,2014,0.3327974809633139,0.0924349327956654,0.37900677647850817,1.4869725624394667,0.40109011931083394
V4,PT,2015,0.3439836212640271,0.09721122329329036,0.37373702802217823,1.4468815516546987,0.40296034646302054
V4,PT,2016,0.34897087485057215,0.09958565732526041,0.37490183085456247,1.416359888087174,0.3986968303972858
V4,PT,2017,0.3486043709352613,0.09850986343003142,0.38034345083662136,1.3971917748431908,0.3963757984547202
V4,PT,2018,0.34022210862639884,0.09409012584934232,0.39114213545710363,1.398447221334195,0.39173508388165434
V4,PT,2019,0.3375205885086676,0.09170228153451257,0.39708766840046944,1.3892102705296991,0.3907258334837429
V4,PT,2020,0.2864770512977952,0.06757972667968253,0.43247738865428154,1.5485630080362518,0.39088910676505495
V4,PT,2021,0.2858370421988008,0.0676985622766687,0.43380184098309926,1.5470406511635542,0.38935890096206294
V4,PT,2022,0.2926377560285055,0.07388055948438324,0.42423686373918684,1.5432575022466182,0.3853994834698013
V4,PT,2023,0.3130990156785638,0.08105098502826641,0.419660090803166,1.4338746702023655,0.38340997067264027
V4,RO,2000,0.10699717583793952,0.055664725789590475,0.39369390970747414,5.272867712543674,0.2816203310165508
V4,RO,2001,0.11541320928908634,0.06008665803837712,0.43287139281507664,4.481025471142522,0.24614587450988767
V4,RO,2002,0.11144281482551843,0.059570530304320586,0.4317887118068653,4.666891621086382,0.23857482876534358
V4,RO,2003,0.14263147455513997,0.07109178715877108,0.42114190432382703,3.637275758969641,0.2533715252647782
V4,RO,2004,0.1852426596928796,0.09218572868555822,0.3939857456657208,2.8774758892460857,0.2561749956615955
V4,RO,2005,0.18183687376303112,0.089082032436093,0.415848677953377,2.7966533297960856,0.26161620693191134
V4,RO,2006,0.20954934228835412,0.10501978761188362,0.3862193925561095,2.5428311152678984,0.2813066329585523
V4,RO,2007,0.251055435975015,0.13588286273945138,0.3270464582210358,2.3534513336926848,0.2951833940720828
V4,RO,2008,0.2514428817421792,0.14635927975454951,0.3477278435643166,2.24638876819366,0.28627363176591003
V4,RO,2009,0.24571731227359742,0.140262766831194,0.3048795495468265,2.5240641826684347,0.3406953318501953
V4,RO,2010,0.23909488861698963,0.13759154737507487,0.31269584749722434,2.5619124575083267,0.3208845277468096
V4,RO,2011,0.23642242731402277,0.1331430149259794,0.2930426405719211,2.697187040511078,0.3364118791146464
V4,RO,2012,0.24304138123983507,0.13829671977516259,0.28442401597175776,2.659831733307853,0.3462984109958899
V4,RO,2013,0.22520874806984956,0.1260415849316258,0.28988172930262796,2.8632740729627684,0.36563825549480616
V4,RO,2014,0.22543609005582274,0.12634710469590874,0.29900744769961796,2.8104882507344766,0.3574828413536118
V4,RO,2015,0.23016690754813737,0.13025386492767,0.2923790839133902,2.7820025621041506,0.3651546391752577
V4,RO,2016,0.2195838114576788,0.11937601740923927,0.31383013670937254,2.8110353018472196,0.3779098695964335
V4,RO,2017,0.2338919232230228,0.1272814024512682,0.3186401223854583,2.5944997082911447,0.3763767751213374
V4,RO,2018,0.2344457307176231,0.12733670090968255,0.32380457276933583,2.5604255011197217,0.3774101553324687
V4,RO,2019,0.23611813276710697,0.12998702414089938,0.3308634750947733,2.503042235845367,0.36764622627884813
V4,RO,2020,0.22629619536736192,0.12077655182843604,0.3350325878665096,2.6034499219874627,0.3745007549769252
V4,RO,2021,0.2347802421196938,0.12716028819866426,0.32219010123734537,2.564807086614173,0.37256272138408725
V4,RO,2022,0.24096063834433265,0.1344970431792607,0.31385831403326764,2.5336676996812058,0.36886754777978514
V4,RO,2023,0.24594337458081755,0.13575548108079713,0.32225121142271523,2.4334594871575184,0.3738909759091877
V4,SE,1993,0.2792085944224965,0.11382931315099855,0.4337404506827938,1.5943473683488305,0.32223007124877745
V4,SE,1994,0.30191552824165824,0.12890264700959003,0.42088337911278917,1.4972578448910197,0.32439817530511245
V4,SE,1995,0.32687800946570694,0.1485860246573104,0.40355918150152886,1.4210995634332364,0.31645916970726584
V4,SE,1996,0.31306147407522794,0.14128958318328338,0.4167247691957326,1.4464084461807072,0.3148567379808523
V4,SE,1997,0.310905961082337,0.13794196993888674,0.41607839705812166,1.462050928314443,0.31624194186941157
V4,SE,1998,0.32081362507485434,0.1441972244860034,0.39942218336779106,1.472623670333336,0.314988496082333
V4,SE,1999,0.31615359592926745,0.14079469278329343,0.40288817810431643,1.4857881791599372,0.31759604854390633
V4,SE,2000,0.3092067782571251,0.13043957006349066,0.41444336731755904,1.4792946548014558,0.3223271884021882
V4,SE,2001,0.289712774423406,0.11622516173306913,0.4319930107937329,1.5285936093051895,0.3188424398336412
V4,SE,2002,0.28521766782050595,0.11387464219934028,0.431826281474418,1.5602442759608488,0.3187285341340645
V4,SE,2003,0.2867575759756508,0.11528619480169078,0.42877668299211136,1.5632310784920784,0.318876138061538
V4,SE,2004,0.2949850612799701,0.11912275624452219,0.4204228881971192,1.5443447827081025,0.3198523893898472
V4,SE,2005,0.291843338100982,0.11637988127526314,0.42063716171364823,1.5645472254176553,0.32261589531381724
V4,SE,2006,0.30421886689183947,0.1210860440752975,0.4071622963435922,1.5415587337271117,0.3313531971557802
V4,SE,2007,0.30307919051652793,0.11720860900649385,0.4116293244097716,1.5296807160040473,0.3339739705253573
V4,SE,2008,0.27396090786425803,0.10043865098078057,0.43000895163959946,1.6505471861098757,0.3322965762074277
V4,SE,2009,0.24854103330000116,0.08500759845038204,0.44424512988840337,1.7918237507007158,0.33673176480236955
V4,SE,2010,0.27560669312972336,0.0977150443475839,0.41984138855328323,1.6851822770862375,0.3412749505758253
V4,SE,2011,0.27989437557539487,0.09853385812873056,0.420495743139269,1.6499433489982953,0.3429994198464817
V4,SE,2012,0.2632313622084324,0.08842918864593162,0.4356407931412091,1.708325648106467,0.3457778828059702
V4,SE,2013,0.26175927235487034,0.08535521922409027,0.43803040993404996,1.7088642731474373,0.34834229934843014
V4,SE,2014,0.26399835721470144,0.08631726395672086,0.4368946572229712,1.696093398907519,0.3472611979359985
V4,SE,2015,0.28011379959779115,0.0933233060718179,0.42450387165471437,1.6300044359389385,0.3488935914177193
V4,SE,2016,0.27647842198189515,0.08890717212988293,0.4299121122474502,1.6320494819556643,0.350110801244283
V4,SE,2017,0.2704879487409635,0.08441993737072001,0.43419603347632624,1.6575938934217613,0.35020558930656376
V4,SE,2018,0.26169525284692796,0.08030826994415183,0.43987069473672913,1.7005170240687943,0.3528324306569791
V4,SE,2019,0.26699634825198654,0.08533345958584539,0.4312004807524008,1.6991639342349385,0.35369202846113046
V4,SE,2020,0.25482016121631634,0.07737693721841826,0.4401423419843203,1.7569273692322018,0.35361702419405294
V4,SE,2021,0.25869050329547505,0.0811137147216254,0.4302446501343653,1.7722148240538422,0.3558140695912919
V4,SE,2022,0.24339120499371725,0.07773484680014699,0.4253829567064013,1.9354954624970842,0.3616902856666455
V4,SE,2023,0.23817295955960077,0.07641153800125533,0.4294532074787418,1.9660613529324862,0.3605409853617289
V4,SI,2000,0.20205388103494265,0.06315514245976805,0.49231604415342445,2.0203006561354355,0.3267681535317245
V4,SI,2001,0.20689865643287123,0.06534976479527173,0.4897356289396933,1.976517075924358,0.33086237777339766
V4,SI,2002,0.22086588260814904,0.06936162337776786,0.4754768232856022,1.8993724314767764,0.34284304127256404
V4,SI,2003,0.22804086600593065,0.07182598083204711,0.4642299177997493,1.8852177561374162,0.34871473160002164
V4,SI,2004,0.2230944879487883,0.07024141150663538,0.465293226800355,1.9314794506240542,0.34868199827482865
V4,SI,2005,0.2165092270704052,0.06765608148591976,0.46945284821464106,1.9810069264758567,0.34713408853427813
V4,SI,2006,0.22596389968666358,0.0717074444772007,0.45735484372357105,1.9441135192711219,0.35361425544011993
V4,SI,2007,0.236315350625532,0.07790838816840223,0.44506771636875797,1.9032024326601729,0.3570403650733911
V4,SI,2008,0.23084209604623204,0.07493039163736209,0.45291070370775627,1.9170612626820962,0.3589885990441353
V4,SI,2009,0.20095239449481864,0.055938381749956086,0.4814982409366451,2.098723608953897,0.36432623273737125
V4,SI,2010,0.19304383810129797,0.05101628104351949,0.48993332730456507,2.152299015940611,0.366539645083627
V4,SI,2011,0.19768073288963062,0.054030302785490085,0.47739018610331513,2.166316189613478,0.3690236302120359
V4,SI,2012,0.1847866317564325,0.04847939304314277,0.4898169447049375,2.271113596891467,0.3626603923285272
V4,SI,2013,0.18399382789173294,0.050037064817373536,0.4858988177582388,2.3082230728101365,0.3589411982062177
V4,SI,2014,0.1946735293806159,0.05596575350908552,0.4759610489575994,2.2159249650768307,0.3577854100838027
V4,SI,2015,0.20041147518645905,0.05864788455565052,0.47298643513870015,2.156671194849684,0.35806889475540543
V4,SI,2016,0.20669439013296628,0.061014003848332096,0.475364241885849,2.062855386506839,0.35756584113025375
V4,SI,2017,0.21977297085367026,0.06756440864706179,0.4680531984899386,1.952384580750182,0.35681752200006667
V4,SI,2018,0.22552825609741142,0.07151923297948358,0.46903762066233157,1.885267726816311,0.3526195072705053
V4,SI,2019,0.22729453233358704,0.07269272918245165,0.4769090461819077,1.824470351059298,0.3482619087640468
V4,SI,2020,0.20330715531169927,0.05853842719111266,0.5097419223484264,1.9016738337765215,0.34204417403630605
V4,SI,2021,0.21179766353765114,0.06378682109807261,0.5015843997562462,1.8516785773641353,0.3398732839009311
V4,SI,2022,0.19984449413984667,0.059587330410515046,0.4992016265255095,2.0067386828634652,0.3413315629742033
V4,SI,2023,0.22842305928910983,0.07584460376129805,0.4773147923191434,1.8109183191168867,0.33906464082990795
V4,SI,2024,0.22686717239161805,0.0744899111965202,0.48523020801484473,1.7838058387542306,0.3368128004426666
V4,SK,2000,0.12057955443960912,0.04824641857547766,0.4285326067523404,4.310806461993949,0.3408680922210489
V4,SK,2001,0.13067883431621544,0.0564508703324044,0.4114119160101594,4.092669307775329,0.32744157545535224
V4,SK,2002,0.14121734789190576,0.06062319702274777,0.3911541599402872,3.920255515631239,0.3499995192446371
V4,SK,2003,0.14744552805115255,0.059561917778657006,0.3887783974411547,3.7566277782334114,0.34389273356401384
V4,SK,2004,0.17266500842872134,0.06994770545747483,0.35808042072970314,3.359636244110879,0.3500878958295218
V4,SK,2005,0.18408931178605445,0.0779716981439154,0.34283473500264594,3.226982863973989,0.36980376788063707
V4,SK,2006,0.20498716573720022,0.08777812918589074,0.3238034582683184,2.9749227780785277,0.3763477791543491
V4,SK,2007,0.22391578906145465,0.09277964174391042,0.30284248228211447,2.8106383519191205,0.40038324774804224
V4,SK,2008,0.2229341751986639,0.09145131423443234,0.3088548505995148,2.79136587053749,0.38525638557721503
V4,SK,2009,0.197706898791737,0.07848000090367627,0.3254715274322675,3.0862883893437063,0.4020872542054599
V4,SK,2010,0.22017732437110332,0.09232004470529508,0.3069714540037336,2.840621278244135,0.4042420461634436
V4,SK,2011,0.2246118743080476,0.09554414208845392,0.3125062036709851,2.7483016830311238,0.39850371015688885
V4,SK,2012,0.2315941181999599,0.09956708941594783,0.3094138597702114,2.672467310603606,0.3983249109251549
V4,SK,2013,0.22593126938535998,0.09727266173610462,0.3190658374143741,2.6948337632831705,0.39021583256185444
V4,SK,2014,0.22825305266312088,0.09804730981872227,0.3244737260234491,2.6350760635408617,0.38780731811891506
V4,SK,2015,0.23317451730520575,0.10046234453129228,0.32733109969994667,2.557499147078635,0.3854383602141707
V4,SK,2016,0.2282184632124501,0.09504698325391503,0.33938229138606263,2.5552902049358672,0.38589814493677416
V4,SK,2017,0.22126112847492682,0.08898395879975468,0.35683372211936293,2.549986297798959,0.38199808416367376
V4,SK,2018,0.22754357458226504,0.08970386986209791,0.36190121750225956,2.4423914709166143,0.38199150845149404
V4,SK,2019,0.22315226727038684,0.08471058631466111,0.37458035876418,2.4280783320302004,0.38057847650482063
V4,SK,2020,0.22087209622445755,0.07747682941462836,0.3798203572846849,2.428047423736726,0.3895943506760823
V4,SK,2021,0.2395870600636515,0.08327069657477358,0.3734390076578561,2.2417314117115557,0.3836970353852987
V4,SK,2022,0.22085406635603033,0.07367683466607484,0.3816794698076101,2.4179997047456863,0.380208132670665
V4,SK,2023,0.27671836904082586,0.10092976080662502,0.3533718668554772,1.983401565952382,0.3787558533093357
V4,SK,2024,0.29960496004825093,0.10650372135996793,0.35606085827479445,1.7932331374637946,0.38228509751968265
V4,UK,1995,0.45036068050502076,0.18960902859467063,0.37010018569540243,1.028556139271171,0.37499675953430706
V4,UK,1996,0.4739911010565068,0.20523521541855083,0.36071801328442094,0.988003482310424,0.3749992218983311
V4,UK,1997,0.4680203265466316,0.1972875082323911,0.3724005749970242,0.9685655954978045,0.3749983050179353
V4,UK,1998,0.4716762891071504,0.192081778170952,0.374430472008797,0.9518382899324943,0.37718486548202573
V4,UK,1999,0.4534550797302579,0.17449326945758373,0.3872693665824157,0.9639794357952596,0.3838124685557653
V4,UK,2000,0.44070680004336577,0.16660147278732257,0.3929672760841847,0.9844399340067034,0.3856431183591045
V4,UK,2001,0.4305509184452531,0.1566651916523858,0.39998051955337327,0.9936281217040545,0.38849535903535587
V4,UK,2002,0.43896174042753483,0.15919075342667133,0.39678519531394163,0.9774001815221951,0.3866890360643813
V4,UK,2003,0.44827968579288663,0.15897530186192713,0.3926214941627086,0.9622882309188588,0.38920549353686706
V4,UK,2004,0.45863121542390156,0.15514121149099178,0.39128698981069854,0.9359515184244703,0.40070542584387
V4,UK,2005,0.46217644609535496,0.15281582333033433,0.38751188561527866,0.9377138362042934,0.4034384669443553
V4,UK,2006,0.4664833068816902,0.14733917540223967,0.38389332881610233,0.9368541922525457,0.41516552261748274
V4,UK,2007,0.4628870486117057,0.14169121046802494,0.3854216307256261,0.9422853576587367,0.4199971544389099
V4,UK,2008,0.45265312436008315,0.1383503568409004,0.38702198938852306,0.967167295128281,0.410721687997371
V4,UK,2009,0.4384233592640817,0.1283931920191676,0.39165736845062665,0.9959115616595541,0.41625852315726486
V4,UK,2010,0.45100962044953086,0.13289919970809594,0.39138490507341134,0.9580654554753706,0.415599221136262
V4,UK,2011,0.44542830813341155,0.132096073664319,0.39391891489889647,0.9667514197749706,0.4099031038029739
V4,UK,2012,0.4497583052516418,0.13564574249706948,0.38971635603929616,0.9671983175413226,0.40859415845595065
V4,UK,2013,0.45070993531042136,0.13519348884812696,0.3891310768202314,0.966217175618534,0.41193698502707565
V4,UK,2014,0.46404102435288996,0.14300274910378546,0.38023498285660345,0.9553474002046037,0.41278154018579744
V4,UK,2015,0.4641921480360213,0.14386896730438323,0.3782693806547098,0.9611126446031668,0.4151892861933168
V4,UK,2016,0.4582917628263467,0.1419272027831459,0.37853294023078415,0.977518183046111,0.41661073902299567
V4,UK,2017,0.45283532484383493,0.1379186248019133,0.380263307894595,0.9883063643568528,0.4180343967851805
V4,UK,2018,0.450421477228993,0.13451068972982902,0.3826626209372158,0.9879145168597272,0.4178483122852883
V5,AT,1995,0.2549079659783049,0.06952269682946165,0.4621392442167747,1.6478801650197432,0.3464180902135745
V5,AT,1996,0.25711597726603996,0.06995366760709211,0.45449433713446385,1.6671383543302796,0.3504610810458925
V5,AT,1997,0.25917001404528933,0.07088756246792247,0.44890569837643857,1.677475718291846,0.3513111775824418
V5,AT,1998,0.2630204449649673,0.07180969649016142,0.4469580914981912,1.6556993980192896,0.35194425587072564
V5,AT,1999,0.26514852183380855,0.0714967102252423,0.4452326104928283,1.6470565928197676,0.3550184982460626
V5,AT,2000,0.2726108055068619,0.07405167080906766,0.43733313181559813,1.6266601392443742,0.3577599808542073
V5,AT,2001,0.27799457996266524,0.07560735447916998,0.43106782885138206,1.6154906732065564,0.3605604185284621
V5,AT,2002,0.2810555557934624,0.07567608391366956,0.4272447730994378,1.6106271532661072,0.364299679463398
V5,AT,2003,0.2818703700443867,0.0744974580758388,0.424448505894179,1.6174528617990194,0.3680287652581861
V5,AT,2004,0.2882655766036687,0.07702355347777795,0.41649015243577936,1.607719100847619,0.36972524642508836
V5,AT,2005,0.29550575862050704,0.07981751236721213,0.4086866490424871,1.5923347649492667,0.3716910774656222
V5,AT,2006,0.3051273635489902,0.08274162498177874,0.40084545541451794,1.562775694837658,0.3755594795265269
V5,AT,2007,0.31218522296743606,0.08500774479497313,0.39478236400527245,1.5438668463638476,0.3769682945926679
V5,AT,2008,0.3012167142980693,0.07968973784196308,0.40590943567270654,1.5663933487584742,0.3750472129599576
V5,AT,2009,0.27556392000255503,0.06856978908110264,0.4217198910341478,1.6768135779355577,0.37655177273107604
V5,AT,2010,0.2762689895271865,0.0687256646119458,0.41822486649876,1.6876037120069356,0.377595960075943
V5,AT,2011,0.2808723079852211,0.07059474494298558,0.4137690795932389,1.6734104099476357,0.37775027855085686
V5,AT,2012,0.2722005475257407,0.06655683212889249,0.422370203883894,1.6997041319933415,0.3775156039978175
V5,AT,2013,0.2634506195076327,0.06271375240711405,0.42990381838938047,1.7340545836674521,0.37748775579815624
V5,AT,2014,0.26423467127392125,0.06274296367328895,0.43051675582749926,1.724700958134575,0.37641610484531535
V5,AT,2015,0.26883146851905554,0.06422998041703525,0.42856448119023494,1.6970628568505872,0.3752757722539805
V5,AT,2016,0.2711866415425275,0.06501350269891915,0.42846749496647124,1.6790570563263736,0.37438834804121385
V5,AT,2017,0.27003170716782393,0.06438809850166274,0.4300005853544321,1.6808604710151995,0.3738002647103786
V5,AT,2018,0.26984536361341743,0.06412281322958184,0.4330100278854676,1.6681562271953745,0.37171266631011246
V5,AT,2019,0.26394626821575057,0.06138167560441838,0.43928962013977424,1.685045698751339,0.37080346980117623
V5,AT,2020,0.23326510960940225,0.04816367303549182,0.46199179602349505,1.8444320188255792,0.3728516549278727
V5,AT,2021,0.2386546941831042,0.04965128563593572,0.4511023787275789,1.8488633652995958,0.37562234256991983
V5,AT,2022,0.2515755190225059,0.05511018481806348,0.4390949568974253,1.7904743004053743,0.37213141143572004
V5,AT,2023,0.25041064219788,0.05458842640188196,0.44709196308681376,1.7609133838914752,0.36840743657791125
V5,AT,2024,0.24288544634254688,0.05050019312707719,0.46468606779714056,1.7392909109136132,0.36507665046721866
V5,BE,1995,0.2855700849368252,0.08504506484835464,0.419421823533961,1.613627879814611,0.38197074056659647
V5,BE,1996,0.2782506033507394,0.08091964294293431,0.4240549370122568,1.645823999644549,0.3838040640936314
V5,BE,1997,0.28265970109576316,0.08217921857435728,0.4222709404386227,1.6216322311905251,0.3842206519813434
V5,BE,1998,0.2832903618515077,0.08204116769082394,0.42104304711136126,1.6226443875925085,0.3864617759872628
V5,BE,1999,0.2792295494298121,0.07805488780726164,0.42531836669550105,1.6327791178937954,0.39102031322937897
V5,BE,2000,0.28796867208744154,0.08089776440429644,0.4178706251337284,1.603631820415308,0.3954066314260023
V5,BE,2001,0.28577298645416377,0.07659314567518526,0.42733343159532866,1.5765878470050316,0.39540223448044126
V5,BE,2002,0.29187915889308497,0.07487674054650598,0.4286250085814551,1.5289487818371987,0.401969084014627
V5,BE,2003,0.29170405432753366,0.07433921854441533,0.42474923647421026,1.5472863077417152,0.40483767728449715
V5,BE,2004,0.3043497708900416,0.07874223593199145,0.41326146598517355,1.5145813981607927,0.40759768009152786
V5,BE,2005,0.3125319872302006,0.0797312033397346,0.40654212329075,1.492328715399207,0.41265952009704826
V5,BE,2006,0.310672181395077,0.07702321805764853,0.4058913400553497,1.5064416447545501,0.4169525110103771
V5,BE,2007,0.3154549242075271,0.07725793317404936,0.4030230227941422,1.4894089267325892,0.4197375042326649
V5,BE,2008,0.29666040050791537,0.06591820862095957,0.4196178507288884,1.5367677952064414,0.420644654149323
V5,BE,2009,0.29722274425014333,0.06455455885047472,0.42308002181386234,1.5179557479810644,0.42268121542657655
V5,BE,2010,0.3090281288455698,0.06943371453544166,0.4117352741737919,1.4918607771752448,0.4249425593229139
V5,BE,2011,0.3090520775133498,0.06889786979597858,0.4126486966029265,1.487844282195128,0.42434931976396756
V5,BE,2012,0.30429704905574695,0.06580557756197127,0.41797409823233017,1.4947158327864989,0.4250336500693016
V5,BE,2013,0.3055931749161434,0.06451433968718176,0.4189461191226749,1.4824506677550746,0.42604686692270194
V5,BE,2014,0.3180953626658132,0.06884079941233692,0.4102466377839774,1.443767697016652,0.42767136168439013
V5,BE,2015,0.32614920051124785,0.07211877100315423,0.4017182815560035,1.4326621722552382,0.4299556276952334
V5,BE,2016,0.3336120931126852,0.07407795563339985,0.39720946115774686,1.4096511152022555,0.4312538597675496
V5,BE,2017,0.3297790293372284,0.0724341579739426,0.40061475802159346,1.4169211938035353,0.42809853432065653
V5,BE,2018,0.32919952520657203,0.07280622142793935,0.4001365916860906,1.422051359336914,0.4273681072078811
V5,BE,2019,0.3342956681372907,0.07462253452994463,0.39742639403901636,1.4050905494755335,0.42574341690922396
V5,BE,2020,0.3139233438035152,0.06601259825351925,0.4076695704611473,1.479193707567621,0.4255432400546748
V5,BE,2021,0.32592845886145294,0.07085414032102871,0.39660767356933385,1.4546953042021122,0.4278216964284261
V5,BE,2022,0.3250582415666561,0.07588390105883498,0.39022591481962837,1.4856658707308452,0.42311931293242505
V5,BE,2023,0.32494142113592045,0.07622088843839593,0.3913063015658222,1.48193502392086,0.4235727358034989
V5,BE,2024,0.32527369355564484,0.07554281572661933,0.3947023773287114,1.46618472993974,0.4220463762391199
V5,BG,2000,0.12769332359713084,0.08095213571038228,0.3217092748109312,4.990163782304087,0.32258001485013094
V5,BG,2001,0.14020618914315644,0.08916310858787281,0.3229902096262238,4.505682436789695,0.31972765116771323
V5,BG,2002,0.13882763563457096,0.08952742014188655,0.3107939976026826,4.653678668426723,0.3201739101574816
V5,BG,2003,0.14162058789295875,0.08630941977012603,0.2967626294033727,4.668881003767788,0.3767592649499109
V5,BG,2004,0.15162291431909292,0.09385091986067629,0.29601607363102267,4.346975584525815,0.3702601286536508
V5,BG,2005,0.1586536421311719,0.09872345279802737,0.2974837781496814,4.130502950761913,0.3690450984543722
V5,BG,2006,0.16339868504812302,0.10169315721027809,0.28686128360096624,4.077547868094503,0.37818251275252235
V5,BG,2007,0.18013882080617324,0.11229408956566947,0.27367874751319093,3.758329729262175,0.39405546192737856
V5,BG,2008,0.17440650748699557,0.10758777239480587,0.28664136707610083,3.8035651464457065,0.3868630668854821
V5,BG,2009,0.15952921015838015,0.09515685981206741,0.2939075344605197,4.132193897612476,0.39488696546923696
V5,BG,2010,0.1560627909649746,0.0914779999826037,0.3054469202806539,4.145025068748593,0.39394768287240317
V5,BG,2011,0.16656949309601216,0.09953061259540893,0.29168539920133285,3.9606815116494327,0.3957969555660552
V5,BG,2012,0.1612539445881853,0.0942697565529342,0.2998244727706099,4.042243121405256,0.4006965257863426
V5,BG,2013,0.14855091459862518,0.08312356770107063,0.3306186466816729,4.17545494517033,0.3936220789928204
V5,BG,2014,0.1491862119585444,0.08246636336524664,0.34855318763973797,4.018115848378717,0.3839617631439193
V5,BG,2015,0.15148427535951822,0.08366536428245923,0.3464176136019112,3.9681053614523583,0.38837679856115104
V5,BG,2016,0.155882685664463,0.08670806212687031,0.355251482877367,3.7808622514629064,0.38107783002455486
V5,BG,2017,0.1606600218382649,0.08730509376826164,0.3675600758965009,3.5689508050753136,0.37809493063588995
V5,BG,2018,0.165392698370807,0.08789938958605106,0.37506600939728196,3.4034199622242034,0.3808552650251179
V5,BG,2019,0.17157790627465652,0.09222405018944782,0.37463940630864573,3.2701223655846228,0.37822526132599366
V5,BG,2020,0.16584264502830923,0.08684556944512262,0.38659688378214935,3.3121086941055107,0.37685413150133135
V5,BG,2021,0.18679045531202915,0.10324852896801448,0.3675391981973524,3.0183982724626794,0.3757797451238024
V5,BG,2022,0.1983672298274204,0.11673878735235031,0.33804635325657656,2.9989647413648663,0.37138239066146994
V5,CY,1995,0.4046373124403713,0.15380832695880234,0.2858697870603442,1.4789951697394377,0.4515434314429289
V5,CY,1996,0.40284843262076186,0.14595458873731432,0.28779712661566437,1.4801205707452123,0.4574428659666461
V5,CY,1997,0.4093454334813672,0.14311840120663652,0.2878954439965799,1.451722242579699,0.46328133895024487
V5,CY,1998,0.44952837071177865,0.15754015306672423,0.2737596716492414,1.3418009373526711,0.4670104206036392
V5,CY,1999,0.48044799893254164,0.1646966148787787,0.2612174760518588,1.276477603518806,0.4844473690870897
V5,CY,2000,0.47627439715541203,0.1659394240238269,0.2729761439186546,1.2535049359452959,0.46343963288220086
V5,CY,2001,0.5016985993205604,0.1718280916986869,0.27119467414465037,1.1814809499100212,0.46119763105944284
V5,CY,2002,0.4920290648847993,0.16059271559036925,0.2810159001173834,1.1802475722975139,0.4649844578533553
V5,CY,2003,0.4946052734250306,0.1539638886393632,0.2908360455655004,1.1429617575264446,0.4680692746991089
V5,CY,2004,0.5145247344193835,0.1526238835383491,0.2806816350901802,1.1173432153993423,0.4849027724632135
V5,CY,2005,0.5132562352681439,0.13995155845357007,0.3017957936206485,1.0585465819855315,0.47264925603506824
V5,CY,2006,0.5169838972427285,0.1360640523492678,0.3022754021184778,1.0473306525434807,0.47504684040197587
V5,CY,2007,0.5238007887737319,0.13170773940794647,0.3047130617400435,1.0226750467958183,0.47759500110883546
V5,CY,2008,0.5086267037349411,0.12288598940473283,0.31038766693960523,1.0454442781714994,0.47523062785674225
V5,CY,2009,0.48682691030239833,0.10880346919914859,0.32557727974176376,1.0597666812962785,0.4845509867868069
V5,CY,2010,0.4884309064621266,0.10989366295474401,0.32343736210021784,1.0617383688959194,0.4853852967227636
V5,CY,2011,0.5015783119093451,0.1148932073833146,0.317691911929607,1.0426302389087505,0.4957230057270891
V5,CY,2012,0.49413881950317656,0.11160956843772837,0.31951516793066087,1.057597508125677,0.4983734824484936
V5,CY,2013,0.4706145915141263,0.10519575108841532,0.30825014614798313,1.161635969423622,0.5024307504867473
V5,CY,2014,0.4525352257533683,0.10180980517736503,0.3140487493082026,1.2017476167091488,0.4900772054170358
V5,CY,2015,0.47378227172406734,0.10993930354442442,0.3026170653208625,1.1693310768951808,0.494835479436506
V5,CY,2016,0.48938089099544624,0.12183572710951525,0.29706839014911496,1.1393007505033872,0.48742088703701464
V5,CY,2017,0.4816919363150616,0.12185429449906918,0.2993727315764557,1.155140445005523,0.4849434389140272
V5,CY,2018,0.49158043011949676,0.12609142791729053,0.2991564117589609,1.126538236155874,0.4869886530167902
V5,CY,2019,0.4994617302337628,0.12929425459887012,0.3080403700588731,1.0773703392206337,0.4808357430401995
V5,CY,2020,0.4636812439567004,0.11378929969431646,0.312282113167069,1.1708874042463884,0.4933173163326113
V5,CY,2021,0.5145785363437794,0.13657190326150093,0.2977276739552596,1.0670247913041282,0.4825911640953717
V5,CY,2022,0.5180071383171173,0.14379662390160441,0.3025943934420474,1.0437299232916148,0.4603482684406183
V5,CY,2023,0.5135642899184891,0.14274482001311323,0.31303804968050036,1.0245976929224976,0.4547110609324458
V5,CZ,1995,0.2060919279439717,0.09404063146302354,0.3945456317578295,2.543242249030834,0.30898678414096914
V5,CZ,1996,0.20605723646282467,0.09289733029900098,0.4010434178986301,2.5057051747887678,0.312147411600013
V5,CZ,1997,0.19071364068685853,0.08343273201984606,0.4092494801720883,2.688329265114894,0.31826919669749476
V5,CZ,1998,0.1957101389911816,0.0877641021347084,0.3949330774625936,2.6967152431421444,0.31467269576976714
V5,CZ,1999,0.19511575013592883,0.08562807385505723,0.3855851684656269,2.7633909193506385,0.32905608123701824
V5,CZ,2000,0.19277969662193897,0.08479235194094449,0.3897074670455095,2.7760436138441835,0.3262910976611211
V5,CZ,2001,0.19763065507434185,0.08832466370724242,0.387726504173004,2.710342950672854,0.3239117118451255
V5,CZ,2002,0.20601121094382385,0.0891891545714792,0.3923679790696402,2.5571415070721204,0.3285763733239518
V5,CZ,2003,0.20706853243206372,0.08887168687647379,0.3936055756341121,2.5348665453765364,0.33175788949836943
V5,CZ,2004,0.21405634652939926,0.09239419691520792,0.39412264526159746,2.436334683202565,0.32832670918445944
V5,CZ,2005,0.22309892271887513,0.09560467268694596,0.391031963398549,2.3385555629778376,0.33192201654194564
V5,CZ,2006,0.23426532471097078,0.10067784760172493,0.3856733524355301,2.2366808022922635,0.33215443209310536
V5,CZ,2007,0.2402468801085765,0.10078882434560825,0.383213704325693,2.1840882951656564,0.3333978127160507
V5,CZ,2008,0.23466200008536423,0.0944337600518833,0.3912659516139177,2.2028227724429805,0.3366740599138338
V5,CZ,2009,0.2222261629804456,0.08875910744118151,0.39282658956142813,2.339405305618255,0.3410996530850474
V5,CZ,2010,0.2306720089894371,0.09209421545994526,0.38502977034306785,2.2809643931927983,0.3487513588946885
V5,CZ,2011,0.2278607365348696,0.09214745270656484,0.3954609896823182,2.257646428081027,0.33715506221487296
V5,CZ,2012,0.2230908167107526,0.08945857912862289,0.404459996739035,2.2650358258214682,0.3388600156106076
V5,CZ,2013,0.22517655851290727,0.08996228177211743,0.404884992468924,2.2379967153841767,0.33960368121715334
V5,CZ,2014,0.23896877903768768,0.09722691887818856,0.3932514536727655,2.1457770703485437,0.3394729580573952
V5,CZ,2015,0.24845457338337376,0.10097019974210013,0.38964515824713225,2.0669602221298664,0.33778412045436157
V5,CZ,2016,0.24957531442118167,0.09806129462182656,0.3965499115278987,2.021357844580235,0.3368769101776973
V5,CZ,2017,0.258136881491831,0.09737217083464728,0.40305630187619274,1.9094520645142883,0.3347334691211502
V5,CZ,2018,0.2573206488730398,0.09207240444234897,0.416696341689954,1.8501394558439002,0.33403928083384693
V5,CZ,2019,0.2619789700306029,0.09228570755952901,0.41720756715693247,1.8073695917462764,0.33215077914233143
V5,CZ,2020,0.23852970643361093,0.0764443977610489,0.43526857219536613,1.9322831941998753,0.33286485985115044
V5,CZ,2021,0.24273374621338933,0.07378133683541425,0.43495179501127884,1.8929000747982958,0.3296116726056486
V5,CZ,2022,0.2523424222727669,0.07780154724672897,0.41928110163226406,1.882031904470269,0.3303234161668372
V5,CZ,2023,0.26644408426565014,0.08581133793198646,0.40943097423679825,1.8070529360398226,0.33330387731299754
V5,CZ,2024,0.2616176100211955,0.08335113516395434,0.4180887433392142,1.8061929348461383,0.3309971323864789
V5,CZ,2025,0.26778663599010954,0.08320953933283734,0.4190161983761435,1.7505610827145925,0.33185326514581465
V5,DE,1995,0.26996494296066265,0.06757422868277795,0.4842440286261111,1.4262113279756576,0.33421965546027455
V5,DE,1996,0.27428325279758836,0.06757247204011788,0.479282517415931,1.4191836750072016,0.3393569858502819
V5,DE,1997,0.28349248452011155,0.07014082902842796,0.46935948529480875,1.4024379826466966,0.34325189312344456
V5,DE,1998,0.29055704063342097,0.07177072047918193,0.4648227552862826,1.3770780417035917,0.34552173875082137
V5,DE,1999,0.29224013352314426,0.07082871921240888,0.46609978922386525,1.3608231742295853,0.34825188800495765
V5,DE,2000,0.28838029699485845,0.06708175158233326,0.4716329205706362,1.3605556336938183,0.3527725288904244
V5,DE,2001,0.2996747383335998,0.0711749850225529,0.461457318749448,1.3356333677903125,0.3561345090596359
V5,DE,2002,0.3056039943647564,0.07230452149386508,0.45698331648502466,1.3198805122869672,0.35948409227043354
V5,DE,2003,0.3078982397927768,0.07227262971495889,0.4556377062525114,1.3123564664776024,0.36106236888914045
V5,DE,2004,0.3206683957417808,0.07714381750318502,0.44408578098340684,1.289525096791542,0.3625098636678839
V5,DE,2005,0.32882020268743256,0.07913336461106851,0.43429966325015074,1.286094437010132,0.36809213707589566
V5,DE,2006,0.3449960716799322,0.08536185888813648,0.42201156308468074,1.2533363158081092,0.36919508480286034
V5,DE,2007,0.3465200083548507,0.08552615834834722,0.4178208517331566,1.2622528358752891,0.3686867036382234
V5,DE,2008,0.3331674553626414,0.07912518717106856,0.4266055192828905,1.2944343706817196,0.37173746886087417
V5,DE,2009,0.29785068583735697,0.06367118890554684,0.45306662370369116,1.3832003459650135,0.37326279735372775
V5,DE,2010,0.31727972190160575,0.07135112369904714,0.4393914686669672,1.3275305645882427,0.37398517807642984
V5,DE,2011,0.32554396974736877,0.07361742217071543,0.4358531937691265,1.2970826264479314,0.3744957989311665
V5,DE,2012,0.31610828739794683,0.06835536252088975,0.44582651881555985,1.3072862696726284,0.3751770706770959
V5,DE,2013,0.31314436652094324,0.06652428143971864,0.4507038536242523,1.3034268448726358,0.37330226179335524
V5,DE,2014,0.3195739505899223,0.06819920438052365,0.4488771288331159,1.2756779237596583,0.3736413664344886
V5,DE,2015,0.3214992159663901,0.06828275825459294,0.450613778577471,1.2582122282640589,0.37375188518974856
V5,DE,2016,0.3251316752190807,0.06890691495120935,0.45153292351033397,1.2353746228556026,0.3733520131820845
V5,DE,2017,0.3290942671325025,0.0694428487061513,0.44946359774113154,1.223420002012392,0.37600316788338867
V5,DE,2018,0.31748341429760574,0.06443282518611111,0.4590483212166778,1.2448255015469878,0.37535171482659013
V5,DE,2019,0.3071925900987194,0.06012713614530189,0.46858243964527,1.261334158225641,0.37383646566754236
V5,DE,2020,0.28677622826488425,0.052061715121939925,0.47997047836109386,1.3333929401666607,0.37647038947106104
V5,DE,2021,0.29680866459799177,0.05563695290562423,0.4668885602237641,1.329256577581768,0.3777027553749402
V5,DE,2022,0.29330342087690897,0.05458565349335324,0.457776588919605,1.3909008300456194,0.3806431798814879
V5,DE,2023,0.29690996269685344,0.05535416598557004,0.45592481019424363,1.376533706400768,0.38032684548498763
V5,DE,2024,0.28613682080603725,0.049801636715852506,0.47030068172549416,1.380909228213261,0.3817620237019716
V5,DK,1975,0.25836622154944033,0.0696084309565538,0.47638661191098425,1.5502459136137132,0.3252540463490895
V5,DK,1976,0.26650309812762385,0.07390631986119028,0.4732091633200359,1.5034689330362507,0.3235169299579909
V5,DK,1977,0.2660059935225285,0.07138318310542445,0.47205307391558665,1.5126650863528612,0.3300960269819217
V5,DK,1978,0.26728644710215843,0.07081332660147416,0.47187444744212054,1.5040040839374624,0.3323824318599068
V5,DK,1979,0.2590190250414962,0.06659423419022713,0.48177087494474,1.5189668120735667,0.32925481820945773
V5,DK,1980,0.23663236655412528,0.056542104578703636,0.4982489575188951,1.6221331769611682,0.32912354835525953
V5,DK,1981,0.23184683795613656,0.05564560161535293,0.4951165677675775,1.682542772697278,0.32906322591255127
V5,DK,1982,0.24436708414144678,0.06183446425395764,0.48547656191961963,1.6200583954094094,0.3291681442356147
V5,DK,1983,0.24669390598521412,0.06313322874304925,0.4833827820214405,1.610780087204537,0.3306910580638572
V5,DK,1984,0.2609139657034095,0.07069163282388319,0.471379653645143,1.5546535060967128,0.3304938804743949
V5,DK,1985,0.26371359080510753,0.07287262076873842,0.4705401962355841,1.5371674920484948,0.3315643763707618
V5,DK,1986,0.260227653479691,0.07090447189344037,0.478392682315438,1.526034251985262,0.3324005016170549
V5,DK,1987,0.2529844297637543,0.06403786519873055,0.48922024700792804,1.5297963125054614,0.33782239667068936
V5,DK,1988,0.24103776670289742,0.05816237695245835,0.4999422552778676,1.5746610384810829,0.3356430591205393
V5,DK,1989,0.24381264424797358,0.06002144513088176,0.4876253949855804,1.6138841743593988,0.3417422306333962
V5,DK,1990,0.24333049058994957,0.05940634134840662,0.4851445119556906,1.6307246781160232,0.3446474466908268
V5,DK,1991,0.24199482066189307,0.059591907574181945,0.48291687850314774,1.6538359663823354,0.3455848830642143
V5,DK,1992,0.24265268035695797,0.06113845504144725,0.478756642657876,1.6693480334385962,0.3457696328237293
V5,DK,1993,0.23398594966518882,0.05936654551133369,0.48179602499660695,1.7328838553333559,0.3440726228661584
V5,DK,1994,0.24699322625789788,0.0667456773167903,0.46941213774683643,1.6787757712573985,0.34090501587880445
V5,DK,1995,0.24606725864987306,0.06672447803458964,0.4705526686612482,1.6810839783422358,0.3414147949943066
V5,DK,1996,0.2455213446030585,0.06534569011227147,0.4700864232489401,1.6882333660459037,0.3467662060276113
V5,DK,1997,0.24286998052665984,0.06555981023674375,0.46943989148250725,1.7151039017313816,0.34885070086863806
V5,DK,1998,0.23194184291403733,0.05920362323818805,0.48280841902704535,1.7470246049549063,0.3512928846149084
V5,DK,1999,0.2366018896570841,0.059208005959332836,0.480758386693894,1.713820929890019,0.35493173512644344
V5,DK,2000,0.25510611256178695,0.06951236853619805,0.4613667917848107,1.6500416837166605,0.35409625360295416
V5,DK,2001,0.24407464750531532,0.06383855414751356,0.47158546254059946,1.693385552926679,0.35504712532320465
V5,DK,2002,0.2375313623727924,0.06035950063217566,0.47763511299860023,1.721505589026157,0.3564655948553054
V5,DK,2003,0.23365955045910855,0.057333733844479394,0.47899584308393833,1.750761750356436,0.36131646310833127
V5,DK,2004,0.24189777522809602,0.061121221447592,0.46888931545494356,1.7267103920837015,0.36404005300616943
V5,DK,2005,0.2462511646246047,0.06123649687946105,0.46409160009323375,1.7121758734991324,0.3712773805576151
V5,DK,2006,0.24834902844688833,0.06160254232905815,0.4628540254253741,1.7000132019352487,0.37075275817775516
V5,DK,2007,0.23632405682244992,0.053375907042645956,0.4754326144779733,1.744262631851239,0.3766140839670689
V5,DK,2008,0.2280277282129153,0.04999228975037361,0.48303065285414837,1.7841030470577512,0.3761429589335208
V5,DK,2009,0.21464065842612595,0.044283034364985034,0.5001821753568838,1.8284438562071277,0.3764848774904734
V5,DK,2010,0.23458402108841864,0.05438833771408903,0.47575555558215277,1.759027708791386,0.37935051014393634
V5,DK,2011,0.23743910443397656,0.05514388267897695,0.46950078981901594,1.7647529631406074,0.38294798021949067
V5,DK,2012,0.24110841074003014,0.0571147660782309,0.4623342006727168,1.7676410941626408,0.38423727845571026
V5,DK,2013,0.24884053824839086,0.06013807431997661,0.45573104364627953,1.7314887726460124,0.3848397857358785
V5,DK,2014,0.2544850581471727,0.06245850542970749,0.452149508041296,1.7006310754139162,0.3837724418131708
V5,DK,2015,0.2572878494693268,0.06262401221868932,0.452105841694549,1.6773929256802762,0.38549611522170496
V5,DK,2016,0.2583121437237207,0.06294477668433454,0.45046412419476556,1.6769460234016784,0.3858560025120645
V5,DK,2017,0.2672325030024792,0.06649717293261871,0.4414221822577174,1.648809400601425,0.3889675529983242
V5,DK,2018,0.26094595070870236,0.062446701273150364,0.44598000004735955,1.6771416596219286,0.3921422314714823
V5,DK,2019,0.26001063566647636,0.060052213440375785,0.4477352771937692,1.6762729249731518,0.39544136303695604
V5,DK,2020,0.25365463601360305,0.056347918567106275,0.4535521368719722,1.700746604581832,0.3943725985654363
V5,DK,2021,0.280783896231481,0.068808941119135,0.4292045464886657,1.6036593790149714,0.39635664249823577
V5,DK,2022,0.29935731695605844,0.07884879920318096,0.4035991103715762,1.5886718509424151,0.39714276382757513
V5,DK,2023,0.26011412717576976,0.05953378875986071,0.43786704907824964,1.7232341453289812,0.3978810564411588
V5,DK,2024,0.2732773929978498,0.06639360207758231,0.4257821360158445,1.6754449639831421,0.39891969445943776
V5,DK,2025,0.2738476534636313,0.06816697699932783,0.42645765645836675,1.667927072742182,0.39576569932014377
V5,EE,2000,0.36234936234936227,0.09795055808539964,0.39539272466974695,1.2731827942994731,0.34523510183555445
V5,EE,2001,0.3548095588727491,0.09874517739617215,0.38727265721331694,1.3396462700369913,0.3519778200457784
V5,EE,2002,0.3564276422123231,0.10595721910944639,0.37867647058823534,1.3645203408466187,0.35640037374445216
V5,EE,2003,0.3542348884275627,0.10948050522584342,0.37666982545165534,1.3829823006144342,0.35981296272243146
V5,EE,2004,0.3412421070185946,0.10699989494542596,0.37657355731280034,1.4503593734852989,0.36276715410573673
V5,EE,2005,0.346592443756382,0.11346756703310237,0.3752923993967965,1.4271346640227027,0.35781046814044204
V5,EE,2006,0.33617962293388426,0.11033428946733509,0.37620055510073674,1.4793534474151877,0.36138227916751403
V5,EE,2007,0.33376715992155465,0.10756879295359446,0.3832596216407646,1.4645566179922418,0.3659995367784303
V5,EE,2008,0.2938503421502829,0.08832891303463672,0.4200834307232827,1.5534265030515517,0.36839857477547827
V5,EE,2009,0.22936449649757978,0.05914379870301978,0.45082574090451033,1.9435041029965245,0.3778682825072017
V5,EE,2010,0.25725983255909357,0.07665420220811651,0.41668443186883475,1.8507335413477006,0.3734920449909669
V5,EE,2011,0.2894828763317086,0.09612906911061887,0.39201693982693364,1.7082214849025459,0.3689408985989586
V5,EE,2012,0.288004210727786,0.09767078212223819,0.393739588579398,1.7113005074962229,0.3645367012629736
V5,EE,2013,0.2704183972253969,0.09192289338867529,0.3978849482237672,1.8287204083428676,0.36402213157031
V5,EE,2014,0.2721737663538556,0.09247395774859535,0.4000812515492879,1.8040942517971745,0.36630348242428207
V5,EE,2015,0.2540067028227255,0.08284479204780061,0.4204673213681003,1.8610971892990174,0.3639856163752036
V5,EE,2016,0.2638207574781948,0.08520356718542402,0.4219541600933729,1.7691010299229153,0.3660992128866923
V5,EE,2017,0.27387932716276836,0.09047624082888586,0.4159713876305816,1.7164590459461964,0.36389018970285475
V5,EE,2018,0.27326459692979616,0.08900194226185221,0.42051119393122405,1.7001030846086749,0.36181956757190425
V5,EE,2019,0.26726790499911135,0.08483891024908957,0.4287638387306849,1.7085528782586386,0.3601922949504171
V5,EE,2020,0.2536252033311553,0.07623901199157453,0.44632171058289116,1.7367353442563236,0.3613180163159532
V5,EE,2021,0.2738999096750005,0.08664269231219766,0.4277836870752537,1.6613601669833948,0.36229076409667815
V5,EE,2022,0.2809950603359119,0.09087718286500067,0.41600586418456903,1.6623016160868023,0.3610311321695176
V5,EE,2023,0.2575928220465712,0.0755501889865049,0.44480829229301505,1.7104990772834934,0.3638643199932571
V5,EL,1995,0.6749520631424617,0.18540465075859616,0.2310581701072283,0.9081958182615304,0.3919909569958609
V5,EL,1996,0.6639046611629201,0.18414927437231352,0.23322934195221387,0.9217115748726236,0.3894797461219889
V5,EL,1997,0.6592459638506473,0.1836166654348354,0.23888558169375992,0.915637100342214,0.3961419568317133
V5,EL,1998,0.6434550420141726,0.18129300413786392,0.24207984148604725,0.9358115557768856,0.39770257357959615
V5,EL,1999,0.6177253032787687,0.17126623567164567,0.2458003660032898,0.9751300864058338,0.4136276664941626
V5,EL,2000,0.5977302062066782,0.16489232575299625,0.243108466089184,1.0231677335263736,0.43052647563652435
V5,EL,2001,0.5836920651139097,0.1656894799711436,0.24243384113005703,1.055452842873607,0.43210525518801907
V5,EL,2002,0.5580389216982194,0.15919526833737402,0.2656343718742593,1.0503412699159682,0.4144020432068842
V5,EL,2003,0.5800874949806623,0.16698260848591234,0.2585137239949553,1.019718064176522,0.4250533861587371
V5,EL,2004,0.6113887442750104,0.17497101568584952,0.2499220960831388,0.9769207448106847,0.4350056532034024
V5,EL,2005,0.5962806608478597,0.16801301418014464,0.26200597659567887,0.9756562047585804,0.4321120159562812
V5,EL,2006,0.6069934331375644,0.16791492259536953,0.2532782058668963,0.9769192779399382,0.444271559796169
V5,EL,2007,0.6059220496111288,0.1659615028674172,0.2543614667369481,0.976223447183235,0.4490463608966684
V5,EL,2008,0.5860283984621873,0.15942984955007716,0.25506097571502806,1.0161044255518494,0.45753245926680247
V5,EL,2009,0.5688926901023419,0.1509586635247154,0.25740097882829355,1.0479401410200129,0.47279873385594506
V5,EL,2010,0.5386199370366552,0.13829604291867015,0.2688048571736932,1.0887296352350906,0.4713753692684719
V5,EL,2011,0.5040784722198274,0.12430999297139131,0.2812658290098109,1.1445720327522186,0.46537670592634145
V5,EL,2012,0.4808776188280634,0.11549823012480548,0.2814404141155825,1.2128266462554196,0.467169689924181
V5,EL,2013,0.4912037736891812,0.12251847451795697,0.27632780520202055,1.1969348885326925,0.4485874122309584
V5,EL,2014,0.5020528402252317,0.12720479543783225,0.2820078464352003,1.1481048748526488,0.44311159002313566
V5,EL,2015,0.5248283975885164,0.13688272291895803,0.27813994609233245,1.0972811576903,0.4403746462004781
V5,EL,2016,0.5188234653960759,0.13536170468236047,0.2897385364779345,1.0792463126939194,0.43673608804673075
V5,EL,2017,0.5421428515789074,0.14532824919093099,0.2865003911375795,1.0295726821944087,0.4330005509091561
V5,EL,2018,0.5480104796690456,0.14814450820212402,0.2935720179594556,0.9955054873962274,0.4290176896335041
V5,EL,2019,0.5717893362118368,0.15880058290732785,0.2943700938379988,0.9397031241707035,0.42273282328606676
V5,EL,2020,0.5194403954426011,0.13706446320572493,0.30852459097887514,1.0226683910993426,0.4296555991557692
V5,EL,2021,0.5721150044705036,0.15760371067942577,0.2988453482218064,0.9267030927373973,0.42820182588616523
V5,EL,2022,0.6337145457857534,0.18512025995609982,0.28000207615599715,0.8561528829372413,0.4214980167905921
V5,EL,2023,0.6593436140248483,0.19660634308141728,0.2735166303472752,0.8283115427020298,0.42223734418722975
V5,ES,1995,0.2967526042898494,0.1077452124881822,0.40470698999194377,1.6013175617811932,0.3175380989290714
V5,ES,1996,0.296992920681347,0.10799551614167474,0.4025982883759319,1.608903232446644,0.3202697523057902
V5,ES,1997,0.2905906789161662,0.10409389306330927,0.4109851917808451,1.615971799462093,0.32373625407332557
V5,ES,1998,0.2880945176928045,0.10224214776305121,0.41214295969971354,1.6283576545019045,0.3281393441983447
V5,ES,1999,0.27974161097646305,0.09750501926548238,0.41232211333617386,1.6884661269706007,0.33349862941994846
V5,ES,2000,0.27760531904659713,0.0954811168732527,0.4109593074034893,1.7109045481577145,0.33773085402150155
V5,ES,2001,0.28412818593474853,0.0980975027031193,0.4024541008317699,1.700631508934026,0.3390571571048632
V5,ES,2002,0.28351048172417326,0.0963555072487252,0.39983033139563434,1.7170919952655348,0.3416301641428575
V5,ES,2003,0.27993714172673545,0.09346505964790691,0.39798474216554175,1.7525525324563584,0.34270323753786075
V5,ES,2004,0.27220428721650075,0.08868766370193275,0.4004686162303429,1.8020366782318749,0.3427562882694564
V5,ES,2005,0.2676188561576361,0.08548733882559613,0.400284056620456,1.8406490076263027,0.34500109083810815
V5,ES,2006,0.26647543590781597,0.08364752423232691,0.3996208345548715,1.853416723671781,0.3501561579632086
V5,ES,2007,0.2723878372093275,0.08567054576073484,0.39473940961996407,1.8273149837812315,0.3562905243887827
V5,ES,2008,0.27895272524181186,0.08695152469133367,0.393229562121719,1.7819434438143171,0.36832616199520934
V5,ES,2009,0.2749858663940064,0.0851318528201201,0.3889995308468215,1.8329345531315975,0.3761701711454652
V5,ES,2010,0.2651004423070467,0.08087253562677921,0.39277694138624186,1.8977626493038993,0.3818254020782315
V5,ES,2011,0.2687773896105886,0.08526152864782172,0.3831082670910057,1.9120689195122365,0.3875363555279792
V5,ES,2012,0.2710390435391657,0.08975926838273404,0.3698734058976265,1.954982031438356,0.39452547881913663
V5,ES,2013,0.2747251654256862,0.09199775042552462,0.3613703683722412,1.9632424156011643,0.40162245056396534
V5,ES,2014,0.27718370839422524,0.09100270554862416,0.3605936506562889,1.9462026363546123,0.405107274601565
V5,ES,2015,0.28572064141412773,0.0939081542418822,0.36015668759317604,1.8792450904513638,0.4035982527830928
V5,ES,2016,0.2883144063035315,0.09632330281907159,0.3588242491552703,1.8650526603104087,0.3996515919492151
V5,ES,2017,0.29000150791346835,0.09801877040932434,0.361566872206107,1.83991522486075,0.39368917332525466
V5,ES,2018,0.2896929499247831,0.09712602170516985,0.3653553594271587,1.825393986518687,0.3915888342664747
V5,ES,2019,0.28932105827551235,0.09406565721589756,0.3722594814870109,1.7974426558361887,0.39560932893845174
V5,ES,2020,0.24238710164122906,0.06887303585490522,0.39526342874296577,2.099657163822802,0.40944816023749436
V5,ES,2021,0.2464734145629264,0.07121482598494086,0.3920543894014874,2.0745224285347925,0.4053870203726293
V5,ES,2022,0.26648896509965686,0.07940442761937694,0.3803333149095733,1.9449662893674542,0.4023477676551122
V5,ES,2023,0.28402188855114235,0.08565739690613973,0.37620374279874286,1.8200926778165063,0.40165133206610387
V5,FI,1980,0.20022152204698881,0.07539608218216601,0.5049324295819211,1.9676667463542918,0.2872774370273329
V5,FI,1981,0.19243363586872614,0.06863675763491874,0.5189538804385043,1.9808488042109422,0.28867738420052025
V5,FI,1982,0.19853727376672614,0.0715453319851702,0.5105998857360503,1.95442899765124,0.2905532701575631
V5,FI,1983,0.20189407595649075,0.07127407102179042,0.5049483602492507,1.9470881217792537,0.29449746111336117
V5,FI,1984,0.2031724707013601,0.07054820039724588,0.5082092370165712,1.9123488301553542,0.2932532554362485
V5,FI,1985,0.1969648124629715,0.06461220152431084,0.5225866629331255,1.9012642325491629,0.29326499907886927
V5,FI,1986,0.1982238420444678,0.06390196192626156,0.5233159456364254,1.881460641514173,0.29364633615673413
V5,FI,1987,0.19392389833057594,0.05876867782536462,0.528644872062356,1.9019742109664919,0.29938837631399834
V5,FI,1988,0.20066534387617108,0.05842182695664389,0.5220379154348488,1.8598486392265168,0.3054077052708858
V5,FI,1989,0.2010308321003232,0.056339412421179264,0.5212524276138818,1.8602109896354795,0.308106146324801
V5,FI,1990,0.18597051837183906,0.04789309785280962,0.542548646342754,1.9172571210563245,0.30552368656072415
V5,FI,1991,0.15950392667816524,0.03281814739997186,0.5759650581044424,2.0824957755974305,0.3125210633102926
V5,FI,1992,0.163740117259513,0.038310579930502194,0.5625442060972148,2.109102799074145,0.31010947125825467
V5,FI,1993,0.18180436338298003,0.051490478165510556,0.5264495871202693,2.078275646465973,0.3089219828229446
V5,FI,1994,0.20475658938303257,0.062026658845270935,0.4999864974800923,1.9420033013661173,0.30779080880377047
V5,FI,1995,0.23319090798994827,0.07418478471875005,0.48147498814836837,1.7421323399468711,0.3040328760902267
V5,FI,1996,0.23337128706004892,0.07477150688943815,0.4873321911784461,1.7094582335563626,0.30116622244819324
V5,FI,1997,0.2517519647142351,0.08358001842461264,0.4720101633935241,1.6252518667391893,0.30203431274682613
V5,FI,1998,0.2668044363176351,0.08992281220228261,0.46601905905162033,1.535375476654924,0.2981844790263657
V5,FI,1999,0.27088362833377194,0.08879855302374771,0.46807984812231096,1.4955683618104,0.299273510022871
V5,FI,2000,0.2808407919717928,0.09188469546675003,0.4619309914778632,1.4539908542922468,0.2978246101834152
V5,FI,2001,0.2857832364599807,0.09365714076084963,0.45770935840600185,1.4398499537194913,0.29772920933431
V5,FI,2002,0.2863765130054082,0.09295704334667197,0.45866384124165976,1.431631396580854,0.3037297861241523
V5,FI,2003,0.2855941397191285,0.09037879384799953,0.4598072252866206,1.4316628701594534,0.3088709677419355
V5,FI,2004,0.29317882741965806,0.0926036167035884,0.45490231224233735,1.4043645814662127,0.3105780723677062
V5,FI,2005,0.28576124295145416,0.08603810812981083,0.4627750313326835,1.4172033839298148,0.312991795335616
V5,FI,2006,0.2866456034175863,0.08470617911070907,0.4645113557011273,1.4036095500947694,0.3130271213946741
V5,FI,2007,0.3054966200177297,0.09177805315270876,0.4477347814529298,1.3600273421182547,0.3136773232123315
V5,FI,2008,0.2923573948547192,0.0831067272608505,0.4580930058266409,1.3954841696118268,0.31914382439663647
V5,FI,2009,0.24792844773268555,0.061930155256343475,0.4936549044998381,1.548648429912593,0.32607062359128475
V5,FI,2010,0.26702579144654287,0.07017352978791228,0.4834530260747223,1.4509929730440092,0.32460365458551127
V5,FI,2011,0.2675891345194739,0.06858166534102933,0.48605480062374695,1.434595678324794,0.32571387366599364
V5,FI,2012,0.25119288525153266,0.059142230009764936,0.5005975400648758,1.4875258872170962,0.3273287650737604
V5,FI,2013,0.2525943248105746,0.058452555524750226,0.4976046320244533,1.4913369974135904,0.33013511642168986
V5,FI,2014,0.2587124602639615,0.060247212804879054,0.4909216105534012,1.4768165839162106,0.3318865598027127
V5,FI,2015,0.2628588723940385,0.0634560427591902,0.4909680244054008,1.4455539235071464,0.3221834418749756
V5,FI,2016,0.26794701511289803,0.06446615880872206,0.4860534451536497,1.432036796044976,0.3230823815962333
V5,FI,2017,0.28538438122163634,0.07174005482624785,0.46565075538201495,1.4067335787942714,0.32347874092194057
V5,FI,2018,0.2787717593417641,0.06778060619566366,0.470564194259076,1.4286088316996073,0.32486760852436186
V5,FI,2019,0.2744306585895235,0.0648844178718722,0.4726042321652026,1.4491772865084949,0.32597867296474203
V5,FI,2020,0.2672418491765015,0.061872865773574995,0.4723792402787712,1.5019401312832719,0.3268993136043439
V5,FI,2021,0.26898813489904577,0.06185356043878309,0.47323908255123537,1.4850663187128903,0.3305589893824192
V5,FI,2022,0.2661221332234102,0.06064481334715947,0.47206788394757476,1.5117284642097009,0.33182441592211764
V5,FI,2023,0.2518069106829842,0.05545367721452744,0.48490124272077806,1.5607088474951836,0.3287676407482397
V5,FI,2024,0.24874636518139287,0.056265409128131494,0.48812972972972973,1.5696702702702703,0.324794568687707
V5,FI,2025,0.25345750922222193,0.056915772954910133,0.4909736968920286,1.5173562384490327,0.3245521371381946
V5,FR,1978,0.3870033648872088,0.08073935622498171,0.45661440544359355,0.9474705298767359,0.37867602912189113
V5,FR,1979,0.3852154302426165,0.0783379436437459,0.4543201779911326,0.9622373614230781,0.38271237390525187
V5,FR,1980,0.3736017792807325,0.07270476239451297,0.45803077806957726,0.9926293953745523,0.38732921034512324
V5,FR,1981,0.36794389848873765,0.06914264883111924,0.4577023103824763,1.0161574053103573,0.3933446474741831
V5,FR,1982,0.3717848157034144,0.0689807524569916,0.45654705043540855,1.0051935226334032,0.3970509721607676
V5,FR,1983,0.38629344886748096,0.07234661835558698,0.44898744376934374,0.9774218257797308,0.40039260015274275
V5,FR,1984,0.40052670080468183,0.07616132245254713,0.4421846247450699,0.9505199668196024,0.4015897001767559
V5,FR,1985,0.4139276129409315,0.0792892230801035,0.4353654285654628,0.9287247016455699,0.40444823346496545
V5,FR,1986,0.44195875685871017,0.08831466861144206,0.42087431661783314,0.8894870562360314,0.40580148883131784
V5,FR,1987,0.4460788714861674,0.08851934617772027,0.41877932581183136,0.8841756252975084,0.40582115309203237
V5,FR,1988,0.46710960254394557,0.0954778244285873,0.4079278609524086,0.8595950840332691,0.40681275276985757
V5,FR,1989,0.48164347607339447,0.10052632307575797,0.4020682317300082,0.83937237314362,0.4056596281622532
V5,FR,1990,0.47570013539126293,0.09756925293588746,0.40732457688651597,0.838576735767114,0.4035691762631635
V5,FR,1991,0.4674041593915503,0.09317476211117635,0.41188226712879555,0.846381531029943,0.4040685504494541
V5,FR,1992,0.4757678692795507,0.09501452694906991,0.4110350846199608,0.8268898645194196,0.4026593863699826
V5,FR,1993,0.4743235335308753,0.09245989655851497,0.41425643001872636,0.8206466025611354,0.4019892271776791
V5,FR,1994,0.486451117267975,0.09435518122959682,0.409361699966187,0.804816413861525,0.4048542416711744
V5,FR,1995,0.49383673772737163,0.09539432829050808,0.4095782456856741,0.7860026198275661,0.4037784956276119
V5,FR,1996,0.4981213007943846,0.09348932700701428,0.40870287616533313,0.7783516081373637,0.407935467245974
V5,FR,1997,0.512416961552656,0.09651382559962675,0.40386872850403843,0.7595027369713544,0.40845722564958203
V5,FR,1998,0.5280917199713612,0.1003712276806934,0.398539359343536,0.7403927956409838,0.4101496663221609
V5,FR,1999,0.5244348167757026,0.098011027357292,0.39924189057923903,0.746292483195379,0.414643268805659
V5,FR,2000,0.5313162941560768,0.09976675039722085,0.3956502522559643,0.7418073307153289,0.4176885112394332
V5,FR,2001,0.529016790943853,0.0979301465177487,0.3970168850520766,0.7428015957037084,0.41841248599905195
V5,FR,2002,0.519886513356263,0.09394724005986783,0.4023732873068482,0.7471597306493528,0.4172674432678839
V5,FR,2003,0.5168353683731501,0.09098224540406884,0.4021381743463719,0.7546360370152192,0.41937282702404177
V5,FR,2004,0.5235639931516758,0.09124672213574009,0.39731547294903224,0.7538036546728148,0.4218618402066743
V5,FR,2005,0.5199965706105152,0.08872937826083334,0.3968295523526328,0.763121266052188,0.42404247161264386
V5,FR,2006,0.5180445185822112,0.08685943033897882,0.3969330121323534,0.7671889237933962,0.4248050758012768
V5,FR,2007,0.5246219693978992,0.08815282561251833,0.39154601347560697,0.7682490809286678,0.42580941343389833
V5,FR,2008,0.5140849144167071,0.08505464601840461,0.39544427267061333,0.7805399088829922,0.42384295488884777
V5,FR,2009,0.4810165110356195,0.07379830422157929,0.40857585112842393,0.820953978519733,0.42571960188072516
V5,FR,2010,0.4839671252831218,0.07361926492704493,0.40609050835452964,0.8210785711527449,0.4277196491469976
V5,FR,2011,0.4836120026286233,0.07253731719495043,0.4049035221372899,0.8256211022064491,0.4304478296244379
V5,FR,2012,0.47241750447378217,0.06880109393615674,0.4103906430737601,0.8376777526623288,0.4308882164948718
V5,FR,2013,0.47153121992495284,0.0681276499195049,0.4116031277818536,0.8362397452983074,0.4304169932185225
V5,FR,2014,0.47401403097554645,0.06768583159071084,0.41202432548373735,0.8283939661566536,0.4313158059611239
V5,FR,2015,0.4848198878787781,0.0698959611137904,0.4080926590681123,0.8127882406854993,0.4322365670545653
V5,FR,2016,0.4805985109763714,0.06733922938168045,0.4098571481123622,0.8180760194056125,0.43478930778659075
V5,FR,2017,0.4761872052406233,0.06457207117102416,0.4119864052418944,0.8228506258391382,0.4380071019856113
V5,FR,2018,0.47377919749064495,0.0635242398405444,0.4121096413229417,0.8287434011719571,0.438958692205281
V5,FR,2019,0.48505847545034514,0.06714808752685196,0.40362461949266937,0.8258671030334344,0.4388772020490713
V5,FR,2020,0.4460106941152364,0.056810440845143945,0.4127670311351983,0.903867248295504,0.440374255812601
V5,FR,2021,0.4532649612849063,0.05765910562561018,0.40988763244566473,0.8920271810918668,0.4414311054727409
V5,FR,2022,0.44968061503978723,0.05669668646631005,0.4138139614616793,0.8897468746807807,0.43834978990179174
V5,FR,2023,0.47340473194369403,0.06346310502326558,0.40397486103521285,0.8550432660494938,0.43811364212805565
V5,FR,2024,0.473361608163686,0.06378962185979586,0.40633284715211065,0.8478186146677553,0.43693132488610814
V5,FR,2025,0.46501604079002407,0.061963381343760796,0.4098978522321508,0.8590952490925134,0.4367548100113383
V5,HR,1995,0.24371946964410326,0.07936515020003616,0.4271892938774798,1.9230977265192892,0.38061145755594067
V5,HR,1996,0.26180038988802046,0.08627420362273577,0.42351080086929144,1.7785073068091943,0.3826676815617444
V5,HR,1997,0.2701325045836963,0.08900987490719824,0.4283040935672514,1.6880495356037153,0.3820942928039702
V5,HR,1998,0.2576562395541482,0.08004374494793397,0.4492432607989607,1.688320883403703,0.38174585437804504
V5,HR,1999,0.23889323654550193,0.0687883712020413,0.46600627329026034,1.769275622637463,0.38335875696193555
V5,HR,2000,0.23474504402465604,0.06573198260891425,0.47268089676466646,1.7736672867562921,0.38293539853288494
V5,HR,2001,0.23657794656984002,0.0683393207470254,0.4589346925392709,1.8281141017616027,0.38328433296749953
V5,HR,2002,0.23704035998871564,0.06721949494215596,0.457578868275957,1.8307282020890432,0.3821024351206127
V5,HR,2003,0.23801607389038512,0.06704602426551691,0.45608431032128427,1.8291213935977217,0.3829440485616258
V5,HR,2004,0.23853097897490624,0.06827826477860192,0.4461144810063163,1.8759550521588209,0.3873975699350099
V5,HR,2005,0.24993250101675682,0.07910821421826088,0.42395944924065787,1.8808250362341674,0.38544759077414936
V5,HR,2006,0.24275339246455913,0.07651826002930634,0.42140583046339425,1.962058984023504,0.3860316958879587
V5,HR,2007,0.24087912447224336,0.07511694615719375,0.41970507051591327,1.989365996790106,0.38628957560458227
V5,HR,2008,0.23644494955831238,0.07282199983497767,0.42253690363899615,2.0197360120639,0.3827127986378078
V5,HR,2009,0.2060484998412405,0.0587472748414969,0.4401357215519129,2.277012323104856,0.38587239700307235
V5,HR,2010,0.20651133804380814,0.05881356852383747,0.4245362795444605,2.362059971812276,0.3979655129636522
V5,HR,2011,0.21004484449050945,0.06267597308747841,0.4117881514195989,2.38862263708218,0.39711052024753524
V5,HR,2012,0.1960648854577832,0.05721657457879856,0.41624924698043314,2.5610852800899964,0.3986768149319896
V5,HR,2013,0.18576467212948652,0.05658670629870971,0.4150784988665939,2.7336445302661407,0.39263496181855706
V5,HR,2014,0.17403914325351985,0.052689473943303755,0.4184777970828483,2.922852159190598,0.39622753016498397
V5,HR,2015,0.17099576830233676,0.05364450205824864,0.416596367564828,2.995205212247715,0.39788050235660377
V5,HR,2016,0.16758574285932568,0.05414345894561285,0.41907961699099905,3.047327328477121,0.3903322084878642
V5,HR,2017,0.1619524737298699,0.053425143579422095,0.4227317743904101,3.1416980383486632,0.38685034769659243
V5,HR,2018,0.15320268529617673,0.04994866948670951,0.4373700788308391,3.2350846179094,0.38022227299432076
V5,HR,2019,0.15187681422148636,0.04980752339036948,0.4346798351719913,3.287548391208803,0.38099729288177864
V5,HR,2020,0.12343707265111056,0.03437995490975625,0.4716266717603818,3.808880933382216,0.3840229519674551
V5,HR,2021,0.14395666872065824,0.04759897954448997,0.44050945772866323,3.4460110296063435,0.37436812928685526
V5,HR,2022,0.1591221785296583,0.057241772959134636,0.4277484980492855,3.1685540867852624,0.3629081055483939
V5,HR,2023,0.17089989619136195,0.06388276238537301,0.4146175949587105,3.0106764987592785,0.36349185172148524
V5,HU,1995,0.15398259191596528,0.057284525070143866,0.45530402501144074,3.0820826900129594,0.33340012523481527
V5,HU,1996,0.15452439534230245,0.056757964492416275,0.44134906443446914,3.1739437463091504,0.3449341097149862
V5,HU,1997,0.16539646039502323,0.06234496317022009,0.4273914959555321,3.034644527529392,0.3476154568091443
V5,HU,1998,0.17442466755061847,0.06595261645464891,0.41672682940118777,2.9272564430883237,0.35896509093956924
V5,HU,1999,0.16609413178004284,0.06226196733707731,0.41555988988766973,3.103168338791112,0.3583608637846985
V5,HU,2000,0.16409376496487965,0.05945743367247696,0.42918024198651433,3.049439181095502,0.358421914047376
V5,HU,2001,0.1824385974642038,0.06678334291170505,0.4146705893536586,2.793693313801148,0.3680151565808536
V5,HU,2002,0.20592485401033464,0.07871941607724035,0.39958285273745414,2.516127104412318,0.3664666308707874
V5,HU,2003,0.2058938493453132,0.07487249350548128,0.4105438844744385,2.452368812528763,0.37333850243686306
V5,HU,2004,0.21609813581277743,0.07872511216602851,0.4059429310318288,2.3430723102789477,0.3770024910555617
V5,HU,2005,0.22176548306992241,0.07970336465589085,0.40501380339169046,2.277938423311286,0.3818077993766209
V5,HU,2006,0.227262266395703,0.08210307570872223,0.393181031074442,2.2769453323975344,0.3887782473426176
V5,HU,2007,0.22250644635732703,0.07773953850217062,0.39461989839012995,2.326110720972149,0.3950716101803738
V5,HU,2008,0.22261658657850936,0.07614438066372989,0.3871216905190808,2.3659450009638454,0.4062306922153051
V5,HU,2009,0.1997244448327945,0.06500560821494805,0.39393752870488297,2.640555679187125,0.4116912227441682
V5,HU,2010,0.20702587735558078,0.06861448913586271,0.38115967055325733,2.6080334552116105,0.4177390275120769
V5,HU,2011,0.20699679289139966,0.07025736283599786,0.3839516749295454,2.5921733000774965,0.4102327854446329
V5,HU,2012,0.19343100868758062,0.06291395076369567,0.40565044854592763,2.6670190034033916,0.4033039942811187
V5,HU,2013,0.20460958301588925,0.0692485504422304,0.3881107537284182,2.6024102045400155,0.4104237796515297
V5,HU,2014,0.21967066824982562,0.07980727392680126,0.377347832620056,2.457132402455381,0.4017403963868576
V5,HU,2015,0.2278819394801852,0.0853846772601297,0.3722427360537204,2.382505031049887,0.39770886834355546
V5,HU,2016,0.22777678781376762,0.08420710199547407,0.37767987773508765,2.354469118824329,0.3986990908418952
V5,HU,2017,0.23113758900013062,0.0863567268549921,0.37892101095910774,2.3081321495743845,0.39430990147324096
V5,HU,2018,0.23484778222315456,0.08975374278929055,0.37268207413960297,2.298486117963287,0.3905367010603263
V5,HU,2019,0.23376176364722226,0.08897393847383431,0.3709565058022152,2.3200032319378523,0.39311437672487176
V5,HU,2020,0.20858438759199688,0.07807714845813166,0.3845148035995164,2.5662582792086193,0.38412021580711725
V5,HU,2021,0.21116207195075964,0.08141705157473114,0.37409435212891906,2.5900063601288883,0.38001768402738645
V5,HU,2022,0.1993114019988131,0.07444211527984425,0.3745690572651757,2.7633896167626593,0.38690952557963254
V5,HU,2023,0.19238935881453237,0.07244838517557854,0.38186556485601175,2.8310690743195557,0.3796209608225145
V5,IE,1995,0.46999440350880334,0.18733208102756765,0.36802954314867264,0.9766044612847231,0.3385931558935361
V5,IE,1996,0.4737080991385973,0.18470224883522665,0.3699972738956031,0.9599414103912176,0.339686315090391
V5,IE,1997,0.5178897256294428,0.19905800712847205,0.3536896031686117,0.894279539385555,0.3424431736581672
V5,IE,1998,0.5542104149586097,0.20743126745880056,0.3434928084262499,0.8410883070744036,0.3314399829263087
V5,IE,1999,0.5498326048544592,0.20021817925087998,0.3433631488271168,0.8508855104474548,0.3291172202405978
V5,IE,2000,0.5730047489228773,0.20471799605645846,0.3320942569522762,0.8335256516143447,0.33341840933323474
V5,IE,2001,0.5735759385626685,0.20066369522348076,0.3340380661426979,0.8270321411016034,0.3261619625203647
V5,IE,2002,0.6069580936869793,0.20359442410132872,0.320856951760684,0.7980721066094708,0.33015827487162325
V5,IE,2003,0.6086861450845688,0.18623952247069053,0.3296865621754116,0.7715598572440043,0.32886426531997126
V5,IE,2004,0.5963211376701044,0.16704137161220808,0.3338603129919185,0.7832218176378395,0.3386638650227213
V5,IE,2005,0.5791868475468043,0.1522187124665483,0.34392803337902655,0.7888186258378096,0.34128376856676024
V5,IE,2006,0.5605982926173674,0.14041010904311607,0.35379147721669346,0.7989207791232875,0.3400823666689546
V5,IE,2007,0.5718099541837415,0.14732963132190513,0.35172998774037767,0.7819858692789841,0.34874958637079223
V5,IE,2008,0.522304154280034,0.13985678845286423,0.3703193291103241,0.8352630231067555,0.3602393529257913
V5,IE,2009,0.4955216220477796,0.14057323753413295,0.37394777774566046,0.8894728166314985,0.35660673577358165
V5,IE,2010,0.5504875135060113,0.15797629648967335,0.33802208360824754,0.8645082193511558,0.37767177929085666
V5,IE,2011,0.6274666032292758,0.1678452024970445,0.3022031047508755,0.8098830073352367,0.43231196523764726
V5,IE,2012,0.6076426619355194,0.16224029893515576,0.30021183538122265,0.8514323931358264,0.43535427420405026
V5,IE,2013,0.6148205421774827,0.1526838139306733,0.2951027293875304,0.8514062472253301,0.4327334146211583
V5,IE,2014,0.6495331312438797,0.16057188939912084,0.28017239143851425,0.8280506905511442,0.43271035643309624
V5,IE,2015,0.35545933660703244,0.14584744024994487,0.2376913203807096,1.906882196510867,0.43074361875027783
V5,IE,2016,0.31315042616075706,0.12410036912519022,0.2615831036435819,2.0964430546135007,0.43158256705468806
V5,IE,2017,0.33510059408776566,0.1347566073204769,0.25287377262964095,1.976684278152807,0.42911910985555723
V5,IE,2018,0.36363965573686763,0.14735320187933368,0.24595776043586,1.8276396255152767,0.4235002309450025
V5,IE,2019,0.3383290723924988,0.14533231403720573,0.24295791315638005,1.9946330851287692,0.42522463007088035
V5,IE,2020,0.32109919598395015,0.1395233353657183,0.23954860393254643,2.128727011760568,0.42995862510956334
V5,IE,2021,0.4150005415062866,0.18118845732721747,0.21628532931147038,1.672181292548727,0.4264825137436781
V5,IE,2022,0.4982622424986898,0.2139563717813858,0.20042798857630892,1.4042932670700963,0.41527141175171434
V5,IE,2023,0.47324600369872905,0.18452138859409556,0.22407950409088276,1.4154916488502682,0.418126501223427
V5,IE,2024,0.5367947731067109,0.19996300914474627,0.22443270391057552,1.2203788608533894,0.4123817173755461
V5,IS,1995,0.3222023627882646,0.09132230314545071,0.4548069830341775,1.2372756331448242,0.3105080702277556
V5,IS,1996,0.30842738392917474,0.08522705907421561,0.47230765673056924,1.2386050921536436,0.3110241532856564
V5,IS,1997,0.31538508076713656,0.09068707999501376,0.46066462506207584,1.249420625724218,0.3112334869906877
V5,IS,1998,0.3094404091631926,0.08628522396466683,0.4684668057067975,1.249257119654491,0.32834083090764754
V5,IS,1999,0.28475994074762545,0.07252246982901486,0.499080318822808,1.2600143061516462,0.3315235987864133
V5,IS,2000,0.29235791187305415,0.07530430125176014,0.49560609789642845,1.2296555817758028,0.3370708185673619
V5,IS,2001,0.3172411929976227,0.08836781950560797,0.4703202525935949,1.199323410013532,0.3409947963848569
V5,IS,2002,0.3197539131162635,0.08557590383656574,0.4694231864331449,1.189905415352991,0.34466979485787413
V5,IS,2003,0.3033708773007126,0.07385369972058613,0.48362741187958147,1.218489128491466,0.35288813646651823
V5,IS,2004,0.3123392155977794,0.0766680855391778,0.4776849732068732,1.1945835115348815,0.3579338912841322
V5,IS,2005,0.29611353973291804,0.07050393617779926,0.4890310313827204,1.2365535841608717,0.3607666747710511
V5,IS,2006,0.2664023284715908,0.06407003668643887,0.501027832080453,1.3719744452729803,0.3565123984055495
V5,IS,2007,0.2883764200390345,0.06857252583860307,0.4761489947384927,1.3404038468239312,0.38146429783863295
V5,IS,2008,0.2797221061429168,0.0805601750547046,0.4574742920824679,1.4820424497239253,0.35439825571004757
V5,IS,2009,0.2844054954974165,0.09373590875154314,0.4112670668549906,1.6587806026365344,0.34393409533644703
V5,IS,2010,0.29711558033105506,0.0958375804160749,0.4088391294123793,1.5808272150079687,0.3462366040652615
V5,IS,2011,0.29636391106186893,0.09100985379480014,0.41847423291664615,1.5437274568901624,0.35526966848095004
V5,IS,2012,0.2944316353243509,0.08977208456258887,0.4269437075644786,1.5193698799827045,0.3500097852580639
V5,IS,2013,0.29202380462815575,0.0879519610047833,0.4426042005404859,1.4661299184785646,0.3447382837790727
V5,IS,2014,0.3140781926466388,0.09775841670591212,0.4356706384070919,1.3611091916011013,0.34380575710717254
V5,IS,2015,0.3250763078587434,0.1050459800281155,0.4369002702182661,1.2953075719675742,0.33983086199704193
V5,IS,2016,0.3257185761634733,0.10146198570067577,0.44916027107039125,1.241992058703857,0.33969308196856574
V5,IS,2017,0.3103540753348732,0.08976599867214062,0.4727900040698064,1.2259471411129401,0.3417954876027467
V5,IS,2018,0.2987477950455631,0.08440526197121186,0.49109534131060906,1.2123637875233828,0.3322567361341009
V5,IS,2019,0.3064662878586729,0.08937097543073771,0.4793085195967567,1.2197086350840889,0.3304147620328045
V5,IS,2020,0.2815698608857479,0.07832504289372218,0.4837866035049133,1.3495537791312437,0.33316815328708294
V5,IS,2021,0.3038696494849696,0.08673059885240941,0.4720275248911488,1.2654690497214023,0.33375735957711977
V5,IS,2022,0.326677702415657,0.09880561621322198,0.46272828024863877,1.181925504746302,0.3274315210006934
V5,IS,2023,0.30586468533937294,0.08959159809752006,0.478787009357039,1.2252769628032245,0.32663195574357307
V5,IS,2024,0.2921459598600329,0.0821117509875779,0.4849885447640488,1.2778681296280705,0.3308366757972999
V5,IS,2025,0.295497951773892,0.08418276519840512,0.48043492878416916,1.2778346906729217,0.3304688619651853
V5,IT,1995,0.40953550816866147,0.14366924480750848,0.3413578859918578,1.2669083103959036,0.33228457518789173
V5,IT,1996,0.4162035627545703,0.14578842616460477,0.3423850294834239,1.237647025418429,0.3331770643264511
V5,IT,1997,0.412626892400271,0.14372774178070966,0.34688071685443295,1.2359518497442683,0.3304919797988074
V5,IT,1998,0.42193997844742887,0.14898740101077207,0.3348302033443485,1.2416257634574026,0.32842261439802156
V5,IT,1999,0.42279543929760377,0.1479164403816914,0.3354323502305622,1.2364096991384985,0.3317955150268054
V5,IT,2000,0.4284682847751155,0.1503852392440827,0.32818344330195864,1.2397658788996806,0.3353953924671051
V5,IT,2001,0.43059640530094717,0.15161881545479955,0.3265088363538571,1.2375803092009805,0.33729067546109887
V5,IT,2002,0.4196838978712916,0.14567944600547506,0.32973515342433796,1.2673355228045091,0.3405069699077848
V5,IT,2003,0.41706969813764316,0.1438967762039265,0.3298636361717584,1.2769094447320481,0.34432930515323545
V5,IT,2004,0.41264963827094553,0.14128761503264128,0.3288539810003008,1.297576668041066,0.3466824837741837
V5,IT,2005,0.4003561609532947,0.13404963788565824,0.3342270611422121,1.3287245898889721,0.3488215217303463
V5,IT,2006,0.39166153965408684,0.12969375763769583,0.3379962079602977,1.352248365516026,0.34995160456496205
V5,IT,2007,0.3899616131258779,0.12839082781269226,0.33716291475349225,1.36258665786033,0.3497917135917554
V5,IT,2008,0.3745258483868936,0.120884964901616,0.3435399826922723,1.4092362813096446,0.3523794775207522
V5,IT,2009,0.346158134002137,0.10600207551988536,0.3559637915242672,1.5045622086296302,0.35839114721680476
V5,IT,2010,0.34423334815069745,0.10438453444465978,0.35385328585042464,1.5232069049208283,0.36186401732266593
V5,IT,2011,0.34207801461607285,0.10291174217163244,0.3508501197725228,1.5468160630601937,0.3649394084310531
V5,IT,2012,0.3301488805623472,0.09732680815236397,0.3558236124024326,1.595345770635707,0.36403588322439107
V5,IT,2013,0.33340579597342573,0.09720678327810345,0.354849432255811,1.5801816186009383,0.36464290794491455
V5,IT,2014,0.33885997492348946,0.09859401502373832,0.35356043812347476,1.5541289017653201,0.36479772631887486
V5,IT,2015,0.34458733703928757,0.10018390147320405,0.3540835031625277,1.52038031894777,0.3648410455878818
V5,IT,2016,0.3575199364288003,0.10386958681237429,0.35143971037222066,1.462613782996923,0.3663012506323063
V5,IT,2017,0.3651188313884239,0.10595455193876956,0.35109700634105606,1.426140807417781,0.3667599261111016
V5,IT,2018,0.36602284361926357,0.1049896200553322,0.3539927812729854,1.4109441071989002,0.36794422343823013
V5,IT,2019,0.3665238691706522,0.10505370547771857,0.3569378212899697,1.397551402468123,0.3678858034307485
V5,IT,2020,0.336643594069497,0.09183234155308678,0.36574937552362025,1.518292488482396,0.37235611713472694
V5,IT,2021,0.3576989397583593,0.10017936929784825,0.3609540342052221,1.4255929603888362,0.36647284023230997
V5,IT,2022,0.3680240122421312,0.10454948149346188,0.3519514780043754,1.4089350414579989,0.3623541422732972
V5,IT,2023,0.3979408165665029,0.11479043831985009,0.3402536019515173,1.317647197822882,0.3632484244734325
V5,LT,1995,0.2001462044553884,0.08605641298563066,0.41088870643526515,2.532516066929023,0.24218056498355175
V5,LT,1996,0.24727433865088114,0.10596755611713986,0.38258073944176535,2.1143191165111386,0.26958947787963333
V5,LT,1997,0.27066049938710957,0.1154075092454272,0.38115883682759905,1.9052522374655483,0.28711265566174343
V5,LT,1998,0.281810370240283,0.11572222604937511,0.38964055750264887,1.7762110468117478,0.31210878480466225
V5,LT,1999,0.2645073750453264,0.1048522518096251,0.39954859267126924,1.8705257567711098,0.3185544132964992
V5,LT,2000,0.2962294705065024,0.12596891989304904,0.36039497113257435,1.7987589704850808,0.3156978054627789
V5,LT,2001,0.3175451433966718,0.1380288296346392,0.3426692335506064,1.727369562880513,0.3219306557345349
V5,LT,2002,0.3388369471520456,0.14436384400101399,0.32981848704228306,1.6480694575595427,0.34953096978893644
V5,LT,2003,0.35318245527248743,0.15170558495229078,0.3282183574576191,1.5738626562328475,0.3503282581366112
V5,LT,2004,0.35180133254389967,0.15007141980826189,0.3370032697509199,1.5475738165690924,0.3471956224350205
V5,LT,2005,0.3632822262728723,0.15426732400476004,0.3358615395862271,1.4922996320393793,0.3529225352112676
V5,LT,2006,0.35015207520183356,0.14356212568054266,0.35204298560768715,1.4984587257382171,0.3554824710770339
V5,LT,2007,0.36042584381019177,0.14810119155792587,0.3472527860220412,1.4637916359803667,0.36116632456859143
V5,LT,2008,0.36812919020292656,0.15002669296014032,0.3539761619474049,1.4009073279939461,0.37438262359718844
V5,LT,2009,0.3112762942038691,0.1195587599134823,0.36746358158021913,1.664610271128602,0.378357860313011
V5,LT,2010,0.33688723233790974,0.13415770071178576,0.34516796765425656,1.5986042192623549,0.3779449320584672
V5,LT,2011,0.374215048507182,0.15712550078262486,0.3250163203364109,1.4787157378911582,0.37599088467485964
V5,LT,2012,0.38648293376494464,0.16511566778798797,0.31967006674222387,1.4406403475632794,0.3738572771979589
V5,LT,2013,0.38536626807977403,0.16416375127317817,0.32098871695076997,1.441000692326404,0.37605569255613996
V5,LT,2014,0.3806686022869598,0.16140363274834418,0.3281311117730018,1.4368394799453104,0.3745263013886039
V5,LT,2015,0.3642387583631555,0.15081190441284273,0.3432656296026146,1.4597670112636938,0.37483554522346696
V5,LT,2016,0.35030155787929906,0.1409150458530686,0.360813491057883,1.463861548390149,0.3722606282919489
V5,LT,2017,0.36228244945283866,0.14744217984995142,0.36026332829699975,1.4055872467700656,0.3704970851607202
V5,LT,2018,0.3656432900320541,0.1501655262423407,0.3650762799711556,1.37138036325942,0.36412966152004433
V5,LT,2019,0.3547537136384683,0.1421660759051923,0.3803998219267212,1.3661644965083415,0.36228946415480956
V5,LT,2020,0.3271789367558932,0.12608683242996396,0.39834965967264,1.440553376974394,0.3579076375510478
V5,LT,2021,0.3205177265607408,0.12210759877740507,0.39936359339151695,1.4745933108131477,0.3577861907604685
V5,LT,2022,0.3442895944292597,0.13439871487355515,0.3850255600906335,1.401187122081275,0.36003170823331654
V5,LT,2023,0.33607410836903384,0.12857431691688695,0.4019820840734574,1.3774406713084462,0.3548673232859975
V5,LU,1995,0.4905668312964899,0.15363836500584674,0.34095587107606123,1.0024780646879818,0.4503578399479505
V5,LU,1996,0.49398845410740466,0.1551052939084489,0.33854126081196917,1.000475337021741,0.45340513065687
V5,LU,1997,0.507992361184573,0.1645337474644247,0.32417818467327386,1.0061997244566911,0.46440677966101696
V5,LU,1998,0.4991513818464451,0.1568270869572857,0.3246704008126417,1.0282850827306478,0.47371228460771353
V5,LU,1999,0.5299038059389379,0.17633314378575918,0.3073621042038105,0.9997390866791321,0.48214939870006185
V5,LU,2000,0.5387919717297451,0.18071964366534016,0.30314754609423716,0.9902133250200412,0.4889733483483483
V5,LU,2001,0.4996454124247484,0.1587216807883923,0.31898829341638923,1.0440017183975947,0.4896077673239679
V5,LU,2002,0.48917021435506775,0.1491575646900734,0.3243062003507686,1.0569998968327656,0.4954091624129185
V5,LU,2003,0.4951001293623663,0.15341384893090418,0.32475987245765436,1.039085716538615,0.4880396528819036
V5,LU,2004,0.5042592346010316,0.1561115915694143,0.3187828918541205,1.0321434995779697,0.49359251470900706
V5,LU,2005,0.5088446276189899,0.1592268128223753,0.31570112396211675,1.0291079570335644,0.49674924719408703
V5,LU,2006,0.573236796914376,0.1925685172781193,0.2949487000549377,0.934999034878023,0.498444039059985
V5,LU,2007,0.6043909863250195,0.20253686004777902,0.28427126486253834,0.8999435089040724,0.5099414526694105
V5,LU,2008,0.6036970996023113,0.19891649682292295,0.2843916257859462,0.9009849060633282,0.5123038890953451
V5,LU,2009,0.552986168752085,0.1694060731542984,0.3042643729016475,0.9538785362933656,0.5083194456857167
V5,LU,2010,0.5954165279316976,0.19309528616481364,0.2869233218565592,0.9106864936123865,0.5114588136340374
V5,LU,2011,0.5643722469505571,0.17734633727398708,0.29697463460414614,0.9487020782294027,0.5112732441075447
V5,LU,2012,0.5543003496850246,0.17629979141824606,0.2926686346091947,0.9834109597708899,0.5143282369215177
V5,LU,2013,0.5595627789625203,0.17912257738400955,0.2878640031433529,0.9848010554172097,0.5185965248193003
V5,LU,2014,0.5598951222960007,0.17933970629985388,0.28436111626755767,0.9938048388094796,0.522122163758501
V5,LU,2015,0.5748423638096637,0.1905623936442315,0.2759174815002943,0.9837017882086742,0.5230923334171387
V5,LU,2016,0.5790909817645647,0.1894590637410245,0.2737721279847438,0.980310382163051,0.527257689126546
V5,LU,2017,0.5626161347637972,0.17679478229269274,0.28252587973813253,0.9927203777533705,0.5293619779942734
V5,LU,2018,0.5493377510600084,0.16226459516852765,0.29258241468097645,0.9951819597025109,0.5336033724587028
V5,LU,2019,0.5387763113473449,0.15296030737186092,0.2987408208270402,1.0028367808668535,0.5337197469703108
V5,LU,2020,0.5405633871340478,0.15218787868727285,0.2968593335007722,1.003895921543655,0.5342540133665118
V5,LU,2021,0.5873059135159998,0.17358872155203348,0.28208643142834827,0.9402979376881629,0.5346710366246369
V5,LU,2022,0.5219709649999814,0.14212187088274045,0.2947925801011804,1.056254637436762,0.5366260314531927
V5,LU,2023,0.5181907821348521,0.13523771354019984,0.2975146130098883,1.0581354896337736,0.5407511871097898
V5,LV,1995,0.177869856696447,0.08397778334908299,0.49743290548424735,2.3280435628160254,0.24775013234515622
V5,LV,1996,0.18518753248070158,0.07998956618725094,0.5100932197706393,2.1353698611763137,0.2731616417411247
V5,LV,1997,0.215336641925425,0.09709963151375398,0.4719439956919763,1.980290791599353,0.2896741773383044
V5,LV,1998,0.2302452592682828,0.10404992809730594,0.4529689836476774,1.922893251652115,0.2985358930305521
V5,LV,1999,0.2554145659850073,0.10779602015898583,0.4213262032085561,1.8442994652406417,0.34674316794905813
V5,LV,2000,0.29884399211329365,0.1295757304377029,0.37903952401189966,1.6988355291117725,0.3749964961457603
V5,LV,2001,0.32682750377453446,0.14828174116894882,0.36535906793507306,1.5764632228313153,0.36462371873174354
V5,LV,2002,0.35695606694560666,0.16445684565789404,0.34593269068154914,1.486414115790067,0.36888386084899594
V5,LV,2003,0.3642888907960334,0.16529177650281693,0.3537707776839717,1.4201763248584836,0.36532254059691116
V5,LV,2004,0.37738855768820345,0.16976491396145774,0.3497983747410739,1.3730986554230453,0.3619575666793356
V5,LV,2005,0.3681904750314882,0.15545131904913526,0.3651338222488013,1.3591535257519962,0.3704300005427016
V5,LV,2006,0.3537290408154439,0.13208650080626586,0.3724528945349135,1.4016369681984824,0.38832803595681825
V5,LV,2007,0.35842961077024404,0.1219559289013466,0.38096698942255464,1.3461029623238425,0.4054124148387547
V5,LV,2008,0.31357083553475734,0.09853535362995902,0.4139684144327352,1.4549285592537953,0.40076400823563446
V5,LV,2009,0.2773733708263154,0.08325466820379351,0.4037186968244225,1.7460237294193521,0.40984518928250974
V5,LV,2010,0.27270230548833896,0.0899704859169935,0.38311323051607316,1.8790120140037447,0.40320935342121783
V5,LV,2011,0.28360992638261345,0.09673248918801548,0.37194423447082753,1.8425613490956405,0.40329799469920485
V5,LV,2012,0.2882414776045432,0.10188450288425839,0.36797004243066084,1.8247399132005728,0.3973837242254894
V5,LV,2013,0.27730324109231197,0.09433899596891204,0.3858041511084199,1.8290846705015635,0.3942620526471458
V5,LV,2014,0.2753471659769981,0.0896976315793909,0.3936190222925598,1.8086225571907604,0.39887078401267895
V5,LV,2015,0.27378142637249864,0.08772146243557,0.4054927302100162,1.7659740404434299,0.3986340729045228
V5,LV,2016,0.2769750203375753,0.08404131555520454,0.4157055936251155,1.6938507326556815,0.4006021750979832
V5,LV,2017,0.28426719147950913,0.08469303667078697,0.4210221977701178,1.6157158415952753,0.3985146331095659
V5,LV,2018,0.27907761208746434,0.08085595267874664,0.4419302114411728,1.5577636528732655,0.38613283361562567
V5,LV,2019,0.27705896680103975,0.07692776938409267,0.4523714783975635,1.5242060275587654,0.3833693810725932
V5,LV,2020,0.2597818848834174,0.06569929612761227,0.4631766241752481,1.6032622118723951,0.38802570676967135
V5,LV,2021,0.2802357069733763,0.08115040370211882,0.4439650319099586,1.540203845408974,0.3788305574985349
V5,LV,2022,0.28853609502000144,0.0842749270335558,0.44025856981065864,1.4996769871273388,0.38227526549613366
V5,LV,2023,0.28572612884803145,0.08273343325803792,0.43615145511061026,1.537236653154709,0.39003991153367057
V5,MT,2000,0.30945376239725814,0.1299159938799665,0.37539026629935723,1.6430364248546068,0.36021701705879283
V5,MT,2001,0.29471623702808125,0.11951859794424315,0.3915369071674789,1.6730357779626768,0.36415403918540684
V5,MT,2002,0.30851564841375173,0.12812221538348476,0.3856777493606139,1.605541346973572,0.3611071882502471
V5,MT,2003,0.32678649079576755,0.13549478222891284,0.37543286145663074,1.535806299692495,0.37014314928425357
V5,MT,2004,0.3245557486406188,0.13119612068965517,0.3662534548340312,1.5864050570560708,0.38977796015137
V5,MT,2005,0.32670950287453504,0.1348366393891696,0.3639523859686084,1.5828768566312017,0.3848755953175769
V5,MT,2006,0.3206993752856925,0.13007573348985463,0.36737300871656153,1.6052750225428312,0.38805907877169554
V5,MT,2007,0.3314511709908751,0.13636120921788353,0.3545962747326668,1.5926097747674608,0.3942143847830394
V5,MT,2008,0.3521752609279736,0.14685865018872876,0.35021079168696906,1.4948626146643218,0.3888498650597064
V5,MT,2009,0.34634340674975805,0.13699308315770115,0.3523063496455864,1.5177845420294174,0.40052156905356945
V5,MT,2010,0.3810175530066041,0.15707004474968567,0.3280205360050574,1.435623838623781,0.4088382530640428
V5,MT,2011,0.35753639278266014,0.14081411002646935,0.34487347668206614,1.4874617388163274,0.41383655927876695
V5,MT,2012,0.3730914029498996,0.14860346368505592,0.33877847193954297,1.4334991062421465,0.41508280877589687
V5,MT,2013,0.3984770603634417,0.16409384029776014,0.32919983916365103,1.3542098914354646,0.41474852028707854
V5,MT,2014,0.4305815877776051,0.18213236363636362,0.31531505335698296,1.2748248088162601,0.42131383745130474
V5,MT,2015,0.478719074830855,0.20817919711360358,0.29479429470686674,1.1783153898034118,0.42838806548483976
V5,MT,2016,0.4822082806471484,0.1856384554263657,0.2983310727133338,1.1567848086336026,0.4416458797819032
V5,MT,2017,0.5392764250453086,0.21524441126092492,0.278149392502969,1.0604045920076333,0.4465158553827509
V5,MT,2018,0.5417952684063839,0.20938022758720393,0.29066967785285,1.0185523909067158,0.44837418532162093
V5,MT,2019,0.5464660881093621,0.20826216656565577,0.29572934192288586,0.9930435085822881,0.4510146616176327
V5,MT,2020,0.5135649814785832,0.18445638538877762,0.30823897326879657,1.0387396013598387,0.4566331666073061
V5,MT,2021,0.5832919066383752,0.21412855203408074,0.2813200274881234,0.950790283545968,0.46073883161512025
V5,MT,2022,0.5682389259817645,0.1856920805376592,0.28940898606372845,0.961105509592409,0.46287537970546383
V5,MT,2023,0.6330588543890057,0.20765014947006066,0.2695945785563389,0.8841771701203447,0.4717018431304146
V5,MT,2024,0.64511105092091,0.2146144168128822,0.28207640096241315,0.8307918377892488,0.4630250120397979
V5,NL,1995,0.36409006892234086,0.09505539330958014,0.3732218909587179,1.3482700214586232,0.4433796516290409
V5,NL,1996,0.37212420765551507,0.0954169806928816,0.3691710010722513,1.32603986118835,0.44756669231737695
V5,NL,1997,0.3943631752940593,0.10174572359261685,0.35778948074965944,1.2706853857778058,0.4553283575741876
V5,NL,1998,0.4043880147645757,0.10370719877947282,0.3579327218332346,1.2298177918424993,0.4556726763210236
V5,NL,1999,0.40492035828638595,0.09971422197197463,0.3614026565076768,1.2156910371629828,0.4606145597817273
V5,NL,2000,0.41153243676931306,0.09882428564759453,0.36050760667903525,1.1934218923933209,0.46451672641172503
V5,NL,2001,0.4145061520815648,0.0974168460465617,0.35928746031300046,1.1864375825349105,0.4653962892045787
V5,NL,2002,0.41054898789940336,0.09284409679317561,0.3627028781648994,1.1896018177883576,0.46620061467904517
V5,NL,2003,0.4081047996762997,0.08904551248406688,0.3655110540132346,1.189209563068527,0.4662281330795679
V5,NL,2004,0.4177592793472622,0.09129758848313793,0.3603704439189067,1.1707255429386385,0.4661057747415236
V5,NL,2005,0.4336493714830616,0.09618928482976034,0.35066113366947776,1.1467211042196541,0.468032537202297
V5,NL,2006,0.4564587150065889,0.10311085312436406,0.33836330897545497,1.111136216989329,0.4713159503843466
V5,NL,2007,0.4723390608805581,0.10605478762868215,0.3330825061139135,1.0788640151896298,0.4760548065872508
V5,NL,2008,0.4660826535101317,0.10274614926234482,0.3385376073748167,1.080657867169495,0.47504938143258135
V5,NL,2009,0.41870529430352477,0.08461654628983382,0.3627339104582022,1.1592580447708989,0.4687211834016393
V5,NL,2010,0.42431699740205436,0.08819029104008234,0.3556386977191206,1.162946007173872,0.46849631292080796
V5,NL,2011,0.4270831893728112,0.0916025752646554,0.3552298845778286,1.1544762604217957,0.4677620534751334
V5,NL,2012,0.4200875199294413,0.091133824632924,0.35806037584054046,1.1700488721258857,0.46747195273133213
V5,NL,2013,0.41924611759536723,0.09249820647146617,0.3554219596988121,1.1820473530720181,0.469252747185154
V5,NL,2014,0.424545906284361,0.09711846566699228,0.3516444925243001,1.1755295960215713,0.4700115287625896
V5,NL,2015,0.44034868460532944,0.10517100177183188,0.34131201348817153,1.1545207425519417,0.4715765240457531
V5,NL,2016,0.4434445224899125,0.10573147023922917,0.3434078499621375,1.137255720648995,0.47191529351334627
V5,NL,2017,0.4564709973431535,0.1110761954802279,0.3385685052300364,1.110442491349732,0.4730448716140353
V5,NL,2018,0.4607980303786998,0.1101893576518641,0.3407037923260719,1.0900666628603264,0.4719200858138911
V5,NL,2019,0.46088480130753356,0.10906786931996812,0.34343166933321057,1.08115063150227,0.46863599126855304
V5,NL,2020,0.4141875509321207,0.08758442894437969,0.3707921456215219,1.148345387514031,0.46263381980163903
V5,NL,2021,0.4503863775509657,0.10083391206264546,0.3508857872256254,1.0903527695531503,0.464224785806479
V5,NL,2022,0.4833986821945729,0.11538467969694487,0.332102699958538,1.049566974872364,0.4663290593686025
V5,NL,2023,0.4805201704450136,0.11391713009239061,0.33749877927805216,1.0412179978104104,0.4633598672758032
V5,NL,2024,0.48203375419650024,0.10962895338909442,0.34359588687070153,1.0181430109030762,0.462515742893344
V5,NO,1975,0.18265133931801247,0.07142702717310523,0.5063443661711314,2.196376761810139,0.29737023510948796
V5,NO,1976,0.17409115077255155,0.06396599921630951,0.517997055786259,2.2506844198360905,0.30300844350890466
V5,NO,1977,0.1620691804469304,0.05726229244035058,0.5285155664877054,2.380639846108969,0.30372759186556153
V5,NO,1978,0.16600529551627188,0.05808475030500887,0.5224071552194406,2.3545663973124764,0.30965148843480966
V5,NO,1979,0.18334925056373524,0.07060118172108361,0.4922437194882287,2.2770955548780267,0.3081986339912134
V5,NO,1980,0.20861372345743004,0.08740701381509029,0.45714001830619533,2.1450856296367666,0.30967677401461313
V5,NO,1981,0.21247431691507843,0.08919750594813193,0.449748282071069,2.1399845661999772,0.3146514553647092
V5,NO,1982,0.20558785755025502,0.08491789300687871,0.4510597923144514,2.219040544478847,0.3197231925391532
V5,NO,1983,0.2104183506947092,0.08887657761090169,0.4388450290613726,2.228008736714947,0.3230817491687057
V5,NO,1984,0.22602271078442496,0.09917899625416751,0.41948462530246033,2.148909376710998,0.3259009916726742
V5,NO,1985,0.22520132861915235,0.09712547295927307,0.42172447643979055,2.146091295811518,0.3306760286885033
V5,NO,1986,0.18216772718908292,0.06553851887045727,0.4778449386298693,2.3884973571608357,0.3358037712551128
V5,NO,1987,0.1692294919037189,0.05662439637808574,0.4953697382768909,2.4865588608482105,0.3361558972557458
V5,NO,1988,0.15969859876802883,0.050222755801803264,0.49912387931004626,2.637260062401956,0.34303510139339
V5,NO,1989,0.17807345306874323,0.06449073255741151,0.4655413428494242,2.5357968574282674,0.34168373171522615
V5,NO,1990,0.19526587273083715,0.07503648782976406,0.44814965184821137,2.377998821687063,0.342999838891574
V5,NO,1991,0.201178675968947,0.07917482821876072,0.4395602000517274,2.346221132134689,0.348210630642277
V5,NO,1992,0.1988526028972388,0.07826589842247152,0.4460197623912522,2.339864000443014,0.34653710453176234
V5,NO,1993,0.2046653100849823,0.0841944069046118,0.43644295994932625,2.3171113176010336,0.3443860869856813
V5,NO,1994,0.2063427752578407,0.084033521069184,0.4414196766504664,2.265630873830624,0.34155366226708234
V5,NO,1995,0.2124940310138911,0.08677378784088947,0.43633222079270084,2.216296544908728,0.3420839549860924
V5,NO,1996,0.2287043901339527,0.09684990429982279,0.4225560951319196,2.1022922671136417,0.3423439475901249
V5,NO,1997,0.2324413345469737,0.09914099957019436,0.42293570258965385,2.0596877023010465,0.34140365934537514
V5,NO,1998,0.20136472872535127,0.07725037965308378,0.46556152081810925,2.188520366138523,0.3396610758460373
V5,NO,1999,0.2159348533862707,0.085483923736186,0.45156359527718837,2.088259856668071,0.3422340017091265
V5,NO,2000,0.28700520385276734,0.1327744593028107,0.38108014835265747,1.7753959131923667,0.34615306420666087
V5,NO,2001,0.2790338708897948,0.12607769933192126,0.3912208163118003,1.7905185608716914,0.3430089126559715
V5,NO,2002,0.2633770399458945,0.11257029541953884,0.41443121884809236,1.8088786842178732,0.3395196182711173
V5,NO,2003,0.27630848447095085,0.11967965919413609,0.40555579548583187,1.7458229638467062,0.3386964023204021
V5,NO,2004,0.310505897241332,0.13766899527680646,0.37727073288818064,1.628260474874423,0.342479630134217
V5,NO,2005,0.3461186881414243,0.15780925542979327,0.35199268417184365,1.5202186064342855,0.3412359660797583
V5,NO,2006,0.3668930854891994,0.16798408030895565,0.3396715652081388,1.4601127886218273,0.3441053944621701
V5,NO,2007,0.3423964084034395,0.14928488711638185,0.35641906653515026,1.5232178620932892,0.34600886772096945
V5,NO,2008,0.3600464976891423,0.16134524474985973,0.34416592517128747,1.4773601250416712,0.3476120372541407
V5,NO,2009,0.28170131250093544,0.11444604867487046,0.3956643163623922,1.7496422790252353,0.3462960807739171
V5,NO,2010,0.3001148905058663,0.12420317244912521,0.3813714494272129,1.679934304279449,0.34611092869010546
V5,NO,2011,0.31303369887005117,0.13125365072693987,0.3733527013009347,1.628499817967937,0.3432900948329402
V5,NO,2012,0.3153643799137186,0.1317735272221986,0.3745924810406146,1.6085342092041508,0.3422420506333651
V5,NO,2013,0.30393742019053216,0.12537030881157404,0.384669239274077,1.6398618643333194,0.33907075558101885
V5,NO,2014,0.2874839921240832,0.11515810754389431,0.3953744965518502,1.7077878360039835,0.3394644382413286
V5,NO,2015,0.2594009399213902,0.09751647843984851,0.41823663825756474,1.8244821503433366,0.34025215261541025
V5,NO,2016,0.2442113774457011,0.08638335340471591,0.4326513449587028,1.890535481860796,0.3414797084280302
V5,NO,2017,0.2693469648009705,0.09783084641956079,0.41280783571097607,1.7672507542305145,0.3426016612530463
V5,NO,2018,0.28665284523807677,0.10637280356709215,0.3996470214230067,1.6947085328655824,0.34285743105091215
V5,NO,2019,0.25893722673947017,0.09115695286206058,0.4258732012105248,1.791369973974684,0.3399361040771821
V5,NO,2020,0.21562179977840937,0.06795035956782652,0.4609353735329492,2.0391115930587302,0.3412907870230757
V5,NO,2021,0.32141541897494585,0.1243367318988558,0.3669813978256129,1.6024903972525524,0.34421611786341627
V5,NO,2022,0.4836351050377855,0.2126099077571675,0.2783002919665578,1.213939829802637,0.34477452027792377
V5,PL,2000,0.41190851706520404,0.1989122200387033,0.35073131316007733,1.2255135566131428,0.35868263473053896
V5,PL,2001,0.40839956353536355,0.19279913036258364,0.3556594188427562,1.222061613911114,0.36437274141036696
V5,PL,2002,0.42296021688273633,0.20059460530317613,0.33884615286190634,1.224312321026893,0.3725886220274232
V5,PL,2003,0.43157089336849624,0.2055959718943464,0.3310340713709253,1.2190378609775778,0.37374438741506444
V5,PL,2004,0.4871795927159178,0.2402970817785483,0.31164790515274454,1.1012850360853021,0.36951150642383174
V5,PL,2005,0.48944946413151846,0.24464720758107694,0.3132725729878972,1.0897883706595441,0.36868296915414145
V5,PL,2006,0.5087780954279887,0.2594392924744698,0.3069469730979491,1.0552441926185083,0.3781727244658027
V5,PL,2007,0.49807234091996916,0.25733639326779567,0.31036116156167637,1.0742546497972114,0.37406683822327036
V5,PL,2008,0.4980759293936282,0.2551585285331957,0.32441330275478447,1.0319796834866786,0.36934919504443514
V5,PL,2009,0.5337839955961994,0.2818504077524662,0.30577932850312656,0.9947854640427373,0.374335860172132
V5,PL,2010,0.520049478731571,0.27025574408750175,0.3109159343014601,1.0141196515032855,0.3776888668783731
V5,PL,2011,0.5249720071969324,0.2826798744155295,0.30409044504154303,1.021522245574551,0.37539085346650475
V5,PL,2012,0.5241057137828444,0.2844495724806155,0.3025433896158113,1.0282122042321307,0.37757193324934435
V5,PL,2013,0.5105423572822693,0.27077623973425063,0.3046620258202358,1.0572973968635218,0.38202678360072645
V5,PL,2014,0.50707417601506,0.2707642609044236,0.3048740180955221,1.0659825839252302,0.3824492961659566
V5,PL,2015,0.5277710137034395,0.2848694322273932,0.2983812916277976,1.031018562011095,0.38374883678395016
V5,PL,2016,0.5095243110868226,0.27055131771565366,0.30993475392209574,1.0443975734323838,0.38580424588120704
V5,PL,2017,0.5268369155559537,0.2798387043122535,0.3111877561742562,0.9962609504124166,0.3866258153633222
V5,PL,2018,0.5371839317159542,0.28397993612972156,0.31228529414588496,0.9679367401530794,0.3889695873648018
V5,PL,2019,0.5418414612871765,0.2867035821223722,0.3160859058404157,0.9461174193442349,0.38586074706357776
V5,PL,2020,0.52594516271956,0.2713150948697467,0.32298969097475405,0.964236348950316,0.3890728861240802
V5,PL,2021,0.5584756512577834,0.2951861298242677,0.3133548718462995,0.9161439014793722,0.38588650865493795
V5,PL,2022,0.599806366171604,0.32515946987579947,0.2989832233792824,0.8697552498301824,0.3819838581410941
V5,PL,2023,0.5964642456936987,0.31888562028812323,0.30242146198319286,0.8671013435380514,0.38728748261063006
V5,PT,2000,0.3971722954551577,0.09746239897853155,0.41294803783370815,1.0651307931520557,0.3792259513041002
V5,PT,2001,0.38788337022305225,0.0951948831158107,0.41522078192684087,1.0923953289079233,0.37836188810119453
V5,PT,2002,0.37883275178050774,0.0929206463891728,0.4182004860588419,1.1175682963569071,0.37553984592742423
V5,PT,2003,0.37468079579263125,0.09087077910425706,0.41348110723006426,1.1519017449365763,0.38262489600054983
V5,PT,2004,0.3743203609635195,0.09062855818987574,0.409726353635019,1.1671946688965549,0.3851678443154321
V5,PT,2005,0.36511352648951423,0.0855617891162789,0.4125463913746688,1.1964151123898386,0.3911152458053747
V5,PT,2006,0.3667268332297073,0.08656192248167364,0.40523073651500313,1.2166011274011297,0.3933030705279131
V5,PT,2007,0.3766529257186415,0.09150537795008458,0.3940676701252831,1.2146609192481241,0.39745784874397405
V5,PT,2008,0.3583631816813997,0.08516833854281461,0.39731125819409446,1.2844707233648307,0.40141663947875705
V5,PT,2009,0.3563964992282141,0.08368988101023198,0.3948697530020253,1.3030432408360175,0.40962475688870126
V5,PT,2010,0.35287584171342146,0.0819833841677208,0.39743270042376655,1.310157415834722,0.40707741309320244
V5,PT,2011,0.34137885356951486,0.08027512324715376,0.3943541140642979,1.3797624710814034,0.4087724367297328
V5,PT,2012,0.3356505237341442,0.0842694382878153,0.3838914560030674,1.4516741112502354,0.4078179026485231
V5,PT,2013,0.3534850342429839,0.09119089585730145,0.3741576008672528,1.3963343252564036,0.4133725309484056
V5,PT,2014,0.3556528628514655,0.0924349327956654,0.3730189896496592,1.3898826367381831,0.4105520733386175
V5,PT,2015,0.3672526846571601,0.09721122329329036,0.36776900288292697,1.353745974488245,0.4124941828085782
V5,PT,2016,0.37192977379624526,0.09958565732526041,0.36909297845187267,1.3272138676189071,0.40801361968457733
V5,PT,2017,0.37103800125130637,0.09850986343003142,0.37445544975687334,1.3114757705858147,0.40572035254824484
V5,PT,2018,0.36154017524085397,0.09409012584934232,0.38541231191880587,1.3145030230000945,0.40064552926188074
V5,PT,2019,0.35861052393190246,0.09170228153451257,0.3911616389074488,1.306608840377663,0.39981847716783125
V5,PT,2020,0.3048598740907211,0.06757972667968253,0.42575498775913384,1.4578809415464749,0.400357087569018
V5,PT,2021,0.3037739007115889,0.0676985622766687,0.4271425871810392,1.4586593578742966,0.39873279861829936
V5,PT,2022,0.31048348281091537,0.07388055948438324,0.4179542315715026,1.4566890285434442,0.39450125963652755
V5,PT,2023,0.33155748166590093,0.08105098502826641,0.41342065437207876,1.3557426975772435,0.3925773286757981
V5,RO,2000,0.11164508965927228,0.055664725789590475,0.3875864903747346,5.097773515105843,0.29276463823191157
V5,RO,2001,0.12019553038516732,0.06008665803837712,0.42634410581075777,4.346344964664311,0.2575132744308287
V5,RO,2002,0.11551206559844956,0.059570530304320586,0.4256412674462466,4.546642186910599,0.2494153596707306
V5,RO,2003,0.14691055000271114,0.07109178715877108,0.4158147424103036,3.5606543238270465,0.2628158734365603
V5,RO,2004,0.19019165718892508,0.09218572868555822,0.38949119945697785,2.8204750502012765,0.26466046979358093
V5,RO,2005,0.18693468258001597,0.089082032436093,0.4111744567345783,2.7387254716180935,0.26991578650533216
V5,RO,2006,0.21518582759643853,0.10501978761188362,0.3818733571871899,2.4906515191817613,0.2893939192335839
V5,RO,2007,0.2581370778927216,0.13588286273945138,0.3226420735542955,2.301382076619147,0.30467526708883563
V5,RO,2008,0.2583654195528027,0.14635927975454951,0.34362206687676805,2.1968801963879434,0.29470091516647595
V5,RO,2009,0.25329718568649906,0.140262766831194,0.29893475078695453,2.4688230010924532,0.3535510106893324
V5,RO,2010,0.24692507959291188,0.13759154737507487,0.3068016683741925,2.5005208311006895,0.33368555555296947
V5,RO,2011,0.24479162142714936,0.1331430149259794,0.2855458094610353,2.6330761040409674,0.35338827565461195
V5,RO,2012,0.2507159770300455,0.13829671977516259,0.2781731044852679,2.6008891079250294,0.36066509785066037
V5,RO,2013,0.2321389245138808,0.1260415849316258,0.2830945415447703,2.8051659040332058,0.38049097586706526
V5,RO,2014,0.23230154817632298,0.12634710469590874,0.2928233241727229,2.7513951986005796,0.3707714918798375
V5,RO,2015,0.23734918550417541,0.13025386492767,0.2861359706880952,2.721517195660548,0.3787103676327563
V5,RO,2016,0.2267297936240449,0.11937601740923927,0.3074402580884273,2.7471196691346798,0.3905762134544422
V5,RO,2017,0.2417367488053271,0.1272814024512682,0.31242900159154,2.5318675391969996,0.38853280603990653
V5,RO,2018,0.24248481724671136,0.12733670090968255,0.31751845898589603,2.4970146270989395,0.38949667582389524
V5,RO,2019,0.2444090379345463,0.12998702414089938,0.32453840531830586,2.4391138736231355,0.3797348430143555
V5,RO,2020,0.2342011721988048,0.12077655182843604,0.3282427560446627,2.5400487971039576,0.3871772373019551
V5,RO,2021,0.24370239765006496,0.12716028819866426,0.3157502812148482,2.4919763779527555,0.38510371235238317
V5,RO,2022,0.25021583958350996,0.1344970431792607,0.30767772216038425,2.4592225627776205,0.3812959969573072
V5,RO,2023,0.2553825422783344,0.13575548108079713,0.3158373851393321,2.363134359589475,0.3863525412117594
V5,SE,1993,0.28986685551967967,0.11382931315099855,0.43085955099436396,1.5325951806108362,0.326731812263462
V5,SE,1994,0.31318020391797463,0.12890264700959003,0.4180592680159484,1.440106493113923,0.3289314372604519
V5,SE,1995,0.3387266243354881,0.1485860246573104,0.4008623329616797,1.3679318036483519,0.32102704023184037
V5,SE,1996,0.3241607954758346,0.14128958318328338,0.4139691326664681,1.3938709131148208,0.31938732013041626
V5,SE,1997,0.3216920189109828,0.13794196993888674,0.4133067494562389,1.4104663504480774,0.32079669980802417
V5,SE,1998,0.3314834206148425,0.1441972244860034,0.396896334412775,1.4225119016569974,0.31932034259309927
V5,SE,1999,0.32624933909748505,0.14079469278329343,0.40041063643369124,1.4374148905849193,0.3217924591556221
V5,SE,2000,0.319136178030216,0.13043957006349066,0.4116193595394021,1.43204701539879,0.32694483568988464
V5,SE,2001,0.29886560176099614,0.11622516173306913,0.42915769042730517,1.4808724576029104,0.3233131137909291
V5,SE,2002,0.2942179179264195,0.11387464219934028,0.42877500799085494,1.5127280657682416,0.323542380924045
V5,SE,2003,0.29575393012398504,0.11528619480169078,0.4256769911115654,1.5162177747421588,0.32380008609379524
V5,SE,2004,0.30426605726818134,0.11912275624452219,0.4173393833869748,1.4976314215867321,0.32484079151495066
V5,SE,2005,0.30109900672573436,0.11637988127526314,0.4175592641891727,1.5168235228698426,0.327572468457376
V5,SE,2006,0.31388541259955016,0.1210860440752975,0.4040794807242088,1.49444939432121,0.33641583391308794
V5,SE,2007,0.3127412002063976,0.11720860900649385,0.4084335567392296,1.4831190844553377,0.3391447985653336
V5,SE,2008,0.2826516776401131,0.10043865098078057,0.4267930212469222,1.6011693936194593,0.3372901646564163
V5,SE,2009,0.2564934971047522,0.08500759845038204,0.44087629364977526,1.738998489381773,0.3417615150828645
V5,SE,2010,0.28444057352564334,0.0977150443475839,0.41660776212087697,1.6344084858354928,0.3463484635490128
V5,SE,2011,0.2889897147345669,0.09853385812873056,0.4171020401056949,1.5999177020318025,0.34830188698986125
V5,SE,2012,0.27198542242537493,0.08842918864593162,0.43205765016503356,1.656077606388261,0.3511588558943253
V5,SE,2013,0.2704989678758394,0.08535521922409027,0.43435312086006683,1.6567708622804844,0.3538130011267469
V5,SE,2014,0.27281947972268605,0.08631726395672086,0.4331462949952212,1.6446148149554718,0.3528614071163887
V5,SE,2015,0.2890066507159476,0.0933233060718179,0.4213398114437508,1.5808985007983776,0.35374664463598143
V5,SE,2016,0.28526712257093184,0.08890717212988293,0.4267907899131472,1.582586263148143,0.3548292392996661
V5,SE,2017,0.2791325897609226,0.08441993737072001,0.4310511410184122,1.6072234275975035,0.3549120660678166
V5,SE,2018,0.27010195142323795,0.08030826994415183,0.4365574786727199,1.649478991476251,0.3577070586158533
V5,SE,2019,0.2754847426730891,0.08533345958584539,0.42793527345709986,1.6486397157493085,0.35858610812448705
V5,SE,2020,0.26307659809339495,0.07737693721841826,0.43675827685200824,1.7042216781496715,0.358586784841673
V5,SE,2021,0.2671342080987147,0.0811137147216254,0.4268427951738935,1.718734923626937,0.36090751375647256
V5,SE,2022,0.251374332798476,0.07773484680014699,0.42190584639650425,1.877828367386362,0.36690787432087973
V5,SE,2023,0.24614235918681648,0.07641153800125533,0.4257422832536573,1.907288563787563,0.36606657908659884
V5,SI,2000,0.21248406092943103,0.06315514245976805,0.48514479883651573,1.9378849517784016,0.33657468082961384
V5,SI,2001,0.21778425348157063,0.06534976479527173,0.48249756954244677,1.8937184432527365,0.3407519132051865
V5,SI,2002,0.23262361158118214,0.06936162337776786,0.4688733037501902,1.8143287007224065,0.3519697717508274
V5,SI,2003,0.24123024382105726,0.07182598083204711,0.457202320818359,1.7929205103150547,0.3585740065212172
V5,SI,2004,0.2362334475899144,0.07024141150663538,0.4579769178547182,1.836461434017443,0.3589233760727497
V5,SI,2005,0.22950930999503416,0.06765608148591976,0.4618645754547987,1.882856972254289,0.35768706447349297
V5,SI,2006,0.2394237579480976,0.0717074444772007,0.44985302655579273,1.847943057504789,0.3642166744198067
V5,SI,2007,0.2500343819216237,0.07790838816840223,0.4375368908681616,1.8120061712061941,0.36791964621753864
V5,SI,2008,0.24427671117282984,0.07493039163736209,0.44514580873003595,1.826270850704991,0.3699783728940272
V5,SI,2009,0.21348533502835598,0.055938381749956086,0.4728639508196052,1.9963269615696628,0.37572521877657344
V5,SI,2010,0.20520059845707245,0.05101628104351949,0.4807668593132136,2.0496016902473713,0.37839144969360694
V5,SI,2011,0.20996062420294737,0.054030302785490085,0.4680324487831706,2.0656214362549643,0.3813919429582396
V5,SI,2012,0.19636099142893887,0.04847939304314277,0.480043902992889,2.1679163319974606,0.3753768706738529
V5,SI,2013,0.19543761609270327,0.050037064817373536,0.4758247260814585,2.206234564234004,0.37223220634094173
V5,SI,2014,0.20629432833471098,0.05596575350908552,0.4663454685406391,2.12051446002468,0.3707597197417228
V5,SI,2015,0.21207405044083197,0.05864788455565052,0.46344968794912683,2.066564290354971,0.371012045359811
V5,SI,2016,0.2183344728314023,0.061014003848332096,0.4661396544809155,1.9790094719757712,0.3700324709863379
V5,SI,2017,0.23156298636075678,0.06756440864706179,0.45943961486509877,1.8749593045405744,0.3686540099851033
V5,SI,2018,0.23735019174609628,0.07151923297948358,0.46053631980289816,1.812323357404312,0.36435327039903653
V5,SI,2019,0.23902652193616605,0.07269272918245165,0.46834106331787345,1.7559264881470236,0.3599708097426584
V5,SI,2020,0.21451866630856006,0.05853842719111266,0.4998272490020545,1.8317775460720738,0.35484166391259164
V5,SI,2021,0.22298211634769347,0.06378682109807261,0.49199767325909916,1.7862223699518036,0.352490211946893
V5,SI,2022,0.21027731876529987,0.059587330410515046,0.48973923222656357,1.9368694518177758,0.353816659440711
V5,SI,2023,0.2398320603689969,0.07584460376129805,0.46833435668187706,1.7484903768425792,0.3514998042669798
V5,SI,2024,0.23825615628484131,0.0744899111965202,0.47594597729021926,1.7235943446952526,0.3495020000691666
V5,SK,2000,0.12217586289498501,0.04824641857547766,0.4237054200367582,4.293221199573777,0.34829285462865184
V5,SK,2001,0.1323016822591573,0.0564508703324044,0.40685568043016035,4.076415502833914,0.3348899125216583
V5,SK,2002,0.14286273039439143,0.06062319702274777,0.3871038668726531,3.903001267163118,0.35673009432420216
V5,SK,2003,0.14901059451342688,0.059561917778657006,0.38553370786516844,3.7381079307799543,0.34936851211072667
V5,SK,2004,0.17461373996530719,0.06994770545747483,0.3550169825791608,3.3387531499945213,0.35564800305447947
V5,SK,2005,0.1861099154933811,0.0779716981439154,0.33988418620056876,3.2070295397524577,0.3752274445035411
V5,SK,2006,0.20720689202781295,0.08777812918589074,0.32102346909530943,2.9557812947807536,0.3817020963409099
V5,SK,2007,0.22649375167534688,0.09277964174391042,0.30029212284400647,2.7890111006680725,0.4054328637458695
V5,SK,2008,0.2255403198131359,0.09145131423443234,0.3064649586389652,2.7685286475403674,0.3900132181769182
V5,SK,2009,0.20034440903756062,0.07848000090367627,0.3224976254014203,3.0591908272649144,0.4075505091421235
V5,SK,2010,0.2231280795662808,0.09232004470529508,0.3041156180844882,2.814650891573018,0.40978453860549935
V5,SK,2011,0.22781615172374947,0.09554414208845392,0.3094371235612446,2.7217916598839866,0.4044109218459846
V5,SK,2012,0.23475885643176445,0.09956708941594783,0.3065195755049745,2.6474921922964,0.4039530322523237
V5,SK,2013,0.22945629977082013,0.09727266173610462,0.3156882933334347,2.666629940465562,0.3966708417288387
V5,SK,2014,0.23169981584839386,0.09804730981872227,0.321452985452409,2.6071078857033054,0.39350662479041537
V5,SK,2015,0.2367700917342313,0.10046234453129228,0.324398799786551,2.529007199531112,0.39094373090694085
V5,SK,2016,0.23188801824137242,0.09504698325391503,0.33619117677531646,2.52643548353675,0.39167236902541225
V5,SK,2017,0.22495867701325648,0.08898395879975468,0.353446604861942,2.520651890569544,0.3878642476580203
V5,SK,2018,0.2313998221155391,0.08970386986209791,0.35843291540657946,2.414114957482808,0.38791423001949316
V5,SK,2019,0.2271386302795149,0.08471058631466111,0.37097260720079595,2.3983819144194505,0.3865444032212033
V5,SK,2020,0.22493278100817565,0.07747682941462836,0.3761447448594476,2.3973738696544467,0.3955013921130645
V5,SK,2021,0.24406274685123786,0.08327069657477358,0.369714657013938,2.2127578879264664,0.38984349651025524
V5,SK,2022,0.2251954441444033,0.07367683466607484,0.3777317614556037,2.3855045948952642,0.38661863605035945
V5,SK,2023,0.2819543033810146,0.10092976080662502,0.34976058891270445,1.9564266311085643,0.3851046475808905
V5,SK,2024,0.30530447799847754,0.10650372135996793,0.35241847554682554,1.7686821669940407,0.3886041130455814
V5,UK,1995,0.4657769761696179,0.18960902859467063,0.3667585057742935,0.9927794847748671,0.3806399903675149
V5,UK,1996,0.49018996230672945,0.20523521541855083,0.35746261858896433,0.9533299941103897,0.3806397059960414
V5,UK,1997,0.4847613690555372,0.1972875082323911,0.36903922303813647,0.9325512444348952,0.3806396783475896
V5,UK,1998,0.48910709030212973,0.192081778170952,0.3705849572495406,0.9162805477294591,0.383581366224147
V5,UK,1999,0.4708481694420811,0.17449326945758373,0.38317149307396603,0.9268654720414092,0.39033262940304714
V5,UK,2000,0.45884785586905,0.16660147278732257,0.3886949981714933,0.9435657806670729,0.3923223089576165
V5,UK,2001,0.44873092024695466,0.1566651916523858,0.3955689773244314,0.951409791918673,0.3952398838682695
V5,UK,2002,0.45689957801475606,0.15919075342667133,0.3928393350993503,0.9360318088373175,0.39278815306861187
V5,UK,2003,0.4671394416299144,0.15897530186192713,0.38874673230001544,0.9197560684209792,0.39523339393145174
V5,UK,2004,0.47798289897141405,0.15514121149099178,0.38763984992129846,0.8934941642797493,0.4062913798976025
V5,UK,2005,0.48234591172557423,0.15281582333033433,0.3836316368997128,0.8942238359397952,0.4094119795211883
V5,UK,2006,0.4879571745905349,0.14733917540223967,0.3799194158252316,0.8908490377692949,0.42121949947180004
V5,UK,2007,0.4851851300699664,0.14169121046802494,0.3812177406083958,0.8941351526312883,0.4263233905295757
V5,UK,2008,0.4743966069054951,0.1383503568409004,0.3829191395279252,0.9178508311877462,0.41696867268181537
V5,UK,2009,0.45923092384756115,0.1283931920191676,0.3875162229699837,0.9462000953878071,0.42243064852351053
V5,UK,2010,0.47293938722934026,0.13289919970809594,0.3869752438344285,0.9092262837162899,0.4221835564777168
V5,UK,2011,0.46718261524100796,0.132096073664319,0.3895290655331099,0.9171782359617525,0.41647916904774135
V5,UK,2012,0.47160960908831906,0.13564574249706948,0.3856410849888679,0.9170442360307047,0.41477850013868867
V5,UK,2013,0.47253681135269154,0.13519348884812696,0.38515850300344645,0.9159919729488889,0.41794042159397904
V5,UK,2014,0.48639451323664906,0.14300274910378546,0.37630620239241047,0.9059734710712153,0.41884897878863003
V5,UK,2015,0.48635174194637504,0.14386896730438323,0.3743927598705968,0.911933958371902,0.42118260599094637
V5,UK,2016,0.47975774660342974,0.1419272027831459,0.3746464804899908,0.9288312099430722,0.4226004921858671
V5,UK,2017,0.4742517988657059,0.1379186248019133,0.37609548549049887,0.9394599135648721,0.4244129487756986
V5,UK,2018,0.47175127775774994,0.13451068972982902,0.37856093298394217,0.9387414174617824,0.4240882856556403
V6,AT,1995,0.324593137861563,0.06952269682946165,0.37276529517557905,1.559606747427283,0.4728154845714092
V6,AT,1996,0.32694259051001595,0.06995366760709211,0.3645724978960738,1.578972089282634,0.47897254857599014
V6,AT,1997,0.3277409321719942,0.07088756246792247,0.3583085199998208,1.599614391086024,0.48222815450662304
V6,AT,1998,0.33198406412356757,0.07180969649016142,0.35669047259441466,1.5810818391697414,0.482825539937828
V6,AT,1999,0.3338857083852748,0.0714967102252423,0.35567862222936236,1.5740876468531924,0.4847499340775248
V6,AT,2000,0.34078811681557286,0.07405167080906766,0.3500402487867865,1.5571851477048337,0.48595283611529555
V6,AT,2001,0.34660039472471216,0.07560735447916998,0.34395301163309805,1.5488520698151453,0.48978523776505195
V6,AT,2002,0.3507432847401158,0.07567608391366956,0.33892244907118535,1.5458678796122045,0.49571504889667145
V6,AT,2003,0.3518786213372276,0.0744974580758388,0.33518596362971764,1.5541417649029827,0.5009338368221066
V6,AT,2004,0.35897383880700234,0.07702355347777795,0.3273626493158343,1.546415542765178,0.5046019409570975
V6,AT,2005,0.36611432670314864,0.07981751236721213,0.3209298381747761,1.5338737362721342,0.5066071247858087
V6,AT,2006,0.3764122728887693,0.08274162498177874,0.3138585143810411,1.5089871658439376,0.5110684892948144
V6,AT,2007,0.3827959932874698,0.08500774479497313,0.3096942679561421,1.4936311172326635,0.5112513488140175
V6,AT,2008,0.3707316704120396,0.07968973784196308,0.31910301001068964,1.5175272116063252,0.5086975124671722
V6,AT,2009,0.34602201971977575,0.06856978908110264,0.32596716626725425,1.6219806385533981,0.5181075015009461
V6,AT,2010,0.3479525712472482,0.0687256646119458,0.3209627183455232,1.6305598102003753,0.5223419060763734
V6,AT,2011,0.3517152225555585,0.07059474494298558,0.31947347966470385,1.6154058678670826,0.519557420947994
V6,AT,2012,0.34230505745178336,0.06655683212889249,0.3270323486266947,1.6389556983600158,0.5180234492487458
V6,AT,2013,0.3321912705359398,0.06271375240711405,0.3343309974048219,1.6695416556038591,0.5158797605463241
V6,AT,2014,0.3341027288174599,0.06274296367328895,0.33439575229615603,1.6578185886633365,0.515642996660576
V6,AT,2015,0.34141549975526525,0.06422998041703525,0.3309250875265221,1.6287835752409465,0.5176060340496995
V6,AT,2016,0.34504629616167054,0.06501350269891915,0.33079488259933915,1.6086698351645243,0.517001556958995
V6,AT,2017,0.34470760499962566,0.06438809850166274,0.3317535267604535,1.6068357690581643,0.5168751445592583
V6,AT,2018,0.3448860260344531,0.06412281322958184,0.33521559618324653,1.5923325027076707,0.5136100792729322
V6,AT,2019,0.33830832723246956,0.06138167560441838,0.3409019587663983,1.6073150615634044,0.5117245667549531
V6,AT,2020,0.3064182356422198,0.04816367303549182,0.3534287037931886,1.756665347403429,0.5202247559529976
V6,AT,2021,0.3111920826974041,0.04965128563593572,0.34527115126971286,1.758666850799993,0.522104952724803
V6,AT,2022,0.32278717278530555,0.05511018481806348,0.3411213134601424,1.7000957549086044,0.5122254212966371
V6,AT,2023,0.32447862439648906,0.05458842640188196,0.34637798847351486,1.667998190364716,0.5106828578564843
V6,AT,2024,0.32299456894303413,0.05050019312707719,0.3548319616250036,1.6426258918808347,0.5151756998779103
V6,BE,1995,0.4062615218631715,0.08504506484835464,0.30887920383055767,1.3922929696991109,0.5448582432136563
V6,BE,1996,0.3972506176009695,0.08091964294293431,0.31073007033744443,1.4243708939483146,0.5484768840215176
V6,BE,1997,0.4014205796666315,0.08217921857435728,0.3094638493129694,1.4107672142276728,0.5487223270269477
V6,BE,1998,0.4017883367405865,0.08204116769082394,0.30685678101237307,1.4182884151139963,0.5528524559656203
V6,BE,1999,0.3962189408919683,0.07805488780726164,0.31089094964464364,1.428321842161911,0.5548598697832376
V6,BE,2000,0.40630635047236185,0.08089776440429644,0.3049323858645223,1.4057659906865925,0.5588105809109265
V6,BE,2001,0.40586345181916667,0.07659314567518526,0.3110226521676405,1.3865368219466603,0.5599604743665508
V6,BE,2002,0.41789566527178257,0.07487674054650598,0.3092761492082849,1.3435858165708912,0.568488317059291
V6,BE,2003,0.41884808223057773,0.07433921854441533,0.3025461383674977,1.3626252954330533,0.5760697207272346
V6,BE,2004,0.43195812604896283,0.07874223593199145,0.29377067373529936,1.3411779096481025,0.5788854200887197
V6,BE,2005,0.44366742935632403,0.0797312033397346,0.2853627071103,1.3253872501865454,0.5877301274861951
V6,BE,2006,0.44004947492611274,0.07702321805764853,0.28487347909204475,1.3402313367426515,0.5907900704614568
V6,BE,2007,0.4455404694680433,0.07725793317404936,0.2826198442064105,1.3275148235828287,0.5930909975920841
V6,BE,2008,0.42484064928606324,0.06591820862095957,0.2924916071188084,1.3728584342911796,0.5961645199164273
V6,BE,2009,0.4292034553454463,0.06455455885047472,0.2900741663221983,1.3639801634744124,0.6041759088048871
V6,BE,2010,0.4460038050443073,0.06943371453544166,0.2790819165773711,1.3373125519653597,0.6102152456859996
V6,BE,2011,0.4478243120346983,0.06889786979597858,0.27824113531993555,1.3334598047222417,0.611849740141816
V6,BE,2012,0.44570473227306884,0.06580557756197127,0.2792980827570352,1.3376960056104494,0.6157967685926015
V6,BE,2013,0.45124354368093245,0.06451433968718176,0.2775696001496442,1.323407100718514,0.61973166862956
V6,BE,2014,0.4677522868801571,0.06884079941233692,0.27099686969089504,1.2875270558070537,0.6219365251698834
V6,BE,2015,0.4787178977495113,0.07211877100315423,0.26322459862825803,1.2758350539048482,0.6264802773749267
V6,BE,2016,0.4902892903525379,0.07407795563339985,0.25939884749054815,1.2511402711121233,0.628578602178852
V6,BE,2017,0.48651505983595544,0.0724341579739426,0.2610982553457081,1.2576661276179704,0.6272666647231171
V6,BE,2018,0.48451104878183376,0.07280622142793935,0.2612131079940346,1.2635960658389183,0.6261802605394267
V6,BE,2019,0.49007088021201256,0.07462253452994463,0.25999787368574195,1.2499921220351244,0.6243191373470187
V6,BE,2020,0.4697370717802378,0.06601259825351925,0.2588998693430793,1.3187915141541926,0.6351781175993667
V6,BE,2021,0.47930268518750346,0.07085414032102871,0.25480758244904805,1.2999352566390163,0.6323939752583161
V6,BE,2022,0.47349940371554294,0.07588390105883498,0.25100764671099995,1.3308155771656678,0.6289291454136575
V6,BE,2023,0.47329712762945025,0.07622088843839593,0.2516486627694182,1.329496232359704,0.6293002447483372
V6,BE,2024,0.47655124431577833,0.07554281572661933,0.25097930408928054,1.320773376960051,0.6324967706830379
V6,BG,2000,0.1343098697287936,0.08095213571038228,0.2695494826706259,5.168997355356563,0.43241236468795186
V6,BG,2001,0.1466694242055406,0.08916310858787281,0.27539509057561373,4.665000041874995,0.419971071756156
V6,BG,2002,0.1457209659711311,0.08952742014188655,0.26192210235635066,4.8030861668715,0.42707555467051656
V6,BG,2003,0.14436454712059626,0.08630941977012603,0.2675055785199546,4.806416212459304,0.438202937741995
V6,BG,2004,0.15922272720876893,0.09385091986067629,0.24964523957932708,4.4629656644961075,0.4689087010495429
V6,BG,2005,0.17048429706639243,0.09872345279802737,0.23869168208109465,4.226871017939458,0.4937415152383205
V6,BG,2006,0.1721616378498512,0.10169315721027809,0.24192695644962323,4.16133647097851,0.47558481831868943
V6,BG,2007,0.18887118820216628,0.11229408956566947,0.23446068679180004,3.818774327480322,0.480887084418569
V6,BG,2008,0.18352727996014623,0.10758777239480587,0.24719870657714502,3.8546508581651056,0.47123243805787934
V6,BG,2009,0.16766780118484337,0.09515685981206741,0.2539733870345395,4.195459406224391,0.47710558968616656
V6,BG,2010,0.16557970454898321,0.0914779999826037,0.2610197284884016,4.201968495367178,0.48209786786830017
V6,BG,2011,0.17586175610505086,0.09953061259540893,0.2503173511755217,4.012591569037103,0.48148756821901295
V6,BG,2012,0.17079365410102862,0.0942697565529342,0.2567231462770092,4.095176563552516,0.48684951547439487
V6,BG,2013,0.15976999617242427,0.08312356770107063,0.2795624126367461,4.229654615732932,0.4872628139161204
V6,BG,2014,0.16034718003071785,0.08246636336524664,0.29907142949455273,4.072246920919653,0.47141657958302635
V6,BG,2015,0.1627480982437826,0.08366536428245923,0.2966807746880267,4.0248396172643375,0.4761904761904762
V6,BG,2016,0.16779249524468265,0.08670806212687031,0.30788785196047946,3.8169220629898355,0.4635951526478512
V6,BG,2017,0.1736652470763199,0.08730509376826164,0.3192025567368745,3.6009683163908885,0.4599149874902478
V6,BG,2018,0.17975817794999785,0.08789938958605106,0.3238746472335001,3.437430459867514,0.4653600230297968
V6,BG,2019,0.1868202704248325,0.09222405018944782,0.32371975175852713,3.2962313740138525,0.4627346705555908
V6,BG,2020,0.18441096016757236,0.08684556944512262,0.324308100032016,3.339746896232792,0.47725586745938736
V6,BG,2021,0.20805916022073404,0.10324852896801448,0.30384940381184866,3.0420768003004413,0.4839490502736284
V6,BG,2022,0.21756747270862248,0.11673878735235031,0.2812821648275367,3.0221428656916487,0.476938827175434
V6,CZ,1995,0.2668040842010405,0.09404063146302354,0.35211613012761855,2.076197033864999,0.38329845814977975
V6,CZ,1996,0.26344033771337483,0.09289733029900098,0.36052420360749265,2.066878531839431,0.3816442420831841
V6,CZ,1997,0.24055435591504107,0.08343273201984606,0.37084602989741705,2.2445876740958184,0.3822419474859148
V6,CZ,1998,0.2441152937926072,0.0877641021347084,0.35877347646508734,2.267962905236908,0.3774204454211216
V6,CZ,1999,0.24148562228880638,0.08562807385505723,0.34891869471694115,2.347230662383888,0.39285819188888654
V6,CZ,2000,0.23791189458597503,0.08479235194094449,0.3516663074696845,2.373433644588513,0.39205495909242977
V6,CZ,2001,0.24430993766815848,0.08832466370724242,0.34643654022837644,2.328704168371641,0.39591004247470707
V6,CZ,2002,0.25664977534432515,0.0891891545714792,0.34795562578028755,2.192644198805259,0.4045751930682676
V6,CZ,2003,0.2588775178319827,0.08887168687647379,0.3443799055771079,2.188169463381244,0.4153305512848671
V6,CZ,2004,0.26514895860957666,0.09239419691520792,0.3477736196984489,2.112075303419267,0.4073158332563084
V6,CZ,2005,0.2753528762327025,0.09560467268694596,0.34404106529817274,2.0382072833534393,0.4122059508038239
V6,CZ,2006,0.2878691974163612,0.10067784760172493,0.3395759312320917,1.9546051575931234,0.4119783510863158
V6,CZ,2007,0.29352656810712996,0.10078882434560825,0.33810854028585346,1.9168541500848952,0.41185847491931127
V6,CZ,2008,0.28634306552071775,0.0944337600518833,0.3461288742480919,1.9373946487079707,0.41319642060718725
V6,CZ,2009,0.2734579745983984,0.08875910744118151,0.3410321113040482,2.068727156692122,0.42797615431722774
V6,CZ,2010,0.2828260200913454,0.09209421545994526,0.3335572984519057,2.0228125339024543,0.4358131394515078
V6,CZ,2011,0.28004268229205387,0.09214745270656484,0.34123740463556634,2.011127563349622,0.42804096447712536
V6,CZ,2012,0.27480510651155754,0.08945857912862289,0.34818864144973183,2.0237154575115976,0.4308425188432921
V6,CZ,2013,0.2775434760275912,0.08996228177211743,0.34662995841816147,2.007487857404271,0.43462179933286926
V6,CZ,2014,0.2925489706900159,0.09722691887818856,0.336452572984823,1.9317059013044955,0.43487552121658085
V6,CZ,2015,0.30259913881230927,0.10097019974210013,0.33458608594698835,1.864408652322054,0.4313589826552191
V6,CZ,2016,0.3036999316814193,0.09806129462182656,0.340683095197275,1.830265383955981,0.43029913720823304
V6,CZ,2017,0.3150453342775994,0.09737217083464728,0.34528486690947185,1.7328767874816124,0.4300883908660759
V6,CZ,2018,0.31731616124305445,0.09207240444234897,0.354186994895896,1.6810481553536087,0.43394121272206
V6,CZ,2019,0.3256517369064121,0.09228570755952901,0.34982901099912156,1.646693394123897,0.4400076824558384
V6,CZ,2020,0.305987175626473,0.0764443977610489,0.3530001453714965,1.7614670812495112,0.4589574885519734
V6,CZ,2021,0.314086516737013,0.07378133683541425,0.3485724760009815,1.7254660111221816,0.4627475461827991
V6,CZ,2022,0.3199027180488359,0.07780154724672897,0.34192501500643646,1.7151846869908525,0.45387670685562526
V6,CZ,2023,0.33517791185730467,0.08581133793198646,0.3344421755313495,1.6512430409574939,0.45541174039070376
V6,CZ,2024,0.33092332033933025,0.08335113516395434,0.3406285012399898,1.6518919959068648,0.45494479879942956
V6,CZ,2025,0.33931133765468985,0.08320953933283734,0.34064815877449667,1.6025578825647768,0.4568158560425034
V6,DK,1975,0.40715373478068406,0.0696084309565538,0.33927151135422934,1.2835270342655871,0.5194615596836489
V6,DK,1976,0.41974907269207457,0.07390631986119028,0.3368067137196303,1.2431688703286148,0.518513043768507
V6,DK,1977,0.4202777189509085,0.07138318310542445,0.33407012899054894,1.2504294554074442,0.5259115573147395
V6,DK,1978,0.42481063183199536,0.07081332660147416,0.33223914990217945,1.2396632462739772,0.5299412915851271
V6,DK,1979,0.41709482728194053,0.06659423419022713,0.33910167297828486,1.2454260741734982,0.5278859202242442
V6,DK,1980,0.3902241324977501,0.056542104578703636,0.34782762140561213,1.323448766397359,0.5316611165738807
V6,DK,1981,0.390078758214218,0.05564560161535293,0.33769129831285827,1.3601932640744747,0.5423915799283252
V6,DK,1982,0.41153384424346007,0.06183446425395764,0.32629841990216407,1.3107518240123548,0.54912061317556
V6,DK,1983,0.4093369671656109,0.06313322874304925,0.3284984263842901,1.311963167557289,0.5451494294614637
V6,DK,1984,0.419229368405839,0.07069163282388319,0.3277931140605389,1.2756415128969998,0.5344315476817425
V6,DK,1985,0.417195211604045,0.07287262076873842,0.33163307489180055,1.2704153343850986,0.5288917652416735
V6,DK,1986,0.40447652588992056,0.07090447189344037,0.34274214526587615,1.282217061669654,0.521701537852287
V6,DK,1987,0.3940687880730285,0.06403786519873055,0.34898496892036585,1.3030490179961227,0.5276360049875513
V6,DK,1988,0.3834325865708793,0.05816237695245835,0.35000664064304526,1.34518928719915,0.5348876022974481
V6,DK,1989,0.38074540858501754,0.06002144513088176,0.3421948089580659,1.385482468849609,0.5380626317867867
V6,DK,1990,0.37182633881359317,0.05940634134840662,0.34467548101762874,1.4177723355446714,0.5343986152962996
V6,DK,1991,0.36774762077550166,0.059591907574181945,0.3409732552519756,1.451089310260418,0.5379369356495941
V6,DK,1992,0.36756666604895943,0.06113845504144725,0.3361764586356346,1.4698184878047613,0.5406082581993988
V6,DK,1993,0.3593749024299775,0.05936654551133369,0.33238596487157746,1.5253231589827352,0.5474826631542873
V6,DK,1994,0.37626387620741053,0.0667456773167903,0.3221376061503631,1.479423576608447,0.5476911154670193
V6,DK,1995,0.37211191975404756,0.06672447803458964,0.3269458273273818,1.4817954060023175,0.5424068355009791
V6,DK,1996,0.3714833653677113,0.06534569011227147,0.32583271593205615,1.4889653259684799,0.547221679457205
V6,DK,1997,0.366862116348939,0.06555981023674375,0.32675351834058675,1.5083950338175174,0.5467676941892188
V6,DK,1998,0.3551023658743058,0.05920362323818805,0.33428934276808964,1.5404113666818424,0.5508448761351902
V6,DK,1999,0.36152394616596223,0.059208005959332836,0.3332601232543972,1.5109880484546139,0.5528408127466745
V6,DK,2000,0.382555311528753,0.06951236853619805,0.3192972696160676,1.460060407222176,0.5529905785773214
V6,DK,2001,0.369376771983966,0.06383855414751356,0.3265572442566527,1.496629287279175,0.5533915903700519
V6,DK,2002,0.3630079108791634,0.06035950063217566,0.32909539261410026,1.519086388772002,0.5565983279742764
V6,DK,2003,0.35883848603083224,0.057333733844479394,0.32854375590300117,1.5426497482388757,0.561926285846638
V6,DK,2004,0.3687075979622878,0.061121221447592,0.3192918811778688,1.5269085296196205,0.5669407658981942
V6,DK,2005,0.37215957959036194,0.06123649687946105,0.3186978353406779,1.511974279587104,0.5682478678654064
V6,DK,2006,0.3766308272974738,0.06160254232905815,0.31896328567693577,1.4892708389959282,0.5663713466242015
V6,DK,2007,0.3568693558422559,0.053375907042645956,0.33352195856000383,1.534046748388861,0.5626869395943432
V6,DK,2008,0.34654905386733525,0.04999228975037361,0.33695354983747,1.5763295561563937,0.5648084788483934
V6,DK,2009,0.3442928061940624,0.044283034364985034,0.33289215534601,1.6047255719264306,0.5850246105332925
V6,DK,2010,0.3720559364406192,0.05438833771408903,0.31057161425762203,1.542451864786938,0.5948421165215748
V6,DK,2011,0.3728686075630531,0.05514388267897695,0.30906315854898475,1.5439671782411024,0.5938067616544174
V6,DK,2012,0.37828111533083136,0.0571147660782309,0.3033903993477515,1.5381226247507902,0.5959275828589923
V6,DK,2013,0.39218560116931256,0.06013807431997661,0.29501597397927964,1.502561560531907,0.6017780831597433
V6,DK,2014,0.40089967180495667,0.06245850542970749,0.29321492925652687,1.4697824500162957,0.6003819164541238
V6,DK,2015,0.4034590163589451,0.06262401221868932,0.2964989041875708,1.4471753409965942,0.596997623890763
V6,DK,2016,0.40227193035837955,0.06294477668433454,0.29885678669884413,1.4441015466765799,0.5925511227165554
V6,DK,2017,0.4111315429641457,0.06649717293261871,0.2948451404857708,1.420311167955698,0.591864761403427
V6,DK,2018,0.4015108304493202,0.062446701273150364,0.2992339587166499,1.4460889270922868,0.592152817628275
V6,DK,2019,0.40066736694082855,0.060052213440375785,0.3009019418528261,1.4439320921363166,0.5937044117536665
V6,DK,2020,0.39284311783903847,0.056347918567106275,0.30378338689503265,1.4684676249967723,0.5943585571593003
V6,DK,2021,0.42319068146868244,0.068808941119135,0.28717806804841667,1.3972208640777262,0.5961060184105151
V6,DK,2022,0.4336308604014869,0.07884879920318096,0.27596665824850486,1.393733097624803,0.5877877512805578
V6,DK,2023,0.38384040983635537,0.05953378875986071,0.3038028567654773,1.509964337604016,0.5822351657863682
V6,DK,2024,0.39869874964371177,0.06639360207758231,0.2955433878109208,1.4713460564589724,0.5827788560878691
V6,DK,2025,0.40061412262255774,0.06816697699932783,0.29488366726480103,1.4652048890728164,0.5821887032082087
V6,EL,1995,0.7829739392331386,0.18540465075859616,0.18346306771161697,0.8594029733830799,0.5172332396894792
V6,EL,1996,0.7730894249334019,0.18414927437231352,0.18564333842758476,0.8677363034457576,0.5140447717303404
V6,EL,1997,0.783248650168264,0.1836166654348354,0.18422500217987808,0.8573024841999202,0.5343136721343595
V6,EL,1998,0.7675760786860167,0.18129300413786392,0.18683840418314782,0.8725505194644877,0.5351439041548978
V6,EL,1999,0.7411440770856209,0.17126623567164567,0.18920419659889595,0.9047744621652306,0.5486414114318
V6,EL,2000,0.720199023285933,0.16489232575299625,0.1850599697278354,0.9464883994354168,0.5665031544362279
V6,EL,2001,0.7017727205123859,0.1656894799711436,0.18514694583173263,0.9759883196902984,0.5662982648555921
V6,EL,2002,0.6785193857162328,0.15919526833737402,0.2035760398315084,0.9701913969349458,0.5512112678181712
V6,EL,2003,0.7038432871217359,0.16698260848591234,0.1982596668452178,0.9408295989391899,0.5590612275726635
V6,EL,2004,0.7477166845502933,0.17497101568584952,0.18680972381566702,0.9007549821577168,0.5776826477664679
V6,EL,2005,0.7363254104028495,0.16801301418014464,0.19513275401391336,0.8979535833783238,0.5770571811464253
V6,EL,2006,0.7422659342279987,0.16791492259536953,0.19056839119395705,0.8999189550263713,0.5818658205198024
V6,EL,2007,0.7378155554891094,0.1659615028674172,0.19167522848897986,0.90388959865155,0.5848264046567312
V6,EL,2008,0.7185035582787109,0.15942984955007716,0.1876116084916546,0.9430555707420161,0.6009847935923547
V6,EL,2009,0.6958105134952655,0.1509586635247154,0.18921500262154836,0.9760232075711015,0.6124552850979059
V6,EL,2010,0.6590873925412761,0.13829604291867015,0.19815095087859327,1.0184540975500793,0.6103215011118158
V6,EL,2011,0.6254930878116689,0.12430999297139131,0.20294854276511068,1.0713284600766462,0.6142403119408167
V6,EL,2012,0.5966902745790692,0.11549823012480548,0.2015608116405901,1.136552481596279,0.6183998303758782
V6,EL,2013,0.6095741129094318,0.12251847451795697,0.19694606400030656,1.1204555759197408,0.6069938067870477
V6,EL,2014,0.6242437557671663,0.12720479543783225,0.20198431836401262,1.0763875904671194,0.601136183564162
V6,EL,2015,0.6461927130620145,0.13688272291895803,0.20321818242750467,1.0298223664157458,0.5911193309797539
V6,EL,2016,0.6427345031525954,0.13536170468236047,0.21193508268504543,1.0141775866201146,0.5879892774898119
V6,EL,2017,0.6703282583235736,0.14532824919093099,0.21012447007166654,0.9682169173311801,0.5841525440922406
V6,EL,2018,0.6794180194325105,0.14814450820212402,0.2168120029286774,0.935921623014136,0.5783119276561951
V6,EL,2019,0.7096151366465111,0.15880058290732785,0.21835929645048213,0.8831401828917769,0.5717919136154476
V6,EL,2020,0.6605278425325661,0.13706446320572493,0.2198974785557517,0.9611314973814536,0.5934933573491887
V6,EL,2021,0.7174266309444436,0.15760371067942577,0.21873532459207023,0.8702466586658522,0.5814809902173463
V6,EL,2022,0.7788747485279491,0.18512025995609982,0.21001550629010388,0.8042483342092115,0.5660946927198319
V6,EL,2023,0.7977883221315633,0.19660634308141728,0.2104214474486807,0.7792878910406209,0.555516408038667
V6,FI,1980,0.2756899752678227,0.07539608218216601,0.40903306098915776,1.7345593508739856,0.42264137835209115
V6,FI,1981,0.26708523897402975,0.06863675763491874,0.4204703069414379,1.749360175958866,0.42366740114387547
V6,FI,1982,0.27619806523479157,0.0715453319851702,0.4094407414460738,1.7287323049577856,0.4311075987327213
V6,FI,1983,0.28264950661461713,0.07127407102179042,0.4005117258529364,1.7204481913509708,0.4404139874746027
V6,FI,1984,0.28749690067439343,0.07054820039724588,0.399472182272505,1.6893427451886673,0.44446963218878943
V6,FI,1985,0.2840211400185995,0.06461220152431084,0.40772729508724004,1.677584752015923,0.4485983460585839
V6,FI,1986,0.2875027332865762,0.06390196192626156,0.4060717612681087,1.659745950940829,0.45189845876721607
V6,FI,1987,0.2836943377177232,0.05876867782536462,0.40973035819687187,1.670923230280627,0.4569854609392725
V6,FI,1988,0.2917764287286899,0.05842182695664389,0.40586820828095166,1.6303887789875622,0.4599761400230257
V6,FI,1989,0.29106880654615325,0.056339412421179264,0.4067186434044629,1.6315669552327225,0.460134639881016
V6,FI,1990,0.27597037822261866,0.04789309785280962,0.42039481506354437,1.6798493802352064,0.46188375305635737
V6,FI,1991,0.2519631432199752,0.03281814739997186,0.43007803440313114,1.8318478898154806,0.4866535988170157
V6,FI,1992,0.2601055053017322,0.038310579930502194,0.4080676665203886,1.8676716831444622,0.4995557412789164
V6,FI,1993,0.27828209680638977,0.051490478165510556,0.379737630758315,1.849160226343942,0.5015128982292916
V6,FI,1994,0.30586619739469606,0.062026658845270935,0.3642895480369024,1.7141043947326666,0.4956572333877786
V6,FI,1995,0.3447747542587069,0.07418478471875005,0.35235111124825025,1.5261184714340617,0.49068010688378616
V6,FI,1996,0.347564091072069,0.07477150688943815,0.35557673051007777,1.498536758320672,0.49010339499430006
V6,FI,1997,0.36586529771157955,0.08358001842461264,0.34934479286813686,1.4290561956967596,0.4834207028732125
V6,FI,1998,0.38243327752678863,0.08992281220228261,0.3503845393506775,1.3482528408752583,0.4723277873528689
V6,FI,1999,0.38136468768954923,0.08879855302374771,0.35727204304698995,1.3280647951560902,0.46515538813399704
V6,FI,2000,0.39273044049137074,0.09188469546675003,0.35341924755768034,1.2929536478902515,0.4627719237270731
V6,FI,2001,0.3999868107887748,0.09365714076084963,0.34993910459394945,1.2752667218785014,0.4630828337793192
V6,FI,2002,0.4044555304019907,0.09295704334667197,0.34684001030898315,1.2680717428863244,0.4734828725439054
V6,FI,2003,0.40632083187288237,0.09037879384799953,0.3453001750785971,1.2659876880212353,0.48098471986417657
V6,FI,2004,0.417605557857455,0.0926036167035884,0.34060763577702097,1.2383760530561032,0.4837960447680104
V6,FI,2005,0.4108959883647816,0.08603810812981083,0.34593023255813954,1.2458832335329342,0.4864526132179081
V6,FI,2006,0.41238355876006527,0.08470617911070907,0.3486100488810561,1.2309629900575267,0.4844353192849591
V6,FI,2007,0.4330481214296723,0.09177805315270876,0.3384574488284662,1.1891846732237117,0.48118611311616644
V6,FI,2008,0.4184598467083652,0.0831067272608505,0.34571892519416014,1.2178267290722196,0.4861635906956427
V6,FI,2009,0.3716327938244659,0.061930155256343475,0.3633457429588864,1.349781482680479,0.5039665001988775
V6,FI,2010,0.3989917519976747,0.07017352978791228,0.3526851629960034,1.2696913241444352,0.5072897317378721
V6,FI,2011,0.4010629995797873,0.06858166534102933,0.3550679438627757,1.2529887874062524,0.5074271704643785
V6,FI,2012,0.3854471869377353,0.059142230009764936,0.36233938791113357,1.2920003859886133,0.5131113039488514
V6,FI,2013,0.3898210490597039,0.058452555524750226,0.35847490007053845,1.287216376675288,0.5174286336030386
V6,FI,2014,0.3994598630878125,0.060247212804879054,0.3524589569818432,1.2685826115319103,0.5203255240443897
V6,FI,2015,0.41025207165407274,0.0634560427591902,0.34937291678436244,1.236547370205073,0.5176656397457395
V6,FI,2016,0.41747696806355583,0.06446615880872206,0.3472626744610385,1.216266275570979,0.5163737138363875
V6,FI,2017,0.4341748356194956,0.07174005482624785,0.33724891573526905,1.189212384858292,0.5100275078287851
V6,FI,2018,0.4253104402983533,0.06778060619566366,0.3427440212011878,1.2026118330725757,0.5082549978927309
V6,FI,2019,0.42319193797952426,0.0648844178718722,0.34275059610152714,1.2103257858267913,0.511174052403065
V6,FI,2020,0.41898824339140944,0.061872865773574995,0.3372157058849594,1.244652770304914,0.5194959817442206
V6,FI,2021,0.4209553640153334,0.06185356043878309,0.3387701110898295,1.2320137425780502,0.5207779452356358
V6,FI,2022,0.413662352449194,0.06064481334715947,0.3406911616444494,1.2531421530189313,0.51777800680202
V6,FI,2023,0.39783528505290566,0.05545367721452744,0.3462262657796067,1.2971014097267324,0.520730712278263
V6,FI,2024,0.3959598864167356,0.056265409128131494,0.3449945945945946,1.309227027027027,0.5227862392798128
V6,FR,1978,0.48949159660097225,0.08073935622498171,0.37017515932754724,0.9165166757232566,0.49629556761270327
V6,FR,1979,0.4879728808345455,0.0783379436437459,0.36750725801329337,0.9286564568738928,0.5006656233612329
V6,FR,1980,0.47369964629263084,0.07270476239451297,0.3708759277497354,0.9572316129124745,0.5039092165900284
V6,FR,1981,0.4673531796139705,0.06914264883111924,0.3694389226713319,0.9797785531774593,0.5103321639721492
V6,FR,1982,0.47497622663811667,0.0689807524569916,0.3654255098226523,0.9705876516546452,0.5173926637241602
V6,FR,1983,0.4913624235153093,0.07234661835558698,0.35859801655364054,0.9467561431267759,0.5211045937254042
V6,FR,1984,0.5089054064707252,0.07616132245254713,0.3515257705364837,0.9227272069681278,0.524278706290139
V6,FR,1985,0.5247585795423539,0.0792892230801035,0.34514003155434014,0.9027861462639786,0.527870744878775
V6,FR,1986,0.5572857997517761,0.08831466861144206,0.33280579353109085,0.8644151059895643,0.5301383353262404
V6,FR,1987,0.5625174837840334,0.08851934617772027,0.33084481229797214,0.8587274356624764,0.5305857358273194
V6,FR,1988,0.5845579478038653,0.0954778244285873,0.3228042202491431,0.8356707988572161,0.5305950754214322
V6,FR,1989,0.6018865852036992,0.10052632307575797,0.3178941005253567,0.815385683811081,0.5300864803510779
V6,FR,1990,0.5978067841240282,0.09756925293588746,0.32099199241700815,0.8148398944324337,0.5299828949345623
V6,FR,1991,0.5896838363399813,0.09317476211117635,0.3239704457669378,0.8224566946291886,0.5312636819660493
V6,FR,1992,0.6048506668546628,0.09501452694906991,0.32088153829731314,0.8019054551174923,0.5336758778966949
V6,FR,1993,0.613985741452845,0.09245989655851497,0.31750692897810884,0.794071117454925,0.5416545158609668
V6,FR,1994,0.631410774976936,0.09435518122959682,0.3120502007714547,0.7774937640962252,0.5463294358262397
V6,FR,1995,0.6467384902511442,0.09539432829050808,0.30937050275245054,0.7584946508730299,0.5496505283118366
V6,FR,1996,0.6544365326138143,0.09348932700701428,0.3077625466001875,0.7499984720810615,0.5541619622018091
V6,FR,1997,0.6749368710458814,0.09651382559962675,0.30241247263791593,0.7311471938848263,0.5570592610004123
V6,FR,1998,0.6925153508482872,0.1003712276806934,0.2992256430267807,0.7127004552392222,0.557136977198347
V6,FR,1999,0.6875068689735224,0.098011027357292,0.29924629450246143,0.7200216388402181,0.5612538741417114
V6,FR,2000,0.6921588014134396,0.09976675039722085,0.2976941653953281,0.7169658131681337,0.5618586575940324
V6,FR,2001,0.6911189732196058,0.0979301465177487,0.29849786633405073,0.7165258283533822,0.5627323709593952
V6,FR,2002,0.685865751692137,0.09394724005986783,0.3005060039821213,0.7193641299210787,0.5647955827636457
V6,FR,2003,0.6855022360361523,0.09098224540406884,0.2983928393991764,0.7251007740685146,0.5691655211340767
V6,FR,2004,0.6936272213142012,0.09124672213574009,0.2947153649877176,0.7220910885940697,0.5711563974286131
V6,FR,2005,0.691475730503192,0.08872937826083334,0.29326755662736775,0.7287964323116769,0.5743521215345364
V6,FR,2006,0.6900066182573493,0.08685943033897882,0.2931396262015128,0.7312858721853043,0.5752118873488933
V6,FR,2007,0.6973522643326943,0.08815282561251833,0.2888476306828171,0.730941657586999,0.576413538174542
V6,FR,2008,0.6860741959480385,0.08505464601840461,0.2912582176366844,0.7417813377775144,0.5756406511982252
V6,FR,2009,0.6512157116126671,0.07379830422157929,0.29834531931225994,0.7791082312941375,0.5806559093532598
V6,FR,2010,0.6550410438144456,0.07361926492704493,0.29604267297124254,0.7786339960348121,0.5828038300084204
V6,FR,2011,0.6540270807896408,0.07253731719495043,0.2951442739654441,0.782572149005218,0.5848392206528132
V6,FR,2012,0.642145361924733,0.06880109393615674,0.2988704538444619,0.7929844247051688,0.5855395343557135
V6,FR,2013,0.6418965970204061,0.0681276499195049,0.29943637623549524,0.7919600060111512,0.5856351421936828
V6,FR,2014,0.6464589454848714,0.06768583159071084,0.29905204579519734,0.7852363828830727,0.5872424002173837
V6,FR,2015,0.6596007808888354,0.0698959611137904,0.2957187203522069,0.7720199786510734,0.588578054217395
V6,FR,2016,0.6533852390492031,0.06733922938168045,0.2972782134516594,0.7782309112584906,0.5900405163632425
V6,FR,2017,0.6467255214109373,0.06457207117102416,0.29939335074956425,0.783920398369147,0.5915959005123111
V6,FR,2018,0.64032595856272,0.0635242398405444,0.3009019081502401,0.7908828032160775,0.5903556162272703
V6,FR,2019,0.6512628574040106,0.06714808752685196,0.2941217216071686,0.7897390734127141,0.5911091757143025
V6,FR,2020,0.6107985333487445,0.056810440845143945,0.29286348428229453,0.8648611615854378,0.602938381764527
V6,FR,2021,0.6189909208001638,0.05765910562561018,0.291965856281906,0.8518863714742376,0.6021274303642051
V6,FR,2022,0.611687116931575,0.05669668646631005,0.2979465376122615,0.8497864176107798,0.5956111899732102
V6,FR,2023,0.6387687841722745,0.06346310502326558,0.29163605803678133,0.817315975179943,0.5943650502051055
V6,FR,2024,0.6407358697880148,0.06378962185979586,0.29262985599439684,0.8113666226788419,0.594493267112486
V6,FR,2025,0.6306811591187135,0.061963381343760796,0.2950233133775085,0.8227787272092048,0.5946051893429134
V6,IS,1995,0.38886802937686804,0.09132230314545071,0.36336365871649856,1.2737890336857636,0.44913706340626985
V6,IS,1996,0.37746072638682765,0.08522705907421561,0.3765696182041025,1.275073422288,0.4506814195115369
V6,IS,1997,0.38620871464617923,0.09068707999501376,0.3634125144843569,1.2848866081774544,0.45664078210562137
V6,IS,1998,0.38083836336503557,0.08628522396466683,0.3688377844631882,1.2884590539118879,0.47118285260650966
V6,IS,1999,0.35830042901206655,0.07252246982901486,0.39263573812930025,1.302489951631583,0.47409722380637365
V6,IS,2000,0.361106310914495,0.07530430125176014,0.3949444790294326,1.280616159715084,0.47171711303472186
V6,IS,2001,0.3903268046694341,0.08836781950560797,0.3680649526387009,1.2509246729815067,0.4842732845977205
V6,IS,2002,0.398849887846744,0.08557590383656574,0.36035222711426546,1.2433783802552816,0.49693644084228494
V6,IS,2003,0.39048308487445166,0.07385369972058613,0.3620260476118439,1.2717808369892594,0.5155953848701764
V6,IS,2004,0.39640935818841483,0.0766680855391778,0.3622984226018265,1.2463961357518427,0.5130273057739454
V6,IS,2005,0.37462267549471434,0.07050393617779926,0.3767373130935281,1.2869705393033184,0.5075505848664128
V6,IS,2006,0.33764656056350584,0.06407003668643887,0.38944759064068196,1.4188113424293116,0.4998188124449966
V6,IS,2007,0.3509006960373328,0.06857252583860307,0.3816596397087007,1.3804923516498835,0.5042095733846328
V6,IS,2008,0.3483700619478014,0.0805601750547046,0.34836127855731724,1.5221746618712326,0.50838188511992
V6,IS,2009,0.3492436653761102,0.09373590875154314,0.3005826271186441,1.7020803907721287,0.5205013260731804
V6,IS,2010,0.36008692944091647,0.0958375804160749,0.3051629085778485,1.624474172393071,0.5120223944515241
V6,IS,2011,0.35675381616356555,0.09100985379480014,0.3195563021888434,1.5877637235041255,0.5076694705591291
V6,IS,2012,0.35396669810681025,0.08977208456258887,0.3290016477544962,1.5666522536840752,0.49911932677424525
V6,IS,2013,0.3572976834865164,0.0879519610047833,0.3382747059285257,1.5137532378699015,0.499194847020934
V6,IS,2014,0.3835371461661614,0.09775841670591212,0.3330931203664399,1.405739444614458,0.4983049839419531
V6,IS,2015,0.39857797155943103,0.1050459800281155,0.3331213974383643,1.340023257175843,0.4966437862641739
V6,IS,2016,0.401456592261585,0.10146198570067577,0.34454141119357967,1.2881596116341396,0.49349243018027306
V6,IS,2017,0.38912353039505193,0.08976599867214062,0.3636888238259825,1.2715532689048576,0.4936829821060108
V6,IS,2018,0.3763978843027864,0.08440526197121186,0.3825885566673595,1.2577273672021145,0.47979361631690715
V6,IS,2019,0.38755224342672673,0.08937097543073771,0.3675083608016745,1.264508096143204,0.48659753966119934
V6,IS,2020,0.37031232373370304,0.07832504289372218,0.35207742954221827,1.3975877285736436,0.5147107405895955
V6,IS,2021,0.3943798485187809,0.08673059885240941,0.34585756477788265,1.3128033370885732,0.5118397868408612
V6,IS,2022,0.4133367572475397,0.09880561621322198,0.3484941936105624,1.2277164747265457,0.4934690189871201
V6,IS,2023,0.3857198850642778,0.08959159809752006,0.3669930678315918,1.2741121919164804,0.48385942076147087
V6,IS,2024,0.36967340995371567,0.0821117509875779,0.3699886112354373,1.3342491613526484,0.4895079240853062
V6,IS,2025,0.37275296489040294,0.08418276519840512,0.36510523172337955,1.3381535698888158,0.49119161273963996
V6,IT,1995,0.47886474933349615,0.14366924480750848,0.2635815207589899,1.2742608037511935,0.4844195657152375
V6,IT,1996,0.490082672149826,0.14578842616460477,0.26214148794756403,1.2434381907129801,0.48945794499613277
V6,IT,1997,0.4900863754401608,0.14372774178070966,0.2629191510954772,1.2410623628621984,0.49254463632586426
V6,IT,1998,0.4945878239132751,0.14898740101077207,0.2567192453518687,1.2461094105724713,0.4850917333469677
V6,IT,1999,0.4962086534335057,0.1479164403816914,0.25703512653430954,1.240248059328654,0.48796821705532273
V6,IT,2000,0.5014616617761201,0.1503852392440827,0.25106711356929906,1.2424326761814588,0.49156374618016907
V6,IT,2001,0.5043313941173202,0.15161881545479955,0.24928147968656697,1.239260635815362,0.49403770241579537
V6,IT,2002,0.4921958893634068,0.14567944600547506,0.25186733095520025,1.2681223422873271,0.4962479809997003
V6,IT,2003,0.4897426892419624,0.1438967762039265,0.25159546523305687,1.2765632009541703,0.4999031253515997
V6,IT,2004,0.4835466395825914,0.14128761503264128,0.2516572235716622,1.2959551785625445,0.5000453643771674
V6,IT,2005,0.4719492094604714,0.13404963788565824,0.25440377925052926,1.325419230945484,0.5043421520918681
V6,IT,2006,0.4633214301982522,0.12969375763769583,0.2568485605186512,1.3471166158025891,0.506018142503656
V6,IT,2007,0.4590051956306308,0.12839082781269226,0.2589515815649822,1.3555147153075087,0.5006198583993944
V6,IT,2008,0.4424922347292021,0.120884964901616,0.2636915715265134,1.400311479112545,0.5029048089626745
V6,IT,2009,0.4134518676211316,0.10600207551988536,0.2714878477832447,1.4905362456339137,0.5106552668885387
V6,IT,2010,0.41103862197292873,0.10438453444465978,0.26981082425300945,1.506638240903406,0.513425472204163
V6,IT,2011,0.40621251548509557,0.10291174217163244,0.26983575209168875,1.5276574813119033,0.5115804650119433
V6,IT,2012,0.3926983333486165,0.09732680815236397,0.27382401989530175,1.5753714526508937,0.5105938872665107
V6,IT,2013,0.39663221014444733,0.09720678327810345,0.2725392298415165,1.5615548037558897,0.5120191359973556
V6,IT,2014,0.403055899738206,0.09859401502373832,0.271356751372254,1.5364402542069138,0.5124838447276062
V6,IT,2015,0.40872377895794226,0.10018390147320405,0.2734699768284781,1.5040875340749478,0.5094464921576597
V6,IT,2016,0.42347649438641755,0.10386958681237429,0.2721889036598804,1.4464686983273507,0.5092023958864953
V6,IT,2017,0.4316971145604777,0.10595455193876956,0.27277008363112654,1.4118136021071614,0.5080307015051377
V6,IT,2018,0.4327691444741435,0.1049896200553322,0.27579216045322924,1.3976354597777683,0.507571799859703
V6,IT,2019,0.43284300733238634,0.10505370547771857,0.27940410930715565,1.385393238659444,0.5051930797511061
V6,IT,2020,0.4038037134209855,0.09183234155308678,0.2797864768255034,1.5037868268296768,0.5198726711794127
V6,IT,2021,0.42708880607220023,0.10017936929784825,0.2785557016472828,1.4106580826886044,0.5110939738067456
V6,IT,2022,0.4338080127032547,0.10454948149346188,0.2761001827316029,1.3926099288162421,0.49977724533322265
V6,LU,1995,0.5913549703585649,0.15363836500584674,0.28419446753896693,0.926255377884685,0.5418607677293429
V6,LU,1996,0.5978164975738861,0.1551052939084489,0.28187485389230893,0.919371931738487,0.5448963929393706
V6,LU,1997,0.6121023182447662,0.1645337474644247,0.2699213368294743,0.9228182451150322,0.5540476044789818
V6,LU,1998,0.6018783902219486,0.1568270869572857,0.27292887238806496,0.9350745040810925,0.5575848233957189
V6,LU,1999,0.63962742533828,0.17633314378575918,0.25558323445546766,0.9082454821616042,0.5693876055807333
V6,LU,2000,0.6498282618160707,0.18071964366534016,0.2522156408657701,0.8985258751224728,0.574831081081081
V6,LU,2001,0.6068767755917899,0.1587216807883923,0.26469229943078076,0.9469337342927725,0.5764832237831337
V6,LU,2002,0.5963079800026114,0.1491575646900734,0.2696688331785825,0.9550861446404619,0.5804199171723009
V6,LU,2003,0.617140469265237,0.15341384893090418,0.2649017066427485,0.9262343960219405,0.5824017029607588
V6,LU,2004,0.6327879812797419,0.1561115915694143,0.25787674865895793,0.9149066690035931,0.59034590895436
V6,LU,2005,0.6421156533504867,0.1592268128223753,0.25430823523350765,0.9069962133896604,0.5946140158773611
V6,LU,2006,0.7227036090537439,0.1925685172781193,0.23683350903502645,0.8191547016288291,0.5972680734489311
V6,LU,2007,0.7586197771080953,0.20253686004777902,0.22886291494054986,0.7876371926615373,0.6054605530114195
V6,LU,2008,0.7566672423150935,0.19891649682292295,0.2293926621985766,0.7890303574681382,0.6066202409612599
V6,LU,2009,0.7045217917675547,0.1694060731542984,0.24272571116258496,0.8321513156182492,0.6077637645426013
V6,LU,2010,0.7652691937113718,0.19309528616481364,0.2247493609410757,0.7882936903532604,0.6173217334907453
V6,LU,2011,0.7262957142389413,0.17734633727398708,0.23365758586838553,0.8214806988654524,0.6154731730427573
V6,LU,2012,0.7143725643817217,0.17629979141824606,0.2273936499464914,0.8541237382838186,0.6226494341293719
V6,LU,2013,0.723971840526418,0.17912257738400955,0.2212889308696523,0.8543206792556911,0.6299319846301801
V6,LU,2014,0.7262970737694578,0.17933970629985388,0.21642967638141203,0.8624268300228942,0.6362830938169416
V6,LU,2015,0.7406399220399549,0.1905623936442315,0.21035059972524614,0.8558212022211187,0.6364209576943184
V6,LU,2016,0.7442950797682822,0.1894590637410245,0.20883515347564757,0.8541368693552194,0.6393891015407105
V6,LU,2017,0.7291466056812712,0.17679478229269274,0.2141705079087788,0.8635681607873319,0.6432299076191677
V6,LU,2018,0.7210222009886608,0.16226459516852765,0.21899376675277601,0.8641992780332425,0.650908772567796
V6,LU,2019,0.7125674483590453,0.15296030737186092,0.2224216053154896,0.8688131914397892,0.6528402040315044
V6,LU,2020,0.7253122242522548,0.15218787868727285,0.21647282644163932,0.8637890902331021,0.6603733191021973
V6,LU,2021,0.7875851843697651,0.17358872155203348,0.2054572744861572,0.8033767428140098,0.6610782728170487
V6,LU,2022,0.7058978745086618,0.14212187088274045,0.21503204047217542,0.8969814502529514,0.6619987859799236
V6,LU,2023,0.7094724251211018,0.13523771354019984,0.21550781188785986,0.8902323977872846,0.6673383341517517
V6,LV,1995,0.2181812933858654,0.08397778334908299,0.4119797744068455,2.2831194087903546,0.3769778248338333
V6,LV,1996,0.2250827704939742,0.07998956618725094,0.43008517202065594,2.101938166454296,0.38716613311672793
V6,LV,1997,0.2538874332070895,0.09709963151375398,0.40255788906838985,1.9506192784060308,0.39410763494893825
V6,LV,1998,0.27215987962403704,0.10404992809730594,0.3805412184651006,1.8955429067579952,0.4106969447971913
V6,LV,1999,0.2998586551482144,0.10779602015898583,0.3510802139037433,1.8130053475935832,0.4556579994693553
V6,LV,2000,0.34494293585202673,0.1295757304377029,0.3145941351466213,1.6724181895452614,0.48126138752627895
V6,LV,2001,0.3799331544198758,0.14828174116894882,0.29527096153552507,1.5596054299195288,0.4865101704817037
V6,LV,2002,0.41077205911867887,0.16445684565789404,0.27889114380742996,1.4766052201364226,0.4911937880852595
V6,LV,2003,0.4274266310142881,0.16529177650281693,0.2787704316775775,1.408605871036497,0.4998758504245915
V6,LV,2004,0.4400797741227088,0.16976491396145774,0.27786289482393023,1.3630602914680032,0.49316997920812006
V6,LV,2005,0.4240356328193008,0.15545131904913526,0.29982268945474383,1.3514001238026287,0.4830405759872646
V6,LV,2006,0.40277395839062424,0.13208650080626586,0.3131895302242305,1.392011254156364,0.4856550777804226
V6,LV,2007,0.4044321648977458,0.1219559289013466,0.32734477359153813,1.3358642507909115,0.4891023530937346
V6,LV,2008,0.3670258903929558,0.09853535362995902,0.34343867733233024,1.445430554657607,0.5028586499685208
V6,LV,2009,0.32818757242123775,0.08325466820379351,0.324395303843793,1.7341978694804234,0.5257998932339879
V6,LV,2010,0.31505576924559286,0.0899704859169935,0.31370738218972216,1.86461367967694,0.511325591127851
V6,LV,2011,0.3282518574449916,0.09673248918801548,0.30212043047622017,1.8239286799716332,0.5153147972195828
V6,LV,2012,0.3309794269016625,0.10188450288425839,0.3037910722567159,1.7996899031639564,0.5024881825498486
V6,LV,2013,0.3209492390783212,0.09433899596891204,0.3199313755172066,1.7989975443199782,0.4976866523006718
V6,LV,2014,0.3202584915971706,0.0896976315793909,0.3272342826751072,1.773461670677208,0.5002525877866376
V6,LV,2015,0.32038305660479094,0.08772146243557,0.33796941055589597,1.7284026269041033,0.498774521053453
V6,LV,2016,0.32635345093656076,0.08404131555520454,0.34648433280929347,1.6559938555330205,0.5004109672004914
V6,LV,2017,0.3367533265574172,0.08469303667078697,0.35084153913521887,1.5768557088802306,0.4987768982138704
V6,LV,2018,0.3353437112549938,0.08085595267874664,0.36846283564664684,1.5147905046050072,0.4881833579588453
V6,LV,2019,0.33713343390343664,0.07692776938409267,0.3753297472551765,1.4775575369046745,0.48838548537220683
V6,LV,2020,0.3220728193258321,0.06569929612761227,0.37858694611201,1.5508309264943825,0.49979021677599816
V6,LV,2021,0.3547554554884254,0.08115040370211882,0.34996464457665827,1.4823830906495037,0.5103503034198537
V6,LV,2022,0.3579776450908931,0.0842749270335558,0.3556690753058652,1.4442503708666312,0.500962388514005
V6,LV,2023,0.35506169700533136,0.08273343325803792,0.3501608710668388,1.4800538054641634,0.5102981925413732
V6,NL,1995,0.5102656513288784,0.09505539330958014,0.272162306344894,1.1542274413475235,0.5940991634172523
V6,NL,1996,0.5210110983718713,0.0954169806928816,0.26877250992077717,1.1347052516168659,0.5978045777202408
V6,NL,1997,0.546142125973795,0.10174572359261685,0.2614302015285621,1.0909097175987825,0.6020184356792088
V6,NL,1998,0.5600834759639012,0.10370719877947282,0.26127322173269396,1.057685129959365,0.6026679181318262
V6,NL,1999,0.5595993192127606,0.09971422197197463,0.26547179218388456,1.0471248865423213,0.6037892447268253
V6,NL,2000,0.5663674199429023,0.09882428564759453,0.2668200371057514,1.0277105751391467,0.6036764154728678
V6,NL,2001,0.5752629018046965,0.0974168460465617,0.2625495209463066,1.019386923660476,0.6093380268735837
V6,NL,2002,0.5780001605550134,0.09284409679317561,0.25989774940489074,1.0205556156676043,0.6175016322435786
V6,NL,2003,0.5849879399417445,0.08904551248406688,0.25581234853652773,1.0163295208113796,0.6264259771068412
V6,NL,2004,0.6030831829585878,0.09129758848313793,0.24926563696805423,0.9955615846251847,0.6307092149805522
V6,NL,2005,0.6276071409565214,0.09618928482976034,0.23989459541197528,0.9712219693702001,0.6360699632583835
V6,NL,2006,0.6597644767380367,0.10311085312436406,0.2298826209605095,0.9373784338435521,0.6408142615886326
V6,NL,2007,0.6815959813253454,0.10605478762868215,0.2265254159429864,0.9082737983261658,0.6436711604764952
V6,NL,2008,0.6765616724533632,0.10274614926234482,0.22921014037293108,0.9100649486695999,0.6445771389957377
V6,NL,2009,0.6247215594114721,0.08461654628983382,0.24221100034977264,0.9707917978314096,0.6452452612704918
V6,NL,2010,0.6377229132257541,0.08819029104008234,0.23213611478195204,0.9719352292034943,0.6530714972747675
V6,NL,2011,0.6411689161440315,0.0916025752646554,0.23125119970622846,0.9677289456773019,0.6535182736403793
V6,NL,2012,0.6322793097149646,0.091133824632924,0.23201922538613542,0.9826034307942083,0.6549276229361589
V6,NL,2013,0.6323657533413928,0.09249820647146617,0.22863839322491886,0.9911645494538085,0.6585770918742369
V6,NL,2014,0.6371024876019039,0.09711846566699228,0.2268160461136048,0.9867782639584073,0.6581493750437272
V6,NL,2015,0.6528534174793791,0.10517100177183188,0.22078489761908016,0.9727680217933882,0.6581780938627286
V6,NL,2016,0.6558540537681459,0.10573147023922917,0.22341513777573652,0.960666683114857,0.6564373310919268
V6,NL,2017,0.6691919152588043,0.1110761954802279,0.22124204981901954,0.9424868184232134,0.6556542295995802
V6,NL,2018,0.6735268107161786,0.1101893576518641,0.223882017291166,0.928437341582711,0.6529900777688389
V6,NL,2019,0.6735465619355051,0.10906786931996812,0.22563072121653596,0.9240585839418699,0.6508998580376633
V6,NL,2020,0.6237896050150803,0.08758442894437969,0.23925864665995322,0.9802893343001584,0.6532572047350675
V6,NL,2021,0.6670156174361587,0.10083391206264546,0.22706410676424954,0.9317331882776909,0.6532908289070998
V6,NL,2022,0.7009581349708864,0.11538467969694487,0.21604594486233372,0.9023575888525963,0.6528259402026083
V6,NL,2023,0.7004151512320153,0.11391713009239061,0.21976721474940505,0.8941903915048032,0.6505590107797546
V6,NL,2024,0.7150881909558978,0.10962895338909442,0.22233762443067456,0.8651679244020942,0.6521990586605889
V6,NO,1975,0.24617431218841845,0.07142702717310523,0.4073553426380515,2.0000634172378624,0.4347325501239347
V6,NO,1976,0.23833434196005834,0.06396599921630951,0.4115922923120867,2.0572407883461867,0.44618149996452305
V6,NO,1977,0.2237291732993738,0.05726229244035058,0.4182808668984494,2.181823198757519,0.44895203672545225
V6,NO,1978,0.22971888041521826,0.05808475030500887,0.4104636057879102,2.1558748386033355,0.457582201016492
V6,NO,1979,0.250636917973318,0.07060118172108361,0.3827631680447855,2.079910076368966,0.46206305529599434
V6,NO,1980,0.2805827497918563,0.08740701381509029,0.352629106850371,1.9546078620290974,0.46749780620990367
V6,NO,1981,0.28488851219889244,0.08919750594813193,0.3453520988743125,1.9525569886941285,0.4737354920838762
V6,NO,1982,0.27658947387871813,0.08491789300687871,0.3440134279071704,2.0276841023483505,0.48116777321352444
V6,NO,1983,0.2814719068453343,0.08887657761090169,0.33261544218434147,2.0384366649176973,0.48694083694083695
V6,NO,1984,0.297449605183048,0.09917899625416751,0.3191861389286282,1.9696515304049875,0.48707760250217125
V6,NO,1985,0.2949882410474771,0.09712547295927307,0.32297447643979055,1.9721187827225133,0.48740333729765106
V6,NO,1986,0.24719488938776785,0.06553851887045727,0.36642927999289315,2.196612057861151,0.49066961644328977
V6,NO,1987,0.23327069684966495,0.05662439637808574,0.37830703723323883,2.2868068033080835,0.4930314141362394
V6,NO,1988,0.22197722403376566,0.050222755801803264,0.37859322028028936,2.420823622707109,0.5016819132789104
V6,NO,1989,0.24397837196515232,0.06449073255741151,0.3462750284289026,2.333163178759682,0.5103367552272354
V6,NO,1990,0.2666410174071629,0.07503648782976406,0.3282959946518024,2.1908363274488907,0.518708715965845
V6,NO,1991,0.2752074974840364,0.07917482821876072,0.3169645841022227,2.164927886641229,0.5299980608881133
V6,NO,1992,0.27493482104162503,0.07826589842247152,0.31900259418657984,2.1579386795064943,0.5326297701665917
V6,NO,1993,0.2808204405631295,0.0841944069046118,0.311506790449004,2.1402136333576105,0.5320621374199389
V6,NO,1994,0.2845643498745866,0.084033521069184,0.3160883841820394,2.087275270187788,0.528504844768434
V6,NO,1995,0.29213481958508186,0.08677378784088947,0.31283523832609256,2.03938269533168,0.5282967589086901
V6,NO,1996,0.3125027368521622,0.09684990429982279,0.3019628155438007,1.9317366121396904,0.5300324015368674
V6,NO,1997,0.3158824993208119,0.09914099957019436,0.3067209543298186,1.8880161620372506,0.5223735029064097
V6,NO,1998,0.2822743307964923,0.07725037965308378,0.3394046658584698,2.000855365145877,0.518598290700705
V6,NO,1999,0.3016186591353642,0.085483923736186,0.3278571442067335,1.9005953584337407,0.5224298769621585
V6,NO,2000,0.3849751659858503,0.1327744593028107,0.2745538755946844,1.6098433232417189,0.5289279406345697
V6,NO,2001,0.38089771180572135,0.12607769933192126,0.27759186674412895,1.6190016565699166,0.5338300653594771
V6,NO,2002,0.37002908031552706,0.11257029541953884,0.29024304636906195,1.6278682356569938,0.537438712766814
V6,NO,2003,0.39319977100242975,0.11967965919413609,0.27745304714449986,1.5601547190386476,0.5475821075518701
V6,NO,2004,0.43672479181194246,0.13766899527680646,0.25656003510116804,1.4457476397490467,0.5528583733991966
V6,NO,2005,0.4793967307998708,0.15780925542979327,0.24002016406602467,1.3452635625583793,0.5507956312377795
V6,NO,2006,0.5029378346359297,0.16798408030895565,0.23469680668692294,1.2869687762316304,0.5468081958859852
V6,NO,2007,0.47188267089831654,0.14928488711638185,0.24945471623957438,1.3410789694573868,0.5422770899665816
V6,NO,2008,0.49063511985529884,0.16134524474985973,0.24170572867028045,1.3038303339608666,0.5418317259829566
V6,NO,2009,0.40107711906301097,0.11444604867487046,0.2722014623192587,1.542408504414847,0.5502774564734961
V6,NO,2010,0.4268123737784852,0.12420317244912521,0.25924958427567596,1.4762915134825911,0.5554977433310669
V6,NO,2011,0.44308185399304006,0.13125365072693987,0.25381123915354176,1.4302765972627505,0.5535579246806991
V6,NO,2012,0.44486030623409756,0.1317735272221986,0.25666204191774095,1.4142848770710132,0.5493195754941959
V6,NO,2013,0.4310857594207155,0.12537030881157404,0.26407386631408725,1.4430716786346387,0.5462747651381267
V6,NO,2014,0.4108724762572028,0.11515810754389431,0.27094453232996263,1.5034636108274646,0.5473443521804344
V6,NO,2015,0.3791551325296168,0.09751647843984851,0.28375037306543077,1.6053170969064314,0.5523976603187843
V6,NO,2016,0.3658977186167772,0.08638335340471591,0.28804745463203046,1.6577218386540875,0.5615751666530606
V6,NO,2017,0.40163174279341196,0.09783084641956079,0.27205741768652975,1.5404053554262602,0.5667473362687544
V6,NO,2018,0.42303647007872336,0.10637280356709215,0.26474223217994036,1.4733059500092562,0.5646823791039853
V6,NO,2019,0.3887071496395628,0.09115695286206058,0.28416477917142025,1.5574149846491154,0.5595709927490515
V6,NO,2020,0.33495721658485905,0.06795035956782652,0.30443351518506356,1.7721495538610683,0.5649429991577399
V6,NO,2021,0.4643094933480825,0.1243367318988558,0.24316561709487128,1.3868557237303671,0.565470911262949
V6,NO,2022,0.6582368936461586,0.2126099077571675,0.1872266475581275,1.0475466692939455,0.55919676154069
V6,PT,2000,0.5592723693945243,0.09746239897853155,0.29801577480550506,0.9571583829210288,0.5520006340948943
V6,PT,2001,0.5511908218995071,0.0951948831158107,0.29625256500480573,0.9805238380745278,0.5564723800669167
V6,PT,2002,0.5441937113938563,0.0929206463891728,0.2937749036642338,1.0039708834506065,0.561333074158571
V6,PT,2003,0.5384587508380293,0.09087077910425706,0.2874810343405514,1.0357753238308423,0.5707575742387813
V6,PT,2004,0.5375763525305413,0.09062855818987574,0.2828658364752535,1.0511477601961219,0.5755337422973756
V6,PT,2005,0.5254072459570298,0.0855617891162789,0.28316374199466593,1.0811803235303845,0.5820734612009527
V6,PT,2006,0.5177868081842698,0.08656192248167364,0.2821804081898644,1.1041422645088157,0.5775296102208859
V6,PT,2007,0.5212093831289053,0.09150537795008458,0.27774214550391974,1.1079924131493573,0.5753233199942762
V6,PT,2008,0.4949727692804993,0.08516833854281461,0.2797192590571318,1.1754734013186707,0.5785790343571523
V6,PT,2009,0.49683549307908964,0.08368988101023198,0.2714994895018065,1.1947816450914215,0.5940773485418104
V6,PT,2010,0.48995663738845485,0.0819833841677208,0.2739095309305479,1.2080388980970236,0.5913593735880321
V6,PT,2011,0.46674822710828046,0.08027512324715376,0.27559128111925646,1.2764418639636677,0.5868252522703417
V6,PT,2012,0.4515754775678788,0.0842694382878153,0.2701292610220205,1.3461470321659073,0.5833048382646305
V6,PT,2013,0.47643409351466137,0.09119089585730145,0.25849476367863033,1.2978700020149299,0.5947158934406219
V6,PT,2014,0.47649840748962435,0.0924349327956654,0.2587172705327958,1.2969704669615743,0.591172666972592
V6,PT,2015,0.4860034815080129,0.09721122329329036,0.25911162547100275,1.265339129964135,0.5860728172499117
V6,PT,2016,0.4930425784693214,0.09958565732526041,0.2599948461198645,1.2409001803858044,0.5829955679440452
V6,PT,2017,0.49133556485848934,0.09850986343003142,0.26632807176216794,1.226891594616224,0.577323944153862
V6,PT,2018,0.47944669888959496,0.09409012584934232,0.27712391665583475,1.2306058998563156,0.5690447521792621
V6,PT,2019,0.4754279812084401,0.09170228153451257,0.28280322167356553,1.2257255285768254,0.5660789521181961
V6,PT,2020,0.41744299288452924,0.06757972667968253,0.3027154132327392,1.3676553886557472,0.5736487950874658
V6,PT,2021,0.4145249683666566,0.0676985622766687,0.3057792956500544,1.3689586751056468,0.5695698184783174
V6,PT,2022,0.4148758466730071,0.07388055948438324,0.30476173694728476,1.3710125184787763,0.5584855137398089
V6,PT,2023,0.4372914161745274,0.08105098502826641,0.30697202244632843,1.277847509609332,0.5489781075903236
V6,SE,1993,0.39485927024931217,0.11382931315099855,0.3016536013533138,1.4669420763061058,0.5286311443285092
V6,SE,1994,0.42097681908717216,0.12890264700959003,0.2951224479224689,1.3792632192170118,0.5262695696248668
V6,SE,1995,0.44810987481753256,0.1485860246573104,0.28533711265319184,1.309501402427098,0.5167014508984594
V6,SE,1996,0.4309099917707007,0.14128958318328338,0.2961161817003311,1.3373660576120152,0.5131510731690457
V6,SE,1997,0.4251205736234046,0.13794196993888674,0.2974765392928492,1.3550510124070718,0.5111450575554078
V6,SE,1998,0.4297155197902071,0.1441972244860034,0.2890549530258136,1.365400178874657,0.5042689757049931
V6,SE,1999,0.42414348618554637,0.14079469278329343,0.2914315271663975,1.3791551867920744,0.5063790984064547
V6,SE,2000,0.4155468281287895,0.13043957006349066,0.30283985534455604,1.3748534813962423,0.5048145237224432
V6,SE,2001,0.39194894113715795,0.11622516173306913,0.3168369392494187,1.426152999104609,0.5004181291887656
V6,SE,2002,0.3878256792963501,0.11387464219934028,0.3119489513725654,1.4621755725006271,0.5078532074256829
V6,SE,2003,0.3921762749925781,0.11528619480169078,0.3048213781166285,1.4677963609256621,0.5157826381430773
V6,SE,2004,0.4000846813369009,0.11912275624452219,0.29910963963488635,1.4527453877134666,0.5161093450917266
V6,SE,2005,0.3957110059421754,0.11637988127526314,0.2973505319093478,1.4783126605198493,0.5211537587054844
V6,SE,2006,0.4055215661327423,0.1210860440752975,0.2901739146619666,1.46022888661761,0.5234729196443462
V6,SE,2007,0.402033937518904,0.11720860900649385,0.2970075371448582,1.451582313735794,0.5194347463648864
V6,SE,2008,0.36547968098143696,0.10043865098078057,0.3115056971211761,1.572304371416651,0.5163044403944748
V6,SE,2009,0.3362975433110388,0.08500759845038204,0.3182113919975506,1.7091260702088527,0.5249030452106115
V6,SE,2010,0.3668061031180197,0.0977150443475839,0.3006608623774708,1.6059026644499907,0.5282674675977569
V6,SE,2011,0.37157396010578975,0.09853385812873056,0.303288436633243,1.5717395205691354,0.5261291414408
V6,SE,2012,0.35337504782126883,0.08842918864593162,0.3140528726410653,1.6270777521388575,0.5283721394210514
V6,SE,2013,0.3523799800198251,0.08535521922409027,0.31507154715241675,1.6286496960608008,0.5312681601512793
V6,SE,2014,0.3561983956121638,0.08631726395672086,0.31237965934337203,1.618062333453595,0.5332917872582474
V6,SE,2015,0.3771160162168803,0.0933233060718179,0.30099834434120226,1.5525470517705349,0.5383270588103802
V6,SE,2016,0.37690643362539017,0.08890717212988293,0.3024925669701343,1.5481190724244933,0.542728277763366
V6,SE,2017,0.36967048557910254,0.08441993737072001,0.3062965487523928,1.5702488567075399,0.54161307324599
V6,SE,2018,0.3577789036722983,0.08030826994415183,0.3129161106586111,1.6074986546868382,0.5396166165049695
V6,SE,2019,0.3621358070770774,0.08533345958584539,0.30853977292617185,1.6008550274799007,0.5375429210305507
V6,SE,2020,0.3503850630525128,0.07737693721841826,0.3127721760869317,1.6485780536460983,0.5406699364189442
V6,SE,2021,0.35143261000625103,0.0811137147216254,0.3081626284129262,1.660457675703894,0.538601980432812
V6,SE,2022,0.32641092904564956,0.07773484680014699,0.30880639018692485,1.8087501874496335,0.5366196139339492
V6,SE,2023,0.32206189401535384,0.07641153800125533,0.30923301355336286,1.8355938016727373,0.5395497467550178
V6,SK,2000,0.14898947552001932,0.04824641857547766,0.3646278060257594,3.8999163287635965,0.43916094684970075
V6,SK,2001,0.1612632136233673,0.0564508703324044,0.3464354727175199,3.70634576980993,0.43366225753285714
V6,SK,2002,0.17381919471923543,0.06062319702274777,0.3262511065979274,3.549896717526776,0.4578521773410383
V6,SK,2003,0.18053075955416642,0.059561917778657006,0.3261707537111457,3.4063191995407194,0.44955017301038064
V6,SK,2004,0.19926808429128431,0.06994770545747483,0.3069968226142216,3.1707461378328032,0.44280407582109016
V6,SK,2005,0.2115099786619807,0.0779716981439154,0.2943010625782847,3.0421795228105974,0.4590179996080956
V6,SK,2006,0.23351779454614602,0.08777812918589074,0.27853389803521955,2.8110212400089165,0.4635378972805221
V6,SK,2007,0.25380888869917156,0.09277964174391042,0.25991566540503475,2.655996138898062,0.48537673454812463
V6,SK,2008,0.2539418340660696,0.09145131423443234,0.2658410936764577,2.6252103513270137,0.47087081691755533
V6,SK,2009,0.22885816543533152,0.07848000090367627,0.27303812926862364,2.9034352526120593,0.498410878316902
V6,SK,2010,0.2546689686444712,0.09232004470529508,0.25474633336218017,2.671615958064954,0.5055984772141977
V6,SK,2011,0.26072291081773186,0.09554414208845392,0.26146537656779173,2.571176454239738,0.4967445379307182
V6,SK,2012,0.26896477370816996,0.09956708941594783,0.2579707215881575,2.5008637093360693,0.49835939151036085
V6,SK,2013,0.26431272424567964,0.09727266173610462,0.26293363828744454,2.525681112727908,0.4974931474523045
V6,SK,2014,0.2685786131620236,0.09804730981872227,0.2643471320516279,2.4747126139475064,0.5012496644903565
V6,SK,2015,0.27425244697484286,0.10046234453129228,0.26745689466639844,2.403597141182542,0.497851722891962
V6,SK,2016,0.26882635377831704,0.09504698325391503,0.2776943160861186,2.4091913770833764,0.49752064566323906
V6,SK,2017,0.2604372346289234,0.08898395879975468,0.29493152241479575,2.4123176103361383,0.48920678009266627
V6,SK,2018,0.26638442949107716,0.08970386986209791,0.3025991937526778,2.315424718454557,0.4832599001308447
V6,SK,2019,0.26451106695422777,0.08471058631466111,0.3073897377176619,2.3110650220682136,0.49168765743073045
V6,SK,2020,0.26543597267880215,0.07747682941462836,0.3057094007766531,2.309951891159432,0.5086973572992763
V6,SK,2021,0.29016964117373856,0.08327069657477358,0.29612422124678595,2.129614653109714,0.5112930580197396
V6,SK,2022,0.2675294418349432,0.07367683466607484,0.3046642273036426,2.2944357742780768,0.5052696692223065
V6,SK,2023,0.3346425056517367,0.10092976080662502,0.2771878977557621,1.8827651567329893,0.5126908077130973
V6,SK,2024,0.3645969744863401,0.10650372135996793,0.27759513266970737,1.7037840829643436,0.5184119615480415
V6,UK,1995,0.5648758315159716,0.18960902859467063,0.293983593290404,0.9558776457979135,0.503537945799703
V6,UK,1996,0.5919923294084382,0.20523521541855083,0.2866144984548175,0.9184441925218869,0.5033952340820981
V6,UK,1997,0.5904216974292644,0.1972875082323911,0.2958718757366081,0.8967132330580261,0.5034367929362608
V6,UK,1998,0.5976620638912158,0.192081778170952,0.2981297321027359,0.8762300111400874,0.5041009664432154
V6,UK,1999,0.5770935303446835,0.17449326945758373,0.3094450408750699,0.8871633472184145,0.5076394047451945
V6,UK,2000,0.5628583284502525,0.16660147278732257,0.31390976146611743,0.9050297191362768,0.5092399955215438
V6,UK,2001,0.5589720029639604,0.1566651916523858,0.31521063429434737,0.9098764220779632,0.5180946162887271
V6,UK,2002,0.5762589821879858,0.15919075342667133,0.309332535508788,0.8892040354420563,0.5218646316190372
V6,UK,2003,0.5959276533125425,0.15897530186192713,0.30165913192709526,0.8701959820134726,0.5307140761652993
V6,UK,2004,0.6176913672473173,0.15514121149099178,0.29643939008093295,0.8425770301329643,0.5459738691347662
V6,UK,2005,0.6296293267158797,0.15281582333033433,0.2900338615551492,0.8375599596348591,0.5535026111194805
V6,UK,2006,0.6357744531562406,0.14733917540223967,0.28725511667160747,0.833810506192035,0.5623870397743496
V6,UK,2007,0.63229223568835,0.14169121046802494,0.28933334197402655,0.834619504374467,0.5645958911421375
V6,UK,2008,0.6215525843511156,0.1383503568409004,0.28869063648721366,0.8557167417805068,0.560440658090435
V6,UK,2009,0.6139636733881728,0.1283931920191676,0.28543884979691847,0.8784103829431216,0.5745707622254279
V6,UK,2010,0.6337087669738248,0.13289919970809594,0.2842500457186235,0.8452119273251238,0.5755688429556101
V6,UK,2011,0.6273771937700106,0.132096073664319,0.2863751649710795,0.8510981797972151,0.571005377995829
V6,UK,2012,0.6340183852458217,0.13564574249706948,0.28271147966987903,0.8486256187835257,0.5709771531080691
V6,UK,2013,0.6279282274111546,0.13519348884812696,0.2881437061578785,0.8455149872520171,0.5645512099077237
V6,UK,2014,0.6445182830912826,0.14300274910378546,0.2810514855251671,0.8344304695041971,0.5659562431139519
V6,UK,2015,0.6425178687213216,0.14386896730438323,0.2806028876042568,0.839050195083419,0.566183298494745
V6,UK,2016,0.632962881888818,0.1419272027831459,0.2812000216467453,0.854411558306081,0.5666187658194427
V6,UK,2017,0.6234358442056624,0.1379186248019133,0.2847844161919896,0.8624315972204047,0.5641579634044226
V6,UK,2018,0.6204728121120505,0.13451068972982902,0.28786621797785794,0.8598613989632994,0.5620638247304626
