country,year,HX_raw,VX,HM_raw,VM,H_raw,O_raw,N_raw,HX_adj,HM_adj,H_adj,O_adj,N_adj,commodity_share_X
AUS,2000,1995.9261892627899,51798.50323475648,7413.872135449437,50814.167735120915,16299.71580761406,-0.3412060804620116,-0.3323951171992686,15471.062647346098,6541.26993124754,68130.83729558004,0.1292084508347992,0.13106829551143465,0.3155812518084989
AUT,2000,1426.273645721165,43249.61895445309,2992.7809852974715,42366.83520902063,6252.767994856504,-0.26050333698031986,-0.25053021971467804,6041.916801689405,6273.870536130551,21700.96560729754,-0.01671263427673734,-0.010688636562934587,0.03084281907749937
BEL,2000,1818.856742876942,67670.47351973466,5254.999667589644,63882.355964500704,5976.431858101846,-0.6270891665358651,-0.5749489003299777,10828.363678865406,10220.099698345046,27137.667441419733,8.213864279165991e-05,0.022414011146439854,0.02606368208886341
BGR,2000,322.803779054601,603.0062414026772,437.1839458901212,3542.243936564871,5668.832342706957,0.04381514566102122,-0.020177024106679056,354.80878087084886,671.3013971883013,7557.567455564523,0.03182654202999068,-0.041877577431931975,0.16344616912901747
BRA,2000,13123.913702776981,37419.984228904155,3418.2448888944245,41260.43040496357,175462.81026269097,0.0571279625906191,0.05531467779042117,14392.851434081109,4527.543463068336,144363.55298414655,0.07125568267442335,0.06833655564085586,0.20801343159951266
CAN,2000,6669.485167644043,184818.37639123065,11246.760995502202,134345.5179278109,26666.830726591365,-0.3300962539650252,-0.17164678753121707,33639.61522100246,17832.663579106265,94944.20072168102,0.09592286592580626,0.16648675244770997,0.16159552641523306
CHE,2000,1786.4148597433114,67740.86818861564,4345.916470050911,64690.83407374786,7403.790883862852,-0.3733765980982263,-0.34570149946917544,1786.4148597433114,8967.878892374465,7403.790883862852,-1.0270792912087545,-0.9699712141092103,0.012236928342764228
CHN,2000,157333.36394288114,147452.77265744045,9263.130788655959,115721.17486465145,1679585.2483804799,0.08664651863351233,0.08815880783485099,64727.06753486402,14347.250400828518,757623.5250277072,0.0613044526098511,0.06649716576870161,0.15748298220816945
CYP,2000,74.84261446327181,1478.8705741662402,348.2369758685766,3551.131630175938,555.556242970919,-0.12632537606149075,-0.49210924161933295,236.1135365487827,591.8475124415528,1339.276626835764,-0.007736759475857403,-0.2656165042865292,0.031362504034967
CZE,2000,2251.4523948118745,14217.476663882793,1378.3138812637449,16471.88253626798,8809.0012242778,0.12053351815948317,0.0991189002382859,3942.024399022107,2572.077011174001,16818.752918616898,0.10238403845675098,0.08145356522430941,0.05760361407756074
DEU,2000,9967.4922167211,362411.97498718835,30166.657316554454,309506.70031177055,54230.83436534046,-0.46755094757388116,-0.37246642682567443,36133.02661718016,50668.369009301765,173886.89895837082,-0.1333987709628282,-0.08359078504011633,0.014131982328068142
DNK,2000,886.6373968202467,34979.22452338207,2898.178528126169,28082.987175347986,3941.134337124022,-0.6909777978619859,-0.5103964897511745,7565.822463899864,4398.084876281352,18290.63758572261,0.11414122770020199,0.17318901939707115,0.13490929021328965
ESP,2000,4256.384209477095,80974.87753937504,8581.273436921336,108841.10481420907,28651.032237572395,-0.07426797810584301,-0.15095055534413404,18713.24160935823,16091.105531767895,104489.44687607021,0.06452219519794768,0.025094745507652276,0.07619629099737435
EST,2000,220.01580191031883,935.4365447641212,215.5264543629113,1866.7700809643861,1145.8722413172165,0.09775585435733221,0.0039178430068668784,451.75983981936787,351.6597197296296,1736.3845765464246,0.1586880717371795,0.05764858859137761,0.10995152381545072
FIN,2000,829.0341251971308,29839.56290342319,1758.6682426749321,21033.51467941657,3796.8178934785224,-0.43877039542966845,-0.24484559005965398,4201.369153107349,2993.3216702132772,15341.578051635799,-0.002943563294612868,0.07874336517587013,0.04547062554587339
FRA,2000,5903.657176353829,205031.71825276883,18056.87077702943,197141.2073292919,36942.169003081835,-0.348542983939186,-0.3289794272681104,32662.247123923724,30133.506745801562,155463.75846780188,0.008507814661189496,0.016265786978550953,0.03957737084380785
GBR,2000,6789.772238154388,215250.62364104105,25303.712836597027,242597.70896620047,45942.08131766576,-0.3408977597189435,-0.4029843678702387,18504.746631987233,37668.92291141687,130226.82628846222,-0.11455325464470395,-0.14715997329904626,0.0807316266883773
GRC,2000,475.89690964785507,6945.044277343464,2606.526170928588,30220.703318341642,8733.792982433888,-0.014095935013811055,-0.24395234299301885,1539.869756878676,4853.721576917051,21895.44333048415,0.019384493309763436,-0.15134892543713108,0.10324946187566075
HRV,2000,475.33297487476807,2586.7186581935766,456.0381290179463,5106.302275698787,3036.8926943246115,0.08044934654087128,0.006353482917878615,475.33297487476807,977.9507279152979,3036.8926943246115,-0.006609119301548498,-0.16550395540146318,0.12857826357941385
HUN,2000,2108.0050095967727,10166.582778246078,1424.1898591568129,14266.736174266623,8478.117556819023,0.128933889999097,0.08065648368958524,3733.1455790893087,2109.0847076624123,15496.540838866007,0.14391573471535204,0.10480150946678889,0.06019770828718614
IDN,2000,27085.274193940793,43912.252039908635,4257.990080502045,22794.965519279078,159660.176212213,0.11826791664889064,0.14297418839809978,16159.39861246599,4438.850972123819,98363.96361435992,0.07734936543876711,0.11915489382161412,0.3498531701725982
IND,2000,59095.60714200881,32174.36273858174,3735.8143415502177,34201.29110565322,946052.9455252048,0.058750617375441135,0.05851659049560424,21299.042491977343,4357.21406314826,365142.0822663792,0.04710510821701126,0.046397907148017094,0.20552964793047207
IRL,2000,1166.9372155911642,36336.63461271785,1511.3314261102823,26789.1266016327,3226.327064121014,-0.27369358426437,-0.10674497770205002,6365.309125381639,3142.5338719200577,13979.528810795868,0.15041939158933337,0.23053532755501407,0.04866334914009369
ITA,2000,6196.277615094633,161371.22818929248,14591.051123605239,159616.35077909636,39420.18915311127,-0.21702566017358513,-0.21295619551455253,27343.884210007167,25022.124252998536,156843.07850897932,0.013049081166026611,0.01480307565421645,0.03334616043028153
JPN,2000,7639.988004609556,323242.2867935089,62059.28392812066,232788.00426876993,119243.1775286106,-0.6586006252672265,-0.4563724068025109,15990.64181011002,58735.87881304581,253830.4217073833,-0.2583149748806343,-0.16840076424020076,0.009344538113524146
KOR,2000,6926.149946639215,99559.67953747525,12344.712439377927,76468.53560832857,42750.11805297239,-0.21394761174659802,-0.1267496498144047,11581.11547736574,12076.580096417645,71314.38188826169,-0.05808393709550644,-0.006947611490599743,0.024862357890978234
LTU,2000,381.68647571896804,1551.3691259989464,631.4244990619044,3396.54240675495,2612.7171127520314,0.03570368799593645,-0.09558555808588166,583.7074757297651,890.9015925255026,3804.0095960326266,0.046474277562067484,-0.08075534749337229,0.07314447690025863
LUX,2000,131.34942537190136,6611.88252092806,663.8479814006816,6748.6306396750315,421.1271959021816,-1.2325182244897934,-1.2644601469824517,716.8583905535396,975.1753911734686,1906.415691961043,-0.12513374373119288,-0.13549878009774985,0.011209011205346663
LVA,2000,236.9925836827797,1041.526069937558,331.26897758678433,2212.0320745612794,1816.2922918754418,0.04460513793262844,-0.05190595936882936,461.1637345936464,490.45426726477854,2405.1576327587386,0.09572569661450224,-0.012178217457429448,0.0924253061731648
MEX,2000,9361.872639949768,98767.18634897351,6117.547111349058,99241.78306956407,67764.53543369911,0.04830817485518499,0.047876452008956245,16383.746904541616,13916.461816823336,104004.76844370906,0.02436269801014737,0.023722807373525955,0.16992227457780837
MLT,2000,92.4532889948256,1084.7940094269318,152.77359415714758,2230.7633839236732,320.0738571725304,0.05674092309973881,-0.1884574569606519,208.99123257419916,312.2621362406022,665.9334413656582,0.08580711378874688,-0.15507691497609882,0.006886696151772401
NLD,2000,3056.8071082047936,109304.67840863633,8766.81109456297,91911.50306299931,11359.309805396828,-0.6487207780981382,-0.5026717365913679,21318.016934029234,14440.94673228168,50541.105458872335,0.08199840802132455,0.13606885206228322,0.1278574413050975
NOR,2000,606.414846136134,51612.685375698056,2125.576500095686,27721.59146369771,3293.2100406550303,-1.0175577838183418,-0.46130117277833443,606.414846136134,3861.5775657276654,3293.2100406550303,-1.9990093068735897,-0.9884467371975063,0.6272857807799024
POL,2000,5516.658315116243,25319.000097667602,3581.6671906931592,36369.58571643982,30998.698763245124,0.0975282833364452,0.06242168870382989,7183.88326798251,5972.443096943165,49656.151676160705,0.06094140412237931,0.024396577868939895,0.0887356211854694
PRT,2000,1072.00859060887,11330.032224967505,2015.8133089068583,29766.990682124728,9642.582610330324,0.03160373099589025,-0.09787883147476156,2450.87898791288,5334.961510059442,19160.26553818702,0.02193416311114542,-0.15052414155735439,0.05406626825605394
ROU,2000,0.0,6379.017106552276,853.4393767439956,8115.154787083738,20661.817175468615,-0.03246841746783722,-0.0413051460815977,0.0,1582.8953543363443,20661.817175468615,-0.06021998582789687,-0.07660968737133567,0.10200804705589728
RUS,2000,19664.143603107914,57560.183312208035,7198.9793583116125,30259.421903304872,136541.5201478775,0.0437235202585953,0.09129211562385017,18529.53981142499,7790.699578712018,115576.12161897862,0.03209908735922113,0.09291573451578393,0.20668698884110007
SVK,2000,640.183541458274,3574.575374398333,685.3634953278656,6667.601958151736,3497.5417727854647,0.07798407753211285,-0.012917630954729097,1240.0466221853117,1299.2901359599905,7613.1174148738755,0.07138767701515875,-0.007781768038797586,0.04910199524153467
SVN,2000,320.1722933265445,3718.826213441058,517.6736962613624,6487.349660434778,1460.3189266703148,0.016037315788807096,-0.13524539011840547,613.9848366138626,1116.524097256614,3675.873921823905,-0.007087978849762014,-0.13671286647214492,0.029411438326181174
SWE,2000,1606.4877274157452,60709.17907211115,3302.822336702953,48645.29061263842,7027.638752305056,-0.3579331389576358,-0.24138045068563213,6039.402019671705,6529.809685863301,22417.22722455334,-0.0941142795940637,-0.021876374864704853,0.027721168717018026
TUR,2000,6476.128216924663,40476.19473493066,3086.226972065997,32033.068963847647,44566.4682405365,0.05781135785886989,0.07606394176362623,11194.189581235187,4571.981646400382,71506.25923181507,0.07575765475217648,0.09261018554146944,0.09755832972500636
TWN,2000,7494.65632710285,76846.77918399815,5776.5322463943,60918.05445309489,36696.37369247403,0.005659648612719693,0.04681999630554546,7494.65632710285,7908.403127633204,36696.37369247403,-0.0676257396708553,-0.011274868846651428,0.01676989988325795
USA,2000,11919.593238849531,509883.349242216,113528.3698731228,787245.4689644983,267851.1216909883,-0.23001766942932092,-0.37934796013845423,56508.3430847916,118114.51672477185,824522.2021728323,-0.024246888255393565,-0.07471742237823532,0.04199147594598819
AUS,2001,1869.8710603846414,47526.013313349526,7008.975240906978,45382.083387956285,16335.96778951368,-0.33485745345247736,-0.3145882904973166,14645.057782072116,6119.895134595103,70160.99990064837,0.11738783631195604,0.12150856828649943,0.3379384381509583
AUT,2001,1466.4675800020386,44449.22344087294,3027.2752436814008,42901.68900061736,6275.860810768534,-0.2660999834191412,-0.24870017209451584,6328.558740234117,6508.018765823469,22152.20771447215,-0.018698585943099855,-0.00810122530009096,0.03212001582465504
BEL,2001,1820.3506197636261,66853.74906060571,5124.149566554239,61893.987573319835,6038.385832926018,-0.6151334814928966,-0.5471327997584566,10812.785805934875,9925.698524719764,27566.041612386514,0.0033269043766851,0.032180437572020014,0.02543419016909413
BGR,2001,340.0805944579114,667.6847577072003,527.8427515282674,4058.4378320676606,5712.086837687536,0.044334258077503526,-0.03287102637017491,383.4443379723533,794.4980440328682,7836.536950719934,0.03225089963625266,-0.05245348916816526,0.1529012364052794
BRA,2001,16221.677300975363,38331.96076896126,3544.974594832563,41007.63332940632,177780.55781365407,0.07260639706184054,0.07130533767044571,18975.83647778712,4577.578136637908,146763.79470292185,0.10014007143140828,0.09810497452927036,0.23656227507447772
CAN,2001,6616.11857801607,178777.62776346755,11073.727443056274,128413.94462928653,26839.923332700084,-0.32789593789329496,-0.16608128159626043,33220.91751897732,17707.694330239217,94464.28019374996,0.09070414899738832,0.1642231662266401,0.1681656849282287
CHE,2001,1709.6027957070323,67909.3660406067,4489.887915052732,65827.41093276997,7335.7396899163505,-0.3983632301705772,-0.37900542233899837,1709.6027957070323,9338.545532571661,7335.7396899163505,-1.0802315419814137,-1.039969118226934,0.0104624490951986
CHN,2001,157155.28235107393,159331.36767598192,10747.481025096964,128847.60032655751,1711948.0890684198,0.08403588847067174,0.08552116869714595,66172.84192711722,16655.50703581999,779201.6512578276,0.058491720893038265,0.06354880641149026,0.15279119995924073
CYP,2001,71.7580513728825,1394.4872319149938,363.6070929302417,3477.124812675676,570.023427894466,-0.12993350745609378,-0.5119948185908458,214.45950688927047,606.1623834263376,1378.1150231595282,-0.020781671120772897,-0.28423090232267517,0.03492193215028327
CZE,2001,2172.1058822307587,15930.626618958637,1504.2688886303918,17872.951424232033,8373.354448479406,0.09928062751560163,0.07975740161359651,4130.685529295501,2803.6615151882124,17419.953678932005,0.09366896754321655,0.076178389366914,0.05410741907775156
DEU,2001,10207.77015053761,373244.63359269407,29665.75757244144,299546.6818087194,53816.0667860133,-0.4971879785482008,-0.3615646513015129,37946.56138874446,50475.83372526489,176365.12794956687,-0.1414560982719757,-0.07104166499458602,0.014695304907799668
DNK,2001,906.3750389100207,35420.48705383313,2826.8470754426676,27948.14617387549,3985.870692328477,-0.6714393596312492,-0.4818199547288224,7538.60327488429,4488.349220152448,18323.38022598099,0.10097640212801351,0.16646786876183697,0.12902059244883604
ESP,2001,4501.041984571562,85904.2628459495,9056.446874208985,110461.99231082006,29812.187570075675,-0.08526682004880441,-0.15280344251590455,19419.95006012965,16870.206162056493,107157.00597676229,0.058795040815058014,0.023794467518307535,0.07780421791743265
EST,2001,226.6646358470914,1025.3055005990866,262.9082478792222,2022.080534230321,1154.0040556288832,0.0808972590543044,-0.03140683245898954,474.78375283385253,401.419639972125,1855.657317291116,0.14617032082928152,0.039535377668126925,0.10006099173684929
FIN,2001,814.5041855569107,29587.90477127176,1804.9192360041666,20844.78854364281,3824.6799516362275,-0.4568927341408265,-0.2589537067078119,4101.452711974418,3107.0063483611575,15446.002458115541,-0.019989192595504197,0.06438211869445642,0.04415650914048097
FRA,2001,5926.237402235947,203665.98088573196,17882.087350552603,196463.55363601964,37340.114823251955,-0.3377443805066597,-0.3201878195851627,32107.514501774196,30858.192799279554,156379.66169719503,0.0007548860801686819,0.007989029320921286,0.039155456567535094
GBR,2001,6929.850980161073,215019.15564169548,26012.32782255666,240406.81932436922,46316.583936927826,-0.3526922218672457,-0.41200095560547784,18992.044058491414,39176.838039706396,132131.5698519023,-0.12145171096751567,-0.1527628408853297,0.08310607597385714
GRC,2001,507.86021778487014,6880.937595069193,3166.0663022899635,31906.371829871434,8744.551595550543,-0.020004979832862084,-0.3039842644255948,1653.5352160828902,5396.533827632039,22395.23449993974,0.021867024125723524,-0.1671337092522617,0.11649200564944764
HRV,2001,483.1036831383568,2888.1174522649753,500.4593945912733,5685.2916362976775,3001.9872159468914,0.07623991576953917,-0.005781407515901796,483.1036831383568,1090.98953903799,3001.9872159468914,-0.023689957510724103,-0.20249448520982222,0.11994532241375418
HUN,2001,2107.071757733154,11773.569571346101,1613.140516019072,15191.351087151215,8303.851454258274,0.10318813246303227,0.0594821866015908,4217.559740403015,2298.758605315797,16965.326778942344,0.14358583371078953,0.11310133663142091,0.05987127672651981
IDN,2001,26292.51511481346,41604.29186520674,4562.783568495803,23544.64163175774,165538.31782466307,0.11012495727627877,0.13126707962161138,15709.920737401015,4920.15154455429,102499.01383182745,0.06844770999083526,0.10526705369624095,0.3513352245348813
IND,2001,60583.65540606846,32477.762722550193,4403.272741549677,37828.968541500435,973681.8300931606,0.05833862618232064,0.057698912445704686,22208.37447556551,5441.808844085126,386796.1140217576,0.04533745752972694,0.04334729596207177,0.21402189016214787
IRL,2001,1116.837348738692,37976.094635026326,1597.5758247630242,27089.296943361413,3310.46379458961,-0.3391612853706243,-0.1452178624668898,6073.96192722122,3396.8793832108477,14048.786092930495,0.09338356421295561,0.19055614672341764,0.03970721064486458
ITA,2001,6460.835816699651,168330.45364988386,14967.13109147453,162500.74466248666,39936.34743633066,-0.22644135484928934,-0.21299632592430276,28680.27478124574,25756.28049789645,159006.79281329983,0.012578006974650578,0.018389115531576947,0.033135708086231716
JPN,2001,7555.733956960868,271252.19515416515,59354.46145298253,214627.94845890152,117456.86476035003,-0.5743208472588892,-0.4410021296048367,16018.952658765429,55201.22263132638,252964.59233208225,-0.21246348862071743,-0.15489230967598805,0.010229587643392114
KOR,2001,6715.09092944816,87098.92303940345,12748.982164483636,69222.20897902641,43320.43356023923,-0.21528709634499685,-0.13928510726110457,11659.90607552115,12103.115043335763,74680.6652387709,-0.04778816789641986,-0.005934721743540637,0.025114544145289786
LTU,2001,405.956646380528,1822.8389861437765,619.0327961763585,3738.699904598123,2505.267774010682,0.04156891819417121,-0.08505124761762171,668.2263177802646,928.5940112301696,3899.0028154472607,0.05526577286453141,-0.06677802140033537,0.07106721771655197
LUX,2001,141.63576321680932,6550.822689447521,1040.0961284077646,7045.431941218809,442.9330135113444,-1.8635835434813701,-2.028433956792755,744.1595276054392,1117.171533225827,1968.3457170300371,-0.14966039821293295,-0.18950533048798546,0.010455617858529335
LVA,2001,262.3938261816174,1184.6037356347797,309.432120859686,2481.4214682373085,1860.2838559059105,0.06164343275224422,-0.025285546895832286,487.8331246787102,533.7097400756102,2449.27970408649,0.0951487387693142,-0.018730655923191356,0.0833066854659816
MEX,2001,8346.088249377952,94192.03601364483,6550.778285368815,96118.56966270081,66516.44211981416,0.028964405475464246,0.026990468924590047,14326.280263093247,14004.585518362193,103074.37257204895,0.005844254837519509,0.003120996390312146,0.16367055943872832
MLT,2001,85.01672989801375,1007.2593993453054,144.65428963610762,1908.473327804155,306.08398805725216,0.028327792428484457,-0.19484050804689212,200.46610195663968,281.3669862918546,674.2409874630164,0.07707251068439623,-0.11998808414128412,0.012249136687211561
NLD,2001,2972.4173956759023,108538.83049786977,8512.814489639637,92394.0031446082,11536.9847849073,-0.6091641053215975,-0.4802292104269471,21369.35700997633,14341.065371031753,50849.37713676767,0.08893618308965057,0.13821785112609827,0.13727023550684764
NOR,2001,594.0226415575713,51832.553301645465,2096.8750874208426,26103.379653265954,3249.444885277856,-1.0985469289971406,-0.4624951334525449,594.0226415575713,3904.3928256012505,3249.444885277856,-2.2030813534569607,-1.018749448264796,0.6166455948865973
POL,2001,5690.771858140517,28957.16015192378,3549.501876102584,36091.75715353829,30957.756871467427,0.09183266749895422,0.06916747847488457,7586.497097800537,6006.861773510082,49810.69383408966,0.055551688997675826,0.03171277496257997,0.08967608346240848
PRT,2001,1089.262544525323,11346.960484419913,2335.118159847055,29699.821319902545,9761.200128437096,0.020194171498553324,-0.12763344659763784,2514.7503427967317,5590.55964938404,19553.02959197848,0.019375512540358582,-0.15730602217515907,0.0555240162900566
ROU,2001,0.0,6789.0343876430015,1057.9548812531293,9549.591332288377,20587.81303299903,-0.0365325639243655,-0.05138743389389605,0.0,1974.6498200276053,20587.81303299903,-0.06818723752467393,-0.09591352985684064,0.11037215316519725
RUS,2001,17477.0159903418,58498.71402043712,9543.952239522234,38644.44562884761,136046.65202781808,0.02226948774721651,0.05831134858943427,17364.20653223492,10190.146169937721,121097.61166406577,0.01600933543137514,0.059241964095861785,0.21578097869738266
SVK,2001,698.5057377309001,4046.1973617392496,799.5636741612861,8044.268467581897,3501.492497901482,0.08463023565728707,-0.028861388819468314,1405.311121033173,1552.06396976689,7883.714992525929,0.07923122391220655,-0.018614682148307547,0.05143243135234542
SVN,2001,323.4081934849951,3919.648273772045,527.5617998404325,6408.738825601394,1452.745165579449,0.0005136210825361208,-0.14052953759030942,645.4942340377976,1113.745452276231,3703.74975354717,-0.00963443566616414,-0.1264262570088538,0.026919708791665022
SWE,2001,1675.6937262225183,56530.870579291746,3177.7205623697373,45097.73637680086,7088.820907905515,-0.32553219895107005,-0.21188669535608462,6346.864344541434,6203.667820531985,22814.061443258517,-0.06266097350675005,0.0062766782830666395,0.0298578903172185
TUR,2001,8703.19075470269,41321.92436865215,2249.143268770402,21748.026584557534,44561.22876939327,0.09940813970224609,0.14483549184274805,13996.520898609924,3399.348976637314,66475.11402057446,0.11339059174172676,0.15941562610472124,0.08947421203385834
TWN,2001,6920.579987806981,66859.06997392575,4960.211719142403,44605.02885238115,35770.451509648025,-0.014379108837605585,0.054804124240249705,6920.579987806981,6663.330129691672,35770.451509648025,-0.08574602455631543,0.00719168607770925,0.01648643223700362
USA,2001,11067.385568978692,480367.9123216566,111920.04066088918,754435.4762014565,266794.9284206052,-0.22562235446006718,-0.37801563803684884,52556.89742368146,117782.05143353023,821538.1316682963,-0.027312033211218417,-0.0793939459357731,0.04384691719679226
AUS,2002,1742.7078654382722,47993.46209621318,8479.98456274268,54020.806465909656,16569.644025430644,-0.3495021780025973,-0.4066035870755109,12807.471555750402,7160.299970451789,65579.60131018721,0.09829395623237645,0.08611170962427574,0.32079804810583856
AUT,2002,1494.0467238568042,49121.96855653031,2950.744454144982,44814.58057908569,6246.788020654907,-0.2785929030450303,-0.23319147783975208,6677.172511165791,6475.255224211181,22721.7339664468,-0.018504611657185387,0.008886526321132949,0.0315432002570318
BEL,2002,1923.3286890817276,78303.78855203226,5131.602333574408,64917.175967945295,6005.792637021261,-0.7103916032519205,-0.5341965396400885,11400.084946165352,10036.375767670314,27884.886801725428,-0.025314727823698584,0.0489049565878337,0.022733624553121445
BGR,2002,445.9299727740197,943.5701073396601,522.6304310244464,4432.328503397134,5724.446866239413,0.058463381003100064,-0.013398754507230468,582.9698925590606,824.6897028474674,8159.595639699172,0.04992979881815211,-0.02962399375679339,0.169461425420525
BRA,2002,19403.956697533038,42548.76949936452,3312.200134008376,35237.26506811692,185774.52969871135,0.08292039010219533,0.08661982129424432,22679.99574004319,4047.510128075335,152642.61917910818,0.11656412575508152,0.12206607638267016,0.25569578659577646
CAN,2002,6520.034889489778,174133.4808708192,12110.912409729766,133722.03761500772,27343.82019858125,-0.33831606054413393,-0.20446585296556605,32474.693799951507,18444.08206696601,95270.04024862977,0.08876580040123418,0.14727202482930926,0.15321923072514365
CHE,2002,1673.4297818555503,73540.55852463163,4129.809001059986,66498.42756815517,7274.7509533360035,-0.3977761918034106,-0.3376581871958114,1673.4297818555503,8919.761062217884,7274.7509533360035,-1.1259391536871801,-0.9960933820063438,0.010798655652115833
CHN,2002,176039.92979513865,189316.81451749237,13031.777831494597,155647.37351186154,1746167.59993872,0.09173754823778743,0.0933519508490277,75430.8068667413,19287.463184920074,811909.5831871778,0.06401095067815782,0.06914974874594863,0.1462700325695042
CYP,2002,73.21110770366502,1519.592719012246,384.33783947253136,3767.192789698872,575.896979567662,-0.14207628556471125,-0.5402472018561996,225.6663113560754,606.9190147430415,1449.9636526776785,-0.0132071311195217,-0.2629394900230076,0.035413143787463984
CZE,2002,2066.1294695080965,18144.939882688825,1695.0927814757251,19876.474185926287,8393.930062803203,0.061795164733276814,0.04420297587140742,4026.3097426912714,2983.384831302882,17673.52362559819,0.07371601703709067,0.05901058178787988,0.051924785907710255
DEU,2002,10496.80404522078,412796.7986288998,28550.09019934894,298525.43901940744,53261.02843814092,-0.5441476050687152,-0.3389586473174439,38872.96977448801,48750.03651628543,173343.24223716106,-0.1646323098602232,-0.056979820005235764,0.013477787904797965
DNK,2002,885.1737522925799,37447.11703679478,2815.76587281106,30608.471928541345,3958.902157136906,-0.6465680782298816,-0.48765845779696965,7611.860786342284,4553.211381348986,18533.20542182435,0.11014586791337226,0.1650361788679842,0.11749245701664154
ESP,2002,4524.75094455332,94262.58300618762,9582.315755441548,120233.23500161969,30680.005177970692,-0.09738469123997055,-0.1648488903945732,20009.19382558902,17578.52065668684,111785.16703391622,0.055711090692241644,0.021744147576974147,0.07962099000241772
EST,2002,231.3684561124474,1259.2251877293638,280.3810693575616,2397.757454166034,1147.2237503033136,0.07332599731887295,-0.042722802096936886,535.2464821804056,431.35206381538086,1964.3180585740377,0.15716102286259928,0.05289083298477897,0.09925750732486763
FIN,2002,804.2176360485121,31281.607023333403,1833.9438367287607,22798.18242698931,3846.687358505183,-0.4450984220299146,-0.26769167980430797,4114.174031561957,3282.1069375435477,15693.805162346116,-0.02480193281087956,0.053018824014380794,0.0440658335823752
FRA,2002,5813.653975296179,218889.77624727646,18303.519928065856,208406.00017167442,36641.3439457132,-0.3659968595780938,-0.34086811802739325,33087.50355780366,31419.601046430067,159192.44053477646,0.0005487239954741313,0.010477272072534329,0.039406398220219144
GBR,2002,6608.297119834678,223041.59689634934,27362.857040575014,261721.3045239823,46337.77867158118,-0.36062609250148214,-0.4478971697766998,18924.714972798603,40846.04201650337,138520.05460245642,-0.1146743960237167,-0.15825381463079521,0.07903638138180483
GRC,2002,436.3084284261032,6637.774870707345,2953.918403897461,32588.46882597646,8938.063789374695,-0.018500625484269145,-0.2816728583280215,1404.6316705648273,5174.511554492695,23214.036723297846,0.01510562183135287,-0.1623965675967238,0.1061901931478395
HRV,2002,479.61266954022597,3251.1406022031597,608.7931967692061,7451.939044270006,3056.0574328926828,0.07002737115694331,-0.0422703205242794,479.61266954022597,1296.6289138361485,3056.0574328926828,-0.028167695642916865,-0.2673432231679571,0.09889925066329744
HUN,2002,2099.778549586599,14365.843014050128,1842.5936678759335,17586.967524756456,8347.632976741595,0.07123736694476708,0.0308093183333816,4210.806117907902,2580.659356306882,17159.37567421973,0.12254554250163725,0.09500035389108913,0.054646539985679234
IDN,2002,23642.96825214375,42513.13324527129,6227.458320648572,25504.180688028464,176488.76988035077,0.07514566293235159,0.098677722912919,13965.837952348571,5622.6434731703785,107351.33140053149,0.0427885356241598,0.07771859342898552,0.3321506575536022
IND,2002,67902.71994534934,37627.69899153288,5366.926275457124,44649.181056075875,1002443.8784472615,0.063225275819541,0.062383336378648166,23943.283252692603,6107.417754606709,378604.06827910204,0.049646353547007104,0.047109545280790595,0.22225801289503283
IRL,2002,1143.64597399813,47975.44906500513,1828.01156692415,31344.58843807344,3323.681675523875,-0.4977236038414737,-0.20590587779985003,6113.230307952434,3738.156181757966,13991.951711973044,0.027993048883051895,0.1697457349114559,0.03217139755241575
ITA,2002,6302.342818254819,176723.83102174406,15705.482237392494,178035.16300892268,40264.37767012781,-0.23066193972534543,-0.23353494983020376,27855.353000434232,26743.8061086054,159230.75996897827,0.008217824860666675,0.006980729678394965,0.033595372437258575
JPN,2002,7842.286940281632,278303.1423423755,57000.90497245896,208078.40685997147,114587.4723292083,-0.5968885517962453,-0.4290051698753356,16821.537987161413,52246.95790803389,252917.3580914247,-0.20978526353508326,-0.1400671752551949,0.009417881793219708
KOR,2002,6334.0810861255295,93963.62260159731,15272.942823937043,77649.13940977816,44448.2341600989,-0.27330186980478777,-0.20110724096742436,11996.81037053193,13562.581581574961,80096.85378411014,-0.05512500284791551,-0.019548473342827527,0.021917023360105755
LTU,2002,487.7134647039857,2390.7168280058695,677.580965592995,4647.879637742867,2559.5021438400645,0.05438090452191808,-0.07418141897085806,806.0773750493022,1089.1364653691835,4233.006427285538,0.05808195826047386,-0.0668695158352018,0.06447816685865498
LUX,2002,189.11254601508574,9933.045949310566,1055.3167780303056,7774.052637516555,454.95348849029483,-2.548138623655337,-1.9039401915338823,1014.7171286442351,1158.8608716970714,2060.4843655760887,-0.2261507631813218,-0.06995624206667313,0.00929986798857752
LVA,2002,280.36379643086707,1411.9907770602472,303.03026316085993,2736.033953816805,1859.2291902506745,0.06668265216775308,-0.012191324689204567,531.1571848954287,551.9499323066791,2624.507463283866,0.09385045763126604,-0.00792253316179709,0.09169863025053014
MEX,2002,8084.250908036629,96950.14021486364,7293.264635669708,95450.2213671355,66853.2960930024,0.010117359597782042,0.011831672013097863,14034.038728936272,14252.728399227888,102435.48243790297,-0.0043213458329547025,-0.0021349015505851454,0.17674862513405848
MLT,2002,95.11128194627531,1167.4898675457966,140.30002608792668,1977.592357452534,317.4000935916644,0.03870152916079836,-0.14237155266811843,213.48860816107222,281.6620548144689,698.2766522141721,0.06760475097166424,-0.09763099831166462,0.012890574924372516
NLD,2002,2969.282495397272,118100.23711859065,8824.855618177024,95974.70729328287,11527.464474272536,-0.6844533151935371,-0.5079671367323194,22209.17606288493,14763.274942117143,51169.28412909053,0.07900148490004648,0.1455150535618824,0.13554381481317024
NOR,2002,594.4499315987161,53574.92456482009,2469.7883122123803,30980.734135713443,3223.5639313251845,-1.140523462060994,-0.5817593261886156,594.4499315987161,4425.879575788664,3223.5639313251845,-2.189879072956026,-1.1885694609490416,0.5739979373985606
POL,2002,5509.32884702991,30946.425513815935,3531.669329434184,38401.267013388344,29072.77125296546,0.09160677481974014,0.06802445836304657,8277.703451672445,5996.3605952634025,51286.74967242844,0.06717947447730818,0.04448211031075506,0.08275166515105269
PRT,2002,1127.4224213361979,13067.494399057163,2163.0084244138125,30916.8551914902,9745.748193276657,0.021875482134473528,-0.10626028731093616,2675.743157984944,5537.462444554108,19718.76922042648,0.017001451035425226,-0.1451266686363334,0.0539075771708191
ROU,2002,0.0,8277.269448479747,1085.9640269981169,10630.37669513285,18217.554631891395,-0.04641558167185622,-0.059610856063911206,0.0,2023.7613066490617,18217.554631891395,-0.08649831474875813,-0.11108852683808032,0.10042944471697426
RUS,2002,17552.467920619336,65110.65708203875,11238.909934022286,47310.19854982858,136983.09075244717,0.01522026539786698,0.04609005353811715,18618.027838384354,12431.202367465481,125898.65364140205,0.011990489980578254,0.04914131558976673,0.22549192538149915
SVK,2002,747.4160965673864,4991.047894440023,840.7487915043794,9074.967273103939,3406.6473085426715,0.08366622425883824,-0.02739722856045223,1598.8781167560574,1636.4090611819654,8085.788844527532,0.08643390827022562,-0.004641593436033024,0.052539609649439385
SVN,2002,365.58708547980393,4899.176528319288,537.099716590062,6914.206200118731,1520.946700183489,-0.009851698493913041,-0.11276702272970289,729.569658056967,1142.403442473901,3951.5814825377042,-0.020219606307914313,-0.1044730536979367,0.024151206936694765
SWE,2002,1599.8681340823396,60366.3254548384,3247.834079288953,48202.17850399451,6972.4519165984675,-0.35390404287238675,-0.23635386301962177,6300.063984392514,6501.6483412034595,23049.08798293707,-0.0799302537036065,-0.008745871288277262,0.030436280033718104
TUR,2002,7972.433743534249,42384.63533068176,2672.05773853723,25941.293876079344,42519.44896928303,0.08482343263880043,0.12465768333042426,13888.186220141353,4015.9144786468296,71149.8060508475,0.10297588611225819,0.13875331908057859,0.09256664062602242
TWN,2002,7658.653858879341,72096.67039628644,5595.822508047341,46898.712466719575,38234.79928518554,-0.02468217850606244,0.05395167202123289,7658.653858879341,6946.011282915497,38234.79928518554,-0.07896844405391654,0.0186385855107644,0.017047396233925878
USA,2002,10208.524594358052,466579.07204654353,123410.45461727494,793811.2397320252,263860.7364031362,-0.23621755404891134,-0.4290215041693918,51400.54122225838,123001.20047079446,833920.2211692474,-0.025057521049234737,-0.08586032264350674,0.04209262011186656
AUS,2003,1600.3609491450436,57250.160041794516,9807.031852891738,65590.0329274118,16822.947791402952,-0.41370227787627056,-0.4878259747046565,12430.289648624024,8134.47094879439,72772.7943561475,0.07324343052629019,0.059030558573936964,0.31009569174487206
AUT,2003,1485.6216554975986,58826.17716655242,3248.8780863504126,55413.926465039665,6261.408128904874,-0.3135579345667553,-0.28160701148244893,6584.128370593491,6753.600970451233,22594.59698296115,-0.025906300552472422,-0.007500580779800707,0.031477171158669985
BEL,2003,1897.0737900878187,94846.07752994586,5820.663897215901,78358.34095335618,6003.316274550242,-0.85758310235181,-0.6535704480140905,11182.466440803835,10548.30383075807,27509.47544711194,-0.0576293867274183,0.023052515532874046,0.023839597653487397
BGR,2003,587.1497602905006,1644.7023792980806,616.8279199208972,5978.613796161452,5810.215437611243,0.07184963740066024,-0.005107927571545993,750.6038899384478,939.3805125805468,8275.95314315937,0.059471404140683845,-0.022810257546967333,0.15139638191012686
BRA,2003,20148.90356000854,49119.3334223731,3548.734168207274,38248.76760597202,187182.6108360857,0.08329616937254462,0.08868435650968616,23806.507050896573,4092.3830245439785,154136.1077402853,0.1203549290017931,0.1279007515848934,0.27129117763096766
CAN,2003,6351.561353231375,200304.97861567774,13930.8515621458,156978.35590670884,27813.60771035104,-0.41074348544819844,-0.2725029520745608,30975.97762417011,20099.457206816034,97451.50159153165,0.054683547901293705,0.11160957234854169,0.1822869427215001
CHE,2003,1620.8541858767749,83370.79193349557,4078.790914839339,76072.41873340523,7307.236001836749,-0.38992241977031333,-0.33637024017627687,1620.8541858767749,8584.522763830022,7307.236001836749,-1.0656924227427451,-0.952982574560731,0.010203368752087737
CHN,2003,208641.9139541923,246401.1396611395,15797.19703771667,207429.66108444484,1773800.5666742,0.10704516281894971,0.10871837597732378,95300.1812099391,23154.68826188658,840021.4884610033,0.08070654904145383,0.08588529453005983,0.1491545091195427
CYP,2003,96.56054075018828,2367.9881054775815,438.5363465882974,4430.375343079095,609.0029166450952,-0.2263247506195703,-0.5615339376730772,280.8756969183362,636.4004992780997,1461.6689650126132,-0.04055196219080127,-0.24323209349710423,0.03211492267139143
CZE,2003,2277.773885956557,24525.4995090831,1873.5083887612632,25277.113706856235,8259.118054197514,0.0556928970417959,0.04894778044610161,4703.006099857308,3285.7389944644538,18295.46510472909,0.082805681328726,0.07746548651701197,0.04590321838898833
DEU,2003,10280.061670607181,498870.00778225693,32957.53143380716,369929.1419278651,52441.82798425411,-0.6514837962782287,-0.43243095511485585,38413.8294570898,52029.71992687622,172061.45904244762,-0.1845337110626278,-0.07913387777577414,0.01204039603545059
DNK,2003,837.1340525313651,44013.33567305304,3062.1356982174825,35714.44308877594,3907.5203941761424,-0.7515108305834255,-0.5694152355550878,7339.472324110027,4695.389965284647,18182.679931130995,0.08541227901887002,0.14541763749019115,0.11571395140700991
ESP,2003,4510.893637773772,116712.96150019187,11075.52213297383,151764.99671914874,31482.39704049788,-0.1272646845056966,-0.20851742917655047,19522.039280917183,18990.988829735892,112964.07453751317,0.043529398625708905,0.004701056095537162,0.07963789611816167
EST,2003,275.63290063924967,2036.8896890496708,315.76300801989964,3284.727364483656,1188.4253373531599,0.06716900832777441,-0.03376746196780611,623.524332741428,502.45296229918534,2039.1033197113538,0.15298323558164711,0.05937480914865117,0.08540572369152356
FIN,2003,785.2601441843226,36855.10224503702,2193.3703493959306,29131.500433043882,3838.2586549195125,-0.5183694450744158,-0.36686172866615624,4008.5013140528845,3669.42031250592,15529.79387912461,-0.04081111874457291,0.021834224213546236,0.04379480787842405
FRA,2003,5548.184498437914,256133.88019957035,20353.028186839652,249212.8174838402,36570.572791973726,-0.42028550923279606,-0.4048294177019566,30968.821193424636,32807.141452249285,154316.79120055502,-0.017816792397376293,-0.011912639217825038,0.03873844963256956
GBR,2003,6597.783355378826,257021.5740669821,27643.0815412992,296113.4574624867,46526.438498526484,-0.37389393857946873,-0.4523298766267461,19281.916345073478,39633.78136360098,137774.93839945408,-0.1097409243472061,-0.1477181935623217,0.07856820833892525
GRC,2003,493.7782156110978,9968.244664487876,3144.737847397498,40571.761197829706,9052.747770116242,-0.03080451436334704,-0.29283480542089163,1670.9032926550499,5369.455435944862,23399.594433756694,0.015028442775014625,-0.15806052338899565,0.11382121179385653
HRV,2003,617.2870416367039,5345.661946056841,721.2773022833385,9856.338239478951,3092.178728781271,0.07311888767424503,-0.03363009378426861,617.2870416367039,1427.4484382694395,3092.178728781271,-0.05074116665560815,-0.26200341820217066,0.0923753742541716
HUN,2003,1964.0463026786733,17602.05612941463,2013.3983884968206,22347.82178182622,8224.109984810195,0.04598814883181428,-0.006000902943820044,4082.216702079405,2806.9665918882474,16635.877257396263,0.11248792434032469,0.07665661933302526,0.05281147029027042
IDN,2003,24117.127786547528,47081.6347984052,6034.576298427246,25613.225961064178,185008.41212888798,0.07039955739795124,0.09773907726705362,14205.90760939197,5336.280633383605,112510.79421530146,0.039079636698421946,0.07883356470700388,0.33330762534335473
IND,2003,65792.49805245563,42992.01113374492,5823.712383223075,52514.254148571476,1033812.5025117795,0.059028867228706414,0.0580074099737919,23367.994085065457,6396.046880760744,395457.46314586187,0.04584999341957578,0.042917250996587525,0.20619997486248348
IRL,2003,1122.3814289367713,58407.579817878606,2050.5790066723584,40459.045405164434,3359.5511624303563,-0.5470612131239412,-0.2762861861178245,5832.691936330293,4271.879199250897,13701.341798473104,-0.024398201644460153,0.11391677983344196,0.029043902357275206
ITA,2003,6176.6264926023705,211379.8538615976,17149.58092024985,213387.10817640083,40403.11655736059,-0.2675940750842749,-0.27158683197295186,26775.023598516655,28186.95681198997,156386.2257792602,-0.007333055301171409,-0.009028501112791515,0.0333307821890019
JPN,2003,8019.177630439238,311445.63367934444,62065.0074820363,231418.68584301608,114337.24577959406,-0.6604019848734809,-0.4726878759680837,17393.50303910413,54865.3134041772,253103.3309823627,-0.22301088066570965,-0.14804945561022373,0.00914752564158454
KOR,2003,6797.136393950797,111595.52135067173,16987.776256582856,87002.72168032738,44999.901787585986,-0.3331679243742488,-0.22645915786072507,12618.58386094086,14396.619494745464,80385.47295478113,-0.07274305771313272,-0.02211886760689701,0.01922200715002861
LTU,2003,549.5141091328833,3640.516214223778,754.8111144604106,5997.59386328399,2643.032104954006,0.03456132443816387,-0.0776748057440263,896.77242530968,1228.3641142140805,4272.88280822502,0.03537662482132998,-0.07760374056271989,0.057115335419442366
LUX,2003,180.33211994715168,11617.958183208511,984.8080437356174,9791.219484063839,462.5884298239136,-2.1362632082872914,-1.739074892328572,1012.8374647306603,1173.8073049518655,2125.90790335171,-0.17873115536581527,-0.07571816256358985,0.0077797275390057725
LVA,2003,298.7267219123977,1785.7918327150658,332.4468357968884,3549.2226173839254,1866.5899800917887,0.0704257783440796,-0.018065088875507923,565.6072300169559,596.9357629642365,2701.354462069743,0.0981947852792102,-0.011597342513605951,0.08379610406496811
MEX,2003,9121.290728825406,99119.31537358307,6921.981156156344,95122.83701559668,70413.95273286042,0.027103866394464868,0.031234002457054228,15295.955157893557,13450.204520665493,101693.92772327202,0.012593234846599393,0.018150057516223513,0.20645023792351527
MLT,2003,93.89963230290192,1407.3034414324836,164.43107574476102,2373.292923402436,317.91557617402447,-0.011335995997496623,-0.2218558910849047,216.76636857738362,279.98411822615446,699.9191047566966,0.07249806077343655,-0.09032150889886965,0.010143190472653446
NLD,2003,2868.2709315348748,140101.9468988722,9015.632280979971,113971.59095087896,11416.069586290138,-0.719545581225176,-0.5384831708478395,21013.002210066275,14635.965855639097,50339.75727422552,0.06002088924950572,0.12667991861161174,0.13451766214798988
NOR,2003,579.0187973372977,61538.78326525255,2542.9994206959655,34792.85777573536,3165.8993020653916,-1.2378259162160652,-0.6203547352492836,579.0187973372977,4340.5290111405275,3165.8993020653916,-2.242066468454061,-1.1881332458519036,0.5712638988816632
POL,2003,6262.4681200321265,39088.31920985048,3658.775684055472,45274.32290806078,28387.481007865554,0.10933005765009755,0.09171974206711853,9929.053460501222,5858.9997991700475,51863.41984094492,0.09391187857799146,0.07847638419936906,0.07585727494999032
PRT,2003,1213.487731640666,17124.063597252243,2103.2799937893496,35462.71091735875,9632.704872871536,0.020541061762525556,-0.09237200494479948,2834.4027095546844,5275.392133662548,19063.0459293865,0.015057755375874443,-0.12804823705245205,0.05360723820613909
ROU,2003,0.0,10295.275280091215,1374.2688053042189,14526.466464118144,18612.148360574753,-0.052330292286220347,-0.07383719378764832,0.0,2443.3797432082606,18612.148360574753,-0.09304058684502674,-0.13127875922072263,0.10072835098203729
RUS,2003,18418.547024213112,85213.6769191456,12467.854532578809,58991.106381773745,138344.3272731157,0.0029528842185954033,0.04301363567937704,20393.590989789234,13363.158140061936,129441.42326333055,0.008422938503220425,0.05431362443709276,0.23830836630311264
SVK,2003,857.5298310660229,7989.64260656467,886.6366356062695,11039.613413043882,3335.2652296084943,0.06471715035280895,-0.008726983474013919,1866.0689951028885,1727.0114003822223,8046.452705184024,0.07657882845102577,0.01728185075034079,0.046317611759979574
SVN,2003,372.68598354742335,6416.881630020442,604.3470065555675,8635.831544226246,1524.6435551818834,-0.05009429842530026,-0.15194438216118522,750.8877151884702,1195.3311179291072,3787.2600973717595,-0.03625491934043847,-0.11735222596648877,0.02149454344928211
SWE,2003,1567.1810084939198,74832.2780213665,3675.868063200148,59429.280610865426,6866.041376571851,-0.4458763900346979,-0.307118314477603,6296.796165291695,6970.784893582457,23069.52045274307,-0.1075310786164335,-0.029215550001197438,0.031112239194472275
TUR,2003,6894.497370261986,48379.34401004538,3544.9610783795974,37043.52675933356,41699.23117220257,0.054311086201623386,0.08032609229772197,12428.911699277254,5102.424296895312,71732.05663211613,0.08036960369520721,0.1021368652505873,0.08901203122070969
TWN,2003,7828.405119455117,78210.27571676855,5917.390446413873,52458.21735830718,38292.74264410669,-0.025954482857252832,0.04990540089547102,7828.405119455117,7106.6551035782995,38292.74264410669,-0.07225782383667269,0.01884821942854217,0.016157690882405398
USA,2003,9953.725050181452,492783.6685227453,127999.77293531955,865104.4932025266,261972.50458705905,-0.2403226512740669,-0.45060472308424593,53165.238508414666,123066.68461461739,850793.2488268357,-0.019906612357463823,-0.08216032062147917,0.04926647061541332
AUS,2004,1736.0042137516043,74757.74185017162,11790.23213014589,82722.42239281545,17474.18133690068,-0.5104125095204533,-0.5753761920258039,14136.715069537113,9529.890550577518,73350.73255742637,0.07531460531371313,0.06280543299759013,0.3461328004582324
AUT,2004,1503.887218393607,67968.63276918294,3451.8420718051575,64237.22157828587,6328.953176896962,-0.339466159223803,-0.3077846839699038,6557.435968735599,6936.475378259209,22577.935948616265,-0.03463404870940062,-0.016788045213089547,0.031544182436109014
BEL,2004,1887.0209491820638,109826.74866547724,6523.082028439087,93308.58209178937,6066.0130827093035,-0.9546343891438196,-0.7642682295677456,11227.704194556954,11015.068358421318,27816.528354273196,-0.0624568234545657,0.00764422624662185,0.023743234819795435
BGR,2004,872.5295068288303,2976.571252427151,717.6360871239058,8312.870467766534,5951.245186619407,0.10343501427730067,0.026027060698689083,1164.4634030351172,1130.611308489412,8725.60335903965,0.08705734906946776,0.0038796279354865026,0.14972246442377005
BRA,2004,21708.43794236481,61483.20711036212,4210.382580276903,44776.6115968906,195734.93815280613,0.08137085916169384,0.08939668884472503,24565.53225794826,4323.080505665554,156693.85933861803,0.1188908604749464,0.12918471622131938,0.26491440480785217
CAN,2004,6519.493913969665,230384.31521523226,15540.456814156916,176333.6684133422,28427.01091433141,-0.4849084816793176,-0.3173377224701227,31564.757225083078,20654.84360590112,99352.69058029035,0.04608522704929754,0.10980994631811486,0.19786232814878965
CHE,2004,1679.9331490807963,96124.48772474172,4428.4591365771685,87326.71040038613,7454.801395149084,-0.42853905318097224,-0.3686920471529753,1679.9331490807963,8774.43821827678,7454.801395149084,-1.0702485869170988,-0.9516692253951194,0.010592821899380473
CHN,2004,240051.60975708702,325889.11457889236,18475.708543812612,268191.4792301544,1787517.40025514,0.12173370262709113,0.123957339481925,113641.91577386967,27195.727322764542,878708.8406289369,0.09172026661555631,0.09837864882437186,0.15110001576485513
CYP,2004,104.78331291147319,3052.882165001344,456.3457153593574,5203.516556735771,609.5133184176607,-0.26734916494665745,-0.5767919942431526,317.3992570551379,678.0424891644604,1505.5788857306875,-0.05340506289869311,-0.23953791829001053,0.03537768066330315
CZE,2004,2506.571720487743,32591.219560271606,2027.7433437710852,31537.153906250212,8336.587532545691,0.04930736354012813,0.05743697584261325,5311.453982835059,3632.045830502233,18599.770849444863,0.08376524479639788,0.09029187326697362,0.0474715805127118
DEU,2004,10738.26294969732,591858.1564681383,34868.082740759724,421658.0648160602,52425.68306029414,-0.7287294771447466,-0.460267151184487,40861.69946622223,52130.45293457456,175180.6627922514,-0.1844435338617404,-0.06432646896487695,0.013399179843201242
DNK,2004,816.3102638740565,50520.121846615024,3510.52474477245,43323.03907568117,3886.5518678620106,-0.8432677581980812,-0.6932145954816445,6944.318969221411,5049.0365586606185,17969.262879471084,0.05879518926753064,0.1054735758096149,0.13006016515133123
ESP,2004,4512.334508771079,132282.3299835435,12799.117876660144,186802.13431995513,32390.78831047215,-0.14051066144065774,-0.2558376563255762,18985.83259928575,20598.673303412696,113231.7529129014,0.038850044943900645,-0.014243713999266206,0.07587596147639605
EST,2004,305.4075814992173,2727.742506911697,361.4702924236924,4350.035899908414,1187.8624085716542,0.06628989340270294,-0.0471963002784874,678.606506652924,588.0974825397179,2080.7483988549184,0.14890453996505892,0.04349830290054061,0.0780352381756702
FIN,2004,787.1449217737668,42067.1613205698,2386.4399532327902,34274.91892085279,3860.534423869537,-0.5548042707056745,-0.41426778157206506,3961.885631651143,3819.9784413633756,15499.431864685115,-0.046875720094135376,0.009155638188977591,0.04108974894870057
FRA,2004,5569.888689757061,290590.9945752827,22133.193570844513,291070.33264109027,37323.374308404214,-0.4428017558010661,-0.4437783343012972,31169.68815568885,33315.27018573361,158507.26121058268,-0.013190045889190587,-0.013536175022255112,0.03738187544552208
GBR,2004,6436.263248995524,296923.08391062514,30784.830080622498,351496.76358796994,46579.21275936779,-0.42012063677801625,-0.5227346146319338,18526.18109501571,42069.71522020374,137036.08897448028,-0.12414069388021934,-0.17180535654058585,0.07932929513584241
GRC,2004,559.0608149230457,14165.185007336057,3449.007432415961,48677.76613803762,9228.505989841242,-0.0481765048762842,-0.3131543307957078,1865.06202130262,5774.843157100026,24022.740964757628,0.007683885620524041,-0.16275333200042488,0.08248029055254825
HRV,2004,630.5379077929701,6762.125939783898,776.5552129084941,11302.48176509234,3137.3034284060127,0.05289101233891365,-0.04654229609844012,630.5379077929701,1449.1742534114887,3137.3034284060127,-0.07537809517685833,-0.26093629905426385,0.09795276012046568
HUN,2004,2146.2384873643987,23986.54130850361,2172.81715826963,28533.67622545045,8273.34012149415,0.03864002890909288,-0.003212568384101591,4632.457427567788,3155.375258179499,17602.020692758604,0.11248274956765097,0.08391548874817277,0.05556813969983316
IDN,2004,24873.238131565206,53106.94617364395,6564.777356298796,33284.1173343724,194145.9272872173,0.07416439055488534,0.09430257451747148,14504.47974625557,5678.243306085653,113821.72218117153,0.04783338261179654,0.07754439373286834,0.35292001940051854
IND,2004,73552.51434772059,57225.125877321014,8014.5852365307,78826.21304883319,1068802.7250666718,0.0633739032331899,0.061319013859271014,26140.07470609142,8337.39623189596,400066.89949429827,0.05021013023476278,0.04449925374155874,0.22875861041117104
IRL,2004,1133.4825362767272,66906.20512780391,2212.687341896275,47488.76242855734,3455.104397872357,-0.5742053623803557,-0.31235085292476805,6001.3043525114845,4416.484312510433,13912.236606450557,-0.015886313697857594,0.11391554678319898,0.030840776570480243
ITA,2004,6275.975061183911,242880.46045374562,19107.699116206055,246388.18050663368,40766.72097481052,-0.3080869850355498,-0.31475977827480356,26744.64885050337,29092.17953738508,157215.8298819028,-0.012297477526033952,-0.01493189768896125,0.03186313842761766
JPN,2004,8597.396464367846,369312.4561937526,66897.02192790812,267373.5547679486,114700.22488394094,-0.7306419767209582,-0.5082782141232117,18918.70600498819,57445.04574286049,253884.43531216405,-0.23801321526658092,-0.15174754486426933,0.008374871372928827
KOR,2004,7829.8691805448325,142976.49151024994,16845.403413693595,102666.37593702447,47760.951219943716,-0.32724600497190787,-0.18876370764961048,13790.363786840844,14687.863990210506,81258.1841421362,-0.08201545813130792,-0.01104504380506167,0.01765495835965156
LTU,2004,507.390338317063,4515.547684399255,727.3867909218494,7324.084143832575,2657.404373916537,0.02217636600472711,-0.08278621604003424,880.5509902504946,1231.9729795163657,4292.101335542355,0.02819076690130701,-0.08187644274746954,0.05282662991214656
LUX,2004,188.47203721796708,14152.918193060495,1315.80733055054,11856.369577190593,472.9223857264015,-2.9226863997267234,-2.3837638634952825,1130.6877010819644,1303.0288930629288,2268.644050688167,-0.18721957399386463,-0.07596660742291707,0.006740968192570487
LVA,2004,315.83602698167704,2369.1700279103597,393.47827254271726,4816.942385664669,1826.227658354361,0.06697262385898659,-0.04251509673827015,610.798313477361,713.4718048432838,2802.9344864541736,0.0927183953358848,-0.03663071394002111,0.08013851672983507
MEX,2004,9416.444766213415,110427.76208483643,7682.212309153707,106866.79606134293,73379.42420251161,0.02014528381050704,0.023633770309693294,15460.989308318838,13659.376212741765,101919.06833241977,0.0132110869126772,0.01767689918142621,0.24647922296672758
MLT,2004,89.94543843882352,1589.7882142295427,149.59949924782427,2682.961547351988,300.6480752753986,0.0043249617952932605,-0.19841823618646703,229.13026646639707,273.3197551800623,696.7671169773521,0.09640913036989998,-0.06342074365587719,0.018597988601922622
NLD,2004,2899.631437908887,160761.5380100006,9785.450053583998,132175.13128059776,11436.649900871702,-0.7871346895749531,-0.6020835362941619,20940.777811731947,15106.77323478723,50358.56703130145,0.05096969662122867,0.1158492967704674,0.1289707974636512
NOR,2004,561.5141626436803,74640.56044483048,2858.6806359902293,41419.60088002199,3229.614804474558,-1.4212211055060846,-0.711281874904672,561.5141626436803,4564.442488395294,3229.614804474558,-2.3730012760027224,-1.2394445059533563,0.6148260043763247
POL,2004,6528.146083319929,48547.68532825781,3870.5803587501514,54466.04264996537,28743.736927167392,0.10708936263707937,0.09245721011515229,10012.945338779751,6179.6340963144285,49972.10328171074,0.09014627638801843,0.07670902344965484,0.08891595133510213
PRT,2004,1255.7893733195608,20434.577411541664,2338.8635231602384,42076.8533637266,9591.53753701811,0.012502988531979327,-0.11291976345404492,2909.4176372668335,5561.766462834628,19071.183162688172,0.010924958837848837,-0.13907625987028346,0.054136257263442754
ROU,2004,0.0,13199.23140360728,1663.4350144615369,19762.632616202438,18234.077586350973,-0.060929257547108026,-0.09122671583380192,0.0,2826.5495629840743,18234.077586350973,-0.10353248837224382,-0.15501467236817473,0.10223475277864427
RUS,2004,17249.83076845834,119876.31475120189,13740.388953170073,76838.74706530929,139714.3347162225,-0.029965308921828752,0.02511869538953457,19850.52022759214,14629.0906062826,132376.79097095688,-0.022453779953388594,0.039443693890835504,0.3206117280825449
SVK,2004,957.682294902568,11030.08224691656,1003.905172374373,14254.725123387756,3412.1404763606943,0.05300961463877137,-0.013546592759599766,2035.1022543852544,1933.4270244344684,7730.052253268719,0.06973391569977165,0.013153239670248243,0.048747052441320354
SVN,2004,395.3693662671714,7868.410395749653,658.9796274082535,10263.324393988087,1554.9830282443438,-0.07063708466212916,-0.1695261339531864,808.9056302565978,1265.8623703426572,3903.7559995518527,-0.041388804835070014,-0.11705566130119752,0.022145480276787945
SWE,2004,1610.3802098126107,89279.7090565544,4106.554765968646,68360.0297710809,6936.239896992154,-0.5410526582449889,-0.3598743113309103,6560.9905546108375,7171.7603537206,23288.86280802321,-0.12046474426040867,-0.026225831812592703,0.03388740202205665
TUR,2004,6869.337521379855,60120.24035122308,4478.5604157782,52189.73256669492,42223.76733724282,0.04050410726055375,0.056621596232909036,12771.697632640527,5859.318742464579,74593.80931560515,0.08073088451223312,0.09266692442170087,0.08781932905093662
TWN,2004,8177.619007887785,88535.67122526569,7209.609185885774,70421.94980959735,38946.251138565756,-0.022760190524921724,0.024855019256101347,8177.619007887785,8174.1490210932225,38946.251138565756,-0.0538963288039393,8.909681145476779e-05,0.014130171825997516
USA,2004,10246.545312549195,545744.7550609566,138114.53710992404,987197.4337022891,264921.64469180396,-0.2495313311301235,-0.48266343788605803,52223.152745314976,127755.95999888665,866509.5522882781,-0.021238301122966836,-0.08716904165003683,0.05403766479595257
AUS,2005,1768.2102339456112,90292.7327781517,13054.043402163623,92401.17356297122,17968.63897272938,-0.6115077313500766,-0.6280850311114983,13530.779428093263,10628.249389162265,74185.70638361797,0.04239427148779184,0.0391251924450496,0.399971637821873
AUT,2005,1582.7481773437537,74529.3806186418,3717.2498416685758,70814.95271393939,6364.898649353283,-0.3659887118861171,-0.3353551693304184,6931.663874150733,7330.836941608467,22488.21708489995,-0.03484911552374867,-0.017750320799142613,0.030039537759453717
BEL,2005,1878.9701794135128,113207.53494979348,6815.614306769969,98276.88974419655,6138.33063056357,-0.9729194707441748,-0.804232359654308,10807.449302833107,11185.073968812052,27071.14197842629,-0.07672040282281002,-0.013949343780173144,0.021252255616502704
BGR,2005,910.8898786507789,3543.9292259611157,811.4379186210946,10281.893566592353,5982.291723239627,0.10551242857443058,0.01662439155939849,1248.504600816566,1246.0982481473807,8674.773009518873,0.09441210253823945,0.00027739661505203075,0.1485825235905832
BRA,2005,20177.358712828427,72645.18257736517,5222.672766086255,53546.70811677342,200573.72559173155,0.06527234876460519,0.07455954613508292,22265.889021154268,5087.485995458941,158458.2388754791,0.09695836800760903,0.10840965510915841,0.27184580744099307
CAN,2005,6412.03192704582,260370.14051772555,17821.82421270125,203845.52602452703,28745.197280466076,-0.5688474144815375,-0.39692864774349634,30439.478956758234,23237.383845829325,100547.16663667973,0.007544400034190311,0.07162902100417394,0.22630353404497044
CHE,2005,1713.5169081416416,103068.50985483172,4619.410743914801,92798.9675594001,7494.641544790474,-0.4559388391188578,-0.3877295289449896,1713.5169081416416,8981.252975087908,7494.641544790474,-1.1023397198590055,-0.9697243054937124,0.009427359458466851
CHN,2005,290242.0023270112,418485.63418991957,18958.2765193828,298139.77792031853,1888483.5812336,0.13959936416170757,0.1436516200106012,144820.34050104185,27877.414859040116,948212.6901083443,0.11146238182064987,0.12332984662822816,0.16158362186259245
CYP,2005,103.6068512550172,3177.546837594256,443.20911219633217,5480.467902729283,620.1862077992524,-0.24728620066433396,-0.5475811242987857,292.7835200567148,675.2498721248228,1524.6412156023518,-0.06475152918758038,-0.2508566265650926,0.030093253612400464
CZE,2005,2655.0133644489893,38042.58501703053,2223.585703513285,36614.05889359095,8524.689306714687,0.040432291954492834,0.05060919470647211,5754.192728918459,4069.6779088281205,18698.723127064775,0.08159557984007808,0.09008715775100971,0.05247680333617517
DEU,2005,10922.74864863667,619992.6301622237,37100.02264604761,446138.98441194504,52007.01372064259,-0.7813291205732077,-0.5033412250513564,42140.782809125536,53054.70352096557,170400.13638878163,-0.18537860721455235,-0.06404877920366829,0.012198749584777978
DNK,2005,869.0589873030841,56856.2072447409,4021.114832438044,48807.41766061855,3939.067538552474,-0.9685476124402137,-0.8002035543399886,7392.530219077842,5484.402125258778,18103.156986352285,0.055443369441930276,0.1054030573373238,0.14129329985286673
ESP,2005,4450.09088415488,134640.97196587926,14347.83290451282,202693.7407539717,33471.927313701795,-0.1517861281828563,-0.29570278184448257,18024.8908081081,21864.663640592866,112392.12603814197,0.03115084319754016,-0.03416407330155568,0.07218962284405854
EST,2005,347.0234354669774,3393.675125933948,380.7479858163464,4990.600719527367,1236.3416944304013,0.07126648045383022,-0.02727769394277877,731.5502221959614,628.9855194257284,2160.8593271989685,0.1406068718476509,0.04746477546189151,0.0688342313720964
FIN,2005,760.2667312084591,41447.6847714155,2835.9754983696507,38606.66898716353,3900.8475298090775,-0.5856175070082993,-0.5321173799537827,3668.9789403704845,4161.385083071892,15594.406061641594,-0.05121305598858765,-0.03157581896707215,0.03558855543663865
FRA,2005,5621.058220511164,299455.90914962196,23401.83732630562,312294.36323571426,37483.28332489831,-0.4486994100448618,-0.474365571224748,30793.631616779094,33878.90574132637,155857.77671882982,-0.010859315366994743,-0.019795445498450602,0.036272706349801044
GBR,2005,6716.687075501282,320294.73768930347,34122.799646022,375838.41266907327,47672.92122857972,-0.46909730243429887,-0.574877978194692,18941.397030120686,44354.59890439402,138986.9120618904,-0.1356833572325346,-0.18284600684528424,0.0803265541063057
GRC,2005,576.3001576093379,14518.927857521116,3313.4763889161877,46971.077259377475,9814.8084906709,-0.045635861070272066,-0.27888228628287254,1854.7880220745583,5333.8351205022545,23551.128217650356,0.00875034610091652,-0.14772316070277813,0.08888118212302196
HRV,2005,594.2279302804727,7058.332477875786,865.4064020848311,12208.82469076673,3149.2807306151653,0.029818669548104255,-0.08610806561896682,594.2279302804727,1501.9668110520226,3149.2807306151653,-0.0870388065643458,-0.2882368891242784,0.09243608022906974
HUN,2005,2166.0477199962693,26865.33857008229,2044.858654217397,30594.16698681679,8293.710470474567,0.044662421977647096,0.014612164990603745,4715.504667272111,3167.5885221755416,17244.083210028803,0.11215342591266464,0.08976505890416565,0.05340484594045693
IDN,2005,21004.965481245163,60163.61500254132,6385.684410237705,37815.092260351725,166608.50872180137,0.06509496362364262,0.08774630529475755,14303.324183147142,5616.667018470225,113488.78552611588,0.047293097376222344,0.07654198716117158,0.3889522254025446
IND,2005,74330.37742032789,71886.37492211207,10161.29125106157,97818.91858630438,1077779.9342322077,0.06203763875487387,0.05953820824747428,28002.659232712318,9796.03381283633,419885.10646309576,0.0495460034336185,0.04336096979776108,0.23124211450465118
IRL,2005,1136.521594908609,68175.55895032524,2568.303478485277,55245.04261369172,3642.6320073346574,-0.5580889204406159,-0.3930624561288897,5945.936568389852,4949.167513596702,13739.612371451833,-0.011763119366209076,0.07254710160995789,0.023370198208033356
ITA,2005,6322.263195401044,250698.64407236798,19932.195142304467,258766.2747990133,40687.649681628616,-0.3192246358800231,-0.3344978649147339,26808.543085596015,29225.27960679901,153983.65323581774,-0.009777476533698187,-0.015694760258102798,0.03118940171483706
JPN,2005,8644.090099490075,379331.2376016411,70466.52955320441,291067.76474364277,114245.01239737366,-0.7281782235923133,-0.541139067311577,19464.486274970295,59298.81486959805,251705.72154778868,-0.22969727485068472,-0.15825754118610624,0.008574921788092946
KOR,2005,7060.950052167773,156528.60384327322,19451.24603631606,121159.57704412367,46490.76759279291,-0.3886475620929164,-0.2665108929298267,13204.117084107273,16364.18181913922,83098.60423201883,-0.09551439987501005,-0.03802789185494331,0.016196649032480172
LTU,2005,568.2047855499964,5501.965566185792,738.498013222149,8631.809241208786,2693.8297932836294,0.036187083516027875,-0.06321603098188866,1055.633508351111,1321.493819100479,4484.010737664683,0.047570278321768474,-0.059290739095738794,0.06454128753993764
LUX,2005,181.25008701989526,14738.259993800144,1278.5000421329519,12787.150434721952,478.1164348865398,-2.7029568762833347,-2.2949429784262514,1132.699169613272,1349.8371746366279,2337.6607217216665,-0.1809933445154897,-0.09288687746930001,0.00604359935435273
LVA,2005,361.12045550493883,2996.5048156931766,451.637025963699,5788.632155152009,1855.1004712687857,0.06863727269089091,-0.04879335209097966,726.9742478981443,816.6191302360141,2992.444839353764,0.1016722570975485,-0.02995707094043851,0.08349268352890954
MEX,2005,9642.57124010065,127913.93948501884,8058.300108255748,120663.54818055354,73758.40652081769,0.01491445811711844,0.021479194122743888,15710.68134847458,14171.001068616086,101324.22239788527,0.006791839567478647,0.015195579530947662,0.2668764683737017
MLT,2005,94.1455840172687,1710.5002693308636,153.02623591504988,2789.2512459842255,318.19946144479826,0.0009512488978522835,-0.1850432166994597,253.30494960903007,272.9214787801506,723.7298554830447,0.11874132382447924,-0.02710476709300284,0.020180281297239165
NLD,2005,2932.8141640417243,170899.70482477435,10093.12799194656,137798.94133401813,11369.142288802883,-0.843053038112443,-0.6298024640747796,20940.561618461503,14966.842910333202,50172.89608435458,0.04740656592835693,0.11906266479185933,0.12921819984361083
NOR,2005,562.5628325670198,93280.15703181313,3127.692467494854,46741.918163689246,3280.768157519935,-1.7310559042878848,-0.7818686087428133,562.5628325670198,4894.411678236881,3280.768157519935,-2.805724921057817,-1.320376398966418,0.6565970448229138
POL,2005,6913.077144110674,58969.37005480804,4327.1563192740105,62681.98142169627,29246.31966617983,0.09718198390604288,0.08841867470343623,10591.428284010795,6845.037712107282,50317.29790437239,0.08251272820900286,0.07445532109103907,0.08828487214826454
PRT,2005,1197.7095137766064,20230.088608566883,2380.7063976823238,43134.63960292044,9540.612066787593,0.008506936328767017,-0.12399591091476406,2730.840098792386,5434.0300912402145,18606.390935038242,0.009797021540067133,-0.1452828762915742,0.053751628137032284
ROU,2005,0.0,15644.891962198468,1978.8471966970726,25738.41932331115,17993.604439929488,-0.06684744112531313,-0.10997503047837519,0.0,3384.820035652213,17993.604439929488,-0.11434261242136677,-0.18811239554321765,0.07697043260591867
RUS,2005,16559.944506401014,152574.58472411238,17072.231583885674,95407.72008723981,141561.85636758545,-0.07587997659248366,-0.003618821415808744,19375.652383018936,17276.973891111877,134176.05573847325,-0.06151189368605804,0.01564122957972218,0.36008977465365416
SVK,2005,1014.7812643585174,12726.467207497979,1120.124573236634,16698.834255921727,3529.300675507712,0.04565073452670494,-0.02984821032936284,2168.799017737443,2152.3138975411357,7794.7045291208115,0.06780036122329455,0.002114912776323908,0.04964021958724377
SVN,2005,404.74196469942217,8626.144019843685,683.073874298748,10727.60231662639,1512.1814665725121,-0.09557237071744895,-0.18405986037521593,874.3453110880063,1275.840600064297,3888.9830333571103,-0.038973559229400524,-0.10323914646387786,0.025547898301540226
SWE,2005,1607.152080014809,90874.50150511507,4402.344083166321,73088.94774130895,6919.239031765667,-0.5587989905516532,-0.4039739038236736,6575.227520456088,7383.49072204789,23318.994362671216,-0.11171025673253686,-0.03466115172126206,0.026973316795117695
TUR,2005,6445.335967755697,66822.72031912171,5424.568572031159,62558.12147807446,42900.56701319253,0.015174007873672634,0.023793797303672877,12904.405753140953,6817.837314294258,80010.97792824621,0.0702627981759183,0.07607166661936221,0.09728377736224943
TWN,2005,8080.318057625204,95112.39326216024,7187.504017692718,70743.3820618624,39321.37480223465,-0.040259766514940905,0.02270556521542954,8080.318057625204,8103.886249691348,39321.37480223465,-0.07159257018292246,-0.000599373551527101,0.012533842989462482
USA,2005,10652.658275651253,598595.4255382535,152621.42893123493,1086691.0026907376,269187.9988597218,-0.27273759823264493,-0.5273963596332758,54003.26673727369,136611.38696741682,875345.0997847336,-0.02427393571780431,-0.0943720599457954,0.05430412160717637
AUS,2006,1800.3425156259223,97487.58628374239,12829.919590038671,95031.35782090852,18559.81152998063,-0.6121390638364733,-0.5942720407799453,11940.943144205194,10518.767650902466,68433.45195586886,0.016809061650283202,0.020781875715108682,0.41414071468412567
AUT,2006,1589.5952667815136,80860.54889666551,3771.121583845093,75589.80430134515,6419.739543424609,-0.38077557513106025,-0.3398153931802418,6823.081982999507,7241.765735875,22189.767548919746,-0.04162456346632576,-0.0188683253194275,0.03133474140520496
BEL,2006,1900.4269675791038,118292.77185860903,6728.663865788391,103248.66598695773,6217.962958286656,-0.9341731020676998,-0.7764981764284578,10425.267862499146,10978.831135755809,26605.20737332585,-0.08093383274620561,-0.020806576152143076,0.0227854075641989
BGR,2006,1013.357069256001,4569.046646813258,999.2395703218856,12791.565650249238,6194.3548132775295,0.10597335370209854,0.0022790911014420197,1358.8878099773917,1426.0482147506104,8963.155302755646,0.09477852102265187,-0.007492942217856118,0.1465752683523472
BRA,2006,18409.77900107429,82446.2839198604,6167.900174523629,64001.00573912999,203337.13502483044,0.05146266984418312,0.06020483580166382,20089.06728495457,5877.973318603629,156823.41481162707,0.07981617269770168,0.0906184448503497,0.2981881283492859
CAN,2006,6186.415443490614,279896.06631533196,19111.70129599122,232933.9484851194,29156.507763892958,-0.5754605821873544,-0.4433070639724252,28153.17458474251,24603.232808556913,98279.10323097605,-0.01435043772001888,0.03612102328449729,0.22542866829840108
CHE,2006,1757.312808224559,111524.0184692582,4566.661417112621,96268.79392901174,7589.781265811127,-0.46549485650283834,-0.37014882385913195,1757.312808224559,8678.261548151804,7589.781265811127,-1.0930682023744442,-0.9118772330242639,0.008948661062700269
CHN,2006,299357.9162149014,513838.3098688809,20919.627178990773,338478.6534647442,1882462.7110432,0.142154321428494,0.14791171554288537,158391.81636673902,29909.40696879364,995045.756231706,0.11354943927163741,0.12912211181575756,0.15768706346065314
CYP,2006,98.25467159937764,3219.6674732999154,441.45459828329876,6049.374753242941,637.2131721011226,-0.21453000917959233,-0.5385951541966195,272.6705031659431,681.021764272549,1507.201550930699,-0.05957444460285314,-0.2709334135533821,0.0297888157212693
CZE,2006,2689.780712993632,44834.10077318305,2409.2817165715874,42708.286716505034,8567.290901214368,0.018742971179924923,0.03274068776890548,5787.989575870387,4354.041174146159,18981.21175964302,0.06412789085630763,0.07554567220903265,0.046963187999037696
DEU,2006,11445.190821485583,677893.3728548188,38239.992018844576,494264.21321271395,53236.783785796004,-0.7701767337309707,-0.5033136732145727,43135.1298744226,54026.025686538065,169148.12131206878,-0.18305055745658905,-0.06438673824832127,0.01303370879587397
DNK,2006,876.5746423057706,60813.84641525679,4326.534847295853,56599.131467581654,4041.8382237162073,-0.9332734384028717,-0.8535621699915709,7417.473764039694,5810.456433474648,18006.05569728828,0.06521891792677072,0.0892487148535847,0.1497239469419535
ESP,2006,4530.067337066179,145969.160882578,15174.65769715732,224028.9643601211,34629.16928916842,-0.1547016645239124,-0.30738797893776326,18698.45560450413,22221.41653606112,115025.90031261672,0.03668552244348534,-0.03062754494407176,0.06614896308016081
EST,2006,342.36413098624024,3947.975954184457,434.1925105917545,6319.650084201998,1287.9351564090612,0.05521850090745758,-0.07129891528199628,690.0107902005859,687.8345784491249,2165.1349104829214,0.12022838514014794,0.0010051160049770712,0.0632116169330091
FIN,2006,797.3420414101535,45234.97787644907,2857.1443549877413,41526.682221915464,3971.2096792615434,-0.5829313839054517,-0.5186838469734525,3787.2017595253014,4067.9974985440376,15260.170656242768,-0.042205575477385744,-0.018400563489364762,0.0367472799882898
FRA,2006,5628.255255667849,315416.3027331211,23472.32938289209,336134.3318346564,37330.400965501736,-0.43924869486091567,-0.4780038163456788,30307.887628160093,33617.12431833887,151145.3811040367,-0.008185538080041898,-0.021894395091709474,0.03488445165642015
GBR,2006,6717.86879789354,347217.773958521,35331.6223056733,409197.3950866198,48018.73531804453,-0.48444014103614774,-0.595887278543699,18714.54751734133,45399.990227710965,138323.04568103398,-0.14320732628366517,-0.19292116204486223,0.08623359481626298
GRC,2006,583.9643415175977,15599.21121852672,3564.559880888067,54553.899662354466,9900.977076979538,-0.04396439115552441,-0.30104054541248876,1745.246980334406,5765.617970122765,22987.376675131687,0.004203127272426905,-0.17489472794595545,0.07970327538417395
HRV,2006,607.2489334029354,7893.690179766836,928.745931664132,13517.05921716705,3240.1705355217796,0.02002364541869606,-0.09922224609373048,607.2489334029354,1535.435470271346,3240.1705355217796,-0.08932074257820471,-0.2864622484195698,0.10280297094857896
HUN,2006,2267.403799693333,29964.511530031137,2028.9379228731527,33911.09908899633,8312.568916014265,0.057093601936963057,0.028687386442086855,4913.704248637441,3233.358670551981,16602.5694296185,0.12387511397959895,0.10120997145705488,0.04789825868948401
IDN,2006,18511.744469392535,72661.71448271039,7475.38615888905,40695.8035561507,155857.242502896,0.0331364809820914,0.07081068632597178,13477.93813308744,6323.320485980306,110601.08533047755,0.019780540778967726,0.06468849402091344,0.39555402822601626
IND,2006,77328.85562538687,86240.56503691003,10573.902505922591,113878.50954182458,1077119.5078531452,0.06435795138703042,0.06197543785323927,30854.58470357478,10110.8093952526,424380.3952227698,0.05466236466179979,0.04888014512883697,0.21407110152707992
IRL,2006,1122.7771810979027,70817.17028930111,2901.8601912750883,64137.399638311515,3805.262296714219,-0.546954526191771,-0.4675322938220039,6219.378586600846,5384.726047848316,14581.414840069987,0.01878041586091192,0.05724084719535513,0.02181167273011383
ITA,2006,6638.590165215235,267831.5047073647,21237.23548462722,289038.32745138946,41694.09592189489,-0.3127652281963203,-0.35013699174001695,26549.047286428693,30409.818435925725,149028.06310808702,-0.01093481489804962,-0.02590633649111371,0.030770527408638566
JPN,2006,9498.273539029724,390251.14248756727,63873.687400795374,303660.59446613566,115079.65574299706,-0.6307749110842675,-0.4725024028851821,20358.592975469197,54888.60933879364,244832.8212934145,-0.2049635978997852,-0.14103507928760378,0.00820508013910817
KOR,2006,6679.658457810775,167342.36372731518,20180.127988111177,139372.21109288454,47124.27830714512,-0.37242699435897464,-0.28648649942833015,12596.966073070646,17352.77233159098,82704.11184176142,-0.09961145979582395,-0.05750386713081042,0.01490396318212796
LTU,2006,584.7149997373423,6115.027753836365,803.9020619853848,10407.011134698369,2735.8996499800405,0.04106595932985157,-0.08011516878904587,1094.7378439072886,1470.783190741859,4397.575270071702,0.05242077289405657,-0.08551197506357612,0.06877852364336397
LUX,2006,185.6562221278233,17252.312603652805,753.7247021730242,13159.430583272275,496.31404111959995,-1.61690769919388,-1.1445746704319208,1204.0366200196347,1161.3327932216325,2472.190021403322,-0.12883195296507205,0.017273683021243505,0.0057350678607725695
LVA,2006,358.8532247533542,3384.3148698840123,550.5176449961821,7763.647902628183,1967.3704065805896,0.06042207528833986,-0.09742162411396255,654.6656516182741,985.1528033717857,3066.339228056405,0.07344904389066848,-0.1077790574277036,0.07841051658824967
MEX,2006,10078.371513420241,147622.61777311942,8718.26749129285,134933.58394708554,76765.91204368646,0.007037575828037269,0.017717551787222608,15771.562216812368,14892.909499350733,101564.2821915408,-0.005138255210083497,0.008651198024563178,0.28054796546593264
MLT,2006,102.37750835919209,2034.3002905068668,151.29548180235128,3104.1612402015016,316.8225231134891,0.01018421416379214,-0.1544018176562411,316.28433771716806,288.9854162259441,776.9972588599152,0.16331954875891067,0.03513387104000797,0.020856799231234614
NLD,2006,2897.873746289997,180882.93825017454,10080.880893096326,146519.2690504649,11548.881521091553,-0.8266870581768873,-0.6219656105821251,20388.47250863302,14651.9077345681,49534.773467319465,0.04643611324335402,0.11580884240541883,0.14665629962875434
NOR,2006,579.8585463296395,107273.3536898526,3223.544064388241,52354.61466362326,3384.942137960874,-1.7799731646035866,-0.7810135034246661,579.8585463296395,5024.104615955351,3384.942137960874,-2.869890028723741,-1.31294594958807,0.6649009661225221
POL,2006,7235.903585655259,68729.32214409953,4801.601205202051,76008.28450927536,30115.669461864964,0.09610045546124764,0.08083175383285869,10929.847492936355,7593.2836847277395,50240.15725686631,0.08088624198637755,0.06641228830454363,0.07965668041733547
PRT,2006,1304.4075285280355,23349.286642305193,2470.4182230823762,46725.53254081094,9542.568448175432,0.007326234718330915,-0.12219044598808043,2794.2705252452442,5587.415444442231,17814.42903582097,0.00012207464523693068,-0.15679115584229927,0.05752314694807896
ROU,2006,0.0,18694.720697653913,2708.5678990958313,32956.73940983372,17880.90975847044,-0.08592605216120815,-0.15147819298247645,0.0,4080.024121160641,17880.90975847044,-0.12943384789093404,-0.22817765853484473,0.07303924436965699
RUS,2006,16275.723503284193,193404.66117234394,18240.664745661237,124992.44871744238,143026.81563239344,-0.08354110494079656,-0.013738271621926642,19584.558855571362,19523.793082070748,137744.17666251946,-0.07713724869086916,0.00044114949156430424,0.36194101765334286
SVK,2006,1100.0818545162713,15899.441422381658,1207.9934451942154,19040.692386000643,3606.480451786427,0.02533714995816844,-0.029921579257275996,2421.6222896538948,2242.392541691588,8138.191489164826,0.0674805893058288,0.022023289597072376,0.0483789332574277
SVN,2006,423.38368175867134,9867.90563719425,762.6871006419079,11957.54434385851,1515.3662888515441,-0.13595403357670433,-0.22390851728685718,948.2552862460974,1336.648622070367,3887.070657884381,-0.039826269716057225,-0.09991928884453591,0.026517181218356695
SWE,2006,1647.8303129182455,100170.45628177913,4524.920103783943,80656.319548929,7032.312492877286,-0.5648010095406681,-0.40912428077958324,6636.38845909924,7571.209278186236,23249.084680094984,-0.11899879106082177,-0.040208930026710034,0.03480011969514056
TUR,2006,6294.169805072557,72718.2187997583,6484.724784518062,73205.05792069135,41391.622196074684,-0.003561815029248263,-0.004603708898936936,12864.711398494499,7506.046601484184,80445.26215101773,0.06723307843695511,0.06661255931953627,0.09022868218806292
TWN,2006,8300.239012773896,100193.71885981545,7117.154293470652,72051.7658237225,40260.13033713785,-0.039660350244340434,0.02938601314491798,8300.239012773896,7920.411765690498,40260.13033713785,-0.0674047584294808,0.009434327308499234,0.010246497880805136
USA,2006,11480.163118029477,672051.5582897911,154081.6166601025,1187935.0074654394,274200.86023614206,-0.2760333090748732,-0.520062021028178,55429.224298933135,138051.29718594675,852274.836628156,-0.026600177957951117,-0.09694299225574962,0.055872991853030574
AUS,2007,1777.2365272805928,111164.17847675503,13370.045343235726,120076.54710859375,18932.14317523638,-0.5599182280709396,-0.6123347319239989,10573.844866582629,11473.807253243147,68228.4007731996,-0.0007086339202178537,-0.013190436481900174,0.41002647027754185
AUT,2007,1620.8510385207742,94684.38717701714,3671.50151819388,86326.7851266939,6530.270237838419,-0.36845359648576437,-0.3140222999947228,6726.8890818295295,6928.3364152874165,21901.227415678833,-0.03982444100089767,-0.009197992862887364,0.03258826278689987
BEL,2007,1915.208192838816,135312.98497363582,6692.480514546492,120331.14676657095,6338.011195626391,-0.8852177636259557,-0.7537494293169253,10042.471281899776,10954.642834978584,26111.6888024365,-0.08716709882983951,-0.03493345681240244,0.02180626650229889
BGR,2007,1262.967419244782,7095.680797625411,954.0574705323007,17023.238346944654,6404.473002735555,0.1351077792897997,0.048233468792910184,1466.8119811359911,1499.2023550249135,8128.233831068778,0.10357842372570672,-0.003984921517035558,0.11958584045585217
BRA,2007,17083.416013277572,93159.18733012845,6826.809458390225,83913.07742423457,207749.26449532542,0.04574929581715612,0.04937012210273376,18661.455234093886,6714.121696944843,155483.7711879768,0.07208164654650052,0.07683974633407209,0.2899659987264553
CAN,2007,6139.990408010696,305693.57045707304,18652.071863206842,263270.30756338616,29811.526203175967,-0.5205257892452811,-0.4197061690140229,26186.815807695457,24435.210334752497,95081.94665352305,-0.022989366258977125,0.018422061543668006,0.22643958313930998
CHE,2007,1883.2383592384126,131352.03622011075,4471.8886340189765,107484.33926662216,7717.644071291965,-0.4640880523564237,-0.3354197538611305,1883.2383592384126,8242.36013903059,7717.644071291965,-1.061126825222498,-0.8239718910394938,0.00888715817949442
CHN,2007,284144.9356449038,635033.8744231886,21006.502177332404,398090.2698991564,1823919.013462,0.13741583204300228,0.1442708977347111,161227.50969646033,30776.067253755376,1030953.1281653788,0.10876683218831752,0.12653479472422607,0.1504528706829965
CYP,2007,117.06520670244824,4384.752351171022,446.65992482031766,7395.040825783506,658.9944875802664,-0.22424089621927545,-0.5001479137224564,293.73186979157924,690.5273565363402,1506.5717150480234,-0.07679921407508682,-0.26337643457756854,0.02933459234150825
CZE,2007,2817.953329020822,55843.00834205107,2523.1368383301437,52760.973803716246,8728.183595109382,0.01689095364480504,0.03377753085485864,5900.047249328736,4412.422461683109,18896.17789772899,0.06508580453327951,0.07872622684317633,0.04530907924398655
DEU,2007,12032.375298577203,805908.0472014974,37290.144877813625,569545.3842378369,54300.961886093624,-0.7501389528030724,-0.4651440545789833,43157.89629400213,53242.69985976242,165305.6898414592,-0.19467356647429856,-0.06100699604128803,0.012864770009039536
DNK,2007,889.0645919204003,67700.75429897232,4012.6465928812368,65995.67423230386,4083.3142185893767,-0.7903515448217476,-0.7649624382910973,6901.684345729285,5701.1278772907945,17400.59023869948,0.06053017437324977,0.06899515774863856,0.13600654604479115
ESP,2007,4708.982568774223,176307.702046866,15221.993175686333,269169.49074006436,35477.60050853554,-0.14830535915953932,-0.29632811848092117,19060.420959568775,22642.277190322315,114927.29834994713,0.036802288651800186,-0.031166278875250242,0.06671811047810663
EST,2007,355.80048101414224,5410.991351812532,459.21560903845597,7863.684280118587,1290.7182327337898,0.03084700579395992,-0.0801221563325069,713.5737572021478,735.234372334697,2198.375008632389,0.09446063623502593,-0.009853011905382006,0.07130322834989465
FIN,2007,832.6631417463941,55512.842803280015,2913.128107902522,49229.54642609634,4053.8461618181977,-0.6049255605372694,-0.5132076756516618,3778.751455505779,4112.046341736628,15050.393339059015,-0.057016859775589145,-0.022145260839520845,0.04085157549927347
FRA,2007,5684.45038075999,357626.4227965638,23108.497011309864,393779.7174151233,38311.49199263667,-0.39942149200670213,-0.45479947985055535,28965.354877970116,33602.350056350886,146973.86748742164,-0.010559231551397975,-0.031549793562978906,0.03652898548745041
GBR,2007,6686.052271615936,384857.99009947287,32506.979842252156,466671.731975536,48556.582008667305,-0.41440361297089234,-0.5317698755243359,18190.133307292715,42938.06137156379,135329.54701539566,-0.12724727896547666,-0.18287157985872549,0.08037448893357976
GRC,2007,629.0822323816553,20033.08375867849,3934.5026336483706,69740.04323995562,10052.117686298256,-0.04985199402901025,-0.3288282632994076,1715.0827050075632,6189.1448451106735,21989.33475143129,-0.002854652103568225,-0.2034650975428846,0.06956084953968657
HRV,2007,607.3475477566167,9199.884075412847,992.3425039299108,15990.479020223454,3310.0824190129856,0.01100216102985311,-0.11630977946709059,607.3475477566167,1535.2580529090826,3310.0824190129856,-0.08336357973037822,-0.2803285198648178,0.09249586522378606
HUN,2007,2382.96046084266,37612.50015979358,1960.9205885568335,39809.509775581144,8286.023714991054,0.06399441924210571,0.050933944531473256,4979.294339320134,3158.764266933006,15100.833971922957,0.13210238243279668,0.12055824703271666,0.055441571138549174
IDN,2007,18106.18456560291,78238.10480211707,6935.691138652477,48923.80484272772,157350.9394711516,0.04458026724341807,0.070990954769599,12428.428311430374,6454.647719788318,107324.77297268256,0.01962517094507186,0.055660780136591266,0.39618677860385354
IND,2007,62777.13565818714,91370.10333626546,11596.081966274196,135223.5345203633,1078735.3969471627,0.050931582360463995,0.047445419735698005,24579.944992520446,10950.939201621955,429284.56791314186,0.040021077404526845,0.031748184793020745,0.21325873776867366
IRL,2007,1179.149419690241,85352.65679292109,2821.5368050868447,76064.48895563761,3942.4663575930854,-0.5039796367349237,-0.4165888143175678,5880.251245611133,5415.641755305737,14271.980017112788,-0.013781532793894075,0.03255396166112245,0.02418726936301322
ITA,2007,6846.907571968042,312406.91945062025,19607.513120894786,328410.55549426586,42227.48983967321,-0.2795600722418962,-0.30218716758622033,26118.23549376056,28648.19508039414,143970.85093056067,-0.007876014395926887,-0.017572720938169757,0.030585360135752665
JPN,2007,9974.87302243289,408414.2269845267,53509.43059290883,319326.533731253,115249.2146714845,-0.5072741705686021,-0.3777427698277189,20212.204694119144,48863.187629384214,235168.13742482994,-0.1797996020346938,-0.12183190822108365,0.007455991321070576
KOR,2007,6621.622981397332,185348.8128775432,19453.33676333696,162448.43017525104,46208.37588796483,-0.337039631006164,-0.27769237795872637,12732.67633749504,17345.38914916834,83803.47082445849,-0.08421960554799683,-0.055042025900519785,0.013722092795548169
LTU,2007,584.9895811604645,7758.2050297634205,841.0857381022622,13563.355732551183,2771.9062286483068,0.037479866435088424,-0.09238990637380996,1305.6879901967673,1558.4470546015436,4813.132473089948,0.0860687370531968,-0.05251446242503054,0.07318487786423634
LUX,2007,200.39068236083136,21008.298014054155,628.8996218529834,15163.725746392434,521.9886746457394,-1.2852892738576582,-0.8209161621810479,1243.4773730369366,1097.1195547215561,2563.3668855737183,-0.10786838044365657,0.05709593080064442,0.006025418479359831
LVA,2007,355.78297872217456,4802.340284683798,620.1618011447449,10516.40125458571,1998.7810347619723,0.03631442276982779,-0.1322700274940593,686.1650433554264,1118.1879500872628,3151.755749610193,0.05569650772193484,-0.13707372685376037,0.09082593618830669
MEX,2007,10320.832846532745,158991.7283646839,8134.185478576364,149225.97027976366,78827.93984804564,0.020986516868419746,0.02773949658168814,15369.485467062874,14699.62952460586,99640.95941865038,-0.00293180897526378,0.006722696633645953,0.2888353625430139
MLT,2007,110.69953238387663,2569.948667403139,139.59255785494548,3382.8036998084453,327.82041991869914,0.014183731885174121,-0.08813674718077186,363.24676483115877,272.5410682474109,834.4648921064327,0.18717945176814857,0.10869923641098936,0.015437299787790857
NLD,2007,3058.1799298161527,215677.21426248722,10604.914967066521,176568.78295109657,11858.613200274845,-0.8344677572025497,-0.6363927138693973,20324.81386188973,15245.519672940558,48882.98283166697,0.03482900735282673,0.10390720644933198,0.13986790714733735
NOR,2007,613.911031698009,115278.99414732539,3235.9922421176107,65180.64872280334,3549.279257005954,-1.4395287725281396,-0.7387644139986596,613.911031698009,5260.578958915432,3549.279257005954,-2.4483813597318353,-1.309186342000372,0.6273417976415534
POL,2007,7387.321841965565,83994.93536500225,5281.53678878905,101461.12229119848,31356.249463250184,0.09615255936844215,0.0671567897699154,11007.499057449442,8513.641121169865,50758.29299524524,0.0780060173300273,0.04913202925309541,0.07764058832144434
PRT,2007,1384.1113182660765,28825.046828460072,2402.776440417922,53362.31147251092,9552.256680276241,0.00902287757651632,-0.10664130542630966,2847.6280838951093,5415.246450823297,17251.663218518876,-0.004495727673230267,-0.14883309130287023,0.05305773710156785
ROU,2007,0.0,23966.38632961159,2577.330784999112,46050.861074527194,18146.44912260505,-0.07391682538569357,-0.14202948288040157,0.0,4504.726952392375,18146.44912260505,-0.12919378354079972,-0.24824288884048573,0.05627577331861398
RUS,2007,14760.033296187623,213607.42508235015,23728.642139577005,176568.89668289007,144464.25801492593,-0.09653683253849597,-0.062081853093813366,16903.126334770746,24063.905338827484,138544.95939802867,-0.08812027253825079,-0.05168559747803158,0.35745132653742784
SVK,2007,1164.50004733086,22403.561828888305,1334.5700952484767,23792.151333986367,3699.1320794527537,-0.024919379143252086,-0.04597566247020211,2622.9787102627706,2329.4443997558083,8356.242117958516,0.05139732292595296,0.03512754972431013,0.05532680081845888
SVN,2007,441.9734843706668,12322.053445753569,787.2612590148776,15128.700356758893,1554.4558776989525,-0.12817128357240296,-0.22212774231671167,985.6972970235695,1388.0855029095956,3973.473423846189,-0.03646011483552169,-0.10126862897110503,0.024845939965867522
SWE,2007,1652.7711007592911,114333.49647594303,4579.939852634047,97343.04689634581,7240.660094878316,-0.5146713891720984,-0.40426821774789434,6251.007145311074,7684.162860843689,22799.192104184323,-0.12168697980666766,-0.06285993420221185,0.03473474588135269
TUR,2007,5705.132944480915,83459.7080559709,7016.592253948897,88600.36118058593,39982.9336383123,-0.022618446912231124,-0.03280047735695213,11232.11883166657,7918.832607100973,76386.24922585115,0.04939033279394034,0.04337542762139304,0.08038941700850218
TWN,2007,8621.724812796381,107340.35791960105,6172.652378676274,71810.28148231859,40600.84985449116,-0.01490151222107769,0.060320718479965445,8621.724812796381,7105.019333461869,40600.84985449116,-0.049227904277090645,0.037356495855880176,0.00941309615122285
USA,2007,12442.664020784709,761065.3856516081,134857.28431052098,1249846.0327865258,275901.3538452004,-0.252538157932826,-0.44368981370935673,57409.322786192235,124935.23546116868,814909.1772771867,-0.022907036620842716,-0.08286311475911615,0.06441629103971039
AUS,2008,1826.8624947721623,142527.27821883533,11859.988046995672,125800.61644962904,18639.807834664734,-0.6228631557887895,-0.5382633577136323,11645.969269876296,10664.398645295929,71109.0526069214,-0.006136852602755622,0.01380373649479371,0.48105289466362416
AUT,2008,1646.0517965933418,103494.27442193305,3630.6143329880333,96797.90255839383,6670.719886314284,-0.33515489474261495,-0.2975035034024199,6781.270863281137,6996.978526014758,21969.785990525445,-0.03185060157033552,-0.009818377968117019,0.03554494996593006
BEL,2008,1932.02791843523,145737.99511219095,6833.590064568162,144817.92619736813,6436.8240683574695,-0.7682325644620088,-0.7614876675328643,9822.381349284617,11473.448704885834,25881.418198242547,-0.06661000494545559,-0.06379354264726232,0.01905830471149745
BGR,2008,1458.3661682287611,8686.599712163013,1048.4127317614173,21395.37165987147,6723.272743956947,0.1536017913034624,0.06097527976026567,1862.094979358599,1646.2857988057428,8850.746695573544,0.13486962415273873,0.02438316087622156,0.15498813438758427
BRA,2008,16231.26066917601,111262.32573122984,8535.90863956234,118412.21315080917,211668.0806004489,0.038790740478551425,0.036355750984200824,17775.84773663092,8510.18664072578,157615.7674322417,0.06204656855826214,0.05878638442621805,0.3384758501956471
CAN,2008,6060.558684170051,324582.4903254921,17227.566144215714,283190.86529929255,30502.65851837383,-0.44864993595029223,-0.36609948124092245,24678.98667044072,23602.06171788221,92243.74494875624,-0.02572304214322499,0.011674774838735899,0.2560609226033137
CHE,2008,1878.4628126476991,148173.42337916006,4299.76157167944,119877.22675187903,7866.345152983631,-0.4368264932260576,-0.3078047952311582,1878.4628126476991,8366.647845764353,7866.345152983631,-1.07585856838419,-0.824802993885381,0.009332701684309086
CHN,2008,254902.70766072377,747587.9067059262,22132.493474817777,470579.6568079983,1802048.6516447999,0.12194002060405293,0.12916977239956734,149793.2367550526,34087.65298528083,1068568.3583564374,0.08950272100640026,0.10828093763485405,0.1639465283368232
CYP,2008,110.75987775440053,4584.996473960188,518.9961378901411,9353.892662464401,687.6909668780563,-0.20886765344033312,-0.5936333030358539,252.61105257052077,782.5480032461053,1483.3731982055315,-0.08829228608735859,-0.35725126442668687,0.026736907608657403
CZE,2008,2764.904953053792,66116.73605136773,2717.4409223103767,62807.84747190163,8932.222935184342,-0.01071381265014118,0.005313798265877653,5702.9837158362625,4758.152630470433,18831.741581644605,0.0368610961474252,0.050172262680513904,0.04866901748446706
DEU,2008,12154.892901698753,868677.3706997146,35288.053032806085,634115.453201351,54743.132783186564,-0.6610209249707285,-0.42257647589749,42930.702346941966,52200.55095821732,165207.75928490981,-0.17298852972885453,-0.056110249611756986,0.0149570527704208
DNK,2008,900.4396665433212,74012.88251686246,3887.2851006042274,72710.78828741075,4133.763067150412,-0.7393888621688306,-0.7225487734883345,6561.73083660635,5637.607208698566,16446.78809608925,0.050050269543783034,0.056188699125242804,0.14320489003566264
ESP,2008,4683.439662702089,191374.42356376885,14166.246429862265,275483.1272864565,35675.77008837057,-0.1445704240731569,-0.2658052438299388,18016.851604455267,20967.569874443037,109433.01588085659,0.03153493282583946,-0.026963693234958605,0.06512316254997366
EST,2008,365.43403337726954,6123.100421610555,376.5439129153831,7706.493146244847,1267.1497553401348,0.052287147361912846,-0.008767613686774832,692.8172849172897,643.1184355217658,2040.209905811492,0.08912580588257847,0.024359674587383306,0.062178645952669
FIN,2008,829.1135121977862,59139.94502710042,3000.469866867663,56613.08179896412,4138.323946248252,-0.5570562112135066,-0.5246946306942449,3602.108655648375,4244.417899556734,14476.346687262057,-0.057456085480668995,-0.04436956766678816,0.041695775974031325
FRA,2008,5641.28812823266,385351.1053464919,22269.041692951076,438071.4558846449,38757.87836270449,-0.3598688508631156,-0.4290160934278278,28227.008454365066,33419.08660785231,143394.13180972854,-0.008160789059655033,-0.03620844233972334,0.03702845701355161
GBR,2008,6888.14448120426,388807.68554970797,29635.031538061252,472000.66762118676,48349.91157335056,-0.3624315398649998,-0.4704638812492594,18371.598438962912,39108.38269122237,132225.90552913994,-0.10469729371672089,-0.15682845331461528,0.09626950535242201
GRC,2008,663.7290166447671,22928.74460690893,4032.2041918787063,81111.39851173789,10122.078805762882,-0.04703610265945113,-0.33278491897495793,1703.2684179241824,6370.031704987836,20693.361125558626,-0.004708072612319145,-0.22551983018842098,0.06966596884379408
HRV,2008,601.8048331036122,10649.022354407607,1022.8556759569011,18849.585108912946,3438.267974833615,0.006964341699289964,-0.12246015899143652,601.8048331036122,1602.216595268938,3438.267974833615,-0.08823137713954919,-0.2909638717772537,0.07969373903675003
HUN,2008,2368.9152011765227,42748.86445358398,1921.3230245519044,46196.270606471895,8132.385075481121,0.0726688782252211,0.05503824185282302,5417.766824642343,3272.586207593131,15686.948634034852,0.15231757868336987,0.13674938747456383,0.05696076842764194
IDN,2008,18083.468398079294,91205.02430761783,7475.863827807166,67832.31758570767,159747.60702853813,0.050277288172676855,0.06640227523644301,12169.535744980452,7342.685068388933,107156.29335038344,0.021434218871216774,0.04504495746981945,0.41828196266084616
IND,2008,56366.48643531013,91895.49646726645,10236.223368262978,141532.50051185885,1080383.0994140126,0.04602091533459439,0.04269806061578312,22260.62033689142,9893.042910580789,428568.33577611245,0.03695367815251266,0.02885788891499337,0.21397321914004155
IRL,2008,1117.5594130930572,85526.36722695686,2603.690506474787,76294.76175473596,3875.2567450976785,-0.4647887073412381,-0.3834922925459668,6195.063076935844,5062.540829850706,15284.730464773535,0.03401818799672928,0.07409500937522209,0.020083112567431043
ITA,2008,6688.129731676328,330383.91671006824,18750.25904905532,347760.5505580463,42385.02539520262,-0.262480217387741,-0.2845846901095464,24674.91233853686,27620.727963847552,138214.57595630162,-0.01132792365982828,-0.021313349948286587,0.032486311841953025
JPN,2008,9353.443205575659,418015.46052709006,47419.41777898735,370562.60490635154,113633.20813810086,-0.38842806486383674,-0.3349898783738403,18709.746547083996,47937.08822276726,227500.02235599124,-0.1554548646211558,-0.12847181891678422,0.0072347899479836665
KOR,2008,7296.617302308652,185796.15689785552,16796.234876997914,167491.9001620729,46206.822119989425,-0.2453140899757056,-0.20558906972699287,14262.940036780223,16406.952628484087,83710.37520173656,-0.047031649758619,-0.02561226833038238,0.014406922742725495
LTU,2008,555.0569273641411,9352.898629548677,851.0579330146535,15759.629802913754,2744.239188515451,0.018211930997069244,-0.10786268445158377,1384.7163428649715,1638.4960483113719,4927.192476483213,0.08368149985554126,-0.05150594515185975,0.07392988013714716
LUX,2008,226.59774087528868,24044.693728459417,669.8223848314158,18216.530332875307,546.7990208175776,-1.202501042578723,-0.8105805370562198,1411.8271169947652,1153.4444596910835,2724.7291500267434,-0.04060889993795079,0.0948287492359179,0.004639364790396842
LVA,2008,378.62408398859196,5520.6377437879055,552.4120712315818,10621.510403009885,2103.1054844631476,0.043508187619999195,-0.08263398508865191,665.3670127615414,1009.9813198039736,2991.837944032503,0.04693401925054189,-0.11518481732267526,0.08845592191202588
MEX,2008,9809.856417358418,168212.9298494521,7877.23167242813,160227.54039151772,80011.52448579547,0.01924773702337662,0.024154329733754656,14120.963437665154,14771.728970930728,97661.04135745639,-0.01420173399885045,-0.006663512125409958,0.30987047979013776
MLT,2008,128.06949258969948,3244.160501926828,156.19331940707198,3890.428060270869,349.1320747652342,-0.006236631719136112,-0.0805535464946431,460.2524029545565,283.6898085468397,901.302265857004,0.24818354405710658,0.1958972046296057,0.012597358310603211
NLD,2008,3135.679191736169,239657.6621245895,10173.139065427622,193649.72505866023,12084.61501841653,-0.7823524057373066,-0.5823487022935038,20317.110616049184,14914.671509798316,48450.06550918322,0.038368627425047576,0.11150530034323461,0.14753056991304325
NOR,2008,635.6211496972725,146676.6436195411,3223.076713290917,73648.27067210339,3672.6231557672877,-1.5747337488255546,-0.7045252000686335,635.6211496972725,5358.213290007427,3672.6231557672877,-2.7325714909062113,-1.2858907489307887,0.6688841641918499
POL,2008,7452.184598313106,102475.94948454673,5961.806888276647,130138.0251964446,32444.88015215795,0.08499388768413228,0.04593568239571172,11026.805181451644,9764.959317202953,51820.4822806073,0.0644046668096176,0.024350330385113184,0.07522867569985406
PRT,2008,1365.8258382534302,30634.234586327344,2408.9103199128463,60547.583741567156,9517.419005941072,0.015448549414764867,-0.10959741091658252,2753.287010461464,5380.3872361465965,16887.298114248995,0.0018394704031213824,-0.15556663996287626,0.04948866018274491
ROU,2008,0.0,26879.7199854031,2644.3110302944065,52594.387649424694,17925.126035048175,-0.07539380392957085,-0.147519801262435,0.0,4625.129024319744,17925.126035048175,-0.1318702931741379,-0.2580249095753325,0.06470057369626492
RUS,2008,14504.169610107756,294989.87042019237,23567.80469649224,231151.40194377536,138811.35751570345,-0.11218460277382611,-0.06529462177011801,18596.640396907558,26213.296905996416,142072.37486104108,-0.1045674071712709,-0.053611101500475364,0.3361294107278751
SVK,2008,1180.5101988176086,27047.46547902077,1439.526840166395,30358.31243182039,3837.9441637089017,-0.02658279819707288,-0.06748838187851035,2594.8525801775204,2619.531285422634,8682.981226173519,0.03005934591715509,-0.0028421926297299196,0.056568962631035724
SVN,2008,451.1830271284325,13749.714727069353,806.7010077118414,17144.641181141284,1608.3061563095307,-0.12172909532079854,-0.22105118430883303,1006.9962976205543,1431.8200793590636,3987.2276569505225,-0.03543800551360915,-0.10654615644982243,0.025078700113844412
SWE,2008,1689.3692386902503,120012.3016839966,4491.814611798032,106164.86243781578,7337.915318686945,-0.46175619070905183,-0.38191301635370395,6216.060191361459,7569.611845163098,22334.39322254598,-0.10481061667679781,-0.06060391434477228,0.04121810609366322
TUR,2008,5698.711111721806,92514.40396635566,6257.05195978582,99960.99639952066,40627.39154862418,-0.0022699435921141355,-0.013742965688451183,10935.046645854869,8028.051459782395,76194.92513073738,0.046001025835301225,0.03815208402770356,0.08253004416119829
TWN,2008,8021.371500152554,104786.47104300838,6030.14390437673,73336.31793940243,39997.485898193205,-0.014870664351538231,0.049783818934123904,8021.371500152554,6855.702783287011,39997.485898193205,-0.04436247739253514,0.0291435496679105,0.009933139092965653
USA,2008,12993.411153225687,827472.0614679538,116244.58987922317,1287884.7722664245,274104.68334671523,-0.22507564355346912,-0.37668520459168875,60751.63970919627,111255.19592650392,783762.013715553,-0.013690827104610115,-0.06443736151218558,0.08554934791262601
AUS,2009,1839.5502025632436,119138.34001172846,11443.070781260067,114746.58182612414,19470.337388625398,-0.5157325851668503,-0.49323852930803425,11046.354650970385,10785.10508800082,71578.96862996169,-0.0021170270927683256,0.003649808986772822,0.44346985723181426
AUT,2009,1463.9578523479433,86251.1766868169,3379.456380684185,84188.73093854169,6462.1962983440535,-0.3092273842855063,-0.29641602326860467,6142.688383865752,6850.901936587443,21434.487030152683,-0.040870870905170616,-0.033040844491655924,0.0328982829738923
BEL,2009,1773.2725684103102,125004.35206525598,5691.074352261639,117331.12718768639,6338.166753114124,-0.6768497921902016,-0.6181285435455608,9158.404320524089,10177.750335030565,25093.248948431436,-0.06714757685992136,-0.0406223210314978,0.020700244291037794
BGR,2009,1205.9730916620151,7307.6596537237965,760.4151348361661,14934.050483079447,6404.127963182927,0.13020978651235707,0.06957355621051668,1711.061039563665,1295.1003261748715,8485.895414730321,0.12695552034888644,0.04901789299297092,0.13191035760458333
BRA,2009,14363.89545664168,89334.8812560863,7654.18034063089,102838.01955504881,212019.95262715503,0.03638688993711861,0.03164662114518096,16363.246844091924,8050.287087197739,154038.17920794495,0.0608290888393313,0.05396687885846823,0.3096877886791199
CAN,2009,4954.438535400634,237855.36319031037,15123.511384815854,247467.7618424381,28685.386391863605,-0.3340247767188344,-0.35450360369904593,21137.69777968154,22162.398756740862,89998.57168341092,-0.0018205419119594257,-0.01138574710567546,0.2430690444280645
CHE,2009,1755.6699394806978,133913.9543944798,4166.556435000709,112278.56192056352,7857.803829999372,-0.4089891422696571,-0.3068142890403773,1755.6699394806978,8471.617065246584,7857.803829999372,-1.0624311988611477,-0.8546850075495487,0.009577524713015356
CHN,2009,214066.23062021204,649180.0497334952,23769.36402333312,486998.7326344328,1824477.2038116,0.09996350946018377,0.10430213444120918,134825.93953717488,38730.60736012654,1154698.4335717221,0.07205100780685192,0.0832211505473386,0.14558918653080977
CYP,2009,97.84721202506478,4141.113404875301,405.11219227757135,7506.641940111982,685.4835397682683,-0.1832822169446471,-0.44824559953165216,230.091233607054,692.1730433034597,1447.7117658969707,-0.10482258113469033,-0.3191808069682365,0.02305420300343771
CZE,2009,2653.6599241763397,55757.65582413765,2452.227455474983,51711.995938198976,8753.09151355203,0.0010949030986348689,0.023012722806506444,5577.324179573063,4519.385429038098,18003.637127311507,0.03912359951184197,0.05876250132425034,0.04880630800398787
DEU,2009,11003.726426929366,706552.3153721644,32284.316317232922,532125.4383427317,52783.9307674069,-0.6036525745706041,-0.4031641747954839,39350.52534334868,49990.11581628396,159638.30823295788,-0.16929513871031046,-0.0666481033951392,0.016043371916995734
DNK,2009,821.2762465960395,61802.35509722199,2940.6144793685125,56650.12271823973,3986.916422040308,-0.5986536634237154,-0.5315732783001004,6053.155086496898,4799.96461908805,15852.185607111896,0.05151604097609563,0.07905474352045298,0.10968649886505227
ESP,2009,4212.701129577439,166757.7743734687,11288.228051616994,201063.58172936115,33590.32451803204,-0.15330338396877544,-0.21064181497387005,17129.79627998174,17912.08417554856,101436.36315879076,0.02241703112875226,-0.007712105118972071,0.0691147019230083
EST,2009,277.48779041884427,4364.515550651396,276.0570234338748,5209.7558537630375,1064.284595310658,0.04342707088963025,0.0013443462315188676,537.716845571865,497.5321239009918,1716.9008909139457,0.07042062976531994,0.023405382269609,0.06549766725721881
FIN,2009,723.69721879304,44563.468632789925,2559.4467515324,45870.143512638664,3979.8859856980785,-0.4429373444688023,-0.46125681472690894,3280.3461932284854,3848.7943167746716,13727.430883527064,-0.03342284980987553,-0.041409651111653005,0.05472101247059681
FRA,2009,4787.405823159932,312289.85451717634,19895.070506392745,371806.5098889783,37873.73305928408,-0.31480857172539173,-0.3988955791493977,25072.96966487225,31538.14511452528,139289.57583871996,-0.010171112292538129,-0.046415357435928305,0.03597959374274782
GBR,2009,6560.94474438139,308630.3996449072,24036.13948534763,375256.784859141,47596.65459036954,-0.2774902470983745,-0.3671517439904711,18467.585496716827,34625.741333357204,130606.41708087262,-0.07664552668418635,-0.123716400754146,0.06813457957005717
GRC,2009,562.3352292032994,16506.50629064242,3080.6003767299244,61630.31136457638,9982.986459871589,-0.026319275274475553,-0.25225569098478146,1430.486169125,5289.453409129261,20248.69574262087,0.0006818569148996402,-0.19057855819728858,0.07989814950615587
HRV,2009,572.0883658628668,8966.131318712318,774.5625433697269,14340.90931123501,3410.056192261951,0.025753634713476622,-0.05937561321315218,572.0883658628668,1308.9829379249622,3410.056192261951,-0.07222917606510511,-0.2160945540235512,0.0998574076703939
HUN,2009,2321.3385563604497,34690.881525046294,1547.9637146060163,34787.508836027555,7861.526875160396,0.09892156397102339,0.09837463561919764,5282.5649946445155,2848.0374917327854,14626.09262256572,0.16699185488879542,0.16645098357681967,0.05678047458577981
IDN,2009,15922.029589995835,78276.28943407438,6333.9507325962695,56450.222144899104,162810.54395780555,0.04384914367697294,0.058891019121491535,10620.415114051517,6642.258287190012,108719.92638081133,0.012968883256463403,0.03659087123483957,0.40863152010084225
IND,2009,48954.78225876912,82435.66136545426,10701.196900986632,135081.68591132446,1084735.1051927158,0.03911020603297062,0.03526537048046057,20456.95824467863,10998.74345807128,441897.871522715,0.031104035564109206,0.021403621506516278,0.20187860601647883
IRL,2009,1071.817193556141,81391.4214084646,2278.8998749577795,62758.91525422499,3502.1822837691975,-0.5378548405801595,-0.3446658636233305,7102.192147080791,4424.236245152833,15789.787620149662,0.08641304137634588,0.1696005016882282,0.014754359996671119
ITA,2009,5606.215317931273,257440.0923755266,15559.283269042486,274973.53054204135,40818.253992596445,-0.21953276946012557,-0.24383865005388244,21195.052932822826,24785.911895000238,130618.92136502774,-0.01539139746849872,-0.027491108674388715,0.031218557090728283
JPN,2009,7208.2149705630145,324249.6783169437,41031.403818749306,303580.26001802017,108862.47200908116,-0.3363586406414196,-0.31069649828790225,13128.3380723691,42578.6172134698,206190.36068554697,-0.15689029355080653,-0.14283053312086783,0.010485886721641892
KOR,2009,7647.078452714678,166745.5272582135,13095.025841157703,130215.40213668002,48314.738145457944,-0.18879488173484635,-0.11275953461739263,15054.982798488807,13381.11349717555,85936.81110512449,-0.024204022489129368,0.01947790800924243,0.017901420839620905
LTU,2009,469.80578178978885,6803.027784301366,603.4280031016503,9824.007542854844,2441.3814631963605,0.02127396947486281,-0.05473221752774251,1334.801633169643,1182.9447690694637,4656.333953462246,0.11073606806230696,0.03261296668536096,0.05773835697195035
LUX,2009,202.40736932778606,19837.390567363236,518.9803823257354,15578.169142673416,534.8898069866261,-0.8571246639892938,-0.5918471596634194,1212.204224518939,1096.897188781195,2564.045681005523,-0.0719937314609092,0.044970741586992734,0.0049648771241290555
LVA,2009,317.16487072797304,4183.51141200722,351.4548816724561,5972.316803326509,1750.4932183510641,0.04054651834851776,-0.019588771087490246,628.0149408676339,712.7224364662418,2602.1538325882484,0.04948377364843854,-0.03255283932016928,0.10659623679787611
MEX,2009,10238.51091358536,130444.88879824916,6013.989121063953,121963.06018094029,77833.21985837088,0.048903070981859524,0.05427659038401023,14869.68185045102,11865.790876615692,93244.28492866617,0.02336543777323014,0.03221528242865894,0.27434039767112545
MLT,2009,115.00424490109924,2744.886376812173,174.5095307152191,3634.2015436476972,346.39679838720616,-0.04850377625577146,-0.1717835906427871,432.0852821326447,300.2020748971133,912.4914025476103,0.22503752492096138,0.1445309039266814,0.00800607943133575
NLD,2009,2998.8132185664344,209057.2206848407,9609.730448951377,166014.65565345035,11903.640320452616,-0.7646760680122533,-0.5553693704123592,19844.842647684327,14255.326152711421,47689.84621037594,0.039705365695742914,0.11720558859249976,0.1259998139054744
NOR,2009,618.3664824965031,99208.96619406526,2719.6851666024004,59836.64677792136,3618.7989312738605,-1.0751806808077196,-0.5806674324860066,618.3664824965031,4845.126026030144,3618.7989312738605,-2.0489772677474143,-1.1680006609391174,0.5906302075188538
POL,2009,7562.217282118167,91129.1242928804,4809.80768461964,95641.01663401014,32228.95749134673,0.0924421353944822,0.08540175704527617,11854.337953477741,8310.264752706358,51962.453903986294,0.07574916163369981,0.06820450025935938,0.06891874229537642
PRT,2009,1148.6259174031086,24520.724609580844,2061.5178129039286,51062.26339577696,9287.53497161034,0.017083090603751506,-0.09829216237584043,2346.9224830951057,4844.809233695742,16413.0060914685,0.0012420466868834723,-0.15218947319461731,0.0546393525588924
ROU,2009,0.0,22792.75188489724,1932.784681653053,35573.79614922764,17592.82056468527,-0.07039058144404574,-0.1098621266866556,0.0,3509.877472665613,17592.82056468527,-0.12782712862096218,-0.1995062394776607,0.06434001523158503
RUS,2009,13067.438261324987,192561.2086409132,18588.607828975488,153390.8478882754,134351.52669689513,-0.07642647714479071,-0.04109495220033175,16686.256202214718,21910.251002853234,138407.20009216553,-0.07816836242579193,-0.03774366360391549,0.3509035752624615
SVK,2009,1004.7339073182593,20747.014471478524,1142.8757283836503,22087.736728538388,3720.762792728472,-0.018482618258839678,-0.03712728511889097,2208.9467179441212,2234.0557842911044,8108.764334446894,0.013626956601168512,-0.0030965342327581454,0.057485645530460205
SVN,2009,399.07518005963317,10871.319836625058,655.8422870384335,12689.976915184203,1594.9856397517383,-0.1020544796255833,-0.16098396159777745,806.5559152084659,1198.089845977955,3631.487569857726,-0.060534515859131506,-0.10781640394953318,0.025624429407433553
SWE,2009,1587.0563854901948,93886.32113689199,3773.6205622342986,82537.32125671244,7133.26459296264,-0.3792712822095876,-0.3065306422113194,6101.459259533241,6594.497757048314,21411.299151301064,-0.06537629378077775,-0.023027023910649255,0.04124043436658497
TUR,2009,5661.871072977359,77374.95586783209,4855.911338610305,72450.47669781034,40617.937004550324,0.011716549812221694,0.019842458623065082,11063.062412287412,6646.506325220906,72949.64736799846,0.054349696479030915,0.060542528256332065,0.10074118760222653
TWN,2009,7728.661518289617,94402.61051697897,4779.71653770232,61762.2766003733,40087.45943867815,0.01055054249339918,0.07356278052736923,7728.661518289617,6017.291024153742,40087.45943867815,-0.036636582978815,0.04269091925752394,0.011455432519820197
USA,2009,11035.27943680136,725492.3948053273,101462.47639666035,1017783.6799825808,260237.65939563158,-0.23551083124646144,-0.34747928939210604,53115.01945974179,100805.15955603009,749414.3385561383,-0.025006862826412898,-0.06363654609033859,0.0690184120330616
AUS,2010,1938.515512040452,167561.10946037044,13014.254234483666,140597.0006459683,19481.323398009965,-0.6966493308389293,-0.5685311257434703,11040.390770579907,12097.20443789421,71816.42082513543,-0.04702060185660636,-0.014715487839299608,0.48475349217717545
AUT,2010,1592.5169183524495,91514.08247344402,3277.2543193823312,86421.7264717121,6497.796868587548,-0.2889976360418146,-0.2592782500133926,6562.884485596365,6753.840309133792,21257.753400869777,-0.02770388742563892,-0.00898287885537396,0.03566342643457005
BEL,2010,1921.9303370050131,135157.39490812528,5564.580702148494,126773.43360987154,6370.069573229849,-0.6296093153598421,-0.5718383956827853,9454.360991192756,9792.268062449306,25556.78760607841,-0.03856131321685216,-0.013221813181879802,0.01921315812454791
BGR,2010,1437.9135490745884,8789.959178647297,656.8457030280615,14894.699318770145,6105.093118783322,0.172033832592906,0.12793708971341378,1946.1186606121469,1182.7756036464748,8001.146304004615,0.15599206831395482,0.09540421184194757,0.13488335274686383
BRA,2010,12758.964237526383,114977.76760281147,10409.729563084016,141921.52431328176,211757.90664647834,0.02042671569272171,0.011093964384358612,15744.635932993973,10528.884041700898,161958.55034979037,0.044546318772766186,0.03220423917124686,0.33745909231168586
CAN,2010,4997.81810518563,283672.3863532364,16393.04168139212,296576.25741051213,29309.432020389893,-0.3644550762454916,-0.3887903241618294,20940.82855995135,24031.12561834442,91666.83169106752,-0.02230595149570863,-0.03371227085504476,0.27012311606300743
CHE,2010,1788.6540968971794,146264.68867076724,4370.964745366802,121206.80609550024,7890.128958433698,-0.4418114129806346,-0.32728370627065745,1788.6540968971794,8836.323833910106,7890.128958433698,-1.1247549057209218,-0.8932261784491782,0.009381419074702715
CHN,2010,236747.39430502563,824479.0610470886,27863.170045646933,638728.7691926067,1917715.2477600002,0.10469816473268721,0.10892348303710224,148340.98308787658,45598.352382254416,1220339.2984259208,0.07332555894733159,0.0841918561814299,0.1462722144524348
CYP,2010,90.31971037801054,3891.756305557792,391.6933259097737,7651.766051581247,654.2191142876708,-0.16645646452634721,-0.46066158715021016,206.88920692974804,662.63553594879,1429.7856931143003,-0.09101582423008385,-0.31875149626539767,0.020606996391678595
CZE,2010,2732.742314563166,58378.14974358776,2508.553447788158,55571.24315913455,8772.628917647851,0.011112027357338584,0.0255554941260548,5592.618797401819,4542.892834708257,17837.58748095184,0.04598515318738241,0.058849099622610354,0.047386209950382584
DEU,2010,11588.788366380471,754603.0873097957,32175.297334570343,574148.771526598,53743.08770746734,-0.5712207874581989,-0.38305407907051603,40280.280859456514,50172.145990277175,160214.2865565855,-0.1601662059542282,-0.061741467277495195,0.014472678238422871
DNK,2010,796.9681438714946,65094.60663205333,2690.9270864011914,57001.51002397861,3872.7118564325756,-0.5877064711633497,-0.4890523779567618,6023.932754688665,4543.850779236351,15687.094917352566,0.05322491355897595,0.09435029132226992,0.12744330761136466
ESP,2010,4413.540183599769,171059.21031034776,11035.802829806242,196058.16416859004,32842.84784196648,-0.15878986021690558,-0.20163484841727297,18565.56572746384,17076.578657654958,99611.29212384147,0.03680691940864919,0.014947974652890784,0.07532115865504334
EST,2010,296.0958372653378,5118.401991583751,292.7655646297183,5660.638511492538,1031.0766193100694,0.030428864482580233,0.0032298983152657594,645.1250714688824,502.4184353921092,1793.7850867670375,0.106386016145821,0.0795561503602281,0.07586275448982444
FIN,2010,717.8577373439331,44634.25665267542,2425.648985659247,47556.45125835174,3974.0022349396986,-0.39223499192358097,-0.4297408877378822,3144.578739836229,3611.9198450707227,13683.737401625565,-0.01793369492153798,-0.034153030821753104,0.05647573479632469
FRA,2010,4952.761239007225,324898.4827120955,19822.693381051864,389315.1005357498,38048.974568817364,-0.3046085174655464,-0.3908103256541146,25564.202837286844,30932.23781771549,138804.63991733768,-0.0018006883937259702,-0.03867331080305003,0.03988796408555275
GBR,2010,7044.695280036051,337930.2276806416,25085.53184092278,417242.6583074319,47795.129925214685,-0.2776935968429167,-0.377461816488737,19314.054201865118,34551.825493173776,128622.45164667648,-0.06740593280059308,-0.11846898497290766,0.07408618791089369
GRC,2010,593.9703855340504,16991.01720578731,2747.198335408277,55730.72360926403,9297.616177506006,-0.026198894957714297,-0.23158924919740115,1508.430719070595,4679.812304711693,18592.944039040165,0.004392175153185332,-0.1705690921772288,0.07506449037773565
HRV,2010,585.0959054875817,8968.707764494997,694.2168460039718,12880.928467322214,3294.413844941396,0.030878923527385783,-0.03312302146979692,585.0959054875817,1134.4308005035932,3294.413844941396,-0.06216078810529092,-0.1667473853837521,0.10641849165900567
HUN,2010,2140.4413740159807,36981.9749087287,1424.2861156035358,35170.14176128729,7012.816958624742,0.09165808970298935,0.10212091127398933,5145.335224170829,2680.677738682977,13525.63007679691,0.17201114170969214,0.18222126965574406,0.057673996362421
IDN,2010,16307.92932961713,102735.34464099095,8143.029991948326,75708.25117498953,169976.61319531704,0.03093318802640974,0.04803542784022098,10601.042103177231,7966.420426762077,111072.0669468367,-0.0018844635819488095,0.02371993021140215,0.4259241376957333
IND,2010,54393.57482314509,113457.17224135183,12224.865847002271,169635.4561720949,1096986.716367358,0.04213107144312429,0.038440491891992425,23527.360006396928,12350.28747195797,471566.6329082482,0.032375329747933834,0.02370200042676399,0.21147513054749947
IRL,2010,1081.040000469147,81407.17651286346,2022.0364037804802,61708.785360123584,3330.611463896941,-0.4763273852036518,-0.2825296236176201,5321.901729353622,3929.3091747590747,12278.495067449658,0.011263332642793764,0.11341720194084011,0.028536738835688653
ITA,2010,5975.113459189426,275320.7800071999,16570.780662218982,300538.6701917792,40514.52762665372,-0.2272081302441844,-0.2615276006836341,23745.119919433055,25842.12527734921,130670.64347061004,0.0005462646257298142,-0.016048021975095,0.03680073780368064
JPN,2010,8308.789339474266,417932.5204029331,42357.518913390406,360762.68699940754,109633.8125781059,-0.3717931327882118,-0.3105677780717419,15315.861409157382,43596.77593072848,212027.41835318555,-0.1659675344336225,-0.13338328948788145,0.009446803357678094
KOR,2010,7872.997086875777,212426.78562944883,14840.638511926947,171172.40690112946,48435.65889523666,-0.21769898649263283,-0.14385354889301183,16171.54265032028,15233.475200533132,89556.51208538232,-0.030521095024889384,0.010474586693291531,0.014405444929177415
LTU,2010,525.4977453434207,8420.84377650502,611.302699515825,11393.137484097442,2340.9329481561895,0.03147227444208164,-0.03665416997098857,1436.2961378006955,1208.8709932692282,4275.586791661511,0.12695355123244056,0.053191563079716835,0.06512667581704869
LUX,2010,207.4620034727828,20714.450563714683,508.4922943452485,16635.302409541076,546.0195854748886,-0.7796750710188999,-0.5513177528433365,1331.0721743007402,1132.6932271767541,2763.1067653560604,-0.028724602623611307,0.0717956141294535,0.0066089005298635844
LVA,2010,352.2366788565305,4698.849368538234,359.6390177449308,6488.1923584643155,1610.913462841863,0.056974217242076554,-0.004595118893190963,759.3745836139954,709.4226635034001,2547.469225737904,0.09640929263916229,0.019608448889554715,0.12202904414712558
MEX,2010,10778.518252800466,166529.01553112763,7262.019724570182,152415.4467882432,79252.70428822232,0.035885719857120205,0.04437070709210952,15664.376828848588,13527.719986171734,96419.67669072535,0.009168242650258033,0.022159966886534682,0.29799976634378134
MLT,2010,120.80132749817726,2939.7441250057723,177.04142442178008,3796.180855777492,350.0826635875551,-0.046556709119915274,-0.16064804908437652,475.57562091829027,300.21670327115027,955.150748694391,0.25450354912228046,0.18359292277877662,0.012320335039462381
NLD,2010,3153.3730853298143,222062.1329496738,9432.252292612393,167365.17333858492,11799.266902264584,-0.7933927785653017,-0.5321414677108032,19951.797816720045,13734.298436052915,47290.892943548795,0.03656020641751504,0.13147350353669507,0.1283794945139232
NOR,2010,548.0629776637211,105168.34247033953,2831.925555214819,64737.33038179052,3612.9403174922227,-1.1216658034488174,-0.6321340450861223,548.0629776637211,4859.413145737915,3612.9403174922227,-2.0333148042559706,-1.1933078847720198,0.6332363410857542
POL,2010,7675.710618350604,104137.6329453706,5160.789061484472,111181.42180146454,31410.39658623675,0.09047571966927073,0.08006653306530066,12694.599688040726,8900.458178916146,51889.630995722895,0.0839863598519366,0.07311945443276172,0.07577540461254412
PRT,2010,1205.5443617222395,25790.650123614334,2148.698104114706,52742.254891442586,9196.015297900823,0.016838132132567657,-0.1025611323860847,2473.0321291785986,4963.517878631717,16390.846129628793,0.002800422682988532,-0.15194369648502834,0.054040795529427275
ROU,2010,0.0,27472.034289702056,1968.9569864919329,39026.10416795123,17407.229096265943,-0.07962367237330928,-0.11311145361522802,0.0,3624.5827127596717,17407.229096265943,-0.14657637946928256,-0.20822284194198304,0.07382296212324244
RUS,2010,13788.323690859992,255300.40959502338,23241.63992618445,197463.4167013899,135336.0870796301,-0.12015115845180427,-0.06985066909583577,16595.098201342098,25919.863322750745,130977.9918888562,-0.1291567182410056,-0.07119337368770587,0.3637002586801438
SVK,2010,1080.2654462578776,23873.457964913414,1218.2366486532785,25526.037847409036,3733.6644946007827,-0.015829329942623732,-0.03695329416848241,2389.8475240257662,2351.6954464437863,8100.997696827139,0.023503656799490357,0.004709552947647756,0.045936962126744946
SVN,2010,423.9185336027483,11206.176051386647,626.2917805990842,13095.908675017368,1578.7538220954668,-0.07094182523289266,-0.12818543598376061,886.7332457303617,1158.9832982381877,3544.5937643420216,-0.029625223337124484,-0.07680712392111412,0.02873140925042391
SWE,2010,1654.0585134841065,111195.031107646,4238.43248800069,96018.85383524196,7321.501540796116,-0.44448201698236556,-0.3529841467786629,5944.681603722401,7262.183636326355,21671.285634358734,-0.11375975824544286,-0.060794825689303854,0.04701324980039932
TUR,2010,5309.037925670033,80881.20332580918,6189.610603821022,97679.8894287883,43006.311701358485,0.004276057517275296,-0.020475428915313697,10377.91374372593,8164.368459045965,77266.53241035479,0.04682011832905086,0.028648176844847245,0.10253169415618729
TWN,2010,8583.079011857384,117931.25607014864,5790.128848507125,85612.01185266266,41586.89031395702,0.01459903630606911,0.06715938946781298,8583.079011857384,7001.888692315968,41586.89031395702,-0.025538834499144125,0.03802136460803734,0.00880664025038487
USA,2010,11766.84789619158,820569.1402363931,109480.3817714859,1211325.244785145,260971.16882806685,-0.23909436959910854,-0.3744227161724137,57566.221043388985,107104.78599443268,759948.1865750115,-0.019722530391573245,-0.06518676644825962,0.08308584479857739
AUS,2011,2100.2879357460656,198080.0963033858,14806.746770335674,174195.0023495679,20027.95544618696,-0.7358072762597779,-0.6344361444547121,11870.117701413303,13952.459037881483,72115.78816369326,-0.05540340872954311,-0.02887497161844147,0.48417390734744026
AUT,2011,1641.141758975623,102568.55152526812,3487.69157087756,100295.06851903231,6597.916680463949,-0.2918510042956856,-0.279868616311792,6970.030275477973,7164.114965002719,21910.281970544627,-0.016270007274385295,-0.00885815571819962,0.04145201136270846
BEL,2011,1976.1730486644615,147819.52592641237,5809.790862664495,143073.54330820916,6509.267898557377,-0.6185546683097417,-0.5889476164976499,9700.277469758363,10253.028569511538,26227.711773814008,-0.034042648320884106,-0.021075079081242887,0.01671491370110703
BGR,2011,1632.280562520173,12253.881765666618,679.2794309037608,16708.731110997443,5941.915360947792,0.1908659449964108,0.1603861842058281,2222.7620509120634,1240.3712603814467,7821.027077401013,0.16789305894426082,0.12560892333044735,0.14060312661967336
BRA,2011,13182.875016149608,150008.14615062976,11534.834232774889,172014.81866896438,214605.69525026839,0.01455575022453554,0.007679389782516307,17213.415185305843,11910.216247681139,165798.0634393399,0.041176171259326766,0.03198589191944918,0.394536966873492
CAN,2011,5142.983906779721,329144.0903079198,16872.223666358845,327902.3821218713,29536.52608338204,-0.3992728138025246,-0.397109657597082,21760.035380209207,24542.412816433116,92636.43086548605,-0.031038708804726867,-0.030035455924074805,0.3025240704902825
CHE,2011,1749.2752777443498,167979.2285809461,4782.724032633375,142999.99631241767,8045.4975384031095,-0.4808770039891576,-0.37703681349843676,1749.2752777443498,9648.462259639346,8045.4975384031095,-1.1912973492894583,-0.9818146042790098,0.009325259923009874
CHN,2011,239906.2359922242,976624.3031102738,31159.318461639312,776767.4428892063,2019080.3136504001,0.09941647207548324,0.1033871293377035,151589.91042149262,51521.898287944285,1298765.6293603044,0.06684176429065525,0.07704855277301721,0.1516572437091041
CYP,2011,86.19364344537087,4109.372012404212,385.0022971696703,7680.3107308578765,648.9118771785252,-0.18462125668631207,-0.4604764749006017,201.7259974319138,642.1765614728881,1440.170934194307,-0.09851080000021029,-0.30583214365965605,0.021222703963988235
CZE,2011,2893.964011084682,67969.98661672117,2607.583527799815,62123.52107701478,8794.114976334551,0.004659925114380844,0.032565014678058335,5916.832372563931,4764.54003247674,18358.49392549301,0.03834191803059742,0.0627661694234674,0.05317701505202311
DEU,2011,12336.365604282657,865953.2720321377,33709.293000919366,665865.098525611,54658.32815531048,-0.5763504647329384,-0.39102782902371236,43051.606837665575,53083.13441072617,165465.36004052043,-0.1570278369292553,-0.06062614900547157,0.015750820613076394
DNK,2011,825.3291766397249,72007.2206129078,2693.2053354840455,63336.18163227481,3917.698340489995,-0.5708937237760209,-0.47677896471495584,6038.736490056181,4611.176224040369,15601.292731017145,0.05103854335035384,0.09150269087494652,0.14593222836583278
ESP,2011,4525.834190089012,189008.28192935098,10756.022790549496,209619.76419158583,32027.73619750149,-0.1615028570292378,-0.1945247882036229,19275.765013830383,16971.23581203266,99668.10537141546,0.039865070771502496,0.023122032802869508,0.07124946840787054
EST,2011,355.9401555187252,6650.070425278591,333.46964642837725,7072.269617760663,1127.4803408679225,0.03758639849442635,0.019929845582097143,765.656601840209,574.2237304266692,1943.812547258798,0.11611859686493343,0.09848319565767905,0.08705918948835863
FIN,2011,721.1904499230441,47078.575671631304,2436.7635275506373,55553.330498397794,4028.1959063541963,-0.33360856775607883,-0.42589117250265734,3195.8067620752,3815.3064599281875,13835.58697203097,-0.002708105113698683,-0.044775816096947946,0.05764407400584898
FRA,2011,5253.227732829708,367316.74877455627,20161.933129699002,443855.889287999,38433.57293362385,-0.2974470525150802,-0.38790838995419863,27071.47622880202,32289.40641574021,139780.5998514013,0.0025046462589451333,-0.037329430496687625,0.04219083273343653
GBR,2011,7483.252654942324,377914.6051852849,23654.64409260914,449200.65622108,48075.43046218085,-0.25829221959235366,-0.3363753851437326,22135.505240074508,33487.607970130666,134466.41140545506,-0.04490173658816044,-0.08442333376345035,0.07684520012333385
GRC,2011,558.6565545757738,17487.964747391492,2563.5880357948163,53407.07952326865,8652.106004099442,-0.032452392770782615,-0.23172756786256302,1293.3223130248523,4264.880205091843,16821.52178072683,-0.0061348825913524665,-0.17665214424723671,0.058625939003411565
HRV,2011,620.4850335612459,10147.99295902335,678.5685444006958,14213.672475854914,3167.1101756106664,0.04294585874847249,-0.01833959275769449,620.4850335612459,1144.1887042889773,3167.1101756106664,-0.06201864513526666,-0.1653569474029281,0.11532308530481797
HUN,2011,2220.4545574773383,41978.47006919903,1423.2209807197355,39039.30414877247,6995.249483014011,0.09865023918119764,0.1139678547124673,5193.802150308645,2747.650732439494,13734.024725720792,0.16304674766428595,0.17810885495844855,0.06824025767118237
IDN,2011,17949.066053167997,132640.01005207706,9038.503482821125,92543.38363518548,173429.4093572879,0.02879797349780138,0.051378613369949935,11606.525658784858,8735.360113303217,114183.80764739167,-0.00800146202901887,0.025145120001147794,0.4567153586952762
IND,2011,58391.784694841364,125840.3058820989,12968.255636388529,186815.05368417315,1116767.3687955253,0.04446427435736432,0.04067411918333877,25444.462160066687,12856.706304073103,481360.0788561024,0.03486801153389539,0.02615039428676129,0.20611260445871535
IRL,2011,1020.0417193713672,89882.4832879332,2108.197988641341,63540.38855695136,3276.5190931829384,-0.5988541572449896,-0.3321074098222014,5178.7413457410985,4253.172508639264,12240.121234575448,-0.06843717522090059,0.07561762006795496,0.031103177123155693
ITA,2011,6274.676183090899,309738.63477463945,16337.282057407741,327861.91037529684,40619.55157553804,-0.22549552982974344,-0.2477281379043278,24768.134152316466,25959.746473967807,130284.6389340799,0.0018679774170653046,-0.0091462226967084,0.039253031943996895
JPN,2011,8455.788959965974,447802.9389947477,44820.0029836849,437144.6726722307,108990.36346715843,-0.3436725426255102,-0.3336461395935833,15803.725530102442,46623.91812009334,212511.4876169744,-0.15037754670524742,-0.14502836028111793,0.010027627036304053
KOR,2011,8375.222652160075,245258.41225052817,16392.923324526575,208853.34721359488,49623.62749018964,-0.21915242754914468,-0.1615702252712493,18079.00210084398,17210.61872992508,92390.03324698025,-0.023071603746190907,0.009399102266772713,0.014217889806947522
LTU,2011,559.5457884432852,10926.711749097572,677.1473860109417,14250.893801077855,2319.568680193846,0.01739577022422712,-0.0506997695613947,1571.0546696715123,1365.8280675708907,4371.230704194292,0.11983385727888224,0.046949387023590916,0.074999334979419
LUX,2011,212.99095800757075,22799.960208879304,560.3107859131098,19548.21903378918,561.7990967703439,-0.7841317622350245,-0.6182278147156205,1399.935072409342,1237.7469081868378,2925.459171003684,-0.014939323769256446,0.0554402419387927,0.007036233662434074
LVA,2011,389.536939693566,6000.360893634224,429.1317849591559,8563.950357145106,1645.5466551466686,0.05400290372624544,-0.02406181869213593,806.4172604521139,819.4981583268564,2620.7555314751585,0.08861303189545708,-0.0049912697760785,0.09923124798056278
MEX,2011,11019.239355139234,199028.60363599897,8094.563533555355,180445.37537240825,80303.23747409022,0.026039478766583846,0.03642039740337397,16031.785711257657,14803.308076808811,96899.81660807887,-0.003055176836655033,0.012677811759103198,0.35180261876381236
MLT,2011,122.51091361976535,3320.756685880864,176.70036558714918,4043.987928851391,343.93768732530486,-0.06567516540552612,-0.15755601658195165,540.9102130050999,302.24327066198504,1031.992334937897,0.2836459641527717,0.2312681347167925,0.008915118743670961
NLD,2011,3277.801765665782,246354.51127935527,9218.040874371534,183569.04051440838,11925.129906324099,-0.7625118680049886,-0.49812783218030543,20326.74685034471,13705.845348571027,47713.989919041866,0.040515153193480986,0.13876226894895222,0.12672251360205156
NOR,2011,565.1949835522752,132478.47504219282,2957.8256573004396,76173.60850278706,3685.3777590454147,-1.2424647409589462,-0.6492226388124465,565.1949835522752,5231.971870208102,3685.3777590454147,-2.3156560915068254,-1.2662953954181928,0.6684022451261833
POL,2011,7922.414857329364,119734.72745494748,5343.352641779931,127711.53680019677,31414.157074426304,0.09272271055994225,0.08209872413380784,13490.587629825226,9494.03915288197,53909.81582814262,0.08513370216236837,0.07413396643171118,0.0817328459132358
PRT,2011,1291.2713348561424,29088.54945025898,1948.4663073148845,51039.18667597136,8913.52607768065,0.020282670234562084,-0.07373007794349191,2662.771768880809,4628.335111721108,15810.758639197162,0.0015789352298694551,-0.12431809173073977,0.05214114085926679
ROU,2011,0.0,32492.79471585811,1971.1746718258478,44439.081444654366,17693.62425975545,-0.0814573548133437,-0.11140593034460043,0.0,3694.185198453436,17693.62425975545,-0.15265950742857862,-0.20878623532522642,0.07476693385619705
RUS,2011,14017.956541256095,328899.29856724734,23920.38123184709,253690.4554077391,134430.08745891412,-0.12641395699318794,-0.07366226473383403,18485.248305304136,27784.2350044654,140967.4376985307,-0.12439664214158848,-0.06596549423738436,0.38483665498253894
SVK,2011,1161.5765977082124,27583.838590890467,1246.235004961157,28535.48515412116,3771.8137486483815,-0.011426064743393876,-0.022445012637032195,2679.5949274746054,2463.2028102983695,8343.953114724944,0.035779072875494713,0.025934004446208966,0.06199501317389327
SVN,2011,437.394773409969,12917.674639601413,678.7574893210926,14669.135910971525,1537.495074628468,-0.10427391087249858,-0.1569843831658767,950.4444369832336,1200.286507877613,3483.6351967295946,-0.030580299472998604,-0.07171878132616441,0.03280054382671776
SWE,2011,1656.975659138597,125489.17919051755,4482.256608736296,112290.87959432833,7452.902959096434,-0.449772474573727,-0.37908462851369623,5919.823476306584,7759.590889549301,22142.72940234594,-0.12427574222660194,-0.08308674959681352,0.044801148550007365
TUR,2011,5866.00557779728,92134.28538177763,7551.913313706101,128850.27231347494,45707.03861422998,0.010195714830058973,-0.036885079126170874,11827.091332762795,10226.189841488782,82030.23977616875,0.055039000021554936,0.01951599185425158,0.1027400051694148
TWN,2011,8221.914766747435,127071.39508283327,5874.633973192991,92850.3293833912,40801.46738063955,0.0044634746011572015,0.05752932294460169,8221.914766747435,6954.882749912698,40801.46738063955,-0.03177019752304963,0.031053589446048906,0.009729938776155658
USA,2011,12866.150173806163,925107.5491913285,107935.2474707762,1362337.5841652204,264895.4915929288,-0.2281210859515632,-0.35889284761050205,59540.42150169863,107797.67673782512,765974.6925299548,-0.017834214852944764,-0.06300110918382504,0.10029156514175522
AUS,2012,1980.325123351365,182502.94696133267,14711.95874765477,175480.61300366337,20052.976540822066,-0.6642591256407259,-0.6348999410828351,11630.49627651455,14496.396357811478,73364.18143937812,-0.04697132493843959,-0.03906402313866287,0.4480757913996101
AUT,2012,1578.4651119216044,93284.017291676,3389.80658098928,94013.10429549875,6618.08289976405,-0.2697235727498361,-0.273695796275422,6781.406322827383,7182.058786613554,22299.50309054264,-0.015469152902252738,-0.017966878551481734,0.03956077473989407
BEL,2012,1962.5661889838075,137233.68910479068,5382.5945839650785,134742.1241556548,6537.069392215423,-0.5384002633253743,-0.5231745587791929,9612.68865467705,10111.369429288294,26439.197478321683,-0.02593322789739064,-0.018861418733307933,0.02013694931754815
BGR,2012,1464.7544960396433,10856.89409517069,759.6024375591404,17260.19815291422,5759.768081974179,0.17135316051226643,0.12242716172676345,1980.8383067986467,1366.049612684867,7636.440699017021,0.146871426672316,0.08050723083502981,0.1393744652437094
BRA,2012,13791.998891715168,143364.1310948512,11638.959067217174,169965.7133024278,217748.76177993335,0.018253469213310974,0.009887724765452176,19213.509067095012,12265.298937210315,171697.01941435345,0.05164836304974836,0.0404678552579687,0.3919574026766618
CAN,2012,5204.057633937018,328298.61553120695,17447.86078711813,339803.3567975344,30157.455185404873,-0.3864076024484113,-0.40599589978356904,22788.02431378864,26452.216681261052,97041.81096395015,-0.028529951775838815,-0.03775890341570002,0.2929435210901854
CHE,2012,1729.811838677264,157680.31582201365,4892.319521251959,135191.78953924944,8089.339836822845,-0.49155090433181425,-0.3909475614040707,1729.811838677264,9747.5054645809,8089.339836822845,-1.191586221057714,-0.9911431325220045,0.009279359575249516
CHN,2012,226066.2228782856,1012374.7763381128,33662.68917020575,773827.1105779186,2056611.1205431998,0.08850790286298697,0.09355367759426561,154527.2525244767,56018.93035209493,1417681.2891488767,0.05730439444319191,0.06948552042435611,0.14357420599636597
CYP,2012,81.62933070463686,3713.7424959450354,346.6344168135191,6849.901092240414,623.6830695672197,-0.17044232233195528,-0.4249034470228158,198.3738526235834,602.4823734203703,1419.4049418205836,-0.09036744744622834,-0.28470277148567746,0.02161148556637139
CZE,2012,2940.8256170320665,62772.68900207131,2367.769681307554,56923.42040432827,8770.942322659905,0.03759590304134508,0.06533573185677108,6180.77694685472,4554.582382517207,18312.045809435676,0.06324690641724101,0.08880463609912886,0.055322714029144265
DEU,2012,12455.030376530625,817767.9134000235,29993.498945961437,596989.0349980595,54707.03360020793,-0.5233455779698661,-0.32058891545097695,43600.04443747327,50335.066541731954,167577.5576009314,-0.15127305799042917,-0.04019047777446096,0.014631510215650612
DNK,2012,802.4658672464805,69067.18519040188,2653.834014566311,61675.954602523525,3853.5320797048976,-0.5629648048591709,-0.48043408203873256,6089.026683583907,4732.30416956939,16162.354406205603,0.0488545403531946,0.08394337111513885,0.1509727190878024
ESP,2012,4393.147388605873,172796.83907407854,9445.681849919421,179797.57560160384,30425.322762603275,-0.153975363647141,-0.16606346301521502,19118.283957732026,15599.575119002797,96118.3215685569,0.04292736090391124,0.036608096992408384,0.07498593073996203
EST,2012,336.71098323316426,6258.691346425212,375.70883730561496,7609.656932182223,1105.1699847350267,0.025066624299881008,-0.03528674738827688,798.4677297237029,651.1037558998228,2077.8403273476624,0.126552750180079,0.07092170263727068,0.08428256380199374
FIN,2012,732.2493189973845,43471.72466707077,2483.3387347930093,52511.99827566618,4031.2415079613174,-0.32832736444515326,-0.4343796848532617,3362.478930409503,3845.5229101123628,14022.346570070606,0.012764424422785043,-0.03444815582677668,0.06380084802003282
FRA,2012,5264.395856638648,344049.91475110163,18653.228137381444,413639.9709378042,38427.7107264551,-0.26675141502128474,-0.3484160785962567,27252.313330774457,31499.228276212336,142481.90483021096,0.0073866182400426665,-0.029806696860901243,0.040421319304883005
GBR,2012,7365.420105304675,363932.11224594864,24213.957492675876,449508.7811523533,49129.72269405776,-0.24911046256806982,-0.3429398022922086,21578.04237116912,35700.038913225566,136981.05973544126,-0.05347810642212585,-0.10309451955862368,0.07291947971927937
GRC,2012,552.6497107813028,15384.521211419866,2125.4416148323603,45006.02152837021,8042.357542783473,-0.021622431727344127,-0.19556353913441052,1326.0621709295497,3780.150904852244,16292.058858506869,0.0020797682495860273,-0.15063097643066126,0.06522373049554214
HRV,2012,568.516163079956,8886.550538970007,617.1207358012346,12430.619365930872,3022.3996048359795,0.04213257437150964,-0.016081451520675503,568.516163079956,1059.7413836828578,3022.3996048359795,-0.06256104946063058,-0.16252821758476896,0.12392650096144724
HUN,2012,2171.4460363473922,36917.33616309642,1295.8581312085132,34456.870478749835,6927.549280151187,0.11303483872056798,0.12639215828425981,5108.431597196013,2548.761790577627,13227.29171113126,0.17975486852202643,0.19351427809400534,0.076537598473727
IDN,2012,18315.514949359065,125745.63017487079,9705.148125950689,101848.00997035031,190651.0066890689,0.03321855298549759,0.045162975915731464,11619.889518922897,9576.500398356933,122648.54112625442,-0.001660364051279175,0.01666052528470354,0.44482267390568364
IND,2012,67316.85853926203,116063.46417898344,11764.761180869904,173669.27365871306,1274604.6628131382,0.046645403729273734,0.043583786392076204,26924.703754468734,12313.734562763428,509891.75092318427,0.036665457815549876,0.02865504132053798,0.2152357071456214
IRL,2012,1033.5567535081368,82121.24785908835,1984.8946277052387,58435.304970573095,3268.5508909901087,-0.537206708747824,-0.2910579966245907,5273.922885149674,4257.999987375478,12210.2038677327,-0.058147966217440145,0.08320277931304038,0.028783080617646475
ITA,2012,6500.305085617787,297255.068256395,13476.699598468866,275747.45071437047,39574.13454226865,-0.20284824327544593,-0.1762867234759026,25828.89738476205,23079.852424100223,127734.3823529642,0.007428490842095801,0.02152157398832119,0.043045877781117216
JPN,2012,8145.941186399829,430516.1875967831,44749.843496382935,452917.77489134256,109076.42908659851,-0.3152885389797143,-0.3355803138817677,15123.178040903926,48777.05312993724,218442.08276367295,-0.14301883648749986,-0.1540631487452104,0.009785337879573698
KOR,2012,8630.44069408232,249896.98261532694,16214.033282228283,203549.1131056089,49515.41748479719,-0.2277170939114919,-0.15315618797871125,19133.470062412358,17383.693834327012,95324.913831691,-0.023167798026229713,0.018355917228258,0.015083465521284478
LTU,2012,597.0000829513639,11515.829477106548,691.5292823140464,13935.563628635731,2359.0554743363473,0.010828954057742528,-0.040070782731074034,1701.6226635825947,1452.206396803339,4588.005697752088,0.1093227756579842,0.054362675901091013,0.08077884678857303
LUX,2012,208.2743463589295,20673.599074526697,532.3094742467835,18684.233061776653,572.3368336795861,-0.6651881944677436,-0.56616158321423,1404.8724097527365,1215.6761808481901,3121.1364940707094,0.019146730925888113,0.06061773628419217,0.007342182503688986
LVA,2012,419.0384655911357,6089.374165477102,452.7851607794853,8768.855147970953,1690.1049960453963,0.06189552294215651,-0.01996721817124499,938.2525219344174,865.6528745273761,2899.117581734853,0.11628207598738026,0.025041981002921977,0.09921520275897715
MEX,2012,11216.473245595418,200382.00442047953,8256.882080135203,183830.4842110011,82882.04335069048,0.026738812308276988,0.03570847249672156,16754.567421511132,15179.582498726471,103323.97354139795,0.0020156302414507717,0.01524317028084121,0.31922251416775244
MLT,2012,122.41017633659874,3232.1862264167576,186.48600624799855,3987.588472373816,348.91366225564104,-0.08239352208598001,-0.1836437974287545,586.9543625924028,317.2427892197935,1139.898773302459,0.28933229583986747,0.23661010932682572,0.005045514871870311
NLD,2012,3226.568512789848,227867.335198325,8177.631791378879,164280.14939020714,11821.411568883124,-0.6865798343932716,-0.4188216652249426,20289.49947092706,12781.27271855234,48332.9449386317,0.0529873866664333,0.155343870767815,0.1354980545840652
NOR,2012,553.4974288561925,130713.80043456366,2879.73492336481,75243.69117967329,3751.5928549518676,-1.1859484388873733,-0.6200666182200795,553.4974288561925,5482.763507636961,3751.5928549518676,-2.391302364279361,-1.3139128549822365,0.6705106502145368
POL,2012,7997.644650855581,115132.4651078773,5002.835939985681,116823.03450401167,31319.401589617275,0.09793308908640264,0.09562151761746022,14002.54051234957,9194.7129710364,54136.397122706345,0.0912673603403735,0.08880952181608386,0.07887322888496368
PRT,2012,1285.4351963426889,26761.0904791859,1796.0007625381318,41845.5208440999,8477.995575097813,0.01614237025660307,-0.06022243839040366,2763.028649046213,4118.144108973265,15280.18857049873,0.008467755303185713,-0.08868447229397133,0.05533694473870433
ROU,2012,0.0,30170.76518997852,1765.3309445996695,40283.0985512646,14453.5589363407,-0.09147760641295186,-0.12213814966783604,0.0,3499.4924911981416,14453.5589363407,-0.1813400471646408,-0.2421197787071902,0.05846246974791783
RUS,2012,13049.204437656981,321244.3078369934,24277.84611554639,265001.8579001846,136550.78557767672,-0.11996437941504334,-0.0822305168760967,17637.59563158269,29615.426553302255,143419.51160434526,-0.12734136558985923,-0.08351604874212014,0.39538931717789255
SVK,2012,1207.929551027348,28632.463257443644,1205.1776643686724,26362.630095312157,3765.412498177784,-0.026826914699615994,0.0007308327201886554,2922.730723085516,2432.424461098647,8620.13600137058,0.03258342183546442,0.05687917938985085,0.057692931003077784
SVN,2012,424.6330908802175,11745.636101969052,640.1378916812075,12731.237576814647,1494.1053227837797,-0.11106839920978683,-0.14423668633980025,916.484926433513,1144.8105617658416,3380.3588501637164,-0.04132667219071808,-0.06754479197416287,0.03037941613151301
SWE,2012,1552.2904493447636,113717.85595711373,4272.813555845668,105840.23981669731,7444.999377169355,-0.4081324285141991,-0.3654161630749884,5941.777606396531,7711.763648215105,22626.56829578374,-0.10359358375455052,-0.07822600487535684,0.0461622810212863
TUR,2012,6354.123489813273,93281.60655078682,7157.613359234049,117693.11402687496,49822.2289733588,0.013670967528794459,-0.01612713613938112,12527.449558053238,9776.095651406997,85566.51484129045,0.05585220569500873,0.03215456316935986,0.10808181190715675
TWN,2012,8270.457735398262,126211.83906493896,6020.658815520688,90630.89397440161,41456.61277732442,-0.002746541670141737,0.0542687588096476,8270.457735398262,7095.627504718271,41456.61277732442,-0.03885640383970907,0.02833878968815778,0.009204442542326252
USA,2012,12811.533138331546,929626.6251119776,113012.80255585215,1399419.035775383,269975.9626809557,-0.2306215343063381,-0.37114885496651984,61482.11251589787,116222.23786318497,801226.2032091435,-0.019624548110985036,-0.06832043825830585,0.09204192797671366
AUS,2013,2102.839487560743,187017.29613579152,13992.658030703522,172170.06722633645,20298.752939957038,-0.6451867798125626,-0.5857413299384658,12953.080508674204,14217.5028046909,76906.68869892691,-0.032383145271175896,-0.016440992550942293,0.4623607780806148
AUT,2013,1606.939377077242,99402.93054496276,3418.35217227733,97729.1054397737,6605.720772612747,-0.2830818364687579,-0.274218795730844,6844.807468792979,7269.975473407994,22517.754665839988,-0.024411060294186604,-0.018881456473988756,0.035003756957437585
BEL,2013,1959.360856157884,143709.0996407139,5621.0198083192145,139140.22217161977,6506.505378419685,-0.5911366129398153,-0.5627689119117708,9532.852734151418,10329.993784615797,26503.069404495247,-0.04287585870309432,-0.030077310604981252,0.018015902901994018
BGR,2013,1602.1635712014995,11767.134618235315,763.4908481487387,17587.186018979824,5754.1321564411655,0.18966047659161953,0.14575138357118755,2203.2127635650313,1367.6165696551457,7814.4261649377195,0.1648458380524375,0.10692994933640726,0.1484569324634625
BRA,2013,14197.4063541508,138024.58955162077,12301.191214128618,181199.82837134763,220932.437650183,0.021849536108944707,0.008582782864255479,21035.20167232566,13281.245160989338,177491.48338904453,0.06151582024246868,0.043686358146775885,0.3864613368023482
CAN,2013,5251.167387724251,330273.7231445735,17259.690596612552,345655.9782140927,30448.511562144256,-0.36916217694766823,-0.3943878565091552,23926.09568824919,26537.285548756234,99284.91161763675,-0.014405384734991056,-0.026299966610870203,0.29684261256407585
CHE,2013,1707.8127071826193,161009.5017580173,4919.150599787714,142446.87421402757,8100.644729348713,-0.47556280994245886,-0.3964299139018388,1707.8127071826193,9994.887304185304,8100.644729348713,-1.183798946846083,-1.023014201200373,0.009713001163418876
CHN,2013,216680.6305394607,1079825.620333184,36959.407175012035,821273.291870251,2080913.2507254002,0.08077496962411493,0.08636651398216545,158465.07439313486,60192.513409929226,1520962.403328308,0.05215304589165838,0.06461209084994915,0.1476402604521997
CYP,2013,81.2403682279899,3619.8004232367975,344.7309712983209,6671.802034169752,584.2621317747196,-0.181073100133447,-0.45098011447356307,219.7708901472339,586.2137780228747,1385.4495137982083,-0.07093773133927324,-0.26449385865460956,0.035410773089565216
CZE,2013,3038.7390851071323,64857.79799428906,2276.466961511328,56038.0856141078,8781.361944372691,0.046004702196492366,0.08680568326696597,6429.9534150498075,4452.453302983276,18581.96980846812,0.06870844084246107,0.10642037052311595,0.051918385430915495
DEU,2013,12606.498202817467,868960.6168585498,32395.5434975492,640655.2681396493,54610.750441010256,-0.573762374709083,-0.362365379250878,44157.156881201794,54995.65748230701,169362.99812864055,-0.179713850281647,-0.06399568217889469,0.013877512928764116
DNK,2013,807.0033997136811,70547.94007387504,2625.28195449665,61976.92116465571,3914.6706118211787,-0.5572214818403759,-0.464478045558237,5816.234530548329,4407.726535533439,16305.390647854416,0.04899895489194929,0.0863829653293361,0.1204474503187146
ESP,2013,4151.502997008773,172878.6340591413,9478.125961528649,179675.82333067508,29371.93152279922,-0.16914320620417958,-0.18135078928620066,20446.230327105965,15357.362725515,99770.34358203966,0.05682892279702285,0.0510058141416188,0.08614463833529147
EST,2013,343.79553835838595,6973.97615495779,386.2380838038007,8274.334242204694,1127.2359916808,0.016196198771596088,-0.037651872153345166,819.7136198405813,696.8445782433031,2163.4208272933843,0.10741418265812148,0.05679387017411557,0.07798614119364518
FIN,2013,730.6714643793788,45924.05827476579,2414.360584804641,53401.679018875206,3986.8327562139953,-0.3375150331957737,-0.4223124528614887,3456.4824364434885,3839.6885443658166,13997.786204115391,0.011033882024770843,-0.02737619380196451,0.06757275971214438
FRA,2013,5306.440875682541,367156.0122882041,19270.764329106998,441913.68090564467,38056.002537056986,-0.281278258977834,-0.3669414158732703,28539.124466759167,32743.983952827046,144770.59772211712,0.009217174806941777,-0.029044982560194867,0.037459928539288014
GBR,2013,7089.785088675158,352393.6765807938,27736.106400486395,460169.7464057077,49988.879413463736,-0.2830682596813973,-0.4130182863481126,20698.19975782017,36835.73911639051,141911.5457943362,-0.05292214802072188,-0.1137154786683636,0.051669649240278816
GRC,2013,625.6759735454866,17181.28108879304,2169.6809350478115,43152.28673350388,7729.315520025502,-0.030816758847621886,-0.1997595980526398,1501.958158539654,3642.331037263094,16071.472953319977,0.003219825158869252,-0.1331783891209107,0.083261974206795
HRV,2013,564.0140746612751,9228.270961363842,598.5926926826,13156.13777653795,2923.0533418527725,0.04931003613794626,-0.011829622650473881,564.0140746612751,1097.613536615908,2923.0533418527725,-0.0704395084616057,-0.1825486570205427,0.1182372978575927
HUN,2013,2180.476085275339,40025.82615044578,1363.5570049561793,36504.069555481794,6974.653781212001,0.09826565596963907,0.11712682893590191,5421.0598141137,2659.490827101638,14201.131474865912,0.17639387990844443,0.19446119429988143,0.07171682756281066
IDN,2013,19906.97033313557,119979.2665720249,10063.519312655908,101382.1093416648,212782.30132989856,0.03758506417511662,0.046260666225328276,11955.703114820793,9985.693357859249,130289.48607949201,0.0010612620808548565,0.015120251190181266,0.4263990340793207
IND,2013,83993.88453134106,128767.90754377343,10620.353158325044,160390.74545130794,1438109.8264418822,0.05247683588567181,0.05102081219662762,31804.900369268977,11588.452778030045,539799.9125482463,0.04168441076456345,0.0374517429908476,0.20527971316234414
IRL,2013,1107.1582577983806,87089.76092754208,2052.851745575841,61591.64907708844,3364.6260043648426,-0.5336540867472296,-0.28106942244119754,5224.79486367899,4390.018396933456,12294.614059258382,-0.07992377180589011,0.06789773657977582,0.0321374452064693
ITA,2013,6468.818723107079,312868.9285383417,13362.33533391671,279985.0330172163,38497.08382413007,-0.2198324006195282,-0.1790659428205509,25893.890145340883,23223.544968134694,126565.50846769454,-0.00045218820251080203,0.021098522097651798,0.03970687010526959
JPN,2013,8776.247449479422,389405.5836529875,41033.52242483021,424378.87629376946,108181.50526846951,-0.26691882439060377,-0.2981773538397276,16562.169735603453,45645.154180305755,224463.02232393183,-0.11280852564469862,-0.12956692885802568,0.010835801135407754
KOR,2013,8985.04622202184,273720.8930929513,16420.784355882482,201630.94888356363,51651.61011893867,-0.25762466678067625,-0.143959464511141,19238.147032350866,17466.56503413729,97116.95780760405,-0.04606106997933216,0.01824173695517947,0.01480762667476725
LTU,2013,617.0077808489955,12418.518507017838,747.5871099095186,15214.383017791168,2372.1406329818037,0.002866901125584405,-0.055047043689135614,1847.6465053170743,1560.480171045033,4812.029414631615,0.11926928289618438,0.05967676203284915,0.0761707425593378
LUX,2013,187.98169016545847,19244.495717126523,576.5986405654893,19336.753337314545,585.2778221090476,-0.6592867950334012,-0.6639871454545301,1308.5238231708033,1269.8101507776278,3415.7201791652365,0.01310765040504554,0.011333970689202283,0.0064653363559911275
LVA,2013,433.8926126068791,6570.802599861014,454.20408105569766,9252.64131730498,1714.4809023765015,0.06493956959894355,-0.011847007698169248,954.5844476495947,905.3465794750759,2994.5034945402126,0.10407358772885592,0.016442748610677092,0.08934117718446702
MEX,2013,11907.501344450167,207566.03823101122,8506.53360809593,191468.49496197677,82579.65361091874,0.032523610578558536,0.041184088182038094,17714.97628146445,15791.724313487386,105241.31118478473,0.005659154160842228,0.018274686492647168,0.28295332668546735
MLT,2013,119.96219878628577,3461.9815151032853,178.8599304268373,4066.5314285255713,350.8306840444549,-0.09208876166843465,-0.16788078785346042,629.31030061572,315.82119563820424,1244.9789176529239,0.2895154140341868,0.2518027418235451,0.008692056147871965
NLD,2013,3642.5695909155097,267244.37658613676,10500.447448134184,189816.6335713319,11761.382227195845,-0.9472607255323986,-0.5830843454233808,20061.5183367789,15798.099959286086,48738.557408597124,-0.044743930307263466,0.08747526812807918,0.12855765388136392
NOR,2013,542.8326639763535,117532.2945091323,3003.30208380252,77850.57686285645,3785.210097901346,-1.0544465736369026,-0.6500218894561064,542.8326639763535,5626.383439254911,3785.210097901346,-2.1006524384203584,-1.3430035965763318,0.6302153069062209
POL,2013,8407.112235193466,128062.7084709206,5174.450137986312,120234.05758672091,31276.04326910263,0.09258666533114156,0.10335904926953075,15153.340812965385,9341.714473407861,55039.14984651719,0.09453944874081902,0.10559077230959948,0.07429570708110882
PRT,2013,1336.3376452627588,29306.598015432224,1767.129769181777,43485.40757810637,8310.859376148552,0.017494759291158214,-0.05183484696604955,2931.941559599201,4288.418703849064,15330.919806712714,0.0027265470236501436,-0.08847982778280028,0.05737691967703254
ROU,2013,0.0,35676.55806604477,1828.6053915208072,42360.62602132635,14325.893689537059,-0.10750257103524156,-0.12764337298247105,0.0,3647.1112718896325,14325.893689537059,-0.21441139810578103,-0.2545817629899981,0.062306419138174564
RUS,2013,11175.10923567908,275171.9069329978,26551.39113966113,278729.84276128816,133217.90953456296,-0.11287790260400765,-0.1154220326508931,14973.295472716043,31482.079311233363,146958.80537230964,-0.10960160415114342,-0.11233613254199702,0.3782350813644167
SVK,2013,1161.907579894958,29895.421095267862,1284.9591024622273,28347.31034145882,3701.2426948828197,-0.05220572178425141,-0.0332460021433869,2919.0079818114536,2575.1284106131734,8955.301907712237,0.022695603625254978,0.038399550874117803,0.05808469330056658
SVN,2013,437.0581679789608,12673.588997879022,666.759408948604,13451.451525866603,1495.0119816391004,-0.12785467761933678,-0.15364508364528523,932.8585078275944,1180.3981662887245,3361.2886260340665,-0.05333677533204051,-0.07364427337297672,0.030463397835766962
SWE,2013,1547.8185040691178,119036.786202869,4526.752199244703,111609.49835801752,7487.873870340874,-0.4380650580902849,-0.39783438486791356,5919.983879198075,8066.195069786878,23066.204620422177,-0.11631705696993616,-0.09304570153204171,0.03797514254703298
TUR,2013,7233.348093764381,98404.10068928615,7959.0013051057795,125769.63032558547,54323.515491329454,0.01852057205931734,-0.013357994319370214,13561.921337947035,10107.977853240145,89246.61579106354,0.06334451278755311,0.03870111436822393,0.11608913960160482
TWN,2013,8401.281444577573,132889.9194861598,5805.670830028485,87606.99613434664,41808.075896143724,-0.009693475453887079,0.062083952894577014,8401.281444577573,6659.150250230734,41808.075896143724,-0.04065954761577277,0.04166972904169285,0.009284841059478303
USA,2013,12829.094379011382,954120.5261139192,112473.07577845448,1425134.1630572309,274801.01149656734,-0.22733210901538312,-0.36260412891779986,60789.948550241694,118639.21996692473,834211.6626360643,-0.02234258317915371,-0.06934603531420602,0.09926143371700452
AUS,2014,1996.3535211289445,163289.62264012374,13202.502512825144,162829.61158332165,20592.777973408258,-0.5459898361923857,-0.5441785953389511,12141.939835631116,13591.856381145499,77829.5321233955,-0.019122753946407462,-0.01862938791942884,0.43645239868698305
AUT,2014,1642.2297666578238,102234.14092842786,3514.6016561229226,99573.71383923196,6656.9594606548935,-0.2953714250712516,-0.2812653284929123,6869.2824520490785,7299.909895110677,22464.25946464014,-0.027851692765790036,-0.01916944752794667,0.03560279152665769
BEL,2014,1991.1653761538573,147905.47773798095,5772.71985315293,142821.99255780576,6531.333284324837,-0.6104456181222674,-0.5789866038646018,9644.33692526375,10594.533847382736,26713.369852012453,-0.04968634824405371,-0.03557008821361426,0.016819163632888767
BGR,2014,1600.7867489834107,12266.945363276658,754.9377577841827,17755.753938602713,5962.960188288478,0.1809875784848413,0.14185051794585404,2211.700943389482,1376.1184204387673,8599.863406956194,0.14662789493716866,0.09716230170293573,0.13904574136943798
BRA,2014,14474.263020180271,130381.528249809,11915.665312155395,178826.0097707474,222764.58751508573,0.025976237305397006,0.011485657287658463,22045.98297562258,13009.119744846786,182577.05736031514,0.0687987387387906,0.04949615993066193,0.37960562614703514
CAN,2014,5420.949073653257,324547.4374792012,16487.464245602452,341583.75525938615,31622.001097274966,-0.3239583467180912,-0.34996251938346984,23953.206334263516,26178.957745477168,100255.14028230897,-0.009177475331056313,-0.022200870747835444,0.3169313299334367
CHE,2014,1773.4489008785642,166832.2672204899,4949.940126174064,144407.67170678987,8210.192468069485,-0.4805187295923366,-0.3868960731005139,1773.4489008785642,9993.211403175308,8210.192468069485,-1.1901761972217844,-1.0011656284873318,0.010516102514275018
CHN,2014,208010.3073039979,1152385.109646639,36577.83767359011,833102.803257936,2079995.7625199999,0.07568005995903489,0.08241962446246061,161734.14000640722,60467.68697851407,1606035.918308707,0.04862439645391252,0.06305366640525412,0.14849858487256154
CYP,2014,87.23653790102966,3645.576439124983,334.9016642899031,6544.624035545947,569.7933639885166,-0.1743000125919363,-0.4346577935819288,221.48098133182964,571.1849694845937,1342.7011072453454,-0.07201030895625789,-0.2604481267392478,0.02680730662174436
CZE,2014,3142.5116939149107,67898.9109633078,2357.8876534052647,57546.002753158835,8846.175028060727,0.040743528764113975,0.0886964182848248,6743.903783191806,4516.764290353564,19163.3819076562,0.07381492453000066,0.11621849961401905,0.04930613474977147
DEU,2014,12800.58682533951,899701.9251259833,32515.92863965633,650027.8282046082,55404.12470298551,-0.5812677403939134,-0.355846102072874,43179.302627240126,55359.36204233648,168692.81469657682,-0.19825061821903842,-0.07220259758546499,0.013296891171540336
DNK,2014,833.8822280292437,72908.59800026532,2691.7611649801943,65151.1771786091,3951.916620339872,-0.5512215422326684,-0.4701209856981166,6188.007700277374,4761.844951819456,16753.76567248222,0.0512827609686744,0.08512490722013422,0.11132452234075225
ESP,2014,4230.478987642471,175594.31398306164,10039.121118331008,194296.96607147602,29690.13676952733,-0.1630944204357444,-0.19564214795568996,20792.488048709816,16395.909956978212,99872.70045742032,0.059824324443675206,0.04402182049343944,0.08177388282764231
EST,2014,339.206279054093,7275.9783398132495,398.26865005290847,8459.392615611123,1148.0280164959506,-0.0029155774024858115,-0.051446802822014415,813.7800937617426,713.4066641124285,2231.5908787665185,0.08970031493317161,0.04497841903028126,0.07586448922888468
FIN,2014,733.5771408097124,47058.970367628455,2298.7124571880067,53323.600603187035,3963.490159268136,-0.32675118130994063,-0.3948881550061168,3365.4395042382866,3852.120046637124,13901.795060965862,-0.002454426610376115,-0.035008467630584086,0.06256622198080647
FRA,2014,5414.528500121764,376936.5425888621,19631.692775236843,446853.9590876849,38131.698985767376,-0.2922889268051489,-0.37284371410834916,28716.462911102484,32973.78285271441,147195.62496683194,0.006127582793532889,-0.028922870109565006,0.03634960439518636
GBR,2014,7251.815266067648,385309.2373463146,25631.49579065035,494768.4407277476,51360.17608169991,-0.24745130885938665,-0.35785859642197665,21622.575942729327,38018.852957111565,150642.87735971046,-0.0530077811145803,-0.10884203290428807,0.0479926860688604
GRC,2014,626.3379324593527,16745.244466013093,2196.546886437536,42793.62219571443,7625.096110788407,-0.030580073860708355,-0.2059264475049128,1542.4773381091702,3683.3832402020607,16221.255187993313,0.006236315195632908,-0.13198151914147505,0.0893485516455129
HRV,2014,598.0549209949927,9366.3272453894,545.7568688630033,13063.288671767026,2966.9353653050584,0.06968448585901525,0.01762696037923702,598.0549209949927,1098.6990098232245,2966.9353653050584,-0.06394072630841441,-0.16874115111596166,0.11415442275733577
HUN,2014,2321.2694453896147,41893.55252155317,1352.2817668586508,36801.857167325754,7336.303264666471,0.10657870141473696,0.1320811917901293,5760.780639124429,2696.471642447343,15220.589216415096,0.17681579205668907,0.20132656844665983,0.0671875499776099
IDN,2014,22143.519330128263,110625.96265427746,9330.93391731555,96479.49101720555,237573.65726838817,0.04817209651284726,0.053931002115854415,12332.081504425903,9726.399702154045,136462.82578024376,0.008643611747999233,0.019094444126988703,0.39386269513056205
IND,2014,80098.47357481104,121169.20902974246,10663.655430946974,155465.0030172338,1557808.8277065645,0.046082185410635045,0.04457210468250287,28850.8061162523,11615.093578691798,557712.23334649,0.035498626369786575,0.030904311411889845,0.1773803975718917
IRL,2014,1073.6634375082317,87092.33050394134,2098.0563775602627,62538.75620906739,3429.0512635407426,-0.5389591862248587,-0.2987394650362478,5806.166176468629,4415.530159847691,13827.589199226357,-0.024802714406525032,0.10056966522398156,0.03443571795759069
ITA,2014,6673.12361519086,320533.00381089735,13614.891455107389,280966.3685774353,38582.424798497224,-0.22961394972055002,-0.17992046576053738,25671.58936377446,23852.233510246653,125043.51876805359,-0.012312484774769662,0.014549781319754571,0.03842975962232013
JPN,2014,8852.134018288436,375732.40973576205,40022.14807041585,432101.2645775742,106612.05298358263,-0.24339658422197108,-0.29236857540795447,16753.690277463036,45921.53656678556,221734.29605962933,-0.10452712979796008,-0.1315441355155931,0.011306984660206342
KOR,2014,9101.256590449248,286149.6155622372,16020.199146615032,209639.8870842813,52079.92829034349,-0.24511632162108843,-0.13285238254540138,18751.09051938664,18100.739900670393,98115.56367622968,-0.0607004311538881,0.006628414436493781,0.014526637404389755
LTU,2014,586.3369788183013,11972.429596193168,709.7553036199581,14263.008803798155,2406.9418532428995,-0.003919749477146847,-0.05127598933699787,1619.9647832288824,1497.0402963835809,4769.423530279401,0.07618171418402737,0.02577344747533889,0.06303770890887439
LUX,2014,216.9668649586547,22523.124778086967,592.1292800248602,20657.221275902535,610.4104418563835,-0.7022285485278879,-0.614606810993042,1619.1561779901551,1346.893798743064,3735.8109927582846,0.040312957402763985,0.07287905618749461,0.006384367399892985
LVA,2014,413.8742818392633,6550.707378987638,440.84018741304067,9075.437970490608,1723.0852462490607,0.055524299991819015,-0.015649780318460014,932.3313857049176,878.7997243234554,3061.07517064632,0.09735412593598415,0.01748786240037334,0.08816951254095981
MEX,2014,12486.904902382612,210674.209490102,9031.835319958844,197598.86797497823,83500.64302189149,0.03422036858714323,0.04137776018704368,18592.635066858635,16306.114010642266,107005.04249632705,0.011284767001933515,0.02136834865791351,0.26515571381800523
MLT,2014,119.95489556678527,3511.6988890283765,162.38915272816212,3998.9296411004443,360.4640106544674,-0.06283211314101354,-0.1177212035241248,644.7937521925745,305.9043102484297,1322.448387598145,0.28444279241469117,0.25625910630784016,0.0065222488026277
NLD,2014,3633.641785576041,267992.44437716564,10265.043103329048,190505.71932047175,11751.395682664903,-0.9196037939189917,-0.5643075509350207,20488.487192409702,15548.021685237978,49425.14162788766,-0.02799327998229475,0.09995855033390769,0.10768713914961395
NOR,2014,545.8992349341331,107128.2942859417,2989.824902827271,78932.20352860876,3830.627170655726,-0.9168076334091821,-0.6379962233377015,545.8992349341331,5657.975950134577,3830.627170655726,-1.862152978574289,-1.3345273469475651,0.5924488396982391
POL,2014,8724.653880751452,136131.49945988867,5631.59425295501,130487.65492747456,31527.742814069567,0.09038015358271374,0.09810596483349049,15810.786676236155,10091.56548707289,56153.86251628131,0.09407618894686078,0.10184911478716228,0.06722348896425685
PRT,2014,1368.9781951268853,29283.789810540522,1882.3499611555055,46306.72864827095,8496.028440775968,0.02102204302503174,-0.0604249114285842,2896.3781458801304,4586.978708487608,15475.945168553722,-0.0002823222114727325,-0.10924053711709225,0.05654241569134347
ROU,2014,0.0,38089.39892593361,1969.3726856726112,44622.82969721954,14814.339315040646,-0.11347302554957091,-0.1329369230575915,0.0,3885.8031661075042,14814.339315040646,-0.22389558114426966,-0.2623001325588878,0.053561127329521376
RUS,2014,11937.687162986702,252823.21578347345,22475.519129357435,255189.24001944152,132151.04946007015,-0.07816394161732902,-0.07974081181666871,16098.452616878087,27970.542923660956,146572.5155332943,-0.07922875102979572,-0.08099806613529871,0.3610353967897401
SVK,2014,1168.2977557140234,30496.54431440796,1257.2379548657843,28113.36107719807,3732.752350901711,-0.052378741271349505,-0.02382697559088694,2930.940923871508,2615.9879281169415,9275.533011663312,0.010047339784359677,0.0339552449825294,0.057820033495296554
SVN,2014,449.5903620654684,13574.510419960374,668.986215752748,13655.29096806372,1528.746046165525,-0.1409248679646683,-0.14351360334672908,975.3089306048205,1184.079756667401,3496.628043413149,-0.05770306931578843,-0.059706329489594166,0.033554521941675484
SWE,2014,1556.432646188561,116364.15782526237,4593.121607417239,116383.34460847174,7614.258833874825,-0.39871664627419784,-0.398816093264239,5992.376994739312,8242.946906255747,23737.037573050697,-0.09475533687642472,-0.09481258579931509,0.03788499222273677
TUR,2014,8614.800589743489,100608.56966431369,7945.523157309668,116844.27267224448,60812.63769634028,0.029160400736925086,0.011005564925102697,14344.518783806714,9820.550659716671,89883.48712610922,0.0655131426989203,0.05033147098245955,0.11676070000817403
TWN,2014,8497.22925048738,139778.48838397735,6278.312873458253,88777.87823089532,41977.78837914406,-0.03306065229460051,0.05285929684974917,8497.22925048738,7455.578514432714,41977.78837914406,-0.07721673046957094,0.024814331013498385,0.009486498488383349
USA,2014,13074.037282592906,985162.3591921882,114812.70204630338,1495010.8494518893,280476.1002178696,-0.22313384112612386,-0.3627355938159487,62114.63977399827,124008.62222716965,862407.3042520339,-0.022730457095217396,-0.07176885231375915,0.09675269173877453
