country,year,r,cit,epl,cbc,tud,dr5,d3_cit,d3_epl,d3_cbc,d3_tud
ABW,2000,,49.451,,,,,-14.451,,,
ABW,2001,,49.45,,,,,-14.450000000000003,,,
ABW,2002,,49.45,,,,,-14.450000000000003,,,
ABW,2003,,35.0,,,,,0.0,,,
ABW,2004,,35.0,,,,,-7.0,,,
ABW,2005,,35.0,,,,,-7.0,,,
ABW,2006,,35.0,,,,,-7.0,,,
ABW,2007,,28.0,,,,,0.0,,,
ABW,2008,,28.0,,,,,0.0,,,
ABW,2009,,28.0,,,,,0.0,,,
ABW,2010,,28.0,,,,,0.0,,,
ABW,2011,,28.0,,,,,0.0,,,
ABW,2012,,28.0,,,,,0.0,,,
ABW,2013,,28.0,,,,,-3.0,,,
ABW,2014,,28.0,,,,,-3.0,,,
ABW,2015,,28.0,,,,,-3.0,,,
ABW,2016,,25.0,,,,,0.0,,,
ABW,2017,,25.0,,,,,0.0,,,
ABW,2018,,25.0,,,,,0.0,,,
ABW,2019,,25.0,,,,,0.0,,,
ABW,2020,,25.0,,,,,-3.0,,,
ABW,2021,,25.0,,,,,-3.0,,,
ABW,2022,,25.0,,,,,-3.0,,,
ABW,2023,,22.0,,,,,0.0,,,
ABW,2024,,22.0,,,,,,,,
ABW,2025,,22.0,,,,,,,,
ABW,2026,,22.0,,,,,,,,
AGO,2000,,35.0,,,,,0.0,,,
AGO,2001,,35.0,,,,,0.0,,,
AGO,2002,,35.0,,,,,0.0,,,
AGO,2003,,35.0,,,,,0.0,,,
AGO,2004,,35.0,,,,,0.0,,,
AGO,2005,,35.0,,,,,0.0,,,
AGO,2006,,35.0,,,,,0.0,,,
AGO,2007,,35.0,,,,,0.0,,,
AGO,2008,,35.0,,,,,0.0,,,
AGO,2009,,35.0,,,,,0.0,,,
AGO,2010,,35.0,,,,,0.0,,,
AGO,2011,,35.0,,,,,-5.0,,,
AGO,2012,,35.0,,,,,-5.0,,,
AGO,2013,,35.0,,,,,-5.0,,,
AGO,2014,,30.0,,,,,0.0,,,
AGO,2015,,30.0,,,,,0.0,,,
AGO,2016,,30.0,,,,,0.0,,,
AGO,2017,,30.0,,,,,0.0,,,
AGO,2018,,30.0,,,,,-5.0,,,
AGO,2019,,30.0,,,,,-5.0,,,
AGO,2020,,30.0,,,,,-5.0,,,
AGO,2021,,25.0,,,,,0.0,,,
AGO,2022,,25.0,,,,,0.0,,,
AGO,2023,,25.0,,,,,0.0,,,
AGO,2024,,25.0,,,,,,,,
AGO,2025,,25.0,,,,,,,,
AGO,2026,,25.0,,,,,,,,
AIA,2000,,0.0,,,,,0.0,,,
AIA,2001,,0.0,,,,,0.0,,,
AIA,2002,,0.0,,,,,0.0,,,
AIA,2003,,0.0,,,,,0.0,,,
AIA,2004,,0.0,,,,,0.0,,,
AIA,2005,,0.0,,,,,0.0,,,
AIA,2006,,0.0,,,,,0.0,,,
AIA,2007,,0.0,,,,,0.0,,,
AIA,2008,,0.0,,,,,0.0,,,
AIA,2009,,0.0,,,,,0.0,,,
AIA,2010,,0.0,,,,,0.0,,,
AIA,2011,,0.0,,,,,0.0,,,
AIA,2012,,0.0,,,,,0.0,,,
AIA,2013,,0.0,,,,,0.0,,,
AIA,2014,,0.0,,,,,0.0,,,
AIA,2015,,0.0,,,,,0.0,,,
AIA,2016,,0.0,,,,,0.0,,,
AIA,2017,,0.0,,,,,0.0,,,
AIA,2018,,0.0,,,,,0.0,,,
AIA,2019,,0.0,,,,,0.0,,,
AIA,2020,,0.0,,,,,0.0,,,
AIA,2021,,0.0,,,,,0.0,,,
AIA,2022,,0.0,,,,,0.0,,,
AIA,2023,,0.0,,,,,0.0,,,
AIA,2024,,0.0,,,,,,,,
AIA,2025,,0.0,,,,,,,,
AIA,2026,,0.0,,,,,,,,
ALB,2000,,30.0,,,,,-5.0,,,
ALB,2001,,25.0,,,,,0.0,,,
ALB,2002,,25.0,,,,,-2.0,,,
ALB,2003,,25.0,,,,,-5.0,,,
ALB,2004,,25.0,,,,,-5.0,,,
ALB,2005,,23.0,,,,,-13.0,,,
ALB,2006,,20.0,,,,,-10.0,,,
ALB,2007,,20.0,,,,,-10.0,,,
ALB,2008,,10.0,,,,,0.0,,,
ALB,2009,,10.0,,,,,0.0,,,
ALB,2010,,10.0,,,,,0.0,,,
ALB,2011,,10.0,,,,,5.0,,,
ALB,2012,,10.0,,,,,5.0,,,
ALB,2013,,10.0,,,,,5.0,,,
ALB,2014,,15.0,,,,,0.0,,,
ALB,2015,,15.0,2.1428571,,,,0.0,,,
ALB,2016,,15.0,,,,,0.0,,,
ALB,2017,,15.0,,,,,0.0,,,
ALB,2018,,15.0,,,,,0.0,,,
ALB,2019,,15.0,,,,,0.0,,,
ALB,2020,,15.0,,,,,0.0,,,
ALB,2021,,15.0,,,,,0.0,,,
ALB,2022,,15.0,,,,,0.0,,,
ALB,2023,,15.0,,,,,0.0,,,
ALB,2024,,15.0,,,,,,,,
ALB,2025,,15.0,,,,,,,,
ALB,2026,,15.0,,,,,,,,
AND,2000,,0.0,,,,,0.0,,,
AND,2001,,0.0,,,,,0.0,,,
AND,2002,,0.0,,,,,0.0,,,
AND,2003,,0.0,,,,,0.0,,,
AND,2004,,0.0,,,,,0.0,,,
AND,2005,,0.0,,,,,0.0,,,
AND,2006,,0.0,,,,,0.0,,,
AND,2007,,0.0,,,,,0.0,,,
AND,2008,,0.0,,,,,0.0,,,
AND,2009,,0.0,,,,,10.0,,,
AND,2010,,0.0,,,,,10.0,,,
AND,2011,,0.0,,,,,10.0,,,
AND,2012,,10.0,,,,,0.0,,,
AND,2013,,10.0,,,,,0.0,,,
AND,2014,,10.0,,,,,0.0,,,
AND,2015,,10.0,,,,,0.0,,,
AND,2016,,10.0,,,,,0.0,,,
AND,2017,,10.0,,,,,0.0,,,
AND,2018,,10.0,,,,,0.0,,,
AND,2019,,10.0,,,,,0.0,,,
AND,2020,,10.0,,,,,0.0,,,
AND,2021,,10.0,,,,,0.0,,,
AND,2022,,10.0,,,,,0.0,,,
AND,2023,,10.0,,,,,0.0,,,
AND,2024,,10.0,,,,,,,,
AND,2025,,10.0,,,,,,,,
AND,2026,,10.0,,,,,,,,
ARE,2000,,0.0,,,,,0.0,,,
ARE,2001,,0.0,,,,,0.0,,,
ARE,2002,,0.0,,,,,0.0,,,
ARE,2003,,0.0,,,,,0.0,,,
ARE,2004,,0.0,,,,,0.0,,,
ARE,2005,,0.0,,,,,0.0,,,
ARE,2006,,0.0,,,,,0.0,,,
ARE,2007,,0.0,,,,,0.0,,,
ARE,2008,,0.0,,,,,0.0,,,
ARE,2009,,0.0,,,,,0.0,,,
ARE,2010,,0.0,,,,,0.0,,,
ARE,2011,,0.0,,,,,0.0,,,
ARE,2012,,0.0,,,,,0.0,,,
ARE,2013,,0.0,,,,,0.0,,,
ARE,2014,,0.0,,,,,0.0,,,
ARE,2015,,0.0,,,,,0.0,,,
ARE,2016,,0.0,,,,,0.0,,,
ARE,2017,,0.0,,,,,0.0,,,
ARE,2018,,0.0,,,,,0.0,,,
ARE,2019,,0.0,,,,,0.0,,,
ARE,2020,,0.0,,,,,0.0,,,
ARE,2021,,0.0,,,,,9.0,,,
ARE,2022,,0.0,,,,,9.0,,,
ARE,2023,,0.0,,,,,9.0,,,
ARE,2024,,9.0,,,,,,,,
ARE,2025,,9.0,,,,,,,,
ARE,2026,,9.0,,,,,,,,
ARG,2000,,35.0,,,,,0.0,,,
ARG,2001,,35.0,,,,,0.0,,,
ARG,2002,,35.0,,,,,0.0,,,
ARG,2003,,35.0,,,,,0.0,,,
ARG,2004,,35.0,,,,,0.0,,,
ARG,2005,,35.0,,,,,0.0,,,
ARG,2006,,35.0,,,,,0.0,,,
ARG,2007,,35.0,,,,,0.0,,,
ARG,2008,,35.0,,,,,0.0,,,
ARG,2009,,35.0,,,,,0.0,,,
ARG,2010,,35.0,,,,,0.0,,,
ARG,2011,,35.0,,,,,0.0,,,
ARG,2012,,35.0,1.6825397,,,,0.0,0.0,,
ARG,2013,,35.0,1.6825397,,,,0.0,0.0,,
ARG,2014,,35.0,1.6825397,,,,0.0,0.0,,
ARG,2015,,35.0,1.6825397,,,,-5.0,0.0,,
ARG,2016,,35.0,1.6825397,,,,-5.0,0.1666666000000001,,
ARG,2017,,35.0,1.6825397,,,,-5.0,0.1666666000000001,,
ARG,2018,,30.0,1.6825397,,,,5.0,0.1666666000000001,,
ARG,2019,,30.0,1.8492063,,,,5.0,0.0,,
ARG,2020,,30.0,1.8492063,,,,5.0,0.0,,
ARG,2021,,35.0,1.8492063,,,,0.0,0.0,,
ARG,2022,,35.0,1.8492063,,,,0.0,-0.0833332,,
ARG,2023,,35.0,1.8492063,,,,0.0,,,
ARG,2024,,35.0,1.8492063,,,,,,,
ARG,2025,,35.0,1.7658731,,,,,,,
ARG,2026,,35.0,,,,,,,,
ARM,2000,,25.0,,,,,-5.0,,,
ARM,2001,,20.0,,,,,0.0,,,
ARM,2002,,20.0,,,,,0.0,,,
ARM,2003,,20.0,,,,,0.0,,,
ARM,2004,,20.0,,,,,0.0,,,
ARM,2005,,20.0,,,,,0.0,,,
ARM,2006,,20.0,,,,,0.0,,,
ARM,2007,,20.0,,,,,0.0,,,
ARM,2008,,20.0,,,,,0.0,,,
ARM,2009,,20.0,,,,,0.0,,,
ARM,2010,,20.0,,,,,0.0,,,
ARM,2011,,20.0,,,,,0.0,,,
ARM,2012,,20.0,,,,,0.0,,,
ARM,2013,,20.0,,,,,0.0,,,
ARM,2014,,20.0,,,,,0.0,,,
ARM,2015,,20.0,,,,,0.0,,,
ARM,2016,,20.0,,,,,0.0,,,
ARM,2017,,20.0,,,,,-2.0,,,
ARM,2018,,20.0,,,,,-2.0,,,
ARM,2019,,20.0,,,,,-2.0,,,
ARM,2020,,18.0,,,,,0.0,,,
ARM,2021,,18.0,,,,,0.0,,,
ARM,2022,,18.0,,,,,0.0,,,
ARM,2023,,18.0,,,,,0.0,,,
ARM,2024,,18.0,,,,,,,,
ARM,2025,,18.0,,,,,,,,
ARM,2026,,18.0,,,,,,,,
ATG,2000,,40.0,,,,,-40.0,,,
ATG,2001,,40.0,,,,,-40.0,,,
ATG,2002,,0.0,,,,,0.0,,,
ATG,2003,,0.0,,,,,0.0,,,
ATG,2004,,0.0,,,,,30.0,,,
ATG,2005,,0.0,,,,,25.0,,,
ATG,2006,,0.0,,,,,25.0,,,
ATG,2007,,30.0,,,,,-5.0,,,
ATG,2008,,25.0,,,,,0.0,,,
ATG,2009,,25.0,,,,,0.0,,,
ATG,2010,,25.0,,,,,0.0,,,
ATG,2011,,25.0,,,,,0.0,,,
ATG,2012,,25.0,,,,,0.0,,,
ATG,2013,,25.0,,,,,0.0,,,
ATG,2014,,25.0,,,,,0.0,,,
ATG,2015,,25.0,,,,,0.0,,,
ATG,2016,,25.0,,,,,0.0,,,
ATG,2017,,25.0,,,,,0.0,,,
ATG,2018,,25.0,,,,,0.0,,,
ATG,2019,,25.0,,,,,0.0,,,
ATG,2020,,25.0,,,,,0.0,,,
ATG,2021,,25.0,,,,,0.0,,,
ATG,2022,,25.0,,,,,0.0,,,
ATG,2023,,25.0,,,,,0.0,,,
ATG,2024,,25.0,,,,,,,,
ATG,2025,,25.0,,,,,,,,
ATG,2026,,25.0,,,,,,,,
AUS,1960,3.2549409868004573,,,,53.799999,,,,,-4.099997999999999
AUS,1961,3.1886207645735305,,,,53.200001,,,,,-5.0
AUS,1962,3.519939583289199,,,,51.400002,,,,,-3.5
AUS,1963,3.975365336547005,,,87.800003,49.700001,,,,,-3.9000020000000006
AUS,1964,3.5323353262810886,,,,48.200001,,,,,-3.2000010000000003
AUS,1965,3.161617871318033,,,,47.900002,-0.09332311548242433,,,,-3.100003000000001
AUS,1966,3.655478760172325,,,,45.799999,0.4668579955987946,,,,-1.399996999999999
AUS,1967,3.5288338362097527,,,,45.0,0.00889425292055357,,,,-0.7999989999999997
AUS,1968,4.118195205212934,,,88.800003,44.799999,0.14282986866592884,,,,0.600003000000001
AUS,1969,4.042058574121893,,,,44.400002,0.5097232478408045,,,,1.899996999999999
AUS,1970,3.6861099655334657,,,,44.200001,0.5244920942154327,,,,3.0
AUS,1971,3.638724348884797,,,,45.400002,-0.016754411287528193,,,,3.399996999999999
AUS,1972,4.059496158690893,,,,46.299999,0.53066232248114,,,,3.7999989999999997
AUS,1973,3.9209957755695863,,,,47.200001,-0.19719942964334747,,,,2.2999989999999997
AUS,1974,2.6163681978823132,,,87.800003,48.799999,-1.4256903762395798,,,,-0.09999799999999937
AUS,1975,2.574878721488856,,,,50.099998,-1.1112312440446095,,,,-0.899996999999999
AUS,1976,2.8335888792842225,,,,49.5,-0.8051354696005744,,,,0.09999799999999937
AUS,1977,2.4737237292927015,,,,48.700001,-1.5857724293981912,,,,0.899996999999999
AUS,1978,3.501969598900227,,,,49.200001,-0.41902617666935926,,,,-0.10000300000000095
AUS,1979,3.7205455132249017,,,,49.599998,1.1041773153425885,,,,-0.19999599999999873
AUS,1980,3.409087841381514,,,88.0,49.599998,0.834209119892658,,,1.6999969999999962,-2.2999989999999997
AUS,1981,3.132735289994183,,,,49.099998,0.2991464107099606,,,,-2.7999989999999997
AUS,1982,2.3733868825420794,,,,49.400002,-0.10033684675062204,,,,-3.3000040000000013
AUS,1983,3.654352179160072,,,89.699997,47.299999,0.15238258025984486,,,,-1.899996999999999
AUS,1984,3.750054861804586,,,,46.299999,0.029509348579684236,,,,-1.899996999999999
AUS,1985,3.6315775154675727,,1.1666666,85.0,46.099998,0.22248967408605846,,0.0,,-3.2999989999999997
AUS,1986,3.5036780636175915,,1.1666666,,45.400002,0.37094277362340833,,0.0,,-4.0
AUS,1987,4.280536803031286,,1.1666666,,44.400002,1.9071499204892062,,0.0,,-3.100003000000001
AUS,1988,4.8008536162210245,,1.1666666,,42.799999,1.1465014370609525,,0.0,,-0.7999989999999997
AUS,1989,4.625047268466939,,1.1666666,,41.400002,0.8749924066623529,,0.0,,-1.8000040000000013
AUS,1990,4.079450697238659,,1.1666666,80.0,41.299999,0.4478731817710866,,0.0,,-3.7000010000000003
AUS,1991,4.078524097341626,,1.1666666,,42.0,0.5748460337240346,,0.0,,-7.0
AUS,1992,4.46553765571815,,1.1666666,,39.599998,0.18500085268686473,,0.0,,-6.899996999999999
AUS,1993,4.526308734998114,,1.1666666,,37.599998,-0.2745448812229103,,0.0,,-6.499997999999998
AUS,1994,4.658839473906505,,1.1666666,,35.0,0.03379220543956585,,0.25,,-4.700001
AUS,1995,4.96875445723878,,1.1666666,,32.700001,0.8893037600001206,,0.25,,-4.600000999999999
AUS,1996,5.052074644004614,,1.1666666,66.0,31.1,0.9735505466629881,,0.25,,-5.399999000000001
AUS,1997,5.3805241535211685,,1.4166666,,30.299999,0.9149864978030182,,0.0,,-5.599997999999999
AUS,1998,5.250265699241585,,1.4166666,60.0,28.1,0.7239569642434711,,0.0,,-3.6000000000000014
AUS,1999,5.633496916468875,,1.4166666,,25.700001,0.9746574425623704,,0.0,,-2.600000999999999
AUS,2000,5.395222691269341,34.0,1.4166666,60.0,24.700001,0.426468234030561,-4.0,0.0,,-1.7000010000000003
AUS,2001,6.025966139917202,30.0,1.4166666,,24.5,0.9738914959125875,0.0,0.0,,-1.7999989999999997
AUS,2002,5.994415965365074,30.0,1.4166666,62.200001,23.1,0.6138918118439056,0.0,0.0,,-0.7000000000000028
AUS,2003,6.507349040180675,30.0,1.4166666,,23.0,1.25708334093909,0.0,0.0,,-2.7000010000000003
AUS,2004,6.627881467288366,30.0,1.4166666,64.400002,22.700001,0.9943845508194906,0.0,-0.25,,-3.8000010000000017
AUS,2005,6.942855883036033,30.0,1.4166666,,22.4,1.5476331917666926,0.0,-0.25,,-3.5
AUS,2006,7.167084372386199,30.0,1.4166666,63.299999,20.299999,1.1411182324689975,0.0,-0.25,,-0.5999979999999994
AUS,2007,7.370312657049091,30.0,1.1666666,,18.9,1.3758966916840167,0.0,0.5,,-0.6000009999999989
AUS,2008,8.307202983746704,30.0,1.1666666,59.299999,18.9,1.7998539435660286,0.0,0.5,,-0.5
AUS,2009,7.918503330010604,30.0,1.1666666,,19.700001,1.2906218627222383,0.0,0.5,,-1.5
AUS,2010,8.48517035007058,30.0,1.6666666,61.099998,18.299999,1.5423144670345472,0.0,0.0,,-1.2999989999999997
AUS,2011,8.699451145334939,30.0,1.6666666,,18.4,1.5323667729487394,0.0,0.0,,-3.1999999999999993
AUS,2012,8.06836792682303,30.0,1.6666666,60.0,18.200001,0.6980552697739384,0.0,0.0,,
AUS,2013,7.771250876079523,30.0,1.6666666,,17.0,-0.5359521076671809,0.0,0.0,,-2.3000000000000007
AUS,2014,6.841714050166339,30.0,1.6666666,62.0,15.2,-1.0767892798442649,0.0,0.0,,
AUS,2015,6.02174873801873,30.0,1.6666666,,,-2.4634216120518504,0.0,0.0,,
AUS,2016,7.173854433169477,30.0,1.6666666,61.299999,14.7,-1.5255967121654619,0.0,0.0,,
AUS,2017,7.217734077394968,30.0,1.6666666,,,-0.8506338494280614,0.0,0.0,,
AUS,2018,7.639103806657993,30.0,1.6666666,61.200001,13.8,-0.13214706942152965,0.0,0.0,-0.600003000000001,
AUS,2019,7.98113669799248,30.0,1.6666666,,,1.1394226478261409,0.0,0.0,,
AUS,2020,8.915744397333087,30.0,1.6666666,,13.5,2.893995659314357,0.0,0.0,,
AUS,2021,8.93850153359732,30.0,1.6666666,60.599998,,1.764647100427843,0.0,0.0,,
AUS,2022,8.81863441301087,30.0,1.6666666,,11.7,1.6009003356159015,0.0,0.0,,
AUS,2023,7.7081705275085355,30.0,1.6666666,59.700001,,0.06906672085054222,0.0,,,
AUS,2024,7.04025094717438,30.0,1.6666666,,12.2,-0.9408857508180999,,,,
AUS,2025,,30.0,1.6666666,,,,,,,
AUS,2026,,30.0,,,,,,,,
AUT,1960,2.28239696988147,,,95.0,59.400002,,,,,-0.7000010000000003
AUT,1961,2.416906160095306,,,,59.0,,,,,-0.7000010000000003
AUT,1962,1.994911986523062,,,,58.400002,,,,,-0.5
AUT,1963,1.9828812736354542,,,,58.700001,,,,,-1.0
AUT,1964,2.0187382098388755,,,,58.299999,,,,,-1.2999989999999997
AUT,1965,1.8940133346489938,,,95.0,57.900002,-0.3883836352324763,,,,-0.5
AUT,1966,1.9574004420712534,,,,57.700001,-0.4595057180240525,,,,-0.7999989999999997
AUT,1967,1.7023115164372173,,,,57.0,-0.29260047008584467,,,,-0.9000020000000006
AUT,1968,1.875006936249169,,,,57.400002,-0.10787433738628516,,,,-2.600003000000001
AUT,1969,2.308083206923117,,,,56.900002,0.28934499708424166,,,,-2.8000040000000013
AUT,1970,3.113041046352531,,,95.0,56.099998,1.2190277117035373,,,,-4.099997999999999
AUT,1971,2.548506054320375,,,,54.799999,0.5911056122491216,,,,-2.7999989999999997
AUT,1972,2.757585008127001,,,,54.099998,1.0552734916897837,,,,-2.0999979999999994
AUT,1973,2.3134968747936253,,,,52.0,0.4384899385444563,,,,-0.2999989999999997
AUT,1974,2.3807968704155034,,,,52.0,0.07271366349238617,,,,-1.0
AUT,1975,1.3524679831084259,,,,52.0,-1.7605730632441052,,,,-1.2999989999999997
AUT,1976,1.921367083151707,,,95.0,51.700001,-0.6271389711686681,,,,-1.2000010000000003
AUT,1977,2.0264529527662356,,,,51.0,-0.7311320553607654,,,,-0.7999989999999997
AUT,1978,1.362624532497438,,,,50.700001,-0.9508723422961873,,,,-0.10000300000000095
AUT,1979,2.2485766804644927,,,,50.5,-0.1322201899510107,,,,0.20000100000000032
AUT,1980,2.0576517316241927,,,95.0,50.200001,0.7051837485157668,,,,-0.10000300000000095
AUT,1981,1.7048477872163372,,,,50.599998,-0.21651929593536967,,,,-0.39999699999999905
AUT,1982,2.3740517711495013,,,,50.700001,0.3475988183832657,,,,-1.0
AUT,1983,3.033312971583592,,,,50.099998,1.6706884390861538,,,,-0.899996999999999
AUT,1984,2.7586465911883202,,,,50.200001,0.5100699107238276,,,,-2.0
AUT,1985,2.9486100366964227,,2.6666667,95.0,49.700001,0.8909583050722301,,0.0,,-2.2999989999999997
AUT,1986,3.135884474949618,,2.6666667,,49.200001,1.431036687733281,,0.0,,-2.7000010000000003
AUT,1987,3.1290054616015985,,2.6666667,,48.200001,0.7549536904520973,,0.0,,-2.7999989999999997
AUT,1988,3.3158102588673612,,2.6666667,,47.400002,0.28249728728376944,,0.0,,-3.100003000000001
AUT,1989,3.515093612443835,,2.6666667,,46.5,0.7564470212555148,,0.0,,-2.5999979999999994
AUT,1990,3.6895971008647206,,2.6666667,98.0,45.400002,0.7409870641682978,,0.0,,-1.8000040000000013
AUT,1991,3.6155290740480464,,2.6666667,,44.299999,0.47964459909842816,,0.0,,-1.399996999999999
AUT,1992,3.255628265627882,,2.6666667,,43.900002,0.12662280402628356,,0.0,,-1.5
AUT,1993,2.9137015868604768,,2.6666667,,43.599998,-0.4021086720068845,,0.0,,-2.5
AUT,1994,2.906349895916523,,2.6666667,,42.900002,-0.6087437165273122,,0.0,,-3.2000010000000003
AUT,1995,3.629550961197862,,2.6666667,98.0,42.400002,-0.06004613966685879,,0.0,,-3.600003000000001
AUT,1996,3.6074764020738748,,2.6666667,,41.099998,-0.008052671974171588,,0.0,,-3.6999959999999987
AUT,1997,3.7651433876225013,,2.6666667,,39.700001,0.5095151219946192,,0.0,,-3.600003000000001
AUT,1998,3.933822407444164,,2.6666667,,38.799999,1.0201208205836871,,0.0,,-3.7999989999999997
AUT,1999,3.9840690400014243,,2.6666667,,37.400002,1.0777191440849014,,0.0,,-3.0
AUT,2000,4.291617327013506,34.0,2.6666667,98.0,36.099998,0.6620663658156438,0.0,-0.38095230000000013,,-2.6999959999999987
AUT,2001,4.376014654824293,34.0,2.6666667,,35.0,0.7685382527504183,0.0,-0.38095230000000013,,-2.7000010000000003
AUT,2002,4.393026611562692,34.0,2.6666667,,34.400002,0.6278832239401906,-9.0,-0.38095230000000013,,-3.300001999999999
AUT,2003,4.4254282000264595,34.0,2.2857144,,33.400002,0.49160579258229564,-9.0,0.0,,-4.600003000000001
AUT,2004,4.805724682013478,34.0,2.2857144,,32.299999,0.821655642012054,-9.0,0.0,,-4.899999000000001
AUT,2005,5.211189215987569,25.0,2.2857144,98.0,31.1,0.9195718889740636,0.0,0.0,0.0,-4.800001000000002
AUT,2006,5.549165268049934,25.0,2.2857144,98.0,28.799999,1.1731506132256406,0.0,0.0,0.0,-2.6999989999999983
AUT,2007,5.862685866519005,25.0,2.2857144,98.0,27.4,1.469659254956313,0.0,0.0,0.0,-2.299999999999997
AUT,2008,5.264725621049867,25.0,2.2857144,98.0,26.299999,0.8392974210234074,0.0,0.0,0.0,-1.5999979999999994
AUT,2009,4.187273073539837,25.0,2.2857144,98.0,26.1,-0.6184516084736416,0.0,0.0,0.0,-2.0
AUT,2010,4.280906938092386,25.0,2.2857144,98.0,25.1,-0.9302822778951834,0.0,0.0,0.0,-1.399999000000001
AUT,2011,4.501508759341758,25.0,2.2857144,98.0,24.700001,-1.047656508708176,0.0,0.0,0.0,-1.5
AUT,2012,4.159398857955556,25.0,2.2857144,98.0,24.1,-1.703287008563449,0.0,0.0,0.0,-1.1000000000000014
AUT,2013,3.794868074295578,25.0,2.2857144,98.0,23.700001,-1.4698575467542891,0.0,0.0,0.0,-1.0
AUT,2014,3.802764835381287,25.0,2.2857144,98.0,23.200001,-0.3845082381585496,0.0,0.0,0.0,-1.0
AUT,2015,4.0040467856237125,25.0,2.2857144,98.0,23.0,-0.27686015246867335,0.0,0.0,0.0,-1.1000000000000014
AUT,2016,4.204848028192519,25.0,2.2857144,98.0,22.700001,-0.2966607311492391,0.0,0.0,0.0,-1.5
AUT,2017,4.2496841598799175,25.0,2.2857144,98.0,22.200001,0.09028530192436168,0.0,0.0,0.0,-0.9000020000000006
AUT,2018,4.3554046384380625,25.0,2.2857144,98.0,21.9,0.5605365641424847,0.0,0.0,0.0,-1.0
AUT,2019,4.101933951479214,25.0,2.2857144,98.0,21.200001,0.2991691160979273,0.0,0.19047619999999998,0.0,-0.9000020000000006
AUT,2020,3.836018328648726,25.0,2.2857144,98.0,21.299999,-0.16802845697498636,-1.0,0.19047619999999998,0.0,-1.0
AUT,2021,4.004358325186385,25.0,2.2857144,98.0,20.9,-0.20048970300613345,-2.0,0.19047619999999998,0.0,-0.6999989999999983
AUT,2022,4.045562481630785,25.0,2.4761906,98.0,20.299999,-0.2041216782491322,-2.0,0.0,,
AUT,2023,3.631510992208129,24.0,2.4761906,98.0,20.299999,-0.7238936462299335,-1.0,,,
AUT,2024,2.844996522239607,23.0,2.4761906,98.0,20.200001,-1.2569374292396072,,,,
AUT,2025,,23.0,2.4761906,,,,,,,
AUT,2026,,23.0,,,,,,,,
AZE,2000,,27.0,,,,,-2.0,,,
AZE,2001,,27.0,,,,,-3.0,,,
AZE,2002,,27.0,,,,,-3.0,,,
AZE,2003,,25.0,,,,,-3.0,,,
AZE,2004,,24.0,,,,,-2.0,,,
AZE,2005,,24.0,,,,,-2.0,,,
AZE,2006,,22.0,,,,,0.0,,,
AZE,2007,,22.0,,,,,-2.0,,,
AZE,2008,,22.0,,,,,-2.0,,,
AZE,2009,,22.0,,,,,-2.0,,,
AZE,2010,,20.0,,,,,0.0,,,
AZE,2011,,20.0,,,,,0.0,,,
AZE,2012,,20.0,,,,,0.0,,,
AZE,2013,,20.0,,,,,0.0,,,
AZE,2014,,20.0,,,,,0.0,,,
AZE,2015,,20.0,,,,,0.0,,,
AZE,2016,,20.0,,,,,0.0,,,
AZE,2017,,20.0,,,,,0.0,,,
AZE,2018,,20.0,,,,,0.0,,,
AZE,2019,,20.0,,,,,0.0,,,
AZE,2020,,20.0,,,,,0.0,,,
AZE,2021,,20.0,,,,,0.0,,,
AZE,2022,,20.0,,,,,0.0,,,
AZE,2023,,20.0,,,,,0.0,,,
AZE,2024,,20.0,,,,,,,,
AZE,2025,,20.0,,,,,,,,
AZE,2026,,20.0,,,,,,,,
BEL,1960,6.1262779959241485,,,80.0,37.400002,,,,,-0.600003000000001
BEL,1961,6.525867168316002,,,,36.799999,,,,,0.10000300000000095
BEL,1962,6.158802468836145,,,,35.599998,,,,,2.0
BEL,1963,5.929576985405278,,,,36.799999,,,,,1.4000020000000006
BEL,1964,6.348975140891973,,,,36.900002,,,,,2.0999979999999994
BEL,1965,6.436643399171155,,,80.0,37.599998,0.31036540324700645,,,,2.0
BEL,1966,5.822106850225352,,,,38.200001,-0.7037603180906498,,,,1.5999979999999994
BEL,1967,5.572539875053424,,,,39.0,-0.5862625937827204,,,,1.2999989999999997
BEL,1968,6.0187808936456975,,,,39.599998,0.08920390824041924,,,,2.4000020000000006
BEL,1969,6.455600394905842,,,,39.799999,0.1066252540138688,,,,5.100003000000001
BEL,1970,6.311090190333274,,,85.0,40.299999,-0.12555320883788124,,,,5.700001
BEL,1971,5.494299648760599,,,,42.0,-0.3278072014647533,,,,5.200001
BEL,1972,5.4905598607266635,,,,44.900002,-0.08198001432676083,,,,4.899996999999999
BEL,1973,5.830847388512092,,,,46.0,-0.1879335051336053,,,,5.299999
BEL,1974,4.670413762856287,,,88.0,47.200001,-1.7851866320495544,,,,5.099997999999999
BEL,1975,3.882930576851825,,,90.0,49.799999,-2.4281596134814487,,,,1.600003000000001
BEL,1976,3.8554920387074247,,,,51.299999,-1.638807610053174,,,,0.20000100000000032
BEL,1977,3.341216412218169,,,,52.299999,-2.1493434485084943,,,,-0.5
BEL,1978,3.3356507458826394,,,,51.400002,-2.4951966426294527,,,,-1.2000010000000003
BEL,1979,3.3536266297247175,,,,51.5,-1.31678713313157,,,,-2.5
BEL,1980,3.2646237451139655,,,100.0,51.799999,-0.6183068317378595,,,,-2.2000010000000003
BEL,1981,2.7698008640143126,,,100.0,50.200001,-1.0856911746931122,,,,-1.4000020000000006
BEL,1982,3.155886057601202,,,,49.0,-0.1853303546169669,,,,-1.0
BEL,1983,3.4567193452694,,,,49.599998,0.1210685993867604,,,,-2.899996999999999
BEL,1984,4.07056124135559,,,,48.799999,0.7169346116308728,,,,-2.7999989999999997
BEL,1985,4.312043535508351,,1.5555556,100.0,48.0,1.0474197903943852,,0.0,,-3.0
BEL,1986,4.720169911635896,,1.5555556,,46.700001,1.9503690476215834,,0.0,,-0.7000010000000003
BEL,1987,4.83227051979316,,1.5555556,,46.0,1.6763844621919577,,0.0,,1.5
BEL,1988,5.823211527576628,,1.5555556,,45.0,2.3664921823072285,,0.0,,3.9000020000000006
BEL,1989,5.911368608961383,,1.5555556,,46.0,1.8408073676057928,,0.0,,3.9000020000000006
BEL,1990,5.509628395733401,,1.5555556,100.0,47.5,1.1975848602250503,,0.0,,3.0999979999999994
BEL,1991,4.7568309559284705,,1.5555556,,48.900002,0.03666104429257455,,0.0,,1.5999979999999994
BEL,1992,4.578676544669209,,1.5555556,,49.900002,-0.2535939751239509,,0.0,,2.7999989999999997
BEL,1993,4.062492544557392,,1.5555556,,50.599998,-1.7607189830192365,,0.0,,2.7000010000000003
BEL,1994,4.271125311956345,,1.5555556,,50.5,-1.6402432970050382,,0.0,,3.2000010000000003
BEL,1995,4.412173418027239,,1.5555556,100.0,52.700001,-1.0974549777061622,,0.0,,1.0
BEL,1996,3.998208143464442,,1.5555556,,53.299999,-0.7586228124640284,,0.0,,2.7000010000000003
BEL,1997,4.0434762090612635,,1.5555556,,53.700001,-0.5352003356079456,,0.0,,2.899996999999999
BEL,1998,4.150534414723332,,1.5555556,,53.700001,0.08804187016593978,,0.04761900000000008,,2.5999979999999994
BEL,1999,3.7960506214843788,,1.5555556,,56.0,-0.47507469047196604,,0.04761900000000008,,-0.7000010000000003
BEL,2000,4.2038474938296595,40.17,1.5555556,100.0,56.599998,-0.20832592419757923,-6.18,0.04761900000000008,0.0,-2.5
BEL,2001,3.80603126732382,40.17,1.6031746,,56.299999,-0.19217687614062218,-6.18,0.0,,-2.2000010000000003
BEL,2002,3.633672027892726,40.17,1.6031746,,55.299999,-0.40980418116853734,-6.18,0.0,,-1.5999979999999994
BEL,2003,3.694013390105412,33.99,1.6031746,100.0,54.099998,-0.45652102461791966,1.9799999999999969,0.0,0.0,0.40000200000000063
BEL,2004,4.392320941648825,33.99,1.6031746,100.0,54.099998,0.5962703201644466,0.0,0.0,0.0,0.8000040000000013
BEL,2005,4.791375636923589,33.99,1.6031746,100.0,53.700001,0.5875281430939294,0.0,0.0,0.0,1.2000010000000003
BEL,2006,4.760460879133937,35.97,1.6031746,100.0,54.5,0.9544296118101174,-1.9799999999999969,0.0,0.0,0.2999989999999997
BEL,2007,4.9891853807917,33.99,1.6031746,100.0,54.900002,1.3555133528989742,0.0,0.19047609999999993,0.0,-0.40000200000000063
BEL,2008,3.897950152003042,33.99,1.6031746,100.0,54.900002,0.20393676189763,0.0,0.19047609999999993,0.0,0.5999979999999994
BEL,2009,3.556351744201472,33.99,1.6031746,100.0,54.799999,-0.8359691974473535,0.0,0.0,0.0,0.600003000000001
BEL,2010,4.216760604005524,33.99,1.7936507,100.0,54.5,-0.5746150329180653,0.0,-0.19047609999999993,0.0,0.0
BEL,2011,4.198667006237478,33.99,1.7936507,100.0,55.5,-0.5617938728964598,0.0,-0.3095238,0.0,-1.0999979999999994
BEL,2012,3.6749365428916456,33.99,1.6031746,100.0,55.400002,-1.3142488379000548,0.0,0.21428570000000002,0.0,-2.2000010000000003
BEL,2013,3.556683365033648,33.99,1.6031746,100.0,54.5,-0.34126678696939416,0.0,0.21428570000000002,0.0,-2.0
BEL,2014,3.9955213245271586,33.99,1.4841269,100.0,54.400002,0.43916958032568676,0.0,0.3333334000000001,0.0,-2.5
BEL,2015,4.3524261179862,33.99,1.8174603,100.0,53.200001,0.13566551398067617,-4.410000000000004,0.0,0.0,-1.4000020000000006
BEL,2016,4.525179271123832,33.99,1.8174603,100.0,52.5,0.32651226488635476,-4.410000000000004,0.0,0.0,-1.4000020000000006
BEL,2017,4.431025822430826,33.99,1.8174603,100.0,51.900002,0.75608927953918,-8.990000000000002,0.0,0.0,0.6999959999999987
BEL,2018,4.4873190798933935,29.58,1.8174603,100.0,51.799999,0.9306357148597457,-4.579999999999998,0.0,0.0,-1.2000010000000003
BEL,2019,4.714537312201533,29.58,1.8174603,100.0,51.099998,0.7190159876743745,-4.579999999999998,0.0,0.0,-1.6999959999999987
BEL,2020,4.167587064580485,25.0,1.8174603,100.0,52.599998,-0.18483905340571471,0.0,0.0,0.0,-5.099997999999999
BEL,2021,4.640463545471403,25.0,1.8174603,100.0,50.599998,0.11528427434757038,0.0,0.0,0.0,
BEL,2022,5.072001748322661,25.0,1.8174603,100.0,49.400002,0.6409759258918353,0.0,0.0,,
BEL,2023,4.91399191743341,25.0,1.8174603,100.0,47.5,0.42667283754001684,0.0,,,
BEL,2024,4.816483184492701,25.0,1.8174603,100.0,,0.10194587229116792,,,,
BEL,2025,,25.0,1.8174603,,,,,,,
BEL,2026,,25.0,,,,,,,,
BEN,2000,,0.0,,,,,0.0,,,
BEN,2001,,0.0,,,,,0.0,,,
BEN,2002,,0.0,,,,,0.0,,,
BEN,2003,,0.0,,,,,0.0,,,
BEN,2004,,0.0,,,,,0.0,,,
BEN,2005,,0.0,,,,,0.0,,,
BEN,2006,,0.0,,,,,0.0,,,
BEN,2007,,0.0,,,,,0.0,,,
BEN,2008,,0.0,,,,,30.0,,,
BEN,2009,,0.0,,,,,30.0,,,
BEN,2010,,0.0,,,,,30.0,,,
BEN,2011,,30.0,,,,,0.0,,,
BEN,2012,,30.0,,,,,0.0,,,
BEN,2013,,30.0,,,,,0.0,,,
BEN,2014,,30.0,,,,,0.0,,,
BEN,2015,,30.0,,,,,0.0,,,
BEN,2016,,30.0,,,,,0.0,,,
BEN,2017,,30.0,,,,,0.0,,,
BEN,2018,,30.0,,,,,0.0,,,
BEN,2019,,30.0,,,,,0.0,,,
BEN,2020,,30.0,,,,,0.0,,,
BEN,2021,,30.0,,,,,0.0,,,
BEN,2022,,30.0,,,,,0.0,,,
BEN,2023,,30.0,,,,,0.0,,,
BEN,2024,,30.0,,,,,,,,
BEN,2025,,30.0,,,,,,,,
BEN,2026,,30.0,,,,,,,,
BFA,2000,,35.0,,,,,0.0,,,
BFA,2001,,35.0,,,,,0.0,,,
BFA,2002,,35.0,,,,,0.0,,,
BFA,2003,,35.0,,,,,0.0,,,
BFA,2004,,35.0,,,,,0.0,,,
BFA,2005,,35.0,,,,,-5.0,,,
BFA,2006,,35.0,,,,,-5.0,,,
BFA,2007,,35.0,,,,,-7.5,,,
BFA,2008,,30.0,,,,,-2.5,,,
BFA,2009,,30.0,,,,,-2.5,,,
BFA,2010,,27.5,,,,,0.0,,,
BFA,2011,,27.5,,,,,0.0,,,
BFA,2012,,27.5,,,,,0.0,,,
BFA,2013,,27.5,,,,,0.0,,,
BFA,2014,,27.5,,,,,0.0,,,
BFA,2015,,27.5,,,,,0.0,,,
BFA,2016,,27.5,,,,,0.0,,,
BFA,2017,,27.5,,,,,0.0,,,
BFA,2018,,27.5,,,,,0.0,,,
BFA,2019,,27.5,,,,,0.0,,,
BFA,2020,,27.5,,,,,0.0,,,
BFA,2021,,27.5,,,,,0.0,,,
BFA,2022,,27.5,,,,,0.0,,,
BFA,2023,,27.5,,,,,0.0,,,
BFA,2024,,27.5,,,,,,,,
BFA,2025,,27.5,,,,,,,,
BFA,2026,,27.5,,,,,,,,
BGR,1995,11.778351016114971,,,,,,,,,
BGR,1996,13.641250438844729,,,,,,,,,
BGR,1997,14.670089986324703,,,,,,,,,
BGR,1998,9.253528096094119,,,,,,,,,
BGR,1999,8.047268073100854,,,,,,,,,
BGR,2000,8.924228174143721,32.5,,,,-2.8541228419712503,-9.0,,,
BGR,2001,8.8655913473511,28.0,,,,-4.77565909149363,-8.5,,,
BGR,2002,10.245610952181261,23.5,,,,-4.424479034143442,-8.5,,,
BGR,2003,9.808865296203255,23.5,,,,0.5553372001091361,-8.5,,,
BGR,2004,10.380527858565705,19.5,,,,2.3332597854648505,-9.5,,,
BGR,2005,10.280948103142732,15.0,,,,1.356719928999011,-5.0,,,
BGR,2006,10.791751607144205,15.0,,,,1.9261602597931056,-5.0,,,
BGR,2007,12.168178314305528,10.0,,,,1.9225673621242674,0.0,,,
BGR,2008,11.17929330220196,10.0,,,,1.370428005998706,0.0,,,
BGR,2009,9.72643204720496,10.0,,,,-0.6540958113607438,0.0,,,
BGR,2010,8.901051994837553,10.0,,,,-1.3798961083051786,0.0,,,
BGR,2011,9.840159048278672,10.0,,,,-0.9515925588655332,0.0,,,
BGR,2012,9.17046026126233,10.0,,,,-2.997718053043199,0.0,,,
BGR,2013,7.381498268464302,10.0,,,,-3.7977950337376587,0.0,,,
BGR,2014,6.563361559618068,10.0,,,,-3.163070487586893,0.0,,,
BGR,2015,6.757135605193805,10.0,,,,-2.1439163896437483,0.0,,,
BGR,2016,7.1299965075714065,10.0,,,,-2.710162540707265,0.0,,,
BGR,2017,6.2876623682552255,10.0,,,,-2.882797893007104,0.0,,,
BGR,2018,6.24851594207296,10.0,,,,-1.1329823263913417,0.0,,,
BGR,2019,7.263661083428187,10.0,,,,0.7002995238101191,0.0,,,
BGR,2020,6.379853732326997,10.0,,,,-0.37728187286680814,0.0,,,
BGR,2021,8.611156548947623,10.0,,,,1.4811600413762163,0.0,,,
BGR,2022,9.943893224211974,10.0,,,,3.656230855956749,0.0,,,
BGR,2023,7.949715692367754,10.0,,,,1.7011997502947933,0.0,,,
BGR,2024,6.962700348506868,10.0,,,,-0.30096073492131925,,,,
BGR,2025,,10.0,,,,,,,,
BGR,2026,,10.0,,,,,,,,
BHR,2000,,0.0,,,,,0.0,,,
BHR,2001,,0.0,,,,,0.0,,,
BHR,2002,,0.0,,,,,0.0,,,
BHR,2003,,0.0,,,,,0.0,,,
BHR,2004,,0.0,,,,,0.0,,,
BHR,2005,,0.0,,,,,0.0,,,
BHR,2006,,0.0,,,,,0.0,,,
BHR,2007,,0.0,,,,,0.0,,,
BHR,2008,,0.0,,,,,0.0,,,
BHR,2009,,0.0,,,,,0.0,,,
BHR,2010,,0.0,,,,,0.0,,,
BHR,2011,,0.0,,,,,0.0,,,
BHR,2012,,0.0,,,,,0.0,,,
BHR,2013,,0.0,,,,,0.0,,,
BHR,2014,,0.0,,,,,0.0,,,
BHR,2015,,0.0,,,,,0.0,,,
BHR,2016,,0.0,,,,,0.0,,,
BHR,2017,,0.0,,,,,0.0,,,
BHR,2018,,0.0,,,,,0.0,,,
BHR,2019,,0.0,,,,,0.0,,,
BHR,2020,,0.0,,,,,0.0,,,
BHR,2021,,0.0,,,,,0.0,,,
BHR,2022,,0.0,,,,,0.0,,,
BHR,2023,,0.0,,,,,0.0,,,
BHR,2024,,0.0,,,,,,,,
BHR,2025,,0.0,,,,,,,,
BHR,2026,,0.0,,,,,,,,
BHS,2000,,0.0,,,,,0.0,,,
BHS,2001,,0.0,,,,,0.0,,,
BHS,2002,,0.0,,,,,0.0,,,
BHS,2003,,0.0,,,,,0.0,,,
BHS,2004,,0.0,,,,,0.0,,,
BHS,2005,,0.0,,,,,0.0,,,
BHS,2006,,0.0,,,,,0.0,,,
BHS,2007,,0.0,,,,,0.0,,,
BHS,2008,,0.0,,,,,0.0,,,
BHS,2009,,0.0,,,,,0.0,,,
BHS,2010,,0.0,,,,,0.0,,,
BHS,2011,,0.0,,,,,0.0,,,
BHS,2012,,0.0,,,,,0.0,,,
BHS,2013,,0.0,,,,,0.0,,,
BHS,2014,,0.0,1.9365079,,,,0.0,,,
BHS,2015,,0.0,,,,,0.0,,,
BHS,2016,,0.0,,,,,0.0,,,
BHS,2017,,0.0,,,,,0.0,,,
BHS,2018,,0.0,,,,,0.0,,,
BHS,2019,,0.0,,,,,0.0,,,
BHS,2020,,0.0,,,,,0.0,,,
BHS,2021,,0.0,,,,,0.0,,,
BHS,2022,,0.0,,,,,0.0,,,
BHS,2023,,0.0,,,,,0.0,,,
BHS,2024,,0.0,,,,,,,,
BHS,2025,,0.0,,,,,,,,
BHS,2026,,0.0,,,,,,,,
BIH,2000,,30.0,,,,,0.0,,,
BIH,2001,,30.0,,,,,0.0,,,
BIH,2002,,30.0,,,,,0.0,,,
BIH,2003,,30.0,,,,,0.0,,,
BIH,2004,,30.0,,,,,0.0,,,
BIH,2005,,30.0,,,,,-20.0,,,
BIH,2006,,30.0,,,,,-20.0,,,
BIH,2007,,30.0,,,,,-20.0,,,
BIH,2008,,10.0,,,,,0.0,,,
BIH,2009,,10.0,,,,,0.0,,,
BIH,2010,,10.0,,,,,0.0,,,
BIH,2011,,10.0,,,,,0.0,,,
BIH,2012,,10.0,,,,,0.0,,,
BIH,2013,,10.0,,,,,0.0,,,
BIH,2014,,10.0,,,,,0.0,,,
BIH,2015,,10.0,2.5238094,,,,0.0,,,
BIH,2016,,10.0,,,,,0.0,,,
BIH,2017,,10.0,,,,,0.0,,,
BIH,2018,,10.0,,,,,0.0,,,
BIH,2019,,10.0,,,,,0.0,,,
BIH,2020,,10.0,,,,,0.0,,,
BIH,2021,,10.0,,,,,0.0,,,
BIH,2022,,10.0,,,,,0.0,,,
BIH,2023,,10.0,,,,,0.0,,,
BIH,2024,,10.0,,,,,,,,
BIH,2025,,10.0,,,,,,,,
BIH,2026,,10.0,,,,,,,,
BLZ,2000,,25.0,,,,,0.0,,,
BLZ,2001,,25.0,,,,,0.0,,,
BLZ,2002,,25.0,,,,,0.0,,,
BLZ,2003,,25.0,,,,,-25.0,,,
BLZ,2004,,25.0,,,,,-25.0,,,
BLZ,2005,,25.0,,,,,-25.0,,,
BLZ,2006,,0.0,,,,,0.0,,,
BLZ,2007,,0.0,,,,,0.0,,,
BLZ,2008,,0.0,,,,,0.0,,,
BLZ,2009,,0.0,,,,,0.0,,,
BLZ,2010,,0.0,,,,,0.0,,,
BLZ,2011,,0.0,,,,,0.0,,,
BLZ,2012,,0.0,,,,,0.0,,,
BLZ,2013,,0.0,,,,,0.0,,,
BLZ,2014,,0.0,,,,,0.0,,,
BLZ,2015,,0.0,,,,,0.0,,,
BLZ,2016,,0.0,,,,,0.0,,,
BLZ,2017,,0.0,,,,,0.0,,,
BLZ,2018,,0.0,,,,,0.0,,,
BLZ,2019,,0.0,,,,,0.0,,,
BLZ,2020,,0.0,,,,,0.0,,,
BLZ,2021,,0.0,,,,,0.0,,,
BLZ,2022,,0.0,,,,,0.0,,,
BLZ,2023,,0.0,,,,,0.0,,,
BLZ,2024,,0.0,,,,,,,,
BLZ,2025,,0.0,,,,,,,,
BLZ,2026,,0.0,,,,,,,,
BMU,2000,,0.0,,,,,0.0,,,
BMU,2001,,0.0,,,,,0.0,,,
BMU,2002,,0.0,,,,,0.0,,,
BMU,2003,,0.0,,,,,0.0,,,
BMU,2004,,0.0,,,,,0.0,,,
BMU,2005,,0.0,,,,,0.0,,,
BMU,2006,,0.0,,,,,0.0,,,
BMU,2007,,0.0,,,,,0.0,,,
BMU,2008,,0.0,,,,,0.0,,,
BMU,2009,,0.0,,,,,0.0,,,
BMU,2010,,0.0,,,,,0.0,,,
BMU,2011,,0.0,,,,,0.0,,,
BMU,2012,,0.0,,,,,0.0,,,
BMU,2013,,0.0,,,,,0.0,,,
BMU,2014,,0.0,,,,,0.0,,,
BMU,2015,,0.0,,,,,0.0,,,
BMU,2016,,0.0,,,,,0.0,,,
BMU,2017,,0.0,,,,,0.0,,,
BMU,2018,,0.0,,,,,0.0,,,
BMU,2019,,0.0,,,,,0.0,,,
BMU,2020,,0.0,,,,,0.0,,,
BMU,2021,,0.0,,,,,0.0,,,
BMU,2022,,0.0,,,,,0.0,,,
BMU,2023,,0.0,,,,,0.0,,,
BMU,2024,,0.0,,,,,,,,
BMU,2025,,0.0,,,,,,,,
BMU,2026,,0.0,,,,,,,,
BOL,2014,,,2.6428571,,,,,,,
BRA,2000,,37.0,,,,,-3.0,,,
BRA,2001,,34.0,,,,,0.0,,,
BRA,2002,,34.0,,,,,0.0,,,
BRA,2003,,34.0,,,,,0.0,,,
BRA,2004,,34.0,,,,,0.0,,,
BRA,2005,,34.0,,,,,0.0,,,
BRA,2006,,34.0,,,,,0.0,,,
BRA,2007,,34.0,,,,,0.0,,,
BRA,2008,,34.0,1.4325397,,,,0.0,0.0,,
BRA,2009,,34.0,1.4325397,,,,0.0,0.09523809999999999,,
BRA,2010,,34.0,1.4325397,,,,0.0,,,
BRA,2011,,34.0,1.4325397,,,,0.0,,,
BRA,2012,,34.0,1.5277778,,,,0.0,,,
BRA,2013,,34.0,,,,,0.0,,,
BRA,2014,,34.0,,,,,0.0,,,
BRA,2015,,34.0,,,,,0.0,,,
BRA,2016,,34.0,,,,,0.0,,,
BRA,2017,,34.0,,,,,0.0,,,
BRA,2018,,34.0,,,,,0.0,,,
BRA,2019,,34.0,,,,,0.0,,,
BRA,2020,,34.0,,,,,0.0,,,
BRA,2021,,34.0,,,,,0.0,,,
BRA,2022,,34.0,,,,,0.0,,,
BRA,2023,,34.0,,,,,0.0,,,
BRA,2024,,34.0,,,,,,,,
BRA,2025,,34.0,,,,,,,,
BRA,2026,,34.0,,,,,,,,
BRB,2000,,40.0,,,,,-4.0,,,
BRB,2001,,40.0,,,,,-7.0,,,
BRB,2002,,37.5,,,,,-7.5,,,
BRB,2003,,36.0,,,,,-11.0,,,
BRB,2004,,33.0,,,,,-8.0,,,
BRB,2005,,30.0,,,,,-5.0,,,
BRB,2006,,25.0,,,,,0.0,,,
BRB,2007,,25.0,,,,,0.0,,,
BRB,2008,,25.0,,,,,0.0,,,
BRB,2009,,25.0,,,,,0.0,,,
BRB,2010,,25.0,,,,,0.0,,,
BRB,2011,,25.0,,,,,0.0,,,
BRB,2012,,25.0,,,,,0.0,,,
BRB,2013,,25.0,,,,,0.0,,,
BRB,2014,,25.0,1.3928572,,,,0.0,,,
BRB,2015,,25.0,,,,,0.0,,,
BRB,2016,,25.0,,,,,-19.5,,,
BRB,2017,,25.0,,,,,-19.5,,,
BRB,2018,,25.0,,,,,-19.5,,,
BRB,2019,,5.5,,,,,0.0,,,
BRB,2020,,5.5,,,,,0.0,,,
BRB,2021,,5.5,,,,,3.5,,,
BRB,2022,,5.5,,,,,3.5,,,
BRB,2023,,5.5,,,,,3.5,,,
BRB,2024,,9.0,,,,,,,,
BRB,2025,,9.0,,,,,,,,
BRB,2026,,9.0,,,,,,,,
BRN,2000,,30.0,,,,,0.0,,,
BRN,2001,,30.0,,,,,0.0,,,
BRN,2002,,30.0,,,,,0.0,,,
BRN,2003,,30.0,,,,,0.0,,,
BRN,2004,,30.0,,,,,0.0,,,
BRN,2005,,30.0,,,,,-2.5,,,
BRN,2006,,30.0,,,,,-4.5,,,
BRN,2007,,30.0,,,,,-6.5,,,
BRN,2008,,27.5,,,,,-5.5,,,
BRN,2009,,25.5,,,,,-5.5,,,
BRN,2010,,23.5,,,,,-3.5,,,
BRN,2011,,22.0,,,,,-2.0,,,
BRN,2012,,20.0,,,,,-1.5,,,
BRN,2013,,20.0,,,,,-1.5,,,
BRN,2014,,20.0,,,,,-1.5,,,
BRN,2015,,18.5,,,,,0.0,,,
BRN,2016,,18.5,,,,,0.0,,,
BRN,2017,,18.5,,,,,0.0,,,
BRN,2018,,18.5,,,,,0.0,,,
BRN,2019,,18.5,,,,,0.0,,,
BRN,2020,,18.5,,,,,0.0,,,
BRN,2021,,18.5,,,,,0.0,,,
BRN,2022,,18.5,,,,,0.0,,,
BRN,2023,,18.5,,,,,0.0,,,
BRN,2024,,18.5,,,,,,,,
BRN,2025,,18.5,,,,,,,,
BRN,2026,,18.5,,,,,,,,
BWA,2000,,25.0,,,,,0.0,,,
BWA,2001,,25.0,,,,,0.0,,,
BWA,2002,,25.0,,,,,0.0,,,
BWA,2003,,25.0,,,,,0.0,,,
BWA,2004,,25.0,,,,,0.0,,,
BWA,2005,,25.0,,,,,0.0,,,
BWA,2006,,25.0,,,,,0.0,,,
BWA,2007,,25.0,,,,,0.0,,,
BWA,2008,,25.0,,,,,0.0,,,
BWA,2009,,25.0,,,,,-3.0,,,
BWA,2010,,25.0,,,,,-3.0,,,
BWA,2011,,25.0,,,,,-3.0,,,
BWA,2012,,22.0,,,,,0.0,,,
BWA,2013,,22.0,,,,,0.0,,,
BWA,2014,,22.0,,,,,0.0,,,
BWA,2015,,22.0,,,,,0.0,,,
BWA,2016,,22.0,,,,,0.0,,,
BWA,2017,,22.0,,,,,0.0,,,
BWA,2018,,22.0,,,,,0.0,,,
BWA,2019,,22.0,,,,,0.0,,,
BWA,2020,,22.0,,,,,0.0,,,
BWA,2021,,22.0,,,,,0.0,,,
BWA,2022,,22.0,,,,,0.0,,,
BWA,2023,,22.0,,,,,0.0,,,
BWA,2024,,22.0,,,,,,,,
BWA,2025,,22.0,,,,,,,,
BWA,2026,,22.0,,,,,,,,
CAN,1960,,,,31.799999,30.1,,,,-2.5999979999999994,-2.399999000000001
CAN,1961,,,,31.1,29.5,,,,-2.3000010000000017,-2.2000010000000003
CAN,1962,,,,29.5,28.0,,,,-0.3999999999999986,-0.3999999999999986
CAN,1963,,,,29.200001,27.700001,,,,0.7999989999999997,0.7999989999999997
CAN,1964,,,,28.799999,27.299999,,,,3.4000020000000006,3.2000010000000003
CAN,1965,,,,29.1,27.6,,,,3.800001999999999,3.3999999999999986
CAN,1966,,,,30.0,28.5,,,,2.7999989999999997,2.3999999999999986
CAN,1967,,,,32.200001,30.5,,,,1.5999979999999994,0.5
CAN,1968,,,,32.900002,31.0,,,,0.6999959999999987,-0.20000100000000032
CAN,1969,,,,32.799999,30.9,,,,1.9000020000000006,0.8999990000000011
CAN,1970,,,,33.799999,31.0,,,,2.2999989999999997,2.0999979999999994
CAN,1971,,,,33.599998,30.799999,,,,2.5,2.4000020000000006
CAN,1972,,,,34.700001,31.799999,,,,2.7000010000000003,2.600003000000001
CAN,1973,,,,36.099998,33.099998,,,,1.5,-0.6999959999999987
CAN,1974,,,,36.099998,33.200001,,,,2.100003000000001,-0.7999989999999997
CAN,1975,,,,37.400002,34.400002,,,,1.2999989999999997,-2.0
CAN,1976,,,,37.599998,32.400002,,,,0.10000300000000095,0.0
CAN,1977,,,,38.200001,32.400002,,,,-1.100003000000001,-0.30000400000000127
CAN,1978,,,,38.700001,32.400002,,,,-1.9000020000000006,-0.5000020000000021
CAN,1979,,,,37.700001,32.400002,,,,1.899996999999999,-0.20000100000000032
CAN,1980,,,,37.099998,32.099998,,,,1.5,3.600003000000001
CAN,1981,,,,36.799999,31.9,,,,1.600003000000001,3.399999000000001
CAN,1982,,,,39.599998,32.200001,,,,-2.5999979999999994,2.7000010000000003
CAN,1983,,,,38.599998,35.700001,,,,-1.0,-1.0
CAN,1984,,,,38.400002,35.299999,,,,-1.4000020000000006,-0.899996999999999
CAN,1985,,,0.58730161,37.0,34.900002,,,0.0,-0.5999979999999994,-0.40000200000000063
CAN,1986,,,0.58730161,37.599998,34.700001,,,0.0,-1.0999979999999994,-0.10000300000000095
CAN,1987,,,0.58730161,37.0,34.400002,,,0.0,1.0,1.0
CAN,1988,,,0.58730161,36.400002,34.5,,,0.0,2.0,0.40000200000000063
CAN,1989,,,0.58730161,36.5,34.599998,,,0.0,2.2999989999999997,-0.2999989999999997
CAN,1990,,,0.58730161,38.0,35.400002,,,0.0,0.9000020000000006,-1.7000010000000003
CAN,1991,11.625164270599843,,0.58730161,38.400002,34.900002,,,0.0,-1.0,-1.8000040000000013
CAN,1992,10.662452290869435,,0.58730161,38.799999,34.299999,,,0.0,-1.7999989999999997,-1.7999989999999997
CAN,1993,11.741089393041,,0.58730161,38.900002,33.700001,,,0.0,-2.9000020000000006,-1.8000010000000017
CAN,1994,13.68904569761043,,0.58730161,37.400002,33.099998,,,0.0,-3.7000010000000003,-2.199998000000001
CAN,1995,15.003330490631543,,0.58730161,37.0,32.5,,,0.0,-4.0,-2.0
CAN,1996,15.021360191226139,,0.58730161,36.0,31.9,3.3961959206262957,,0.0,-3.7000010000000003,-2.0
CAN,1997,14.593885292142192,,0.58730161,33.700001,30.9,3.9314330012727563,,0.0,-1.4000020000000006,-0.7999999999999972
CAN,1998,12.751727649633848,,0.58730161,33.0,30.5,1.0106382565928484,,0.0,-0.7000010000000003,-0.2999989999999997
CAN,1999,14.689337575898314,,0.58730161,32.299999,29.9,1.000291878287884,,0.0,-0.09999799999999937,0.20000000000000284
CAN,2000,17.183931424641443,42.43,0.58730161,32.299999,30.1,2.1806009340099006,-6.560000000000002,0.0,-0.09999799999999937,0.0
CAN,2001,16.656525776080898,40.48,0.58730161,32.299999,30.200001,1.635165584854759,-6.099999999999994,0.0,-0.5999979999999994,-0.40000200000000063
CAN,2002,16.130216334771287,38.02,0.58730161,32.200001,30.1,1.5363310426290955,-3.831257000000001,0.0,-0.20000100000000032,-0.30000100000000174
CAN,2003,17.541226450148773,35.87,0.58730161,32.200001,30.1,4.7894988005149255,-1.946005999999997,0.0,-0.6000009999999989,-0.8999990000000011
CAN,2004,18.07334065437004,34.38,0.58730161,31.700001,29.799999,3.384003078471725,-0.45728900000000294,0.0,-0.40000200000000063,-0.6999989999999983
CAN,2005,18.258256335142608,34.188743,0.58730161,32.0,29.799999,1.074324910501165,-2.7572490000000016,0.0,-1.0,-1.0
CAN,2006,16.744912410238634,33.923994,0.58730161,31.6,29.200001,0.08838663415773595,-2.9870979999999996,0.0,-0.10000000000000142,0.19999899999999826
CAN,2007,15.310609968712493,33.922711,0.58730161,31.299999,29.1,-0.8196063660587942,-4.538827999999999,0.0,0.1000009999999989,0.19999899999999826
CAN,2008,14.819302856971536,31.431494,0.58730161,31.0,28.799999,-2.7219235931772374,-3.750007,0.0,-0.20000100000000032,0.0
CAN,2009,10.01393131367537,30.936896,0.58730161,31.5,29.4,-8.05940934069467,-4.789058000000001,0.0,-0.6000000000000014,-0.5
CAN,2010,11.984742863725613,29.383883,0.58730161,31.4,29.299999,-6.273513471416996,-3.1405640000000012,0.0,-0.5,-0.5
CAN,2011,12.769916241798967,27.681487,0.58730161,30.799999,28.799999,-3.9749961684396666,-1.4562150000000003,0.0,-0.5999979999999994,-0.6999989999999983
CAN,2012,11.444253705658738,26.147838,0.58730161,30.9,28.9,-3.8663562630537545,0.5410119999999985,0.0,-0.5,-0.6999989999999983
CAN,2013,11.101515673707828,26.243319,0.58730161,30.9,28.799999,-3.7177871832637077,0.4436050000000016,0.0,-0.8999999999999986,-0.7999989999999997
CAN,2014,11.106069756085674,26.225272,0.58730161,30.200001,28.1,1.0921384424103042,0.41950999999999894,0.0,-0.20000100000000032,-0.10000000000000142
CAN,2015,8.550807746208227,26.68885,0.58730161,30.4,28.200001,-3.433935117517386,0.07815400000000139,0.0,-0.7999999999999972,-0.6000009999999989
CAN,2016,8.677705934391572,26.686924,0.58730161,30.0,28.0,-4.092210307407395,-0.07904600000000173,0.0,-0.20000100000000032,-0.20000100000000032
CAN,2017,9.506480132456954,26.644782,0.58730161,30.0,28.0,-1.9377735732017847,-0.4000249999999994,0.0,1.0,1.1000000000000014
CAN,2018,9.344520443889447,26.767004,0.58730161,29.6,27.6,-1.756995229818381,-0.5987259999999992,0.0,1.100000999999999,1.2999999999999972
CAN,2019,9.061178047920643,26.607878,0.58730161,29.799999,27.799999,-2.0448917081650304,-0.6586150000000011,0.0,0.6000009999999989,0.40000200000000063
CAN,2020,8.85914276681752,26.244757,0.58730161,31.0,29.1,0.3083350206092934,-0.22900599999999827,0.0,-0.5,-0.7000000000000028
CAN,2021,10.142637001337459,26.168278,0.58730161,30.700001,28.9,1.464931066945887,-0.17827800000000238,0.0,-0.5,-0.6000009999999989
CAN,2022,10.620534175693368,25.949263,0.58730161,30.4,28.200001,1.1140540432364148,0.050737000000001586,0.0,,
CAN,2023,9.29514921556919,26.015751,0.58730161,30.5,28.4,-0.04937122832025764,-0.015751000000001625,,,
CAN,2024,8.953624292349655,25.99,0.58730161,30.200001,28.299999,-0.10755375557098823,,,,
CAN,2025,,26.0,0.58730161,,,,,,,
CAN,2026,,26.0,,,,,,,,
CHE,1960,,,,50.0,31.200001,,,,,-2.0
CHE,1961,,,,,30.4,,,,,-1.600000999999999
CHE,1962,,,,,29.799999,,,,,-1.2999989999999997
CHE,1963,,,,,29.200001,,,,,-1.100000999999999
CHE,1964,,,,,28.799999,,,,,-1.5999979999999994
CHE,1965,,,,50.0,28.5,,,,,-1.8999999999999986
CHE,1966,,,,,28.1,,,,,-1.899999000000001
CHE,1967,,,,,27.200001,,,,,-1.8000010000000017
CHE,1968,,,,,26.6,,,,,-1.0
CHE,1969,,,,,26.200001,,,,,-0.8000010000000017
CHE,1970,,,,50.0,25.4,,,,,-0.19999899999999826
CHE,1971,,,,,25.6,,,,,-0.20000000000000284
CHE,1972,,,,,25.4,,,,,3.0
CHE,1973,,,,,25.200001,,,,,4.5
CHE,1974,,,,,25.4,,,,,4.0
CHE,1975,,,,50.0,28.4,,,,,0.5
CHE,1976,,,,,29.700001,,,,,-1.100000999999999
CHE,1977,,,,,29.4,,,,,-1.2999999999999972
CHE,1978,,,,,28.9,,,,,-1.3999999999999986
CHE,1979,,,,,28.6,,,,,-1.399999000000001
CHE,1980,,,,50.0,28.1,,,,,-1.1000000000000014
CHE,1981,,,,,27.5,,,,,-0.7999989999999997
CHE,1982,,,,,27.200001,,,,,-1.8000010000000017
CHE,1983,,,,,27.0,,,,,-2.6000000000000014
CHE,1984,,,,,26.700001,,,,,-2.600000999999999
CHE,1985,,,1.4285715,50.0,25.4,,,0.0,,-1.6999989999999983
CHE,1986,,,1.4285715,,24.4,,,0.0,,-1.100000999999999
CHE,1987,,,1.4285715,,24.1,,,0.0,,-1.1000000000000014
CHE,1988,,,1.4285715,,23.700001,,,0.0,,-0.7000010000000003
CHE,1989,,,1.4285715,,23.299999,,,0.0,,0.1000009999999989
CHE,1990,,,1.4285715,49.200001,23.0,,,0.0,,0.5
CHE,1991,2.913737794344017,,1.4285715,47.5,23.0,,,0.0,-0.09999799999999937,0.6000000000000014
CHE,1992,2.8064042443307535,,1.4285715,49.099998,23.4,,,0.0,,-0.29999999999999716
CHE,1993,2.974503443700999,,1.4285715,,23.5,,,0.0,,-0.7999989999999997
CHE,1994,3.475507640381074,,1.4285715,47.400002,23.6,,,0.0,,-1.3000010000000017
CHE,1995,3.4137371206613016,,1.4285715,,23.1,,,0.0,,-1.1000000000000014
CHE,1996,3.568818198446512,,1.4285715,45.5,22.700001,0.6550804041024949,,0.0,1.4000020000000006,-1.3000010000000017
CHE,1997,3.6467515453746024,,1.4285715,,22.299999,0.8403473010438489,,0.0,,-1.5999979999999994
CHE,1998,3.7527265040594773,,1.4285715,,22.0,0.7782230603584783,,0.0,,-1.7999989999999997
CHE,1999,3.371327459946859,,1.4285715,46.900002,21.4,-0.10418018043421506,,0.0,,-1.100000999999999
CHE,2000,3.5719389233262393,24.925489,1.4285715,,20.700001,0.15820180266493766,-0.8256649999999972,0.0,,-0.30000100000000174
CHE,2001,2.9874570584998543,24.699362,1.4285715,40.900002,20.200001,-0.5813611399466576,-0.599537999999999,0.0,,-0.30000100000000174
CHE,2002,2.4908273674112187,24.415353,1.4285715,,20.299999,-1.1559241779633838,-3.0853530000000013,0.0,,-0.5
CHE,2003,2.615935297675835,24.099824,1.4285715,47.299999,20.4,-1.1367912063836423,-2.7698240000000034,0.0,,-1.100000999999999
CHE,2004,3.128147489062888,24.099824,1.4285715,,19.9,-0.2431799708839706,-2.7765450000000023,0.0,,-1.0
CHE,2005,3.495095294690467,21.33,1.4285715,45.900002,19.799999,-0.0768436286357721,-0.15556199999999976,0.0,,-1.899999000000001
CHE,2006,4.184229590003547,21.33,1.4285715,,19.299999,1.1967725315036923,-0.15556199999999976,0.0,,-1.5999979999999994
CHE,2007,4.473844790335186,21.323279,1.4285715,46.200001,18.9,1.9830174229239677,-0.1488410000000009,0.0,,-1.2999999999999972
CHE,2008,4.194223870968479,21.174438,1.4285715,,17.9,1.5782885732926437,0.0,0.0,,-0.8999999999999986
CHE,2009,3.1411496071075775,21.174438,1.4285715,46.200001,17.700001,0.013002118044689315,0.0,0.0,3.7999989999999997,-1.2000010000000003
CHE,2010,3.9203267025037527,21.174438,1.4285715,,17.6,0.4252314078132855,-0.025856999999998465,0.0,,-1.0
CHE,2011,3.5839711283961706,21.174438,1.4285715,,17.0,-0.6002584616073761,-0.025856999999998465,0.0,,-0.8999999999999986
CHE,2012,3.693284605516347,21.174438,1.4285715,50.0,16.5,-0.7805601848188393,-0.025856999999998465,0.0,,-0.8000000000000007
CHE,2013,3.5063993354190206,21.148581,1.4285715,,16.6,-0.6878245355494581,0.0,0.0,,-1.3000000000000007
CHE,2014,3.6249849209159057,21.148581,1.4285715,49.599998,16.1,0.4838353138083282,0.0,0.0,,-1.200000000000001
CHE,2015,3.49643500789852,21.148581,1.4285715,,15.7,-0.4238916946052327,0.0,0.0,,-1.299999999999999
CHE,2016,3.607138025860889,21.148581,1.4285715,50.400002,15.3,0.02316689746471834,0.0,0.0,,-1.200000000000001
CHE,2017,3.488603335453857,21.148581,1.4285715,,14.9,-0.20468127006249004,0.0,0.0,,-1.0
CHE,2018,4.101597589134386,21.148581,1.4285715,50.0,14.4,0.595198253715365,-1.4500649999999986,0.0,1.5,-0.9000000000000004
CHE,2019,3.7311332059009517,21.148581,1.4285715,,14.1,0.10614828498504592,-1.4952289999999984,0.0,,-0.9000000000000004
CHE,2020,3.0361383763634184,21.148581,1.4285715,,13.9,-0.4602966315351016,-1.4952289999999984,0.0,,-1.200000000000001
CHE,2021,4.45681923200728,19.698516,1.4285715,51.5,13.5,0.8496812061463914,-0.09037800000000118,0.0,,
CHE,2022,4.545005829919107,19.653352,1.4285715,,13.2,1.0564024944652504,-0.04553100000000043,0.0,,
CHE,2023,3.9344106935086867,19.653352,1.4285715,,12.7,-0.167186895625699,-0.18148100000000156,,,
CHE,2024,,19.608138,1.4285715,,,,,,,
CHE,2025,,19.607821,1.4285715,,,,,,,
CHE,2026,,19.471871,,,,,,,,
CHL,1964,,,,,22.0,,,,,
CHL,1970,,,,,21.6,,,,,
CHL,1972,,,,,28.700001,,,,,1.5
CHL,1975,,,,,30.200001,,,,,
CHL,1977,,,,,28.700001,,,,,-19.5000012
CHL,1980,,,,,9.1999998,,,,,
CHL,1981,,,,,9.6000004,,,,,
CHL,1982,,,,,8.6999998,,,,,
CHL,1986,,,,,11.5,,,,,1.6999999999999993
CHL,1987,,,,,12.1,,,,,3.3000000000000007
CHL,1988,,,,,12.2,,,,,4.900000000000002
CHL,1989,,,,,13.2,,,,,3.5999990000000004
CHL,1990,,,,,15.4,,,,,-0.40000000000000036
CHL,1991,,,,,17.1,,,,,-2.700000000000001
CHL,1992,,,,,16.799999,,,,,-3.499998999999999
CHL,1993,,,,,15.0,,,,,
CHL,1994,,,,,14.4,,,,,-2.200000000000001
CHL,1995,,,,,13.3,,,,,-1.6000000000000014
CHL,1997,,,,,12.2,,,,,-1.0
CHL,1998,,,,,11.7,,,,,-0.5999999999999996
CHL,1999,,,,,11.4,,,,,-0.09999999999999964
CHL,2000,,15.0,,,11.2,,1.5,,,0.8000000000000007
CHL,2001,,15.0,,,11.1,,2.0,,,0.8000000000000007
CHL,2002,,16.0,,,11.3,,1.0,,,0.1999999999999993
CHL,2003,,16.5,,,12.0,,0.5,,,-0.40000000000000036
CHL,2004,,17.0,,,11.9,,0.0,,,0.0
CHL,2005,,17.0,,,11.5,,0.0,,,1.3000000000000007
CHL,2006,,17.0,,,11.6,,0.0,,,2.0
CHL,2007,,17.0,,,11.9,,0.0,,,1.5
CHL,2008,,17.0,2.6746032,,12.8,,3.0,0.0,,0.5
CHL,2009,,17.0,2.6746032,14.8,13.6,,3.0,0.0,1.1999999999999993,0.09999999999999964
CHL,2010,,17.0,2.6746032,14.8,13.4,,3.0,0.0,1.6999999999999993,0.09999999999999964
CHL,2011,,20.0,2.6746032,15.2,13.3,,1.0,0.0,2.3000000000000007,0.6999999999999993
CHL,2012,,20.0,2.6746032,16.0,13.7,,2.5,0.0,1.1000000000000014,1.0
CHL,2013,,20.0,2.6746032,16.5,13.5,,4.0,0.0,0.7000010000000003,2.6000000000000014
CHL,2014,,21.0,2.6746032,17.5,14.0,,4.5,0.0,-0.3999999999999986,2.3999999999999986
CHL,2015,,22.5,2.6746032,17.1,14.7,,4.5,0.0,-0.5,1.3000000000000007
CHL,2016,,24.0,2.6746032,17.200001,16.1,,3.0,0.0,-0.5,0.0
CHL,2017,,25.5,2.6746032,17.1,16.4,,1.5,0.0,0.5,1.899999000000001
CHL,2018,,27.0,2.6746032,16.6,16.0,,0.0,0.0,3.100000999999999,1.2000010000000003
CHL,2019,,27.0,2.6746032,16.700001,16.1,,0.0,0.0,1.899999000000001,0.29999999999999716
CHL,2020,,27.0,2.6746032,17.6,18.299999,,0.0,0.0,1.6999989999999983,-2.2999989999999997
CHL,2021,,27.0,2.6746032,19.700001,17.200001,,0.0,0.0,,
CHL,2022,,27.0,2.6746032,18.6,16.4,,0.0,0.0,,
CHL,2023,,27.0,2.6746032,19.299999,16.0,,0.0,,,
CHL,2024,,27.0,2.6746032,,,,,,,
CHL,2025,,27.0,2.6746032,,,,,,,
CHL,2026,,27.0,,,,,,,,
CHN,2000,,33.0,,,,,0.0,,,
CHN,2001,,33.0,,,,,0.0,,,
CHN,2002,,33.0,,,,,0.0,,,
CHN,2003,,33.0,,,,,0.0,,,
CHN,2004,,33.0,,,,,0.0,,,
CHN,2005,,33.0,,,,,-8.0,,,
CHN,2006,,33.0,,,,,-8.0,,,
CHN,2007,,33.0,,,,,-8.0,,,
CHN,2008,,25.0,3.2579365,,,,0.0,0.0,,
CHN,2009,,25.0,3.2579365,,,,0.0,0.0,,
CHN,2010,,25.0,3.2579365,,,,0.0,,,
CHN,2011,,25.0,3.2579365,,,,0.0,,,
CHN,2012,,25.0,3.2579365,,,,0.0,,,
CHN,2013,,25.0,,,,,0.0,,,
CHN,2014,,25.0,,,,,0.0,,,
CHN,2015,,25.0,,,,,0.0,,,
CHN,2016,,25.0,,,,,0.0,,,
CHN,2017,,25.0,,,,,0.0,,,
CHN,2018,,25.0,,,,,0.0,,,
CHN,2019,,25.0,,,,,0.0,,,
CHN,2020,,25.0,,,,,0.0,,,
CHN,2021,,25.0,,,,,0.0,,,
CHN,2022,,25.0,,,,,0.0,,,
CHN,2023,,25.0,,,,,0.0,,,
CHN,2024,,25.0,,,,,,,,
CHN,2025,,25.0,,,,,,,,
CHN,2026,,25.0,,,,,,,,
CIV,2000,,35.0,,,,,0.0,,,
CIV,2001,,35.0,,,,,0.0,,,
CIV,2002,,35.0,,,,,0.0,,,
CIV,2003,,35.0,,,,,-8.0,,,
CIV,2004,,35.0,,,,,-8.0,,,
CIV,2005,,35.0,,,,,-10.0,,,
CIV,2006,,27.0,,,,,-2.0,,,
CIV,2007,,27.0,,,,,-2.0,,,
CIV,2008,,25.0,,,,,0.0,,,
CIV,2009,,25.0,,,,,0.0,,,
CIV,2010,,25.0,,,,,0.0,,,
CIV,2011,,25.0,,,,,0.0,,,
CIV,2012,,25.0,,,,,0.0,,,
CIV,2013,,25.0,,,,,0.0,,,
CIV,2014,,25.0,,,,,0.0,,,
CIV,2015,,25.0,,,,,0.0,,,
CIV,2016,,25.0,,,,,0.0,,,
CIV,2017,,25.0,,,,,0.0,,,
CIV,2018,,25.0,,,,,0.0,,,
CIV,2019,,25.0,,,,,0.0,,,
CIV,2020,,25.0,,,,,0.0,,,
CIV,2021,,25.0,,,,,0.0,,,
CIV,2022,,25.0,,,,,0.0,,,
CIV,2023,,25.0,,,,,0.0,,,
CIV,2024,,25.0,,,,,,,,
CIV,2025,,25.0,,,,,,,,
CIV,2026,,25.0,,,,,,,,
CMR,2000,,38.5,,,,,0.0,,,
CMR,2001,,38.5,,,,,0.0,,,
CMR,2002,,38.5,,,,,0.0,,,
CMR,2003,,38.5,,,,,0.0,,,
CMR,2004,,38.5,,,,,0.0,,,
CMR,2005,,38.5,,,,,0.0,,,
CMR,2006,,38.5,,,,,0.0,,,
CMR,2007,,38.5,,,,,0.0,,,
CMR,2008,,38.5,,,,,0.0,,,
CMR,2009,,38.5,,,,,0.0,,,
CMR,2010,,38.5,,,,,0.0,,,
CMR,2011,,38.5,,,,,0.0,,,
CMR,2012,,38.5,,,,,-5.5,,,
CMR,2013,,38.5,,,,,-5.5,,,
CMR,2014,,38.5,,,,,-5.5,,,
CMR,2015,,33.0,,,,,0.0,,,
CMR,2016,,33.0,,,,,0.0,,,
CMR,2017,,33.0,,,,,0.0,,,
CMR,2018,,33.0,,,,,0.0,,,
CMR,2019,,33.0,,,,,0.0,,,
CMR,2020,,33.0,,,,,0.0,,,
CMR,2021,,33.0,,,,,0.0,,,
CMR,2022,,33.0,,,,,0.0,,,
CMR,2023,,33.0,,,,,0.0,,,
CMR,2024,,33.0,,,,,,,,
CMR,2025,,33.0,,,,,,,,
CMR,2026,,33.0,,,,,,,,
COD,2000,,50.0,,,,,-10.0,,,
COD,2001,,50.0,,,,,-10.0,,,
COD,2002,,40.0,,,,,0.0,,,
COD,2003,,40.0,,,,,0.0,,,
COD,2004,,40.0,,,,,0.0,,,
COD,2005,,40.0,,,,,0.0,,,
COD,2006,,40.0,,,,,0.0,,,
COD,2007,,40.0,,,,,0.0,,,
COD,2008,,40.0,,,,,0.0,,,
COD,2009,,40.0,,,,,0.0,,,
COD,2010,,40.0,,,,,-5.0,,,
COD,2011,,40.0,,,,,-5.0,,,
COD,2012,,40.0,,,,,-5.0,,,
COD,2013,,35.0,,,,,0.0,,,
COD,2014,,35.0,,,,,0.0,,,
COD,2015,,35.0,,,,,0.0,,,
COD,2016,,35.0,,,,,-5.0,,,
COD,2017,,35.0,,,,,-5.0,,,
COD,2018,,35.0,,,,,-5.0,,,
COD,2019,,30.0,,,,,0.0,,,
COD,2020,,30.0,,,,,0.0,,,
COD,2021,,30.0,,,,,0.0,,,
COD,2022,,30.0,,,,,0.0,,,
COD,2023,,30.0,,,,,0.0,,,
COD,2024,,30.0,,,,,,,,
COD,2025,,30.0,,,,,,,,
COD,2026,,30.0,,,,,,,,
COG,2000,,45.0,,,,,-5.0,,,
COG,2001,,45.0,,,,,-7.0,,,
COG,2002,,40.0,,,,,-2.0,,,
COG,2003,,40.0,,,,,-2.0,,,
COG,2004,,38.0,,,,,0.0,,,
COG,2005,,38.0,,,,,0.0,,,
COG,2006,,38.0,,,,,0.0,,,
COG,2007,,38.0,,,,,0.0,,,
COG,2008,,38.0,,,,,-2.0,,,
COG,2009,,38.0,,,,,-3.0,,,
COG,2010,,38.0,,,,,-5.0,,,
COG,2011,,36.0,,,,,-3.0,,,
COG,2012,,35.0,,,,,-5.0,,,
COG,2013,,33.0,,,,,-3.0,,,
COG,2014,,33.0,,,,,-3.0,,,
COG,2015,,30.0,,,,,0.0,,,
COG,2016,,30.0,,,,,0.0,,,
COG,2017,,30.0,,,,,0.0,,,
COG,2018,,30.0,,,,,-2.0,,,
COG,2019,,30.0,,,,,-2.0,,,
COG,2020,,30.0,,,,,-2.0,,,
COG,2021,,28.0,,,,,0.0,,,
COG,2022,,28.0,,,,,0.0,,,
COG,2023,,28.0,,,,,0.0,,,
COG,2024,,28.0,,,,,,,,
COG,2025,,28.0,,,,,,,,
COG,2026,,28.0,,,,,,,,
COK,2000,,0.0,,,,,0.0,,,
COK,2001,,0.0,,,,,0.0,,,
COK,2002,,0.0,,,,,0.0,,,
COK,2003,,0.0,,,,,0.0,,,
COK,2004,,0.0,,,,,0.0,,,
COK,2005,,0.0,,,,,0.0,,,
COK,2006,,0.0,,,,,0.0,,,
COK,2007,,0.0,,,,,0.0,,,
COK,2008,,0.0,,,,,0.0,,,
COK,2009,,0.0,,,,,0.0,,,
COK,2010,,0.0,,,,,0.0,,,
COK,2011,,0.0,,,,,0.0,,,
COK,2012,,0.0,,,,,0.0,,,
COK,2013,,0.0,,,,,0.0,,,
COK,2014,,0.0,,,,,0.0,,,
COK,2015,,0.0,,,,,0.0,,,
COK,2016,,0.0,,,,,20.0,,,
COK,2017,,0.0,,,,,20.0,,,
COK,2018,,0.0,,,,,20.0,,,
COK,2019,,20.0,,,,,0.0,,,
COK,2020,,20.0,,,,,0.0,,,
COK,2021,,20.0,,,,,0.0,,,
COK,2022,,20.0,,,,,0.0,,,
COK,2023,,20.0,,,,,0.0,,,
COK,2024,,20.0,,,,,,,,
COK,2025,,20.0,,,,,,,,
COK,2026,,20.0,,,,,,,,
COL,2000,,35.0,,,,,1.75,,,
COL,2001,,35.0,,,,,3.5,,,
COL,2002,,35.0,,,,,3.5,,,
COL,2003,,36.75,,,,,1.75,,,
COL,2004,,38.5,,,,,-4.5,,,
COL,2005,,38.5,,,,,-5.5,,,
COL,2006,,38.5,,,,,-5.5,,,
COL,2007,,34.0,,,4.5,,-1.0,,,-0.9000001000000002
COL,2008,,33.0,,0.80000001,3.9000001,,0.0,,0.19999999000000002,-0.10000010000000037
COL,2009,,33.0,,1.1,3.4000001,,0.0,,-0.20000002000000006,0.9999999999999996
COL,2010,,33.0,,0.69999999,3.5999999,,1.0,,10.000000009999999,3.0999999
COL,2011,,33.0,,1.0,3.8,,1.0,,11.3,2.1000001
COL,2012,,33.0,,0.89999998,4.4000001,,6.0,,13.60000002,1.1999998000000005
COL,2013,,34.0,,10.7,6.6999998,,6.0,,5.0,-1.1999997999999996
COL,2014,,34.0,1.2063493,12.3,5.9000001,,6.0,0.0,,-0.8000001999999995
COL,2015,,39.0,1.2063493,14.5,5.5999999,,-2.0,0.0,,-0.6999998000000005
COL,2016,,40.0,1.2063493,15.7,5.5,,-7.0,0.0,,-0.5999999000000003
COL,2017,,40.0,1.2063493,,5.0999999,,-8.0,0.0,,
COL,2018,,37.0,1.2063493,,4.9000001,,-6.0,0.0,,0.6999998000000005
COL,2019,,33.0,1.2063493,,4.9000001,,2.0,0.0,,-0.40000009999999975
COL,2020,,32.0,1.2063493,,,,3.0,0.0,,
COL,2021,,31.0,1.2063493,,5.5999999,,4.0,0.0,,-0.9000001000000006
COL,2022,,35.0,1.2063493,,4.5,,0.0,0.0,,
COL,2023,,35.0,1.2063493,,5.0,,,,,
COL,2024,,35.0,1.2063493,,4.6999998,,,,,
COL,2025,,35.0,1.2063493,,,,,,,
CPV,2000,,35.0,,,,,-5.0,,,
CPV,2001,,35.0,,,,,-5.0,,,
CPV,2002,,35.0,,,,,-5.0,,,
CPV,2003,,30.0,,,,,0.0,,,
CPV,2004,,30.0,,,,,0.0,,,
CPV,2005,,30.0,,,,,0.0,,,
CPV,2006,,30.0,,,,,-5.0,,,
CPV,2007,,30.0,,,,,-5.0,,,
CPV,2008,,30.0,,,,,-4.5,,,
CPV,2009,,25.0,,,,,0.5,,,
CPV,2010,,25.0,,,,,0.5,,,
CPV,2011,,25.5,,,,,0.0,,,
CPV,2012,,25.5,,,,,0.0,,,
CPV,2013,,25.5,,,,,0.0,,,
CPV,2014,,25.5,,,,,0.0,,,
CPV,2015,,25.5,,,,,0.0,,,
CPV,2016,,25.5,,,,,-3.0599999999999987,,,
CPV,2017,,25.5,,,,,-3.0599999999999987,,,
CPV,2018,,25.5,,,,,-3.0599999999999987,,,
CPV,2019,,22.44,,,,,0.0,,,
CPV,2020,,22.44,,,,,0.0,,,
CPV,2021,,22.44,,,,,-1.0199999999999996,,,
CPV,2022,,22.44,,,,,-1.0199999999999996,,,
CPV,2023,,22.44,,,,,-2.0400000000000027,,,
CPV,2024,,21.42,,,,,,,,
CPV,2025,,21.42,,,,,,,,
CPV,2026,,20.4,,,,,,,,
CRI,1990,,,,,20.299999,,,,,-1.5
CRI,1991,,,,,20.9,,,,,-2.100000999999999
CRI,1992,,,,,20.1,,,,,-1.2000000000000028
CRI,1993,,,,,18.799999,,,,,-0.2999989999999997
CRI,1994,,,,,18.799999,,,,,-2.6999989999999983
CRI,1995,,,,,18.9,,,,,-5.699999999999999
CRI,1996,,,,,18.5,,,,,-3.1999999999999993
CRI,1997,,,,,16.1,,,,,-1.8000000000000007
CRI,1998,,,,,13.2,,,,,0.3000000000000007
CRI,1999,,,,,15.3,,,,,-1.0
CRI,2000,,30.0,,,14.3,,0.0,,,0.1999999999999993
CRI,2001,,30.0,,,13.5,,0.0,,,0.40000000000000036
CRI,2002,,30.0,,,14.3,,0.0,,,-1.0
CRI,2003,,30.0,,,14.5,,0.0,,,-1.5999999999999996
CRI,2004,,30.0,,,13.9,,0.0,,,-2.4000000000000004
CRI,2005,,30.0,,,13.3,,0.0,,,-1.3000000000000007
CRI,2006,,30.0,,,12.9,,0.0,,,0.09999999999999964
CRI,2007,,30.0,,,11.5,,0.0,,,1.4000000000000004
CRI,2008,,30.0,,,12.0,,0.0,,,1.4000000000000004
CRI,2009,,30.0,,,13.0,,0.0,,,0.09999999999999964
CRI,2010,,30.0,,,12.9,,0.0,,,0.7999999999999989
CRI,2011,,30.0,,4.5,13.4,,0.0,,4.8000001999999995,-1.0
CRI,2012,,30.0,,4.1999998,13.1,,0.0,,5.1000004,5.500000000000002
CRI,2013,,30.0,,9.5,13.7,,0.0,,1.0999999999999996,5.599999
CRI,2014,,30.0,0.6825397,9.3000002,12.4,,0.0,0.0,1.4999998000000012,6.899998999999999
CRI,2015,,30.0,0.6825397,9.3000002,18.6,,0.0,0.0,0.8999997999999998,0.7999999999999972
CRI,2016,,30.0,0.6825397,10.6,19.299999,,0.0,0.0,-0.29999999999999893,1.2000010000000003
CRI,2017,,30.0,0.6825397,10.8,19.299999,,0.0,0.0,1.0,3.7000010000000003
CRI,2018,,30.0,0.6825397,10.2,19.4,,0.0,0.0,0.6000000000000014,2.399999000000001
CRI,2019,,30.0,0.6825397,10.3,20.5,,0.0,0.0,0.09999999999999964,0.5
CRI,2020,,30.0,0.6825397,11.8,23.0,,0.0,0.0,-1.4000000000000004,-0.2999989999999997
CRI,2021,,30.0,0.6825397,10.8,21.799999,,0.0,0.0,-0.40000000000000036,0.6000009999999989
CRI,2022,,30.0,0.6825397,10.4,21.0,,0.0,0.0,,
CRI,2023,,30.0,0.6825397,10.4,22.700001,,0.0,,,
CRI,2024,,30.0,0.6825397,10.4,22.4,,,,,
CRI,2025,,30.0,0.6825397,,,,,,,
CRI,2026,,30.0,,,,,,,,
CUW,2000,,30.0,,,,,0.0,,,
CUW,2001,,30.0,,,,,0.0,,,
CUW,2002,,30.0,,,,,0.0,,,
CUW,2003,,30.0,,,,,0.0,,,
CUW,2004,,30.0,,,,,0.0,,,
CUW,2005,,30.0,,,,,0.0,,,
CUW,2006,,30.0,,,,,0.0,,,
CUW,2007,,30.0,,,,,0.0,,,
CUW,2008,,30.0,,,,,0.0,,,
CUW,2009,,30.0,,,,,-2.5,,,
CUW,2010,,30.0,,,,,-2.5,,,
CUW,2011,,30.0,,,,,-2.5,,,
CUW,2012,,27.5,,,,,-2.5,,,
CUW,2013,,27.5,,,,,-5.5,,,
CUW,2014,,27.5,,,,,-5.5,,,
CUW,2015,,25.0,,,,,-3.0,,,
CUW,2016,,22.0,,,,,0.0,,,
CUW,2017,,22.0,,,,,0.0,,,
CUW,2018,,22.0,,,,,0.0,,,
CUW,2019,,22.0,,,,,0.0,,,
CUW,2020,,22.0,,,,,-7.0,,,
CUW,2021,,22.0,,,,,-7.0,,,
CUW,2022,,22.0,,,,,-7.0,,,
CUW,2023,,15.0,,,,,0.0,,,
CUW,2024,,15.0,,,,,,,,
CUW,2025,,15.0,,,,,,,,
CUW,2026,,15.0,,,,,,,,
CYM,2000,,0.0,,,,,0.0,,,
CYM,2001,,0.0,,,,,0.0,,,
CYM,2002,,0.0,,,,,0.0,,,
CYM,2003,,0.0,,,,,0.0,,,
CYM,2004,,0.0,,,,,0.0,,,
CYM,2005,,0.0,,,,,0.0,,,
CYM,2006,,0.0,,,,,0.0,,,
CYM,2007,,0.0,,,,,0.0,,,
CYM,2008,,0.0,,,,,0.0,,,
CYM,2009,,0.0,,,,,0.0,,,
CYM,2010,,0.0,,,,,0.0,,,
CYM,2011,,0.0,,,,,0.0,,,
CYM,2012,,0.0,,,,,0.0,,,
CYM,2013,,0.0,,,,,0.0,,,
CYM,2014,,0.0,,,,,0.0,,,
CYM,2015,,0.0,,,,,0.0,,,
CYM,2016,,0.0,,,,,0.0,,,
CYM,2017,,0.0,,,,,0.0,,,
CYM,2018,,0.0,,,,,0.0,,,
CYM,2019,,0.0,,,,,0.0,,,
CYM,2020,,0.0,,,,,0.0,,,
CYM,2021,,0.0,,,,,0.0,,,
CYM,2022,,0.0,,,,,0.0,,,
CYM,2023,,0.0,,,,,0.0,,,
CYM,2024,,0.0,,,,,,,,
CYM,2025,,0.0,,,,,,,,
CYM,2026,,0.0,,,,,,,,
CYP,1995,11.341681166352071,,,,,,,,,
CYP,1996,10.499942938719666,,,,,,,,,
CYP,1997,10.14162767063398,,,,,,,,,
CYP,1998,11.461312032350204,,,,,,,,,
CYP,1999,12.262875768589009,,,,,,,,,
CYP,2000,12.390515421385963,,,,,1.048834255033892,,,,
CYP,2001,13.141091240938662,,,,,2.641148302218996,,,,
CYP,2002,11.758400563044226,,,,,1.6167728924102462,,,,
CYP,2003,10.076568577376506,,,,,-1.384743454973698,,,,
CYP,2004,10.073083305978876,,,,,-2.189792462610132,,,,
CYP,2005,8.826943685513704,,,,,-3.5635717358722587,,,,
CYP,2006,8.820130636845384,,,,,-4.320960604093278,,,,
CYP,2007,8.77322699419947,,,,,-2.985173568844756,,,,
CYP,2008,8.919394952855018,,,,,-1.1571736245214872,,,,
CYP,2009,7.59988988179177,,,,,-2.473193424187106,,,,
CYP,2010,8.021275438130866,,,,,-0.8056682473828385,,,,
CYP,2011,8.32423930368182,,,,,-0.4958913331635646,,,,
CYP,2012,7.8940121784904616,,,,,-0.879214815709009,,,,
CYP,2013,7.733948842923952,,,,,-1.1854461099310667,,,,
CYP,2014,7.5038444070973265,,,,,-0.09604547469444391,,,,
CYP,2015,8.45854460856184,,,,,0.4372691704309748,,,,
CYP,2016,9.637860964359952,,,,,1.3136216606781321,,,,
CYP,2017,9.755891976039685,,,,,1.8618797975492232,,,,
CYP,2018,10.05080277270219,,,,,2.3168539297782376,,,,
CYP,2019,10.155738161904324,,,,,2.6518937548069976,,,,
CYP,2020,9.438526867798124,,,,,0.9799822592362837,,,,
CYP,2021,11.62257818527728,,,,,1.9847172209173287,,,,
CYP,2022,11.52962259767922,,,,,1.773730621639535,,,,
CYP,2023,11.414200205316213,,,,,1.3633974326140237,,,,
CYP,2024,11.84568478100805,,,,,1.6899466191037256,,,,
CZE,1993,,,3.6388888,,61.599998,,,0.0,,-23.899997
CZE,1994,,,3.6388888,,49.400002,,,0.0,,-14.100003000000001
CZE,1995,6.228800982941274,,3.6388888,,41.700001,,,0.0,,-11.0
CZE,1996,6.226038524647083,,3.6388888,,37.700001,,,0.0,,-9.0
CZE,1997,5.763408778833135,,3.6388888,,35.299999,,,0.0,,-9.299999
CZE,1998,6.3177699598348385,,3.6388888,,30.700001,,,0.0,,-7.900002000000001
CZE,1999,6.073016154165522,,3.6388888,,28.700001,,,0.0,,-7.200001
CZE,2000,5.989274692568337,31.0,3.6388888,,26.0,-0.23952629037293693,0.0,0.0,,-4.5
CZE,2001,6.4284681677253,31.0,3.6388888,,22.799999,0.20242964307821687,-3.0,0.0,,-3.0
CZE,2002,6.211721614117396,31.0,3.6388888,,21.5,0.4483128352842609,-5.0,0.0,,-3.2000010000000003
CZE,2003,6.039967679811298,31.0,3.6388888,,21.5,-0.2778022800235407,-7.0,0.0,,-4.200001
CZE,2004,6.383432148078917,28.0,3.6388888,,19.799999,0.310415993913395,-4.0,-0.2539682000000001,,-3.2999989999999997
CZE,2005,6.952453782070124,26.0,3.6388888,,18.299999,0.9631790895017875,-5.0,-0.2539682000000001,,-2.3999989999999993
CZE,2006,7.5352730610759835,24.0,3.6388888,,17.299999,1.1068048933506835,-4.0,-0.2539682000000001,,-1.499998999999999
CZE,2007,7.935915183939664,24.0,3.3849206,,16.5,1.7241935698222681,-5.0,0.0,,-1.3000000000000007
CZE,2008,7.67365791819143,21.0,3.3849206,,15.9,1.6336902383801322,-2.0,0.0,,-1.4000000000000004
CZE,2009,6.9624687485826176,20.0,3.3849206,,15.8,0.5790366005037004,-1.0,-0.12698410000000004,,-1.9000000000000004
CZE,2010,7.0171482038669994,19.0,3.3849206,,15.2,0.06469442179687501,0.0,-0.12698410000000004,,-2.3999999999999986
CZE,2011,6.886736732290479,19.0,3.3849206,,14.5,-0.6485363287855046,0.0,-0.12698410000000004,,-2.4000000000000004
CZE,2012,6.321653375981552,19.0,3.2579365,47.599998,13.9,-1.614261807958112,0.0,0.0,-1.5999979999999994,-2.700000000000001
CZE,2013,6.365089599367188,19.0,3.2579365,47.0,12.8,-1.3085683188242418,0.0,0.0,-1.2999989999999997,-1.5
CZE,2014,7.137548937854101,19.0,3.2579365,47.099998,12.1,0.17508018927148328,0.0,0.0,-2.0999979999999994,-1.0999999999999996
CZE,2015,7.605424894599769,19.0,3.2579365,46.0,11.2,0.5882766907327692,0.0,0.0,-1.5,-0.3999999999999986
CZE,2016,7.481150104748811,19.0,3.2579365,45.700001,11.3,0.594413372458332,0.0,0.0,0.20000100000000032,-0.40000000000000036
CZE,2017,7.618129049730599,19.0,3.2579365,45.0,11.0,1.2964756737490468,0.0,0.0,1.0999979999999994,-0.40000000000000036
CZE,2018,7.291445794603554,19.0,3.2579365,44.5,10.8,0.9263561952363659,0.0,0.0,0.5999979999999994,-0.6000000000000014
CZE,2019,7.449449469836695,19.0,3.2579365,45.900002,10.9,0.3119005319825945,0.0,0.0,-0.8000040000000013,-1.2000001999999999
CZE,2020,6.426401683568109,19.0,3.2579365,46.099998,10.6,-1.1790232110316596,0.0,0.0,-3.6999959999999987,-1.2000004000000004
CZE,2021,6.7326678568202984,19.0,3.2579365,45.099998,10.2,-0.7484822479285125,2.0,0.0,-1.899996999999999,
CZE,2022,7.00938174755479,19.0,3.2579365,45.099998,9.6999998,-0.608747302175809,2.0,0.0,,
CZE,2023,7.515866936449554,19.0,3.2579365,42.400002,9.3999996,0.22442114184600026,2.0,,,
CZE,2024,6.921664913535565,21.0,3.2579365,43.200001,,-0.5277845563011301,,,,
CZE,2025,,21.0,3.2579365,,,,,,,
CZE,2026,,21.0,,,,,,,,
DEU,1960,,,,85.0,33.900002,,,,,-1.3000040000000013
DEU,1961,,,,,33.400002,,,,,-1.100003000000001
DEU,1962,,,,,33.099998,,,,,-1.0
DEU,1963,,,,,32.599998,,,,,-0.899996999999999
DEU,1964,,,,,32.299999,,,,,-0.20000100000000032
DEU,1965,,,,85.0,32.099998,,,,,-0.5999979999999994
DEU,1966,,,,,31.700001,,,,,-0.7000010000000003
DEU,1967,,,,,32.099998,,,,,-0.7999989999999997
DEU,1968,,,,,31.5,,,,,-0.10000000000000142
DEU,1969,,,,,31.0,,,,,0.5
DEU,1970,,,,85.0,31.299999,,,,,0.30000100000000174
DEU,1971,,,,,31.4,,,,,1.399999000000001
DEU,1972,,,,,31.5,,,,,2.0
DEU,1973,,,,,31.6,,,,,2.3999999999999986
DEU,1974,,,,,32.799999,,,,,1.2999989999999997
DEU,1975,,,,85.0,33.5,,,,,0.7999989999999997
DEU,1976,,,,,34.0,,,,,0.0
DEU,1977,,,,,34.099998,,,,,-0.5
DEU,1978,,,,,34.299999,,,,,-0.5
DEU,1979,,,,,34.0,,,,,-0.5
DEU,1980,,,,85.0,33.599998,,,,,-0.2999989999999997
DEU,1981,,,,,33.799999,,,,,-1.2999989999999997
DEU,1982,,,,,33.5,,,,,-1.2999989999999997
DEU,1983,,,,,33.299999,,,,,-1.7999989999999997
DEU,1984,,,,,32.5,,,,,-1.6000000000000014
DEU,1985,,,2.5,85.0,32.200001,,,0.0,,-1.7000010000000003
DEU,1986,,,2.5,,31.5,,,0.0,,-1.5
DEU,1987,,,2.5,,30.9,,,0.0,,-1.5
DEU,1988,,,2.5,,30.5,,,0.0,,3.4000020000000006
DEU,1989,,,2.5,,30.0,,,0.0,,1.8999999999999986
DEU,1990,,,2.5,85.0,29.4,,,0.0,,0.6000000000000014
DEU,1991,5.297945182875081,,2.5,,33.900002,,,0.09523819999999983,,-5.500002000000002
DEU,1992,4.921076073021415,,2.5,,31.9,,,0.09523819999999983,,-4.600000999999999
DEU,1993,4.506602178364774,,2.5,,30.0,,,0.09523819999999983,,-4.200001
DEU,1994,4.7914304211825645,,2.5952382,,28.4,,,0.0,,-3.3999999999999986
DEU,1995,4.727508756080432,,2.5952382,80.800003,27.299999,,,0.0,-7.200005000000004,-3.1999989999999983
DEU,1996,4.7765317827141756,,2.5952382,75.699997,25.799999,-0.5214134001609052,,0.0,-5.099998999999997,-2.5999979999999994
DEU,1997,4.960359270533117,,2.5952382,74.900002,25.0,0.039283197511702284,,0.0,-7.099998999999997,-3.0
DEU,1998,5.148979383383282,,2.5952382,73.599998,24.1,0.6423772050185086,,0.0,-4.799994999999996,-2.700000000000003
DEU,1999,5.004085693533248,,2.5952382,70.599998,23.200001,0.21265527235068316,,0.0,-2.7999949999999956,-2.100000999999999
DEU,2000,4.655896202965864,51.611553,2.5952382,67.800003,22.0,-0.07161255311456838,-11.973933000000002,0.0,-0.20000500000000443,-1.2999989999999997
DEU,2001,5.037171670593554,38.259958,2.5952382,68.800003,21.4,0.2606398878793783,0.07756300000000493,0.0,-3.0,-1.600000999999999
DEU,2002,5.1063047999161615,38.285834,2.5952382,67.800003,21.1,0.14594552938304428,0.07749799999999851,0.0,-2.900001000000003,-1.5
DEU,2003,5.050427319702987,39.63762,2.5952382,67.599998,20.700001,-0.09855206368029545,-1.222730999999996,0.0,-4.299999,-1.600000999999999
DEU,2004,5.504810661288065,38.337521,2.5952382,65.800003,19.799999,0.5007249677548176,0.025810999999997364,0.0,-4.1000020000000035,-1.399999000000001
DEU,2005,5.748588566223058,38.363332,2.5952382,64.900002,19.6,1.0926923632571937,-8.958331999999999,0.0,-3.600003000000001,-1.8000010000000017
DEU,2006,6.457446641027698,38.414889,2.5952382,63.299999,19.1,1.4202749704341437,-9.044889000000001,0.0,-1.5999979999999994,-1.5
DEU,2007,6.687738510130088,38.363332,2.5952382,61.700001,18.4,1.5814337102139264,-8.876368,0.0,-1.9000020000000006,-1.100000999999999
DEU,2008,6.163261030029195,29.405,2.5952382,61.299999,17.799999,1.1128337103262078,0.14593400000000045,0.0,-2.399996999999999,-0.7999989999999997
DEU,2009,4.694853871870002,29.37,2.5952382,61.700001,17.6,-0.809956789418063,0.2099999999999973,0.0,-3.4000020000000006,-0.8000010000000017
DEU,2010,5.443779330106363,29.486964,2.5952382,59.799999,17.299999,-0.30480923611669475,0.15801000000000087,0.0,-2.2000010000000003,-0.6999989999999983
DEU,2011,5.693963557616195,29.550934,2.5952382,58.900002,17.0,-0.7634830834115025,0.1562759999999983,0.0,-1.100003000000001,-0.6000000000000014
DEU,2012,5.179944916761857,29.58,2.5952382,58.299999,16.799999,-1.5077935933682305,0.20047500000000085,0.0,-1.5,-0.5999979999999994
DEU,2013,5.061631079375392,29.644974,2.5952382,57.599998,16.6,-1.1016299506538028,0.1738699999999973,0.0,-1.5999979999999994,-0.7000000000000011
DEU,2014,5.286901832316808,29.70721,2.5952382,57.799999,16.4,0.5920479604468056,0.1820529999999998,0.0,-2.7999989999999997,-0.7999999999999989
DEU,2015,5.270117700366787,29.780475,2.5952382,56.799999,16.200001,-0.1736616297395761,0.11658399999999958,0.0,-2.7999989999999997,-0.800001
DEU,2016,5.363265402958092,29.818844,2.5952382,56.0,15.9,-0.33069815465810315,0.11893700000000251,0.0,-4.0,-0.8000000000000007
DEU,2017,5.479470777163227,29.889263,2.5952382,55.0,15.6,0.29952586040136975,-0.05893199999999865,0.0,-4.0,-0.5
DEU,2018,5.005428903981606,29.897059,2.5952382,54.0,15.4,-0.05620217539378558,0.04414900000000088,0.0,-2.0,-0.5999999999999996
DEU,2019,4.625613301940863,29.937781,2.5952382,52.0,15.1,-0.6612885303759448,-0.010713000000002637,0.0,-1.0,-0.6999999999999993
DEU,2020,4.2158141185636575,29.830331,2.5952382,51.0,15.1,-1.0543035818031292,0.22813099999999764,0.0,-2.0,-0.7999999999999989
DEU,2021,4.853460525275988,29.941208,2.5952382,52.0,14.8,-0.5098048776821038,0.19181800000000138,0.0,-3.0,-0.7000000000000011
DEU,2022,4.555224277986147,29.927068,2.5952382,51.0,14.4,-0.9242464991770802,0.20595800000000253,0.0,,
DEU,2023,4.624777845725748,30.058462,2.5952382,49.0,14.3,-0.3806510582558582,0.0745640000000023,,,
DEU,2024,3.8254000042099134,30.133026,2.5952382,49.0,14.1,-0.8002132977309495,,,,
DEU,2025,,30.133026,2.5952382,,,,,,,
DEU,2026,,30.133026,,,,,,,,
DJI,2007,,25.0,,,,,0.0,,,
DJI,2008,,25.0,,,,,0.0,,,
DJI,2009,,25.0,,,,,0.0,,,
DJI,2010,,25.0,,,,,0.0,,,
DJI,2011,,25.0,,,,,0.0,,,
DJI,2012,,25.0,,,,,0.0,,,
DJI,2013,,25.0,,,,,0.0,,,
DJI,2014,,25.0,,,,,0.0,,,
DJI,2015,,25.0,,,,,0.0,,,
DJI,2016,,25.0,,,,,0.0,,,
DJI,2017,,25.0,,,,,0.0,,,
DJI,2018,,25.0,,,,,0.0,,,
DJI,2019,,25.0,,,,,0.0,,,
DJI,2020,,25.0,,,,,0.0,,,
DJI,2021,,25.0,,,,,0.0,,,
DJI,2022,,25.0,,,,,0.0,,,
DJI,2023,,25.0,,,,,0.0,,,
DJI,2024,,25.0,,,,,,,,
DJI,2025,,25.0,,,,,,,,
DJI,2026,,25.0,,,,,,,,
DMA,2000,,30.0,,,,,0.0,,,
DMA,2001,,30.0,,,,,0.0,,,
DMA,2002,,30.0,,,,,0.0,,,
DMA,2003,,30.0,,,,,0.0,,,
DMA,2004,,30.0,,,,,0.0,,,
DMA,2005,,30.0,,,,,0.0,,,
DMA,2006,,30.0,,,,,0.0,,,
DMA,2007,,30.0,,,,,0.0,,,
DMA,2008,,30.0,,,,,0.0,,,
DMA,2009,,30.0,,,,,0.0,,,
DMA,2010,,30.0,,,,,0.0,,,
DMA,2011,,30.0,,,,,0.0,,,
DMA,2012,,30.0,,,,,-2.0,,,
DMA,2013,,30.0,,,,,-5.0,,,
DMA,2014,,30.0,,,,,-5.0,,,
DMA,2015,,28.0,,,,,-3.0,,,
DMA,2016,,25.0,,,,,0.0,,,
DMA,2017,,25.0,,,,,0.0,,,
DMA,2018,,25.0,,,,,0.0,,,
DMA,2019,,25.0,,,,,0.0,,,
DMA,2020,,25.0,,,,,0.0,,,
DMA,2021,,25.0,,,,,0.0,,,
DMA,2022,,25.0,,,,,0.0,,,
DMA,2023,,25.0,,,,,0.0,,,
DMA,2024,,25.0,,,,,,,,
DMA,2025,,25.0,,,,,,,,
DMA,2026,,25.0,,,,,,,,
DNK,1960,4.1296586540358655,,,79.0,54.599998,,,,,0.5
DNK,1961,4.160761753058732,,,,54.799999,,,,,0.7000010000000003
DNK,1962,4.176977422773087,,,,54.900002,,,,,0.5
DNK,1963,3.8863665188725007,,,,55.099998,,,,,-0.7999989999999997
DNK,1964,4.4435612011243695,,,,55.5,,,,,-1.0
DNK,1965,3.8891778099029066,,,80.0,55.400002,-0.2404808441329589,,,,-0.40000200000000063
DNK,1966,3.5500061432624075,,,,54.299999,-0.6107556097963243,,,,1.2000010000000003
DNK,1967,3.4695511631171434,,,,54.5,-0.7074262596559433,,,,0.9000020000000006
DNK,1968,3.5400343356761796,,,,55.0,-0.3463321831963211,,,,2.7999989999999997
DNK,1969,3.977964035027584,,,,55.5,-0.4655971660967855,,,,1.9000020000000006
DNK,1970,3.61996619638962,,,80.0,55.400002,-0.2692116135132867,,,,2.2999989999999997
DNK,1971,3.3474111278746546,,,,57.799999,-0.20259501538775293,,,,1.2000010000000003
DNK,1972,3.941167769345698,,,,57.400002,0.4716166062285545,,,,5.299999
DNK,1973,4.53970249749827,,,,57.700001,0.9996681618220906,,,,6.999995999999996
DNK,1974,3.529209772230894,,,,59.0,-0.44875426279668984,,,,7.800003000000004
DNK,1975,3.1471384160029148,,,81.0,62.700001,-0.47282778038670514,,,,6.6000020000000035
DNK,1976,3.660253236253017,,,,64.699997,0.31284210837836257,,,,7.0
DNK,1977,3.4917069752363,,,,66.800003,-0.449460794109398,,,,5.799994999999996
DNK,1978,3.4951446462909015,,,,69.300003,-1.0445578512073688,,,,3.3999939999999924
DNK,1979,3.3557412889692544,,,,71.699997,-0.17346848326163977,,,,0.7000050000000044
DNK,1980,2.7669011336640565,,,82.0,72.599998,-0.38023728233885823,,,,1.8000040000000013
DNK,1981,2.9156219881234624,,,,72.699997,-0.7446312481295547,,,,2.900001000000003
DNK,1982,3.5501909052009033,,,,72.400002,0.05848392996460339,,,,2.900001000000003
DNK,1983,3.7889927282128033,,,,74.400002,0.2938480819219018,,,,2.2999949999999956
DNK,1984,4.458583398518396,,,,75.599998,1.1028421095491416,,,,-1.6999959999999987
DNK,1985,4.6238406354230825,,1.5158731,83.0,75.300003,1.856939501759026,,0.0,,-1.5
DNK,1986,4.489795993108505,,1.5158731,,76.699997,1.5741740049850423,,0.0,,-3.7999949999999956
DNK,1987,3.939210677065118,,1.5158731,,73.900002,0.38901977186421455,,0.0,,-1.0999989999999968
DNK,1988,3.754782846238786,,1.5158731,,73.800003,-0.03420988197401709,,0.0,,0.0
DNK,1989,4.256022061051623,,1.5158731,,72.900002,-0.20256133746677296,,0.0,,2.400001000000003
DNK,1990,4.425168214884892,,1.5158731,82.800003,72.800003,-0.19867242053819023,,0.0,0.1999969999999962,2.7999949999999956
DNK,1991,4.449395518487184,,1.5158731,,73.800003,-0.0404004746213209,,0.0,,2.2999949999999956
DNK,1992,4.907236185313538,,1.5158731,,75.300003,0.9680255082484202,,-0.047619100000000136,,1.0
DNK,1993,4.611066364822756,,1.5158731,83.0,75.599998,0.8562835185839699,,-0.047619100000000136,,-0.19999599999999873
DNK,1994,5.575144504983582,,1.5158731,,76.099998,1.3191224439319589,,-0.047619100000000136,,-2.0
DNK,1995,5.742956072856692,,1.468254,,76.300003,1.3177878579717994,,0.0,,-2.400001000000003
DNK,1996,5.844393355226677,,1.468254,,75.400002,1.3949978367394928,,0.0,,-2.7000050000000044
DNK,1997,5.857870237186069,,1.468254,84.599998,74.099998,0.9506340518725311,,0.0,0.5,-1.5999979999999994
DNK,1998,5.1307480669957455,,1.468254,84.599998,73.900002,0.5196817021729894,,0.0,0.5,-2.5
DNK,1999,5.174777349746303,,1.468254,85.199997,72.699997,-0.40036715523727917,,0.0,-0.29999499999999557,-1.8999939999999924
DNK,2000,6.4085321176336985,32.0,1.468254,85.099998,72.5,0.6655760447770067,-2.0,0.0,0.0,-4.400002000000001
DNK,2001,5.7577709204142185,30.0,1.468254,85.099998,71.400002,-0.08662243481245824,0.0,0.0,0.0,-1.2000050000000044
DNK,2002,5.344046205542,30.0,1.468254,84.900002,70.800003,-0.5138240316440692,-2.0,0.0,0.09999799999999937,-1.4000010000000032
DNK,2003,5.080130086067726,30.0,1.468254,85.099998,68.099998,-0.05061798092801961,-2.0,0.0,-0.09999799999999937,-0.9000010000000032
DNK,2004,5.6492800185709635,30.0,1.468254,85.099998,70.199997,0.47450266882466074,-5.0,0.0,-2.2999949999999956,-4.899993999999992
DNK,2005,5.824635082188551,28.0,1.468254,85.0,69.400002,-0.5838970354451476,-3.0,0.0,-2.4000020000000006,-5.200005000000004
DNK,2006,5.994458135025417,28.0,1.468254,85.0,67.199997,0.2366872146111989,-3.0,0.0,,-2.8999939999999924
DNK,2007,4.9902122729425065,25.0,1.468254,82.800003,65.300003,-0.3538339325994935,0.0,0.0,,-0.8000030000000038
DNK,2008,4.535487152639528,25.0,1.468254,82.599998,64.199997,-0.5446429334281975,0.0,0.0634920000000001,0.40000200000000063,0.7000050000000044
DNK,2009,3.743382661583175,25.0,1.468254,,64.300003,-1.9058973569877886,0.0,0.0634920000000001,,0.1999969999999962
DNK,2010,4.963239020185531,25.0,1.468254,,64.5,-0.8613960620030197,0.0,0.0634920000000001,,-0.3000030000000038
DNK,2011,5.130886671170799,25.0,1.531746,83.0,64.900002,-0.8635714638546181,-0.5,0.0,,-0.8000040000000013
DNK,2012,5.407301697151427,25.0,1.531746,83.699997,64.5,0.41708942420892026,-1.5,0.0,-0.5999989999999968,-0.5999979999999994
DNK,2013,5.728984992063403,25.0,1.531746,,64.199997,1.1934978394238742,-3.0,0.0,,-0.9999959999999959
DNK,2014,5.988107302728181,24.5,1.531746,,64.099998,2.2447246411450057,-2.5,0.0,,-1.5
DNK,2015,5.904359761950373,23.5,1.531746,83.099998,63.900002,0.9411207417648422,-1.5,0.0,-1.0999979999999994,-0.5
DNK,2016,6.000828484663997,22.0,1.531746,,63.200001,0.869941813493198,0.0,0.0,,-0.2999989999999997
DNK,2017,6.474820143420973,22.0,1.531746,,62.599998,1.0675184462695464,0.0,0.0,,1.4000020000000006
DNK,2018,6.070965459646408,22.0,1.531746,82.0,63.400002,0.3419804675830056,0.0,0.0,0.0,-0.30000400000000127
DNK,2019,5.746367430597524,22.0,1.531746,,62.900002,-0.2417398721306565,0.0,0.0,,-1.3000040000000013
DNK,2020,6.0386982621363074,22.0,1.531746,,64.0,0.13433850018593407,0.0,0.0,,-3.0999979999999994
DNK,2021,7.437966440508183,22.0,1.531746,82.0,63.099998,1.437137955844186,0.0,0.0,,-2.6999959999999987
DNK,2022,8.542116167071894,22.0,1.531746,,61.599998,2.067296023650921,0.0,0.0,,
DNK,2023,6.026872080674734,22.0,1.531746,81.599998,60.900002,-0.044093378971674646,0.0,,,
DNK,2024,6.162999599196896,22.0,1.531746,,60.400002,0.4166321685993717,,,,
DNK,2025,,22.0,1.531746,,,,,,,
DNK,2026,,22.0,,,,,,,,
DOM,2000,,25.0,,,,,0.0,,,
DOM,2001,,25.0,,,,,0.0,,,
DOM,2002,,25.0,,,,,0.0,,,
DOM,2003,,25.0,,,,,5.0,,,
DOM,2004,,25.0,,,,,0.0,,,
DOM,2005,,25.0,,,,,0.0,,,
DOM,2006,,30.0,,,,,-5.0,,,
DOM,2007,,25.0,,,,,0.0,,,
DOM,2008,,25.0,,,,,4.0,,,
DOM,2009,,25.0,,,,,4.0,,,
DOM,2010,,25.0,,,,,4.0,,,
DOM,2011,,29.0,,,,,-1.0,,,
DOM,2012,,29.0,,,,,-2.0,,,
DOM,2013,,29.0,,,,,-2.0,,,
DOM,2014,,28.0,1.9087301,,,,-1.0,,,
DOM,2015,,27.0,,,,,0.0,,,
DOM,2016,,27.0,,,,,0.0,,,
DOM,2017,,27.0,,,,,0.0,,,
DOM,2018,,27.0,,,,,0.0,,,
DOM,2019,,27.0,,,,,0.0,,,
DOM,2020,,27.0,,,,,0.0,,,
DOM,2021,,27.0,,,,,0.0,,,
DOM,2022,,27.0,,,,,0.0,,,
DOM,2023,,27.0,,,,,0.0,,,
DOM,2024,,27.0,,,,,,,,
DOM,2025,,27.0,,,,,,,,
DOM,2026,,27.0,,,,,,,,
ECU,2014,,,1.7619047,,,,,,,
EGY,2000,,42.0,,,,,0.0,,,
EGY,2001,,42.0,,,,,0.0,,,
EGY,2002,,42.0,,,,,-22.0,,,
EGY,2003,,42.0,,,,,-22.0,,,
EGY,2004,,42.0,,,,,-22.0,,,
EGY,2005,,20.0,,,,,0.0,,,
EGY,2006,,20.0,,,,,0.0,,,
EGY,2007,,20.0,,,,,0.0,,,
EGY,2008,,20.0,,,,,0.0,,,
EGY,2009,,20.0,,,,,5.0,,,
EGY,2010,,20.0,,,,,5.0,,,
EGY,2011,,20.0,,,,,5.0,,,
EGY,2012,,25.0,,,,,-2.5,,,
EGY,2013,,25.0,,,,,-2.5,,,
EGY,2014,,25.0,,,,,-2.5,,,
EGY,2015,,22.5,,,,,0.0,,,
EGY,2016,,22.5,,,,,0.0,,,
EGY,2017,,22.5,,,,,0.0,,,
EGY,2018,,22.5,,,,,0.0,,,
EGY,2019,,22.5,,,,,0.0,,,
EGY,2020,,22.5,,,,,0.0,,,
EGY,2021,,22.5,,,,,0.0,,,
EGY,2022,,22.5,,,,,0.0,,,
EGY,2023,,22.5,,,,,0.0,,,
EGY,2024,,22.5,,,,,,,,
EGY,2025,,22.5,,,,,,,,
EGY,2026,,22.5,,,,,,,,
ESP,1960,3.7847533027293205,,,,,,,,,
ESP,1961,4.4407820294186635,,,,,,,,,
ESP,1962,4.882625152786668,,,,,,,,,
ESP,1963,4.778582289866697,,,,,,,,,
ESP,1964,4.552336188633215,,,,,,,,,
ESP,1965,4.882057382542164,,,,,1.0973040798128433,,,,
ESP,1966,4.796017130370602,,,,,0.3552351009519388,,,,
ESP,1967,4.560747374432602,,,,,-0.3218777783540654,,,,
ESP,1968,5.28947602239112,,,,,0.5108937325244227,,,,
ESP,1969,5.664861372348362,,,,,1.1125251837151469,,,,
ESP,1970,5.472648083251831,,,,,0.5905907007096669,,,,
ESP,1971,5.465825076693885,,,,,0.6698079463232824,,,,
ESP,1972,5.665078876362842,,,,,1.1043315019302398,,,,
ESP,1973,5.620843742267539,,,,,0.3313677198764191,,,,
ESP,1974,5.574935965076894,,,,,-0.08992540727146814,,,,
ESP,1975,4.771599830317974,,,,,-0.7010482529338571,,,,
ESP,1976,4.555873698515416,,,,,-0.9099513781784685,,,,
ESP,1977,4.706322764853496,,,,,-0.9587561115093459,,,,
ESP,1978,4.944989552160984,,,,38.599998,-0.6758541901065547,,,,-28.6999984
ESP,1979,4.558384875021776,,,,27.200001,-1.0165510900551178,,,,-16.200001
ESP,1980,4.384717354285639,,,,11.6,-0.3868824760323344,,,,-0.1999999999999993
ESP,1981,3.6252379506385615,,,,9.8999996,-0.9306357478768548,,,,0.6000004000000008
ESP,1982,3.9072989911263276,,,,11.0,-0.7990237737271686,,,,-0.09999999999999964
ESP,1983,3.63190629223452,,,,11.4,-1.3130832599264641,,,,-0.9000000000000004
ESP,1984,4.365879023126854,,,,10.5,-0.1925058518949223,,,,0.5
ESP,1985,4.808151277179486,,3.5476191,,10.9,0.42343392289384685,,0.0,,1.0999999999999996
ESP,1986,5.692683947138136,,3.5476191,,10.5,2.067445996499574,,0.0,,1.8000000000000007
ESP,1987,6.0183619803408295,,3.5476191,,11.0,2.111062989214502,,0.0,,1.8000000000000007
ESP,1988,6.357966717649455,,3.5476191,,12.0,2.7260604254149348,,0.0,,2.1999999999999993
ESP,1989,6.593208826675031,,3.5476191,,12.3,2.2273298035481774,,0.0,,3.6999999999999993
ESP,1990,6.1774645622327355,,3.5476191,,12.8,1.3693132850532495,,0.0,,4.199999999999999
ESP,1991,5.903513712364668,,3.5476191,,14.2,0.2108297652265323,,0.0,,2.5999990000000004
ESP,1992,5.32635990114121,,3.5476191,,16.0,-0.6920020791996198,,-1.1904762,,-0.3000000000000007
ESP,1993,5.264146070658303,,3.5476191,,17.0,-1.0938206469911513,,-1.1904762,,-1.4000000000000004
ESP,1994,5.731169751651876,,3.5476191,,16.799999,-0.862039075023155,,-1.1904762,,-1.7999989999999997
ESP,1995,6.235251012240543,,2.3571429,,15.7,0.05778645000780713,,0.0,,-1.0999999999999996
ESP,1996,6.3463871646053285,,2.3571429,,15.6,0.44287345224066055,,0.0,,-0.7999999999999989
ESP,1997,6.157396931171226,,2.3571429,,15.0,0.831037030030016,,0.0,,-0.1999999999999993
ESP,1998,6.168045848888274,,2.3571429,,14.6,0.9038997782299703,,0.0,,0.09999999999999964
ESP,1999,6.124085407629056,,2.3571429,,14.8,0.3929156559771796,,0.0,,-0.10000000000000142
ESP,2000,6.026288336981824,35.0,2.3571429,,14.8,-0.2089626752587188,0.0,0.0,,-0.20000000000000107
ESP,2001,6.431091783166555,35.0,2.3571429,,14.7,0.08470461856122657,0.0,0.0,,-0.09999999999999964
ESP,2002,6.4527629136186215,35.0,2.3571429,,14.7,0.29536598244739576,0.0,0.0,,-0.09999999999999964
ESP,2003,6.481378963531788,35.0,2.3571429,,14.6,0.3133331146435143,0.0,0.0,,0.0
ESP,2004,6.165113873583938,35.0,2.3571429,,14.6,0.04102846595488252,-2.5,0.0,,0.8000000000000007
ESP,2005,5.992937385825434,35.0,2.3571429,,14.6,-0.03335095115638964,-5.0,0.0,,1.4000000000000004
ESP,2006,5.92927817970298,35.0,2.3571429,,14.6,-0.5018136034635754,-5.0,0.0,,2.299999999999999
ESP,2007,6.111178678229244,32.5,2.3571429,,15.4,-0.34158423538937743,-2.5,0.0,,1.300001
ESP,2008,5.931900764451614,30.0,2.3571429,,16.0,-0.5494781990801743,0.0,-0.14285729999999974,,0.7000010000000003
ESP,2009,5.788081104596118,30.0,2.3571429,,16.9,-0.3770327689878208,0.0,-0.14285729999999974,,-0.19999899999999826
ESP,2010,5.255686568458379,30.0,2.3571429,,16.700001,-0.7372508173670553,0.0,-0.3928571999999999,,-0.6000009999999989
ESP,2011,5.419097381608973,30.0,2.2142856,,16.700001,-0.510180798094007,0.0,-0.24999990000000016,,-1.6000010000000007
ESP,2012,5.398749852789391,30.0,2.2142856,,16.700001,-0.7124288254398534,-2.0,-0.24999990000000016,,-3.000001000000001
ESP,2013,5.510414256909154,30.0,1.9642857,,16.1,-0.4214865075424594,-5.0,0.0,,-2.900000000000002
ESP,2014,5.486397787913293,30.0,1.9642857,,15.1,-0.30168331668282455,-5.0,0.0,,-2.4000000000000004
ESP,2015,5.700984806163597,28.0,1.9642857,,13.7,0.44529823770521837,-3.0,0.0,,-1.0999999999999996
ESP,2016,6.02969394595825,25.0,1.9642857,,13.2,0.6105965643492777,0.0,0.08333339999999989,,-0.7999999999999989
ESP,2017,6.256970002269894,25.0,1.9642857,,12.7,0.8582201494805037,0.0,0.08333339999999989,,0.7000000000000011
ESP,2018,6.244122279237922,25.0,1.9642857,,12.6,0.7337080223287673,0.0,0.08333339999999989,,0.5
ESP,2019,5.916578942436673,25.0,2.0476191,,12.4,0.43018115452338,0.0,0.0,,0.40000000000000036
ESP,2020,4.04281224627263,25.0,2.0476191,,13.4,-1.658172559890967,0.0,0.0,,-0.9000000000000004
ESP,2021,4.293008802417968,25.0,2.0476191,91.199997,13.1,-1.7366851435402824,0.0,0.0,0.9000010000000032,
ESP,2022,4.955397610633989,25.0,2.0476191,91.5,12.8,-1.3015723916359052,0.0,0.0,,
ESP,2023,5.4014838583936,25.0,2.0476191,91.800003,12.5,-0.8426384208443221,0.0,,,
ESP,2024,5.517561127502653,25.0,2.0476191,92.099998,,-0.39901781493402044,,,,
ESP,2025,,25.0,2.0476191,,,,,,,
ESP,2026,,25.0,,,,,,,,
EST,1992,,,,,94.0,,,,,-61.799999
EST,1993,,,,,61.900002,,,,,-33.200001
EST,1994,,,,,40.700001,,,,,
EST,1995,4.019997241126639,,,,32.200001,,,,,-15.200001
EST,1996,5.237584311652082,,,,28.700001,,,,,
EST,1997,6.710733516673155,,,,,,,,,
EST,1998,7.701973266272544,,,,17.0,,,,,-3.0
EST,1999,8.026759519043635,,,,,,,,,
EST,2000,8.58999533690005,26.0,,,14.0,4.5699980957734105,0.0,,,-2.9000000000000004
EST,2001,9.248591401180812,26.0,,,14.0,4.01100708952873,0.0,,,-4.600000400000001
EST,2002,10.023040573833345,26.0,,,12.5,3.31230705716019,-2.0,,,-3.8999995999999992
EST,2003,10.076149612061968,26.0,,,11.1,2.374176345789424,-3.0,,,-2.7999998
EST,2004,10.064822602357216,26.0,,,9.3999996,2.038063083313581,-4.0,,,-1.8999995999999992
EST,2005,11.050064614740544,24.0,,,8.6000004,2.4600692778404945,-3.0,,,-2.3000002000000004
EST,2006,10.69959144397563,23.0,,,8.3000002,1.451000042794817,-2.0,,,-0.8000001999999995
EST,2007,10.167941841727803,22.0,,,7.5,0.14490126789445767,-1.0,,,0.8000001999999995
EST,2008,8.12950635213169,21.0,2.7420635,,6.3000002,-1.946643259930278,0.0,-0.9325397,,0.5999998999999994
EST,2009,4.912417006345163,21.0,2.7420635,32.5,7.5,-5.152405596012053,0.0,-0.9325397,,-1.4000000999999997
EST,2010,6.883239020383162,21.0,1.8095238,,8.3000002,-4.166825594357381,0.0,0.0,,-2.6000004
EST,2011,8.525258743547138,21.0,1.8095238,,6.9000001,-2.174332700428492,0.0,0.0,,-1.5999998999999994
EST,2012,8.435382593689077,21.0,1.8095238,,6.0999999,-1.7325592480387257,-1.0,0.0,,-1.5999999000000003
EST,2013,8.192686328944374,21.0,1.8095238,,5.6999998,0.06317997681268395,-1.0,0.0,,-0.6999997999999996
EST,2014,8.108841881239826,21.0,1.8095238,,5.3000002,3.196424874894663,-1.0,0.0,,-0.6000004000000008
EST,2015,7.053615423106477,20.0,1.8095238,18.6,4.5,0.17037640272331434,0.0,0.0,,1.4000000999999997
EST,2016,7.080652306487714,20.0,1.8095238,,5.0,-1.4446064370594236,0.0,0.0,,1.0
EST,2017,7.602353439604534,20.0,1.8095238,,4.6999998,-0.8330291540845431,0.0,0.0,,0.8000002000000004
EST,2018,7.49632940523778,20.0,1.8095238,,5.9000001,-0.6963569237065945,0.0,0.0,,-0.40000009999999975
EST,2019,7.0549023557334705,20.0,1.8095238,,6.0,-1.0539395255063555,0.0,0.0,,0.09999990000000025
EST,2020,6.355153806305395,20.0,1.8095238,,5.5,-0.6984616168010813,0.0,0.0,,0.09999990000000025
EST,2021,7.086815338834228,20.0,1.8095238,19.1,5.5,0.00616303234651383,0.0,0.0,,
EST,2022,7.5800060163905485,20.0,1.8095238,,6.0999999,-0.02234742321398553,2.0,0.0,,
EST,2023,6.100230503099721,20.0,1.8095238,,5.5999999,-1.3960989021380588,2.0,,,
EST,2024,4.859995890181863,20.0,1.8095238,,,-2.1949064655516075,,,,
EST,2025,,22.0,1.8095238,,,,,,,
EST,2026,,22.0,,,,,,,,
FIN,1960,4.169995644654148,,,63.0,29.700001,,,,,5.5
FIN,1961,5.038338927682537,,,,29.6,,,,,5.999997999999998
FIN,1962,4.2534586534186865,,,,33.299999,,,,,3.0
FIN,1963,4.015703595080636,,,,35.200001,,,,,2.0
FIN,1964,3.9024876778199005,,,,35.599998,,,,,3.0
FIN,1965,3.6458226599379016,,,66.0,36.299999,-0.5241729847162464,,,7.0,2.2000010000000003
FIN,1966,3.1099579031317144,,,,37.200001,-1.928381024550823,,,,7.0
FIN,1967,3.019678977616028,,,,38.599998,-1.2337796758026585,,,,9.200001
FIN,1968,3.798164575774856,,,73.0,38.5,-0.21753901930577957,,,,14.299999
FIN,1969,5.414426584536773,,,,44.200001,1.511938906716873,,,,12.799999
FIN,1970,5.194190445068868,,,73.0,47.799999,1.5483677851309663,,,,10.900002
FIN,1971,3.71732361690306,,,,52.799999,0.6073657137713457,,,,9.200001
FIN,1972,3.826356833825164,,,73.0,57.0,0.8066778562091361,,,,7.0
FIN,1973,4.027410517987055,,,,58.700001,0.22924594221219863,,,,6.999995999999996
FIN,1974,4.34026061438855,,,77.0,62.0,-1.0741659701482238,,,,3.199996999999996
FIN,1975,2.651719458058232,,,,64.0,-2.5424709870106357,,,,1.6999969999999962
FIN,1976,2.1543869973900445,,,,65.699997,-1.5629366195130157,,,,1.4000010000000032
FIN,1977,1.9970404101943875,,,,65.199997,-1.8293164236307766,,,,3.2000050000000044
FIN,1978,2.8562730330421724,,,,65.699997,-1.1711374849448823,,,,1.7000050000000044
FIN,1979,3.605168516744127,,,,67.099998,-0.7350920976444226,,,,0.7000050000000044
FIN,1980,3.1809532148645894,,,70.0,68.400002,0.5292337568063572,,,,-0.09999899999999684
FIN,1981,2.613239795164598,,,,67.400002,0.45885279777455334,,,,1.5
FIN,1982,2.9847051254047323,,,,67.800003,0.9876647152103448,,,,1.8999939999999924
FIN,1983,3.209791573222006,,,,68.300003,0.35351854017983353,,,,2.199996999999996
FIN,1984,3.247188454482259,,,,68.900002,-0.35798006226186807,,,,0.7999949999999956
FIN,1985,2.848725339782575,,2.7023809,77.0,69.699997,-0.33222787508201446,,0.0,,1.0
FIN,1986,2.895141909708915,,2.7023809,,70.5,0.28190211454431724,,0.0,,0.5999979999999994
FIN,1987,2.543302658274366,,2.7023809,,69.699997,-0.44140246713036646,,0.0,,0.9000010000000032
FIN,1988,2.965840116176562,,2.7023809,,70.699997,-0.24395145704544374,,0.0,,3.1000060000000076
FIN,1989,2.9184299024938594,,2.7023809,85.0,71.099998,-0.32875855198839954,,-0.33333330000000005,,5.099998999999997
FIN,1990,2.1660561889757557,,2.7023809,,70.599998,-0.6826691508068192,,-0.33333330000000005,,7.0
FIN,1991,0.8357020991391061,,2.7023809,,73.800003,-2.059439810569809,,-0.33333330000000005,,3.5
FIN,1992,1.2497144837635135,,2.3690476,,76.199997,-1.2935881745108524,,0.0,,2.2000050000000044
FIN,1993,2.389203385019503,,2.3690476,,77.599998,-0.576636731157059,,0.0,,-0.29999499999999557
FIN,1994,3.3640904731691847,,2.3690476,,77.300003,0.4456605706753254,,-0.14285700000000023,,-0.8000030000000038
FIN,1995,4.686984132981681,,2.3690476,83.0,78.400002,2.520927944005925,,-0.14285700000000023,,-1.8000040000000013
FIN,1996,4.520094501760624,,2.3690476,,77.300003,3.6843924026215182,,-0.14285700000000023,,-1.9000010000000032
FIN,1997,5.351880431026446,,2.2261906,,76.5,4.102165947262932,,0.0,,-2.9000020000000006
FIN,1998,6.1637726450179295,,2.2261906,,76.599998,3.7745692599984264,,0.0,,2.099998999999997
FIN,1999,6.205379849936426,,2.2261906,,75.400002,2.841289376767241,,-0.14285729999999974,,1.1999959999999987
FIN,2000,6.69755162469608,29.0,2.2261906,85.0,73.599998,2.010567491714399,0.0,-0.14285729999999974,,1.5999989999999968
FIN,2001,6.985627988112757,29.0,2.2261906,,78.699997,2.4655334863521325,0.0,-0.14285729999999974,,-3.8999939999999924
FIN,2002,6.854565380864915,29.0,2.0833333,91.0,76.599998,1.5026849498384687,-3.0,0.0,,-2.5999979999999994
FIN,2003,6.632682358876406,29.0,2.0833333,,75.199997,0.46890971385847635,-3.0,0.0,,-2.199996999999996
FIN,2004,6.895436449368083,29.0,2.0833333,91.400002,74.800003,0.6900565994316574,-3.0,0.0,,-3.1000060000000076
FIN,2005,6.3912378513213515,26.0,2.0833333,,74.0,-0.3063137733747281,0.0,0.0,,-3.4000020000000006
FIN,2006,6.380142409416985,26.0,2.0833333,87.699997,73.0,-0.605485578695772,0.0,0.0,,-0.40000200000000063
FIN,2007,7.210385837338089,26.0,2.0833333,,71.699997,0.3558204564731744,0.0,0.0,,0.8000030000000038
FIN,2008,6.413226381890919,26.0,2.0833333,87.599998,70.599998,-0.21945597698548713,0.0,0.0,,0.5
FIN,2009,4.198669399535413,26.0,2.0833333,,72.599998,-2.69676704983267,-1.5,0.0,,-2.6999959999999987
FIN,2010,4.662033964565114,26.0,2.0833333,,72.5,-1.7292038867562374,-1.5,0.0,,-4.5
FIN,2011,4.465570702719968,26.0,2.0833333,,71.099998,-1.914571706697017,-6.0,0.0,,-3.5
FIN,2012,3.6605918450096113,24.5,2.0833333,,69.900002,-3.549793992328478,-4.5,0.0,,-3.0
FIN,2013,3.6175306903350615,24.5,2.0833333,,68.0,-2.7956956915558573,-4.5,0.0,,-2.9000020000000006
FIN,2014,3.7539548571368924,20.0,2.0833333,91.900002,67.599998,-0.44471454239852104,0.0,-0.08333330000000005,-3.099998999999997,-5.199995999999999
FIN,2015,4.040172025367612,20.0,2.0833333,,66.900002,-0.621861939197502,0.0,-0.08333330000000005,,-6.700001
FIN,2016,4.170052703657783,20.0,2.0833333,,65.099998,-0.29551799906218523,0.0,-0.08333330000000005,,-5.699995999999999
FIN,2017,5.068186871991436,20.0,2.0,88.800003,62.400002,1.407595026981825,0.0,0.0,,-2.5
FIN,2018,4.7564805876108345,20.0,2.0,,60.200001,1.138949897275773,0.0,0.0,,-2.9000020000000006
FIN,2019,4.473538053387157,20.0,2.0,,59.400002,0.719583196250265,0.0,0.0,,-5.600003000000001
FIN,2020,4.48881542879782,20.0,2.0,,59.900002,0.44864340343020803,0.0,0.0,,-7.600003000000001
FIN,2021,4.395964383327103,20.0,2.0,,57.299999,0.2259116796693199,0.0,0.0,,-5.899996999999999
FIN,2022,4.347593979242445,20.0,2.0,88.800003,53.799999,-0.7205928927489911,0.0,0.0,,
FIN,2023,3.912514206829961,20.0,2.0,,52.299999,-0.8439663807808735,0.0,,,
FIN,2024,3.968913695014024,20.0,2.0,,51.400002,-0.5046243583731336,,,,
FIN,2025,,20.0,2.0,,,,,,,
FIN,2026,,20.0,,,,,,,,
FJI,2000,,35.0,,,,,-3.0,,,
FJI,2001,,34.0,,,,,-3.0,,,
FJI,2002,,32.0,,,,,-1.0,,,
FJI,2003,,32.0,,,,,-1.0,,,
FJI,2004,,31.0,,,,,0.0,,,
FJI,2005,,31.0,,,,,0.0,,,
FJI,2006,,31.0,,,,,-2.0,,,
FJI,2007,,31.0,,,,,-3.0,,,
FJI,2008,,31.0,,,,,-3.0,,,
FJI,2009,,29.0,,,,,-1.0,,,
FJI,2010,,28.0,,,,,-8.0,,,
FJI,2011,,28.0,,,,,-8.0,,,
FJI,2012,,28.0,,,,,-8.0,,,
FJI,2013,,20.0,,,,,0.0,,,
FJI,2014,,20.0,,,,,0.0,,,
FJI,2015,,20.0,,,,,0.0,,,
FJI,2016,,20.0,,,,,0.0,,,
FJI,2017,,20.0,,,,,0.0,,,
FJI,2018,,20.0,,,,,0.0,,,
FJI,2019,,20.0,,,,,0.0,,,
FJI,2020,,20.0,,,,,0.0,,,
FJI,2021,,20.0,,,,,0.0,,,
FJI,2022,,20.0,,,,,5.0,,,
FJI,2023,,20.0,,,,,5.0,,,
FJI,2024,,20.0,,,,,,,,
FJI,2025,,25.0,,,,,,,,
FJI,2026,,25.0,,,,,,,,
FRA,1960,3.497001119165478,,,50.0,,,,,,
FRA,1961,3.141723952354912,,,,,,,,,
FRA,1962,3.3521813564816734,,,,,,,,,
FRA,1963,3.023931625287567,,,,,,,,,
FRA,1964,3.1355255266568296,,,,,,,,,
FRA,1965,3.3422622907797477,,,,,-0.15473882838573028,,,,
FRA,1966,3.649128820532647,,,,,0.5074048681777348,,,,
FRA,1967,3.9130608598144856,,,50.0,,0.5608795033328122,,,20.0,
FRA,1968,3.935688265928821,,,,,0.9117566406412538,,,,
FRA,1969,4.547807212351453,,,,,1.412281685694623,,,,
FRA,1970,4.7820375437012395,,,70.0,,1.4397752529214918,,,,
FRA,1971,4.679773921262336,,,,36.700001,1.0306451007296888,,,,1.7000010000000003
FRA,1972,4.6721093366700535,,,,37.900002,0.7590484768555679,,,,0.7999989999999997
FRA,1973,4.792787183541071,,,,37.900002,0.8570989176122499,,,,1.399996999999999
FRA,1974,4.215207645877165,,,,38.400002,-0.332599566474288,,,,-0.30000400000000127
FRA,1975,2.7885806970218234,,,70.0,38.700001,-1.993456846679416,,,,-1.600003000000001
FRA,1976,2.494286988791793,,,,39.299999,-2.1854869324705426,,,,-3.5
FRA,1977,2.513786730094962,,,,38.099998,-2.1583226065750916,,,,-6.999997999999998
FRA,1978,2.4565352233740194,,,,37.099998,-2.3362519601670515,,,,-10.699998
FRA,1979,2.441944680954169,,,,35.799999,-1.7732629649229956,,,,-16.799999
FRA,1980,2.0946865869632436,,,,31.1,-0.6938941100585798,,,,-14.800001000000002
FRA,1981,1.8910517839363896,,,84.599998,26.4,-0.6032352048554035,,,,-11.399999999999999
FRA,1982,1.8375153372846227,,,,19.0,-0.6762713928103392,,,,-2.7000010000000003
FRA,1983,2.15461814052305,,,,16.299999,-0.30191708285096963,,,,-1.199999
FRA,1984,2.4899736308077327,,,,15.0,0.04802894985356376,,,,-2.5
FRA,1985,2.8277518819522083,,2.8492064,89.5,16.299999,0.7330652949889647,,-0.25,,-5.999998999999999
FRA,1986,3.6498637106915934,,2.8492064,,15.1,1.7588119267552038,,-0.25,,-4.799999999999999
FRA,1987,3.738917455279181,,2.5992064,,12.5,1.9014021179945582,,0.0,,-2.0999999999999996
FRA,1988,4.306945470393418,,2.5992064,,10.3,2.1523273298703685,,0.0,,0.29999999999999893
FRA,1989,4.799911730306486,,2.5992064,,10.3,2.3099380994987535,,0.0,,0.5999999999999996
FRA,1990,4.681026288440774,,2.5992064,93.199997,10.4,1.8532744064885653,,0.0,,0.5999999999999996
FRA,1991,4.410306659528842,,2.5992064,,10.6,0.7604429488372482,,0.0,,0.3000000000000007
FRA,1992,4.640553552431674,,2.5992064,,10.9,0.9016360971524935,,0.0,,0.1999999999999993
FRA,1993,4.529929972952153,,2.5992064,,11.0,0.22298450255873448,,0.0,,-0.1999999999999993
FRA,1994,4.744568534896501,,2.5992064,,10.9,-0.05534319540998478,,0.0,,-0.40000000000000036
FRA,1995,4.885217340735008,,2.5992064,,11.1,0.2041910522942345,,0.0,,-0.5999999999999996
FRA,1996,4.805396755391674,,2.5992064,,10.8,0.39509009586283206,,0.06349209999999994,,0.0
FRA,1997,5.118279387724972,,2.5992064,93.699997,10.5,0.47772583529329804,,0.06349209999999994,,0.3000000000000007
FRA,1998,5.578662332333343,,2.5992064,,10.5,1.04873235938119,,0.06349209999999994,,0.3000000000000007
FRA,1999,5.524054102708977,,2.6626985,,10.8,0.7794855678124755,,0.0,,0.0
FRA,2000,5.761960231337369,37.766667,2.6626985,,10.8,0.8767428906023609,-2.3333340000000007,0.12698410000000004,,0.0
FRA,2001,5.804343837186729,36.433333,2.6626985,,10.8,0.9989470817950554,-1.0,0.12698410000000004,,-0.3000000000000007
FRA,2002,5.5798619644368195,35.433333,2.6626985,,10.8,0.4615825767118471,-0.5,0.12698410000000004,,-0.3000000000000007
FRA,2003,5.484568831604234,35.433333,2.7896826,,10.8,-0.09409350072910883,-1.0,0.0,,
FRA,2004,5.537822009173941,35.433333,2.7896826,97.699997,10.5,0.013767906464964064,-1.0,0.0,,
FRA,2005,5.334767384678601,34.933333,2.7896826,,10.5,-0.4271928466587678,-0.5,-0.12698410000000004,,0.1999999999999993
FRA,2006,5.357239280504116,34.433333,2.7896826,,,-0.4471045566826133,0.0,-0.21031759999999977,,
FRA,2007,5.60632576812038,34.433333,2.7896826,,,0.026463803683560272,0.0,-0.21031759999999977,,
FRA,2008,5.309242219200001,34.433333,2.6626985,,10.7,-0.1753266124042332,1.666667000000004,-0.08333349999999973,,
FRA,2009,4.28421731548257,34.433333,2.579365,98.0,,-1.2536046936913712,1.666667000000004,0.0,0.0,
FRA,2010,4.448125462863667,34.433333,2.579365,98.0,10.8,-0.8866419218149346,3.5666670000000025,0.0,0.0,0.1999999999999993
FRA,2011,4.240984439532994,36.1,2.579365,98.0,,-1.1162548409711217,1.8999999999999986,0.0,0.0,
FRA,2012,3.8046060416522205,36.1,2.579365,98.0,,-1.8017197264681593,1.8999999999999986,0.0,0.0,
FRA,2013,3.798043409170292,38.0,2.579365,98.0,11.0,-1.5111988100297085,-3.5666670000000025,0.0,0.0,-0.1999999999999993
FRA,2014,3.784893907341067,38.0,2.579365,98.0,,-0.4993234081415028,6.4333329999999975,0.0,0.0,
FRA,2015,3.9940449381942016,38.0,2.579365,98.0,,-0.454080524669465,-3.5666670000000025,-0.019841200000000114,0.0,
FRA,2016,3.7831526518108163,34.433333,2.579365,98.0,10.8,-0.4578317877221778,0.0,-0.019841200000000114,0.0,-0.7000000000000011
FRA,2017,3.5992265764243134,44.433333,2.579365,98.0,,-0.20537946522790707,-12.410332999999994,-0.019841200000000114,0.0,
FRA,2018,3.4332523785165803,34.433333,2.5595238,98.0,,-0.3647910306537119,-6.025832999999999,0.0,0.0,
FRA,2019,3.44109142144875,34.433333,2.5595238,98.0,10.1,-0.3438024858923172,-8.608332999999998,0.0,0.0,
FRA,2020,2.9640723030681593,32.023,2.5595238,98.0,,-1.0299726351260423,-6.198000000000004,0.0,0.0,
FRA,2021,3.358026219662287,28.4075,2.5595238,98.0,,-0.4251264321485291,-2.5824999999999996,0.0,0.0,
FRA,2022,2.7934468201717735,25.825,2.5595238,98.0,,-0.80577975625254,10.305000000000003,0.0,,
FRA,2023,3.320463693639364,25.825,2.5595238,98.0,,-0.11278868487721638,10.305000000000003,,,
FRA,2024,3.2561995080377097,25.825,2.5595238,98.0,,-0.18489191341104005,,,,
FRA,2025,,36.13,2.5595238,,,,,,,
FRA,2026,,36.13,,,,,,,,
FRO,2000,,20.0,,,,,0.0,,,
FRO,2001,,20.0,,,,,0.0,,,
FRO,2002,,20.0,,,,,0.0,,,
FRO,2003,,20.0,,,,,-2.0,,,
FRO,2004,,20.0,,,,,-2.0,,,
FRO,2005,,20.0,,,,,-2.0,,,
FRO,2006,,18.0,,,,,0.0,,,
FRO,2007,,18.0,,,,,0.0,,,
FRO,2008,,18.0,,,,,0.0,,,
FRO,2009,,18.0,,,,,0.0,,,
FRO,2010,,18.0,,,,,0.0,,,
FRO,2011,,18.0,,,,,0.0,,,
FRO,2012,,18.0,,,,,0.0,,,
FRO,2013,,18.0,,,,,0.0,,,
FRO,2014,,18.0,,,,,0.0,,,
FRO,2015,,18.0,,,,,0.0,,,
FRO,2016,,18.0,,,,,0.0,,,
FRO,2017,,18.0,,,,,0.0,,,
FRO,2018,,18.0,,,,,0.0,,,
FRO,2019,,18.0,,,,,0.0,,,
FRO,2020,,18.0,,,,,0.0,,,
FRO,2021,,18.0,,,,,0.0,,,
FRO,2022,,18.0,,,,,0.0,,,
FRO,2023,,18.0,,,,,0.0,,,
FRO,2024,,18.0,,,,,,,,
FRO,2025,,18.0,,,,,,,,
FRO,2026,,18.0,,,,,,,,
GAB,2000,,35.0,,,,,0.0,,,
GAB,2001,,35.0,,,,,0.0,,,
GAB,2002,,35.0,,,,,0.0,,,
GAB,2003,,35.0,,,,,0.0,,,
GAB,2004,,35.0,,,,,0.0,,,
GAB,2005,,35.0,,,,,0.0,,,
GAB,2006,,35.0,,,,,0.0,,,
GAB,2007,,35.0,,,,,0.0,,,
GAB,2008,,35.0,,,,,0.0,,,
GAB,2009,,35.0,,,,,0.0,,,
GAB,2010,,35.0,,,,,0.0,,,
GAB,2011,,35.0,,,,,-5.0,,,
GAB,2012,,35.0,,,,,-5.0,,,
GAB,2013,,35.0,,,,,-5.0,,,
GAB,2014,,30.0,,,,,0.0,,,
GAB,2015,,30.0,,,,,0.0,,,
GAB,2016,,30.0,,,,,0.0,,,
GAB,2017,,30.0,,,,,0.0,,,
GAB,2018,,30.0,,,,,0.0,,,
GAB,2019,,30.0,,,,,0.0,,,
GAB,2020,,30.0,,,,,0.0,,,
GAB,2021,,30.0,,,,,0.0,,,
GAB,2022,,30.0,,,,,0.0,,,
GAB,2023,,30.0,,,,,0.0,,,
GAB,2024,,30.0,,,,,,,,
GAB,2025,,30.0,,,,,,,,
GAB,2026,,30.0,,,,,,,,
GBR,1960,5.141124370524139,,,72.099998,38.700001,,,,,0.20000100000000032
GBR,1961,4.815763181213875,,,,38.5,,,,,0.40000200000000063
GBR,1962,4.80886300984578,,,,38.700001,,,,,1.0999979999999994
GBR,1963,4.4766670060559175,,,,38.900002,,,,,0.5
GBR,1964,4.787675453268228,,,,38.900002,,,,,0.899996999999999
GBR,1965,4.873400661428835,,,70.0,39.799999,-0.2677237090953035,,,,0.2999989999999997
GBR,1966,4.499569808212559,,,,39.400002,-0.31619337300131534,,,,1.899996999999999
GBR,1967,4.656748264991436,,,,39.799999,-0.15211474485434362,,,,4.5
GBR,1968,5.150014324693563,,,,40.099998,0.6733473186376457,,,,4.700001
GBR,1969,5.313040682140825,,,,41.299999,0.5253652288725963,,,,4.200001
GBR,1970,5.034675196768085,,,78.0,44.299999,0.16127453533924996,,,,0.9000020000000006
GBR,1971,5.388956125504692,,,,44.799999,0.889386317292133,,,,1.4000020000000006
GBR,1972,5.786329074626671,,,,45.5,1.129580809635235,,,,-1.9000020000000006
GBR,1973,5.68526151723013,,,,45.200001,0.5352471925365672,,,,1.0
GBR,1974,4.047652570077242,,,,46.200001,-1.265388112063583,,,,1.7999989999999997
GBR,1975,3.1798920047356254,,,85.0,43.599998,-1.85478319203246,,,-3.0,6.600003000000001
GBR,1976,3.625133843433545,,,,46.200001,-1.763822282071147,,,,4.899996999999999
GBR,1977,4.657085841019905,,,,48.0,-1.1292432336067666,,,,4.200001
GBR,1978,4.960601694840769,,,82.0,50.200001,-0.724659822389361,,,,1.899996999999999
GBR,1979,5.081834050609954,,,,51.099998,1.0341814805327125,,,,0.8000040000000013
GBR,1980,4.357710639014685,,,,52.200001,1.1778186342790593,,,,-2.2999989999999997
GBR,1981,4.383742850981665,,,,52.099998,0.7586090075481202,,,,-4.699995999999999
GBR,1982,5.185193082388011,,,82.5,51.900002,0.5281072413681063,,,-7.5,-7.0
GBR,1983,6.106367279208969,,,,49.900002,1.1457655843682,,,,-4.900002000000001
GBR,1984,6.048057271358545,,,,47.400002,0.9662232207485912,,,,-4.0
GBR,1985,6.332571616751026,,1.3452381,75.0,44.900002,1.9748609777363413,,0.0,,-3.2000010000000003
GBR,1986,5.980266494679055,,1.3452381,,45.0,1.59652364369739,,0.0,,-4.599997999999999
GBR,1987,6.57210881854238,,1.3452381,,43.400002,1.3869157361543687,,0.0,,-4.5
GBR,1988,6.844702027861049,,1.3452381,,41.700001,0.7383347486520799,,0.0,,-2.600003000000001
GBR,1989,6.40202571284404,,1.3452381,,40.400002,0.35396844148549444,,0.0,,-1.7000010000000003
GBR,1990,6.033835550935005,,1.3452381,58.0,38.900002,-0.29873606581602097,,0.0,-5.299999,-2.2000010000000003
GBR,1991,5.641570979269899,,1.3452381,,39.099998,-0.33869551540915666,,0.0,,-3.5999979999999994
GBR,1992,5.9617670474601665,,1.3452381,,38.700001,-0.6103417710822132,,0.0,,-5.200001
GBR,1993,6.65262561853355,,1.3452381,52.700001,36.700001,-0.19207640932749914,,0.0,-16.700001,-4.5
GBR,1994,7.511318335334705,,1.3452381,40.0,35.5,1.1092926224906652,,0.0,-3.0,-4.399999999999999
GBR,1995,7.421963467634916,,1.3452381,36.700001,33.5,1.3881279166999114,,0.0,-1.2999989999999997,-3.3999999999999986
GBR,1996,7.9303941917922645,,1.3452381,36.0,32.200001,2.2888232125223658,,0.0,0.09999799999999937,-2.5
GBR,1997,8.006858066346949,,1.3452381,37.0,31.1,2.045091018886782,,0.1666666000000001,-0.5999979999999994,-1.3000010000000017
GBR,1998,8.06712008446592,,1.3452381,35.400002,30.1,1.4144944659323695,,0.1666666000000001,0.09999799999999937,-0.8000010000000017
GBR,1999,7.258681914474524,,1.3452381,36.099998,29.700001,-0.25263642086018123,,0.1666666000000001,-0.899996999999999,-0.9000020000000006
GBR,2000,7.042070146868258,30.0,1.5119047,36.400002,29.799999,-0.3798933207666586,0.0,0.0,-0.9000020000000006,-0.5
GBR,2001,6.671524091097564,30.0,1.5119047,35.5,29.299999,-1.2588701006947005,0.0,0.0,-0.7000010000000003,-0.5
GBR,2002,6.7426324441313135,30.0,1.5119047,35.200001,28.799999,-1.2642256222156352,0.0,0.0,14.899996999999999,-0.19999899999999826
GBR,2003,6.8043062056683175,30.0,1.5119047,35.5,29.299999,-1.2628138787976022,0.0,0.0,15.099998,-1.0
GBR,2004,6.5379450524821925,30.0,1.5119047,34.799999,28.799999,-0.7207368619923313,0.0,0.0,14.799999,-0.7999989999999997
GBR,2005,6.890249328167762,30.0,1.5119047,50.099998,28.6,-0.15182081870049569,-2.0,0.0,-0.5999979999999994,-1.1000000000000014
GBR,2006,6.644599217404676,30.0,1.5119047,50.599998,28.299999,-0.026924873692887985,-2.0,0.0,-1.399996999999999,-0.8999990000000011
GBR,2007,6.257224985778877,30.0,1.5119047,49.599998,28.0,-0.48540745835243637,-2.0,0.0,-1.7999989999999997,-1.3999999999999986
GBR,2008,6.396011193623384,28.0,1.5119047,49.5,27.5,-0.4082950120449338,-2.0,0.0,-2.5,-1.5
GBR,2009,5.533518378799712,28.0,1.5119047,49.200001,27.4,-1.00442667368248,-4.0,0.0,-4.100003000000001,-1.2999999999999972
GBR,2010,5.583162552344818,28.0,1.5119047,47.799999,26.6,-1.3070867758229445,-5.0,-0.1666666000000001,-3.2000010000000003,-1.0
GBR,2011,5.676268968881416,26.0,1.5119047,47.0,26.0,-0.9683302485232597,-5.0,-0.1666666000000001,-4.099997999999999,-1.0
GBR,2012,5.838840532511543,24.0,1.5119047,45.099998,26.1,-0.4183844532673344,-4.0,-0.1666666000000001,-3.5,-1.399999000000001
GBR,2013,5.902209723180258,23.0,1.3452381,44.599998,25.6,-0.4938014704431257,-3.0,0.0,-2.899996999999999,-2.1000000000000014
GBR,2014,6.3916841136712925,21.0,1.3452381,42.900002,25.0,0.8581657348715801,-2.0,0.0,-3.3000040000000013,-1.7000010000000003
GBR,2015,6.3718045239347685,20.0,1.3452381,41.599998,24.700001,0.7886419715899509,-1.0,0.0,-2.399996999999999,-1.3000010000000017
GBR,2016,6.274167344822936,20.0,1.3452381,41.700001,23.5,0.5978983759415195,-1.0,0.0,-2.5,0.10000000000000142
GBR,2017,6.355159533105597,19.0,1.3452381,39.599998,23.299999,0.5163190005940539,0.0,0.0,-0.6999959999999987,0.6000009999999989
GBR,2018,6.260524764580541,19.0,1.3452381,39.200001,23.4,0.35831504140028336,0.0,0.0,1.7000010000000003,-0.19999899999999826
GBR,2019,5.942501618845674,19.0,1.3452381,39.200001,23.6,-0.44918249482561823,0.0,0.0,0.2999989999999997,-1.3000010000000017
GBR,2020,5.934874727810584,19.0,1.3452381,38.900002,23.9,-0.4369297961241845,6.0,0.0,0.2999989999999997,-1.5
GBR,2021,6.600989422528639,19.0,1.3452381,40.900002,23.200001,0.32682207770570315,6.0,0.0,-0.7000010000000003,-1.2000010000000003
GBR,2022,6.882835533113885,19.0,1.3452381,39.5,22.299999,0.5276760000082881,6.0,0.0,,
GBR,2023,7.025082826223689,25.0,1.3452381,39.200001,22.4,0.7645580616431475,0.0,,,
GBR,2024,6.891431475822976,25.0,1.3452381,40.200001,22.0,0.9489298569773021,,,,
GBR,2025,,25.0,1.3452381,,,,,,,
GBR,2026,,25.0,,,,,,,,
GEO,2000,,20.0,,,,,0.0,,,
GEO,2001,,20.0,,,,,0.0,,,
GEO,2002,,20.0,,,,,0.0,,,
GEO,2003,,20.0,,,,,0.0,,,
GEO,2004,,20.0,,,,,0.0,,,
GEO,2005,,20.0,,,,,-5.0,,,
GEO,2006,,20.0,,,,,-5.0,,,
GEO,2007,,20.0,,,,,-5.0,,,
GEO,2008,,15.0,,,,,0.0,,,
GEO,2009,,15.0,,,,,0.0,,,
GEO,2010,,15.0,,,,,0.0,,,
GEO,2011,,15.0,,,,,0.0,,,
GEO,2012,,15.0,,,,,0.0,,,
GEO,2013,,15.0,,,,,0.0,,,
GEO,2014,,15.0,,,,,0.0,,,
GEO,2015,,15.0,,,,,0.0,,,
GEO,2016,,15.0,,,,,0.0,,,
GEO,2017,,15.0,,,,,0.0,,,
GEO,2018,,15.0,,,,,0.0,,,
GEO,2019,,15.0,,,,,0.0,,,
GEO,2020,,15.0,,,,,0.0,,,
GEO,2021,,15.0,,,,,0.0,,,
GEO,2022,,15.0,,,,,0.0,,,
GEO,2023,,15.0,,,,,0.0,,,
GEO,2024,,15.0,,,,,,,,
GEO,2025,,15.0,,,,,,,,
GEO,2026,,15.0,,,,,,,,
GGY,2000,,20.0,,,,,0.0,,,
GGY,2001,,20.0,,,,,0.0,,,
GGY,2002,,20.0,,,,,0.0,,,
GGY,2003,,20.0,,,,,0.0,,,
GGY,2004,,20.0,,,,,0.0,,,
GGY,2005,,20.0,,,,,-20.0,,,
GGY,2006,,20.0,,,,,-20.0,,,
GGY,2007,,20.0,,,,,-20.0,,,
GGY,2008,,0.0,,,,,0.0,,,
GGY,2009,,0.0,,,,,0.0,,,
GGY,2010,,0.0,,,,,0.0,,,
GGY,2011,,0.0,,,,,0.0,,,
GGY,2012,,0.0,,,,,0.0,,,
GGY,2013,,0.0,,,,,0.0,,,
GGY,2014,,0.0,,,,,0.0,,,
GGY,2015,,0.0,,,,,0.0,,,
GGY,2016,,0.0,,,,,0.0,,,
GGY,2017,,0.0,,,,,0.0,,,
GGY,2018,,0.0,,,,,0.0,,,
GGY,2019,,0.0,,,,,0.0,,,
GGY,2020,,0.0,,,,,0.0,,,
GGY,2021,,0.0,,,,,0.0,,,
GGY,2022,,0.0,,,,,0.0,,,
GGY,2023,,0.0,,,,,0.0,,,
GGY,2024,,0.0,,,,,,,,
GGY,2025,,0.0,,,,,,,,
GGY,2026,,0.0,,,,,,,,
GIB,2000,,35.0,,,,,0.0,,,
GIB,2001,,35.0,,,,,0.0,,,
GIB,2002,,35.0,,,,,0.0,,,
GIB,2003,,35.0,,,,,0.0,,,
GIB,2004,,35.0,,,,,-2.0,,,
GIB,2005,,35.0,,,,,-8.0,,,
GIB,2006,,35.0,,,,,-13.0,,,
GIB,2007,,33.0,,,,,-11.0,,,
GIB,2008,,27.0,,,,,-17.0,,,
GIB,2009,,22.0,,,,,-12.0,,,
GIB,2010,,22.0,,,,,-12.0,,,
GIB,2011,,10.0,,,,,0.0,,,
GIB,2012,,10.0,,,,,0.0,,,
GIB,2013,,10.0,,,,,0.0,,,
GIB,2014,,10.0,,,,,0.0,,,
GIB,2015,,10.0,,,,,0.0,,,
GIB,2016,,10.0,,,,,0.0,,,
GIB,2017,,10.0,,,,,0.0,,,
GIB,2018,,10.0,,,,,0.0,,,
GIB,2019,,10.0,,,,,2.5,,,
GIB,2020,,10.0,,,,,2.5,,,
GIB,2021,,10.0,,,,,2.5,,,
GIB,2022,,12.5,,,,,2.5,,,
GIB,2023,,12.5,,,,,2.5,,,
GIB,2024,,12.5,,,,,,,,
GIB,2025,,15.0,,,,,,,,
GIB,2026,,15.0,,,,,,,,
GRC,1960,3.761046798016711,,,,,,,,,
GRC,1961,7.245870050634114,,,,,,,,,
GRC,1962,5.643994681896544,,,,,,,,,
GRC,1963,7.642896154852812,,,,,,,,,
GRC,1964,8.19207898023316,,,,,,,,,
GRC,1965,9.565724324340842,,,,,5.804677526324131,,,,
GRC,1966,8.65499752030369,,,,,1.409127469669576,,,,
GRC,1967,8.026279193170597,,,,,2.3822845112740527,,,,
GRC,1968,7.631062751376488,,,,,-0.011833403476323667,,,,
GRC,1969,9.007423954693516,,,,,0.8153449744603556,,,,
GRC,1970,9.31434978231563,,,,,-0.2513745420252125,,,,
GRC,1971,9.733520840419942,,,,,1.0785233201162523,,,,
GRC,1972,9.678811461565735,,,,,1.652532268395138,,,,
GRC,1973,12.084746875095059,,,,,4.4536841237185705,,,,
GRC,1974,10.359685227443533,,,,,1.3522612727500167,,,,
GRC,1975,9.609997566241029,,,,,0.2956477839253999,,,,
GRC,1976,9.577318817285036,,,,,-0.15620202313490594,,,,
GRC,1977,6.828921208228353,,,,40.299999,-2.8498902533373816,,,,-7.700001
GRC,1978,6.016418637104411,,,,,-6.068328237990648,,,,
GRC,1979,5.174072378055243,,,,,-5.18561284938829,,,,
GRC,1980,5.854691314938095,,,,32.599998,-3.755306251302934,,,,0.40000200000000063
GRC,1981,5.078792926765188,,,,,-4.498525890519848,,,,
GRC,1982,5.106732001531598,,,,,-1.722189206696755,,,,
GRC,1983,3.898752694257442,,,,33.0,-2.1176659428469686,,,,-1.6000000000000014
GRC,1984,4.75442001195379,,,,,-0.4196523661014533,,,,
GRC,1985,4.7583942529683005,,2.7936509,,,-1.0962970619697945,,0.0,,
GRC,1986,5.107405192311126,,2.7936509,,31.4,0.028612265545937987,,0.0,,-1.8999999999999986
GRC,1987,4.397114704609146,,2.7936509,,,-0.7096172969224517,,-0.047619099999999914,,
GRC,1988,4.91408356468826,,2.7936509,,,1.0153308704308182,,-0.047619099999999914,,
GRC,1989,4.5123820218652275,,2.7936509,,29.5,-0.24203799008856208,,-0.047619099999999914,,2.0
GRC,1990,4.173200266937524,,2.7460318,85.0,,-0.5851939860307764,,0.0,0.0,
GRC,1991,5.217732038896447,,2.7460318,85.0,,0.11032684658532066,,0.0,0.0,
GRC,1992,5.158504434349761,,2.7460318,85.0,31.5,0.7613897297406149,,0.0,0.0,-5.299999
GRC,1993,5.440035694355699,,2.7460318,85.0,,0.5259521296674388,,0.0,0.0,
GRC,1994,5.787591752673228,,2.7460318,85.0,,1.2752097308080002,,0.0,0.0,
GRC,1995,5.598728909743004,,2.7460318,85.0,26.200001,1.4255286428054799,,0.0,0.0,-2.100000999999999
GRC,1996,5.633468885568041,,2.7460318,85.0,,0.41573684667159405,,0.0,0.0,
GRC,1997,5.521782239658064,,2.7460318,85.0,,0.3632778053083028,,0.0,0.0,
GRC,1998,5.441975639615346,,2.7460318,85.0,24.1,0.0019399452596466915,,0.0,0.0,-0.8999990000000011
GRC,1999,5.150496676820674,,2.7460318,85.0,,-0.637095075852554,,0.0,0.0,
GRC,2000,5.031300378273412,40.0,2.7460318,85.0,,-0.5674285314695924,-5.0,0.0,0.0,
GRC,2001,5.374933082085062,37.5,2.7460318,85.0,23.200001,-0.258535803482979,-2.5,0.0,0.0,-0.8000010000000017
GRC,2002,4.998349505303915,35.0,2.7460318,85.0,,-0.5234327343541487,-3.0,0.0,0.0,
GRC,2003,5.531194543830831,35.0,2.7460318,85.0,,0.0892189042154854,-6.0,0.0,0.0,
GRC,2004,6.152678535615414,35.0,2.7460318,85.0,22.4,1.0021818587947404,-10.0,0.0,0.0,-1.2999999999999972
GRC,2005,5.445460426850095,32.0,2.7460318,85.0,,0.414160048576683,-7.0,0.0,0.0,
GRC,2006,5.954624937747259,29.0,2.7460318,85.0,,0.5796918556621975,-4.0,0.0,0.0,
GRC,2007,6.112306292130717,25.0,2.7460318,85.0,21.1,1.1139567868268019,-1.0,0.0,0.0,-1.1000000000000014
GRC,2008,5.814763735774775,25.0,2.7460318,85.0,,0.28356919194394337,-5.0,-0.30158739999999984,0.0,
GRC,2009,5.132919839406005,25.0,2.7460318,85.0,,-1.0197586962094087,-5.0,-0.30158739999999984,-36.900002,
GRC,2010,4.389079672039921,24.0,2.7460318,85.0,20.0,-1.0563807548101734,2.0,-0.34920649999999975,-51.200001,-2.1000000000000014
GRC,2011,3.5345776695371396,20.0,2.4444444,85.0,,-2.4200472682101197,6.0,-0.047619099999999914,-58.700001,
GRC,2012,2.9508904480862985,20.0,2.4444444,48.099998,,-3.1614158440444187,9.0,-0.047619099999999914,-28.299999,
GRC,2013,3.505159941749547,26.0,2.3968253,33.799999,17.9,-2.3096037940252274,3.0,0.0,-20.799999,-3.299999999999999
GRC,2014,3.3680994585134667,26.0,2.3968253,26.299999,,-1.7648203808925387,3.0,0.0,-13.199999,
GRC,2015,3.858981702428059,29.0,2.3968253,19.799999,,-0.5300979696118624,0.0,0.0,,
GRC,2016,3.754062014407865,29.0,2.3968253,13.0,14.6,0.21948434487072532,-5.0,0.0,,
GRC,2017,4.129906121847563,29.0,2.3968253,13.1,,1.1790156737612647,-5.0,0.0,,
GRC,2018,4.391401206047525,29.0,2.3968253,,,0.8862412642979778,-7.0,0.0,,
GRC,2019,4.865651306182623,24.0,2.3968253,,,1.4975518476691563,-2.0,-0.2103174000000001,,
GRC,2020,4.116424833963904,24.0,2.3968253,,13.4,0.25744313153584475,-2.0,-0.2103174000000001,,
GRC,2021,5.277424275555677,22.0,2.3968253,,,1.523362261147812,0.0,-0.2103174000000001,,
GRC,2022,6.269803697117593,22.0,2.1865079,,,2.13989757527003,0.0,0.0,,
GRC,2023,6.583275211412625,22.0,2.1865079,,,2.1918740053651,0.0,,,
GRC,2024,6.525980160813619,22.0,2.1865079,,,1.660328854630996,,,,
GRC,2025,,22.0,2.1865079,,,,,,,
GRC,2026,,22.0,,,,,,,,
GRD,2000,,30.0,,,,,0.0,,,
GRD,2001,,30.0,,,,,0.0,,,
GRD,2002,,30.0,,,,,0.0,,,
GRD,2003,,30.0,,,,,0.0,,,
GRD,2004,,30.0,,,,,0.0,,,
GRD,2005,,30.0,,,,,0.0,,,
GRD,2006,,30.0,,,,,0.0,,,
GRD,2007,,30.0,,,,,0.0,,,
GRD,2008,,30.0,,,,,0.0,,,
GRD,2009,,30.0,,,,,0.0,,,
GRD,2010,,30.0,,,,,0.0,,,
GRD,2011,,30.0,,,,,0.0,,,
GRD,2012,,30.0,,,,,0.0,,,
GRD,2013,,30.0,,,,,0.0,,,
GRD,2014,,30.0,,,,,0.0,,,
GRD,2015,,30.0,,,,,0.0,,,
GRD,2016,,30.0,,,,,-2.0,,,
GRD,2017,,30.0,,,,,-2.0,,,
GRD,2018,,30.0,,,,,-2.0,,,
GRD,2019,,28.0,,,,,0.0,,,
GRD,2020,,28.0,,,,,0.0,,,
GRD,2021,,28.0,,,,,0.0,,,
GRD,2022,,28.0,,,,,0.0,,,
GRD,2023,,28.0,,,,,0.0,,,
GRD,2024,,28.0,,,,,,,,
GRD,2025,,28.0,,,,,,,,
GRD,2026,,28.0,,,,,,,,
GRL,2000,,37.1,,,,,0.0,,,
GRL,2001,,37.1,,,,,0.0,,,
GRL,2002,,37.1,,,,,0.0,,,
GRL,2003,,37.1,,,,,0.0,,,
GRL,2004,,37.1,,,,,-5.300000000000001,,,
GRL,2005,,37.1,,,,,-5.300000000000001,,,
GRL,2006,,37.1,,,,,-5.300000000000001,,,
GRL,2007,,31.8,,,,,0.0,,,
GRL,2008,,31.8,,,,,0.0,,,
GRL,2009,,31.8,,,,,0.0,,,
GRL,2010,,31.8,,,,,0.0,,,
GRL,2011,,31.8,,,,,0.0,,,
GRL,2012,,31.8,,,,,0.0,,,
GRL,2013,,31.8,,,,,0.0,,,
GRL,2014,,31.8,,,,,0.0,,,
GRL,2015,,31.8,,,,,0.0,,,
GRL,2016,,31.8,,,,,0.0,,,
GRL,2017,,31.8,,,,,-5.300000000000001,,,
GRL,2018,,31.8,,,,,-5.300000000000001,,,
GRL,2019,,31.8,,,,,-5.300000000000001,,,
GRL,2020,,26.5,,,,,0.0,,,
GRL,2021,,26.5,,,,,0.0,,,
GRL,2022,,26.5,,,,,0.0,,,
GRL,2023,,26.5,,,,,0.0,,,
GRL,2024,,26.5,,,,,,,,
GRL,2025,,26.5,,,,,,,,
GRL,2026,,26.5,,,,,,,,
GTM,2000,,31.0,,,,,0.0,,,
GTM,2001,,31.0,,,,,0.0,,,
GTM,2002,,31.0,,,,,0.0,,,
GTM,2003,,31.0,,,,,0.0,,,
GTM,2004,,31.0,,,,,0.0,,,
GTM,2005,,31.0,,,,,0.0,,,
GTM,2006,,31.0,,,,,0.0,,,
GTM,2007,,31.0,,,,,0.0,,,
GTM,2008,,31.0,,,,,0.0,,,
GTM,2009,,31.0,,,,,0.0,,,
GTM,2010,,31.0,,,,,0.0,,,
GTM,2011,,31.0,,,,,-3.0,,,
GTM,2012,,31.0,,,,,-6.0,,,
GTM,2013,,31.0,,,,,-6.0,,,
GTM,2014,,28.0,1.4722222,,,,-3.0,,,
GTM,2015,,25.0,,,,,0.0,,,
GTM,2016,,25.0,,,,,0.0,,,
GTM,2017,,25.0,,,,,0.0,,,
GTM,2018,,25.0,,,,,0.0,,,
GTM,2019,,25.0,,,,,0.0,,,
GTM,2020,,25.0,,,,,0.0,,,
GTM,2021,,25.0,,,,,0.0,,,
GTM,2022,,25.0,,,,,0.0,,,
GTM,2023,,25.0,,,,,0.0,,,
GTM,2024,,25.0,,,,,,,,
GTM,2025,,25.0,,,,,,,,
GTM,2026,,25.0,,,,,,,,
HKG,2000,,16.0,,,,,1.5,,,
HKG,2001,,16.0,,,,,1.5,,,
HKG,2002,,16.0,,,,,1.5,,,
HKG,2003,,17.5,,,,,0.0,,,
HKG,2004,,17.5,,,,,0.0,,,
HKG,2005,,17.5,,,,,-1.0,,,
HKG,2006,,17.5,,,,,-1.0,,,
HKG,2007,,17.5,,,,,-1.0,,,
HKG,2008,,16.5,,,,,0.0,,,
HKG,2009,,16.5,,,,,0.0,,,
HKG,2010,,16.5,,,,,0.0,,,
HKG,2011,,16.5,,,,,0.0,,,
HKG,2012,,16.5,,,,,0.0,,,
HKG,2013,,16.5,,,,,0.0,,,
HKG,2014,,16.5,,,,,0.0,,,
HKG,2015,,16.5,,,,,0.0,,,
HKG,2016,,16.5,,,,,0.0,,,
HKG,2017,,16.5,,,,,0.0,,,
HKG,2018,,16.5,,,,,0.0,,,
HKG,2019,,16.5,,,,,0.0,,,
HKG,2020,,16.5,,,,,0.0,,,
HKG,2021,,16.5,,,,,0.0,,,
HKG,2022,,16.5,,,,,0.0,,,
HKG,2023,,16.5,,,,,0.0,,,
HKG,2024,,16.5,,,,,,,,
HKG,2025,,16.5,,,,,,,,
HKG,2026,,16.5,,,,,,,,
HND,2000,,25.0,,,,,5.0,,,
HND,2001,,25.0,,,,,5.0,,,
HND,2002,,25.0,,,,,5.0,,,
HND,2003,,30.0,,,,,0.0,,,
HND,2004,,30.0,,,,,0.0,,,
HND,2005,,30.0,,,,,0.0,,,
HND,2006,,30.0,,,,,0.0,,,
HND,2007,,30.0,,,,,5.0,,,
HND,2008,,30.0,,,,,0.0,,,
HND,2009,,30.0,,,,,1.0,,,
HND,2010,,35.0,,,,,-5.0,,,
HND,2011,,30.0,,,,,0.0,,,
HND,2012,,31.0,,,,,-1.0,,,
HND,2013,,30.0,,,,,0.0,,,
HND,2014,,30.0,2.25,,,,0.0,,,
HND,2015,,30.0,,,,,0.0,,,
HND,2016,,30.0,,,,,0.0,,,
HND,2017,,30.0,,,,,0.0,,,
HND,2018,,30.0,,,,,0.0,,,
HND,2019,,30.0,,,,,0.0,,,
HND,2020,,30.0,,,,,0.0,,,
HND,2021,,30.0,,,,,0.0,,,
HND,2022,,30.0,,,,,0.0,,,
HND,2023,,30.0,,,,,-5.0,,,
HND,2024,,30.0,,,,,,,,
HND,2025,,30.0,,,,,,,,
HND,2026,,25.0,,,,,,,,
HRV,1995,2.3211967299289213,,,,,,,,,
HRV,1996,2.5754626129379763,,,,,,,,,
HRV,1997,2.4553599904804475,,,,,,,,,
HRV,1998,1.238674653372143,,,,,,,,,
HRV,1999,-0.06435674712478044,,,,,,,,,
HRV,2000,-0.7249871983461478,35.0,,,,-3.0461839282750693,-15.0,,,
HRV,2001,0.4489618949932192,20.0,,,,-2.126500717944757,0.0,,,
HRV,2002,0.4116253527685792,20.0,,,,-2.0437346377118684,0.0,,,
HRV,2003,0.3881564953804084,20.0,,,,-0.8505181579917347,0.0,,,
HRV,2004,1.1599374144565853,20.0,,,,1.2242941615813656,0.0,,,
HRV,2005,2.970203368709559,20.0,,,,3.6951905670557066,0.0,,,
HRV,2006,3.414204265930491,20.0,,,,2.965242370937272,0.0,,,
HRV,2007,3.8335164812560407,20.0,,,,3.4218911284874616,0.0,,,
HRV,2008,4.019605713958453,20.0,,,,3.6314492185780445,0.0,,,
HRV,2009,2.374959534503863,20.0,,,,1.2150221200472777,0.0,,,
HRV,2010,2.5010681606809535,20.0,,,,-0.46913520802860553,0.0,,,
HRV,2011,3.3275402764048922,20.0,,,,-0.08666398952559895,0.0,,,
HRV,2012,3.6832168354812787,20.0,,,,-0.15029964577476207,0.0,,,
HRV,2013,4.346680088866396,20.0,,,,0.32707437490794344,0.0,,,
HRV,2014,4.6307964665916215,20.0,,,,2.2558369320877585,-2.0,,,
HRV,2015,5.071158279935379,20.0,2.484127,,,2.570090119254426,-2.0,,,
HRV,2016,5.675825192989146,20.0,,,,2.348284916584254,-2.0,,,
HRV,2017,6.047788252321727,18.0,,,,2.364571416840448,0.0,,,
HRV,2018,5.607101412381696,18.0,,,,1.2604213235153,0.0,,,
HRV,2019,5.7468325017108395,18.0,,,,1.116036035119218,0.0,,,
HRV,2020,4.12552707950302,18.0,,,,-0.9456312004323593,0.0,,,
HRV,2021,6.077419112389885,18.0,,,,0.40159391940073874,0.0,,,
HRV,2022,7.162701851787396,18.0,,,,1.1149135994656696,0.0,,,
HRV,2023,8.293595766081928,18.0,,,,2.6864943537002324,0.0,,,
HRV,2024,6.583187840058138,18.0,,,,0.8363553383472988,,,,
HRV,2025,,18.0,,,,,,,,
HRV,2026,,18.0,,,,,,,,
HTI,2000,,35.0,,,,,-35.0,,,
HTI,2001,,35.0,,,,,-35.0,,,
HTI,2002,,35.0,,,,,-35.0,,,
HTI,2003,,0.0,,,,,0.0,,,
HTI,2004,,0.0,,,,,0.0,,,
HTI,2005,,0.0,,,,,0.0,,,
HTI,2006,,0.0,,,,,0.0,,,
HTI,2007,,0.0,,,,,0.0,,,
HTI,2008,,0.0,,,,,30.0,,,
HTI,2009,,0.0,,,,,30.0,,,
HTI,2010,,0.0,,,,,30.0,,,
HTI,2011,,30.0,,,,,0.0,,,
HTI,2012,,30.0,,,,,0.0,,,
HTI,2013,,30.0,,,,,0.0,,,
HTI,2014,,30.0,,,,,0.0,,,
HTI,2015,,30.0,,,,,0.0,,,
HTI,2016,,30.0,,,,,0.0,,,
HTI,2017,,30.0,,,,,0.0,,,
HTI,2018,,30.0,,,,,0.0,,,
HTI,2019,,30.0,,,,,0.0,,,
HTI,2020,,30.0,,,,,0.0,,,
HTI,2021,,30.0,,,,,0.0,,,
HTI,2022,,30.0,,,,,0.0,,,
HTI,2023,,30.0,,,,,0.0,,,
HTI,2024,,30.0,,,,,,,,
HTI,2025,,30.0,,,,,,,,
HTI,2026,,30.0,,,,,,,,
HUN,1990,,,2.0039682,,,,,0.0,,
HUN,1991,,,2.0039682,,,,,0.0,,
HUN,1992,,,2.0039682,,,,,0.0,,
HUN,1993,,,2.0039682,,44.0,,,0.0,,
HUN,1994,,,2.0039682,,,,,0.0,,
HUN,1995,6.535486777018394,,2.0039682,,41.299999,,,0.0,,-17.599998
HUN,1996,6.506366897143696,,2.0039682,,,,,0.0,,
HUN,1997,7.627881342584468,,2.0039682,,,,,0.0,,
HUN,1998,8.274227292585698,,2.0039682,38.099998,23.700001,,,0.0,-4.899996999999999,-5.200001
HUN,1999,8.124229815440584,,2.0039682,39.0,,,,0.0,-7.299999,
HUN,2000,7.618514674447272,18.0,2.0039682,35.400002,21.299999,1.0830278974288774,0.0,0.0,-3.4000020000000006,-4.199998999999998
HUN,2001,8.594225198356432,18.0,2.0039682,33.200001,18.5,2.0878583012127354,-2.0,0.0,-1.100003000000001,-2.2999989999999997
HUN,2002,10.220123171617438,18.0,2.0039682,31.700001,,2.59224182903297,-2.0,0.0,-8.600000999999999,
HUN,2003,9.48457389972294,18.0,2.0039682,32.0,17.1,1.210346607137243,-0.6700000000000017,0.0,-10.700001,
HUN,2004,9.871669095535909,16.0,2.0039682,32.099998,16.200001,1.7474392800953247,4.0,0.0,-9.099998,
HUN,2005,10.153126338435744,16.0,2.0039682,23.1,17.299999,2.534611663988472,4.0,0.0,-1.399999000000001,-1.999998999999999
HUN,2006,10.627817352800106,17.33,2.0039682,21.299999,,2.0335921544436744,2.6700000000000017,0.0,3.5,
HUN,2007,10.14594259577728,20.0,2.0039682,23.0,,-0.07418057584015791,-1.0,0.0,2.5,
HUN,2008,9.930810892764274,20.0,2.0039682,21.700001,15.3,0.44623699304133346,-1.0,0.0,3.2999989999999997,
HUN,2009,8.640540395304196,20.0,2.0039682,24.799999,11.9,-1.2311287002317126,-1.0,0.0,1.0,
HUN,2010,8.829133055301318,19.0,2.0039682,25.5,,-1.3239932831344259,0.0,-0.4166666000000001,-1.2000010000000003,
HUN,2011,9.078613746626631,19.0,2.0039682,25.0,,-1.5492036061734744,0.0,-0.4166666000000001,-0.7000010000000003,
HUN,2012,8.121582766862888,19.0,2.0039682,25.799999,,-2.024359828914392,0.0,-0.4166666000000001,1.5,
HUN,2013,9.043048561080514,19.0,1.5873016,24.299999,,-0.88776233168376,0.0,0.0,2.7000010000000003,
HUN,2014,10.374011594377956,19.0,1.5873016,24.299999,,1.73347119907376,-10.0,0.0,-1.899999000000001,
HUN,2015,10.922846008485863,19.0,1.5873016,27.299999,9.0,2.0937129531845446,-10.0,0.0,-7.099997999999999,
HUN,2016,10.715683883203727,19.0,1.5873016,27.0,,1.6370701365770959,-10.0,0.0,-6.100000000000001,
HUN,2017,10.98131014941353,9.0,1.5873016,22.4,,2.8597273825506413,0.0,0.0,,
HUN,2018,11.273069873089794,9.0,1.5873016,20.200001,,2.2300213120092796,0.0,0.0,,
HUN,2019,10.84240688993312,9.0,1.5873016,20.9,,0.46839529555516357,0.0,0.0,-0.5,
HUN,2020,9.20761647858049,9.0,1.5873016,,7.4000001,-1.715229529905372,0.0,0.0,,
HUN,2021,9.674254784307095,9.0,1.5873016,,,-1.0414290988966322,0.0,0.0,,
HUN,2022,8.59871523286325,9.0,1.5873016,20.4,,-2.3825949165502784,0.0,0.0,,
HUN,2023,8.586248522883883,9.0,1.5873016,,,-2.6868213502059106,0.0,,,
HUN,2024,7.328988840632003,9.0,1.5873016,,,-3.5134180493011167,,,,
HUN,2025,,9.0,1.5873016,,,,,,,
HUN,2026,,9.0,,,,,,,,
IDN,2000,,30.0,,,,,0.0,,,
IDN,2001,,30.0,,,,,0.0,,,
IDN,2002,,30.0,,,,,0.0,,,
IDN,2003,,30.0,,,,,0.0,,,
IDN,2004,,30.0,,,,,0.0,,,
IDN,2005,,30.0,,,,,0.0,,,
IDN,2006,,30.0,,,,,-2.0,,,
IDN,2007,,30.0,,,,,-5.0,,,
IDN,2008,,30.0,4.075397,,,,-5.0,0.0,,
IDN,2009,,28.0,4.075397,,,,-3.0,0.0,,
IDN,2010,,25.0,4.075397,,,,0.0,,,
IDN,2011,,25.0,4.075397,,,,0.0,,,
IDN,2012,,25.0,4.075397,,,,0.0,,,
IDN,2013,,25.0,,,,,0.0,,,
IDN,2014,,25.0,,,,,0.0,,,
IDN,2015,,25.0,,,,,0.0,,,
IDN,2016,,25.0,,,17.9,,0.0,,,-5.399999999999999
IDN,2017,,25.0,,,14.4,,-3.0,,,
IDN,2018,,25.0,,,13.2,,-3.0,,,-0.7999999999999989
IDN,2019,,25.0,,,12.5,,-3.0,,,-0.6999999999999993
IDN,2020,,22.0,,,,,0.0,,,
IDN,2021,,22.0,,,12.4,,0.0,,,-7.0999998
IDN,2022,,22.0,,,11.8,,0.0,,,
IDN,2023,,22.0,,,11.9,,0.0,,,
IDN,2024,,22.0,,,5.3000002,,,,,
IDN,2025,,22.0,,,,,,,,
IDN,2026,,22.0,,,,,,,,
IMN,2000,,20.0,,,,,-2.0,,,
IMN,2001,,18.0,,,,,0.0,,,
IMN,2002,,18.0,,,,,0.0,,,
IMN,2003,,18.0,,,,,-18.0,,,
IMN,2004,,18.0,,,,,-18.0,,,
IMN,2005,,18.0,,,,,-18.0,,,
IMN,2006,,0.0,,,,,0.0,,,
IMN,2007,,0.0,,,,,0.0,,,
IMN,2008,,0.0,,,,,0.0,,,
IMN,2009,,0.0,,,,,0.0,,,
IMN,2010,,0.0,,,,,0.0,,,
IMN,2011,,0.0,,,,,0.0,,,
IMN,2012,,0.0,,,,,0.0,,,
IMN,2013,,0.0,,,,,0.0,,,
IMN,2014,,0.0,,,,,0.0,,,
IMN,2015,,0.0,,,,,0.0,,,
IMN,2016,,0.0,,,,,0.0,,,
IMN,2017,,0.0,,,,,0.0,,,
IMN,2018,,0.0,,,,,0.0,,,
IMN,2019,,0.0,,,,,0.0,,,
IMN,2020,,0.0,,,,,0.0,,,
IMN,2021,,0.0,,,,,0.0,,,
IMN,2022,,0.0,,,,,0.0,,,
IMN,2023,,0.0,,,,,0.0,,,
IMN,2024,,0.0,,,,,,,,
IMN,2025,,0.0,,,,,,,,
IMN,2026,,0.0,,,,,,,,
IND,2000,,52.4,,,11.8,,-7.549999999999997,,,
IND,2001,,51.88,,,,,-7.630000000000003,,,
IND,2002,,35.7,,,,,7.259999999999998,,,
IND,2003,,44.85,,,,,-1.8900000000000006,,,
IND,2004,,44.25,,,,,0.6799999999999997,,,
IND,2005,,42.96,,,,,2.25,,,
IND,2006,,42.96,,,,,2.25,,,
IND,2007,,44.93,,,,,-0.6199999999999974,,,
IND,2008,,45.21,3.2857141,,,,-1.8100000000000023,0.0,,
IND,2009,,45.21,3.2857141,,,,-1.8100000000000023,0.0,,
IND,2010,,44.31,3.2857141,,10.3,,0.8999999999999986,,,
IND,2011,,43.4,3.2857141,,,,4.030000000000001,,,
IND,2012,,43.4,3.2857141,,11.8,,4.520000000000003,,,
IND,2013,,45.21,,,,,2.710000000000001,,,
IND,2014,,47.43,,,,,0.490000000000002,,,
IND,2015,,47.92,,,,,0.3999999999999986,,,
IND,2016,,47.92,,,,,-7.3700000000000045,,,
IND,2017,,47.92,,,19.799999,,-22.75,,,
IND,2018,,48.32,,,,,-23.15,,,
IND,2019,,40.55,,,,,-15.379999999999995,,,
IND,2020,,25.17,,,,,0.0,,,
IND,2021,,25.17,,,,,0.0,,,
IND,2022,,25.17,,,,,0.0,,,
IND,2023,,25.17,,,,,0.0,,,
IND,2024,,25.17,,,,,,,,
IND,2025,,25.17,,,,,,,,
IND,2026,,25.17,,,,,,,,
IRL,1960,5.597092721625709,,,70.0,37.099998,,,,,2.0
IRL,1961,5.632343141560872,,,,38.599998,,,,,1.100003000000001
IRL,1962,5.302258997506105,,,,39.299999,,,,,0.20000100000000032
IRL,1963,5.199196474690491,,,,39.099998,,,,,0.5
IRL,1964,4.905934508438229,,,,39.700001,,,,,0.20000100000000032
IRL,1965,5.040014730073717,,,70.0,39.5,-0.5570779915519921,,,,1.0999979999999994
IRL,1966,3.7770775583490774,,,,39.599998,-1.8552655832117946,,,,2.4000020000000006
IRL,1967,4.392135544962819,,,,39.900002,-0.910123452543286,,,,3.6999959999999987
IRL,1968,4.890770841849842,,,,40.599998,-0.30842563284064894,,,,3.0
IRL,1969,4.805268910622331,,,,42.0,-0.10066559781589746,,,,1.9000020000000006
IRL,1970,3.706292387246686,,,70.0,43.599998,-1.333722342827031,,,,0.0
IRL,1971,3.5231148593951835,,,,43.599998,-0.2539626989538939,,,,0.5
IRL,1972,4.909243820377686,,,,43.900002,0.5171082754148664,,,,1.399996999999999
IRL,1973,5.274288682006264,,,,43.599998,0.3835178401564221,,,,2.5
IRL,1974,2.673787425433756,,,,44.099998,-2.131481485188575,,,,2.600003000000001
IRL,1975,3.5668402573042464,,,70.0,45.299999,-0.13945212994243983,,,,1.9000020000000006
IRL,1976,3.299432658818904,,,,46.099998,-0.22368220057627974,,,,1.0
IRL,1977,5.60239773512384,,,,46.700001,0.6931539147461541,,,,0.09999799999999937
IRL,1978,6.167969457116347,,,,47.200001,0.8936807751100826,,,,-0.7999989999999997
IRL,1979,4.82864416448157,,,,47.099998,2.154856739047814,,,,-1.0999979999999994
IRL,1980,2.6457171517201337,,,70.0,46.799999,-0.9211231055841127,,,,0.0
IRL,1981,3.0717143814286616,,,,46.400002,-0.2277182773902422,,,,0.2999989999999997
IRL,1982,3.621654198420269,,,,46.0,-1.9807435367035708,,,,-1.5999979999999994
IRL,1983,3.536086064510577,,,,46.799999,-2.63188339260577,,,,-4.5
IRL,1984,4.5026633065266,,,,46.700001,-0.32598085795497056,,,,-5.600003000000001
IRL,1985,5.432609626691908,,1.2698413,70.0,44.400002,2.7868924749717747,,0.0,,-3.0
IRL,1986,5.307131911054271,,1.2698413,,42.299999,2.2354175296256096,,0.0,,0.10000300000000095
IRL,1987,5.653796372584361,,1.2698413,,41.099998,2.0321421741640924,,0.0,,0.7000010000000003
IRL,1988,6.209407545764297,,1.2698413,,41.400002,2.6733214812537205,,0.0,,1.399996999999999
IRL,1989,6.805242089434213,,1.2698413,,42.400002,2.302578782907613,,0.0,,0.19999599999999873
IRL,1990,7.218957150790412,,1.2698413,62.799999,41.799999,1.7863475240985034,,0.0,,-0.09999799999999937
IRL,1991,6.957198359105209,,1.2698413,,42.799999,1.6500664480509375,,0.0,,-1.899996999999999
IRL,1992,6.312288570031707,,1.2698413,,42.599998,0.6584921974473454,,0.0,,-2.6999959999999987
IRL,1993,6.965250736210922,,1.2698413,,41.700001,0.7558431904466243,,0.0,,-3.2000010000000003
IRL,1994,6.970814853010883,,1.2698413,,40.900002,0.1655727635766704,,0.0,,-1.9000020000000006
IRL,1995,8.399049443341129,,1.2698413,57.799999,39.900002,1.1800922925507171,,0.0,,-2.3000040000000013
IRL,1996,8.676407307146862,,1.2698413,,38.5,1.7192089480416533,,0.0,,-3.0
IRL,1997,10.212832119974978,,1.2698413,,39.0,3.9005435499432712,,0.0,,-5.099997999999999
IRL,1998,11.622001144337197,,1.2698413,,37.599998,4.656750408126276,,0.0,,-4.399996999999999
IRL,1999,11.821498110004852,,1.2698413,,35.5,4.850683256993968,,0.0,,-2.0999979999999994
IRL,2000,12.672875429079667,24.0,1.2698413,44.200001,33.900002,4.273825985738538,-11.5,0.0,,1.0
IRL,2001,12.863369699616372,20.0,1.2698413,,33.200001,4.1869623924695105,-7.5,0.0,,0.39999699999999905
IRL,2002,13.625719367038277,16.0,1.2698413,,33.400002,3.412887247063299,-3.5,0.0,,-0.20000100000000032
IRL,2003,12.675952750499167,12.5,1.2698413,,34.900002,1.05395160616197,0.0,-0.16666669999999995,,-3.100003000000001
IRL,2004,11.424118366367347,12.5,1.2698413,,33.599998,-0.3973797436375044,0.0,-0.16666669999999995,,-3.199998000000001
IRL,2005,10.866109851512281,12.5,1.2698413,41.700001,33.200001,-1.8067655775673863,0.0,-0.16666669999999995,,-2.4000020000000006
IRL,2006,10.04571628006695,12.5,1.1031746,,31.799999,-2.8176534195494227,0.0,0.0,,0.0
IRL,2007,10.126750464141399,12.5,1.1031746,,30.4,-3.4989689028968787,0.0,0.0,,1.2000000000000028
IRL,2008,8.579337207502926,12.5,1.1031746,,30.799999,-4.096615542996242,0.0,0.0,,0.7000010000000003
IRL,2009,7.938001315073841,12.5,1.1031746,40.5,31.799999,-3.4861170512935065,0.0,0.12698410000000004,,-1.7999989999999997
IRL,2010,9.45541457220173,12.5,1.1031746,,31.6,-1.4106952793105503,0.0,0.12698410000000004,,-3.1000000000000014
IRL,2011,10.520846578217789,12.5,1.1031746,,31.5,0.4751302981508392,0.0,0.12698410000000004,,-5.299999
IRL,2012,10.12024432778333,12.5,1.2301587,,30.0,-0.006506136358067849,0.0,0.0,,-4.700001
IRL,2013,10.516950354562125,12.5,1.2301587,,28.5,1.9376131470591993,0.0,0.0,,-5.100000000000001
IRL,2014,12.036372559853255,12.5,1.2301587,,26.200001,4.098371244779415,0.0,0.0,,-2.0
IRL,2015,17.687621210307462,12.5,1.2301587,,25.299999,8.232206638105731,0.0,0.0,,-1.1999989999999983
IRL,2016,14.491772920749293,12.5,1.2301587,,23.4,3.970926342531504,0.0,0.0,,1.7000000000000028
IRL,2017,15.97499536239769,12.5,1.2301587,34.0,24.200001,5.85475103461436,0.0,0.0,,2.5
IRL,2018,17.64879159809149,12.5,1.2301587,,24.1,7.131841243529363,0.0,0.0,,1.5
IRL,2019,16.39956591298729,12.5,1.2301587,,25.1,4.363193353134033,0.0,0.0,,-1.7000000000000028
IRL,2020,16.399607839511738,12.5,1.2301587,,26.700001,-1.2880133707957242,0.0,0.08333339999999989,,-4.300001000000002
IRL,2021,21.61612919196117,12.5,1.2301587,,25.6,7.124356271211878,0.0,0.08333339999999989,,-3.399999000000001
IRL,2022,25.562489252915295,12.5,1.2301587,,23.4,9.587493890517605,0.0,0.08333339999999989,,
IRL,2023,21.996004825406448,12.5,1.3134921,,22.4,4.34721322731496,0.0,,,
IRL,2024,23.973130830175922,12.5,1.3134921,,22.200001,7.573564917188634,,,,
IRL,2025,,12.5,1.3134921,,,,,,,
IRL,2026,,12.5,,,,,,,,
ISL,1970,2.8019838549837734,,,,,,,,,
ISL,1971,3.5953294440636845,,,,,,,,,
ISL,1972,4.322811749322448,,,,,,,,,
ISL,1973,2.9047943968576657,,,,,,,,,
ISL,1974,1.449379612995393,,,,,,,,,
ISL,1975,1.803649762432811,,,,,-0.9983340925509625,,,,
ISL,1976,2.8055392547537643,,,,,-0.7897901893099202,,,,
ISL,1977,2.7745547363951353,,,,,-1.548257012927313,,,,
ISL,1978,2.109028483892144,,,,,-0.7957659129655217,,,,
ISL,1979,1.7727504916828223,,,,61.599998,0.3233708786874292,,,,
ISL,1980,2.484627912357362,,,90.0,60.799999,0.6809781499245509,,,,8.700001
ISL,1981,2.533677693246581,,,,,-0.2718615615071833,,,,
ISL,1982,1.8262230819868237,,,,,-0.9483316544083116,,,,
ISL,1983,4.133178286430092,,,,69.5,2.024149802537948,,,,
ISL,1984,5.935909444579337,,,,,4.163158952896515,,,,
ISL,1985,4.291867602430541,,,,72.099998,1.807239690073179,,,,
ISL,1986,5.025457222114055,,,,,2.4917795288674744,,,,
ISL,1987,4.364261553987625,,,,,2.538038472000801,,,,
ISL,1988,3.430990009692632,,,,,-0.7021882767374601,,,,
ISL,1989,4.231741363117337,,,,,-1.704168081462,,,,
ISL,1990,5.081187633784564,,,,,0.7893200313540234,,,,
ISL,1991,4.057921315580891,,,,80.699997,-0.9675359065331648,,,,1.7000050000000044
ISL,1992,4.760648852002747,,,,80.900002,0.3963872980151226,,,,0.7999949999999956
ISL,1993,6.236758379588669,,,94.0,81.099998,2.805768369896037,,,,1.5
ISL,1994,7.29096501214514,,,,82.400002,3.0592236490278033,,,,-1.0
ISL,1995,6.449824458807393,,,,81.699997,1.3686368250228291,,,,1.6000060000000076
ISL,1996,6.788384860076,,,,82.599998,2.7304635444951098,,,,0.9000020000000006
ISL,1997,8.268542869401879,,,,81.400002,3.5078940173991313,,,,2.7999949999999956
ISL,1998,8.11760441030852,,,,83.300003,1.8808460307198507,,,,1.0
ISL,1999,6.369036770176471,,,,83.5,-0.9219282419686685,,,,4.800003000000004
ISL,2000,6.205835609241593,30.0,,90.0,84.199997,-0.2439888495658007,-12.0,,0.0,1.9000010000000032
ISL,2001,7.599112906342742,30.0,,90.0,84.300003,0.8107280462667417,-12.0,,0.0,-0.6000060000000076
ISL,2002,7.195831485586655,18.0,,90.0,88.300003,-1.0727113838152231,0.0,,0.0,-4.5
ISL,2003,6.5968461939117,18.0,,90.0,86.099998,-1.5207582163968194,0.0,,0.0,-1.1999959999999987
ISL,2004,6.952701885030792,18.0,,90.0,83.699997,0.5836651148543206,0.0,,0.0,1.0
ISL,2005,6.051539674893342,18.0,,90.0,83.800003,-0.15429593434825062,-3.0,,0.0,0.6999969999999962
ISL,2006,5.2122772660564864,18.0,,90.0,84.900002,-2.3868356402862556,-3.0,,0.0,-0.09999899999999684
ISL,2007,5.167189955813734,18.0,,90.0,84.699997,-2.028641529772921,0.0,,0.0,0.40000100000000316
ISL,2008,7.5097075411797425,15.0,1.3968254,90.0,84.5,0.9128613472680422,5.0,0.16666669999999995,0.0,0.09999799999999937
ISL,2009,7.668751460622734,15.0,1.5634921,90.0,84.800003,0.716049575591942,5.0,0.0,0.0,0.29999499999999557
ISL,2010,7.49785660216756,18.0,1.5634921,90.0,85.099998,1.4463169272742178,2.0,0.0,0.0,3.5
ISL,2011,7.2077286681850525,20.0,1.5634921,90.0,84.599998,1.995451402128566,0.0,0.0,0.0,5.599998999999997
ISL,2012,6.965328725375748,20.0,1.5634921,90.0,85.099998,1.798138769562014,0.0,0.0,0.0,6.400002000000001
ISL,2013,7.127537092759299,20.0,1.5634921,90.0,88.599998,-0.38217044842044334,0.0,0.0,0.0,1.7000050000000044
ISL,2014,7.1016814240827175,20.0,1.5634921,90.0,90.199997,-0.5670700365400165,0.0,0.0,0.0,0.5
ISL,2015,8.182592261243665,20.0,1.5634921,90.0,91.5,0.6847356590761047,0.0,0.0,0.0,-1.1999969999999962
ISL,2016,8.745015780655542,20.0,1.5634921,90.0,90.300003,1.5372871124704899,0.0,0.0,0.0,0.7999949999999956
ISL,2017,7.399581703446856,20.0,1.5634921,90.0,90.699997,0.4342529780711075,0.0,0.0,0.0,1.2000050000000044
ISL,2018,6.951717779063969,20.0,1.5634921,90.0,90.300003,-0.17581931369532988,0.0,0.0,0.0,0.5999989999999968
ISL,2019,7.408472654114092,20.0,1.5634921,90.0,91.099998,0.3067912300313749,0.0,0.0,0.0,-0.6999959999999987
ISL,2020,6.018784346798558,20.0,1.5634921,90.0,91.900002,-2.1638079144451066,0.0,0.0,0.0,-1.3000040000000013
ISL,2021,6.7567240798835275,20.0,1.5634921,90.0,90.900002,-1.988291700772015,1.0,0.0,0.0,
ISL,2022,,20.0,1.5634921,90.0,90.400002,,0.0,,,
ISL,2023,,20.0,1.5634921,90.0,90.599998,,0.0,,,
ISL,2024,7.608411572885229,21.0,1.5634921,90.0,,0.1999389187711369,,,,
ISL,2025,,20.0,,,,,,,,
ISL,2026,,20.0,,,,,,,,
ISR,1960,,,,82.0,80.0,,,,,0.0
ISR,1961,,,,,80.0,,,,,0.0
ISR,1962,,,,,80.0,,,,,0.0
ISR,1963,,,,,80.0,,,,,0.0
ISR,1964,,,,,80.0,,,,,0.0
ISR,1965,,,,82.0,80.0,,,,,0.0
ISR,1966,,,,,80.0,,,,,0.0
ISR,1967,,,,,80.0,,,,,0.0
ISR,1968,,,,,80.0,,,,,0.0
ISR,1969,,,,,80.0,,,,,0.0
ISR,1970,,,,82.0,80.0,,,,,0.0
ISR,1971,,,,,80.0,,,,,0.0
ISR,1972,,,,,80.0,,,,,0.0
ISR,1973,,,,,80.0,,,,,0.0
ISR,1974,,,,,80.0,,,,,1.0
ISR,1975,,,,82.0,80.0,,,,,2.0
ISR,1976,,,,,80.0,,,,,3.0
ISR,1977,,,,,81.0,,,,,3.0
ISR,1978,,,,,82.0,,,,,1.1999969999999962
ISR,1979,,,,,83.0,,,,,
ISR,1980,,,,82.0,84.0,,,,,-2.0
ISR,1981,,,,,83.199997,,,,,-3.199996999999996
ISR,1982,,,,82.0,,,,,,
ISR,1983,,,,,82.0,,,,,
ISR,1984,,,,,80.0,,,,,
ISR,1988,,,,,73.0,,,,,
ISR,1990,,,,,73.0,,,,,
ISR,1992,,,,,70.0,,,,,-13.799999
ISR,1994,,,,,68.0,,,,,
ISR,1995,,,,,56.200001,,,,,
ISR,1996,,,,,48.799999,,,,,
ISR,2000,,36.0,,64.199997,47.200001,,0.0,,,
ISR,2001,,36.0,,,,,-1.0,,,
ISR,2002,,36.0,,,,,-2.0,,,
ISR,2003,,36.0,,,,,-5.0,,,
ISR,2004,,35.0,,,,,-6.0,,,
ISR,2005,,34.0,,,,,-7.0,,,
ISR,2006,,31.0,,55.0,37.099998,,-5.0,,,
ISR,2007,,29.0,,,30.299999,,-4.0,,,
ISR,2008,,27.0,2.3690476,,,,-3.0,0.0,,
ISR,2009,,26.0,2.3690476,,,,-1.0,0.0,,
ISR,2010,,25.0,2.3690476,,,,0.0,0.0,,
ISR,2011,,24.0,2.3690476,,,,2.5,0.0,,
ISR,2012,,25.0,2.3690476,39.700001,24.799999,,1.5,0.0,,
ISR,2013,,25.0,2.3690476,,,,0.0,0.0,,
ISR,2014,,26.5,2.3690476,,,,-2.5,0.0,,
ISR,2015,,26.5,2.3690476,,,,-3.5,0.0,,
ISR,2016,,25.0,2.3690476,,27.1,,-2.0,0.0,,
ISR,2017,,24.0,2.3690476,,,,-1.0,0.0,,
ISR,2018,,23.0,2.3690476,,,,0.0,0.0,,
ISR,2019,,23.0,2.3690476,,,,0.0,0.0,,
ISR,2020,,23.0,2.3690476,,,,0.0,0.0,,
ISR,2021,,23.0,2.3690476,,,,0.0,0.0,,
ISR,2022,,23.0,2.3690476,46.5,30.799999,,0.0,,,
ISR,2023,,23.0,2.3690476,45.799999,27.200001,,,,,
ISR,2024,,23.0,2.3690476,,,,,,,
ISR,2025,,23.0,,,,,,,,
ITA,1960,5.494787084895791,,,100.0,26.200001,,,,0.0,1.6999989999999983
ITA,1961,6.163388655465807,,,100.0,26.4,,,,0.0,2.1000000000000014
ITA,1962,6.356416634947642,,,100.0,27.0,,,,0.0,0.20000100000000032
ITA,1963,5.587235668273975,,,100.0,27.9,,,,0.0,-0.7999999999999972
ITA,1964,4.86585923306075,,,100.0,28.5,,,,0.0,-1.5
ITA,1965,5.404593288782149,,,100.0,27.200001,-0.09019379611364275,,,0.0,0.6999989999999983
ITA,1966,6.292962057010697,,,100.0,27.1,0.1295734015448895,,,0.0,2.0
ITA,1967,6.502700544533645,,,100.0,27.0,0.14628390958600246,,,0.0,6.799999
ITA,1968,7.119707523719832,,,100.0,27.9,1.5324718554458565,,,0.0,8.500002000000002
ITA,1969,7.733059179662995,,,100.0,29.1,2.867199946602245,,,0.0,8.600000999999999
ITA,1970,6.5223333695224985,,,100.0,33.799999,1.11774008074035,,,0.0,5.400002000000001
ITA,1971,5.4638104794425795,,,100.0,36.400002,-0.8291515775681173,,,0.0,6.399996999999999
ITA,1972,5.718070408613021,,,100.0,37.700001,-0.784630135920624,,,0.0,6.899996999999999
ITA,1973,5.6498594801154125,,,100.0,39.200001,-1.4698480436044195,,,0.0,7.700001
ITA,1974,5.377863875326804,,,100.0,42.799999,-2.35519530433619,,,0.0,4.400002000000001
ITA,1975,4.149533832287914,,,100.0,44.599998,-2.3727995372345845,,,0.0,3.5
ITA,1976,4.638915782752321,,,100.0,46.900002,-0.8248946966902588,,,0.0,0.7999989999999997
ITA,1977,4.344652570943204,,,100.0,47.200001,-1.373417837669817,,,0.0,0.5
ITA,1978,4.704780178957263,,,100.0,48.099998,-0.9450793011581498,,,0.0,-1.6999959999999987
ITA,1979,5.345575391605312,,,100.0,47.700001,-0.03228848372149251,,,0.0,-2.7000010000000003
ITA,1980,5.297856327473081,,,100.0,47.700001,1.148322495185167,,,0.0,-3.9000020000000006
ITA,1981,4.451063741118449,,,100.0,46.400002,-0.1878520416338718,,,0.0,-3.0
ITA,1982,4.4384516786870725,,,100.0,45.0,0.09379910774386868,,,0.0,-4.5
ITA,1983,4.36545570274776,,,100.0,43.799999,-0.33932447620950246,,,0.0,-5.099997999999999
ITA,1984,4.935039424820538,,,100.0,43.400002,-0.41053596678477433,,,0.0,-5.200001
ITA,1985,5.0970818661827355,,3.015873,100.0,40.5,-0.20077446129034549,,0.0,0.0,-2.4000020000000006
ITA,1986,5.769217449281127,,3.015873,100.0,38.700001,1.3181537081626784,,0.0,0.0,-1.2000010000000003
ITA,1987,5.880088985096692,,3.015873,100.0,38.200001,1.4416373064096195,,0.0,0.0,-1.0
ITA,1988,6.024399638252201,,3.015873,100.0,38.099998,1.6589439355044409,,0.0,0.0,-1.2999989999999997
ITA,1989,6.189178738281863,,3.015873,100.0,37.5,1.2541393134613257,,0.0,0.0,-0.5999979999999994
ITA,1990,5.767475639543315,,3.015873,100.0,37.200001,0.6703937733605798,,0.0,0.0,-1.0
ITA,1991,5.529027496998536,,3.015873,100.0,36.799999,-0.24018995228259143,,0.0,0.0,-1.2000010000000003
ITA,1992,5.4100953239069645,,3.015873,100.0,36.900002,-0.4699936611897275,,0.0,0.0,-2.100003000000001
ITA,1993,5.306893259531085,,3.015873,100.0,36.200001,-0.717506378721116,,0.0,0.0,-2.100003000000001
ITA,1994,5.94160887244553,,3.015873,100.0,35.599998,-0.24756986583633367,,0.0,0.0,-2.2999989999999997
ITA,1995,6.646902341923027,,3.015873,100.0,34.799999,0.8794267023797113,,0.0,0.0,-1.899996999999999
ITA,1996,6.659106288944579,,3.015873,100.0,34.099998,1.130078791946043,,0.0,0.0,-1.399996999999999
ITA,1997,6.457544243032774,,3.015873,100.0,33.299999,1.0474489191258094,,0.0,0.0,-1.0
ITA,1998,6.304055447523485,,3.015873,100.0,32.900002,0.9971621879923998,,0.0,0.0,-1.000002000000002
ITA,1999,6.4008459295913465,,3.015873,100.0,32.700001,0.45923705714581686,,0.0,0.0,-1.4000020000000006
ITA,2000,6.736489083575951,41.25,3.015873,100.0,32.299999,0.08958674165292457,-3.0,0.0,0.0,-1.0999979999999994
ITA,2001,6.935334234790173,40.25,3.015873,100.0,31.9,0.2762279458455943,-3.0,0.0,0.0,-0.29999999999999716
ITA,2002,6.631850922208159,40.25,3.015873,100.0,31.299999,0.1743066791753849,-3.0,0.0,0.0,0.20000100000000032
ITA,2003,6.483554759311031,38.25,3.015873,100.0,31.200001,0.17949931178754586,-1.0,0.0,0.0,0.09999799999999937
ITA,2004,6.349964953068418,37.25,3.015873,100.0,31.6,-0.050880976522928556,0.0,0.0,0.0,-0.10000000000000142
ITA,2005,6.021469561347416,37.25,3.015873,100.0,31.5,-0.7150195222285349,-5.850000000000001,0.0,0.0,0.20000100000000032
ITA,2006,5.774465604234412,37.25,3.015873,100.0,31.299999,-1.1608686305557612,-5.850000000000001,0.0,0.0,1.2000010000000003
ITA,2007,5.786920589735671,37.25,3.015873,100.0,31.5,-0.8449303324724875,-5.850000000000001,0.0,0.0,1.5
ITA,2008,5.459329730330094,31.4,3.015873,100.0,31.700001,-1.0242250289809371,0.0,0.0,0.0,1.2999989999999997
ITA,2009,4.582988483721061,31.4,3.015873,100.0,32.5,-1.766976469347357,-0.10724999999999696,0.0,0.0,0.7999989999999997
ITA,2010,4.429313139922918,31.4,3.015873,100.0,33.0,-1.592156421424498,-0.10724999999999696,-0.08333330000000005,0.0,0.5999979999999994
ITA,2011,4.511263176791395,31.4,3.015873,100.0,33.0,-1.2632024274430167,-0.10724999999999696,-0.08333330000000005,0.0,0.5
ITA,2012,3.9472933052241013,31.29275,3.015873,100.0,33.299999,-1.83962728451157,0.0,-0.08333330000000005,0.0,-0.7999989999999997
ITA,2013,4.078217655668661,31.29275,2.9325397,100.0,33.599998,-1.3811120746614325,0.0,-0.45833330000000005,0.0,-1.7999989999999997
ITA,2014,4.17910495305418,31.29275,2.9325397,100.0,33.5,-0.40388353066688065,-3.4863500000000016,-0.45833330000000005,0.0,-2.1000000000000014
ITA,2015,4.242489183869442,31.29275,2.9325397,100.0,32.5,-0.1868239560534759,-3.4863500000000016,-0.45833330000000005,0.0,-1.7000010000000003
ITA,2016,4.867998023976711,31.29275,2.4742064,100.0,31.799999,0.356734847185316,-3.4863500000000016,0.08333330000000005,0.0,-1.1999989999999983
ITA,2017,5.015990228106889,27.8064,2.4742064,100.0,31.4,1.068696922882788,0.0035999999999987153,0.08333330000000005,0.0,-0.19999899999999826
ITA,2018,5.008660988081518,27.8064,2.4742064,100.0,30.799999,0.9304433324128567,0.0035999999999987153,0.2916666000000001,0.0,-0.19999899999999826
ITA,2019,4.936337633975777,27.8064,2.5575397,100.0,30.6,0.7572326809215966,0.0035999999999987153,0.0,0.0,-0.5
ITA,2020,4.19994816693236,27.81,2.5575397,100.0,31.200001,-0.0425410169370819,0.0,0.0,0.0,-1.2000010000000003
ITA,2021,5.023169895524493,27.81,2.765873,100.0,30.6,0.15517187154778167,0.0,-0.20833330000000005,0.0,-0.3999990000000011
ITA,2022,5.692551404611448,27.81,2.5575397,100.0,30.1,0.6765611765045589,0.0,0.0,,
ITA,2023,6.510022419515801,27.81,2.5575397,100.0,30.0,1.5013614314342831,0.0,,,
ITA,2024,6.021438119643719,27.81,2.5575397,100.0,30.200001,1.085100485667942,,,,
ITA,2025,,27.81,2.5575397,,,,,,,
ITA,2026,,27.81,,,,,,,,
JAM,2000,,33.33,,,,,0.0,,,
JAM,2001,,33.33,,,,,0.0,,,
JAM,2002,,33.33,,,,,0.0,,,
JAM,2003,,33.33,,,,,0.0,,,
JAM,2004,,33.33,,,,,0.0,,,
JAM,2005,,33.33,,,,,0.0,,,
JAM,2006,,33.33,,,,,0.0,,,
JAM,2007,,33.33,,,,,0.0,,,
JAM,2008,,33.33,,,,,0.0,,,
JAM,2009,,33.33,,,,,0.0,,,
JAM,2010,,33.33,,,,,-8.329999999999998,,,
JAM,2011,,33.33,,,,,-8.329999999999998,,,
JAM,2012,,33.33,,,,,-8.329999999999998,,,
JAM,2013,,25.0,,,,,0.0,,,
JAM,2014,,25.0,1.5753968,,,,0.0,,,
JAM,2015,,25.0,,,,,0.0,,,
JAM,2016,,25.0,,,,,0.0,,,
JAM,2017,,25.0,,,,,0.0,,,
JAM,2018,,25.0,,,,,0.0,,,
JAM,2019,,25.0,,,,,0.0,,,
JAM,2020,,25.0,,,,,0.0,,,
JAM,2021,,25.0,,,,,0.0,,,
JAM,2022,,25.0,,,,,0.0,,,
JAM,2023,,25.0,,,,,0.0,,,
JAM,2024,,25.0,,,,,,,,
JAM,2025,,25.0,,,,,,,,
JAM,2026,,25.0,,,,,,,,
JEY,2000,,20.0,,,,,0.0,,,
JEY,2001,,20.0,,,,,0.0,,,
JEY,2002,,20.0,,,,,0.0,,,
JEY,2003,,20.0,,,,,0.0,,,
JEY,2004,,20.0,,,,,0.0,,,
JEY,2005,,20.0,,,,,0.0,,,
JEY,2006,,20.0,,,,,-20.0,,,
JEY,2007,,20.0,,,,,-20.0,,,
JEY,2008,,20.0,,,,,-20.0,,,
JEY,2009,,0.0,,,,,0.0,,,
JEY,2010,,0.0,,,,,0.0,,,
JEY,2011,,0.0,,,,,0.0,,,
JEY,2012,,0.0,,,,,0.0,,,
JEY,2013,,0.0,,,,,0.0,,,
JEY,2014,,0.0,,,,,0.0,,,
JEY,2015,,0.0,,,,,0.0,,,
JEY,2016,,0.0,,,,,0.0,,,
JEY,2017,,0.0,,,,,0.0,,,
JEY,2018,,0.0,,,,,0.0,,,
JEY,2019,,0.0,,,,,0.0,,,
JEY,2020,,0.0,,,,,0.0,,,
JEY,2021,,0.0,,,,,0.0,,,
JEY,2022,,0.0,,,,,0.0,,,
JEY,2023,,0.0,,,,,0.0,,,
JEY,2024,,0.0,,,,,,,,
JEY,2025,,0.0,,,,,,,,
JEY,2026,,0.0,,,,,,,,
JOR,2000,,35.0,,,,,-10.0,,,
JOR,2001,,35.0,,,,,-10.0,,,
JOR,2002,,35.0,,,,,-10.0,,,
JOR,2003,,25.0,,,,,0.0,,,
JOR,2004,,25.0,,,,,0.0,,,
JOR,2005,,25.0,,,,,0.0,,,
JOR,2006,,25.0,,,,,0.0,,,
JOR,2007,,25.0,,,,,-5.0,,,
JOR,2008,,25.0,,,,,-5.0,,,
JOR,2009,,25.0,,,,,-5.0,,,
JOR,2010,,20.0,,,,,0.0,,,
JOR,2011,,20.0,,,,,0.0,,,
JOR,2012,,20.0,,,,,0.0,,,
JOR,2013,,20.0,,,,,0.0,,,
JOR,2014,,20.0,,,,,0.0,,,
JOR,2015,,20.0,,,,,0.0,,,
JOR,2016,,20.0,,,,,0.0,,,
JOR,2017,,20.0,,,,,0.0,,,
JOR,2018,,20.0,,,,,0.0,,,
JOR,2019,,20.0,,,,,0.0,,,
JOR,2020,,20.0,,,,,0.0,,,
JOR,2021,,20.0,,,,,0.0,,,
JOR,2022,,20.0,,,,,0.0,,,
JOR,2023,,20.0,,,,,0.0,,,
JOR,2024,,20.0,,,,,,,,
JOR,2025,,20.0,,,,,,,,
JOR,2026,,20.0,,,,,,,,
JPN,1960,,,,,32.299999,,,,,2.7000010000000003
JPN,1961,,,,,33.700001,,,,,1.7999989999999997
JPN,1962,,,,,34.599998,,,,,0.7000010000000003
JPN,1963,,,,,35.0,,,,,-0.2999989999999997
JPN,1964,,,,,35.5,,,,,-1.0999979999999994
JPN,1965,,,,,35.299999,,,,,-0.7999989999999997
JPN,1966,,,,,34.700001,,,,,0.5
JPN,1967,,,,,34.400002,,,,,0.6999959999999987
JPN,1968,,,,,34.5,,,,,0.09999799999999937
JPN,1969,,,,,35.200001,,,,,-0.9000020000000006
JPN,1970,,,,31.6,35.099998,,,,-1.8000010000000017,-1.5999979999999994
JPN,1971,,,,31.1,34.599998,,,,-0.6000000000000014,-0.2999989999999997
JPN,1972,,,,30.700001,34.299999,,,,0.0,0.20000100000000032
JPN,1973,,,,29.799999,33.5,,,,0.0,0.20000100000000032
JPN,1974,,,,30.5,34.299999,,,,-1.3999999999999986,-1.2999989999999997
JPN,1975,,,,30.700001,34.5,,,,-2.0,-1.9000020000000006
JPN,1976,,,,29.799999,33.700001,,,,-1.899999000000001,-1.9000020000000006
JPN,1977,,,,29.1,33.0,,,,-1.8000010000000017,-1.8999999999999986
JPN,1978,,,,28.700001,32.599998,,,,-1.7000010000000003,-1.6999980000000008
JPN,1979,,,,27.9,31.799999,,,,-1.1999989999999983,-1.1999989999999983
JPN,1980,2.661673054909335,,,27.299999,31.1,,,,-1.2999989999999997,-1.3000010000000017
JPN,1981,2.528075246498482,,,27.0,30.9,,,,-1.5,-1.6999989999999983
JPN,1982,2.483435271207428,,,26.700001,30.6,,,,-1.600000999999999,-1.8000010000000017
JPN,1983,2.4589667388234564,,,26.0,29.799999,,,,-1.5,-1.5999979999999994
JPN,1984,2.8103822829868546,,,25.5,29.200001,,,,-1.3999999999999986,-1.5
JPN,1985,3.7369937404865787,,1.7023809,25.1,28.799999,1.075320685577244,,0.0,-1.7000000000000028,-1.899999000000001
JPN,1986,3.951563631821483,,1.7023809,24.5,28.200001,1.423488385323001,,0.0,-1.7999989999999997,-2.100000999999999
JPN,1987,3.6499127087145338,,1.7023809,24.1,27.700001,1.1664774375071056,,0.0,-2.1000000000000014,-2.3000010000000017
JPN,1988,4.182687955242412,,1.7023809,23.4,26.9,1.7237212164189555,,0.0,-1.8999999999999986,-2.100000999999999
JPN,1989,4.315253587830963,,1.7023809,22.700001,26.1,1.5048713048441082,,0.0,-1.4000020000000006,-1.6000000000000014
JPN,1990,4.299934590022441,,1.7023809,22.0,25.4,0.5629408495358623,,0.0,-0.7999989999999997,-1.100000999999999
JPN,1991,3.9563098046513168,,1.7023809,21.5,24.799999,0.004746172829833917,,0.0,-0.2999989999999997,-0.5
JPN,1992,3.3087849568013943,,1.7023809,21.299999,24.5,-0.3411277519131395,,0.0,-0.3999990000000011,-0.5
JPN,1993,2.9707203045406807,,1.7023809,21.200001,24.299999,-1.2119676507017312,,0.0,-0.8000010000000017,-0.8999990000000011
JPN,1994,2.6868102769496667,,1.7023809,21.200001,24.299999,-1.6284433108812961,,0.0,-1.3000010000000017,-1.5
JPN,1995,2.779839699258372,,1.7023809,20.9,24.0,-1.520094890764069,,0.0,-1.2999999999999972,-1.5
JPN,1996,3.138807234808371,,1.7023809,20.4,23.4,-0.8175025698429459,,0.0,-1.100000999999999,-1.1999989999999983
JPN,1997,2.713827146717563,,1.7023809,19.9,22.799999,-0.5949578100838311,,0.0,-1.1999989999999983,-1.2999989999999997
JPN,1998,2.2267524169376296,,1.7023809,19.6,22.5,-0.7439678876030511,,0.0,-1.5,-1.6000000000000014
JPN,1999,2.159770069357558,,1.7023809,19.299999,22.200001,-0.5270402075921088,,0.0,-1.6999989999999983,-1.9000020000000006
JPN,2000,2.747693371163074,40.87,1.7023809,18.700001,21.5,-0.03214632809529805,0.0,0.0,-1.600000999999999,-1.7999989999999997
JPN,2001,2.8927755026041377,40.87,1.7023809,18.1,20.9,-0.24603173220423313,-1.3299999999999983,0.0,-1.3000010000000017,-1.600000999999999
JPN,2002,3.2571214929312413,40.87,1.7023809,17.6,20.299999,0.5432943462136781,-1.3299999999999983,0.0,-1.2000000000000028,-1.5
JPN,2003,3.5131543485174506,40.87,1.7023809,17.1,19.700001,1.286401931579821,-1.3299999999999983,0.0,-1.1000000000000014,-1.4000020000000006
JPN,2004,3.6532729704466784,39.54,1.7023809,16.799999,19.299999,1.4935029010891205,0.0,-0.33333330000000005,-0.7999989999999997,-1.0999979999999994
JPN,2005,3.4210008127210076,39.54,1.7023809,16.4,18.799999,0.6733074415579337,0.0,-0.33333330000000005,-0.3999999999999986,-0.6999989999999983
JPN,2006,3.2743844175869605,39.54,1.7023809,16.0,18.299999,0.3816089149828228,0.0,-0.33333330000000005,0.2999989999999997,0.1000009999999989
JPN,2007,3.41132297398888,39.54,1.3690476,16.0,18.200001,0.15420148105763865,0.0,0.0,0.3999999999999986,0.09999799999999937
JPN,2008,2.6638461101722735,39.54,1.3690476,16.0,18.1,-0.8493082383451771,0.0,0.0,0.20000100000000032,0.0
JPN,2009,2.0147123119910173,39.54,1.3690476,16.299999,18.4,-1.6385606584556611,-2.539999999999999,0.0,-0.09999799999999937,-0.5
JPN,2010,3.0273283891473124,39.54,1.3690476,16.4,18.299999,-0.39367242357369525,-2.539999999999999,0.0,-0.3999999999999986,-0.5999979999999994
JPN,2011,2.6720687311319464,39.54,1.3690476,16.200001,18.1,-0.6023156864550141,-4.920000000000002,0.0,-0.30000099999999996,-0.6000000000000014
JPN,2012,3.052820019605216,37.0,1.3690476,16.200001,17.9,-0.35850295438366375,-4.890000000000001,0.0,-0.30000099999999996,-0.3999999999999986
JPN,2013,3.338350015053875,37.0,1.3690476,16.0,17.700001,0.6745039048816017,-7.030000000000001,0.0,-0.3000000000000007,-0.40000200000000063
JPN,2014,3.3273622595152346,34.62,1.3690476,15.9,17.5,1.3126499475242173,-4.649999999999999,0.0,-0.20000000000000107,-0.3999999999999986
JPN,2015,3.978624236169702,32.11,1.3690476,15.9,17.5,0.9512958470223896,-2.370000000000001,0.0,-0.40000000000000036,-0.6000000000000014
JPN,2016,4.013212960046565,29.97,1.3690476,15.7,17.299999,1.3411442289146187,-0.23000000000000043,0.0,-0.29999999999999893,-0.5999979999999994
JPN,2017,4.033970275661005,29.97,1.3690476,15.7,17.1,0.981150256055789,-0.23000000000000043,0.0,-0.1999999999999993,-0.30000100000000174
JPN,2018,3.524479864143939,29.74,1.3690476,15.5,16.9,0.1861298490900638,0.0,0.0,0.0,-0.1000009999999989
JPN,2019,3.2370072406011245,29.74,1.3690476,15.4,16.700001,-0.09035501891411002,0.0,0.0,0.0,-0.20000100000000032
JPN,2020,2.3386667923729263,29.74,1.3690476,15.5,16.799999,-1.6399574437967757,0.0,0.0,-0.3000000000000007,-0.3999990000000011
JPN,2021,2.5808506610552207,29.74,1.3690476,15.5,16.799999,-1.4323622989913445,0.0,0.0,,-0.5999979999999994
JPN,2022,2.2622069909293483,29.74,1.3690476,15.4,16.5,-1.771763284731657,0.0,0.0,,
JPN,2023,3.171202615747121,29.74,1.3690476,15.2,16.4,-0.35327724839681807,0.0,,,
JPN,2024,2.9261748483638916,29.74,1.3690476,,16.200001,-0.3108323922372329,,,,
JPN,2025,,29.74,1.3690476,,,,,,,
JPN,2026,,29.74,,,,,,,,
KAZ,2000,,30.0,,,,,0.0,,,
KAZ,2001,,30.0,,,,,0.0,,,
KAZ,2002,,30.0,,,,,0.0,,,
KAZ,2003,,30.0,,,,,0.0,,,
KAZ,2004,,30.0,,,,,0.0,,,
KAZ,2005,,30.0,,,,,0.0,,,
KAZ,2006,,30.0,,,,,-10.0,,,
KAZ,2007,,30.0,,,,,-10.0,,,
KAZ,2008,,30.0,,,,,-10.0,,,
KAZ,2009,,20.0,,,,,0.0,,,
KAZ,2010,,20.0,,,,,0.0,,,
KAZ,2011,,20.0,,,,,0.0,,,
KAZ,2012,,20.0,,,,,0.0,,,
KAZ,2013,,20.0,,,,,0.0,,,
KAZ,2014,,20.0,3.3214285,,,,0.0,,,
KAZ,2015,,20.0,3.3214285,,,,0.0,,,
KAZ,2016,,20.0,,,,,0.0,,,
KAZ,2017,,20.0,,,,,0.0,,,
KAZ,2018,,20.0,,,,,0.0,,,
KAZ,2019,,20.0,,,,,0.0,,,
KAZ,2020,,20.0,,,,,0.0,,,
KAZ,2021,,20.0,,,,,0.0,,,
KAZ,2022,,20.0,,,,,0.0,,,
KAZ,2023,,20.0,,,,,0.0,,,
KAZ,2024,,20.0,,,,,,,,
KAZ,2025,,20.0,,,,,,,,
KAZ,2026,,20.0,,,,,,,,
KEN,2000,,30.0,,,,,0.0,,,
KEN,2001,,30.0,,,,,0.0,,,
KEN,2002,,30.0,,,,,0.0,,,
KEN,2003,,30.0,,,,,0.0,,,
KEN,2004,,30.0,,,,,0.0,,,
KEN,2005,,30.0,,,,,0.0,,,
KEN,2006,,30.0,,,,,0.0,,,
KEN,2007,,30.0,,,,,0.0,,,
KEN,2008,,30.0,,,,,0.0,,,
KEN,2009,,30.0,,,,,0.0,,,
KEN,2010,,30.0,,,,,0.0,,,
KEN,2011,,30.0,,,,,0.0,,,
KEN,2012,,30.0,,,,,0.0,,,
KEN,2013,,30.0,,,,,0.0,,,
KEN,2014,,30.0,,,,,0.0,,,
KEN,2015,,30.0,,,,,0.0,,,
KEN,2016,,30.0,,,,,0.0,,,
KEN,2017,,30.0,,,,,-5.0,,,
KEN,2018,,30.0,,,,,0.0,,,
KEN,2019,,30.0,,,,,0.0,,,
KEN,2020,,25.0,,,,,5.0,,,
KEN,2021,,30.0,,,,,0.0,,,
KEN,2022,,30.0,,,,,0.0,,,
KEN,2023,,30.0,,,,,0.0,,,
KEN,2024,,30.0,,,,,,,,
KEN,2025,,30.0,,,,,,,,
KEN,2026,,30.0,,,,,,,,
KNA,2000,,0.0,,,,,0.0,,,
KNA,2001,,0.0,,,,,0.0,,,
KNA,2002,,0.0,,,,,0.0,,,
KNA,2003,,0.0,,,,,0.0,,,
KNA,2004,,0.0,,,,,0.0,,,
KNA,2005,,0.0,,,,,0.0,,,
KNA,2006,,0.0,,,,,0.0,,,
KNA,2007,,0.0,,,,,35.0,,,
KNA,2008,,0.0,,,,,35.0,,,
KNA,2009,,0.0,,,,,35.0,,,
KNA,2010,,35.0,,,,,-2.0,,,
KNA,2011,,35.0,,,,,-2.0,,,
KNA,2012,,35.0,,,,,-2.0,,,
KNA,2013,,33.0,,,,,0.0,,,
KNA,2014,,33.0,,,,,0.0,,,
KNA,2015,,33.0,,,,,0.0,,,
KNA,2016,,33.0,,,,,0.0,,,
KNA,2017,,33.0,,,,,0.0,,,
KNA,2018,,33.0,,,,,0.0,,,
KNA,2019,,33.0,,,,,0.0,,,
KNA,2020,,33.0,,,,,0.0,,,
KNA,2021,,33.0,,,,,0.0,,,
KNA,2022,,33.0,,,,,-8.0,,,
KNA,2023,,33.0,,,,,-8.0,,,
KNA,2024,,33.0,,,,,,,,
KNA,2025,,25.0,,,,,,,,
KNA,2026,,25.0,,,,,,,,
KOR,1963,,,,,9.3999996,,,,,2.4000004000000015
KOR,1964,,,,,11.5,,,,,0.9000000000000004
KOR,1965,,,,,11.6,,,,,0.5
KOR,1966,,,,,11.8,,,,,0.6999999999999993
KOR,1967,,,,,12.4,,,,,0.1999999999999993
KOR,1968,,,,,12.1,,,,,0.5999999999999996
KOR,1969,,,,,12.5,,,,,0.40000000000000036
KOR,1970,,,,,12.6,,,,,0.5999999999999996
KOR,1971,,,,,12.7,,,,,2.1000000000000014
KOR,1972,,,,,12.9,,,,,2.9000000000000004
KOR,1973,,,,,13.2,,,,,3.3000000000000007
KOR,1974,,,,,14.8,,,,,1.9000009999999996
KOR,1975,,,,,15.8,,,,,1.0999999999999979
KOR,1976,,,,,16.5,,,,,0.2999989999999997
KOR,1977,,,,28.0,16.700001,,,,-4.899999999999999,-2.000001000000001
KOR,1978,,,,27.4,16.9,,,,-4.5,-2.299999999999999
KOR,1979,,,,26.799999,16.799999,,,,-4.599997999999999,-2.3999989999999993
KOR,1980,,,,23.1,14.7,,,,-1.8000010000000017,-0.5999999999999996
KOR,1981,,,,22.9,14.6,,,,-3.0,-1.4000000000000004
KOR,1982,,,,22.200001,14.4,,,,-3.7000010000000003,-2.0
KOR,1983,,,,21.299999,14.1,,,,-2.899999000000001,-1.799999999999999
KOR,1984,,,,19.9,13.2,,,,0.3999990000000011,0.6000000000000014
KOR,1985,,,,18.5,12.4,,,,2.8999999999999986,5.399998999999999
KOR,1986,,,,18.4,12.3,,,,3.399999000000001,6.300000000000001
KOR,1987,,,,20.299999,13.8,,,,-0.09999799999999937,3.4000009999999996
KOR,1988,,,,21.4,17.799999,,,,-2.5,-2.3999989999999993
KOR,1989,,,,21.799999,18.6,,,,-3.6999989999999983,-4.000000000000002
KOR,1990,,,2.9166667,20.200001,17.200001,,,0.0,-3.0,-3.2000010000000003
KOR,1991,,,2.9166667,18.9,15.4,,,0.0,-2.9999999999999982,-2.0999999999999996
KOR,1992,,,2.9166667,18.1,14.6,,,0.0,-2.900000000000002,-2.0999999999999996
KOR,1993,,,2.9166667,17.200001,14.0,,,0.0,-2.6000010000000007,-1.9000000000000004
KOR,1994,,,2.9166667,15.9,13.3,,,0.0,-2.5,-2.200000000000001
KOR,1995,,,2.9166667,15.2,12.5,,,-0.5,0.5,-1.0999999999999996
KOR,1996,,,2.9166667,14.6,12.1,,,-0.5,0.3000000000000007,-0.40000000000000036
KOR,1997,,,2.9166667,13.4,11.1,,,-0.5,1.5999999999999996,0.3000000000000007
KOR,1998,,,2.4166667,15.7,11.4,,,0.0,-0.6999999999999993,0.09999999999999964
KOR,1999,,,2.4166667,14.9,11.7,,,0.0,-1.0,-0.8999999999999986
KOR,2000,,30.8,2.4166667,15.0,11.4,,-1.1000000000000014,0.0,-1.3000000000000007,-0.7000000000000011
KOR,2001,,30.8,2.4166667,15.0,11.5,,-1.1000000000000014,0.0,-1.8000000000000007,-1.1999999999999993
KOR,2002,,29.7,2.4166667,13.9,10.8,,-2.1999999999999993,0.0,-1.0999999999999996,-0.9000004000000015
KOR,2003,,29.7,2.4166667,13.7,10.7,,-2.1999999999999993,0.0,-0.7999999999999989,-0.6999999999999993
KOR,2004,,29.7,2.4166667,13.2,10.3,,-2.1999999999999993,0.0,0.3000000000000007,0.1999999999999993
KOR,2005,,27.5,2.4166667,12.8,9.8999996,,0.0,0.0,0.29999999999999893,0.30000040000000006
KOR,2006,,27.5,2.4166667,12.9,10.0,,-3.3000000000000007,0.0,-0.20000000000000107,-0.10000040000000077
KOR,2007,,27.5,2.4166667,13.5,10.5,,-3.3000000000000007,0.0,-1.3000000000000007,-0.8999995999999992
KOR,2008,,27.5,2.4166667,13.1,10.2,,-3.3000000000000007,0.0,-0.5,-0.3999997999999998
KOR,2009,,24.2,2.4166667,12.7,9.8999996,,0.0,0.0,0.10000000000000142,0.0
KOR,2010,,24.2,2.4166667,12.2,9.6000004,,0.0,0.0,0.6000000000000014,0.4999995999999989
KOR,2011,,24.2,2.4166667,12.6,9.8000002,,0.0,0.0,0.3000000000000007,0.29999980000000015
KOR,2012,,24.2,2.4166667,12.8,9.8999996,,0.0,0.0,-0.10000000000000142,0.10000040000000077
KOR,2013,,24.2,2.4166667,12.8,10.1,,0.0,0.0,0.0,-0.09999999999999964
KOR,2014,,24.2,2.4166667,12.9,10.1,,0.0,0.0,0.40000000000000036,0.40000000000000036
KOR,2015,,24.2,2.4166667,12.7,10.0,,3.3000000000000007,0.0,2.1000000000000014,1.5999999999999996
KOR,2016,,24.2,2.4166667,12.8,10.0,,3.3000000000000007,0.0,2.799999999999999,2.4000000000000004
KOR,2017,,24.2,2.4166667,13.3,10.5,,3.3000000000000007,0.0,4.400001,3.3000000000000007
KOR,2018,,27.5,2.4166667,14.8,11.6,,0.0,0.0,2.999998999999999,2.5
KOR,2019,,27.5,2.4166667,15.6,12.4,,0.0,0.0,0.7999999999999989,0.29999999999999893
KOR,2020,,27.5,2.4166667,17.700001,13.8,,-1.1000000000000014,0.0,-1.4000020000000006,-1.3000000000000007
KOR,2021,,27.5,2.4166667,17.799999,14.1,,-1.1000000000000014,0.0,,
KOR,2022,,27.5,2.4166667,16.4,12.7,,-1.1000000000000014,0.0,,
KOR,2023,,26.4,2.4166667,16.299999,12.5,,1.1000000000000014,,,
KOR,2024,,26.4,2.4166667,,,,,,,
KOR,2025,,26.4,2.4166667,,,,,,,
KOR,2026,,27.5,,,,,,,,
KWT,2000,,15.0,,,,,0.0,,,
KWT,2001,,15.0,,,,,0.0,,,
KWT,2002,,15.0,,,,,0.0,,,
KWT,2003,,15.0,,,,,0.0,,,
KWT,2004,,15.0,,,,,0.0,,,
KWT,2005,,15.0,,,,,0.0,,,
KWT,2006,,15.0,,,,,0.0,,,
KWT,2007,,15.0,,,,,0.0,,,
KWT,2008,,15.0,,,,,0.0,,,
KWT,2009,,15.0,,,,,0.0,,,
KWT,2010,,15.0,,,,,0.0,,,
KWT,2011,,15.0,,,,,0.0,,,
KWT,2012,,15.0,,,,,0.0,,,
KWT,2013,,15.0,,,,,0.0,,,
KWT,2014,,15.0,,,,,0.0,,,
KWT,2015,,15.0,,,,,0.0,,,
KWT,2016,,15.0,,,,,0.0,,,
KWT,2017,,15.0,,,,,0.0,,,
KWT,2018,,15.0,,,,,0.0,,,
KWT,2019,,15.0,,,,,0.0,,,
KWT,2020,,15.0,,,,,0.0,,,
KWT,2021,,15.0,,,,,0.0,,,
KWT,2022,,15.0,,,,,0.0,,,
KWT,2023,,15.0,,,,,0.0,,,
KWT,2024,,15.0,,,,,,,,
KWT,2025,,15.0,,,,,,,,
KWT,2026,,15.0,,,,,,,,
LBR,2000,,35.0,,,,,0.0,,,
LBR,2001,,35.0,,,,,0.0,,,
LBR,2002,,35.0,,,,,0.0,,,
LBR,2003,,35.0,,,,,0.0,,,
LBR,2004,,35.0,,,,,0.0,,,
LBR,2005,,35.0,,,,,0.0,,,
LBR,2006,,35.0,,,,,0.0,,,
LBR,2007,,35.0,,,,,0.0,,,
LBR,2008,,35.0,,,,,-10.0,,,
LBR,2009,,35.0,,,,,-10.0,,,
LBR,2010,,35.0,,,,,-10.0,,,
LBR,2011,,25.0,,,,,0.0,,,
LBR,2012,,25.0,,,,,0.0,,,
LBR,2013,,25.0,,,,,0.0,,,
LBR,2014,,25.0,,,,,0.0,,,
LBR,2015,,25.0,,,,,0.0,,,
LBR,2016,,25.0,,,,,0.0,,,
LBR,2017,,25.0,,,,,0.0,,,
LBR,2018,,25.0,,,,,0.0,,,
LBR,2019,,25.0,,,,,0.0,,,
LBR,2020,,25.0,,,,,0.0,,,
LBR,2021,,25.0,,,,,0.0,,,
LBR,2022,,25.0,,,,,0.0,,,
LBR,2023,,25.0,,,,,0.0,,,
LBR,2024,,25.0,,,,,,,,
LBR,2025,,25.0,,,,,,,,
LBR,2026,,25.0,,,,,,,,
LCA,2000,,30.0,,,,,0.0,,,
LCA,2001,,30.0,,,,,0.0,,,
LCA,2002,,30.0,,,,,0.0,,,
LCA,2003,,30.0,,,,,0.0,,,
LCA,2004,,30.0,,,,,0.0,,,
LCA,2005,,30.0,,,,,0.0,,,
LCA,2006,,30.0,,,,,0.0,,,
LCA,2007,,30.0,,,,,0.0,,,
LCA,2008,,30.0,,,,,0.0,,,
LCA,2009,,30.0,,,,,0.0,,,
LCA,2010,,30.0,,,,,0.0,,,
LCA,2011,,30.0,,,,,0.0,,,
LCA,2012,,30.0,,,,,0.0,,,
LCA,2013,,30.0,,,,,0.0,,,
LCA,2014,,30.0,,,,,0.0,,,
LCA,2015,,30.0,,,,,0.0,,,
LCA,2016,,30.0,,,,,0.0,,,
LCA,2017,,30.0,,,,,0.0,,,
LCA,2018,,30.0,,,,,0.0,,,
LCA,2019,,30.0,,,,,0.0,,,
LCA,2020,,30.0,,,,,0.0,,,
LCA,2021,,30.0,,,,,0.0,,,
LCA,2022,,30.0,,,,,0.0,,,
LCA,2023,,30.0,,,,,0.0,,,
LCA,2024,,30.0,,,,,,,,
LCA,2025,,30.0,,,,,,,,
LCA,2026,,30.0,,,,,,,,
LIE,2000,,20.0,,,,,0.0,,,
LIE,2001,,20.0,,,,,0.0,,,
LIE,2002,,20.0,,,,,0.0,,,
LIE,2003,,20.0,,,,,0.0,,,
LIE,2004,,20.0,,,,,0.0,,,
LIE,2005,,20.0,,,,,0.0,,,
LIE,2006,,20.0,,,,,0.0,,,
LIE,2007,,20.0,,,,,0.0,,,
LIE,2008,,20.0,,,,,-7.5,,,
LIE,2009,,20.0,,,,,-7.5,,,
LIE,2010,,20.0,,,,,-7.5,,,
LIE,2011,,12.5,,,,,0.0,,,
LIE,2012,,12.5,,,,,0.0,,,
LIE,2013,,12.5,,,,,0.0,,,
LIE,2014,,12.5,,,,,0.0,,,
LIE,2015,,12.5,,,,,0.0,,,
LIE,2016,,12.5,,,,,0.0,,,
LIE,2017,,12.5,,,,,0.0,,,
LIE,2018,,12.5,,,,,0.0,,,
LIE,2019,,12.5,,,,,0.0,,,
LIE,2020,,12.5,,,,,0.0,,,
LIE,2021,,12.5,,,,,0.0,,,
LIE,2022,,12.5,,,,,0.0,,,
LIE,2023,,12.5,,,,,0.0,,,
LIE,2024,,12.5,,,,,,,,
LIE,2025,,12.5,,,,,,,,
LIE,2026,,12.5,,,,,,,,
LKA,2000,,35.0,,,,,0.0,,,
LKA,2001,,35.0,,,,,0.0,,,
LKA,2002,,42.0,,,,,-9.5,,,
LKA,2003,,35.0,,,,,-2.5,,,
LKA,2004,,35.0,,,,,0.0,,,
LKA,2005,,32.5,,,,,2.5,,,
LKA,2006,,32.5,,,,,2.5,,,
LKA,2007,,35.0,,,,,0.0,,,
LKA,2008,,35.0,,,,,-7.0,,,
LKA,2009,,35.0,,,,,-7.0,,,
LKA,2010,,35.0,,,,,-7.0,,,
LKA,2011,,28.0,,,,,0.0,,,
LKA,2012,,28.0,,,,,0.0,,,
LKA,2013,,28.0,,,,,0.0,,,
LKA,2014,,28.0,,,,,0.0,,,
LKA,2015,,28.0,,,,,0.0,,,
LKA,2016,,28.0,,,,,0.0,,,
LKA,2017,,28.0,,,,,0.0,,,
LKA,2018,,28.0,,,,,-4.0,,,
LKA,2019,,28.0,,,,,-4.0,,,
LKA,2020,,28.0,,,,,2.0,,,
LKA,2021,,24.0,,,,,6.0,,,
LKA,2022,,24.0,,,,,6.0,,,
LKA,2023,,30.0,,,,,0.0,,,
LKA,2024,,30.0,,,,,,,,
LKA,2025,,30.0,,,,,,,,
LKA,2026,,30.0,,,,,,,,
LTU,1995,6.647264826799115,,,,33.400002,,,,,
LTU,1996,7.992177738925636,,,,,,,,,
LTU,1997,8.44058904016747,,,,,,,,,
LTU,1998,8.925983165337492,,,,,,,,,
LTU,1999,8.079601849074718,,,,18.799999,,,,,
LTU,2000,11.129497897510946,24.0,,,,4.482233070711831,-9.0,,,
LTU,2001,12.41365785622246,24.0,,,18.799999,4.4214801172968246,-9.0,,,
LTU,2002,13.046698269651216,15.0,,,,4.606109229483746,0.0,,,
LTU,2003,13.910000355929414,15.0,,,12.5,4.984017190591922,4.0,,,-2.6000004000000008
LTU,2004,14.875830084506426,15.0,,,,6.796228235431707,3.0,,,
LTU,2005,15.496944730507764,15.0,,,,4.3674468329968175,0.0,,,
LTU,2006,14.171994234465055,19.0,,24.5,9.8999996,1.7583363782425945,1.0,,-4.699999999999999,0.0
LTU,2007,15.377416505500685,18.0,,18.4,9.3000002,2.330718235849469,-3.0,,4.0,0.7999998000000001
LTU,2008,14.725801368294203,15.0,,17.6,8.8999996,0.8158010123647887,0.0,,1.6999999999999993,0.8000002000000013
LTU,2009,11.61414811936913,20.0,,19.8,9.8999996,-3.2616819651372957,-5.0,,-1.9000000000000021,-0.8999995999999992
LTU,2010,13.997227793219807,15.0,,22.4,10.1,-1.4997169372879569,0.0,,-5.799999999999997,-1.7999998000000001
LTU,2011,16.773051830654026,15.0,,19.3,9.6999998,2.601057596188971,0.0,,8.099999999999998,-1.5999993999999997
LTU,2012,17.625644602591084,15.0,,17.9,9.0,2.248228097090399,0.0,,,-1.1999997999999996
LTU,2013,17.15368531034392,15.0,,16.6,8.3000002,2.427883942049718,0.0,,,-0.7000002999999992
LTU,2014,16.551389517504134,15.0,2.2519841,27.4,8.1000004,4.937241398135004,0.0,0.0,,-0.40000060000000115
LTU,2015,15.076253928352513,15.0,2.2519841,,7.8000002,1.0790261351327057,0.0,-0.375,,-0.7000003000000001
LTU,2016,13.590236079240853,15.0,2.2519841,,7.5999999,-3.182815751413173,0.0,-0.375,,-0.29999969999999987
LTU,2017,14.420734336399684,15.0,2.2519841,,7.6999998,-3.2049102661913995,0.0,-0.375,,0.5000000000000009
LTU,2018,14.837284759368497,15.0,1.8769841,21.9,7.0999999,-2.3164005509754233,0.0,0.0,2.700000000000003,2.799999699999999
LTU,2019,13.586763801006283,15.0,1.8769841,23.200001,7.3000002,-2.964625716497851,0.0,0.0,5.599997999999999,0.9999999999999991
LTU,2020,12.90032129932657,15.0,1.8769841,28.799999,8.1999998,-2.175932629025942,0.0,0.0,0.20000100000000032,
LTU,2021,12.700688233571242,15.0,1.8769841,24.6,9.8999996,-0.8895478456696111,0.0,0.0,,
LTU,2022,12.900244166706957,15.0,1.8769841,28.799999,8.3000002,-1.520490169692728,1.0,0.0,,
LTU,2023,11.718672725714985,15.0,1.8769841,29.0,,-3.1186120336535126,2.0,,,
LTU,2024,10.5238318638385,15.0,1.8769841,,,-3.0629319371677823,,,,
LTU,2025,,16.0,1.8769841,,,,,,,
LTU,2026,,17.0,,,,,,,,
LUX,1960,16.095707271551206,,,,,,,,,
LUX,1961,13.702822990630859,,,,,,,,,
LUX,1962,13.725998852313479,,,,,,,,,
LUX,1963,12.821800393907404,,,,,,,,,
LUX,1964,12.856433846830562,,,,,,,,,
LUX,1965,12.22654908908241,,,,,-3.869158182468796,,,,
LUX,1966,11.870866589293822,,,,,-1.8319564013370364,,,,
LUX,1967,11.169392798198945,,,,,-2.5566060541145337,,,,
LUX,1968,12.274201104955488,,,,,-0.5475992889519166,,,,
LUX,1969,15.429927995745354,,,,,2.573494148914792,,,,
LUX,1970,15.634647501428578,,,60.0,46.799999,3.4080984123461686,,,,-1.7999989999999997
LUX,1971,10.42814699686013,,,,45.900002,-1.4427195924336917,,,,-0.30000400000000127
LUX,1972,11.142402572392172,,,,45.099998,-0.026990225806773793,,,,0.600003000000001
LUX,1973,14.294139514434073,,,,45.0,2.019938409478586,,,,1.7000010000000003
LUX,1974,14.526795738701967,,,,45.599998,-0.9031322570433868,,,,2.100003000000001
LUX,1975,4.4229491329096025,,,60.0,45.700001,-11.211698368518975,,,,3.2000010000000003
LUX,1976,6.873657806722839,,,,46.700001,-3.554489190137291,,,,2.7000010000000003
LUX,1977,4.645135665751032,,,,47.700001,-6.49726690664114,,,,3.0999979999999994
LUX,1978,5.836515672990917,,,,48.900002,-8.457623841443157,,,,3.2999989999999997
LUX,1979,6.105445322555814,,,,49.400002,-8.421350416146154,,,,
LUX,1980,5.072806082675902,,,60.0,50.799999,0.6498569497662992,,,,
LUX,1981,4.4623044468713315,,,,52.200001,-2.411353359851508,,,,
LUX,1982,5.780220244349618,,,,,1.135084578598586,,,,
LUX,1983,6.047192196694703,,,,,0.21067652370378642,,,,
LUX,1984,6.841775395489449,,,,,0.7363300729336357,,,,
LUX,1985,6.86718982167107,,,60.0,,1.794383738995168,,,,
LUX,1986,8.098220950631012,,,,,3.63591650375968,,,,
LUX,1987,7.210360097947347,,,,49.700001,1.430139853597729,,,,-3.2999989999999997
LUX,1988,8.970982494139157,,,,,2.9237902974444543,,,,
LUX,1989,9.817571024745279,,,,,2.9757956292558294,,,,
LUX,1990,9.239538319471166,,,60.0,46.400002,2.372348497800096,,,,-2.0
LUX,1991,9.831554865285948,,,,,1.7333339146549367,,,,
LUX,1992,8.400162642596639,,,,,1.1898025446492921,,,,
LUX,1993,9.062241859635773,,,,44.400002,0.09125936549661517,,,,
LUX,1994,9.695046633539318,,,60.0,,-0.12252439120596037,,,,
LUX,1995,9.454184646059979,,,,,0.214646326588813,,,,
LUX,1996,9.648481687879434,,,,,-0.18307317740651463,,,,
LUX,1997,10.38185453714994,,,,41.799999,1.9816918945533004,,,,
LUX,1998,9.83025566738456,,,60.0,43.099998,0.7680138077487868,,,,
LUX,1999,11.199046217195944,,,,,1.5039995836566256,,,,
LUX,2000,11.653207244554507,37.45,,60.0,,2.199022598494528,-7.070000000000004,,,
LUX,2001,10.107796185381632,37.45,,,,0.45931449750219855,-7.070000000000004,,,
LUX,2002,9.607700420758011,30.38,,,,-0.7741541163919283,0.0,,,
LUX,2003,9.939129969706121,30.38,,,42.200001,0.1088743023215617,-0.75,,,-2.600003000000001
LUX,2004,10.210629191994528,30.38,,,41.599998,-0.9884170252014162,-0.75,,,-3.5999979999999994
LUX,2005,10.267871040659712,30.38,,,40.799999,-1.385336203894795,-0.75,,,-4.299999
LUX,2006,12.7529882116782,29.63,,,39.599998,2.6451920262965682,-1.0399999999999991,,,-3.399996999999999
LUX,2007,13.63489968704141,29.63,,,38.0,4.027199266283398,-1.0399999999999991,,,-0.7000010000000003
LUX,2008,13.76446578514797,29.63,2.1360319,59.0,36.5,3.825335815441848,-0.8299999999999983,0.0,,-0.9000020000000006
LUX,2009,11.445083901562752,28.59,2.1360319,,36.200001,1.2344547095682241,0.21000000000000085,0.0,,-2.100003000000001
LUX,2010,13.227426541844304,28.59,2.1360319,58.400002,37.299999,2.9595555011845924,0.629999999999999,0.0,,-2.899996999999999
LUX,2011,12.24126529905713,28.8,2.1360319,,35.599998,-0.511722912621071,0.41999999999999815,0.0,,-1.0999979999999994
LUX,2012,12.24426840362998,28.8,2.1360319,,34.099998,-1.3906312834114303,0.41999999999999815,0.0,,0.600003000000001
LUX,2013,12.600903993468634,29.22,2.1360319,,34.400002,-1.163561791679335,0.0,0.0,,-1.100003000000001
LUX,2014,12.72714795623196,29.22,2.1360319,56.799999,34.5,1.282064054669208,-2.1400000000000006,0.0,,-2.0999979999999994
LUX,2015,13.436162471528416,29.22,2.1360319,,34.700001,0.2087359296841118,-3.2099999999999973,0.0,,-3.100000999999999
LUX,2016,13.31850810024055,29.22,2.1360319,,33.299999,1.07724280118342,-4.279999999999998,0.0,,-3.399999000000001
LUX,2017,12.33284148679241,27.08,2.1360319,,32.400002,0.08857308316243007,-2.139999999999997,0.0,,-2.7000010000000003
LUX,2018,11.260999235066885,26.01,2.1360319,56.900002,31.6,-1.3399047584017492,-1.0700000000000003,0.0,,
LUX,2019,10.565510394372179,24.94,2.1360319,,29.9,-2.1616375618597807,0.0,0.0,,
LUX,2020,10.579039282479537,24.94,2.1360319,,29.700001,-2.8571231890488793,0.0,0.0,,
LUX,2021,12.243487558184066,24.94,2.1360319,,,-1.0750205420564836,0.0,0.0,,
LUX,2022,10.166856192161013,24.94,2.1360319,57.299999,,-2.1659852946313958,-1.0700000000000003,0.0,,
LUX,2023,9.653976856470347,24.94,2.1360319,,,-1.6070223785965378,-1.0700000000000003,,,
LUX,2024,9.893393753721258,24.94,2.1360319,,,-0.6721166406509216,,,,
LUX,2025,,23.87,2.1360319,,,,,,,
LUX,2026,,23.87,,,,,,,,
LVA,1995,5.650640104398093,,,,28.6,,,,,
LVA,1996,4.761907295766435,,,,,,,,,
LVA,1997,6.354467187064415,,,,,,,,,
LVA,1998,7.394416026887518,,,,,,,,,
LVA,1999,8.108550791292087,,,,,,,,,
LVA,2000,10.84623833435645,25.0,,,,5.195598229958357,-6.0,,,
LVA,2001,12.850886284342433,25.0,,,,8.088978988575999,-10.0,,,
LVA,2002,15.676296846990596,22.0,,,,9.32182965992618,-7.0,,,
LVA,2003,16.030244157503784,19.0,,,21.200001,8.635828130616266,-4.0,,,-3.0
LVA,2004,16.854961798037632,15.0,,,,8.746411006745545,0.0,,,
LVA,2005,15.986342832974623,15.0,,,,5.140104498618173,0.0,,,
LVA,2006,13.390810670284047,15.0,,34.200001,18.200001,0.5399243859416138,0.0,,,-2.800001
LVA,2007,12.357597540795991,15.0,,,16.700001,-3.3186993061946044,0.0,,,-1.4000009999999996
LVA,2008,9.808535038314664,15.0,,,15.3,-6.22170911918912,0.0,,,-1.5
LVA,2009,8.097999017435118,15.0,,,15.4,-8.756962780602514,0.0,,,-2.0
LVA,2010,9.137293024022686,15.0,,32.900002,15.3,-6.849049808951937,0.0,,,-2.3000000000000007
LVA,2011,9.835909746966152,15.0,,,13.8,-3.554900923317895,0.0,,,-0.8000000000000007
LVA,2012,10.680699507701595,15.0,3.0198412,,13.4,-1.6768980330943961,0.0,0.0,,-0.5
LVA,2013,9.616412571945071,15.0,3.0198412,,13.0,-0.19212246636959307,0.0,0.0,,-0.40000000000000036
LVA,2014,8.8281972233779,15.0,3.0198412,32.400002,13.0,0.7301982059427825,0.0,0.0,,-0.5
LVA,2015,7.655571900116429,15.0,3.0198412,,12.9,-1.481721123906257,5.0,0.0,,-1.200000000000001
LVA,2016,7.238422840784876,15.0,3.0198412,,12.6,-2.5974869061812758,5.0,0.0,,-1.5
LVA,2017,7.437819630794289,15.0,3.0198412,,12.5,-3.242879876907306,5.0,0.0,,-1.5
LVA,2018,7.13526655200322,20.0,3.0198412,27.0,11.7,-2.4811460199418516,0.0,0.0,,-1.3999999999999986
LVA,2019,6.504658667921083,20.0,3.0198412,,11.1,-2.3235385554568175,0.0,0.0,,
LVA,2020,5.049364439306228,20.0,3.0198412,,11.0,-2.606207460810201,0.0,0.0,,
LVA,2021,7.622295887303538,20.0,3.0198412,,10.3,0.3838730465186613,0.0,0.0,,
LVA,2022,6.245977836253798,20.0,3.0198412,25.799999,,-1.1918417945404913,0.0,0.0,,
LVA,2023,6.590042689830976,20.0,3.0198412,,,-0.5452238621722438,0.0,,,
LVA,2024,4.725048531150111,20.0,3.0198412,,,-1.7796101367709722,,,,
LVA,2025,,20.0,3.0198412,,,,,,,
LVA,2026,,20.0,,,,,,,,
MAC,2000,,15.0,,,,,0.0,,,
MAC,2001,,15.0,,,,,-3.0,,,
MAC,2002,,15.0,,,,,-3.0,,,
MAC,2003,,15.0,,,,,-3.0,,,
MAC,2004,,12.0,,,,,0.0,,,
MAC,2005,,12.0,,,,,0.0,,,
MAC,2006,,12.0,,,,,0.0,,,
MAC,2007,,12.0,,,,,0.0,,,
MAC,2008,,12.0,,,,,0.0,,,
MAC,2009,,12.0,,,,,0.0,,,
MAC,2010,,12.0,,,,,0.0,,,
MAC,2011,,12.0,,,,,0.0,,,
MAC,2012,,12.0,,,,,0.0,,,
MAC,2013,,12.0,,,,,0.0,,,
MAC,2014,,12.0,,,,,0.0,,,
MAC,2015,,12.0,,,,,0.0,,,
MAC,2016,,12.0,,,,,0.0,,,
MAC,2017,,12.0,,,,,0.0,,,
MAC,2018,,12.0,,,,,0.0,,,
MAC,2019,,12.0,,,,,0.0,,,
MAC,2020,,12.0,,,,,0.0,,,
MAC,2021,,12.0,,,,,0.0,,,
MAC,2022,,12.0,,,,,0.0,,,
MAC,2023,,12.0,,,,,0.0,,,
MAC,2024,,12.0,,,,,,,,
MAC,2025,,12.0,,,,,,,,
MAC,2026,,12.0,,,,,,,,
MAR,2000,,35.0,,,,,0.0,,,
MAR,2001,,35.0,,,,,0.0,,,
MAR,2002,,35.0,,,,,0.0,,,
MAR,2003,,35.0,,,,,0.0,,,
MAR,2004,,35.0,,,,,0.0,,,
MAR,2005,,35.0,,,,,-5.0,,,
MAR,2006,,35.0,,,,,-5.0,,,
MAR,2007,,35.0,,,,,-5.0,,,
MAR,2008,,30.0,,,,,0.0,,,
MAR,2009,,30.0,,,,,0.0,,,
MAR,2010,,30.0,,,,,0.0,,,
MAR,2011,,30.0,,,,,0.0,,,
MAR,2012,,30.0,,,,,0.0,,,
MAR,2013,,30.0,,,,,1.0,,,
MAR,2014,,30.0,,,,,1.0,,,
MAR,2015,,30.0,,,,,1.0,,,
MAR,2016,,31.0,,,,,0.0,,,
MAR,2017,,31.0,,,,,0.0,,,
MAR,2018,,31.0,,,,,0.0,,,
MAR,2019,,31.0,,,,,0.0,,,
MAR,2020,,31.0,,,,,1.0,,,
MAR,2021,,31.0,,,,,2.0,,,
MAR,2022,,31.0,,,,,3.0,,,
MAR,2023,,32.0,,,,,3.0,,,
MAR,2024,,33.0,,,,,,,,
MAR,2025,,34.0,,,,,,,,
MAR,2026,,35.0,,,,,,,,
MCO,2000,,33.33,,,,,0.0,,,
MCO,2001,,33.33,,,,,0.0,,,
MCO,2002,,33.33,,,,,0.0,,,
MCO,2003,,33.33,,,,,0.0,,,
MCO,2004,,33.33,,,,,0.0,,,
MCO,2005,,33.33,,,,,0.0,,,
MCO,2006,,33.33,,,,,0.0,,,
MCO,2007,,33.33,,,,,0.0,,,
MCO,2008,,33.33,,,,,0.0,,,
MCO,2009,,33.33,,,,,0.0,,,
MCO,2010,,33.33,,,,,0.0,,,
MCO,2011,,33.33,,,,,0.0,,,
MCO,2012,,33.33,,,,,0.0,,,
MCO,2013,,33.33,,,,,0.0,,,
MCO,2014,,33.33,,,,,0.0,,,
MCO,2015,,33.33,,,,,0.0,,,
MCO,2016,,33.33,,,,,-2.3299999999999983,,,
MCO,2017,,33.33,,,,,-5.329999999999998,,,
MCO,2018,,33.33,,,,,-6.829999999999998,,,
MCO,2019,,31.0,,,,,-6.0,,,
MCO,2020,,28.0,,,,,-3.0,,,
MCO,2021,,26.5,,,,,-1.5,,,
MCO,2022,,25.0,,,,,0.0,,,
MCO,2023,,25.0,,,,,0.0,,,
MCO,2024,,25.0,,,,,,,,
MCO,2025,,25.0,,,,,,,,
MCO,2026,,25.0,,,,,,,,
MDA,2003,,20.0,,,,,-5.0,,,
MDA,2004,,18.0,,,,,-18.0,,,
MDA,2005,,15.0,,,,,-15.0,,,
MDA,2006,,15.0,,,,,-15.0,,,
MDA,2007,,0.0,,,,,0.0,,,
MDA,2008,,0.0,,,,,0.0,,,
MDA,2009,,0.0,,,,,12.0,,,
MDA,2010,,0.0,,,,,12.0,,,
MDA,2011,,0.0,,,,,18.0,,,
MDA,2012,,12.0,,,,,0.0,,,
MDA,2013,,12.0,,,,,0.0,,,
MDA,2014,,18.0,,,,,-6.0,,,
MDA,2015,,12.0,,,,,0.0,,,
MDA,2016,,12.0,,,,,0.0,,,
MDA,2017,,12.0,,,,,0.0,,,
MDA,2018,,12.0,,,,,0.0,,,
MDA,2019,,12.0,,,,,0.0,,,
MDA,2020,,12.0,,,,,0.0,,,
MDA,2021,,12.0,,,,,0.0,,,
MDA,2022,,12.0,,,,,0.0,,,
MDA,2023,,12.0,,,,,0.0,,,
MDA,2024,,12.0,,,,,,,,
MDA,2025,,12.0,,,,,,,,
MDA,2026,,12.0,,,,,,,,
MDV,2000,,0.0,,,,,0.0,,,
MDV,2001,,0.0,,,,,0.0,,,
MDV,2002,,0.0,,,,,0.0,,,
MDV,2003,,0.0,,,,,0.0,,,
MDV,2004,,0.0,,,,,0.0,,,
MDV,2005,,0.0,,,,,0.0,,,
MDV,2006,,0.0,,,,,0.0,,,
MDV,2007,,0.0,,,,,0.0,,,
MDV,2008,,0.0,,,,,15.0,,,
MDV,2009,,0.0,,,,,15.0,,,
MDV,2010,,0.0,,,,,15.0,,,
MDV,2011,,15.0,,,,,0.0,,,
MDV,2012,,15.0,,,,,0.0,,,
MDV,2013,,15.0,,,,,0.0,,,
MDV,2014,,15.0,,,,,0.0,,,
MDV,2015,,15.0,,,,,0.0,,,
MDV,2016,,15.0,,,,,0.0,,,
MDV,2017,,15.0,,,,,0.0,,,
MDV,2018,,15.0,,,,,0.0,,,
MDV,2019,,15.0,,,,,0.0,,,
MDV,2020,,15.0,,,,,0.0,,,
MDV,2021,,15.0,,,,,0.0,,,
MDV,2022,,15.0,,,,,0.0,,,
MDV,2023,,15.0,,,,,0.0,,,
MDV,2024,,15.0,,,,,,,,
MDV,2025,,15.0,,,,,,,,
MDV,2026,,15.0,,,,,,,,
MEX,1975,,,,,40.900002,,,,,-7.300004000000001
MEX,1978,,,,,33.599998,,,,,
MEX,1984,,,,,24.6,,,,,
MEX,1989,,,,,22.799999,,,,,-0.8999990000000011
MEX,1990,,,2.2579365,,,,,0.0,,
MEX,1991,,,2.2579365,,,,,0.0,,
MEX,1992,,,2.2579365,10.1,21.9,,,0.0,2.0,
MEX,1993,,,2.2579365,11.6,,,,0.0,0.0,
MEX,1994,,,2.2579365,12.1,18.0,,,0.0,-1.1999999999999993,
MEX,1995,21.523113270600653,,2.2579365,12.1,,,,0.0,-1.4000000000000004,
MEX,1996,24.35789227302617,,2.2579365,11.6,16.299999,,,0.0,-0.29999999999999893,
MEX,1997,24.5460751424586,,2.2579365,10.9,,,,0.0,1.6999999999999993,
MEX,1998,23.711015234871834,,2.2579365,10.7,16.200001,,,0.0,1.3000000000000007,
MEX,1999,23.42620959754702,,2.2579365,11.3,,,,0.0,0.5,
MEX,2000,23.21169135263089,35.0,2.2579365,12.6,15.9,1.6885780820302365,-1.0,0.0,-0.9000000000000004,
MEX,2001,21.292747940602787,35.0,2.2579365,12.0,,-3.065144332423383,-2.0,0.0,-0.1999999999999993,
MEX,2002,20.15377801276743,35.0,2.2579365,11.8,15.5,-4.392297129691173,-5.0,0.0,-0.7000000000000011,1.3999999999999986
MEX,2003,18.429489260477908,34.0,2.2579365,11.7,,-5.281525974393926,-5.0,0.0,-1.5,
MEX,2004,19.608710692290938,33.0,2.2579365,11.8,16.5,-3.817498905256084,-5.0,0.0,-1.0,0.20000100000000032
MEX,2005,20.47939556242307,30.0,2.2579365,11.1,16.9,-2.7322957902078215,-2.0,0.0,-0.6999999999999993,-1.299999999999999
MEX,2006,21.483805579548573,29.0,2.2579365,10.2,16.299999,0.19105763894578587,-1.0,0.0,-0.8000004000000001,-0.999998999999999
MEX,2007,21.532602611774433,28.0,2.2579365,10.8,16.700001,1.3788245990070038,2.0,0.0,-0.3000000000000007,-2.2000010000000003
MEX,2008,21.17333511488886,28.0,2.2579365,10.4,15.6,2.743845854410953,2.0,0.0,-0.40000000000000036,-0.9000000000000004
MEX,2009,16.629648091650598,28.0,2.2579365,9.3999996,15.3,-2.97906260064034,2.0,0.0,1.9000004000000015,-1.3000000000000007
MEX,2010,18.130258395862185,30.0,2.2579365,10.5,14.5,-2.349137166560883,0.0,-0.16666649999999983,-0.3000000000000007,-0.6999999999999993
MEX,2011,18.850106198198997,30.0,2.2579365,10.0,14.7,-2.633699381349576,0.0,-0.16666649999999983,0.09999999999999964,-1.0999999999999996
MEX,2012,19.051578523962288,30.0,2.2579365,11.3,14.0,-2.481024087812145,0.0,-0.16666649999999983,-1.3000000000000007,-0.9000000000000004
MEX,2013,18.294893364963325,30.0,2.09127,10.2,13.8,-2.8784417499255355,0.0,0.0,-0.09999999999999964,-1.1000000000000014
MEX,2014,18.44575437302618,30.0,2.09127,10.1,13.6,1.816106281375582,0.0,0.0,0.09999999999999964,-1.0999999999999996
MEX,2015,16.956902971352267,30.0,2.09127,10.0,13.1,-1.1733554245099178,0.0,0.0,0.09999999999999964,-1.0999999999999996
MEX,2016,16.19614671481008,30.0,2.09127,10.1,12.7,-2.653959483388917,0.0,0.0,0.40000000000000036,-0.29999999999999893
MEX,2017,16.656679079189036,30.0,2.09127,10.2,12.5,-2.3948994447732517,0.0,0.0,-2.000000199999999,-0.09999999999999964
MEX,2018,16.399417535218628,30.0,2.09127,10.1,12.0,-1.8954758297446972,0.0,0.0,-1.0999999999999996,1.0999999999999996
MEX,2019,15.858708828702294,30.0,2.09127,10.5,12.4,-2.5870455443238853,0.0,0.0,-3.5999999000000003,0.29999999999999893
MEX,2020,12.387241263887008,30.0,2.09127,8.1999998,12.4,-4.56966170746526,0.0,0.0,-0.29999970000000076,0.29999999999999893
MEX,2021,12.914054411523116,30.0,2.09127,9.0,13.1,-3.282092303286964,0.0,0.0,-0.8000001999999995,-0.29999999999999893
MEX,2022,13.283692730647012,30.0,2.09127,6.9000001,12.7,-3.3729863485420246,0.0,0.0,,
MEX,2023,13.788470535750744,30.0,2.09127,7.9000001,12.7,-2.6109469994678847,0.0,,,
MEX,2024,12.777963373996663,30.0,2.09127,8.1999998,12.8,-3.0807454547056317,,,,
MEX,2025,,30.0,2.09127,,,,,,,
MEX,2026,,30.0,,,,,,,,
MKD,2000,,15.0,,,,,0.0,,,
MKD,2001,,15.0,,,,,0.0,,,
MKD,2002,,15.0,,,,,0.0,,,
MKD,2003,,15.0,,,,,0.0,,,
MKD,2004,,15.0,,,,,-3.0,,,
MKD,2005,,15.0,,,,,-5.0,,,
MKD,2006,,15.0,,,,,-5.0,,,
MKD,2007,,12.0,,,,,-2.0,,,
MKD,2008,,10.0,,,,,0.0,,,
MKD,2009,,10.0,,,,,0.0,,,
MKD,2010,,10.0,,,,,0.0,,,
MKD,2011,,10.0,,,,,0.0,,,
MKD,2012,,10.0,,,,,0.0,,,
MKD,2013,,10.0,,,,,0.0,,,
MKD,2014,,10.0,,,,,0.0,,,
MKD,2015,,10.0,2.1428571,,,,0.0,,,
MKD,2016,,10.0,,,,,0.0,,,
MKD,2017,,10.0,,,,,0.0,,,
MKD,2018,,10.0,,,,,0.0,,,
MKD,2019,,10.0,,,,,0.0,,,
MKD,2020,,10.0,,,,,0.0,,,
MKD,2021,,10.0,,,,,0.0,,,
MKD,2022,,10.0,,,,,0.0,,,
MKD,2023,,10.0,,,,,0.0,,,
MKD,2024,,10.0,,,,,,,,
MKD,2025,,10.0,,,,,,,,
MKD,2026,,10.0,,,,,,,,
MLT,1995,9.402821038209145,,,,,,,,,
MLT,1996,8.170681718961038,,,,,,,,,
MLT,1997,8.551865462804194,,,,,,,,,
MLT,1998,8.39600107784779,,,,,,,,,
MLT,1999,8.857029334240831,,,,,,,,,
MLT,2000,10.350904515727182,35.0,,,,0.9480834775180362,0.0,,,
MLT,2001,8.948875237338044,35.0,,,,0.7781935183770052,0.0,,,
MLT,2002,9.783569541679881,35.0,,,,1.231704078875687,0.0,,,
MLT,2003,10.292886502460782,35.0,,,,1.8968854246129911,0.0,,,
MLT,2004,9.820357001740424,35.0,,,,0.963327667499593,0.0,,,
MLT,2005,10.158188651599898,35.0,,,,-0.19271586412728325,0.0,,,
MLT,2006,9.912643507161432,35.0,,,,0.9637682698233885,0.0,,,
MLT,2007,10.561757654995985,35.0,,,,0.7781881133161033,0.0,,,
MLT,2008,11.475822214395254,35.0,,,,1.1829357119344728,0.0,,,
MLT,2009,10.439750332022497,35.0,,,,0.6193933302820724,0.0,,,
MLT,2010,12.079748611919884,35.0,,,,1.9215599603199855,0.0,,,
MLT,2011,10.790763167228185,35.0,,,,0.8781196600667531,0.0,,,
MLT,2012,11.557354603175385,35.0,,,,0.9955969481794007,0.0,,,
MLT,2013,12.843805727844087,35.0,,,,1.3679835134488325,0.0,,,
MLT,2014,14.384508404711912,35.0,,,,3.9447580726894156,0.0,,,
MLT,2015,16.69240580825171,35.0,,,,4.612657196331826,0.0,,,
MLT,2016,15.72793521596704,35.0,,,,4.937172048738855,0.0,,,
MLT,2017,18.66674394661543,35.0,,,,7.109389343440045,0.0,,,
MLT,2018,17.558922425358798,35.0,,,,4.715116697514711,0.0,,,
MLT,2019,16.65715990717887,35.0,,,,2.2726515024669567,0.0,,,
MLT,2020,15.735012841887382,35.0,,,,-0.9573929663643277,0.0,,,
MLT,2021,18.358834607933193,35.0,,,,2.630899391966153,0.0,,,
MLT,2022,16.3406792023064,35.0,,,,-2.326064744309029,0.0,,,
MLT,2023,18.554993816146318,35.0,,,,0.9960713907875203,0.0,,,
MLT,2024,18.254759946295373,35.0,,,,1.5976000391165037,,,,
MLT,2025,,35.0,,,,,,,,
MLT,2026,,35.0,,,,,,,,
MNE,2000,,20.0,,,,,0.0,,,
MNE,2001,,20.0,,,,,0.0,,,
MNE,2002,,20.0,,,,,-11.0,,,
MNE,2003,,20.0,,,,,-11.0,,,
MNE,2004,,20.0,,,,,-11.0,,,
MNE,2005,,9.0,,,,,0.0,,,
MNE,2006,,9.0,,,,,0.0,,,
MNE,2007,,9.0,,,,,0.0,,,
MNE,2008,,9.0,,,,,0.0,,,
MNE,2009,,9.0,,,,,0.0,,,
MNE,2010,,9.0,,,27.200001,,0.0,,,
MNE,2011,,9.0,,,,,0.0,,,
MNE,2012,,9.0,,,,,0.0,,,
MNE,2013,,9.0,2.7777777,,,,0.0,,,
MNE,2014,,9.0,,,,,0.0,,,
MNE,2015,,9.0,,,,,0.0,,,
MNE,2016,,9.0,,,,,0.0,,,
MNE,2017,,9.0,,,,,0.0,,,
MNE,2018,,9.0,,,,,0.0,,,
MNE,2019,,9.0,,,,,6.0,,,
MNE,2020,,9.0,,,,,6.0,,,
MNE,2021,,9.0,,,,,6.0,,,
MNE,2022,,15.0,,,,,0.0,,,
MNE,2023,,15.0,,,,,0.0,,,
MNE,2024,,15.0,,,,,,,,
MNE,2025,,15.0,,,,,,,,
MNE,2026,,15.0,,,,,,,,
MNG,2000,,30.0,,,,,0.0,,,
MNG,2001,,30.0,,,,,0.0,,,
MNG,2002,,30.0,,,,,0.0,,,
MNG,2003,,30.0,,,,,0.0,,,
MNG,2004,,30.0,,,,,-5.0,,,
MNG,2005,,30.0,,,,,-5.0,,,
MNG,2006,,30.0,,,,,-5.0,,,
MNG,2007,,25.0,,,,,0.0,,,
MNG,2008,,25.0,,,,,0.0,,,
MNG,2009,,25.0,,,,,0.0,,,
MNG,2010,,25.0,,,,,0.0,,,
MNG,2011,,25.0,,,,,0.0,,,
MNG,2012,,25.0,,,,,0.0,,,
MNG,2013,,25.0,,,,,0.0,,,
MNG,2014,,25.0,,,,,0.0,,,
MNG,2015,,25.0,,,,,0.0,,,
MNG,2016,,25.0,,,,,0.0,,,
MNG,2017,,25.0,,,,,0.0,,,
MNG,2018,,25.0,,,,,0.0,,,
MNG,2019,,25.0,,,,,0.0,,,
MNG,2020,,25.0,,,,,0.0,,,
MNG,2021,,25.0,,,,,0.0,,,
MNG,2022,,25.0,,,,,0.0,,,
MNG,2023,,25.0,,,,,0.0,,,
MNG,2024,,25.0,,,,,,,,
MNG,2025,,25.0,,,,,,,,
MNG,2026,,25.0,,,,,,,,
MRT,2000,,0.0,,,,,0.0,,,
MRT,2001,,0.0,,,,,20.0,,,
MRT,2002,,0.0,,,,,20.0,,,
MRT,2003,,0.0,,,,,25.0,,,
MRT,2004,,20.0,,,,,5.0,,,
MRT,2005,,20.0,,,,,5.0,,,
MRT,2006,,25.0,,,,,0.0,,,
MRT,2007,,25.0,,,,,0.0,,,
MRT,2008,,25.0,,,,,0.0,,,
MRT,2009,,25.0,,,,,0.0,,,
MRT,2010,,25.0,,,,,0.0,,,
MRT,2011,,25.0,,,,,0.0,,,
MRT,2012,,25.0,,,,,0.0,,,
MRT,2013,,25.0,,,,,0.0,,,
MRT,2014,,25.0,,,,,0.0,,,
MRT,2015,,25.0,,,,,0.0,,,
MRT,2016,,25.0,,,,,0.0,,,
MRT,2017,,25.0,,,,,0.0,,,
MRT,2018,,25.0,,,,,0.0,,,
MRT,2019,,25.0,,,,,0.0,,,
MRT,2020,,25.0,,,,,0.0,,,
MRT,2021,,25.0,,,,,0.0,,,
MRT,2022,,25.0,,,,,0.0,,,
MRT,2023,,25.0,,,,,0.0,,,
MRT,2024,,25.0,,,,,,,,
MRT,2025,,25.0,,,,,,,,
MRT,2026,,25.0,,,,,,,,
MSR,2000,,30.0,,,,,0.0,,,
MSR,2001,,30.0,,,,,0.0,,,
MSR,2002,,30.0,,,,,0.0,,,
MSR,2003,,30.0,,,,,0.0,,,
MSR,2004,,30.0,,,,,0.0,,,
MSR,2005,,30.0,,,,,0.0,,,
MSR,2006,,30.0,,,,,0.0,,,
MSR,2007,,30.0,,,,,0.0,,,
MSR,2008,,30.0,,,,,0.0,,,
MSR,2009,,30.0,,,,,0.0,,,
MSR,2010,,30.0,,,,,0.0,,,
MSR,2011,,30.0,,,,,0.0,,,
MSR,2012,,30.0,,,,,0.0,,,
MSR,2013,,30.0,,,,,0.0,,,
MSR,2014,,30.0,,,,,0.0,,,
MSR,2015,,30.0,,,,,0.0,,,
MSR,2016,,30.0,,,,,0.0,,,
MSR,2017,,30.0,,,,,0.0,,,
MSR,2018,,30.0,,,,,0.0,,,
MSR,2019,,30.0,,,,,0.0,,,
MSR,2020,,30.0,,,,,0.0,,,
MSR,2021,,30.0,,,,,0.0,,,
MSR,2022,,30.0,,,,,0.0,,,
MSR,2023,,30.0,,,,,0.0,,,
MSR,2024,,30.0,,,,,,,,
MSR,2025,,30.0,,,,,,,,
MSR,2026,,30.0,,,,,,,,
MUS,2000,,25.0,,,,,0.0,,,
MUS,2001,,25.0,,,,,0.0,,,
MUS,2002,,25.0,,,,,-2.5,,,
MUS,2003,,25.0,,,,,-10.0,,,
MUS,2004,,25.0,,,,,-10.0,,,
MUS,2005,,22.5,,,,,-7.5,,,
MUS,2006,,15.0,,,,,0.0,,,
MUS,2007,,15.0,,,,,0.0,,,
MUS,2008,,15.0,,,,,0.0,,,
MUS,2009,,15.0,,,,,0.0,,,
MUS,2010,,15.0,,,,,0.0,,,
MUS,2011,,15.0,,,,,0.0,,,
MUS,2012,,15.0,,,,,0.0,,,
MUS,2013,,15.0,,,,,0.0,,,
MUS,2014,,15.0,,,,,0.0,,,
MUS,2015,,15.0,,,,,0.0,,,
MUS,2016,,15.0,,,,,0.0,,,
MUS,2017,,15.0,,,,,0.0,,,
MUS,2018,,15.0,,,,,0.0,,,
MUS,2019,,15.0,,,,,0.0,,,
MUS,2020,,15.0,,,,,0.0,,,
MUS,2021,,15.0,,,,,0.0,,,
MUS,2022,,15.0,,,,,0.0,,,
MUS,2023,,15.0,,,,,0.0,,,
MUS,2024,,15.0,,,,,,,,
MUS,2025,,15.0,,,,,,,,
MUS,2026,,15.0,,,,,,,,
MYS,2000,,28.0,,,,,0.0,,,
MYS,2001,,28.0,,,,,0.0,,,
MYS,2002,,28.0,,,,,0.0,,,
MYS,2003,,28.0,,,,,0.0,,,
MYS,2004,,28.0,,,,,-1.0,,,
MYS,2005,,28.0,,,,,-2.0,,,
MYS,2006,,28.0,,,,,-3.0,,,
MYS,2007,,27.0,,,,,-2.0,,,
MYS,2008,,26.0,,,,,-1.0,,,
MYS,2009,,25.0,,,,,0.0,,,
MYS,2010,,25.0,,,,,0.0,,,
MYS,2011,,25.0,,,,,0.0,,,
MYS,2012,,25.0,,,,,0.0,,,
MYS,2013,,25.0,2.8412697,,,,-1.0,,,
MYS,2014,,25.0,,,,,-1.0,,,
MYS,2015,,25.0,,,,,-1.0,,,
MYS,2016,,24.0,,,,,0.0,,,
MYS,2017,,24.0,,,,,0.0,,,
MYS,2018,,24.0,,,,,0.0,,,
MYS,2019,,24.0,,,,,0.0,,,
MYS,2020,,24.0,,,,,0.0,,,
MYS,2021,,24.0,,,,,0.0,,,
MYS,2022,,24.0,,,,,0.0,,,
MYS,2023,,24.0,,,,,0.0,,,
MYS,2024,,24.0,,,,,,,,
MYS,2025,,24.0,,,,,,,,
MYS,2026,,24.0,,,,,,,,
NAM,2000,,35.0,,,,,0.0,,,
NAM,2001,,35.0,,,,,0.0,,,
NAM,2002,,35.0,,,,,0.0,,,
NAM,2003,,35.0,,,,,0.0,,,
NAM,2004,,35.0,,,,,0.0,,,
NAM,2005,,35.0,,,,,0.0,,,
NAM,2006,,35.0,,,,,-1.0,,,
NAM,2007,,35.0,,,,,-1.0,,,
NAM,2008,,35.0,,,,,-1.0,,,
NAM,2009,,34.0,,,,,0.0,,,
NAM,2010,,34.0,,,,,-1.0,,,
NAM,2011,,34.0,,,,,-1.0,,,
NAM,2012,,34.0,,,,,-2.0,,,
NAM,2013,,33.0,,,,,-1.0,,,
NAM,2014,,33.0,,,,,-1.0,,,
NAM,2015,,32.0,,,,,0.0,,,
NAM,2016,,32.0,,,,,0.0,,,
NAM,2017,,32.0,,,,,0.0,,,
NAM,2018,,32.0,,,,,0.0,,,
NAM,2019,,32.0,,,,,0.0,,,
NAM,2020,,32.0,,,,,0.0,,,
NAM,2021,,32.0,,,,,0.0,,,
NAM,2022,,32.0,,,,,0.0,,,
NAM,2023,,32.0,,,,,0.0,,,
NAM,2024,,32.0,,,,,,,,
NAM,2025,,32.0,,,,,,,,
NAM,2026,,32.0,,,,,,,,
NGA,2000,,30.0,,,,,0.0,,,
NGA,2001,,30.0,,,,,0.0,,,
NGA,2002,,30.0,,,,,0.0,,,
NGA,2003,,30.0,,,,,0.0,,,
NGA,2004,,30.0,,,,,0.0,,,
NGA,2005,,30.0,,,,,0.0,,,
NGA,2006,,30.0,,,,,0.0,,,
NGA,2007,,30.0,,,,,0.0,,,
NGA,2008,,30.0,,,,,0.0,,,
NGA,2009,,30.0,,,,,0.0,,,
NGA,2010,,30.0,,,,,0.0,,,
NGA,2011,,30.0,,,,,0.0,,,
NGA,2012,,30.0,,,,,0.0,,,
NGA,2013,,30.0,,,,,0.0,,,
NGA,2014,,30.0,,,,,0.0,,,
NGA,2015,,30.0,,,,,0.0,,,
NGA,2016,,30.0,,,,,0.0,,,
NGA,2017,,30.0,,,,,0.0,,,
NGA,2018,,30.0,,,,,0.0,,,
NGA,2019,,30.0,,,,,0.0,,,
NGA,2020,,30.0,,,,,0.0,,,
NGA,2021,,30.0,,,,,0.0,,,
NGA,2022,,30.0,,,,,0.0,,,
NGA,2023,,30.0,,,,,0.0,,,
NGA,2024,,30.0,,,,,,,,
NGA,2025,,30.0,,,,,,,,
NGA,2026,,30.0,,,,,,,,
NIC,2014,,,1.2380953,,,,,,,
NLD,1960,6.321070466430142,,,80.800003,35.700001,,,,,-1.600003000000001
NLD,1961,5.505334473398854,,,,35.599998,,,,,-1.7999989999999997
NLD,1962,5.284922376729135,,,,34.799999,,,,,-2.0999979999999994
NLD,1963,4.8594217701712,,,,34.099998,,,,,-1.5999979999999994
NLD,1964,5.2448844589479595,,,,33.799999,,,,,-0.5999979999999994
NLD,1965,5.1553017815183155,,,,32.700001,-1.1657686849118267,,,,-0.10000300000000095
NLD,1966,4.326562910972085,,,84.400002,32.5,-1.1787715624267685,,,,-1.3999999999999986
NLD,1967,4.60675320449173,,,,33.200001,-0.6781691722374052,,,,-2.9000020000000006
NLD,1968,4.920852745906947,,,,32.599998,0.06143097573574696,,,,-1.7999989999999997
NLD,1969,5.028330870069201,,,,31.1,-0.21655358887875842,,,,0.6999989999999983
NLD,1970,4.392964121777288,,,79.599998,30.299999,-0.7623376597410276,,,,1.9000020000000006
NLD,1971,3.804966699538919,,,,30.799999,-0.5215962114331663,,,,1.600003000000001
NLD,1972,3.7126124053242298,,,,31.799999,-0.8941407991674999,,,,1.0
NLD,1973,3.8550150779978978,,,,32.200001,-1.065837667909049,,,,0.2999989999999997
NLD,1974,4.339191933991958,,,76.199997,32.400002,-0.6891389360772431,,,5.800003000000004,0.7999989999999997
NLD,1975,2.7623573672170196,,,78.099998,32.799999,-1.6306067545602683,,,8.200005000000004,0.20000100000000032
NLD,1976,3.4743728711504165,,,81.099998,32.5,-0.3305938283885026,,,5.300004000000001,-0.20000100000000032
NLD,1977,2.865212305855589,,,82.0,33.200001,-0.8474000994686408,,,2.5999979999999994,-1.5
NLD,1978,2.8454344343790074,,,86.300003,33.0,-1.0095806436188903,,,-1.2000050000000044,-2.2000010000000003
NLD,1979,2.581256493905495,,,86.400002,32.299999,-1.757935440086463,,,-1.5,-1.399999000000001
NLD,1980,2.6978780270014293,,,84.599998,31.700001,-0.06447934021559032,,,1.5,-2.2000010000000003
NLD,1981,3.1132636059658627,,,85.099998,30.799999,-0.3611092651845538,,,1.0999989999999968,-2.899999000000001
NLD,1982,2.974890365842317,,,84.900002,30.9,0.1096780599867282,,,-3.2000050000000044,-4.5
NLD,1983,3.399796656052568,,,86.099998,29.5,0.5543622216735606,,,-6.900001000000003,-3.8999999999999986
NLD,1984,4.448595545852833,,,86.199997,27.9,1.8673390519473383,,,-9.199996999999996,-2.600000999999999
NLD,1985,4.441420828968901,,3.3730159,81.699997,26.4,1.7435428019674712,,0.01587290000000019,-1.5,-1.3999999999999986
NLD,1986,4.14455553896425,,3.3730159,79.199997,25.6,1.031291932998387,,0.01587290000000019,2.800003000000004,-0.8999990000000011
NLD,1987,3.390740963467858,,3.3730159,77.0,25.299999,0.4158505976255409,,0.031745900000000216,4.5,-0.8999990000000011
NLD,1988,3.628659592284378,,3.3888888,80.199997,25.0,0.22886293623180975,,0.015873000000000026,,-0.7999989999999997
NLD,1989,4.301386802210364,,3.3888888,82.0,24.700001,-0.1472087436424694,,0.015873000000000026,0.3000030000000038,0.19999899999999826
NLD,1990,4.255209727341231,,3.4047618,81.5,24.4,-0.18621110162766996,,0.06349229999999961,1.1999969999999962,1.1000000000000014
NLD,1991,4.207342791146214,,3.4047618,,24.200001,0.06278725218196435,,-0.10317450000000017,,1.0
NLD,1992,3.844569910035083,,3.4047618,82.300003,24.9,0.45382894656722517,,-0.15079360000000008,,0.6000000000000014
NLD,1993,3.490035246134451,,3.4682541,82.699997,25.5,-0.13862434614992702,,-0.2142858999999997,-2.599998999999997,-0.5
NLD,1994,4.256066001001837,,3.3015873,,25.200001,-0.04532080120852644,,-0.047619099999999914,,-0.6000009999999989
NLD,1995,4.509515312298584,,3.2539682,,25.5,0.2543055849573532,,0.0,,-1.2000010000000003
NLD,1996,4.781111557386356,,3.2539682,80.099998,25.0,0.5737687662401418,,0.047619099999999914,,-0.7999989999999997
NLD,1997,5.4355619787161915,,3.2539682,,24.6,1.5909920686811083,,0.047619099999999914,,-2.3000010000000017
NLD,1998,5.896396267543676,,3.2539682,,24.299999,2.4063610214092255,,0.047619099999999914,,-2.6999989999999983
NLD,1999,5.770928733802948,,3.3015873,,24.200001,1.5148627328011104,,0.0,,-2.8000010000000017
NLD,2000,5.878965234985562,35.0,3.3015873,82.0,22.299999,1.3694499226869778,-0.5,0.0,-1.1999969999999962,-1.1999989999999983
NLD,2001,5.999539615688313,35.0,3.3015873,86.0,21.6,1.2184280583019573,-0.5,0.0,0.09999799999999937,-0.30000100000000174
NLD,2002,5.674205673591573,34.5,3.3015873,93.199997,21.4,0.23864369487538184,-3.0,0.0,-5.899993999999992,-0.29999999999999716
NLD,2003,5.43323952250247,34.5,3.3015873,80.800003,21.1,-0.4631567450412062,-4.899999999999999,0.0,-13.900001000000003,-0.7000000000000028
NLD,2004,5.676454202245859,34.5,3.3015873,86.099998,21.299999,-0.09447453155708896,-9.0,0.0,-7.599997999999999,-2.0999979999999994
NLD,2005,6.148309500139661,31.5,3.3015873,87.300003,21.1,0.2693442651540989,-6.0,0.0,-9.400001000000003,-2.0
NLD,2006,6.862175788660451,29.6,3.3015873,66.900002,20.4,0.8626361729721381,-4.100000000000001,-0.0634920000000001,15.599998,-1.2999999999999972
NLD,2007,7.128061780061945,25.5,3.3015873,78.5,19.200001,1.4538561064703712,0.0,-0.0634920000000001,7.699996999999996,-0.7000010000000003
NLD,2008,6.8424662123217335,25.5,3.3015873,77.900002,19.1,1.4092266898192634,-0.5,-0.0634920000000001,4.5,-0.8000010000000017
NLD,2009,5.208279371920961,25.5,3.2380953,82.5,19.1,-0.46817483032489804,-0.5,0.0,-1.3000030000000038,-1.1000000000000014
NLD,2010,5.577560646849142,25.5,3.2380953,86.199997,18.5,-0.5707488532905183,-0.5,0.0,-4.399993999999992,-1.1000000000000014
NLD,2011,5.672923972383916,25.0,3.2380953,82.400002,18.299999,-1.1892518162765349,0.0,0.0,-0.9000020000000006,-1.0999979999999994
NLD,2012,5.384690224423986,25.0,3.2380953,81.199997,18.0,-1.7433715556379585,0.0,0.0,-6.0,-1.2000010000000003
NLD,2013,5.300216902445453,25.0,3.2380953,81.800003,17.4,-1.5422493098762802,0.0,0.20634910000000017,-6.900001000000003,-1.0
NLD,2014,5.357364995637271,25.0,3.2380953,81.5,17.200001,0.14908562371631007,0.0,0.20634910000000017,-8.900002,-1.4000009999999996
NLD,2015,6.0967488163527745,25.0,3.2380953,75.199997,16.799999,0.5191881695036322,0.0,0.20634910000000017,-3.3999939999999924,
NLD,2016,6.017143872942155,25.0,3.4444444,74.900002,16.4,0.3442199005582385,0.0,0.16666679999999978,-4.200005000000004,-1.9999999999999982
NLD,2017,6.494359455385286,25.0,3.4444444,72.599998,15.8,1.1096692309613,0.0,0.16666679999999978,0.0,
NLD,2018,6.466775393276928,25.0,3.4444444,71.800003,,1.1665584908314743,0.0,0.16666679999999978,-1.3000030000000038,
NLD,2019,6.45366460535415,25.0,3.6111112,70.699997,14.4,1.096299609716879,0.8000000000000007,0.0,0.20000500000000443,
NLD,2020,5.5560325200215654,25.0,3.6111112,72.599998,,-0.5407162963312091,0.8000000000000007,0.0,0.5,
NLD,2021,6.708694399929518,25.0,3.6111112,70.5,15.5,0.6915505269873634,0.8000000000000007,0.0,1.5999979999999994,
NLD,2022,7.686714386174831,25.8,3.6111112,70.900002,,1.192354930789545,0.0,0.0,,
NLD,2023,7.225836701060959,25.8,3.6111112,73.099998,13.8,0.7590613077840311,0.0,,,
NLD,2024,7.012740386425144,25.8,3.6111112,72.099998,,0.5590757810709945,,,,
NLD,2025,,25.8,3.6111112,,,,,,,
NLD,2026,,25.8,,,,,,,,
NOR,1960,5.679270595074047,,,70.0,54.0,,,,,-0.09999799999999937
NOR,1961,6.003217866276936,,,,54.700001,,,,,-1.2000010000000003
NOR,1962,5.169609706109035,,,,53.799999,,,,,-0.5999979999999994
NOR,1963,5.109078897111816,,,,53.900002,,,,,-1.3000040000000013
NOR,1964,5.552307111625171,,,,53.5,,,,,-1.0
NOR,1965,5.73814462939962,,,70.0,53.200001,0.05887403432557292,,,,-0.9000020000000006
NOR,1966,5.047556725418925,,,,52.599998,-0.9556611408580107,,,,-0.2999989999999997
NOR,1967,4.302590875024093,,,,52.5,-0.867018831084942,,,,-0.40000200000000063
NOR,1968,4.539579959471716,,,,52.299999,-0.5694989376401001,,,,0.10000300000000095
NOR,1969,4.402612338461922,,,,52.299999,-1.1496947731632492,,,,-0.7000010000000003
NOR,1970,4.62195385175652,,,70.0,52.099998,-1.1161907776430997,,,,0.8000040000000013
NOR,1971,4.028593539600026,,,,52.400002,-1.0189631858188992,,,,1.399996999999999
NOR,1972,3.9711856015811122,,,,51.599998,-0.33140527344298043,,,,1.600003000000001
NOR,1973,4.500140839145806,,,,52.900002,-0.039439120325909904,,,,-0.9000020000000006
NOR,1974,4.7004669395843885,,,,53.799999,0.29785460112246653,,,,-0.5
NOR,1975,3.9387148983552422,,,70.0,53.200001,-0.6832389534012777,,,,0.5
NOR,1976,3.458791948299312,,,,52.0,-0.5698015913007137,,,,3.0999979999999994
NOR,1977,3.195625896744905,,,,53.299999,-0.7755597048362071,,,,3.4000020000000006
NOR,1978,3.546442353441473,,,,53.700001,-0.9536984857043334,,,,3.5
NOR,1979,4.64127409036923,,,,55.099998,-0.059192849215158105,,,,1.8000040000000013
NOR,1980,6.189519297506403,,,70.0,56.700001,2.250804399151161,,,,-0.20000100000000032
NOR,1981,6.378689120957021,,,,57.200001,2.9198971726577088,,,,-0.2999989999999997
NOR,1982,6.059149627903271,,,,56.900002,2.863523731158366,,,,-0.40000200000000063
NOR,1983,6.246289051141367,,,,56.5,2.699846697699894,,,,-0.5
NOR,1984,7.050612637765552,,,,56.900002,2.409338547396321,,,,-2.3000040000000013
NOR,1985,6.743226806835147,,2.3333333,75.0,56.5,0.5537075093287438,,0.0,,-1.4000020000000006
NOR,1986,4.229038928317879,,2.3333333,,56.0,-2.1496501926391423,,0.0,,0.7999989999999997
NOR,1987,3.6358917765831613,,2.3333333,,54.599998,-2.42325785132011,,0.0,,2.7000010000000003
NOR,1988,3.215801229703113,,2.3333333,,55.099998,-3.030487821438254,,0.0,,1.8000040000000013
NOR,1989,4.328330270400998,,2.3333333,,56.799999,-2.7222823673645538,,0.0,,0.20000100000000032
NOR,1990,5.113755449525344,,2.3333333,75.0,57.299999,-1.6294713573098027,,0.0,,-0.39999699999999905
NOR,1991,5.471344298951202,,2.3333333,,56.900002,1.2423053706333231,,0.0,,-0.10000300000000095
NOR,1992,5.270024436105839,,2.3333333,75.0,57.0,1.6341326595226775,,0.0,1.0,-0.5999979999999994
NOR,1993,5.668716302828447,,2.3333333,,56.900002,2.4529150731253337,,0.0,,-1.3000040000000013
NOR,1994,5.764341564131567,,2.3333333,,56.799999,1.4360112937305693,,0.0,,-2.2000010000000003
NOR,1995,6.066003516033837,,2.3333333,76.0,56.400002,0.9522480665084929,,0.0,1.0,-1.600003000000001
NOR,1996,6.985558853801764,,2.3333333,,55.599998,1.514214554850562,,0.0,,-1.6999959999999987
NOR,1997,7.222654766846463,,2.3333333,,54.599998,1.9526303307406243,,0.0,,-2.1999959999999987
NOR,1998,5.459320863301893,,2.3333333,77.0,54.799999,-0.2093954395265536,,0.0,,-3.0999979999999994
NOR,1999,6.301648625958347,,2.3333333,,53.900002,0.5373070618267795,,0.0,,-1.9000020000000006
NOR,2000,10.438438424547625,28.0,2.3333333,,52.400002,4.372434908513788,0.0,0.0,,-0.9000020000000006
NOR,2001,10.071470541136412,28.0,2.3333333,,51.700001,3.085911687334648,0.0,0.0,,-0.40000200000000063
NOR,2002,8.961571791716969,28.0,2.3333333,,52.0,1.7389170248705055,0.0,0.0,,-1.0
NOR,2003,9.669450020298333,28.0,2.3333333,,51.5,4.21012915699644,0.0,0.0,,-0.40000200000000063
NOR,2004,11.369251570427782,28.0,2.3333333,74.0,51.299999,5.067602944469435,0.0,0.0,,-1.2999989999999997
NOR,2005,13.474688776191751,28.0,2.3333333,73.0,51.0,3.036250351644126,0.0,0.0,1.0,-1.0999979999999994
NOR,2006,14.512277380250104,28.0,2.3333333,,51.099998,4.440806839113693,0.0,0.0,,-0.899996999999999
NOR,2007,12.982521939562863,28.0,2.3333333,,50.0,4.020950147845895,0.0,0.0,,0.5
NOR,2008,14.057915646827427,28.0,2.3333333,74.0,49.900002,4.3884656265290936,0.0,0.0,,-0.10000300000000095
NOR,2009,9.837053287635161,28.0,2.3333333,,50.200001,-1.5321982827926206,0.0,0.0,,-0.10000300000000095
NOR,2010,10.8854576106699,28.0,2.3333333,,50.5,-2.589231165521852,0.0,0.0,,-0.5999979999999994
NOR,2011,11.59792266079031,28.0,2.3333333,,49.799999,-2.9143547194597943,-1.0,0.0,,0.40000200000000063
NOR,2012,11.673162097946705,28.0,2.3333333,71.0,50.099998,-1.3093598416161587,-1.0,0.0,,-0.19999599999999873
NOR,2013,11.09332126169337,28.0,2.3333333,73.0,49.900002,-2.964594385134056,-3.0,0.0,-3.0,0.09999799999999937
NOR,2014,10.07580846467751,27.0,2.3333333,72.0,50.200001,0.23875517704234817,-3.0,0.0,-3.0,-0.20000100000000032
NOR,2015,8.443681321713013,27.0,2.3333333,,49.900002,-2.441776288956886,-4.0,0.0,,-0.20000100000000032
NOR,2016,7.450436044987577,25.0,2.3333333,70.0,50.0,-4.147486615802733,-3.0,0.0,1.0,0.20000100000000032
NOR,2017,8.484486070000766,24.0,2.3333333,69.0,50.0,-3.188676027945938,-2.0,0.0,,1.0999979999999994
NOR,2018,9.249886368515012,23.0,2.3333333,,49.700001,-1.8434348931783582,-1.0,0.0,,0.39999699999999905
NOR,2019,7.856777806600193,22.0,2.3333333,71.0,50.200001,-2.2190306580773163,0.0,0.0,1.0,-0.2999989999999997
NOR,2020,6.002685002251682,22.0,2.3333333,,51.099998,-2.4409963194613313,0.0,0.0,,-0.5999979999999994
NOR,2021,10.90032442448533,22.0,2.3333333,72.0,50.099998,3.449888379497753,0.0,0.0,,2.0
NOR,2022,18.68858976196355,22.0,2.3333333,72.0,49.900002,10.204103691962782,0.0,0.0,,
NOR,2023,,22.0,2.3333333,,50.5,,0.0,,,
NOR,2024,,22.0,2.3333333,,52.099998,,,,,
NOR,2025,,22.0,2.3333333,,,,,,,
NOR,2026,,22.0,,,,,,,,
NZL,1960,,,,70.0,,,,,,
NZL,1965,,,,70.0,,,,,,
NZL,1970,,,,70.0,56.200001,,,,,2.7999989999999997
NZL,1971,,,,,56.299999,,,,,3.0
NZL,1972,,,,,56.299999,,,,,4.600003000000001
NZL,1973,,,,,59.0,,,,,2.0
NZL,1974,,,,,59.299999,,,,,3.5
NZL,1975,,,,70.0,60.900002,,,,,4.799994999999996
NZL,1976,,,,,61.0,,,,,8.0
NZL,1977,,,,,62.799999,,,,,6.299999
NZL,1978,,,,,65.699997,,,,,0.0
NZL,1979,,,,,69.0,,,,,-5.599997999999999
NZL,1980,,,,70.0,69.099998,,,,,-8.199995999999999
NZL,1981,,,,,65.699997,,,,,-10.699996999999996
NZL,1982,,,,,63.400002,,,,,-10.0
NZL,1983,,,,,60.900002,,,,,
NZL,1984,,,,,55.0,,,,,
NZL,1985,,,,65.0,53.400002,,,,,
NZL,1986,4.627202552593143,,,,,,,,,
NZL,1987,4.580465532588991,,,,,,,,,
NZL,1988,5.357750040218746,,,,,,,,,
NZL,1989,5.336345785267326,,,,53.0,,,,,-17.0
NZL,1990,5.2834832841506705,,1.4928571,58.599998,,,,0.0,-23.299999,
NZL,1991,5.24819065641367,,1.4928571,50.900002,42.900002,0.6209881038205269,,0.0,,-13.300002
NZL,1992,5.470779926139443,,1.4928571,36.900002,36.0,0.8903143935504518,,0.0,-5.100003000000001,-8.799999
NZL,1993,6.563023095108905,,1.4928571,35.299999,33.700001,1.2052730548901591,,0.0,,-9.0
NZL,1994,6.885485196031105,,1.4928571,,29.6,1.5491394107637788,,0.0,,-6.200000000000003
NZL,1995,7.158615517327618,,1.4928571,31.799999,27.200001,1.8751322331769478,,0.0,-1.0999979999999994,-5.100000999999999
NZL,1996,7.138394078473169,,1.4928571,,24.700001,1.890203422059499,,0.0,,-3.0
NZL,1997,7.3724717014748515,,1.4928571,29.700001,23.4,1.9016917753354088,,0.0,1.6999989999999983,-1.0
NZL,1998,7.235848003558849,,1.4928571,30.700001,22.1,0.672824908449944,,0.3166667000000001,,0.19999899999999826
NZL,1999,8.285706322384938,,1.4928571,,21.700001,1.4002211263538324,,0.3166667000000001,,0.09999799999999937
NZL,2000,8.663099426136341,33.0,1.4928571,31.4,22.4,1.504483908808723,0.0,0.3166667000000001,,-0.6999989999999983
NZL,2001,9.1522793477834,33.0,1.8095238,,22.299999,2.013885269310231,0.0,0.0,,-0.5999979999999994
NZL,2002,9.085105820040226,33.0,1.8095238,,21.799999,1.7126341185653748,0.0,0.0,,0.5
NZL,2003,9.506862171823032,33.0,1.8095238,,21.700001,2.271014168264183,0.0,0.0,,0.09999799999999937
NZL,2004,9.171367445801355,33.0,1.8095238,,21.700001,0.8856611234164173,0.0,0.0,,-0.9000020000000006
NZL,2005,8.413052692409893,33.0,1.8095238,19.6,22.299999,-0.2500467337264478,-3.0,0.0,,-0.8999990000000011
NZL,2006,7.915428782355664,33.0,1.8095238,,21.799999,-1.2368505654277362,-3.0,0.0,,-0.2999989999999997
NZL,2007,8.555880056871338,33.0,1.8095238,17.799999,20.799999,-0.5292257631688884,-3.0,0.0,1.100000999999999,0.6000009999999989
NZL,2008,7.219909145834443,30.0,1.8095238,,21.4,-2.2869530259885895,-2.0,0.0,,-0.8999999999999986
NZL,2009,7.190114401976875,30.0,1.8095238,,21.5,-1.9812530438244798,-2.0,-0.1666666000000001,,-1.2000010000000003
NZL,2010,7.833892761787969,30.0,1.8095238,18.9,21.4,-0.5791599306219242,-2.0,-0.1666666000000001,,-1.8999999999999986
NZL,2011,7.997613950376923,28.0,1.8095238,15.3,20.5,0.08218516802125908,0.0,-0.1666666000000001,,-2.0
NZL,2012,7.6641556330580745,28.0,1.6428572,,20.299999,-0.8917244238132636,0.0,0.0,,-2.5
NZL,2013,9.039195698562812,28.0,1.6428572,,19.5,1.8192865527283697,0.0,0.0,,-2.0
NZL,2014,8.689706226484219,28.0,1.6428572,,18.5,1.4995918245073439,0.0,0.0,,-0.10000000000000142
NZL,2015,8.413335859512083,28.0,1.6428572,20.4,17.799999,0.5794430977241136,0.0,0.0,-1.1999989999999983,1.4000020000000006
NZL,2016,7.933387685914268,28.0,1.6428572,19.9,17.5,-0.064226264462655,0.0,0.0,-1.600000999999999,1.2999989999999997
NZL,2017,8.241020685267994,28.0,1.6428572,18.5,18.4,0.5768650522099197,0.0,0.1666666000000001,0.10000000000000142,0.8000010000000017
NZL,2018,7.644595825165938,28.0,1.6428572,19.200001,19.200001,-1.3945998733968743,0.0,0.1666666000000001,-0.9000020000000006,0.5
NZL,2019,8.0314828462733,28.0,1.6428572,18.299999,18.799999,-0.6582233802109183,0.0,0.1666666000000001,-0.09999799999999937,0.6000009999999989
NZL,2020,7.952997644974018,28.0,1.8095238,18.6,19.200001,-0.4603382145380648,0.0,0.0,-0.8999990000000011,0.09999799999999937
NZL,2021,7.449053520819699,28.0,1.8095238,18.299999,19.700001,-0.4843341650945696,0.0,0.0,0.40000200000000063,0.5999979999999994
NZL,2022,6.690805595279263,28.0,1.8095238,18.200001,19.4,-1.5502150899887308,0.0,0.0,,
NZL,2023,5.959603207312034,28.0,1.8095238,17.700001,19.299999,-1.6849926178539043,0.0,,,
NZL,2024,,28.0,1.8095238,18.700001,20.299999,,,,,
NZL,2025,,28.0,1.8095238,,,,,,,
NZL,2026,,28.0,,,,,,,,
OECD,1960,,,,50.934906,37.606506,,,,-0.5478169999999949,-0.6839140000000015
OECD,1961,,,,50.898403,37.190186,,,,-0.8373950000000008,-0.2449539999999999
OECD,1962,,,,50.656143,37.177723,,,,-1.040142000000003,-0.39964299999999753
OECD,1963,,,,50.387089,36.922592,,,,-0.9374700000000047,-0.4573820000000026
OECD,1964,,,,50.061008,36.945232,,,,-0.8897130000000004,-0.34178099999999745
OECD,1965,,,,49.616001,36.77808,,,,0.005348000000005015,-0.08064300000000202
OECD,1966,,,,49.449619,36.46521,,,,0.6461150000000018,0.3295710000000014
OECD,1967,,,,49.171295,36.603451,,,,1.440373000000001,0.9905159999999995
OECD,1968,,,,49.621349,36.697437,,,,0.7591099999999997,1.0171629999999965
OECD,1969,,,,50.095734,36.794781,,,,-0.0760270000000034,1.0368759999999995
OECD,1970,,,,50.611668,37.593967,,,,-0.9893080000000012,0.09360200000000418
OECD,1971,,,,50.380459,37.7146,,,,-0.8746760000000009,0.6722710000000021
OECD,1972,,,,50.019707,37.831657,,,,-0.5376589999999979,0.6697619999999986
OECD,1973,,,,49.62236,37.687569,,,,-0.43130899999999883,0.5851129999999998
OECD,1974,,,,49.505783,38.386871,,,,-0.6776729999999986,-0.6419789999999992
OECD,1975,,,,49.482048,38.501419,,,,-0.12863199999999608,-1.071093999999995
OECD,1976,,,,49.191051,38.272682,,,,0.10548399999999702,-1.8901250000000047
OECD,1977,,,,48.82811,37.744892,,,,0.9050939999999983,-2.5735889999999984
OECD,1978,,,,49.353416,37.430325,,,,0.17912699999999404,-3.264267000000004
OECD,1979,,,,49.296535,36.382557,,,,0.5094570000000047,-3.269675999999997
OECD,1980,,,,49.733204,35.171303,,,,-0.4771959999999993,-2.9818770000000043
OECD,1981,,,,49.532543,34.166058,,,,-1.717723999999997,-3.2627950000000006
OECD,1982,,,,49.805992,33.112881,,,,-2.9190520000000006,-3.056578000000002
OECD,1983,,,,49.256008,32.189426,,,,-2.882072000000001,-2.609047999999998
OECD,1984,,,,47.814819,30.903263,,,,-1.9063599999999994,-2.0628049999999973
OECD,1985,,,,46.88694,30.056303,,,,-1.4896050000000045,-1.7265589999999982
OECD,1986,,,,46.373936,29.580378,,,,-1.5381399999999985,-1.8146579999999979
OECD,1987,,,,45.908459,28.840458,,,,-1.4574929999999995,-1.6529260000000008
OECD,1988,,,,45.397335,28.329744,,,,-0.48258999999999475,-1.164594000000001
OECD,1989,,,,44.835796,27.76572,,,,-0.6893799999999999,-1.3651670000000031
OECD,1990,,,,44.450966,27.187532,,,,-0.8927650000000042,-1.6429210000000012
OECD,1991,,,,44.914745,27.16515,,,,-2.1108130000000003,-2.5801170000000013
OECD,1992,,,,44.146416,26.400553,,,,-2.102043000000002,-2.8211769999999987
OECD,1993,,,,43.558201,25.544611,,,,-2.463637999999996,-2.8866499999999995
OECD,1994,,,,42.803932,24.585033,,,,-2.4239390000000043,-2.7112669999999994
OECD,1995,,,,42.044373,23.579376,,,,-1.7365119999999976,-2.3110919999999986
OECD,1996,,,,41.094563,22.657961,,,,-1.1531030000000015,-1.7787019999999991
OECD,1997,,,,40.379993,21.873766,,,,-0.9667699999999968,-1.6044429999999998
OECD,1998,,,,40.307861,21.268284,,,,-0.7197530000000043,-1.3028700000000022
OECD,1999,,,,39.94146,20.879259,,,,-0.44608300000000156,-1.203642000000002
OECD,2000,,,,39.413223,20.269323,,,,-0.34459700000000026,-0.850956
OECD,2001,,,,39.588108,19.965414,,,,-0.9784700000000015,-0.9175199999999997
OECD,2002,,,,39.495377,19.675617,,,,-1.3766059999999953,-0.8111949999999979
OECD,2003,,,,39.068626,19.418367,,,,-1.8750610000000023,-1.1936430000000016
OECD,2004,,,,38.609638,19.047894,,,,-1.3639679999999998,-1.008977999999999
OECD,2005,,,,38.118771,18.864422,,,,-0.8138240000000039,-0.9771230000000024
OECD,2006,,,,37.193565,18.224724,,,,0.28915800000000047,-0.2711619999999968
OECD,2007,,,,37.24567,18.038916,,,,-0.31313299999999344,-0.40445000000000064
OECD,2008,,,,37.304947,17.887299,,,,-0.859214999999999,-0.4427880000000002
OECD,2009,,,,37.482723,17.953562,,,,-1.8879659999999987,-0.8644510000000025
OECD,2010,,,,36.932537,17.634466,,,,-1.5196690000000004,-0.776921999999999
OECD,2011,,,,36.445732,17.444511,,,,-1.3746989999999997,-0.9601589999999973
OECD,2012,,,,35.594757,17.089111,,,,-0.9675980000000024,-0.7923559999999981
OECD,2013,,,,35.412868,16.857544,,,,-0.9716180000000065,-0.9062429999999999
OECD,2014,,,2.034858,35.071033,16.484352,,,-5.219999999983571e-05,-0.8889380000000031,-0.6658020000000011
OECD,2015,,,2.0436299,34.627159,16.296755,,,-0.01921470000000003,-0.6538240000000002,-0.6375600000000006
OECD,2016,,,2.0369988,34.44125,15.951301,,,-0.0038116999999999734,-0.5936469999999971,-0.35804600000000164
OECD,2017,,,2.0348058,34.182095,15.81855,,,0.002767299999999917,0.013908000000000698,0.25644699999999965
OECD,2018,,,2.0244152,33.973335,15.659195,,,0.09821429999999998,0.37575199999999853,0.14134600000000042
OECD,2019,,,2.0331871,33.847603,15.593255,,,0.003863899999999809,-0.17779900000000026,-0.2715329999999998
OECD,2020,,,2.0375731,34.196003,16.074997,,,-0.0016186000000000256,-0.5716249999999974,-0.8677279999999996
OECD,2021,,,2.1226295,34.349087,15.800541,,,-0.08667500000000006,-0.7337609999999941,-0.6449590000000001
OECD,2022,,,2.037051,33.669804,15.321722,,,,,
OECD,2023,,,2.0359545,33.624378,15.207269,,,,,
OECD,2024,,,2.0359545,33.615326,15.155582,,,,,
OMN,2000,,12.0,,,,,0.0,,,
OMN,2001,,12.0,,,,,0.0,,,
OMN,2002,,12.0,,,,,0.0,,,
OMN,2003,,12.0,,,,,0.0,,,
OMN,2004,,12.0,,,,,0.0,,,
OMN,2005,,12.0,,,,,0.0,,,
OMN,2006,,12.0,,,,,0.0,,,
OMN,2007,,12.0,,,,,0.0,,,
OMN,2008,,12.0,,,,,0.0,,,
OMN,2009,,12.0,,,,,0.0,,,
OMN,2010,,12.0,,,,,0.0,,,
OMN,2011,,12.0,,,,,0.0,,,
OMN,2012,,12.0,,,,,0.0,,,
OMN,2013,,12.0,,,,,0.0,,,
OMN,2014,,12.0,,,,,3.0,,,
OMN,2015,,12.0,,,,,3.0,,,
OMN,2016,,12.0,,,,,3.0,,,
OMN,2017,,15.0,,,,,0.0,,,
OMN,2018,,15.0,,,,,0.0,,,
OMN,2019,,15.0,,,,,0.0,,,
OMN,2020,,15.0,,,,,0.0,,,
OMN,2021,,15.0,,,,,0.0,,,
OMN,2022,,15.0,,,,,0.0,,,
OMN,2023,,15.0,,,,,0.0,,,
OMN,2024,,15.0,,,,,,,,
OMN,2025,,15.0,,,,,,,,
OMN,2026,,15.0,,,,,,,,
PAK,2000,,45.15,,,,,-10.149999999999999,,,
PAK,2001,,45.15,,,,,-10.149999999999999,,,
PAK,2002,,45.0,,,,,-10.0,,,
PAK,2003,,35.0,,,,,0.0,,,
PAK,2004,,35.0,,,,,0.0,,,
PAK,2005,,35.0,,,,,0.0,,,
PAK,2006,,35.0,,,,,0.0,,,
PAK,2007,,35.0,,,,,0.0,,,
PAK,2008,,35.0,,,,,0.0,,,
PAK,2009,,35.0,,,,,0.0,,,
PAK,2010,,35.0,,,,,0.0,,,
PAK,2011,,35.0,,,,,-1.0,,,
PAK,2012,,35.0,,,,,-2.0,,,
PAK,2013,,35.0,,,,,-3.0,,,
PAK,2014,,34.0,,,,,-3.0,,,
PAK,2015,,33.0,,,,,-3.0,,,
PAK,2016,,32.0,,,,,-3.0,,,
PAK,2017,,31.0,,,,,-2.0,,,
PAK,2018,,30.0,,,,,-1.0,,,
PAK,2019,,29.0,,,,,0.0,,,
PAK,2020,,29.0,,,,,0.0,,,
PAK,2021,,29.0,,,,,0.0,,,
PAK,2022,,29.0,,,,,0.0,,,
PAK,2023,,29.0,,,,,0.0,,,
PAK,2024,,29.0,,,,,,,,
PAK,2025,,29.0,,,,,,,,
PAK,2026,,29.0,,,,,,,,
PAN,2000,,30.0,,,,,0.0,,,
PAN,2001,,30.0,,,,,0.0,,,
PAN,2002,,30.0,,,,,0.0,,,
PAN,2003,,30.0,,,,,0.0,,,
PAN,2004,,30.0,,,,,0.0,,,
PAN,2005,,30.0,,,,,0.0,,,
PAN,2006,,30.0,,,,,0.0,,,
PAN,2007,,30.0,,,,,-2.5,,,
PAN,2008,,30.0,,,,,-5.0,,,
PAN,2009,,30.0,,,,,-5.0,,,
PAN,2010,,27.5,,,,,-2.5,,,
PAN,2011,,25.0,,,,,0.0,,,
PAN,2012,,25.0,,,,,0.0,,,
PAN,2013,,25.0,,,,,0.0,,,
PAN,2014,,25.0,2.3452382,,,,0.0,,,
PAN,2015,,25.0,,,,,0.0,,,
PAN,2016,,25.0,,,,,0.0,,,
PAN,2017,,25.0,,,,,0.0,,,
PAN,2018,,25.0,,,,,0.0,,,
PAN,2019,,25.0,,,,,0.0,,,
PAN,2020,,25.0,,,,,0.0,,,
PAN,2021,,25.0,,,,,0.0,,,
PAN,2022,,25.0,,,,,0.0,,,
PAN,2023,,25.0,,,,,0.0,,,
PAN,2024,,25.0,,,,,,,,
PAN,2025,,25.0,,,,,,,,
PAN,2026,,25.0,,,,,,,,
PER,2000,,30.0,,,,,-3.0,,,
PER,2001,,30.0,,,,,0.0,,,
PER,2002,,27.0,,,,,3.0,,,
PER,2003,,27.0,,,,,3.0,,,
PER,2004,,30.0,,,,,0.0,,,
PER,2005,,30.0,,,,,0.0,,,
PER,2006,,30.0,,,,,0.0,,,
PER,2007,,30.0,,,,,0.0,,,
PER,2008,,30.0,,,,,0.0,,,
PER,2009,,30.0,,,,,0.0,,,
PER,2010,,30.0,,,,,0.0,,,
PER,2011,,30.0,,,,,0.0,,,
PER,2012,,30.0,,,,,-2.0,,,
PER,2013,,30.0,,,,,-2.0,,,
PER,2014,,30.0,1.9166666,,,,-0.5,0.0,,
PER,2015,,28.0,1.9166666,,,,1.5,0.0,,
PER,2016,,28.0,1.9166666,,,,1.5,0.0,,
PER,2017,,29.5,1.9166666,,,,0.0,,,
PER,2018,,29.5,1.9166666,,,,0.0,,,
PER,2019,,29.5,1.9166666,,,,0.0,,,
PER,2020,,29.5,,,,,0.0,,,
PER,2021,,29.5,,,,,0.0,,,
PER,2022,,29.5,,,,,0.0,,,
PER,2023,,29.5,,,,,0.0,,,
PER,2024,,29.5,,,,,,,,
PER,2025,,29.5,,,,,,,,
PER,2026,,29.5,,,,,,,,
PHL,2000,,32.0,,,,,0.0,,,
PHL,2001,,32.0,,,,,0.0,,,
PHL,2002,,32.0,,,,,0.0,,,
PHL,2003,,32.0,,,,,3.0,,,
PHL,2004,,32.0,,,,,3.0,,,
PHL,2005,,32.0,,,,,3.0,,,
PHL,2006,,35.0,,,,,-5.0,,,
PHL,2007,,35.0,,,,,-5.0,,,
PHL,2008,,35.0,,,,,-5.0,,,
PHL,2009,,30.0,,,,,0.0,,,
PHL,2010,,30.0,,,,,0.0,,,
PHL,2011,,30.0,,,,,0.0,,,
PHL,2012,,30.0,,,,,0.0,,,
PHL,2013,,30.0,,,,,0.0,,,
PHL,2014,,30.0,,,,,0.0,,,
PHL,2015,,30.0,,,,,0.0,,,
PHL,2016,,30.0,,,,,0.0,,,
PHL,2017,,30.0,,,,,0.0,,,
PHL,2018,,30.0,,,,,0.0,,,
PHL,2019,,30.0,,,,,-5.0,,,
PHL,2020,,30.0,,,,,-5.0,,,
PHL,2021,,30.0,,,,,-5.0,,,
PHL,2022,,25.0,,,,,0.0,,,
PHL,2023,,25.0,,,,,0.0,,,
PHL,2024,,25.0,,,,,,,,
PHL,2025,,25.0,,,,,,,,
PHL,2026,,25.0,,,,,,,,
PNG,2000,,25.0,,,,,5.0,,,
PNG,2001,,25.0,,,,,5.0,,,
PNG,2002,,25.0,,,,,5.0,,,
PNG,2003,,30.0,,,,,0.0,,,
PNG,2004,,30.0,,,,,0.0,,,
PNG,2005,,30.0,,,,,0.0,,,
PNG,2006,,30.0,,,,,0.0,,,
PNG,2007,,30.0,,,,,0.0,,,
PNG,2008,,30.0,,,,,0.0,,,
PNG,2009,,30.0,,,,,0.0,,,
PNG,2010,,30.0,,,,,0.0,,,
PNG,2011,,30.0,,,,,0.0,,,
PNG,2012,,30.0,,,,,0.0,,,
PNG,2013,,30.0,,,,,0.0,,,
PNG,2014,,30.0,,,,,0.0,,,
PNG,2015,,30.0,,,,,0.0,,,
PNG,2016,,30.0,,,,,0.0,,,
PNG,2017,,30.0,,,,,0.0,,,
PNG,2018,,30.0,,,,,0.0,,,
PNG,2019,,30.0,,,,,0.0,,,
PNG,2020,,30.0,,,,,0.0,,,
PNG,2021,,30.0,,,,,0.0,,,
PNG,2022,,30.0,,,,,0.0,,,
PNG,2023,,30.0,,,,,0.0,,,
PNG,2024,,30.0,,,,,,,,
PNG,2025,,30.0,,,,,,,,
PNG,2026,,30.0,,,,,,,,
POL,1990,,,2.3253968,,63.700001,,,0.0,,-22.900002
POL,1991,,,2.3253968,,54.400002,,,0.0,,-16.0
POL,1992,,,2.3253968,,44.5,,,0.0,,-9.700001
POL,1993,,,2.3253968,,40.799999,,,0.0,,-8.599998
POL,1994,,,2.3253968,,38.400002,,,0.0,,-9.700001
POL,1995,5.956024443740888,,2.3253968,,34.799999,,,0.0,,-8.699998999999998
POL,1996,5.5450218220046,,2.3253968,,32.200001,,,0.0,,-7.300001000000002
POL,1997,5.76246808454245,,2.3253968,,28.700001,,,0.0,,-5.200001
POL,1998,6.336564615809055,,2.3253968,,26.1,,,0.0,,-3.8000010000000017
POL,1999,6.47717229511896,,2.3253968,,24.9,,,0.0,,-2.299999999999997
POL,2000,7.381199693497164,30.0,2.3253968,25.0,23.5,1.4251752497562764,-3.0,0.0,,0.20000100000000032
POL,2001,6.518874659697451,28.0,2.3253968,,22.299999,0.973852837692851,-9.0,0.0,,1.5
POL,2002,7.402321753409321,28.0,2.3253968,,22.6,1.6398536688668717,-9.0,0.0,,2.1999989999999983
POL,2003,8.31020235784353,27.0,2.3253968,,23.700001,1.973637742034474,-8.0,0.0,,-5.0
POL,2004,10.54194368523941,19.0,2.3253968,,23.799999,4.06477139012045,0.0,0.0,,-6.199998999999998
POL,2005,11.175512706251576,19.0,2.3253968,,24.799999,3.7943130127544116,0.0,0.0,,-8.199998999999998
POL,2006,12.152653918052442,19.0,2.3253968,,18.700001,5.633779258354991,0.0,0.0,,-2.4000020000000006
POL,2007,12.657499746276404,19.0,2.3253968,18.9,17.6,5.2551779928670825,0.0,0.0,-1.3999999999999986,-0.20000000000000284
POL,2008,12.298082230482347,19.0,2.3253968,17.6,16.6,3.9878798726388176,0.0,0.0,-0.6000000000000014,0.6999989999999983
POL,2009,13.902702313452394,19.0,2.3253968,,16.299999,3.3607586282129844,0.0,0.0,,0.30000100000000174
POL,2010,13.27692059804401,19.0,2.3253968,17.5,17.4,2.1014078917924337,0.0,0.0,,
POL,2011,14.236744394604791,19.0,2.3253968,17.0,17.299999,2.0840904765523494,0.0,0.0,,-5.399998999999999
POL,2012,14.25408407810159,19.0,2.3253968,16.700001,16.6,1.596584331825186,0.0,0.0,-2.000001000000001,
POL,2013,14.036801632925558,19.0,2.3253968,,,1.7387194024432109,0.0,0.0,,
POL,2014,14.260196577286285,19.0,2.3253968,,11.9,0.3574942638338907,0.0,0.0,,1.5
POL,2015,14.750709358594147,19.0,2.3253968,14.7,,1.4737887605501374,0.0,0.0,,
POL,2016,13.784606505626185,19.0,2.3253968,,14.1,-0.45213788897860674,0.0,0.0,,
POL,2017,14.038586291472136,19.0,2.3253968,,13.4,-0.21549778662945407,0.0,0.0,,
POL,2018,14.065155316224033,19.0,2.3253968,,10.8,0.028353683298474763,0.0,0.0,,
POL,2019,14.256272145350868,19.0,2.3253968,12.4,,-0.003924431935416806,0.0,0.0,-0.7000000000000011,
POL,2020,14.425874371745973,19.0,2.3253968,12.5,,-0.3248349868481739,0.0,0.0,-0.9000000000000004,
POL,2021,14.895341875232711,19.0,2.3253968,12.1,,1.1107353696065267,0.0,0.0,,
POL,2022,16.480943407529402,19.0,2.3253968,11.7,9.3999996,2.4423571160572664,0.0,0.0,,
POL,2023,15.725170755117873,19.0,2.3253968,11.6,,1.66001543889384,0.0,,,
POL,2024,14.226654455185631,19.0,2.3253968,,,-0.029617690165236965,,,,
POL,2025,,19.0,2.3253968,,,,,,,
POL,2026,,19.0,,,,,,,,
PRT,1960,4.078148912626912,,,,,,,,,
PRT,1961,2.7605238069061264,,,,,,,,,
PRT,1962,4.4710979406102975,,,,,,,,,
PRT,1963,2.777703324936771,,,,,,,,,
PRT,1964,2.739240490142561,,,,,,,,,
PRT,1965,4.444968986645691,,,,,0.36682007401877836,,,,
PRT,1966,3.364913113429086,,,,,0.6043893065229597,,,,
PRT,1967,2.517102224914727,,,,,-1.9539957156955707,,,,
PRT,1968,2.329789531960167,,,,,-0.44791379297660416,,,,
PRT,1969,1.0459723320912533,,,,,-1.6932681580513076,,,,
PRT,1970,0.597322382796151,,,,,-3.84764660384954,,,,
PRT,1971,1.6297675860337029,,,,,-1.7351455273953833,,,,
PRT,1972,2.1488138920438487,,,,,-0.36828833287087814,,,,
PRT,1973,2.541901069634693,,,,64.599998,0.21211153767452595,,,,
PRT,1974,-0.11410019404466687,,,,,-1.1600725261359202,,,,
PRT,1975,-3.6990907588346382,,,,,-4.296413141630789,,,,
PRT,1976,-2.890705270672705,,,,,-4.520472856706408,,,,
PRT,1977,-1.0302638043600143,,,,53.900002,-3.179077696403863,,,,
PRT,1978,0.7593345545938968,,,,52.599998,-1.782566515040796,,,,
PRT,1979,2.7225603195129833,,,,52.099998,2.83666051355765,,,,
PRT,1980,3.9061906293012307,,,,,7.605281388135869,,,,
PRT,1981,3.9082846221883365,,,,,6.798989892861042,,,,
PRT,1982,2.5672400562859963,,,,,3.5975038606460106,,,,
PRT,1983,4.233003030387579,,,,,3.4736684757936818,,,,
PRT,1984,6.424975058142268,,,,40.200001,3.7024147386292845,,,,
PRT,1985,5.961276326986307,,5.0,,,2.0550856976850764,,0.0,,
PRT,1986,5.342710908107969,,5.0,,35.099998,1.4344262859196322,,0.0,,
PRT,1987,5.544642220715202,,5.0,,,2.977402164429206,,-0.16666649999999983,,
PRT,1988,5.9795194624161745,,5.0,,,1.7465164320285957,,-0.16666649999999983,,
PRT,1989,5.887246837890619,,5.0,,,-0.5377282202516485,,-0.41666649999999983,,
PRT,1990,6.717531997006371,,4.8333335,,24.9,0.7562556700200638,,-0.25,,
PRT,1991,6.064177673463937,,4.8333335,98.300003,,0.7214667653559683,,-0.25,0.09999899999999684,
PRT,1992,5.214202279714023,,4.5833335,98.599998,,-0.33043994100117935,,0.0,-0.40000100000000316,
PRT,1993,5.104251504592759,,4.5833335,98.800003,,-0.8752679578234153,,0.0,-0.8000030000000038,
PRT,1994,5.829253971057614,,4.5833335,98.400002,,-0.057992866833004975,,0.0,-0.7000050000000044,
PRT,1995,5.151966558926898,,4.5833335,98.199997,22.299999,-1.5655654380794726,,0.0,-0.7999949999999956,
PRT,1996,4.830364957080178,,4.5833335,98.0,,-1.233812716383759,,0.0,-0.9000020000000006,
PRT,1997,4.995547395007646,,4.5833335,97.699997,21.6,-0.2186548847063765,,0.0,-0.8999939999999924,
PRT,1998,5.024890476287059,,4.5833335,97.400002,,-0.07936102830570047,,0.0,,
PRT,1999,5.092942504363441,,4.5833335,97.099998,,-0.7363114666941737,,0.0,-2.0,
PRT,2000,4.612404414268148,35.2,4.5833335,96.800003,,-0.53956214465875,-2.200000000000003,0.0,-2.0,
PRT,2001,4.430808584069914,35.2,4.5833335,,,-0.39955637301026403,-7.700000000000003,-0.16666700000000034,,
PRT,2002,4.345760424661062,33.0,4.5833335,95.099998,18.6,-0.6497869703465842,-5.5,-0.16666700000000034,-4.099997999999999,
PRT,2003,4.280508607965422,33.0,4.5833335,94.800003,19.200001,-0.7443818683216366,-5.5,-0.16666700000000034,-5.0,0.2999989999999997
PRT,2004,4.492305905609846,27.5,4.4166665,92.900002,19.6,-0.6006365987535949,-1.0,0.0,-2.599998999999997,
PRT,2005,4.183739477798372,27.5,4.4166665,91.0,,-0.42866493646977677,-1.0,0.0,-0.5,
PRT,2006,4.482296960958343,27.5,4.4166665,89.800003,19.5,0.05148837688842889,-1.0,0.0,0.6999969999999962,0.8999999999999986
PRT,2007,5.057752732547881,26.5,4.4166665,90.300003,,0.7119923078868187,0.0,-0.28571409999999986,1.6999969999999962,
PRT,2008,4.600844303499707,26.5,4.4166665,90.5,19.200001,0.3203356955342844,2.0,-0.28571409999999986,0.9000020000000006,-0.6000009999999989
PRT,2009,4.5604637359346265,26.5,4.4166665,90.5,20.4,0.06815783032478073,5.0,-0.8571426999999998,-0.8000030000000038,
PRT,2010,4.707037527366038,26.5,4.1309524,92.0,18.200001,0.523298049567666,5.0,-0.7380952999999999,-2.9000020000000006,
PRT,2011,4.5721205743565845,28.5,4.1309524,91.400002,18.6,0.08982361339824152,3.0,-0.9920635999999998,-2.5,
PRT,2012,4.785680810447053,31.5,3.5595238,89.699997,,-0.2720719221008281,-2.0,-0.42063499999999987,-1.1999969999999962,
PRT,2013,5.268641832162822,31.5,3.3928571,89.099998,,0.6677975286631153,-2.0,-0.2539682999999999,-1.5999979999999994,
PRT,2014,5.4822712637726765,31.5,3.1388888,88.900002,,0.92180752783805,-2.0,0.0,-2.4000020000000006,
PRT,2015,5.843565555160621,29.5,3.1388888,88.5,15.4,1.1365280277945837,2.0,0.0,-2.300003000000004,
PRT,2016,6.176577007322861,29.5,3.1388888,87.5,14.6,1.604456432966277,2.0,0.0,-2.4000020000000006,
PRT,2017,6.105719865380615,29.5,3.1388888,86.5,,1.320039054933562,2.0,0.0,-2.300003000000004,
PRT,2018,5.710068031381092,31.5,3.1388888,86.199997,,0.4414261992182702,0.0,0.0,-2.199996999999996,
PRT,2019,5.512108385736731,31.5,3.1388888,85.099998,,0.029837121964054525,0.0,0.0,-1.7999949999999956,
PRT,2020,3.88646680810705,31.5,3.1388888,84.199997,13.9,-1.9570987470535712,0.0,0.0,-0.8999939999999924,
PRT,2021,3.9894362391659146,31.5,3.1388888,84.0,,-2.187140768156947,0.0,0.0,,
PRT,2022,4.329762660313998,31.5,3.1388888,83.300003,,-1.775957205066617,-1.0,0.0,,
PRT,2023,4.8034576400791344,31.5,3.1388888,83.300003,,-0.9066103913019576,-2.0,,,
PRT,2024,4.85717924804144,31.5,3.1388888,,,-0.6549291376952908,,,,
PRT,2025,,30.5,3.1388888,,,,,,,
PRT,2026,,29.5,,,,,,,,
PRY,2000,,30.0,,,,,0.0,,,
PRY,2001,,30.0,,,,,0.0,,,
PRY,2002,,30.0,,,,,-10.0,,,
PRY,2003,,30.0,,,,,-20.0,,,
PRY,2004,,30.0,,,,,-20.0,,,
PRY,2005,,20.0,,,,,-10.0,,,
PRY,2006,,10.0,,,,,0.0,,,
PRY,2007,,10.0,,,,,0.0,,,
PRY,2008,,10.0,,,,,0.0,,,
PRY,2009,,10.0,,,,,0.0,,,
PRY,2010,,10.0,,,,,0.0,,,
PRY,2011,,10.0,,,,,0.0,,,
PRY,2012,,10.0,,,,,0.0,,,
PRY,2013,,10.0,,,,,0.0,,,
PRY,2014,,10.0,1.6547619,,,,0.0,0.0,,
PRY,2015,,10.0,1.6547619,,,,0.0,0.0,,
PRY,2016,,10.0,1.6547619,,,,0.0,0.0,,
PRY,2017,,10.0,1.6547619,,,,0.0,,,
PRY,2018,,10.0,1.6547619,,,,0.0,,,
PRY,2019,,10.0,1.6547619,,,,0.0,,,
PRY,2020,,10.0,,,,,0.0,,,
PRY,2021,,10.0,,,,,0.0,,,
PRY,2022,,10.0,,,,,0.0,,,
PRY,2023,,10.0,,,,,0.0,,,
PRY,2024,,10.0,,,,,,,,
PRY,2025,,10.0,,,,,,,,
PRY,2026,,10.0,,,,,,,,
QAT,2000,,10.0,,,,,0.0,,,
QAT,2001,,10.0,,,,,0.0,,,
QAT,2002,,10.0,,,,,0.0,,,
QAT,2003,,10.0,,,,,0.0,,,
QAT,2004,,10.0,,,,,0.0,,,
QAT,2005,,10.0,,,,,0.0,,,
QAT,2006,,10.0,,,,,0.0,,,
QAT,2007,,10.0,,,,,0.0,,,
QAT,2008,,10.0,,,,,0.0,,,
QAT,2009,,10.0,,,,,0.0,,,
QAT,2010,,10.0,,,,,0.0,,,
QAT,2011,,10.0,,,,,0.0,,,
QAT,2012,,10.0,,,,,0.0,,,
QAT,2013,,10.0,,,,,0.0,,,
QAT,2014,,10.0,,,,,0.0,,,
QAT,2015,,10.0,,,,,0.0,,,
QAT,2016,,10.0,,,,,0.0,,,
QAT,2017,,10.0,,,,,0.0,,,
QAT,2018,,10.0,,,,,0.0,,,
QAT,2019,,10.0,,,,,0.0,,,
QAT,2020,,10.0,,,,,0.0,,,
QAT,2021,,10.0,,,,,0.0,,,
QAT,2022,,10.0,,,,,0.0,,,
QAT,2023,,10.0,,,,,0.0,,,
QAT,2024,,10.0,,,,,,,,
QAT,2025,,10.0,,,,,,,,
QAT,2026,,10.0,,,,,,,,
ROM,1995,2.4905210735052816,,,,,,,,,
ROM,1996,2.9315709251298507,,,,,,,,,
ROM,1997,6.1850494957623114,,,,,,,,,
ROM,1998,0.660428767446354,,,,,,,,,
ROM,1999,2.4113419622512113,,,,,,,,,
ROM,2000,-0.7801017978570427,,,,,-3.2706228713623244,,,,
ROM,2001,-2.4637869430859474,,,,,-5.3953578682157985,,,,
ROM,2002,2.540241634219665,,,,,-3.6448078615426462,,,,
ROM,2003,2.691423638882668,,,,,2.030994871436314,,,,
ROM,2004,7.84599268733083,,,,,5.434650725079619,,,,
ROM,2005,5.705486815812072,,,,,6.4855886136691145,,,,
ROM,2006,8.066697851800711,,,,,10.53048479488666,,,,
ROM,2007,12.538046232435887,,,,,9.997804598216222,,,,
ROM,2008,11.51095823419276,,,,,8.819534595310092,,,,
ROM,2009,11.629781911209234,,,,,3.7837892238784034,,,,
ROM,2010,10.341100625666423,,,,,4.635613809854351,,,,
ROM,2011,11.669298045879394,,,,,3.6026001940786827,,,,
ROM,2012,11.634550858944582,,,,,-0.9034953734913049,,,,
ROM,2013,10.786467482256223,,,,,-0.7244907519365373,,,,
ROM,2014,10.640888570630873,,,,,-0.9888933405783611,,,,
ROM,2015,11.91740028486218,,,,,1.576299659195758,,,,
ROM,2016,11.162792474297934,,,,,-0.5065055715814601,,,,
ROM,2017,11.83311282458713,,,,,0.1985619656425488,,,,
ROM,2018,12.3420429101272,,,,,1.555575427870977,,,,
ROM,2019,12.660081885662105,,,,,2.0191933150312327,,,,
ROM,2020,11.915539757633914,,,,,-0.001860527228267017,,,,
ROM,2021,12.040205693322289,,,,,0.8774132190243549,,,,
ROM,2022,12.756805657976306,,,,,0.9236928333891754,,,,
ROM,2023,11.986407584584393,,,,,-0.3556353255428064,,,,
ROM,2024,10.076126652384158,,,,,-2.5839552332779476,,,,
ROU,2000,,25.0,,,,,0.0,,,
ROU,2001,,25.0,,,,,0.0,,,
ROU,2002,,25.0,,,,,-9.0,,,
ROU,2003,,25.0,,,,,-9.0,,,
ROU,2004,,25.0,,,,,-9.0,,,
ROU,2005,,16.0,,,,,0.0,,,
ROU,2006,,16.0,,,,,0.0,,,
ROU,2007,,16.0,,,,,0.0,,,
ROU,2008,,16.0,,,,,0.0,,,
ROU,2009,,16.0,,,,,0.0,,,
ROU,2010,,16.0,,,,,0.0,,,
ROU,2011,,16.0,,,,,0.0,,,
ROU,2012,,16.0,,,,,0.0,,,
ROU,2013,,16.0,,,,,0.0,,,
ROU,2014,,16.0,,,,,0.0,,,
ROU,2015,,16.0,,,,,0.0,,,
ROU,2016,,16.0,,,,,0.0,,,
ROU,2017,,16.0,,,,,0.0,,,
ROU,2018,,16.0,,,,,0.0,,,
ROU,2019,,16.0,,,,,0.0,,,
ROU,2020,,16.0,,,,,0.0,,,
ROU,2021,,16.0,,,,,0.0,,,
ROU,2022,,16.0,,,,,0.0,,,
ROU,2023,,16.0,,,,,0.0,,,
ROU,2024,,16.0,,,,,,,,
ROU,2025,,16.0,,,,,,,,
ROU,2026,,16.0,,,,,,,,
RUS,2008,,,3.0634921,,,,,0.0,,
RUS,2009,,,3.0634921,,,,,0.0,,
RUS,2010,,,3.0634921,,,,,,,
RUS,2011,,,3.0634921,,,,,,,
RUS,2012,,,3.0634921,,,,,,,
SAU,2000,,30.0,,,,,0.0,,,
SAU,2001,,30.0,,,,,0.0,,,
SAU,2002,,30.0,,,,,-10.0,,,
SAU,2003,,30.0,,,,,-10.0,,,
SAU,2004,,30.0,,,,,-10.0,,,
SAU,2005,,20.0,,,,,0.0,,,
SAU,2006,,20.0,,,,,0.0,,,
SAU,2007,,20.0,,,,,0.0,,,
SAU,2008,,20.0,1.3730159,,,,0.0,0.0,,
SAU,2009,,20.0,1.3730159,,,,0.0,0.0,,
SAU,2010,,20.0,1.3730159,,,,0.0,,,
SAU,2011,,20.0,1.3730159,,,,0.0,,,
SAU,2012,,20.0,1.3730159,,,,0.0,,,
SAU,2013,,20.0,,,,,0.0,,,
SAU,2014,,20.0,,,,,0.0,,,
SAU,2015,,20.0,,,,,0.0,,,
SAU,2016,,20.0,,,,,0.0,,,
SAU,2017,,20.0,,,,,0.0,,,
SAU,2018,,20.0,,,,,0.0,,,
SAU,2019,,20.0,,,,,0.0,,,
SAU,2020,,20.0,,,,,0.0,,,
SAU,2021,,20.0,,,,,0.0,,,
SAU,2022,,20.0,,,,,0.0,,,
SAU,2023,,20.0,,,,,0.0,,,
SAU,2024,,20.0,,,,,,,,
SAU,2025,,20.0,,,,,,,,
SAU,2026,,20.0,,,,,,,,
SEN,2000,,35.0,,,,,0.0,,,
SEN,2001,,35.0,,,,,-2.0,,,
SEN,2002,,35.0,,,,,-2.0,,,
SEN,2003,,35.0,,,,,-10.0,,,
SEN,2004,,33.0,,,,,-8.0,,,
SEN,2005,,33.0,,,,,-8.0,,,
SEN,2006,,25.0,,,,,0.0,,,
SEN,2007,,25.0,,,,,0.0,,,
SEN,2008,,25.0,,,,,0.0,,,
SEN,2009,,25.0,,,,,5.0,,,
SEN,2010,,25.0,,,,,5.0,,,
SEN,2011,,25.0,,,,,5.0,,,
SEN,2012,,30.0,,,,,0.0,,,
SEN,2013,,30.0,,,,,0.0,,,
SEN,2014,,30.0,,,,,2.5,,,
SEN,2015,,30.0,,,,,0.0,,,
SEN,2016,,30.0,,,,,0.0,,,
SEN,2017,,32.5,,,,,-2.5,,,
SEN,2018,,30.0,,,,,0.0,,,
SEN,2019,,30.0,,,,,0.0,,,
SEN,2020,,30.0,,,,,0.0,,,
SEN,2021,,30.0,,,,,0.0,,,
SEN,2022,,30.0,,,,,0.0,,,
SEN,2023,,30.0,,,,,0.0,,,
SEN,2024,,30.0,,,,,,,,
SEN,2025,,30.0,,,,,,,,
SEN,2026,,30.0,,,,,,,,
SGP,2000,,26.0,,,,,-4.0,,,
SGP,2001,,25.5,,,,,-3.5,,,
SGP,2002,,24.5,,,,,-4.5,,,
SGP,2003,,22.0,,,,,-2.0,,,
SGP,2004,,22.0,,,,,-2.0,,,
SGP,2005,,20.0,,,,,-2.0,,,
SGP,2006,,20.0,,,,,-2.0,,,
SGP,2007,,20.0,,,,,-3.0,,,
SGP,2008,,18.0,,,,,-1.0,,,
SGP,2009,,18.0,,,,,-1.0,,,
SGP,2010,,17.0,,,,,0.0,,,
SGP,2011,,17.0,,,,,0.0,,,
SGP,2012,,17.0,,,,,0.0,,,
SGP,2013,,17.0,,,,,0.0,,,
SGP,2014,,17.0,,,,,0.0,,,
SGP,2015,,17.0,,,,,0.0,,,
SGP,2016,,17.0,,,,,0.0,,,
SGP,2017,,17.0,,,,,0.0,,,
SGP,2018,,17.0,,,,,0.0,,,
SGP,2019,,17.0,,,,,0.0,,,
SGP,2020,,17.0,,,,,0.0,,,
SGP,2021,,17.0,,,,,0.0,,,
SGP,2022,,17.0,,,,,0.0,,,
SGP,2023,,17.0,,,,,0.0,,,
SGP,2024,,17.0,,,,,,,,
SGP,2025,,17.0,,,,,,,,
SGP,2026,,17.0,,,,,,,,
SLE,2000,,35.0,,,,,-5.0,,,
SLE,2001,,35.0,,,,,-5.0,,,
SLE,2002,,30.0,,,,,0.0,,,
SLE,2003,,30.0,,,,,0.0,,,
SLE,2004,,30.0,,,,,0.0,,,
SLE,2005,,30.0,,,,,0.0,,,
SLE,2006,,30.0,,,,,0.0,,,
SLE,2007,,30.0,,,,,0.0,,,
SLE,2008,,30.0,,,,,0.0,,,
SLE,2009,,30.0,,,,,0.0,,,
SLE,2010,,30.0,,,,,0.0,,,
SLE,2011,,30.0,,,,,0.0,,,
SLE,2012,,30.0,,,,,0.0,,,
SLE,2013,,30.0,,,,,0.0,,,
SLE,2014,,30.0,,,,,0.0,,,
SLE,2015,,30.0,,,,,0.0,,,
SLE,2016,,30.0,,,,,0.0,,,
SLE,2017,,30.0,,,,,-5.0,,,
SLE,2018,,30.0,,,,,-5.0,,,
SLE,2019,,30.0,,,,,-5.0,,,
SLE,2020,,25.0,,,,,0.0,,,
SLE,2021,,25.0,,,,,0.0,,,
SLE,2022,,25.0,,,,,0.0,,,
SLE,2023,,25.0,,,,,0.0,,,
SLE,2024,,25.0,,,,,,,,
SLE,2025,,25.0,,,,,,,,
SLE,2026,,25.0,,,,,,,,
SLV,2014,,,1.6785715,,,,,,,
SMR,2000,,24.0,,,,,0.0,,,
SMR,2001,,24.0,,,,,0.0,,,
SMR,2002,,24.0,,,,,-5.0,,,
SMR,2003,,24.0,,,,,-5.0,,,
SMR,2004,,24.0,,,,,-7.0,,,
SMR,2005,,19.0,,,,,-2.0,,,
SMR,2006,,19.0,,,,,-2.0,,,
SMR,2007,,17.0,,,,,0.0,,,
SMR,2008,,17.0,,,,,0.0,,,
SMR,2009,,17.0,,,,,0.0,,,
SMR,2010,,17.0,,,,,0.0,,,
SMR,2011,,17.0,,,,,0.0,,,
SMR,2012,,17.0,,,,,0.0,,,
SMR,2013,,17.0,,,,,0.0,,,
SMR,2014,,17.0,,,,,0.0,,,
SMR,2015,,17.0,,,,,0.0,,,
SMR,2016,,17.0,,,,,0.0,,,
SMR,2017,,17.0,,,,,0.0,,,
SMR,2018,,17.0,,,,,0.0,,,
SMR,2019,,17.0,,,,,0.0,,,
SMR,2020,,17.0,,,,,0.0,,,
SMR,2021,,17.0,,,,,0.0,,,
SMR,2022,,17.0,,,,,0.0,,,
SMR,2023,,17.0,,,,,1.0,,,
SMR,2024,,17.0,,,,,,,,
SMR,2025,,17.0,,,,,,,,
SMR,2026,,18.0,,,,,,,,
SRB,2000,,20.0,,,,,-6.0,,,
SRB,2001,,20.0,,,,,-10.0,,,
SRB,2002,,20.0,,,,,-10.0,,,
SRB,2003,,14.0,,,,,-4.0,,,
SRB,2004,,10.0,,,,,0.0,,,
SRB,2005,,10.0,,,,,0.0,,,
SRB,2006,,10.0,,,,,0.0,,,
SRB,2007,,10.0,,,,,0.0,,,
SRB,2008,,10.0,,,,,0.0,,,
SRB,2009,,10.0,,,,,0.0,,,
SRB,2010,,10.0,,,,,5.0,,,
SRB,2011,,10.0,,,,,5.0,,,
SRB,2012,,10.0,,,,,5.0,,,
SRB,2013,,15.0,,,,,0.0,,,
SRB,2014,,15.0,,,,,0.0,,,
SRB,2015,,15.0,1.7023809,,,,0.0,,,
SRB,2016,,15.0,,,,,0.0,,,
SRB,2017,,15.0,,,,,0.0,,,
SRB,2018,,15.0,,,,,0.0,,,
SRB,2019,,15.0,,,,,0.0,,,
SRB,2020,,15.0,,,,,0.0,,,
SRB,2021,,15.0,,,,,0.0,,,
SRB,2022,,15.0,,,,,0.0,,,
SRB,2023,,15.0,,,,,0.0,,,
SRB,2024,,15.0,,,,,,,,
SRB,2025,,15.0,,,,,,,,
SRB,2026,,15.0,,,,,,,,
SVK,1993,,,3.1388888,,,,,0.0,,
SVK,1994,,,3.1388888,,,,,0.0,,
SVK,1995,6.177088125174846,,3.1388888,,61.799999,,,0.0,,-21.5
SVK,1996,6.770637777250253,,3.1388888,,,,,0.0,,
SVK,1997,7.647470857595135,,3.1388888,,43.799999,,,0.0,,-7.599997999999999
SVK,1998,7.776266327282035,,3.1388888,,40.299999,,,0.0,,-5.799999
SVK,1999,8.5695943723429,,3.1388888,,38.0,,,0.0,,-6.0
SVK,2000,8.968913903616038,29.0,3.1388888,52.0,36.200001,2.7918257784411917,-4.0,-0.16666650000000027,,-6.700001
SVK,2001,10.339735659837066,29.0,3.1388888,48.099998,34.5,3.5690978825868127,-10.0,-0.25,-8.099998,-7.399999999999999
SVK,2002,10.531936025903525,25.0,3.1388888,,32.0,2.88446516830839,-6.0,-0.25,,-6.899999999999999
SVK,2003,11.391540676329088,25.0,2.9722223,,29.5,3.615274349047053,-6.0,-0.08333349999999973,,-7.100000000000001
SVK,2004,13.874967324309617,19.0,2.8888888,40.0,27.1,5.305372951966717,0.0,0.0,,-6.600000000000001
SVK,2005,14.180528243389768,19.0,2.8888888,,25.1,5.21161433977373,0.0,0.0,,-6.5
SVK,2006,16.699156316754152,19.0,2.8888888,,22.4,6.359420656917086,0.0,0.0,,-5.0
SVK,2007,18.53485744970933,19.0,2.8888888,,20.5,8.002921423805807,0.0,0.0,,-2.8999999999999986
SVK,2008,19.188942525937232,19.0,2.8888888,40.0,18.6,7.7974018496081445,0.0,0.0,-5.0,-3.400000000000002
SVK,2009,15.178415539486522,19.0,2.8888888,,17.4,1.3034482151769051,0.0,-0.5079364000000002,,-2.099999999999998
SVK,2010,18.06083324976342,19.0,2.8888888,,17.6,3.8803050063736517,4.0,-0.38095230000000013,,-2.6000000000000014
SVK,2011,17.911431166141707,19.0,2.8888888,35.0,15.2,1.2122748493875548,3.0,-0.38095230000000013,,-1.0
SVK,2012,18.571267900237437,19.0,2.3809524,,15.3,0.03641045052810554,3.0,0.12698410000000004,,-2.0
SVK,2013,18.043138148524587,23.0,2.5079365,,15.0,-1.1458043774126452,-1.0,0.0,,-2.5
SVK,2014,18.15124479032451,22.0,2.5079365,,14.2,2.9728292508379894,-1.0,0.0,,-2.0999999999999996
SVK,2015,18.50237389739853,22.0,2.5079365,24.4,13.3,0.4415406476351116,-1.0,0.0,,-1.4000000000000004
SVK,2016,17.3888299731733,22.0,2.5079365,,12.5,-0.5226011929684056,-1.0,0.0,,-0.6999999999999993
SVK,2017,16.170772714832488,21.0,2.5079365,,12.1,-2.4004951854049494,0.0,0.0,,-0.1999999999999993
SVK,2018,16.109270915810228,21.0,2.5079365,,11.9,-1.9338672327143591,0.0,0.0,,0.09999999999999964
SVK,2019,15.024022800934302,21.0,2.5079365,,11.8,-3.1272219893902093,0.0,0.0,,0.0
SVK,2020,13.887045554193072,21.0,2.5079365,,11.9,-4.615328343205459,0.0,0.0,,
SVK,2021,15.9092560918532,21.0,2.5079365,,12.0,-1.4795738813201016,0.0,0.0,,
SVK,2022,14.371202497767694,21.0,2.5079365,,11.8,-1.7995702170647938,3.0,0.0,,
SVK,2023,18.33212374840531,21.0,2.5079365,,,2.2228528325950805,3.0,,,
SVK,2024,17.99787961155007,21.0,2.5079365,27.6,,2.973856810615766,,,,
SVK,2025,,24.0,2.5079365,,,,,,,
SVK,2026,,24.0,,,,,,,,
SVN,1991,,,,100.0,66.5,,,,0.0,-12.400002
SVN,1992,,,,100.0,66.0,,,,0.0,-15.599998
SVN,1993,,,,100.0,54.799999,,,,0.0,-6.0
SVN,1994,,,,100.0,54.099998,,,,0.0,-10.0
SVN,1995,1.236359539341494,,,100.0,50.400002,,,,0.0,-7.700001
SVN,1996,1.5312791651189417,,,100.0,48.799999,,,,0.0,-8.399996999999999
SVN,1997,2.8544645449127994,,,100.0,44.099998,,,,0.0,-2.5
SVN,1998,3.0548498968768447,,,100.0,42.700001,,,,0.0,-1.9000020000000006
SVN,1999,3.5734283618619003,,,100.0,40.400002,,,,0.0,4.199995999999999
SVN,2000,3.072144858000889,25.0,,100.0,41.599998,1.8357853186593953,0.0,,0.0,2.100003000000001
SVN,2001,3.1798812520044115,25.0,,100.0,40.799999,1.6486020868854698,0.0,,0.0,-4.200001
SVN,2002,3.652010723401106,25.0,,100.0,44.599998,0.7975461784883064,0.0,,0.0,-7.5
SVN,2003,4.212466806719702,25.0,,100.0,43.700001,1.157616909842857,0.0,,0.0,-12.300001000000002
SVN,2004,3.9289467922916517,25.0,,100.0,36.599998,0.3555184304297514,-2.0,,,-6.799999
SVN,2005,3.7069406627823502,25.0,,100.0,37.099998,0.634795804781461,-3.0,,,-10.499997999999998
SVN,2006,4.536465317719074,25.0,,100.0,31.4,1.3565840657146624,-4.0,,,4.100000000000001
SVN,2007,5.643445783258044,23.0,,,29.799999,1.9914350598569381,-3.0,,,-1.5
SVN,2008,5.341268201668743,22.0,2.6507936,,26.6,1.1288013949490416,-2.0,-0.04761890000000024,,4.699998999999998
SVN,2009,3.086052578594793,21.0,2.6507936,,35.5,-0.8428942136968587,-3.0,-0.04761890000000024,,-12.799999
SVN,2010,2.263560770304113,20.0,2.6507936,70.0,28.299999,-1.4433798924782373,-3.0,-0.04761890000000024,,-6.299999
SVN,2011,2.4700647452712348,20.0,2.6031747,,31.299999,-2.066400572447839,-3.0,-0.5277778999999998,,-6.599997999999999
SVN,2012,1.7852248836792655,18.0,2.6031747,,22.700001,-3.858220899578779,-1.0,-0.5277778999999998,,-2.8000010000000017
SVN,2013,1.7918886710420054,17.0,2.6031747,,22.0,-3.549379530626738,0.0,-0.5277778999999998,,-0.20000100000000032
SVN,2014,2.3883610385056255,17.0,2.0753968,,24.700001,-0.6976915400891675,2.0,0.0,,-4.5
SVN,2015,2.568486224115243,17.0,2.0753968,,19.9,0.3049254538111299,2.0,0.0,,-0.29999999999999716
SVN,2016,2.6913522787284974,17.0,2.0753968,83.099998,21.799999,0.2212875334572626,2.0,0.0,,-0.5999979999999994
SVN,2017,3.4858880643338948,19.0,2.0753968,,20.200001,1.7006631806546293,0.0,0.0,,
SVN,2018,3.827844665606759,19.0,2.0753968,,19.6,2.0359559945647536,0.0,0.0,,
SVN,2019,3.6568390950318235,19.0,2.0753968,,21.200001,1.268478056526198,0.0,0.0,,-5.900001
SVN,2020,3.2621375506302384,19.0,2.0753968,,,0.6936513265149955,0.0,0.0,,
SVN,2021,3.17004485048301,19.0,2.0753968,,,0.47869257175451274,3.0,0.0,,
SVN,2022,2.1956631912023754,19.0,2.0753968,,15.3,-1.2902248731315193,3.0,0.0,,
SVN,2023,3.751694504316176,19.0,2.0753968,,,-0.07615016129058283,3.0,,,
SVN,2024,3.047155934798019,22.0,2.0753968,,,-0.6096831602338044,,,,
SVN,2025,,22.0,2.0753968,,,,,,,
SVN,2026,,22.0,,,,,,,,
SWE,1960,4.926341201232459,,,75.0,63.5,,,,,1.0999979999999994
SWE,1961,4.674101984445297,,,,63.799999,,,,,1.600003000000001
SWE,1962,4.015070118718838,,,,64.800003,,,,,0.3999939999999924
SWE,1963,3.770810663550865,,,,64.599998,,,,,0.0
SWE,1964,4.158992559189026,,,,65.400002,,,,,0.19999599999999873
SWE,1965,3.967696075367624,,,75.0,65.199997,-0.9586451258648352,,,,0.7000050000000044
SWE,1966,3.485121398915704,,,,64.599998,-1.1889805855295932,,,,2.2000050000000044
SWE,1967,3.579834420043968,,,,65.599998,-0.43523569867487,,,,0.8000040000000013
SWE,1968,3.3831323934597326,,,,65.900002,-0.3876782700911323,,,,2.0
SWE,1969,3.7626092906026467,,,,66.800003,-0.3963832685863795,,,,2.199996999999996
SWE,1970,4.389390857151284,,,78.0,66.400002,0.42169478178366004,,,,4.0
SWE,1971,3.515489449090777,,,,67.900002,0.030368050175073158,,,,4.199995999999999
SWE,1972,3.765784221718216,,,,69.0,0.1859498016742478,,,,3.9000020000000006
SWE,1973,4.424855739480821,,,,70.400002,1.041723346021088,,,,3.2999949999999956
SWE,1974,4.802745052420885,,,,72.099998,1.0401357618182385,,,,3.7000050000000044
SWE,1975,4.746408324303847,,,85.0,72.900002,0.3570174671525628,,,,3.900001000000003
SWE,1976,3.5848493589394077,,,,73.699997,0.06935990984863061,,,,3.400001000000003
SWE,1977,2.5329462213284155,,,,75.800003,-1.2328380003898003,,,,2.0
SWE,1978,3.1583970407686497,,,,76.800003,-1.2664586987121709,,,,1.2999949999999956
SWE,1979,3.5425425943165467,,,,77.099998,-1.2602024581043385,,,,1.0999989999999968
SWE,1980,3.687707245422983,,,88.0,77.800003,-1.0587010788808637,,,,1.1999969999999962
SWE,1981,3.4383760366384504,,,,78.099998,-0.14647332230095733,,,,2.3000040000000013
SWE,1982,4.037686353395231,,,,78.199997,1.5047401320668157,,,,2.7000050000000044
SWE,1983,4.3765244927587865,,,,79.0,1.2181274519901368,,,,3.9000020000000006
SWE,1984,4.967023620310124,,,,80.400002,1.4244810259935776,,,,2.0999979999999994
SWE,1985,4.8005094378336794,,2.6369047,91.0,80.900002,1.1128021924106966,,0.0,,0.6999959999999987
SWE,1986,4.814143268066403,,2.6369047,,82.900002,1.375767231427953,,0.0,,-2.099998999999997
SWE,1987,4.667137545638697,,2.6369047,,82.5,0.629451192243466,,0.0,,-2.4000020000000006
SWE,1988,4.774939767843792,,2.6369047,,81.599998,0.3984152750850054,,0.0,,-1.5
SWE,1989,4.375894458474043,,2.6369047,,80.800003,-0.591129161836081,,0.0,,2.199996999999996
SWE,1990,3.684653497729147,,2.6369047,91.0,80.099998,-1.1158559401045323,,0.0,,3.8000040000000013
SWE,1991,3.4428257907525834,,2.6369047,,80.099998,-1.37131747731382,,0.0,,3.599998999999997
SWE,1992,3.761727087038611,,2.6369047,,83.0,-0.9054104586000862,,0.0,,0.09999799999999937
SWE,1993,3.9157267816557546,,2.6369047,,83.900002,-0.8592129861880373,,0.0,,-1.2000050000000044
SWE,1994,4.915553731896338,,2.6369047,,83.699997,0.5396592734222949,,-0.09523800000000016,,-1.5999989999999968
SWE,1995,5.783181954787224,,2.6369047,90.400002,83.099998,2.098528457058077,,-0.09523800000000016,,-1.9000010000000032
SWE,1996,4.967763171804853,,2.6369047,,82.699997,1.5249373810522693,,-0.14285710000000007,,-2.099998999999997
SWE,1997,4.967334545123965,,2.5416667,,82.099998,1.2056074580853537,,-0.047619099999999914,,-3.0999979999999994
SWE,1998,4.822428298814646,,2.5416667,,81.199997,0.9067015171588917,,-0.047619099999999914,,-3.699996999999996
SWE,1999,4.640655986363927,,2.4940476,,80.599998,-0.2748977455324111,,-0.047619099999999914,,-3.1999959999999987
SWE,2000,4.4135389817593245,28.0,2.4940476,87.699997,79.0,-1.3696429730278998,0.0,-0.047619099999999914,,-1.5
SWE,2001,3.7676329743868973,28.0,2.4940476,,77.5,-1.2001301974179555,0.0,-0.047619099999999914,,-1.0999979999999994
SWE,2002,3.7841366291491707,28.0,2.4464285,,77.400002,-1.183197915974794,0.0,0.0,,-1.5
SWE,2003,4.0793147273488,28.0,2.4464285,,77.5,-0.7431135714658463,0.0,0.0,,-3.0
SWE,2004,4.4832513289378,28.0,2.4464285,,76.400002,-0.15740465742612741,0.0,0.0,,-5.300004000000001
SWE,2005,4.4812814077647705,28.0,2.4464285,89.400002,75.900002,0.067742426005446,0.0,0.0,-0.5,-7.300004000000001
SWE,2006,5.031823017418933,28.0,2.4464285,88.699997,74.5,1.2641900430320359,-1.6999999999999993,0.0,0.9000010000000032,-5.800003000000004
SWE,2007,4.867353861310822,28.0,2.4464285,87.5,71.099998,1.0832172321616516,-1.6999999999999993,0.0,1.1999969999999962,-2.5999979999999994
SWE,2008,3.9268183109129002,28.0,2.4464285,88.900002,68.599998,-0.15249641643589973,-1.6999999999999993,0.0,-0.5999989999999968,-0.7999949999999956
SWE,2009,3.0337737943805045,26.3,2.4464285,89.599998,68.699997,-1.4494775345572952,0.0,0.0,-0.7999949999999956,-0.8999939999999924
SWE,2010,4.14172267822443,26.3,2.4464285,88.699997,68.5,-0.3395587295403404,-4.300000000000001,0.0,-0.29999499999999557,-0.40000200000000063
SWE,2011,4.32286609329414,26.3,2.4464285,88.300003,67.800003,-0.7089569241247933,-4.300000000000001,0.0,0.29999499999999557,-0.20000500000000443
SWE,2012,3.502526657315605,26.3,2.4464285,88.800003,67.800003,-1.3648272039952172,-4.300000000000001,0.0,-0.10000600000000759,-0.40000100000000316
SWE,2013,3.3274437196208253,22.0,2.4464285,88.400002,68.099998,-0.5993745912920749,0.0,0.0,0.19999599999999873,-1.0
SWE,2014,3.4969470892502232,22.0,2.4464285,88.599998,67.599998,0.4631732948697187,0.0,0.0,-0.9000010000000032,-1.0999979999999994
SWE,2015,4.03924634357387,22.0,2.4464285,88.699997,67.400002,-0.10247633465055994,0.0,0.0,-0.6999969999999962,-1.5
SWE,2016,3.6733447472678615,22.0,2.4464285,88.599998,67.099998,-0.6495213460262783,-0.6000000000000014,0.0,0.09999899999999684,-1.5
SWE,2017,3.450201879462901,22.0,2.4464285,87.699997,66.5,-0.05232477785270406,-0.6000000000000014,0.0,1.3000030000000038,0.5
SWE,2018,3.1530922390820066,22.0,2.4464285,88.0,65.900002,-0.17435148053881866,-1.3999999999999986,0.0,-1.0,1.0999979999999994
SWE,2019,3.6023887885221573,21.4,2.4464285,88.699997,65.599998,0.10544169927193403,-0.7999999999999972,0.0,-1.1999969999999962,-0.09999799999999937
SWE,2020,3.597568931998124,21.4,2.4464285,89.0,67.0,-0.44167741157574625,-0.7999999999999972,-0.125,-1.0999979999999994,-1.8000030000000038
SWE,2021,3.781018296048439,20.6,2.4464285,87.0,67.0,0.10767354878057755,0.0,-0.125,1.0,-1.0999979999999994
SWE,2022,3.3717720623281195,20.6,2.4464285,87.5,65.5,-0.07842981713478148,0.0,-0.125,,
SWE,2023,3.168336740620127,20.6,2.3214285,87.900002,65.199997,0.015244501538120403,0.0,,,
SWE,2024,3.1821554058309007,20.6,2.3214285,88.0,65.900002,-0.42023338269125654,,,,
SWE,2025,,20.6,2.3214285,,,,,,,
SWE,2026,,20.6,,,,,,,,
SWZ,2000,,30.0,,,,,0.0,,,
SWZ,2001,,30.0,,,,,0.0,,,
SWZ,2002,,30.0,,,,,0.0,,,
SWZ,2003,,30.0,,,,,0.0,,,
SWZ,2004,,30.0,,,,,0.0,,,
SWZ,2005,,30.0,,,,,0.0,,,
SWZ,2006,,30.0,,,,,0.0,,,
SWZ,2007,,30.0,,,,,0.0,,,
SWZ,2008,,30.0,,,,,0.0,,,
SWZ,2009,,30.0,,,,,0.0,,,
SWZ,2010,,30.0,,,,,0.0,,,
SWZ,2011,,30.0,,,,,-2.5,,,
SWZ,2012,,30.0,,,,,-2.5,,,
SWZ,2013,,30.0,,,,,-2.5,,,
SWZ,2014,,27.5,,,,,0.0,,,
SWZ,2015,,27.5,,,,,0.0,,,
SWZ,2016,,27.5,,,,,0.0,,,
SWZ,2017,,27.5,,,,,0.0,,,
SWZ,2018,,27.5,,,,,0.0,,,
SWZ,2019,,27.5,,,,,0.0,,,
SWZ,2020,,27.5,,,,,0.0,,,
SWZ,2021,,27.5,,,,,0.0,,,
SWZ,2022,,27.5,,,,,-2.5,,,
SWZ,2023,,27.5,,,,,-2.5,,,
SWZ,2024,,27.5,,,,,,,,
SWZ,2025,,25.0,,,,,,,,
SWZ,2026,,25.0,,,,,,,,
SYC,2000,,40.0,,,,,0.0,,,
SYC,2001,,40.0,,,,,0.0,,,
SYC,2002,,40.0,,,,,0.0,,,
SYC,2003,,40.0,,,,,0.0,,,
SYC,2004,,40.0,,,,,0.0,,,
SYC,2005,,40.0,,,,,0.0,,,
SYC,2006,,40.0,,,,,0.0,,,
SYC,2007,,40.0,,,,,-7.0,,,
SYC,2008,,40.0,,,,,-7.0,,,
SYC,2009,,40.0,,,,,-7.0,,,
SYC,2010,,33.0,,,,,-3.0,,,
SYC,2011,,33.0,,,,,-3.0,,,
SYC,2012,,33.0,,,,,-3.0,,,
SYC,2013,,30.0,,,,,0.0,,,
SYC,2014,,30.0,,,,,0.0,,,
SYC,2015,,30.0,,,,,0.0,,,
SYC,2016,,30.0,,,,,0.0,,,
SYC,2017,,30.0,,,,,0.0,,,
SYC,2018,,30.0,,,,,0.0,,,
SYC,2019,,30.0,,,,,-5.0,,,
SYC,2020,,30.0,,,,,-5.0,,,
SYC,2021,,30.0,,,,,-5.0,,,
SYC,2022,,25.0,,,,,0.0,,,
SYC,2023,,25.0,,,,,0.0,,,
SYC,2024,,25.0,,,,,,,,
SYC,2025,,25.0,,,,,,,,
SYC,2026,,25.0,,,,,,,,
TCA,2000,,0.0,,,,,0.0,,,
TCA,2001,,0.0,,,,,0.0,,,
TCA,2002,,0.0,,,,,0.0,,,
TCA,2003,,0.0,,,,,0.0,,,
TCA,2004,,0.0,,,,,0.0,,,
TCA,2005,,0.0,,,,,0.0,,,
TCA,2006,,0.0,,,,,0.0,,,
TCA,2007,,0.0,,,,,0.0,,,
TCA,2008,,0.0,,,,,0.0,,,
TCA,2009,,0.0,,,,,0.0,,,
TCA,2010,,0.0,,,,,0.0,,,
TCA,2011,,0.0,,,,,0.0,,,
TCA,2012,,0.0,,,,,0.0,,,
TCA,2013,,0.0,,,,,0.0,,,
TCA,2014,,0.0,,,,,0.0,,,
TCA,2015,,0.0,,,,,0.0,,,
TCA,2016,,0.0,,,,,0.0,,,
TCA,2017,,0.0,,,,,0.0,,,
TCA,2018,,0.0,,,,,0.0,,,
TCA,2019,,0.0,,,,,0.0,,,
TCA,2020,,0.0,,,,,0.0,,,
TCA,2021,,0.0,,,,,0.0,,,
TCA,2022,,0.0,,,,,0.0,,,
TCA,2023,,0.0,,,,,0.0,,,
TCA,2024,,0.0,,,,,,,,
TCA,2025,,0.0,,,,,,,,
TCA,2026,,0.0,,,,,,,,
TGO,2000,,0.0,,,,,0.0,,,
TGO,2001,,0.0,,,,,0.0,,,
TGO,2002,,0.0,,,,,0.0,,,
TGO,2003,,0.0,,,,,0.0,,,
TGO,2004,,0.0,,,,,0.0,,,
TGO,2005,,0.0,,,,,0.0,,,
TGO,2006,,0.0,,,,,0.0,,,
TGO,2007,,0.0,,,,,0.0,,,
TGO,2008,,0.0,,,,,0.0,,,
TGO,2009,,0.0,,,,,0.0,,,
TGO,2010,,0.0,,,,,0.0,,,
TGO,2011,,0.0,,,,,0.0,,,
TGO,2012,,0.0,,,,,29.0,,,
TGO,2013,,0.0,,,,,29.0,,,
TGO,2014,,0.0,,,,,29.0,,,
TGO,2015,,29.0,,,,,-1.0,,,
TGO,2016,,29.0,,,,,-1.0,,,
TGO,2017,,29.0,,,,,-2.0,,,
TGO,2018,,28.0,,,,,-1.0,,,
TGO,2019,,28.0,,,,,-1.0,,,
TGO,2020,,27.0,,,,,0.0,,,
TGO,2021,,27.0,,,,,0.0,,,
TGO,2022,,27.0,,,,,0.0,,,
TGO,2023,,27.0,,,,,0.0,,,
TGO,2024,,27.0,,,,,,,,
TGO,2025,,27.0,,,,,,,,
TGO,2026,,27.0,,,,,,,,
THA,2000,,30.0,,,,,0.0,,,
THA,2001,,30.0,,,,,0.0,,,
THA,2002,,30.0,,,,,0.0,,,
THA,2003,,30.0,,,,,0.0,,,
THA,2004,,30.0,,,,,0.0,,,
THA,2005,,30.0,,,,,0.0,,,
THA,2006,,30.0,,,,,0.0,,,
THA,2007,,30.0,,,,,0.0,,,
THA,2008,,30.0,,,,,0.0,,,
THA,2009,,30.0,,,,,-7.0,,,
THA,2010,,30.0,,,,,-10.0,,,
THA,2011,,30.0,2.920635,,,,-10.0,0.0,,
THA,2012,,23.0,2.920635,,,,-3.0,,,
THA,2013,,20.0,2.920635,,,,0.0,,,
THA,2014,,20.0,2.920635,,,,0.0,,,
THA,2015,,20.0,,,,,0.0,,,
THA,2016,,20.0,,,,,0.0,,,
THA,2017,,20.0,,,,,0.0,,,
THA,2018,,20.0,,,,,0.0,,,
THA,2019,,20.0,,,,,0.0,,,
THA,2020,,20.0,,,,,0.0,,,
THA,2021,,20.0,,,,,0.0,,,
THA,2022,,20.0,,,,,0.0,,,
THA,2023,,20.0,,,,,0.0,,,
THA,2024,,20.0,,,,,,,,
THA,2025,,20.0,,,,,,,,
THA,2026,,20.0,,,,,,,,
TTO,2000,,35.0,,,,,0.0,,,
TTO,2001,,35.0,,,,,0.0,,,
TTO,2002,,35.0,,,,,0.0,,,
TTO,2003,,35.0,,,,,0.0,,,
TTO,2004,,35.0,,,,,-5.0,,,
TTO,2005,,35.0,,,,,-5.0,,,
TTO,2006,,35.0,,,,,-5.0,,,
TTO,2007,,30.0,,,,,0.0,,,
TTO,2008,,30.0,,,,,0.0,,,
TTO,2009,,30.0,,,,,0.0,,,
TTO,2010,,30.0,,,,,0.0,,,
TTO,2011,,30.0,,,,,-5.0,,,
TTO,2012,,30.0,,,,,-5.0,,,
TTO,2013,,30.0,,,,,-5.0,,,
TTO,2014,,25.0,,,,,5.0,,,
TTO,2015,,25.0,,,,,5.0,,,
TTO,2016,,25.0,,,,,5.0,,,
TTO,2017,,30.0,,,,,0.0,,,
TTO,2018,,30.0,,,,,0.0,,,
TTO,2019,,30.0,,,,,0.0,,,
TTO,2020,,30.0,,,,,0.0,,,
TTO,2021,,30.0,,,,,0.0,,,
TTO,2022,,30.0,,,,,0.0,,,
TTO,2023,,30.0,,,,,0.0,,,
TTO,2024,,30.0,,,,,,,,
TTO,2025,,30.0,,,,,,,,
TTO,2026,,30.0,,,,,,,,
TUN,2000,,33.0,,,,,0.0,,,
TUN,2001,,33.0,,,,,0.0,,,
TUN,2002,,33.0,,,,,2.0,,,
TUN,2003,,33.0,,,,,2.0,,,
TUN,2004,,33.0,,,,,-3.0,,,
TUN,2005,,35.0,,,,,-5.0,,,
TUN,2006,,35.0,,,,,-5.0,,,
TUN,2007,,30.0,,,,,0.0,,,
TUN,2008,,30.0,,,,,0.0,,,
TUN,2009,,30.0,,,,,0.0,,,
TUN,2010,,30.0,,,,,0.0,,,
TUN,2011,,30.0,,,,,-5.0,,,
TUN,2012,,30.0,,,,,-5.0,,,
TUN,2013,,30.0,2.5436509,,,,-5.0,,,
TUN,2014,,25.0,,,,,0.0,,,
TUN,2015,,25.0,,,,,0.0,,,
TUN,2016,,25.0,,,,,0.0,,,
TUN,2017,,25.0,,,,,0.0,,,
TUN,2018,,25.0,,,,,-10.0,,,
TUN,2019,,25.0,,,,,-10.0,,,
TUN,2020,,25.0,,,,,-10.0,,,
TUN,2021,,15.0,,,,,0.0,,,
TUN,2022,,15.0,,,,,5.0,,,
TUN,2023,,15.0,,,,,5.0,,,
TUN,2024,,15.0,,,,,,,,
TUN,2025,,20.0,,,,,,,,
TUN,2026,,20.0,,,,,,,,
TUR,1960,,,,,13.4,,,,,-1.0999999999999996
TUR,1961,,,,,13.4,,,,,-0.09999999999999964
TUR,1962,,,,,12.8,,,,,0.5
TUR,1963,,,,,12.3,,,,,0.7999999999999989
TUR,1964,,,,,13.3,,,,,15.499998999999999
TUR,1965,,,,,13.3,,,,,19.600002
TUR,1966,,,,,13.1,,,,,21.9
TUR,1967,,,,,28.799999,,,,,
TUR,1968,,,,,32.900002,,,,,
TUR,1969,,,,,35.0,,,,,
TUR,1975,,,,,40.400002,,,,,-5.200001
TUR,1978,,,,,35.200001,,,,,
TUR,1980,,,,17.200001,,,,,15.5,
TUR,1981,,,,16.700001,,,,,4.199998999999998,
TUR,1982,,,,26.9,,,,,-8.299999999999997,
TUR,1983,,,,32.700001,,,,,-5.600000999999999,
TUR,1984,,,,20.9,21.0,,,,8.800001000000002,9.200001
TUR,1985,,,,18.6,18.700001,,,,10.299999999999997,10.599998
TUR,1986,,,,27.1,27.5,,,,1.100000999999999,0.7999989999999997
TUR,1987,,,,29.700001,30.200001,,,,-4.600000999999999,-4.900002000000001
TUR,1988,,,,28.9,29.299999,,,,-2.8999999999999986,-3.2999989999999997
TUR,1989,,,,28.200001,28.299999,,,,-1.600000999999999,-1.6999989999999983
TUR,1990,,,3.0595238,25.1,25.299999,,,0.0,1.100000999999999,0.6000009999999989
TUR,1991,,,3.0595238,26.0,26.0,,,0.0,-3.5,-3.2999989999999997
TUR,1992,,,3.0595238,26.6,26.6,,,0.0,-9.200000000000003,-8.899999000000001
TUR,1993,,,3.0595238,26.200001,25.9,,,0.0,-10.200001,-9.399999999999999
TUR,1994,,,3.0595238,22.5,22.700001,,,0.0,-4.899999999999999,-4.300001000000002
TUR,1995,,,3.0595238,17.4,17.700001,,,0.0,-1.5999999999999979,-1.3000010000000017
TUR,1996,,,3.0595238,16.0,16.5,,,0.0,-2.5,-2.5
TUR,1997,,,3.0595238,17.6,18.4,,,0.0,-5.000000000000002,-5.299999999999999
TUR,1998,,,3.0595238,15.8,16.4,,,0.0,-3.1000000000000014,-3.299999999999999
TUR,1999,,,3.0595238,13.5,14.0,,,0.0,-1.5,-1.5
TUR,2000,,33.0,3.0595238,12.6,13.1,,-3.0,0.0,-1.299999999999999,-1.299999999999999
TUR,2001,,33.0,3.0595238,12.7,13.1,,0.0,-0.08333320000000022,-1.799999999999999,-1.6999999999999993
TUR,2002,,33.0,3.0595238,12.0,12.5,,-3.0,-0.08333320000000022,-1.8000000000000007,-1.6999999999999993
TUR,2003,,30.0,3.0595238,11.3,11.8,,-10.0,-0.08333320000000022,-1.9999998000000012,-1.9000004000000015
TUR,2004,,33.0,2.9761906,10.9,11.4,,-13.0,0.0,-2.7999995999999996,-2.599999800000001
TUR,2005,,30.0,2.9761906,10.2,10.8,,-10.0,0.0,-3.100000099999999,-3.100000200000001
TUR,2006,,20.0,2.9761906,9.3000002,9.8999996,,0.0,0.0,-2.1000004,-2.1999997999999996
TUR,2007,,20.0,2.9761906,8.1000004,8.8000002,,0.0,0.0,-1.0000005000000005,-1.1000003999999999
TUR,2008,,20.0,2.9761906,7.0999999,7.6999998,,0.0,0.0,-0.29999969999999987,-0.19999979999999962
TUR,2009,72.98167680728136,20.0,2.9761906,7.1999998,7.6999998,,0.0,0.0,-1.0999998999999994,-1.0999998999999994
TUR,2010,63.17521131362482,20.0,2.9761906,7.0999999,7.6999998,,0.0,0.0,2.0000005000000005,-1.3999995999999992
TUR,2011,55.82021131727942,20.0,2.9761906,6.8000002,7.5,,0.0,0.0,2.3999996,-0.5999999000000003
TUR,2012,45.65752114201758,20.0,2.9761906,6.0999999,6.5999999,,0.0,0.0,3.5999999000000003,1.4000000999999997
TUR,2013,40.55361385098362,20.0,2.9761906,9.1000004,6.3000002,,0.0,0.0,1.0999995999999985,1.8999996000000001
TUR,2014,34.69291027828389,20.0,2.9761906,9.1999998,6.9000001,-38.28876652899747,0.0,0.0,2.500000199999999,1.700000300000001
TUR,2015,29.985388164499525,20.0,2.9761906,9.6999998,8.0,-33.189823149125296,2.0,0.0,-0.1999998000000005,1.1999998000000005
TUR,2016,23.69245760028153,20.0,2.9761906,10.2,8.1999998,-32.127753716997894,2.0,0.0,2.0,1.6999997999999987
TUR,2017,24.807848225986724,20.0,2.9761906,11.7,8.6000004,-20.849672916030855,2.0,0.0,0.10000000000000142,1.7999995999999996
TUR,2018,23.495803935046826,22.0,2.9761906,9.5,9.1999998,-17.057809915936797,3.0,3.0238094,4.4,1.3000001999999995
TUR,2019,20.8101612367371,22.0,2.9761906,12.2,9.8999996,-13.882749041546791,1.0,0.0,-0.29999999999999893,0.6000004000000008
TUR,2020,21.052743587339247,22.0,2.9761906,11.8,10.4,-8.932644577160278,3.0,0.0,3.1999999999999993,0.29999999999999893
TUR,2021,23.240119407310992,25.0,6.0,13.9,10.5,-0.45233819297053657,0.0,-3.0238094,-1.200000000000001,0.40000000000000036
TUR,2022,22.487952932773002,23.0,2.9761906,11.9,10.5,-2.3198952932137225,2.0,0.0,,
TUR,2023,16.400698031296734,25.0,2.9761906,15.0,10.7,-7.095105903750092,,,,
TUR,2024,13.604416093733281,25.0,2.9761906,12.7,10.9,-7.205745143003817,,,,
TUR,2025,,25.0,2.9761906,,,,,,,
UKR,2000,,30.0,,,,,5.0,,,
UKR,2001,,30.0,,,,,0.0,,,
UKR,2002,,35.0,,,,,-5.0,,,
UKR,2003,,35.0,,,,,-5.0,,,
UKR,2004,,30.0,,,,,0.0,,,
UKR,2005,,30.0,,,,,-5.0,,,
UKR,2006,,30.0,,,,,-5.0,,,
UKR,2007,,30.0,,,,,-5.0,,,
UKR,2008,,25.0,,,,,-2.0,,,
UKR,2009,,25.0,,,,,-4.0,,,
UKR,2010,,25.0,,,,,0.0,,,
UKR,2011,,23.0,,,,,-5.0,,,
UKR,2012,,21.0,,,,,-3.0,,,
UKR,2013,,25.0,,,,,-7.0,,,
UKR,2014,,18.0,,,,,0.0,,,
UKR,2015,,18.0,,,,,0.0,,,
UKR,2016,,18.0,,,,,0.0,,,
UKR,2017,,18.0,,,,,0.0,,,
UKR,2018,,18.0,,,,,0.0,,,
UKR,2019,,18.0,,,,,0.0,,,
UKR,2020,,18.0,,,,,0.0,,,
UKR,2021,,18.0,,,,,0.0,,,
UKR,2022,,18.0,,,,,0.0,,,
UKR,2023,,18.0,,,,,0.0,,,
UKR,2024,,18.0,,,,,,,,
UKR,2025,,18.0,,,,,,,,
UKR,2026,,18.0,,,,,,,,
URY,2000,,30.0,,,,,5.0,,,
URY,2001,,30.0,,,,,0.0,,,
URY,2002,,35.0,,,,,-5.0,,,
URY,2003,,35.0,,,,,-5.0,,,
URY,2004,,30.0,,,,,0.0,,,
URY,2005,,30.0,,,,,-5.0,,,
URY,2006,,30.0,,,,,-5.0,,,
URY,2007,,30.0,,,,,-5.0,,,
URY,2008,,25.0,,,,,0.0,,,
URY,2009,,25.0,,,,,0.0,,,
URY,2010,,25.0,,,,,0.0,,,
URY,2011,,25.0,,,,,0.0,,,
URY,2012,,25.0,,,,,0.0,,,
URY,2013,,25.0,,,,,0.0,,,
URY,2014,,25.0,1.1349206,,,,0.0,0.0,,
URY,2015,,25.0,1.1349206,,,,0.0,0.0,,
URY,2016,,25.0,1.1349206,,,,0.0,0.0,,
URY,2017,,25.0,1.1349206,,,,0.0,,,
URY,2018,,25.0,1.1349206,,,,0.0,,,
URY,2019,,25.0,1.1349206,,,,0.0,,,
URY,2020,,25.0,,,,,0.0,,,
URY,2021,,25.0,,,,,0.0,,,
URY,2022,,25.0,,,,,0.0,,,
URY,2023,,25.0,,,,,0.0,,,
URY,2024,,25.0,,,,,,,,
URY,2025,,25.0,,,,,,,,
URY,2026,,25.0,,,,,,,,
USA,1960,4.184061394298694,,,34.0,30.9,,,,-1.2000010000000003,-2.3999999999999986
USA,1961,4.249445614973776,,,33.599998,29.5,,,,-1.1999959999999987,-1.2000010000000003
USA,1962,4.635217596933059,,,33.200001,29.299999,,,,-1.2000010000000003,-1.0999979999999994
USA,1963,4.969903537261286,,,32.799999,28.5,,,,-1.1999989999999983,-0.2999989999999997
USA,1964,5.330058561625658,,,32.400002,28.299999,,,,-1.2000010000000003,-0.5
USA,1965,5.888406031302395,,,32.0,28.200001,1.7043446370037012,,,-1.2000010000000003,-0.30000100000000174
USA,1966,5.992110175033595,,,31.6,28.200001,1.7426645600598194,,,-1.2000000000000028,-0.9000020000000006
USA,1967,5.597558021335796,,,31.200001,27.799999,0.9623404244027363,,,-1.2000010000000003,-0.3999990000000011
USA,1968,5.6549900783082645,,,30.799999,27.9,0.6850865410469789,,,-1.5,-1.0
USA,1969,5.318697105437672,,,30.4,27.299999,-0.011361456187986008,,,-1.8999999999999986,-1.0
USA,1970,4.686332186238352,,,30.0,27.4,-1.2020738450640431,,,-2.2000010000000003,-1.600000999999999
USA,1971,4.784250968273874,,,29.299999,26.9,-1.2078592067597214,,,-2.2999989999999997,-1.1999989999999983
USA,1972,5.1009220417126455,,,28.5,26.299999,-0.4966359796231501,,,-2.5,-1.0
USA,1973,5.3801860425865256,,,27.799999,25.799999,-0.27480403572173895,,,-1.7999989999999997,-1.399999000000001
USA,1974,4.712162505925365,,,27.0,25.700001,-0.6065345995123073,,,-0.8999999999999986,-2.100000999999999
USA,1975,4.613623633642313,,,26.0,25.299999,-0.0727085525960387,,,-0.5,-2.0999979999999994
USA,1976,4.955848166199765,,,26.0,24.4,0.171597197925891,,,0.7000010000000003,-2.0
USA,1977,5.1036199756541425,,,26.1,23.6,0.002697933941496977,,,-0.6000000000000014,-1.5
USA,1978,5.297091546875459,,,25.5,23.200001,-0.08309449571106686,,,-1.5,
USA,1979,4.979287464497615,,,26.700001,22.4,0.26712495857224994,,,,
USA,1980,4.395548895921738,,,25.5,22.1,-0.21807473772057495,,,-2.2000010000000003,-2.0
USA,1981,4.645192744463339,,,24.0,,-0.3106554217364259,,,-2.3999999999999986,
USA,1982,4.309257432905449,,,,,-0.7943625427486936,,,,
USA,1983,4.727631412904197,,,23.299999,20.1,-0.5694601339712619,,,-3.399999000000001,-2.6000000000000014
USA,1984,5.638053589911848,,,21.6,18.799999,0.6587661254142327,,,-2.399999000000001,-1.7999989999999997
USA,1985,5.773055118786476,,0.09333333,20.5,18.0,1.3775062228647377,,0.0,-1.5,-1.2000010000000003
USA,1986,5.448364627362004,,0.09333333,19.9,17.5,0.8031718828986651,,0.0,-1.2999999999999972,-1.1000000000000014
USA,1987,5.560506974047276,,0.09333333,19.200001,17.0,1.251249541141827,,0.0,-1.0,-1.0
USA,1988,5.883994307525447,,0.09333333,19.0,16.799999,1.1563628946212505,,0.0,-0.8999999999999986,-0.7999989999999997
USA,1989,5.927594713081465,,0.09333333,18.6,16.4,0.28954112316961744,,0.0,-0.8999990000000011,-0.6999999999999993
USA,1990,5.664561217275342,,0.09333333,18.200001,16.0,-0.10849390151113436,,0.0,-0.6000009999999989,-0.3000000000000007
USA,1991,5.414915104602924,,0.09333333,18.1,16.0,-0.03344952275907964,,0.0,-0.6000000000000014,-0.5
USA,1992,5.662527856604225,,0.09333333,17.700001,15.7,0.10202088255694886,,0.0,-1.0,-0.7999999999999989
USA,1993,5.836377159208071,,0.09333333,17.6,15.7,-0.04761714831737596,,0.0,-1.399999000000001,-1.1999999999999993
USA,1994,6.373248278888406,,0.09333333,17.5,15.5,0.44565356580694093,,0.0,-1.9000000000000004,-1.4000000000000004
USA,1995,6.710899140035955,,0.09333333,16.700001,14.9,1.046337922760613,,0.0,-1.300001,-1.0
USA,1996,7.293750113545899,,0.09333333,16.200001,14.5,1.8788350089429748,,0.0,-0.9000009999999996,-0.5999999999999996
USA,1997,7.7493587485817725,,0.09333333,15.6,14.1,2.086830891977548,,0.0,-0.6999999999999993,-0.6999999999999993
USA,1998,7.886932331401211,,0.09333333,15.4,13.9,2.05055517219314,,0.0,-0.7000000000000011,-0.5999999999999996
USA,1999,7.946087615185507,,0.09333333,15.3,13.9,1.5728393362971014,,0.0,-0.8000000000000007,-0.5999999999999996
USA,2000,7.813820400581507,39.34,0.09333333,14.9,13.4,1.1029212605455525,-0.0175000000000054,0.0,-0.5999999999999996,-0.5
USA,2001,7.718253848241812,39.2705,0.09333333,14.7,13.3,0.4245037346959126,0.04550000000000409,0.0,-0.8999999999999986,-0.8000000000000007
USA,2002,7.882080322434806,39.2965,0.09333333,14.5,13.3,0.13272157385303363,-0.006500000000002615,0.0,-0.8000000000000007,-0.8000000000000007
USA,2003,8.03095667010449,39.3225,0.09333333,14.3,12.9,0.14402433870327958,-0.01950000000000074,0.0,-1.200000000000001,-0.9000000000000004
USA,2004,8.261946795599677,39.316,0.09333333,13.8,12.5,0.3158591804141695,-0.04550000000000409,0.0,-0.5,-0.40000000000000036
USA,2005,8.545748683100111,39.29,0.09333333,13.7,12.5,0.731928282518604,-0.03900000000000148,0.0,0.0,-0.09999999999999964
USA,2006,8.797046046034303,39.303,0.09333333,13.1,12.0,1.0787921977924917,-0.14300000000000068,0.0,0.5,0.3000000000000007
USA,2007,7.965542711776714,39.2705,0.09333333,13.3,12.1,0.08346238934190797,-0.06499999999999773,0.0,-0.20000000000000107,-0.1999999999999993
USA,2008,7.191428807019571,39.251,0.09333333,13.7,12.4,-0.8395278630849194,-0.05849999999999511,0.0,-0.6999999999999993,-0.5999999999999996
USA,2009,7.268098432418553,39.16,0.09333333,13.6,12.3,-0.9938483631811241,-0.02599999999999625,0.0,-1.0999999999999996,-1.0
USA,2010,8.551623688725101,39.2055,0.09333333,13.1,11.9,0.005875005624989882,-0.1559999999999988,0.0,-0.6999999999999993,-0.5999999999999996
USA,2011,8.931596056406226,39.1925,0.09333333,13.0,11.8,0.13455001037192282,-0.11700000000000443,0.0,-0.6999999999999993,-0.7000000000000011
USA,2012,9.419075417978108,39.134,0.09333333,12.5,11.3,1.4535327062013943,-0.13649999999999807,0.0,-0.1999999999999993,-0.20000000000000107
USA,2013,9.32630282295525,39.0495,0.09333333,12.4,11.3,2.1348740159356794,-0.12556599999999918,0.0,-0.40000000000000036,-0.6000000000000014
USA,2014,9.452756086331048,39.0755,0.09333333,12.3,11.1,2.1846576539124953,-0.16902599999999524,0.0,-0.40000000000000036,-0.40000000000000036
USA,2015,9.19133648522915,38.9975,0.09333333,12.3,11.1,0.6397127965040497,-13.158920000000002,0.0,-0.6000000000000014,-0.5999999999999996
USA,2016,8.858373645939935,38.923934,0.09333333,12.0,10.7,-0.07322241046629152,-13.037793000000004,0.0,-0.40000000000000036,-0.3999999999999986
USA,2017,8.772422582511362,38.906474,0.09333333,11.9,10.7,-0.646652835466746,-13.139903000000004,0.0,0.1999999999999993,0.10000000000000142
USA,2018,8.903419503935183,25.83858,0.09333333,11.7,10.5,-0.4228833190200678,-0.08401200000000131,0.0,-0.09999999999999964,-0.1999999999999993
USA,2019,8.896966111837596,25.886141,0.09333333,11.6,10.3,-0.555789974493452,-0.07805600000000013,0.0,-0.29999999999999893,-0.20000000000000107
USA,2020,8.790457968812436,25.766571,0.09333333,12.1,10.8,-0.40087851641671435,0.0013640000000023633,0.0,-0.9000000000000004,-0.8000000000000007
USA,2021,9.909274520591111,25.754568,0.09333333,11.6,10.3,1.0509008746511768,-0.12319300000000055,0.0,-0.5,-0.4000004000000015
USA,2022,9.640144929398144,25.808085,0.09333333,11.3,10.1,0.8677223468867812,-0.23837099999999722,0.0,,
USA,2023,9.675796335924627,25.767935,0.09333333,11.2,10.0,0.772376831989444,-0.2394350000000003,,,
USA,2024,9.779499502799535,25.631375,0.09333333,11.1,9.8999996,0.8825333909619388,,,,
USA,2025,,25.569714,0.09333333,,,,,,,
USA,2026,,25.5285,,,,,,,,
UZB,2000,,33.0,,,,,0.0,,,
UZB,2001,,33.0,,,,,-13.0,,,
UZB,2002,,33.0,,,,,-15.0,,,
UZB,2003,,33.0,,,,,-18.0,,,
UZB,2004,,20.0,,,,,-10.0,,,
UZB,2005,,18.0,,,,,-8.0,,,
UZB,2006,,15.0,,,,,-5.0,,,
UZB,2007,,10.0,,,,,-1.0,,,
UZB,2008,,10.0,,,,,-1.0,,,
UZB,2009,,10.0,,,,,-1.0,,,
UZB,2010,,9.0,,,,,0.0,,,
UZB,2011,,9.0,,,,,-1.0,,,
UZB,2012,,9.0,,,,,-1.5,,,
UZB,2013,,9.0,,,,,-1.5,,,
UZB,2014,,8.0,,,,,-0.5,,,
UZB,2015,,7.5,,,,,6.5,,,
UZB,2016,,7.5,,,,,4.5,,,
UZB,2017,,7.5,,,,,7.5,,,
UZB,2018,,14.0,,,,,1.0,,,
UZB,2019,,12.0,,,,,3.0,,,
UZB,2020,,15.0,,,,,0.0,,,
UZB,2021,,15.0,,,,,0.0,,,
UZB,2022,,15.0,,,,,0.0,,,
UZB,2023,,15.0,,,,,0.0,,,
UZB,2024,,15.0,,,,,,,,
UZB,2025,,15.0,,,,,,,,
UZB,2026,,15.0,,,,,,,,
VCT,2000,,40.0,,,,,0.0,,,
VCT,2001,,40.0,,,,,0.0,,,
VCT,2002,,40.0,,,,,0.0,,,
VCT,2003,,40.0,,,,,0.0,,,
VCT,2004,,40.0,,,,,-2.5,,,
VCT,2005,,40.0,,,,,-5.0,,,
VCT,2006,,40.0,,,,,-7.5,,,
VCT,2007,,37.5,,,,,-5.0,,,
VCT,2008,,35.0,,,,,-2.5,,,
VCT,2009,,32.5,,,,,0.0,,,
VCT,2010,,32.5,,,,,0.0,,,
VCT,2011,,32.5,,,,,0.0,,,
VCT,2012,,32.5,,,,,0.0,,,
VCT,2013,,32.5,,,,,0.0,,,
VCT,2014,,32.5,,,,,0.0,,,
VCT,2015,,32.5,,,,,-2.5,,,
VCT,2016,,32.5,,,,,-2.5,,,
VCT,2017,,32.5,,,,,-2.5,,,
VCT,2018,,30.0,,,,,0.0,,,
VCT,2019,,30.0,,,,,0.0,,,
VCT,2020,,30.0,,,,,-2.0,,,
VCT,2021,,30.0,,,,,-2.0,,,
VCT,2022,,30.0,,,,,-2.0,,,
VCT,2023,,28.0,,,,,0.0,,,
VCT,2024,,28.0,,,,,,,,
VCT,2025,,28.0,,,,,,,,
VCT,2026,,28.0,,,,,,,,
VEN,2014,,,3.5,,,,,,,
VGB,2000,,15.0,,,,,0.0,,,
VGB,2001,,15.0,,,,,0.0,,,
VGB,2002,,15.0,,,,,-15.0,,,
VGB,2003,,15.0,,,,,-15.0,,,
VGB,2004,,15.0,,,,,-15.0,,,
VGB,2005,,0.0,,,,,0.0,,,
VGB,2006,,0.0,,,,,0.0,,,
VGB,2007,,0.0,,,,,0.0,,,
VGB,2008,,0.0,,,,,0.0,,,
VGB,2009,,0.0,,,,,0.0,,,
VGB,2010,,0.0,,,,,0.0,,,
VGB,2011,,0.0,,,,,0.0,,,
VGB,2012,,0.0,,,,,0.0,,,
VGB,2013,,0.0,,,,,0.0,,,
VGB,2014,,0.0,,,,,0.0,,,
VGB,2015,,0.0,,,,,0.0,,,
VGB,2016,,0.0,,,,,0.0,,,
VGB,2017,,0.0,,,,,0.0,,,
VGB,2018,,0.0,,,,,0.0,,,
VGB,2019,,0.0,,,,,0.0,,,
VGB,2020,,0.0,,,,,0.0,,,
VGB,2021,,0.0,,,,,0.0,,,
VGB,2022,,0.0,,,,,0.0,,,
VGB,2023,,0.0,,,,,0.0,,,
VGB,2024,,0.0,,,,,,,,
VGB,2025,,0.0,,,,,,,,
VGB,2026,,0.0,,,,,,,,
VNM,2000,,32.5,,,,,-0.5,,,
VNM,2001,,32.0,,,,,-4.0,,,
VNM,2002,,32.0,,,,,-4.0,,,
VNM,2003,,32.0,,,,,-4.0,,,
VNM,2004,,28.0,,,,,0.0,,,
VNM,2005,,28.0,,,,,0.0,,,
VNM,2006,,28.0,,,,,-3.0,,,
VNM,2007,,28.0,,,,,-3.0,,,
VNM,2008,,28.0,,,,,-3.0,,,
VNM,2009,,25.0,,,,,0.0,,,
VNM,2010,,25.0,,,,,0.0,,,
VNM,2011,,25.0,,,,,-3.0,,,
VNM,2012,,25.0,,,,,-3.0,,,
VNM,2013,,25.0,,,,,-3.0,,,
VNM,2014,,22.0,,,,,-2.0,,,
VNM,2015,,22.0,,,,,-2.0,,,
VNM,2016,,22.0,,,,,-2.0,,,
VNM,2017,,20.0,,,,,0.0,,,
VNM,2018,,20.0,,,,,0.0,,,
VNM,2019,,20.0,,,,,0.0,,,
VNM,2020,,20.0,,,,,0.0,,,
VNM,2021,,20.0,,,,,0.0,,,
VNM,2022,,20.0,,,,,0.0,,,
VNM,2023,,20.0,,,,,0.0,,,
VNM,2024,,20.0,,,,,,,,
VNM,2025,,20.0,,,,,,,,
VNM,2026,,20.0,,,,,,,,
WSM,2000,,29.0,,,,,0.0,,,
WSM,2001,,29.0,,,,,0.0,,,
WSM,2002,,29.0,,,,,0.0,,,
WSM,2003,,29.0,,,,,0.0,,,
WSM,2004,,29.0,,,,,-2.0,,,
WSM,2005,,29.0,,,,,-2.0,,,
WSM,2006,,29.0,,,,,-2.0,,,
WSM,2007,,27.0,,,,,0.0,,,
WSM,2008,,27.0,,,,,0.0,,,
WSM,2009,,27.0,,,,,0.0,,,
WSM,2010,,27.0,,,,,0.0,,,
WSM,2011,,27.0,,,,,0.0,,,
WSM,2012,,27.0,,,,,0.0,,,
WSM,2013,,27.0,,,,,0.0,,,
WSM,2014,,27.0,,,,,0.0,,,
WSM,2015,,27.0,,,,,0.0,,,
WSM,2016,,27.0,,,,,0.0,,,
WSM,2017,,27.0,,,,,0.0,,,
WSM,2018,,27.0,,,,,0.0,,,
WSM,2019,,27.0,,,,,0.0,,,
WSM,2020,,27.0,,,,,0.0,,,
WSM,2021,,27.0,,,,,0.0,,,
WSM,2022,,27.0,,,,,0.0,,,
WSM,2023,,27.0,,,,,0.0,,,
WSM,2024,,27.0,,,,,,,,
WSM,2025,,27.0,,,,,,,,
WSM,2026,,27.0,,,,,,,,
XKV,2011,,,1.6666666,,,,,0.0,,
XKV,2012,,,1.6666666,,,,,,,
XKV,2013,,,1.6666666,,,,,,,
XKV,2014,,,1.6666666,,,,,,,
ZAF,2000,,30.0,,,,,0.0,,,
ZAF,2001,,30.0,,,,,0.0,,,
ZAF,2002,,30.0,,,,,-1.0,,,
ZAF,2003,,30.0,,,,,-1.0,,,
ZAF,2004,,30.0,,,,,-1.0,,,
ZAF,2005,,29.0,,,,,-1.0,,,
ZAF,2006,,29.0,,,,,-1.0,,,
ZAF,2007,,29.0,,,,,-1.0,,,
ZAF,2008,,28.0,2.15873,,,,0.0,0.0,,
ZAF,2009,,28.0,2.15873,,,,0.0,0.0,,
ZAF,2010,,28.0,2.15873,,,,0.0,,,
ZAF,2011,,28.0,2.15873,,,,0.0,,,
ZAF,2012,,28.0,2.15873,,,,0.0,,,
ZAF,2013,,28.0,,,,,0.0,,,
ZAF,2014,,28.0,,,,,0.0,,,
ZAF,2015,,28.0,,,,,0.0,,,
ZAF,2016,,28.0,,,,,0.0,,,
ZAF,2017,,28.0,,,,,0.0,,,
ZAF,2018,,28.0,,,,,0.0,,,
ZAF,2019,,28.0,,,,,0.0,,,
ZAF,2020,,28.0,,,,,-1.0,,,
ZAF,2021,,28.0,,,,,-1.0,,,
ZAF,2022,,28.0,,,,,-1.0,,,
ZAF,2023,,27.0,,,,,0.0,,,
ZAF,2024,,27.0,,,,,,,,
ZAF,2025,,27.0,,,,,,,,
ZAF,2026,,27.0,,,,,,,,
ZMB,2000,,35.0,,,,,0.0,,,
ZMB,2001,,35.0,,,,,0.0,,,
ZMB,2002,,35.0,,,,,0.0,,,
ZMB,2003,,35.0,,,,,0.0,,,
ZMB,2004,,35.0,,,,,0.0,,,
ZMB,2005,,35.0,,,,,0.0,,,
ZMB,2006,,35.0,,,,,0.0,,,
ZMB,2007,,35.0,,,,,0.0,,,
ZMB,2008,,35.0,,,,,0.0,,,
ZMB,2009,,35.0,,,,,0.0,,,
ZMB,2010,,35.0,,,,,0.0,,,
ZMB,2011,,35.0,,,,,0.0,,,
ZMB,2012,,35.0,,,,,0.0,,,
ZMB,2013,,35.0,,,,,0.0,,,
ZMB,2014,,35.0,,,,,0.0,,,
ZMB,2015,,35.0,,,,,0.0,,,
ZMB,2016,,35.0,,,,,0.0,,,
ZMB,2017,,35.0,,,,,0.0,,,
ZMB,2018,,35.0,,,,,0.0,,,
ZMB,2019,,35.0,,,,,-5.0,,,
ZMB,2020,,35.0,,,,,-5.0,,,
ZMB,2021,,35.0,,,,,-5.0,,,
ZMB,2022,,30.0,,,,,0.0,,,
ZMB,2023,,30.0,,,,,0.0,,,
ZMB,2024,,30.0,,,,,,,,
ZMB,2025,,30.0,,,,,,,,
ZMB,2026,,30.0,,,,,,,,
