country,year,setting,group,sigma,labour_mawd,adv_rank,adv_med,adv_best
AUT,2010,open,all,0.28299257574100206,0.14816230896681729,1.0,0.28689179624773886,0.0369503890704132
AUT,2010,open,labour_intensive,0.28299257574100206,0.13312435366911737,1.0,0.2442583553321944,0.0659105994560201
AUT,2010,open,capital_intensive,0.28299257574100206,0.14991723683774244,0.8709677419354839,0.13044953538658366,-0.06792105465191296
AUT,2010,closed_uniform,all,0.28299257574100206,0.14816230896681715,0.5806451612903225,0.0014613304829930729,-0.037168026927146436
AUT,2010,closed_uniform,labour_intensive,0.28299257574100206,0.13312435366911737,0.4516129032258065,-0.001567683867605224,-0.027396293675653938
AUT,2010,closed_uniform,capital_intensive,0.28299257574100206,0.14991723683774244,0.5483870967741935,0.0031212832280611558,-0.032093159715482655
AUT,2011,open,all,0.2760600156411464,0.14837331815611815,1.0,0.2857000886616543,0.0390788045738063
AUT,2011,open,labour_intensive,0.2760600156411464,0.1410604361846136,1.0,0.24515246495875487,0.06543433695376286
AUT,2011,open,capital_intensive,0.2760600156411464,0.14316971892629446,0.8709677419354839,0.10609294611462591,-0.06854994986409384
AUT,2011,closed_uniform,all,0.2760600156411464,0.14837331815611812,0.5161290322580645,0.0004625438997530318,-0.038982405051751476
AUT,2011,closed_uniform,labour_intensive,0.2760600156411464,0.1410604361846136,0.3709677419354839,-0.004779990782904364,-0.03207988284865744
AUT,2011,closed_uniform,capital_intensive,0.2760600156411464,0.14316971892629446,0.5,-9.485695619432244e-05,-0.03513477834479256
AUT,2012,open,all,0.27777130683326096,0.14002884319563405,1.0,0.29406306417744144,0.05035625392902554
AUT,2012,open,labour_intensive,0.27777130683326096,0.13278306254222655,1.0,0.2552377449313635,0.07826841294738257
AUT,2012,open,capital_intensive,0.27777130683326096,0.13351571821276673,0.9193548387096774,0.14341332794544967,-0.05725408453867763
AUT,2012,closed_uniform,all,0.27777130683326096,0.14002884319563405,0.5161290322580645,0.0015232165302943579,-0.031931088805322
AUT,2012,closed_uniform,labour_intensive,0.27777130683326096,0.13278306254222663,0.5161290322580645,0.00037447088336547973,-0.023070679087924845
AUT,2012,closed_uniform,capital_intensive,0.27777130683326096,0.1335157182127667,0.5161290322580645,0.0036115563673475293,-0.03438057378885899
AUT,2013,open,all,0.28060607311722086,0.139477421470938,1.0,0.2835826906795732,0.05028625974148446
AUT,2013,open,labour_intensive,0.28060607311722086,0.1268581835680624,1.0,0.2222238706953074,0.08404737082933453
AUT,2013,open,capital_intensive,0.28060607311722086,0.13203029281979317,0.935483870967742,0.1452000391394217,-0.0539781029753348
AUT,2013,closed_uniform,all,0.28060607311722086,0.139477421470938,0.5483870967741935,0.0036053020380024947,-0.036235037260956296
AUT,2013,closed_uniform,labour_intensive,0.28060607311722086,0.1268581835680624,0.5,0.001217338559315495,-0.022088877812312127
AUT,2013,closed_uniform,capital_intensive,0.28060607311722086,0.1320302928197932,0.564516129032258,0.0033372715290175547,-0.029658695757852488
AUT,2014,open,all,0.2850272057160731,0.13994298252583248,1.0,0.28600989731924875,0.043571536688888746
AUT,2014,open,labour_intensive,0.2850272057160731,0.1307898677223623,1.0,0.2379948293794971,0.07442694890988841
AUT,2014,open,capital_intensive,0.2850272057160731,0.13519567070094957,0.8870967741935484,0.12994115685996283,-0.04437623188297414
AUT,2014,closed_uniform,all,0.2850272057160731,0.13994298252583248,0.532258064516129,0.0017254498770582771,-0.03724100494957713
AUT,2014,closed_uniform,labour_intensive,0.2850272057160731,0.1307898677223623,0.3709677419354839,-0.0035883681095659203,-0.029325531595423587
AUT,2014,closed_uniform,capital_intensive,0.2850272057160731,0.13519567070094957,0.5967741935483871,0.007846913749411488,-0.03044280131380149
AUT,2015,open,all,0.2868180647696744,0.13841384210770769,1.0,0.27358200423042867,0.05244652249587281
AUT,2015,open,labour_intensive,0.2868180647696744,0.13090080909248794,1.0,0.22512701813378896,0.06571173993412455
AUT,2015,open,capital_intensive,0.2868180647696744,0.13309361439585524,0.9193548387096774,0.1393024320892308,-0.03281836154585979
AUT,2015,closed_uniform,all,0.2868180647696744,0.13841384210770769,0.532258064516129,0.0009791168925907534,-0.03539486349470568
AUT,2015,closed_uniform,labour_intensive,0.2868180647696744,0.1309008090924879,0.3709677419354839,-0.003484466367531913,-0.02708025691490687
AUT,2015,closed_uniform,capital_intensive,0.2868180647696744,0.13309361439585524,0.5483870967741935,0.0007729667493208969,-0.030996402447311375
AUT,2016,open,all,0.2924111346167137,0.14383833464969506,1.0,0.29325353716994784,0.05433186933177811
AUT,2016,open,labour_intensive,0.2924111346167137,0.1308052913812387,1.0,0.23232614796694123,0.0929022569690818
AUT,2016,open,capital_intensive,0.2924111346167137,0.13617597197608572,0.935483870967742,0.16533787935201488,-0.03493697908069565
AUT,2016,closed_uniform,all,0.2924111346167137,0.14383833464969495,0.5161290322580645,0.0005830765848666986,-0.03498613511413598
AUT,2016,closed_uniform,labour_intensive,0.2924111346167137,0.1308052913812387,0.3548387096774194,-0.004162027798306628,-0.031106112284345608
AUT,2016,closed_uniform,capital_intensive,0.2924111346167137,0.13617597197608572,0.564516129032258,0.007089713048184648,-0.03223164453730966
AUT,2017,open,all,0.28867493308743547,0.14061706938605656,1.0,0.2993915285648925,0.05522193612073831
AUT,2017,open,labour_intensive,0.28867493308743547,0.13014166016098064,1.0,0.23770031360238222,0.10134197304580159
AUT,2017,open,capital_intensive,0.28867493308743547,0.1291064987397125,0.9032258064516129,0.1324773493043134,-0.03906600250571887
AUT,2017,closed_uniform,all,0.28867493308743547,0.14061706938605656,0.5,-0.00016913254274497636,-0.035847625597203364
AUT,2017,closed_uniform,labour_intensive,0.28867493308743547,0.1301416601609806,0.33870967741935487,-0.0050597416731593126,-0.027685794469882896
AUT,2017,closed_uniform,capital_intensive,0.28867493308743547,0.1291064987397125,0.5967741935483871,0.007300930923272553,-0.02888658350204211
AUT,2018,open,all,0.2865284615749806,0.14397042298278678,1.0,0.2795144144457307,0.05682379652710076
AUT,2018,open,labour_intensive,0.2865284615749806,0.1419727428191091,1.0,0.21501160181939294,0.06076660106925896
AUT,2018,open,capital_intensive,0.2865284615749806,0.11991278130729784,0.935483870967742,0.13497065144990966,-0.032936049423116884
AUT,2018,closed_uniform,all,0.2865284615749806,0.14397042298278676,0.4838709677419355,-0.001111019035337446,-0.03861789608514049
AUT,2018,closed_uniform,labour_intensive,0.2865284615749806,0.1419727428191091,0.32258064516129037,-0.005337254207518738,-0.030108821863823104
AUT,2018,closed_uniform,capital_intensive,0.2865284615749806,0.11991278130729784,0.6129032258064516,0.006645378850399827,-0.026385230945681265
AUT,2019,open,all,0.28894510677226093,0.1387011430554324,1.0,0.28729059847511756,0.06866863541709345
AUT,2019,open,labour_intensive,0.28894510677226093,0.13465634707852223,1.0,0.21302011900650078,0.0651992482140733
AUT,2019,open,capital_intensive,0.28894510677226093,0.11613604876841048,0.967741935483871,0.15123605302189308,-0.031584823931737976
AUT,2019,closed_uniform,all,0.28894510677226093,0.1387011430554324,0.4838709677419355,-0.0006583955127775487,-0.03724705892924346
AUT,2019,closed_uniform,labour_intensive,0.28894510677226093,0.13465634707852214,0.3870967741935484,-0.0034577569152852983,-0.0255120494159064
AUT,2019,closed_uniform,capital_intensive,0.28894510677226093,0.11613604876841045,0.5806451612903225,0.01185164450446445,-0.0294461237881945
AUT,2020,open,all,0.3020680998297716,0.14268158345437415,1.0,0.2867532442336442,0.0710892548655851
AUT,2020,open,labour_intensive,0.3020680998297716,0.13788726515113048,1.0,0.22197146283432995,0.0693103889532814
AUT,2020,open,capital_intensive,0.3020680998297716,0.13107602695999815,0.935483870967742,0.13290199556112298,-0.05003309263037743
AUT,2020,closed_uniform,all,0.3020680998297716,0.14268158345437415,0.5161290322580645,0.0003555638716045695,-0.030789684422631317
AUT,2020,closed_uniform,labour_intensive,0.3020680998297716,0.1378872651511305,0.4516129032258065,-0.0007940186795240556,-0.02208255086816381
AUT,2020,closed_uniform,capital_intensive,0.3020680998297716,0.13107602695999815,0.5806451612903225,0.0028544242259685437,-0.02851937510452099
AUT,2021,open,all,0.28528810898873214,0.13339368405023272,1.0,0.31420829897757124,0.07821061685015057
AUT,2021,open,labour_intensive,0.28528810898873214,0.14587539428927768,1.0,0.24808560921144338,0.0675944160363886
AUT,2021,open,capital_intensive,0.28528810898873214,0.11114301957717446,0.9516129032258065,0.13153079912464274,-0.04692249883099524
AUT,2021,closed_uniform,all,0.28528810898873214,0.13339368405023272,0.5967741935483871,0.0029219881864449015,-0.025124007497439482
AUT,2021,closed_uniform,labour_intensive,0.28528810898873214,0.14587539428927762,0.532258064516129,0.0009656764357029168,-0.025537541331166785
AUT,2021,closed_uniform,capital_intensive,0.28528810898873214,0.11114301957717447,0.5967741935483871,0.007483890547834063,-0.026717150626554373
AUT,2022,open,all,0.2632059748665893,0.12690559384230699,1.0,0.282285720736417,0.06811852896230783
AUT,2022,open,labour_intensive,0.2632059748665893,0.12512382270275696,1.0,0.2662041072092221,0.05370634990592238
AUT,2022,open,capital_intensive,0.2632059748665893,0.1184353753055984,0.8709677419354839,0.10046446115496939,-0.0455229421054586
AUT,2022,closed_uniform,all,0.2632059748665893,0.12690559384230685,0.532258064516129,0.0019274795230467823,-0.022554340941242854
AUT,2022,closed_uniform,labour_intensive,0.2632059748665893,0.1251238227027569,0.5967741935483871,0.00227050595147954,-0.02151748607357004
AUT,2022,closed_uniform,capital_intensive,0.2632059748665893,0.11843537530559839,0.532258064516129,0.00014209007320108158,-0.030370333418960324
CZE,2010,open,all,0.20381104158996527,0.13896517834099037,0.9838709677419355,0.2713627219778371,-0.0023703036166029257
CZE,2010,open,labour_intensive,0.20381104158996527,0.10801587444054167,1.0,0.21915164666894565,0.05122922109697425
CZE,2010,open,capital_intensive,0.20381104158996527,0.14803725725170305,0.9032258064516129,0.16056154345220666,-0.030318133881549844
CZE,2010,closed_uniform,all,0.20381104158996527,0.13896517834099037,0.5806451612903225,0.0067235609239591765,-0.05660771342822718
CZE,2010,closed_uniform,labour_intensive,0.20381104158996527,0.10801587444054167,0.7419354838709677,0.009235701644557295,-0.029314933655550116
CZE,2010,closed_uniform,capital_intensive,0.20381104158996527,0.14803725725170305,0.5483870967741935,0.004887387413431393,-0.07823537045070483
CZE,2011,open,all,0.20077292447138162,0.13673492877704077,0.9838709677419355,0.25473837445667324,-0.011246018274229858
CZE,2011,open,labour_intensive,0.20077292447138162,0.12329805699915841,1.0,0.20316539705548126,0.0399851706302371
CZE,2011,open,capital_intensive,0.20077292447138162,0.13468068695426774,0.9032258064516129,0.16647401509924234,-0.023033655505344336
CZE,2011,closed_uniform,all,0.20077292447138162,0.13673492877704077,0.564516129032258,0.005142144705911539,-0.05226342703535945
CZE,2011,closed_uniform,labour_intensive,0.20077292447138162,0.12329805699915843,0.6290322580645161,0.007877358388311148,-0.03787980650004065
CZE,2011,closed_uniform,capital_intensive,0.20077292447138162,0.13468068695426771,0.5161290322580645,0.0034398029745318914,-0.07019418125688094
CZE,2012,open,all,0.20674193059062768,0.13414744205788226,0.9838709677419355,0.24766112489751352,-0.015097931928470781
CZE,2012,open,labour_intensive,0.20674193059062768,0.15527249643549723,1.0,0.16747609926794826,0.00622625746459457
CZE,2012,open,capital_intensive,0.20674193059062768,0.11703697747433917,0.9193548387096774,0.1629194566143647,-0.026752430284296233
CZE,2012,closed_uniform,all,0.20674193059062768,0.13414744205788226,0.564516129032258,0.0029059388517622964,-0.05764115084949532
CZE,2012,closed_uniform,labour_intensive,0.20674193059062768,0.1552724964354972,0.564516129032258,0.002889323724867471,-0.048178255593376434
CZE,2012,closed_uniform,capital_intensive,0.20674193059062768,0.11703697747433918,0.564516129032258,0.006722820086592654,-0.05870096510917048
CZE,2013,open,all,0.2066772996189466,0.13179032281671937,0.9838709677419355,0.25983143468145564,-0.007146791320739143
CZE,2013,open,labour_intensive,0.2066772996189466,0.15785258741045016,0.967741935483871,0.16190623842854585,-0.0034522024519510197
CZE,2013,open,capital_intensive,0.2066772996189466,0.11724911715351916,0.9193548387096774,0.1712071476815517,-0.024376567590268766
CZE,2013,closed_uniform,all,0.2066772996189466,0.13179032281671943,0.5967741935483871,0.00491208620067729,-0.05428530761737212
CZE,2013,closed_uniform,labour_intensive,0.2066772996189466,0.15785258741045016,0.4838709677419355,-0.0022318604191752245,-0.04655720988200411
CZE,2013,closed_uniform,capital_intensive,0.2066772996189466,0.11724911715351918,0.5806451612903225,0.004487210430210498,-0.06317714090476004
CZE,2014,open,all,0.20278179486843942,0.1290288008289181,0.9838709677419355,0.2552659684847385,-0.012088292553348881
CZE,2014,open,labour_intensive,0.20278179486843942,0.13331664610060556,1.0,0.20952027191607842,0.0048297750238837645
CZE,2014,open,capital_intensive,0.20278179486843942,0.10919435396715861,0.967741935483871,0.16109432302744897,-0.022804869428409702
CZE,2014,closed_uniform,all,0.20278179486843942,0.12902880082891807,0.5967741935483871,0.006967156056334328,-0.05178566629088008
CZE,2014,closed_uniform,labour_intensive,0.20278179486843942,0.1333166461006055,0.6612903225806452,0.009232518928414146,-0.02823388535051309
CZE,2014,closed_uniform,capital_intensive,0.20278179486843942,0.10919435396715858,0.6774193548387097,0.010546719478959951,-0.05407698825243752
CZE,2015,open,all,0.20339565929048609,0.13208587651465298,1.0,0.25670169671650633,0.02440872775226749
CZE,2015,open,labour_intensive,0.20339565929048609,0.14153241320500634,0.9838709677419355,0.21189501504490346,-0.0008384502366842739
CZE,2015,open,capital_intensive,0.20339565929048609,0.11030098513673228,0.9838709677419355,0.1852181247033716,-0.0032423084640380434
CZE,2015,closed_uniform,all,0.20339565929048609,0.13208587651465295,0.6129032258064516,0.007539860958676453,-0.04599951218778017
CZE,2015,closed_uniform,labour_intensive,0.20339565929048609,0.14153241320500637,0.6774193548387097,0.008881699658548431,-0.028868247478930104
CZE,2015,closed_uniform,capital_intensive,0.20339565929048609,0.11030098513673228,0.6612903225806452,0.007869356941151415,-0.05081873695551321
CZE,2016,open,all,0.21161992681192796,0.13373308198836065,0.9838709677419355,0.2658362651167954,-0.005601499810578725
CZE,2016,open,labour_intensive,0.21161992681192796,0.14439274920186418,1.0,0.18450082371726162,0.006669010220057475
CZE,2016,open,capital_intensive,0.21161992681192796,0.11434289132071558,0.967741935483871,0.1743931973672595,-0.01815291645920057
CZE,2016,closed_uniform,all,0.21161992681192796,0.13373308198836065,0.5967741935483871,0.005076124935138371,-0.05418381597602122
CZE,2016,closed_uniform,labour_intensive,0.21161992681192796,0.14439274920186418,0.5967741935483871,0.0056824485231462,-0.035507697089137494
CZE,2016,closed_uniform,capital_intensive,0.21161992681192796,0.1143428913207156,0.5806451612903225,0.005099242749561889,-0.06199629232713689
CZE,2017,open,all,0.2142725952917955,0.13042398927257723,0.9838709677419355,0.2737325191363711,-0.006118614757663496
CZE,2017,open,labour_intensive,0.2142725952917955,0.15121021501208165,0.967741935483871,0.19424691484908913,-0.0026647101489570835
CZE,2017,open,capital_intensive,0.2142725952917955,0.10767348848201924,0.967741935483871,0.18198164391781407,-0.018963497963298992
CZE,2017,closed_uniform,all,0.2142725952917955,0.1304239892725772,0.5967741935483871,0.007838120569065077,-0.047972928073928556
CZE,2017,closed_uniform,labour_intensive,0.2142725952917955,0.1512102150120816,0.564516129032258,0.002739182365740944,-0.03713796857962284
CZE,2017,closed_uniform,capital_intensive,0.2142725952917955,0.10767348848201924,0.6290322580645161,0.006714467923668005,-0.05488125357459948
CZE,2018,open,all,0.22146410613755615,0.13286003695382917,1.0,0.27696817056713696,0.00813767676472854
CZE,2018,open,labour_intensive,0.22146410613755615,0.14641608952717378,1.0,0.22406243949877436,0.007144222740798373
CZE,2018,open,capital_intensive,0.22146410613755615,0.1140113216110103,0.967741935483871,0.1951325850297082,-0.0142083830911639
CZE,2018,closed_uniform,all,0.22146410613755615,0.13286003695382917,0.5806451612903225,0.005940878951402384,-0.04978217293042253
CZE,2018,closed_uniform,labour_intensive,0.22146410613755615,0.14641608952717378,0.5967741935483871,0.008406779693354793,-0.0415203877641267
CZE,2018,closed_uniform,capital_intensive,0.22146410613755615,0.1140113216110103,0.5806451612903225,0.0027221613395728983,-0.06751301124534734
CZE,2019,open,all,0.22825965904660464,0.13701033489881398,1.0,0.28153824985232184,0.0005713657437007857
CZE,2019,open,labour_intensive,0.22825965904660464,0.14827873627795954,1.0,0.2368703986251348,0.01574154894599533
CZE,2019,open,capital_intensive,0.22825965904660464,0.12024441546566204,0.9838709677419355,0.19699190186595522,-0.0266663587058424
CZE,2019,closed_uniform,all,0.22825965904660464,0.13701033489881395,0.5806451612903225,0.006131055776157884,-0.04899752577971009
CZE,2019,closed_uniform,labour_intensive,0.22825965904660464,0.14827873627795957,0.5967741935483871,0.0077647526856666205,-0.04994575487623741
CZE,2019,closed_uniform,capital_intensive,0.22825965904660464,0.12024441546566203,0.564516129032258,0.0023406433215024114,-0.06505267215202541
CZE,2020,open,all,0.2395640835130384,0.13642048016526429,1.0,0.3106251695804657,0.012054157794501863
CZE,2020,open,labour_intensive,0.2395640835130384,0.13048779187607049,1.0,0.28177135409605036,0.05565643332074938
CZE,2020,open,capital_intensive,0.2395640835130384,0.14855466508016438,0.9193548387096774,0.17875257741549042,-0.03634146460528205
CZE,2020,closed_uniform,all,0.2395640835130384,0.13642048016526426,0.6451612903225806,0.007228060844638451,-0.046443794269318564
CZE,2020,closed_uniform,labour_intensive,0.2395640835130384,0.1304877918760705,0.6935483870967742,0.010141156377224236,-0.042995322970955985
CZE,2020,closed_uniform,capital_intensive,0.2395640835130384,0.14855466508016438,0.467741935483871,-0.0007130024049263606,-0.08700414714909348
CZE,2021,open,all,0.2299653067212174,0.14035460501617042,1.0,0.2899666359213123,0.0029059846897860064
CZE,2021,open,labour_intensive,0.2299653067212174,0.16739575074152552,1.0,0.2411916081724345,0.023671088844296
CZE,2021,open,capital_intensive,0.2299653067212174,0.1309206792608403,0.9516129032258065,0.15610212772658114,-0.03632659143871056
CZE,2021,closed_uniform,all,0.2299653067212174,0.14035460501617042,0.6129032258064516,0.005700802484064571,-0.0530651986869851
CZE,2021,closed_uniform,labour_intensive,0.2299653067212174,0.16739575074152552,0.5806451612903225,0.005849117792878278,-0.0523482281459066
CZE,2021,closed_uniform,capital_intensive,0.2299653067212174,0.13092067926084028,0.4354838709677419,-0.00048315480085786566,-0.07109908178216627
CZE,2022,open,all,0.2147243541019349,0.1366492982964009,1.0,0.2688530370898643,0.00014603289819420384
CZE,2022,open,labour_intensive,0.2147243541019349,0.16503450224443492,1.0,0.17929865362531053,0.022358269100925893
CZE,2022,open,capital_intensive,0.2147243541019349,0.12710489096360048,0.935483870967742,0.14446316203523105,-0.03449416235219027
CZE,2022,closed_uniform,all,0.2147243541019349,0.1366492982964009,0.5806451612903225,0.004652059496494498,-0.052311543279393205
CZE,2022,closed_uniform,labour_intensive,0.2147243541019349,0.1650345022444349,0.5483870967741935,0.0018194967906458581,-0.05590954447986693
CZE,2022,closed_uniform,capital_intensive,0.2147243541019349,0.12710489096360048,0.4354838709677419,-0.002996263183138309,-0.06856903564068423
DEU,2010,open,all,0.2982269928645651,0.18063515710614744,0.9838709677419355,0.3575170369436783,-0.012508185768180635
DEU,2010,open,labour_intensive,0.2982269928645651,0.16706114167926692,1.0,0.29972346837784414,0.01202805144336333
DEU,2010,open,capital_intensive,0.2982269928645651,0.14418773122900413,0.967741935483871,0.2568691910041601,-0.0012439903006632724
DEU,2010,closed_uniform,all,0.2982269928645651,0.18063515710614744,0.532258064516129,0.0025373973365139524,-0.052851492576492826
DEU,2010,closed_uniform,labour_intensive,0.2982269928645651,0.16706114167926692,0.5806451612903225,0.008235147621455302,-0.03642286802453776
DEU,2010,closed_uniform,capital_intensive,0.2982269928645651,0.14418773122900413,0.7258064516129032,0.01846297005878761,-0.04840374475721397
DEU,2011,open,all,0.2904723942709204,0.17822352463991079,1.0,0.3804684093395255,0.005469545355143046
DEU,2011,open,labour_intensive,0.2904723942709204,0.17133883300271102,1.0,0.3021578844233984,0.020171470900073624
DEU,2011,open,capital_intensive,0.2904723942709204,0.1377226334346233,0.9838709677419355,0.2736299352191963,-0.004123948718051579
DEU,2011,closed_uniform,all,0.2904723942709204,0.17822352463991079,0.564516129032258,0.0024459404537699736,-0.052502047636261984
DEU,2011,closed_uniform,labour_intensive,0.2904723942709204,0.17133883300271102,0.6129032258064516,0.005790270271311904,-0.033465989559012504
DEU,2011,closed_uniform,capital_intensive,0.2904723942709204,0.1377226334346233,0.7741935483870968,0.01998113643984553,-0.04945462331151833
DEU,2012,open,all,0.2992784322732145,0.17174554200839925,0.9838709677419355,0.3975973357498948,-0.0034027226881342965
DEU,2012,open,labour_intensive,0.2992784322732145,0.1688467502511222,1.0,0.3054118505611768,0.033208302136564394
DEU,2012,open,capital_intensive,0.2992784322732145,0.13121969601788477,0.9838709677419355,0.27398240129427087,-0.004858806269199489
DEU,2012,closed_uniform,all,0.2992784322732145,0.17174554200839925,0.5806451612903225,0.0025536434870764846,-0.04852581726485197
DEU,2012,closed_uniform,labour_intensive,0.2992784322732145,0.16884675025112217,0.6129032258064516,0.00773663515887274,-0.03137761290204655
DEU,2012,closed_uniform,capital_intensive,0.2992784322732145,0.13121969601788475,0.7096774193548387,0.01620289730817409,-0.04475507541465584
DEU,2013,open,all,0.3051820804494945,0.16553151125786417,1.0,0.40309294269774787,0.024999758487158158
DEU,2013,open,labour_intensive,0.3051820804494945,0.15975037450601193,1.0,0.3120848319808985,0.056511963330490717
DEU,2013,open,capital_intensive,0.3051820804494945,0.1292042096480318,0.9838709677419355,0.3012494947905733,-0.002329260491799434
DEU,2013,closed_uniform,all,0.3051820804494945,0.1655315112578642,0.564516129032258,0.002279033772511846,-0.04896150073425999
DEU,2013,closed_uniform,labour_intensive,0.3051820804494945,0.15975037450601193,0.6129032258064516,0.005072005213949238,-0.02717475272069289
DEU,2013,closed_uniform,capital_intensive,0.3051820804494945,0.1292042096480318,0.7580645161290323,0.019830272020213646,-0.048673142950851345
DEU,2014,open,all,0.3071098190529243,0.16339087898041893,1.0,0.40850383269910673,0.024651374586973446
DEU,2014,open,labour_intensive,0.3071098190529243,0.15858335143283356,1.0,0.3242183972533391,0.058116422605649865
DEU,2014,open,capital_intensive,0.3071098190529243,0.1332746605659367,0.9838709677419355,0.28043974274896966,-0.01374281399901231
DEU,2014,closed_uniform,all,0.3071098190529243,0.16339087898041893,0.5806451612903225,0.0025400137057996486,-0.0475714660875695
DEU,2014,closed_uniform,labour_intensive,0.3071098190529243,0.15858335143283364,0.5806451612903225,0.0036446159537424916,-0.03283709065789442
DEU,2014,closed_uniform,capital_intensive,0.3071098190529243,0.1332746605659367,0.7419354838709677,0.016718596420899484,-0.05195841537860246
DEU,2015,open,all,0.31031530623790604,0.1668792194885901,1.0,0.4249493077772617,0.029585318923368492
DEU,2015,open,labour_intensive,0.31031530623790604,0.15789492129628424,1.0,0.32575570693883105,0.0435015721860508
DEU,2015,open,capital_intensive,0.31031530623790604,0.14100419058405173,0.9838709677419355,0.29177847069212964,-0.0020795287309718635
DEU,2015,closed_uniform,all,0.31031530623790604,0.16687921948859008,0.5483870967741935,0.0016884816970349492,-0.04647944953882566
DEU,2015,closed_uniform,labour_intensive,0.31031530623790604,0.15789492129628424,0.5483870967741935,0.0017145851615622543,-0.032324844741706826
DEU,2015,closed_uniform,capital_intensive,0.31031530623790604,0.14100419058405175,0.7096774193548387,0.016223829064736656,-0.05065643520888222
DEU,2016,open,all,0.3147602215999758,0.1670349866277971,1.0,0.44280369883679366,0.022668342275191933
DEU,2016,open,labour_intensive,0.3147602215999758,0.15131597762052115,1.0,0.319051444619342,0.05525241874019904
DEU,2016,open,capital_intensive,0.3147602215999758,0.14487204002167312,0.9838709677419355,0.2829108471000261,-0.024966378743299295
DEU,2016,closed_uniform,all,0.3147602215999758,0.1670349866277971,0.564516129032258,0.0017858762121818195,-0.04117204936198238
DEU,2016,closed_uniform,labour_intensive,0.3147602215999758,0.15131597762052115,0.5806451612903225,0.003949958765936151,-0.026278250397168912
DEU,2016,closed_uniform,capital_intensive,0.3147602215999758,0.1448720400216731,0.7096774193548387,0.015507647408503855,-0.049417183642112866
DEU,2017,open,all,0.3129638345440843,0.16437802096665888,1.0,0.4509670966988456,0.039246675404822934
DEU,2017,open,labour_intensive,0.3129638345440843,0.150906752178812,1.0,0.3528782937822571,0.048352570411052564
DEU,2017,open,capital_intensive,0.3129638345440843,0.13836069841971418,0.9838709677419355,0.29275365927276586,-0.01646291505820413
DEU,2017,closed_uniform,all,0.3129638345440843,0.16437802096665882,0.532258064516129,0.0008870809593797824,-0.043340163837606444
DEU,2017,closed_uniform,labour_intensive,0.3129638345440843,0.15090675217881191,0.564516129032258,0.00363264061882998,-0.03234971785302551
DEU,2017,closed_uniform,capital_intensive,0.3129638345440843,0.13836069841971418,0.6935483870967742,0.01777903498709646,-0.047108384121298294
DEU,2018,open,all,0.31345990259868023,0.1586240202264692,1.0,0.43369430319605745,0.03723747901951299
DEU,2018,open,labour_intensive,0.31345990259868023,0.14551152789333932,1.0,0.36349591333694653,0.07531012246991922
DEU,2018,open,capital_intensive,0.31345990259868023,0.1292272381451405,0.9838709677419355,0.2648711591747913,-0.006547986035691775
DEU,2018,closed_uniform,all,0.31345990259868023,0.1586240202264692,0.5483870967741935,0.0015021043916027543,-0.04173379707966944
DEU,2018,closed_uniform,labour_intensive,0.31345990259868023,0.1455115278933393,0.6451612903225806,0.0042843787355393015,-0.029206141311330147
DEU,2018,closed_uniform,capital_intensive,0.31345990259868023,0.1292272381451405,0.7258064516129032,0.01485267552368405,-0.042653027564219695
DEU,2019,open,all,0.3184113121784208,0.14893118150604784,1.0,0.41801784489438126,0.04786357349932782
DEU,2019,open,labour_intensive,0.3184113121784208,0.13930817451253963,1.0,0.3438536083029319,0.07041435968443863
DEU,2019,open,capital_intensive,0.3184113121784208,0.12061534197581716,0.9838709677419355,0.28253778212093694,-0.007150285246593321
DEU,2019,closed_uniform,all,0.3184113121784208,0.14893118150604778,0.5483870967741935,0.0008070954956329313,-0.04155183411154312
DEU,2019,closed_uniform,labour_intensive,0.3184113121784208,0.1393081745125396,0.6612903225806452,0.004598181327635925,-0.02779594871110469
DEU,2019,closed_uniform,capital_intensive,0.3184113121784208,0.12061534197581718,0.6774193548387097,0.011604581209648315,-0.041989594587578546
DEU,2020,open,all,0.32331540728316716,0.14393385218221616,1.0,0.3751455223441765,0.028556334294343177
DEU,2020,open,labour_intensive,0.32331540728316716,0.1506613972308788,1.0,0.29139464890176003,0.010708066870145305
DEU,2020,open,capital_intensive,0.32331540728316716,0.13046868640897522,0.9838709677419355,0.2526719280453539,-0.018345071985822983
DEU,2020,closed_uniform,all,0.32331540728316716,0.14393385218221613,0.5806451612903225,0.002149422636108983,-0.036054250374967275
DEU,2020,closed_uniform,labour_intensive,0.32331540728316716,0.15066139723087893,0.532258064516129,0.0010914697247357552,-0.02484552550730526
DEU,2020,closed_uniform,capital_intensive,0.32331540728316716,0.1304686864089752,0.6129032258064516,0.003389368079416699,-0.053259431692892545
DEU,2021,open,all,0.3092190849706724,0.1440894842815696,1.0,0.3448594938536646,0.028442511887580874
DEU,2021,open,labour_intensive,0.3092190849706724,0.1430235308046789,1.0,0.3030046337515215,0.02461526937665659
DEU,2021,open,capital_intensive,0.3092190849706724,0.1170006768984294,0.967741935483871,0.22752479524748892,-0.0058044404594173316
DEU,2021,closed_uniform,all,0.3092190849706724,0.14408948428156956,0.5483870967741935,0.002065498856050979,-0.029928506481230147
DEU,2021,closed_uniform,labour_intensive,0.3092190849706724,0.14302353080467886,0.6612903225806452,0.005490413904585351,-0.020345497195926876
DEU,2021,closed_uniform,capital_intensive,0.3092190849706724,0.11700067689842941,0.6290322580645161,0.005696148938023934,-0.03624125891766983
DEU,2022,open,all,0.28783048743685424,0.12898284305596436,1.0,0.33096558828031447,0.040078237685070434
DEU,2022,open,labour_intensive,0.28783048743685424,0.128750397831623,1.0,0.2745589831458425,0.028230047768968564
DEU,2022,open,capital_intensive,0.28783048743685424,0.09946649532820963,1.0,0.24039017738500423,0.0074116441057664045
DEU,2022,closed_uniform,all,0.28783048743685424,0.12898284305596433,0.5483870967741935,0.0008748312073952325,-0.02886869243666057
DEU,2022,closed_uniform,labour_intensive,0.28783048743685424,0.12875039783162298,0.6290322580645161,0.0032980937130951127,-0.01911267706564891
DEU,2022,closed_uniform,capital_intensive,0.28783048743685424,0.09946649532820953,0.6290322580645161,0.0065522358993977264,-0.03542391349502323
ESP,2010,open,all,0.30380856955838426,0.21910280262826254,1.0,0.299910850303612,0.04472081998232075
ESP,2010,open,labour_intensive,0.30380856955838426,0.1568945779553123,1.0,0.30985837475676864,0.06317715766539608
ESP,2010,open,capital_intensive,0.30380856955838426,0.2587497197372571,0.8064516129032258,0.18709296480148757,-0.10356210652988074
ESP,2010,closed_uniform,all,0.30380856955838426,0.21910280262826254,0.4838709677419355,-0.0006986989541535316,-0.09408729205948266
ESP,2010,closed_uniform,labour_intensive,0.30380856955838426,0.15689457795531228,0.8387096774193549,0.018281076334562302,-0.021680843629065444
ESP,2010,closed_uniform,capital_intensive,0.30380856955838426,0.2587497197372571,0.33870967741935487,-0.0059942127969588865,-0.16238412094030463
ESP,2011,open,all,0.2979485415251178,0.23144441206760724,1.0,0.2912168615186481,0.019412396801866405
ESP,2011,open,labour_intensive,0.2979485415251178,0.13369764477953824,1.0,0.33653104091085184,0.09478991643087661
ESP,2011,open,capital_intensive,0.2979485415251178,0.3082203096122989,0.7580645161290323,0.12594981179501458,-0.15143743055096534
ESP,2011,closed_uniform,all,0.2979485415251178,0.23144441206760724,0.4193548387096774,-0.002285639259647365,-0.10239470765012176
ESP,2011,closed_uniform,labour_intensive,0.2979485415251178,0.1336976447795383,0.7903225806451613,0.02707684908201105,-0.014961654754615403
ESP,2011,closed_uniform,capital_intensive,0.2979485415251178,0.3082203096122989,0.4516129032258065,-0.002096200533500736,-0.18593865598159715
ESP,2012,open,all,0.29150310376358896,0.25120351049555545,1.0,0.26796336723831904,0.007124262602690445
ESP,2012,open,labour_intensive,0.29150310376358896,0.16471896889526144,1.0,0.27706001594341956,0.06069774460415808
ESP,2012,open,capital_intensive,0.29150310376358896,0.31748628982752003,0.7258064516129032,0.11897420499749811,-0.1611732383577201
ESP,2012,closed_uniform,all,0.29150310376358896,0.2512035104955554,0.4516129032258065,-0.0021996489490911653,-0.1226616844627747
ESP,2012,closed_uniform,labour_intensive,0.29150310376358896,0.16471896889526136,0.6774193548387097,0.010359681075121113,-0.02797189053738028
ESP,2012,closed_uniform,capital_intensive,0.29150310376358896,0.31748628982752003,0.3870967741935484,-0.004324247062881703,-0.1871036213442509
ESP,2013,open,all,0.29169976665960273,0.2726957052772795,0.9838709677419355,0.25993978855345057,-0.010445221751206657
ESP,2013,open,labour_intensive,0.29169976665960273,0.1581406565981154,1.0,0.27768109049239764,0.054982729833176036
ESP,2013,open,capital_intensive,0.29169976665960273,0.35579554387424656,0.7096774193548387,0.1130455513895603,-0.1934459084481115
ESP,2013,closed_uniform,all,0.29169976665960273,0.27269570527727954,0.4516129032258065,-0.0014290947753642924,-0.1250189788137426
ESP,2013,closed_uniform,labour_intensive,0.29169976665960273,0.1581406565981154,0.6774193548387097,0.009528958155715306,-0.02252197255099883
ESP,2013,closed_uniform,capital_intensive,0.29169976665960273,0.35579554387424656,0.4193548387096774,-0.004452561524680043,-0.20895159584449502
ESP,2014,open,all,0.291116864265276,0.2600451960885679,0.9838709677419355,0.26486491719114336,-0.019242046658035805
ESP,2014,open,labour_intensive,0.291116864265276,0.1592546319927333,1.0,0.27799347825568577,0.057913851952331674
ESP,2014,open,capital_intensive,0.291116864265276,0.3329975865583119,0.7096774193548387,0.10046990866880212,-0.16452948098994155
ESP,2014,closed_uniform,all,0.291116864265276,0.26004519608856796,0.5,-0.0001979799513233127,-0.11069212905370673
ESP,2014,closed_uniform,labour_intensive,0.291116864265276,0.15925463199273351,0.6935483870967742,0.00781845886268423,-0.03068233270775947
ESP,2014,closed_uniform,capital_intensive,0.291116864265276,0.3329975865583119,0.4516129032258065,-0.0034469080674466857,-0.1806428030332922
ESP,2015,open,all,0.2946543310828488,0.2379618849436037,1.0,0.2911248126795356,0.022496213098531892
ESP,2015,open,labour_intensive,0.2946543310828488,0.14187790085232116,1.0,0.35550064527331005,0.1083484109509722
ESP,2015,open,capital_intensive,0.2946543310828488,0.31592579118392183,0.7419354838709677,0.1213664956608439,-0.12957452203151554
ESP,2015,closed_uniform,all,0.2946543310828488,0.23796188494360365,0.5,-0.00013679343922062825,-0.10072728291772962
ESP,2015,closed_uniform,labour_intensive,0.2946543310828488,0.14187790085232113,0.8387096774193549,0.025328279767567602,-0.030843546284806733
ESP,2015,closed_uniform,capital_intensive,0.2946543310828488,0.31592579118392183,0.5,5.503668639261772e-05,-0.17839676905731042
ESP,2016,open,all,0.29573134557728864,0.2360551695502735,1.0,0.3065819972305681,0.018364777715743075
ESP,2016,open,labour_intensive,0.29573134557728864,0.137979787186455,1.0,0.3559583888196727,0.1216490198482997
ESP,2016,open,capital_intensive,0.29573134557728864,0.3216375132838686,0.7580645161290323,0.11445424885689859,-0.1323474617305535
ESP,2016,closed_uniform,all,0.29573134557728864,0.23605516955027353,0.5161290322580645,0.0013217481684825172,-0.10283181097386832
ESP,2016,closed_uniform,labour_intensive,0.29573134557728864,0.137979787186455,0.8548387096774194,0.02584377398989038,-0.02274886780102882
ESP,2016,closed_uniform,capital_intensive,0.29573134557728864,0.3216375132838684,0.5,-5.280164350085492e-06,-0.17501226206662016
ESP,2017,open,all,0.2913959683169553,0.2322140420120873,1.0,0.30018850846121437,0.022410317211673775
ESP,2017,open,labour_intensive,0.2913959683169553,0.1454025642145139,1.0,0.35653715797434926,0.11099381043482656
ESP,2017,open,capital_intensive,0.2913959683169553,0.3067230023085693,0.7580645161290323,0.1184263161877192,-0.1319132366121823
ESP,2017,closed_uniform,all,0.2913959683169553,0.2322140420120873,0.5161290322580645,0.000785406868511751,-0.10323821636699235
ESP,2017,closed_uniform,labour_intensive,0.2913959683169553,0.1454025642145139,0.8548387096774194,0.021643177088861848,-0.02922674932418963
ESP,2017,closed_uniform,capital_intensive,0.2913959683169553,0.3067230023085693,0.5161290322580645,0.0001741409945673622,-0.16466687732940838
ESP,2018,open,all,0.2903404009689043,0.23739424435983858,1.0,0.3009621159148542,0.008909230965804066
ESP,2018,open,labour_intensive,0.2903404009689043,0.14669085509284316,1.0,0.3617588941359111,0.11284883049389824
ESP,2018,open,capital_intensive,0.2903404009689043,0.31018713783208585,0.7419354838709677,0.12151301762028932,-0.136278129030659
ESP,2018,closed_uniform,all,0.2903404009689043,0.23739424435983858,0.5,-0.0005321757075492095,-0.10812509299004733
ESP,2018,closed_uniform,labour_intensive,0.2903404009689043,0.1466908550928432,0.8387096774193549,0.01945611107335085,-0.03707611396639536
ESP,2018,closed_uniform,capital_intensive,0.2903404009689043,0.31018713783208585,0.5,0.00024141886399053902,-0.16716790363063402
ESP,2019,open,all,0.2952008383336387,0.22481186218631918,1.0,0.30512800030056086,0.05580647056067231
ESP,2019,open,labour_intensive,0.2952008383336387,0.14584345570344417,1.0,0.32589894757514104,0.11927028816161053
ESP,2019,open,capital_intensive,0.2952008383336387,0.2945885072612295,0.8064516129032258,0.13791105361835415,-0.14466413263708286
ESP,2019,closed_uniform,all,0.2952008383336387,0.22481186218631918,0.5,-2.5415690143970604e-05,-0.08301574565082817
ESP,2019,closed_uniform,labour_intensive,0.2952008383336387,0.14584345570344415,0.8064516129032258,0.015021746425801619,-0.034811630879254055
ESP,2019,closed_uniform,capital_intensive,0.2952008383336387,0.2945885072612295,0.4838709677419355,-0.0005793982232403239,-0.16474030341269993
ESP,2020,open,all,0.31325099262581757,0.2528574965365064,1.0,0.3046719705166578,0.015124610223656132
ESP,2020,open,labour_intensive,0.31325099262581757,0.16674719159997545,1.0,0.3218095760381794,0.09942635603497826
ESP,2020,open,capital_intensive,0.31325099262581757,0.32822604678956374,0.7741935483870968,0.09543984642842013,-0.16170791384488678
ESP,2020,closed_uniform,all,0.31325099262581757,0.2528574965365064,0.4516129032258065,-0.0019459849935559714,-0.08254228437837205
ESP,2020,closed_uniform,labour_intensive,0.31325099262581757,0.16674719159997553,0.7096774193548387,0.006816189698165831,-0.04420377226818831
ESP,2020,closed_uniform,capital_intensive,0.31325099262581757,0.32822604678956374,0.4354838709677419,-0.004190943344451137,-0.15245037773210277
ESP,2021,open,all,0.30086741517766386,0.21879510379344416,1.0,0.31332558267803856,0.02553608205025229
ESP,2021,open,labour_intensive,0.30086741517766386,0.14501326172296033,1.0,0.3376286134066683,0.10267884641569794
ESP,2021,open,capital_intensive,0.30086741517766386,0.2727115584935361,0.7903225806451613,0.13818072798120756,-0.12166370934839202
ESP,2021,closed_uniform,all,0.30086741517766386,0.2187951037934441,0.4193548387096774,-0.003718624266631859,-0.07546485205064954
ESP,2021,closed_uniform,labour_intensive,0.30086741517766386,0.1450132617229603,0.7258064516129032,0.009389629482997874,-0.042331762279730525
ESP,2021,closed_uniform,capital_intensive,0.30086741517766386,0.2727115584935361,0.5,7.731829899926268e-05,-0.13169896885849536
ESP,2022,open,all,0.2811792185164117,0.20250486918194213,1.0,0.25940678737887735,0.01274681483566642
ESP,2022,open,labour_intensive,0.2811792185164117,0.1356947332967111,1.0,0.3062608633016067,0.12159198996893505
ESP,2022,open,capital_intensive,0.2811792185164117,0.2504985184761839,0.7741935483870968,0.10092406320689146,-0.13484489416663192
ESP,2022,closed_uniform,all,0.2811792185164117,0.20250486918194216,0.4838709677419355,-0.00047962001772544616,-0.06698928171127735
ESP,2022,closed_uniform,labour_intensive,0.2811792185164117,0.13569473329671117,0.7903225806451613,0.015020051149620184,-0.03031308177389898
ESP,2022,closed_uniform,capital_intensive,0.2811792185164117,0.25049851847618393,0.3709677419354839,-0.0034895655104137946,-0.12457039937896003
FRA,2010,open,all,0.316030507747636,0.23071833646381087,1.0,0.3659942556066761,0.04847757882498674
FRA,2010,open,labour_intensive,0.316030507747636,0.1373217095785477,1.0,0.3837981527823703,0.057535230095948214
FRA,2010,open,capital_intensive,0.316030507747636,0.3037707995415229,0.8387096774193549,0.2669751274411773,-0.15384562992213005
FRA,2010,closed_uniform,all,0.316030507747636,0.2307183364638108,0.5,0.00046668206124877987,-0.09267039495144058
FRA,2010,closed_uniform,labour_intensive,0.316030507747636,0.13732170957854772,0.6129032258064516,0.0060756625295395605,-0.029996352426525055
FRA,2010,closed_uniform,capital_intensive,0.316030507747636,0.3037707995415229,0.6451612903225806,0.013172143605501174,-0.13669050763112903
FRA,2011,open,all,0.3140913861052088,0.22052749876799096,1.0,0.36822677026561934,0.0555737771354847
FRA,2011,open,labour_intensive,0.3140913861052088,0.15555502861040368,1.0,0.3878074941297013,0.04487897920571998
FRA,2011,open,capital_intensive,0.3140913861052088,0.2794450832362264,0.7741935483870968,0.20514612076969196,-0.1561218523833341
FRA,2011,closed_uniform,all,0.3140913861052088,0.220527498767991,0.5,0.0008846209805846439,-0.08705762426039171
FRA,2011,closed_uniform,labour_intensive,0.3140913861052088,0.15555502861040368,0.6129032258064516,0.008336673851082804,-0.041287967115362006
FRA,2011,closed_uniform,capital_intensive,0.3140913861052088,0.2794450832362264,0.6129032258064516,0.012668563066567162,-0.15082807545764992
FRA,2012,open,all,0.31823447593577864,0.2163387422262469,1.0,0.34672695033546874,0.05845166826606765
FRA,2012,open,labour_intensive,0.31823447593577864,0.15538548789009418,1.0,0.37684081996200425,0.04683396463627032
FRA,2012,open,capital_intensive,0.31823447593577864,0.2780724499144637,0.7903225806451613,0.19135839377855568,-0.1589719902429596
FRA,2012,closed_uniform,all,0.31823447593577864,0.2163387422262469,0.5,-2.8005810825959543e-05,-0.08130964998116147
FRA,2012,closed_uniform,labour_intensive,0.31823447593577864,0.1553854878900942,0.5967741935483871,0.003957193087071098,-0.04373795342713194
FRA,2012,closed_uniform,capital_intensive,0.31823447593577864,0.2780724499144637,0.6451612903225806,0.012029801870874879,-0.14442082966508035
FRA,2013,open,all,0.3216184146162865,0.2198991050578917,1.0,0.36486795740587463,0.057205237898868194
FRA,2013,open,labour_intensive,0.3216184146162865,0.13523252119202542,1.0,0.38187228495255787,0.07367674793405038
FRA,2013,open,capital_intensive,0.3216184146162865,0.2933867470557543,0.8064516129032258,0.24244278771620698,-0.14600988510552754
FRA,2013,closed_uniform,all,0.3216184146162865,0.2198991050578917,0.5161290322580645,0.0011816889142952924,-0.08172487594236572
FRA,2013,closed_uniform,labour_intensive,0.3216184146162865,0.13523252119202542,0.6290322580645161,0.0032315028760732945,-0.026522428151814853
FRA,2013,closed_uniform,capital_intensive,0.3216184146162865,0.2933867470557543,0.6774193548387097,0.01678331166865965,-0.13494044956728035
FRA,2014,open,all,0.3239463088603152,0.22313694303532083,1.0,0.3628561397872422,0.05134709535122256
FRA,2014,open,labour_intensive,0.3239463088603152,0.1386277641341187,1.0,0.3797979711684041,0.07454066022131378
FRA,2014,open,capital_intensive,0.3239463088603152,0.2914853752207354,0.8064516129032258,0.23564754518318215,-0.14737458353895702
FRA,2014,closed_uniform,all,0.3239463088603152,0.22313694303532078,0.5161290322580645,0.003828562132365515,-0.08360303822899609
FRA,2014,closed_uniform,labour_intensive,0.3239463088603152,0.13862776413411873,0.5967741935483871,0.002931596094017608,-0.026471457613716096
FRA,2014,closed_uniform,capital_intensive,0.3239463088603152,0.2914853752207354,0.6612903225806452,0.016685864898566827,-0.12529015819501657
FRA,2015,open,all,0.32487735187575406,0.22591052610304763,1.0,0.36270598497822415,0.04770024148415608
FRA,2015,open,labour_intensive,0.32487735187575406,0.14139954946768737,1.0,0.3799614225151,0.08228163520657106
FRA,2015,open,capital_intensive,0.32487735187575406,0.28984722079447695,0.8225806451612903,0.26301682609593974,-0.1392446978590629
FRA,2015,closed_uniform,all,0.32487735187575406,0.22591052610304763,0.5,0.0005451439622235765,-0.08528397019564288
FRA,2015,closed_uniform,labour_intensive,0.32487735187575406,0.14139954946768732,0.5967741935483871,0.002219145111519133,-0.02906156622566236
FRA,2015,closed_uniform,capital_intensive,0.32487735187575406,0.2898472207944769,0.6612903225806452,0.023549580712454776,-0.1300751282918141
FRA,2016,open,all,0.3266209226502844,0.22456076746123108,1.0,0.36477110795414713,0.05323248560278401
FRA,2016,open,labour_intensive,0.3266209226502844,0.13853379717983075,1.0,0.3745660970676069,0.09551896171088042
FRA,2016,open,capital_intensive,0.3266209226502844,0.29707384567466744,0.8225806451612903,0.2680034731497768,-0.14033784610301872
FRA,2016,closed_uniform,all,0.3266209226502844,0.22456076746123105,0.5,-0.000347222691598259,-0.08446727021967318
FRA,2016,closed_uniform,labour_intensive,0.3266209226502844,0.13853379717983078,0.564516129032258,0.0022877353798684275,-0.026578653408024774
FRA,2016,closed_uniform,capital_intensive,0.3266209226502844,0.29707384567466744,0.6774193548387097,0.024419074060391677,-0.13129250632746087
FRA,2017,open,all,0.32401766327617226,0.21625895466759681,1.0,0.37508666086000786,0.0578921130734516
FRA,2017,open,labour_intensive,0.32401766327617226,0.1420651632067935,1.0,0.3792534334665387,0.10069303817199926
FRA,2017,open,capital_intensive,0.32401766327617226,0.2695573014825654,0.8387096774193549,0.2688434371449915,-0.12899488618557683
FRA,2017,closed_uniform,all,0.32401766327617226,0.21625895466759684,0.5483870967741935,0.004503621879832637,-0.07861257289020232
FRA,2017,closed_uniform,labour_intensive,0.32401766327617226,0.14206516320679347,0.564516129032258,0.002924118774450424,-0.0274672452016627
FRA,2017,closed_uniform,capital_intensive,0.32401766327617226,0.26955730148256546,0.6774193548387097,0.021922036472887818,-0.11754946371991656
FRA,2018,open,all,0.32195898077265117,0.21280135710300663,1.0,0.35677187198144855,0.04510387899120599
FRA,2018,open,labour_intensive,0.32195898077265117,0.1549741900384124,1.0,0.34800202791708534,0.07235199439789508
FRA,2018,open,capital_intensive,0.32195898077265117,0.26349703158093035,0.8225806451612903,0.2130225027633988,-0.1390364597059572
FRA,2018,closed_uniform,all,0.32195898077265117,0.21280135710300663,0.532258064516129,0.003393867322700528,-0.07699598001228047
FRA,2018,closed_uniform,labour_intensive,0.32195898077265117,0.15497419003841237,0.5806451612903225,0.003319404140498,-0.041283839633108416
FRA,2018,closed_uniform,capital_intensive,0.32195898077265117,0.2634970315809303,0.7258064516129032,0.01842288804802389,-0.12675893485994322
FRA,2019,open,all,0.3158195649501024,0.21293082990889742,1.0,0.3560064300023189,0.04597167697422713
FRA,2019,open,labour_intensive,0.3158195649501024,0.15247069230589613,1.0,0.34445208727997645,0.0780664360968801
FRA,2019,open,capital_intensive,0.3158195649501024,0.2631708834805875,0.8387096774193549,0.22425570613899404,-0.13105688876145466
FRA,2019,closed_uniform,all,0.3158195649501024,0.21293082990889742,0.5161290322580645,0.001456701435632618,-0.07790856164758422
FRA,2019,closed_uniform,labour_intensive,0.3158195649501024,0.1524706923058961,0.564516129032258,0.0032027825206715765,-0.041011800365484796
FRA,2019,closed_uniform,capital_intensive,0.3158195649501024,0.2631708834805876,0.7096774193548387,0.02401506047447577,-0.12665016006136487
FRA,2020,open,all,0.321513189042578,0.2092473980977361,1.0,0.35965017787586173,0.056471124845448056
FRA,2020,open,labour_intensive,0.321513189042578,0.14822668637251102,1.0,0.33861587221077066,0.09989147304399676
FRA,2020,open,capital_intensive,0.321513189042578,0.26483766883922316,0.8548387096774194,0.2025775533571334,-0.12624505134575875
FRA,2020,closed_uniform,all,0.321513189042578,0.2092473980977361,0.4838709677419355,-0.0012159810098671675,-0.07211762926141771
FRA,2020,closed_uniform,labour_intensive,0.321513189042578,0.1482266863725111,0.5161290322580645,0.0007881863694590152,-0.03445134584575943
FRA,2020,closed_uniform,capital_intensive,0.321513189042578,0.26483766883922316,0.5483870967741935,0.003422954398618283,-0.13764059085854768
FRA,2021,open,all,0.3130130035857291,0.20254534120402468,1.0,0.34060170484699637,0.06156867285695822
FRA,2021,open,labour_intensive,0.3130130035857291,0.16003054144941178,1.0,0.31763059553407946,0.09017858127225023
FRA,2021,open,capital_intensive,0.3130130035857291,0.24114145849723628,0.8387096774193549,0.19634164125183923,-0.10486316855438702
FRA,2021,closed_uniform,all,0.3130130035857291,0.20254534120402468,0.5,0.0005429828791163049,-0.06377891248857373
FRA,2021,closed_uniform,labour_intensive,0.3130130035857291,0.16003054144941176,0.4193548387096774,-0.0010378842703733793,-0.0362846625826955
FRA,2021,closed_uniform,capital_intensive,0.3130130035857291,0.2411414584972362,0.5161290322580645,0.0019285684764232813,-0.11618594056247362
FRA,2022,open,all,0.297910748602974,0.18118563792621598,1.0,0.32667077689197743,0.07410317588641066
FRA,2022,open,labour_intensive,0.297910748602974,0.1448613819768652,1.0,0.3293060467807905,0.10470074719248507
FRA,2022,open,capital_intensive,0.297910748602974,0.226298114382593,0.8870967741935484,0.17841656476532147,-0.08331284469480496
FRA,2022,closed_uniform,all,0.297910748602974,0.181185637926216,0.532258064516129,0.002487142438928003,-0.05020692106618363
FRA,2022,closed_uniform,labour_intensive,0.297910748602974,0.1448613819768652,0.532258064516129,0.0008019227780746152,-0.04168046721240119
FRA,2022,closed_uniform,capital_intensive,0.297910748602974,0.226298114382593,0.6774193548387097,0.006444458741387632,-0.09824002177913227
GBR,2010,open,all,0.32765094698060515,0.25237813477939575,0.9838709677419355,0.3182785455868934,-0.013825188323296822
GBR,2010,open,labour_intensive,0.32765094698060515,0.1679449596195602,1.0,0.2765912090257928,0.03761487133421745
GBR,2010,open,capital_intensive,0.32765094698060515,0.2807347429011154,0.8387096774193549,0.216965146776588,-0.12284390984290947
GBR,2010,closed_uniform,all,0.32765094698060515,0.25237813477939575,0.4032258064516129,-0.006876009171554454,-0.09244960831451726
GBR,2010,closed_uniform,labour_intensive,0.32765094698060515,0.1679449596195602,0.4838709677419355,-0.0007726430206123625,-0.04584472231797093
GBR,2010,closed_uniform,capital_intensive,0.32765094698060515,0.2807347429011154,0.4354838709677419,-0.003575309059890064,-0.12653482665535357
GBR,2011,open,all,0.3235067575100286,0.24288600432306356,0.9838709677419355,0.3296898484141682,-0.0024302246775140257
GBR,2011,open,labour_intensive,0.3235067575100286,0.1657162445870937,1.0,0.2867232837336321,0.0516980223891115
GBR,2011,open,capital_intensive,0.3235067575100286,0.25696822449416706,0.8548387096774194,0.22985035756886346,-0.12598563364402038
GBR,2011,closed_uniform,all,0.3235067575100286,0.24288600432306356,0.4193548387096774,-0.008326349253085619,-0.09359277764196092
GBR,2011,closed_uniform,labour_intensive,0.3235067575100286,0.16571624458709372,0.5,0.0012734692719482132,-0.04166760473547848
GBR,2011,closed_uniform,capital_intensive,0.3235067575100286,0.256968224494167,0.5161290322580645,0.0006813289468609041,-0.11092531866596422
GBR,2012,open,all,0.3225753700115344,0.24458936743788573,0.9838709677419355,0.33413580739175497,-0.006578815104522212
GBR,2012,open,labour_intensive,0.3225753700115344,0.16346585072164108,1.0,0.2946889421776021,0.055908882806533444
GBR,2012,open,capital_intensive,0.3225753700115344,0.25852300090456487,0.8548387096774194,0.25942057169142324,-0.12890988133021647
GBR,2012,closed_uniform,all,0.3225753700115344,0.2445893674378858,0.3709677419354839,-0.008092314892063524,-0.1026404557653833
GBR,2012,closed_uniform,labour_intensive,0.3225753700115344,0.163465850721641,0.5161290322580645,0.004383151354292791,-0.043644220641995135
GBR,2012,closed_uniform,capital_intensive,0.3225753700115344,0.25852300090456487,0.467741935483871,-0.0013587371487950306,-0.11825153705238262
GBR,2013,open,all,0.32254758868396133,0.2455783217519081,0.9838709677419355,0.3539162798372081,-0.008806535395936066
GBR,2013,open,labour_intensive,0.32254758868396133,0.15228726378540217,1.0,0.36958248429171736,0.0769282480970584
GBR,2013,open,capital_intensive,0.32254758868396133,0.24331130933793718,0.9193548387096774,0.26388109624264533,-0.11068876455335752
GBR,2013,closed_uniform,all,0.32254758868396133,0.24557832175190814,0.33870967741935487,-0.008856388648620372,-0.11307025691289721
GBR,2013,closed_uniform,labour_intensive,0.32254758868396133,0.15228726378540214,0.5806451612903225,0.0037987726195969906,-0.048842256243497945
GBR,2013,closed_uniform,capital_intensive,0.32254758868396133,0.24331130933793718,0.5,0.0014529990706658447,-0.10809814627743203
GBR,2014,open,all,0.32063472519599534,0.25057652752229903,0.9838709677419355,0.3648541555762351,-0.009590495981194519
GBR,2014,open,labour_intensive,0.32063472519599534,0.1586201066423404,1.0,0.33901131941075957,0.05195766933994822
GBR,2014,open,capital_intensive,0.32063472519599534,0.24782334786993498,0.9193548387096774,0.18343495632142842,-0.11171165733652694
GBR,2014,closed_uniform,all,0.32063472519599534,0.250576527522299,0.3548387096774194,-0.0077797277286290045,-0.11265948760032257
GBR,2014,closed_uniform,labour_intensive,0.32063472519599534,0.1586201066423404,0.5,0.0005294369608850602,-0.04938105723421751
GBR,2014,closed_uniform,capital_intensive,0.32063472519599534,0.24782334786993493,0.4516129032258065,-0.005185474827110792,-0.12809742086372206
GBR,2015,open,all,0.3241978502268136,0.25366830576795557,1.0,0.3699241318411604,0.0002789579130002551
GBR,2015,open,labour_intensive,0.3241978502268136,0.1616124275739404,1.0,0.32117724224689576,0.04623759441266337
GBR,2015,open,capital_intensive,0.3241978502268136,0.25420525220208096,0.8548387096774194,0.25417408942935854,-0.10689624948812432
GBR,2015,closed_uniform,all,0.3241978502268136,0.2536683057679556,0.4354838709677419,-0.004389954018042624,-0.10784631044001422
GBR,2015,closed_uniform,labour_intensive,0.3241978502268136,0.1616124275739404,0.5,0.00048362736940549267,-0.0453371238187876
GBR,2015,closed_uniform,capital_intensive,0.3241978502268136,0.25420525220208096,0.5,0.001996379047743746,-0.12012872652674253
GBR,2016,open,all,0.32724232717017643,0.2621330688885319,0.967741935483871,0.3533918646324535,-0.017633723530744244
GBR,2016,open,labour_intensive,0.32724232717017643,0.166230016707247,1.0,0.32644233318494364,0.04709455441025076
GBR,2016,open,capital_intensive,0.32724232717017643,0.26535946945925154,0.8548387096774194,0.2441653038544836,-0.1256894597741212
GBR,2016,closed_uniform,all,0.32724232717017643,0.2621330688885319,0.4032258064516129,-0.006465553892184284,-0.10783034113799025
GBR,2016,closed_uniform,labour_intensive,0.32724232717017643,0.1662300167072469,0.4516129032258065,-0.001983710533162708,-0.050228127391744246
GBR,2016,closed_uniform,capital_intensive,0.32724232717017643,0.2653594694592515,0.5161290322580645,0.0006924437992312793,-0.11953705922550317
GBR,2017,open,all,0.32393973290359707,0.2577985441914901,0.9838709677419355,0.35400789903341107,-0.015829253823877093
GBR,2017,open,labour_intensive,0.32393973290359707,0.1699549487773497,1.0,0.3304047263351071,0.04269517758149602
GBR,2017,open,capital_intensive,0.32393973290359707,0.26374627240288495,0.8548387096774194,0.2613510807264702,-0.0947551483416034
GBR,2017,closed_uniform,all,0.32393973290359707,0.25779854419149006,0.4516129032258065,-0.004864898486362068,-0.10962739096749718
GBR,2017,closed_uniform,labour_intensive,0.32393973290359707,0.16995494877734968,0.4838709677419355,-0.0009806346862610005,-0.04672540850335358
GBR,2017,closed_uniform,capital_intensive,0.32393973290359707,0.26374627240288495,0.532258064516129,0.0009829032239165314,-0.12927147230176025
GBR,2018,open,all,0.32170094216684736,0.25271540042771845,0.9838709677419355,0.3612283482868547,-0.011164710874861927
GBR,2018,open,labour_intensive,0.32170094216684736,0.17404600113107063,1.0,0.3185136863144118,0.04341685174579127
GBR,2018,open,capital_intensive,0.32170094216684736,0.2607984273993592,0.8548387096774194,0.2561459984023998,-0.10998677583827737
GBR,2018,closed_uniform,all,0.32170094216684736,0.25271540042771845,0.4193548387096774,-0.004205259783124415,-0.0988363556712534
GBR,2018,closed_uniform,labour_intensive,0.32170094216684736,0.17404600113107066,0.467741935483871,-0.004376777841962165,-0.04431807034038132
GBR,2018,closed_uniform,capital_intensive,0.32170094216684736,0.2607984273993592,0.5,-0.00023545450904449705,-0.12066068812995928
GBR,2019,open,all,0.3273976469941037,0.2506688517050243,0.9838709677419355,0.369386177073289,-0.0062510297558911465
GBR,2019,open,labour_intensive,0.3273976469941037,0.1809785174141687,1.0,0.2903130069147575,0.040162923931070876
GBR,2019,open,capital_intensive,0.3273976469941037,0.2629085415782337,0.8870967741935484,0.2722856974182147,-0.1025275882439472
GBR,2019,closed_uniform,all,0.3273976469941037,0.2506688517050243,0.4032258064516129,-0.007145130731731036,-0.09730508637431759
GBR,2019,closed_uniform,labour_intensive,0.3273976469941037,0.18097851741416868,0.4516129032258065,-0.005820321029292641,-0.059717635033538774
GBR,2019,closed_uniform,capital_intensive,0.3273976469941037,0.2629085415782336,0.4516129032258065,-0.004731605746812528,-0.12190668661820703
GBR,2020,open,all,0.3374568670579104,0.2518303042931633,0.967741935483871,0.3305474459111764,-0.03549597327450227
GBR,2020,open,labour_intensive,0.3374568670579104,0.17641580178533658,1.0,0.2856044196387303,0.08016409620288165
GBR,2020,open,capital_intensive,0.3374568670579104,0.25317554707552414,0.8709677419354839,0.2304604374560153,-0.09722761158529836
GBR,2020,closed_uniform,all,0.3374568670579104,0.2518303042931634,0.3709677419354839,-0.008039988452247515,-0.09126767739794583
GBR,2020,closed_uniform,labour_intensive,0.3374568670579104,0.17641580178533667,0.532258064516129,0.0025046284399655727,-0.04470750842512086
GBR,2020,closed_uniform,capital_intensive,0.3374568670579104,0.25317554707552414,0.4838709677419355,-0.002473248457901811,-0.10815248863554
GBR,2021,open,all,0.32318849946865014,0.24540926219503553,0.9838709677419355,0.36405481943802864,-0.027795328790091223
GBR,2021,open,labour_intensive,0.32318849946865014,0.17707164161647493,1.0,0.3335762986451959,0.0640194011961667
GBR,2021,open,capital_intensive,0.32318849946865014,0.25949656331430565,0.8709677419354839,0.22440818327073825,-0.08760993860040364
GBR,2021,closed_uniform,all,0.32318849946865014,0.24540926219503553,0.3870967741935484,-0.00451753964252069,-0.09169781934363908
GBR,2021,closed_uniform,labour_intensive,0.32318849946865014,0.17707164161647496,0.5483870967741935,0.0021793432420502967,-0.04441364678590967
GBR,2021,closed_uniform,capital_intensive,0.32318849946865014,0.25949656331430565,0.4354838709677419,-0.0031534632211269176,-0.11655049339037399
GBR,2022,open,all,0.30275015809640393,0.2488319900107241,0.9838709677419355,0.33848077359381346,-0.01914477500950823
GBR,2022,open,labour_intensive,0.30275015809640393,0.1712310228007446,1.0,0.316150310037049,0.0900475990848964
GBR,2022,open,capital_intensive,0.30275015809640393,0.2568087139348237,0.9193548387096774,0.23361493063175431,-0.08783258399531613
GBR,2022,closed_uniform,all,0.30275015809640393,0.2488319900107241,0.4838709677419355,-0.000897717945546328,-0.08129941948295813
GBR,2022,closed_uniform,labour_intensive,0.30275015809640393,0.1712310228007446,0.5161290322580645,0.0009945291805352197,-0.05271330789239716
GBR,2022,closed_uniform,capital_intensive,0.30275015809640393,0.25680871393482374,0.5,0.0002364088145296317,-0.10207625572964865
ITA,2010,open,all,0.2703416468207911,0.193168630739179,0.9838709677419355,0.30950760247266396,-0.024053427111735165
ITA,2010,open,labour_intensive,0.2703416468207911,0.18337190148949442,1.0,0.282819306298295,0.019469032340414305
ITA,2010,open,capital_intensive,0.2703416468207911,0.224648796772943,0.8064516129032258,0.10281545828208641,-0.11599154737883295
ITA,2010,closed_uniform,all,0.2703416468207911,0.19316863073917895,0.6290322580645161,0.012245161731297527,-0.04500183695877835
ITA,2010,closed_uniform,labour_intensive,0.2703416468207911,0.18337190148949445,0.6774193548387097,0.012496848024694196,-0.029357126133410405
ITA,2010,closed_uniform,capital_intensive,0.2703416468207911,0.224648796772943,0.4193548387096774,-0.00569984687638006,-0.10680549605446119
ITA,2011,open,all,0.2657803550001268,0.18939829561957597,0.9838709677419355,0.30535309249881115,-0.01561936494312352
ITA,2011,open,labour_intensive,0.2657803550001268,0.17805580470223714,1.0,0.2920958559103415,0.036019704189178936
ITA,2011,open,capital_intensive,0.2657803550001268,0.22257280925934705,0.8064516129032258,0.09496712351244421,-0.11784723428206023
ITA,2011,closed_uniform,all,0.2657803550001268,0.18939829561957597,0.6290322580645161,0.013690172153601882,-0.046052762457524016
ITA,2011,closed_uniform,labour_intensive,0.2657803550001268,0.1780558047022371,0.7096774193548387,0.0113668639650851,-0.02724814441915724
ITA,2011,closed_uniform,capital_intensive,0.2657803550001268,0.22257280925934705,0.4354838709677419,-0.005021398123422366,-0.10389087949090497
ITA,2012,open,all,0.26869154086929786,0.19286939496614544,1.0,0.3157629588424148,0.017554003069836316
ITA,2012,open,labour_intensive,0.26869154086929786,0.17211608826339672,1.0,0.30424737028194115,0.05452456344421669
ITA,2012,open,capital_intensive,0.26869154086929786,0.2365544225332916,0.7419354838709677,0.1346141593395965,-0.1463978488550649
ITA,2012,closed_uniform,all,0.26869154086929786,0.1928693949661454,0.6774193548387097,0.01311236525424056,-0.043092097199832924
ITA,2012,closed_uniform,labour_intensive,0.26869154086929786,0.17211608826339672,0.7419354838709677,0.014579853811118454,-0.022877798901169144
ITA,2012,closed_uniform,capital_intensive,0.26869154086929786,0.23655442253329162,0.467741935483871,-0.0037113578540986514,-0.11102444533196434
ITA,2013,open,all,0.2704776873529058,0.1964900083060212,1.0,0.31160208952562046,0.02539775638540781
ITA,2013,open,labour_intensive,0.2704776873529058,0.18393805824225237,1.0,0.29488763606178636,0.06585594373072318
ITA,2013,open,capital_intensive,0.2704776873529058,0.2295298451388764,0.7580645161290323,0.12295554873293404,-0.14022630230777144
ITA,2013,closed_uniform,all,0.2704776873529058,0.19649000830602117,0.6774193548387097,0.015302220565238417,-0.047964024311056064
ITA,2013,closed_uniform,labour_intensive,0.2704776873529058,0.18393805824225246,0.7419354838709677,0.010636241865701779,-0.03084427054165323
ITA,2013,closed_uniform,capital_intensive,0.2704776873529058,0.2295298451388764,0.467741935483871,-0.0020432749288778196,-0.11321944141214146
ITA,2014,open,all,0.2713564611538438,0.20188540500846167,1.0,0.29635539508580955,0.012355791674318994
ITA,2014,open,labour_intensive,0.2713564611538438,0.19374846515836772,1.0,0.28971817233565245,0.05992664165895559
ITA,2014,open,capital_intensive,0.2713564611538438,0.22838255533904614,0.7903225806451613,0.12828414110954536,-0.13199442950435966
ITA,2014,closed_uniform,all,0.2713564611538438,0.20188540500846164,0.6451612903225806,0.014299140854726694,-0.047994408052170257
ITA,2014,closed_uniform,labour_intensive,0.2713564611538438,0.19374846515836772,0.7258064516129032,0.007582882775191507,-0.03320518574652501
ITA,2014,closed_uniform,capital_intensive,0.2713564611538438,0.22838255533904614,0.5161290322580645,0.0013637865710209862,-0.1119373532014504
ITA,2015,open,all,0.2736996483914839,0.20082754124659663,1.0,0.3446676693396554,0.04467170150485125
ITA,2015,open,labour_intensive,0.2736996483914839,0.18723896479039687,1.0,0.28308991277166246,0.0998712761600804
ITA,2015,open,capital_intensive,0.2736996483914839,0.23622275025684084,0.8225806451612903,0.14378201574160118,-0.13019291200741012
ITA,2015,closed_uniform,all,0.2736996483914839,0.20082754124659669,0.6935483870967742,0.01923613828922427,-0.053928008379501124
ITA,2015,closed_uniform,labour_intensive,0.2736996483914839,0.1872389647903969,0.6935483870967742,0.009213161123597019,-0.04832231193223105
ITA,2015,closed_uniform,capital_intensive,0.2736996483914839,0.23622275025684086,0.5483870967741935,0.003936262704944349,-0.11363754691576694
ITA,2016,open,all,0.27704462793793627,0.20178339203542178,1.0,0.32442107863071107,0.037830651237614726
ITA,2016,open,labour_intensive,0.27704462793793627,0.18178736689425506,1.0,0.2676119109693149,0.10943049583093478
ITA,2016,open,capital_intensive,0.27704462793793627,0.24042119020683064,0.8253968253968254,0.183091129653251,-0.12867774615723448
ITA,2016,closed_uniform,all,0.27704462793793627,0.2017833920354218,0.6507936507936508,0.01700519235285322,-0.057990830309778946
ITA,2016,closed_uniform,labour_intensive,0.27704462793793627,0.18178736689425506,0.6984126984126984,0.00906711371547056,-0.04494336501770041
ITA,2016,closed_uniform,capital_intensive,0.27704462793793627,0.24042119020683067,0.5555555555555556,0.004520239632574086,-0.11241738748601934
ITA,2017,open,all,0.2717060804358946,0.1942150986618166,1.0,0.30712765469966996,0.03911245478759731
ITA,2017,open,labour_intensive,0.2717060804358946,0.17669844834078924,1.0,0.28291038834992643,0.09849912742575218
ITA,2017,open,capital_intensive,0.2717060804358946,0.22921420429646017,0.8253968253968254,0.17145863788371735,-0.1279265304292788
ITA,2017,closed_uniform,all,0.2717060804358946,0.19421509866181655,0.6349206349206349,0.0163711149477741,-0.054833312176275906
ITA,2017,closed_uniform,labour_intensive,0.2717060804358946,0.17669844834078927,0.6666666666666667,0.0073309244566573395,-0.04344684201056595
ITA,2017,closed_uniform,capital_intensive,0.2717060804358946,0.22921420429646022,0.6031746031746033,0.004579137844826858,-0.1071742159814885
ITA,2018,open,all,0.2721601933870616,0.19170831084978365,1.0,0.2997036363128649,0.04343342685847154
ITA,2018,open,labour_intensive,0.2721601933870616,0.17596428648332088,1.0,0.291128075159651,0.1063479485863574
ITA,2018,open,capital_intensive,0.2721601933870616,0.22590906604430072,0.8548387096774194,0.15645577773564967,-0.1099338772305031
ITA,2018,closed_uniform,all,0.2721601933870616,0.1917083108497836,0.6451612903225806,0.012732907731906856,-0.054060303518728675
ITA,2018,closed_uniform,labour_intensive,0.2721601933870616,0.17596428648332088,0.6129032258064516,0.002996032236111168,-0.043694023507321045
ITA,2018,closed_uniform,capital_intensive,0.2721601933870616,0.22590906604430072,0.5483870967741935,0.006135834376376881,-0.1040692176337665
ITA,2019,open,all,0.2744089196300069,0.1887032989575859,1.0,0.31216675445606534,0.02257395163261769
ITA,2019,open,labour_intensive,0.2744089196300069,0.17132027304740385,1.0,0.2710650183204014,0.093077172475616
ITA,2019,open,capital_intensive,0.2744089196300069,0.22899816212445576,0.8225806451612903,0.16153337395164905,-0.11749761928371169
ITA,2019,closed_uniform,all,0.2744089196300069,0.18870329895758592,0.6290322580645161,0.016546418277302105,-0.055104453869393916
ITA,2019,closed_uniform,labour_intensive,0.2744089196300069,0.1713202730474039,0.6612903225806452,0.008156677240651888,-0.04885629898625923
ITA,2019,closed_uniform,capital_intensive,0.2744089196300069,0.22899816212445576,0.5806451612903225,0.003937816653537235,-0.10627020073547636
ITA,2020,open,all,0.2781271459051616,0.19523029714288928,1.0,0.29531241390941376,0.020383500286350026
ITA,2020,open,labour_intensive,0.2781271459051616,0.17476607153816193,1.0,0.3045855811413767,0.06705838773051398
ITA,2020,open,capital_intensive,0.2781271459051616,0.23898175966362956,0.8225806451612903,0.12434753294155021,-0.14187923612327613
ITA,2020,closed_uniform,all,0.2781271459051616,0.19523029714288928,0.6290322580645161,0.01184186753614061,-0.06242880766362957
ITA,2020,closed_uniform,labour_intensive,0.2781271459051616,0.17476607153816193,0.6612903225806452,0.004888621499140322,-0.04886923319408551
ITA,2020,closed_uniform,capital_intensive,0.2781271459051616,0.23898175966362956,0.4838709677419355,-0.0005820025366933823,-0.11035529861310547
ITA,2021,open,all,0.262464904180974,0.17177373620822586,1.0,0.30817314591352596,0.027383735267744735
ITA,2021,open,labour_intensive,0.262464904180974,0.17043417561325006,1.0,0.2828228122578028,0.107885806858974
ITA,2021,open,capital_intensive,0.262464904180974,0.18842496230499162,0.8225806451612903,0.12816927101915826,-0.08201157241871501
ITA,2021,closed_uniform,all,0.262464904180974,0.17177373620822586,0.6935483870967742,0.012926918506565771,-0.045750666441819104
ITA,2021,closed_uniform,labour_intensive,0.262464904180974,0.17043417561325008,0.6290322580645161,0.0027919057433759276,-0.03971298689504288
ITA,2021,closed_uniform,capital_intensive,0.262464904180974,0.18842496230499162,0.5,0.00031546311923985604,-0.09175956024239165
ITA,2022,open,all,0.2438337987796421,0.1633075788676404,1.0,0.3240767081178569,0.03338024788387564
ITA,2022,open,labour_intensive,0.2438337987796421,0.16073262832163285,1.0,0.28516193252245636,0.08977435970843053
ITA,2022,open,capital_intensive,0.2438337987796421,0.17648504663963255,0.8548387096774194,0.1817358965998031,-0.09305003624504984
ITA,2022,closed_uniform,all,0.2438337987796421,0.16330757886764044,0.7096774193548387,0.01549927757447625,-0.049754892413271065
ITA,2022,closed_uniform,labour_intensive,0.2438337987796421,0.1607326283216329,0.7096774193548387,0.009461638204682071,-0.03385065303814486
ITA,2022,closed_uniform,capital_intensive,0.2438337987796421,0.17648504663963255,0.6129032258064516,0.004526865406740299,-0.08969284216198357
JPN,2010,open,all,0.28530272581919786,0.34545279962239556,0.8709677419354839,0.14230538113166957,-0.07946317347812182
JPN,2010,open,labour_intensive,0.28530272581919786,0.42414872349454735,0.6290322580645161,0.042571583853383776,-0.20401256936481668
JPN,2010,open,capital_intensive,0.28530272581919786,0.27826751872965216,0.7580645161290323,0.05135453627231079,-0.1291727556300072
JPN,2010,closed_uniform,all,0.28530272581919786,0.3454527996223956,0.24193548387096775,-0.029449171102042815,-0.11625367469074996
JPN,2010,closed_uniform,labour_intensive,0.28530272581919786,0.42414872349454724,0.11290322580645162,-0.06129449168410106,-0.17003466815789248
JPN,2010,closed_uniform,capital_intensive,0.28530272581919786,0.27826751872965216,0.33870967741935487,-0.011538053756093458,-0.10751214666401063
JPN,2011,open,all,0.28546915269426454,0.338098894219043,0.8709677419354839,0.13775407753512015,-0.07114017913790655
JPN,2011,open,labour_intensive,0.28546915269426454,0.4055056232482966,0.6935483870967742,0.055866694736011746,-0.17758356297081632
JPN,2011,open,capital_intensive,0.28546915269426454,0.27735875720038905,0.6774193548387097,0.03567965546769475,-0.12991811173601475
JPN,2011,closed_uniform,all,0.28546915269426454,0.33809889421904293,0.24193548387096775,-0.02670836590938902,-0.11197656268569833
JPN,2011,closed_uniform,labour_intensive,0.28546915269426454,0.4055056232482966,0.14516129032258063,-0.04966621743376515,-0.148099665106248
JPN,2011,closed_uniform,capital_intensive,0.28546915269426454,0.27735875720038905,0.30645161290322576,-0.013639802461675732,-0.12360620512655865
JPN,2012,open,all,0.2837452302462082,0.3375691469008999,0.8709677419354839,0.14183552691833368,-0.06097977168374652
JPN,2012,open,labour_intensive,0.2837452302462082,0.40962885223786016,0.7258064516129032,0.07048333363460968,-0.16090818890829414
JPN,2012,open,capital_intensive,0.2837452302462082,0.2702495281017187,0.6129032258064516,0.04711727176703839,-0.12518423068670223
JPN,2012,closed_uniform,all,0.2837452302462082,0.3375691469008999,0.25806451612903225,-0.02685874307908176,-0.11401173315590041
JPN,2012,closed_uniform,labour_intensive,0.2837452302462082,0.4096288522378602,0.12903225806451613,-0.053056706760793604,-0.14933955566357798
JPN,2012,closed_uniform,capital_intensive,0.2837452302462082,0.27024952810171876,0.32258064516129037,-0.013443251769258424,-0.12546169027280432
JPN,2013,open,all,0.2809716858894191,0.33815024388671183,0.8709677419354839,0.13833226704669827,-0.0568592117214457
JPN,2013,open,labour_intensive,0.2809716858894191,0.3941350039725131,0.7419354838709677,0.0863873143571886,-0.1387794390601922
JPN,2013,open,capital_intensive,0.2809716858894191,0.28491595249161633,0.6290322580645161,0.040524004310557304,-0.12716280098633587
JPN,2013,closed_uniform,all,0.2809716858894191,0.3381502438867118,0.27419354838709675,-0.026606336792583396,-0.11144126946475863
JPN,2013,closed_uniform,labour_intensive,0.2809716858894191,0.3941350039725131,0.12903225806451613,-0.048497482273202,-0.14600454906620353
JPN,2013,closed_uniform,capital_intensive,0.2809716858894191,0.28491595249161633,0.33870967741935487,-0.013274731639178083,-0.1302582799068597
JPN,2014,open,all,0.2764808037696792,0.3274402840158689,0.8709677419354839,0.13503849398682216,-0.05240661622393217
JPN,2014,open,labour_intensive,0.2764808037696792,0.35649133422741747,0.7903225806451613,0.11500972241999935,-0.10270152335926341
JPN,2014,open,capital_intensive,0.2764808037696792,0.3014152368555117,0.6451612903225806,0.05857893590861035,-0.1296942923965217
JPN,2014,closed_uniform,all,0.2764808037696792,0.3274402840158689,0.25806451612903225,-0.02420676852899467,-0.10885559679795678
JPN,2014,closed_uniform,labour_intensive,0.2764808037696792,0.3564913342274174,0.16129032258064513,-0.04283912680110913,-0.12525849696417263
JPN,2014,closed_uniform,capital_intensive,0.2764808037696792,0.3014152368555117,0.33870967741935487,-0.015744239223690115,-0.12936745127536867
JPN,2015,open,all,0.2767660680663641,0.3303469800267255,0.8709677419354839,0.14865981125846067,-0.04604361641671478
JPN,2015,open,labour_intensive,0.2767660680663641,0.35351255587818875,0.8064516129032258,0.11356115891612772,-0.09040395952456198
JPN,2015,open,capital_intensive,0.2767660680663641,0.3053105061110225,0.6290322580645161,0.04592572195742628,-0.12076914333373193
JPN,2015,closed_uniform,all,0.2767660680663641,0.3303469800267255,0.24193548387096775,-0.02792244827602114,-0.11397138018704758
JPN,2015,closed_uniform,labour_intensive,0.2767660680663641,0.3535125558781887,0.16129032258064513,-0.04895308168557366,-0.1286059980609984
JPN,2015,closed_uniform,capital_intensive,0.2767660680663641,0.30531050611102245,0.30645161290322576,-0.016635754128369817,-0.12603251008512698
JPN,2016,open,all,0.2843297733202619,0.3291313646280229,0.9032258064516129,0.1501313739297923,-0.0352217104737122
JPN,2016,open,labour_intensive,0.2843297733202619,0.37408742689759056,0.7903225806451613,0.10025044691931806,-0.10190731766557559
JPN,2016,open,capital_intensive,0.2843297733202619,0.2905692389133452,0.7096774193548387,0.06675541191587198,-0.11132086055175106
JPN,2016,closed_uniform,all,0.2843297733202619,0.329131364628023,0.22580645161290325,-0.029697309641886493,-0.11375439184955982
JPN,2016,closed_uniform,labour_intensive,0.2843297733202619,0.3740874268975906,0.12903225806451613,-0.05339888047826746,-0.13982595655395408
JPN,2016,closed_uniform,capital_intensive,0.2843297733202619,0.29056923891334513,0.29032258064516125,-0.013175657390631645,-0.12350240218055691
JPN,2017,open,all,0.28026230557837095,0.3232028548383568,0.9193548387096774,0.15360760869740903,-0.03320222558834651
JPN,2017,open,labour_intensive,0.28026230557837095,0.3657844594909752,0.7903225806451613,0.10092708322701743,-0.11314762658708871
JPN,2017,open,capital_intensive,0.28026230557837095,0.28281275236820796,0.6935483870967742,0.05289873543227197,-0.10596851752759998
JPN,2017,closed_uniform,all,0.28026230557837095,0.32320285483835687,0.24193548387096775,-0.028864740350645013,-0.10895266440695633
JPN,2017,closed_uniform,labour_intensive,0.28026230557837095,0.3657844594909752,0.14516129032258063,-0.05174575047352631,-0.13691896776380172
JPN,2017,closed_uniform,capital_intensive,0.28026230557837095,0.28281275236820796,0.30645161290322576,-0.013247064461551272,-0.1256934671072533
JPN,2018,open,all,0.28213675609351374,0.3232333654791121,0.9193548387096774,0.15884146793855458,-0.027185008593535953
JPN,2018,open,labour_intensive,0.28213675609351374,0.34885280098015037,0.8064516129032258,0.12441509461206068,-0.09111525157857936
JPN,2018,open,capital_intensive,0.28213675609351374,0.29592048830917894,0.6451612903225806,0.050204124284859375,-0.11131174473745711
JPN,2018,closed_uniform,all,0.28213675609351374,0.3232333654791121,0.24193548387096775,-0.027605776822252848,-0.1058136124506576
JPN,2018,closed_uniform,labour_intensive,0.28213675609351374,0.3488528009801503,0.14516129032258063,-0.05003675927211276,-0.13549990899377698
JPN,2018,closed_uniform,capital_intensive,0.28213675609351374,0.29592048830917894,0.32258064516129037,-0.012167600914004262,-0.11579385666551215
JPN,2019,open,all,0.2860603922922363,0.3242999181898194,0.9193548387096774,0.14640804546024944,-0.036778853500700426
JPN,2019,open,labour_intensive,0.2860603922922363,0.3730777241381738,0.7903225806451613,0.09811802090168359,-0.11707231095579079
JPN,2019,open,capital_intensive,0.2860603922922363,0.27770078358882183,0.6612903225806452,0.04848060777657798,-0.10629473202782813
JPN,2019,closed_uniform,all,0.2860603922922363,0.32429991818981946,0.24193548387096775,-0.027172955748093586,-0.1054948156896997
JPN,2019,closed_uniform,labour_intensive,0.2860603922922363,0.37307772413817386,0.11290322580645162,-0.051639542173508524,-0.13953714076548782
JPN,2019,closed_uniform,capital_intensive,0.2860603922922363,0.2777007835888219,0.30645161290322576,-0.010975441407092279,-0.1229544278090671
JPN,2020,open,all,0.2992008129788184,0.3415563662763826,0.8870967741935484,0.13724598442167163,-0.048564510162334706
JPN,2020,open,labour_intensive,0.2992008129788184,0.3757416063590955,0.8225806451612903,0.12283848356570382,-0.09729957941543849
JPN,2020,open,capital_intensive,0.2992008129788184,0.297776073655237,0.564516129032258,0.006966691529420976,-0.12828581537006095
JPN,2020,closed_uniform,all,0.2992008129788184,0.34155636627638253,0.16129032258064513,-0.028855609459579934,-0.11090340100545407
JPN,2020,closed_uniform,labour_intensive,0.2992008129788184,0.3757416063590954,0.12903225806451613,-0.05388829027171288,-0.14747980366341093
JPN,2020,closed_uniform,capital_intensive,0.2992008129788184,0.29777607365523706,0.32258064516129037,-0.011451920194112009,-0.1193341790541197
JPN,2021,open,all,0.2874377945153668,0.33637127740207845,0.8870967741935484,0.14318751016562498,-0.05012692554318138
JPN,2021,open,labour_intensive,0.2874377945153668,0.38141506659635205,0.7741935483870968,0.1187095924923054,-0.10851939763029139
JPN,2021,open,capital_intensive,0.2874377945153668,0.28704270095967954,0.564516129032258,0.019520844633608814,-0.12014928502029407
JPN,2021,closed_uniform,all,0.2874377945153668,0.33637127740207845,0.19354838709677424,-0.028379444307994606,-0.10505693800414065
JPN,2021,closed_uniform,labour_intensive,0.2874377945153668,0.38141506659635205,0.11290322580645162,-0.0575080602977463,-0.14791162007303177
JPN,2021,closed_uniform,capital_intensive,0.2874377945153668,0.2870427009596795,0.33870967741935487,-0.0114640909279205,-0.11254894961804163
JPN,2022,open,all,0.271980028313235,0.3179599571563122,0.9032258064516129,0.15742247025064282,-0.04548146000646208
JPN,2022,open,labour_intensive,0.271980028313235,0.3765197919597559,0.8225806451612903,0.11748506606179637,-0.1042753933316925
JPN,2022,open,capital_intensive,0.271980028313235,0.2597442808692291,0.6290322580645161,0.03606519248299034,-0.110437811724061
JPN,2022,closed_uniform,all,0.271980028313235,0.31795995715631215,0.24193548387096775,-0.023388075117178886,-0.09352922957596382
JPN,2022,closed_uniform,labour_intensive,0.271980028313235,0.37651979195975593,0.11290322580645162,-0.05462156960316722,-0.13493892858298231
JPN,2022,closed_uniform,capital_intensive,0.271980028313235,0.25974428086922907,0.33870967741935487,-0.009335321931381868,-0.1093942684922947
KOR,2010,open,all,0.22343255907986923,0.22058128435429955,0.8387096774193549,0.1571829490887596,-0.07138788375426733
KOR,2010,open,labour_intensive,0.22343255907986923,0.3398095313093355,0.7096774193548387,0.06961874704980858,-0.15286793256595693
KOR,2010,open,capital_intensive,0.22343255907986923,0.10757955213343352,0.9516129032258065,0.13587695312787118,-0.020656867952761643
KOR,2010,closed_uniform,all,0.22343255907986923,0.22058128435429955,0.3548387096774194,-0.0037107605374155916,-0.06012554171301676
KOR,2010,closed_uniform,labour_intensive,0.22343255907986923,0.3398095313093355,0.22580645161290325,-0.020951388067271204,-0.09943888941530613
KOR,2010,closed_uniform,capital_intensive,0.22343255907986923,0.10757955213343352,0.8387096774193549,0.016693114747622792,-0.030897304335971904
KOR,2011,open,all,0.21422176895487355,0.20764290056627208,0.8548387096774194,0.15202766230988332,-0.06963225875928813
KOR,2011,open,labour_intensive,0.21422176895487355,0.3217304429625824,0.7258064516129032,0.06876232594735382,-0.1339580530279095
KOR,2011,open,capital_intensive,0.21422176895487355,0.09478943795893104,0.967741935483871,0.1261595795835666,-0.0073949945063170736
KOR,2011,closed_uniform,all,0.21422176895487355,0.20764290056627208,0.33870967741935487,-0.003389253270857262,-0.053769803047151066
KOR,2011,closed_uniform,labour_intensive,0.21422176895487355,0.3217304429625824,0.22580645161290325,-0.01504034290102918,-0.08515229387090206
KOR,2011,closed_uniform,capital_intensive,0.21422176895487355,0.09478943795893105,0.8225806451612903,0.01558823472364533,-0.02802024722158361
KOR,2012,open,all,0.21477843959228365,0.20750683657129432,0.8548387096774194,0.14663564227404424,-0.07034710489171625
KOR,2012,open,labour_intensive,0.21477843959228365,0.32086603829277205,0.7096774193548387,0.06485361349193774,-0.1406877221951408
KOR,2012,open,capital_intensive,0.21477843959228365,0.0960136665107032,0.935483870967742,0.12535188429574634,-0.010454887976688906
KOR,2012,closed_uniform,all,0.21477843959228365,0.20750683657129432,0.3548387096774194,-0.003440328964574718,-0.05464175903730634
KOR,2012,closed_uniform,labour_intensive,0.21477843959228365,0.32086603829277216,0.19354838709677424,-0.016162340080595916,-0.09013236481762196
KOR,2012,closed_uniform,capital_intensive,0.21477843959228365,0.0960136665107032,0.8225806451612903,0.01393994805293619,-0.02814344856208227
KOR,2013,open,all,0.22642421489763923,0.19416782649309652,0.8870967741935484,0.16160653416004275,-0.05273650040876607
KOR,2013,open,labour_intensive,0.22642421489763923,0.19193789286006793,0.9838709677419355,0.19604117560138942,-0.017677920505375366
KOR,2013,open,capital_intensive,0.22642421489763923,0.1280493030098221,0.8709677419354839,0.09770477841137154,-0.04033199539285989
KOR,2013,closed_uniform,all,0.22642421489763923,0.19416782649309652,0.20967741935483875,-0.008397520445901363,-0.056883976539796155
KOR,2013,closed_uniform,labour_intensive,0.22642421489763923,0.1919378928600679,0.4838709677419355,-0.00014553191892663353,-0.04620574853327891
KOR,2013,closed_uniform,capital_intensive,0.22642421489763923,0.1280493030098221,0.6774193548387097,0.0075456949428455156,-0.037390944981394766
KOR,2014,open,all,0.23191513374964542,0.20271155931458051,0.8709677419354839,0.15807010936640414,-0.05222333599056142
KOR,2014,open,labour_intensive,0.23191513374964542,0.20847332187070766,0.9838709677419355,0.18408031808301578,-0.029765816949132468
KOR,2014,open,capital_intensive,0.23191513374964542,0.13893526808478573,0.8387096774193549,0.10415416022970192,-0.055088185373531884
KOR,2014,closed_uniform,all,0.23191513374964542,0.2027115593145805,0.24193548387096775,-0.008533755442999474,-0.06045301779632317
KOR,2014,closed_uniform,labour_intensive,0.23191513374964542,0.20847332187070763,0.30645161290322576,-0.005227417351218261,-0.06434810140615943
KOR,2014,closed_uniform,capital_intensive,0.23191513374964542,0.13893526808478573,0.6612903225806452,0.00687283882829387,-0.04156669595738728
KOR,2015,open,all,0.2437365023815687,0.22645656155899266,0.8709677419354839,0.14477650685457213,-0.06301416812539012
KOR,2015,open,labour_intensive,0.2437365023815687,0.24131884435511095,0.9193548387096774,0.1615350019324627,-0.047759553288527906
KOR,2015,open,capital_intensive,0.2437365023815687,0.16196039319735958,0.8064516129032258,0.09233516941113759,-0.07192501775850613
KOR,2015,closed_uniform,all,0.2437365023815687,0.2264565615589927,0.25806451612903225,-0.0070152349434421946,-0.056159051162220364
KOR,2015,closed_uniform,labour_intensive,0.2437365023815687,0.2413188443551109,0.32258064516129037,-0.006491475857453077,-0.06815243580777716
KOR,2015,closed_uniform,capital_intensive,0.2437365023815687,0.16196039319735955,0.5967741935483871,0.00714782978183115,-0.042730083353686166
KOR,2016,open,all,0.25002918502897836,0.23101635226680145,0.8709677419354839,0.14682672742315966,-0.06596633336103844
KOR,2016,open,labour_intensive,0.25002918502897836,0.24998969061008333,0.9032258064516129,0.14791151297084418,-0.0743853302131238
KOR,2016,open,capital_intensive,0.25002918502897836,0.1724730487525594,0.7903225806451613,0.1260786853499565,-0.08799888744902987
KOR,2016,closed_uniform,all,0.25002918502897836,0.2310163522668015,0.3548387096774194,-0.00513569318446383,-0.05802499345949283
KOR,2016,closed_uniform,labour_intensive,0.25002918502897836,0.24998969061008336,0.25806451612903225,-0.008947403293365686,-0.07911487058264458
KOR,2016,closed_uniform,capital_intensive,0.25002918502897836,0.1724730487525594,0.6612903225806452,0.008544048149356193,-0.04522719982568521
KOR,2017,open,all,0.2454125135518153,0.22640040962024088,0.8709677419354839,0.14629087365208399,-0.06052700050062548
KOR,2017,open,labour_intensive,0.2454125135518153,0.1972702690313802,0.9838709677419355,0.2013118188684392,-0.003095177553173345
KOR,2017,open,capital_intensive,0.2454125135518153,0.21128370323056334,0.6774193548387097,0.06467106699668401,-0.12102176171022075
KOR,2017,closed_uniform,all,0.2454125135518153,0.22640040962024094,0.3709677419354839,-0.005125979129662783,-0.052892647497013306
KOR,2017,closed_uniform,labour_intensive,0.2454125135518153,0.19727026903138023,0.3709677419354839,-0.0025413243448069722,-0.05127942885915279
KOR,2017,closed_uniform,capital_intensive,0.2454125135518153,0.21128370323056334,0.4838709677419355,-0.00010852072695843873,-0.04718625875780183
KOR,2018,open,all,0.24519824925295788,0.22718556264877007,0.8709677419354839,0.14720783691349046,-0.06006276872786337
KOR,2018,open,labour_intensive,0.24519824925295788,0.2013629770811126,0.9838709677419355,0.19503310038594915,-0.0011356847632512934
KOR,2018,open,capital_intensive,0.24519824925295788,0.2178593371747907,0.6774193548387097,0.059282198667002434,-0.1208088744673475
KOR,2018,closed_uniform,all,0.24519824925295788,0.22718556264877005,0.3870967741935484,-0.00394680992039162,-0.04853716368490424
KOR,2018,closed_uniform,labour_intensive,0.24519824925295788,0.20136297708111256,0.3870967741935484,-0.0012342058409806067,-0.04893278134136381
KOR,2018,closed_uniform,capital_intensive,0.24519824925295788,0.2178593371747907,0.5161290322580645,0.0007451459298160046,-0.047625257708840796
KOR,2019,open,all,0.25397640230854523,0.21208587491453207,0.9193548387096774,0.172761318509632,-0.04304877100878701
KOR,2019,open,labour_intensive,0.25397640230854523,0.20097367239142205,1.0,0.19116278089091748,0.004344865405660064
KOR,2019,open,capital_intensive,0.25397640230854523,0.196802508419354,0.7419354838709677,0.0765952277014462,-0.110071431393605
KOR,2019,closed_uniform,all,0.25397640230854523,0.2120858749145321,0.33870967741935487,-0.005133256477145631,-0.05119592629556513
KOR,2019,closed_uniform,labour_intensive,0.25397640230854523,0.20097367239142203,0.3709677419354839,-0.0029017876839227963,-0.051531009821861706
KOR,2019,closed_uniform,capital_intensive,0.25397640230854523,0.196802508419354,0.564516129032258,0.003199489632481539,-0.04483026234592133
KOR,2020,open,all,0.2608064943632491,0.2284504604014101,0.8709677419354839,0.17078162315205386,-0.04821399842012447
KOR,2020,open,labour_intensive,0.2608064943632491,0.2248273086805688,0.9838709677419355,0.18329879782833322,-0.007752192496216864
KOR,2020,open,capital_intensive,0.2608064943632491,0.21262774173432097,0.6935483870967742,0.07683809934382824,-0.12248897288459755
KOR,2020,closed_uniform,all,0.2608064943632491,0.22845046040141012,0.3709677419354839,-0.003097788473159363,-0.05208424634863243
KOR,2020,closed_uniform,labour_intensive,0.2608064943632491,0.22482730868056883,0.30645161290322576,-0.005105727975845742,-0.056737039650681026
KOR,2020,closed_uniform,capital_intensive,0.2608064943632491,0.21262774173432097,0.5161290322580645,0.0009776997265154297,-0.05061582257670158
KOR,2021,open,all,0.24764222086116022,0.21262574964761033,0.9193548387096774,0.16969467849931624,-0.04353494378161954
KOR,2021,open,labour_intensive,0.24764222086116022,0.22178744060508687,1.0,0.17916531570665423,0.0018970009280499522
KOR,2021,open,capital_intensive,0.24764222086116022,0.18530997464440613,0.7580645161290323,0.07611733781215269,-0.09556247327489663
KOR,2021,closed_uniform,all,0.24764222086116022,0.2126257496476103,0.33870967741935487,-0.0038888959112682586,-0.05168146790300507
KOR,2021,closed_uniform,labour_intensive,0.24764222086116022,0.22178744060508687,0.27419354838709675,-0.003969513118305512,-0.0623996659691646
KOR,2021,closed_uniform,capital_intensive,0.24764222086116022,0.18530997464440613,0.5483870967741935,0.0021919130017165056,-0.046023291040000275
KOR,2022,open,all,0.23313825242914887,0.19044170938605892,0.9193548387096774,0.1657662141613917,-0.035005866054892004
KOR,2022,open,labour_intensive,0.23313825242914887,0.21604890007818134,0.9838709677419355,0.1673322434703649,-1.2812822275387603e-05
KOR,2022,open,capital_intensive,0.23313825242914887,0.15881741102466457,0.7741935483870968,0.07529261096343695,-0.065456128636944
KOR,2022,closed_uniform,all,0.23313825242914887,0.1904417093860589,0.4032258064516129,-0.002132904943594832,-0.04180113520791601
KOR,2022,closed_uniform,labour_intensive,0.23313825242914887,0.21604890007818134,0.32258064516129037,-0.0036739658544202025,-0.053134516074824084
KOR,2022,closed_uniform,capital_intensive,0.23313825242914887,0.15881741102466457,0.564516129032258,0.0019698623566858087,-0.03301360869088571
MEX,2010,open,all,0.19404526034249447,0.28728913695897085,0.9838709677419355,0.2729818650288488,-0.003420935361413413
MEX,2010,open,labour_intensive,0.19404526034249447,0.18913360129650322,1.0,0.48206172478944853,0.08386681814288174
MEX,2010,open,capital_intensive,0.19404526034249447,0.29787018617148947,0.8225806451612903,0.15940046461300766,-0.14249726423697814
MEX,2010,closed_uniform,all,0.19404526034249447,0.28728913695897085,0.4516129032258065,-0.0026038914069388963,-0.1079894097294401
MEX,2010,closed_uniform,labour_intensive,0.19404526034249447,0.18913360129650322,0.7096774193548387,0.01746524537835517,-0.03815327109243649
MEX,2010,closed_uniform,capital_intensive,0.19404526034249447,0.29787018617148947,0.467741935483871,-0.0019848671658956873,-0.12647633624565657
MEX,2011,open,all,0.1904265845294496,0.28916461584303205,0.967741935483871,0.256199218728088,-0.012878289667613951
MEX,2011,open,labour_intensive,0.1904265845294496,0.19434177115401646,1.0,0.4804948110822072,0.08714245534464571
MEX,2011,open,capital_intensive,0.1904265845294496,0.2915650004297802,0.8064516129032258,0.14658180059356601,-0.12941608503323168
MEX,2011,closed_uniform,all,0.1904265845294496,0.28916461584303205,0.4193548387096774,-0.0022626405643230707,-0.10685751657527132
MEX,2011,closed_uniform,labour_intensive,0.1904265845294496,0.19434177115401655,0.6774193548387097,0.014252207205602135,-0.04149921213578969
MEX,2011,closed_uniform,capital_intensive,0.1904265845294496,0.2915650004297802,0.467741935483871,-0.0016976304519145113,-0.12700087737786123
MEX,2012,open,all,0.18778484503881587,0.27752864819999157,0.9838709677419355,0.2698802034669042,-0.003714030904158394
MEX,2012,open,labour_intensive,0.18778484503881587,0.19966136761911385,1.0,0.48022456054929324,0.08194499367642294
MEX,2012,open,capital_intensive,0.18778484503881587,0.27548452650152,0.9032258064516129,0.1605434721751624,-0.13231220015367662
MEX,2012,closed_uniform,all,0.18778484503881587,0.27752864819999157,0.4354838709677419,-0.0027249117825211555,-0.10234565351958855
MEX,2012,closed_uniform,labour_intensive,0.18778484503881587,0.19966136761911382,0.7258064516129032,0.014217509571483239,-0.04814928020373743
MEX,2012,closed_uniform,capital_intensive,0.18778484503881587,0.27548452650152,0.467741935483871,-0.0017027997442844445,-0.13097804028881138
MEX,2013,open,all,0.20766844766510617,0.2770684873859656,0.9838709677419355,0.2976597325225057,-0.002439175332802246
MEX,2013,open,labour_intensive,0.20766844766510617,0.22948118838520803,1.0,0.4179296189642151,0.06972076437263774
MEX,2013,open,capital_intensive,0.20766844766510617,0.292551345819913,0.7903225806451613,0.1857824507178648,-0.13799255111857564
MEX,2013,closed_uniform,all,0.20766844766510617,0.2770684873859656,0.467741935483871,-0.0016090878320434987,-0.104009755213047
MEX,2013,closed_uniform,labour_intensive,0.20766844766510617,0.229481188385208,0.4193548387096774,-0.006992546170232206,-0.09248365356556248
MEX,2013,closed_uniform,capital_intensive,0.20766844766510617,0.292551345819913,0.4838709677419355,-0.00095056888535755,-0.1328836500211986
MEX,2014,open,all,0.1910471272535596,0.2668022885777784,1.0,0.29664006514796987,0.005374098836823105
MEX,2014,open,labour_intensive,0.1910471272535596,0.20790642753372127,1.0,0.36610111240369236,0.07227942569947929
MEX,2014,open,capital_intensive,0.1910471272535596,0.27632736499645805,0.9032258064516129,0.17177884543640776,-0.1302095033906913
MEX,2014,closed_uniform,all,0.1910471272535596,0.2668022885777784,0.4838709677419355,-0.0016257350796358705,-0.09117460272486183
MEX,2014,closed_uniform,labour_intensive,0.1910471272535596,0.20790642753372127,0.5806451612903225,0.007525068865134044,-0.05619236557250423
MEX,2014,closed_uniform,capital_intensive,0.1910471272535596,0.27632736499645805,0.467741935483871,-0.0019217801273105906,-0.13135302451243572
MEX,2015,open,all,0.19037672572282435,0.25340588212032505,1.0,0.32910534960951804,0.02796046864568147
MEX,2015,open,labour_intensive,0.19037672572282435,0.196895512091468,1.0,0.3902353635250381,0.08736068631846344
MEX,2015,open,capital_intensive,0.19037672572282435,0.2721168052051882,0.9032258064516129,0.20964868220098776,-0.11404053815414658
MEX,2015,closed_uniform,all,0.19037672572282435,0.25340588212032505,0.532258064516129,0.006297878844282567,-0.08491834890442182
MEX,2015,closed_uniform,labour_intensive,0.19037672572282435,0.19689551209146797,0.6935483870967742,0.010352263694177022,-0.04787657527822564
MEX,2015,closed_uniform,capital_intensive,0.19037672572282435,0.2721168052051882,0.5806451612903225,0.005074789582455441,-0.11541426499401553
MEX,2016,open,all,0.18345259954396909,0.2503044127189903,1.0,0.3526505653116403,0.029041806557102257
MEX,2016,open,labour_intensive,0.18345259954396909,0.19832208770971416,1.0,0.43190728686040425,0.06654880471713315
MEX,2016,open,capital_intensive,0.18345259954396909,0.25031004303098475,0.9193548387096774,0.21092048674231134,-0.026446743869608796
MEX,2016,closed_uniform,all,0.18345259954396909,0.2503044127189902,0.6129032258064516,0.008967773331689965,-0.09459429445998313
MEX,2016,closed_uniform,labour_intensive,0.18345259954396909,0.1983220877097141,0.6612903225806452,0.019788211469220218,-0.046004295110771753
MEX,2016,closed_uniform,capital_intensive,0.18345259954396909,0.2503100430309847,0.6451612903225806,0.019842505888044593,-0.1173062820582852
MEX,2017,open,all,0.17579041469141257,0.23614259177309313,1.0,0.3526967817197658,0.04292084835846541
MEX,2017,open,labour_intensive,0.17579041469141257,0.18723606444858218,1.0,0.4268144585856354,0.06397961017682821
MEX,2017,open,capital_intensive,0.17579041469141257,0.24064801896386004,0.967741935483871,0.2053397399734894,-0.009448195716690228
MEX,2017,closed_uniform,all,0.17579041469141257,0.23614259177309316,0.6451612903225806,0.018223675914939785,-0.08003232433070667
MEX,2017,closed_uniform,labour_intensive,0.17579041469141257,0.18723606444858223,0.6935483870967742,0.026233447021398265,-0.036371299319860356
MEX,2017,closed_uniform,capital_intensive,0.17579041469141257,0.24064801896386004,0.6612903225806452,0.01719628711263574,-0.10786060148381318
MEX,2018,open,all,0.17830135826114932,0.2292228403985094,1.0,0.3464622485906821,0.04882710501019741
MEX,2018,open,labour_intensive,0.17830135826114932,0.1902609438979189,1.0,0.42179126750406604,0.071577114529527
MEX,2018,open,capital_intensive,0.17830135826114932,0.2319359366951464,0.9516129032258065,0.19767958341090436,-0.008554163973039985
MEX,2018,closed_uniform,all,0.17830135826114932,0.22922284039850938,0.6451612903225806,0.017589038186502426,-0.08110193127102189
MEX,2018,closed_uniform,labour_intensive,0.17830135826114932,0.1902609438979188,0.6612903225806452,0.025190170423989633,-0.03801310587813486
MEX,2018,closed_uniform,capital_intensive,0.17830135826114932,0.23193593669514642,0.6612903225806452,0.016545194214051012,-0.11346942960738529
MEX,2019,open,all,0.18459049195329325,0.22924974338570184,1.0,0.363039464975179,0.05502404989461809
MEX,2019,open,labour_intensive,0.18459049195329325,0.19711108579529196,1.0,0.42828658138758074,0.08150235889309787
MEX,2019,open,capital_intensive,0.18459049195329325,0.23618488487308062,0.967741935483871,0.20268030662926714,-0.005966897852646952
MEX,2019,closed_uniform,all,0.18459049195329325,0.22924974338570184,0.6774193548387097,0.020681966838788646,-0.08036400887422038
MEX,2019,closed_uniform,labour_intensive,0.18459049195329325,0.19711108579529193,0.6451612903225806,0.01952225272873101,-0.03987576045710664
MEX,2019,closed_uniform,capital_intensive,0.18459049195329325,0.23618488487308062,0.6451612903225806,0.01866021362841111,-0.11752799710829823
MEX,2020,open,all,0.1976170378287258,0.2439299396530129,1.0,0.405967300029089,0.05934107983990827
MEX,2020,open,labour_intensive,0.1976170378287258,0.21467742629974534,1.0,0.4477953147845339,0.0738495728975529
MEX,2020,open,capital_intensive,0.1976170378287258,0.24839322743999506,0.9838709677419355,0.22074578156812272,-0.0094028220689579
MEX,2020,closed_uniform,all,0.1976170378287258,0.24392993965301293,0.6612903225806452,0.020742901845627965,-0.08468893136213329
MEX,2020,closed_uniform,labour_intensive,0.1976170378287258,0.21467742629974532,0.6290322580645161,0.008178829635029111,-0.0462878357747144
MEX,2020,closed_uniform,capital_intensive,0.1976170378287258,0.24839322743999512,0.7258064516129032,0.02329825085353368,-0.11953043290576285
MEX,2021,open,all,0.19939025532688034,0.2390996785149902,1.0,0.35849423843465517,0.03703368188159328
MEX,2021,open,labour_intensive,0.19939025532688034,0.2197404001060943,1.0,0.41176862395610536,0.023764955973890556
MEX,2021,open,capital_intensive,0.19939025532688034,0.22673820192716002,0.967741935483871,0.2038994062400231,-0.027680734024225134
MEX,2021,closed_uniform,all,0.19939025532688034,0.2390996785149902,0.5806451612903225,0.002887292522648327,-0.0990108810217867
MEX,2021,closed_uniform,labour_intensive,0.19939025532688034,0.21974040010609436,0.5161290322580645,0.0010284942642913575,-0.06268693130928624
MEX,2021,closed_uniform,capital_intensive,0.19939025532688034,0.22673820192716002,0.5967741935483871,0.003978732857653128,-0.13437214479001058
MEX,2022,open,all,0.19949464619139887,0.24769041351613752,1.0,0.3272970263652405,0.008188732430441603
MEX,2022,open,labour_intensive,0.19949464619139887,0.15170569672346482,1.0,0.3594952498046061,0.04181725655995763
MEX,2022,open,capital_intensive,0.19949464619139887,0.2441997225939586,0.9838709677419355,0.22021273973939715,-0.02502412610812077
MEX,2022,closed_uniform,all,0.19949464619139887,0.24769041351613752,0.5161290322580645,0.000987322936642776,-0.10767155722215879
MEX,2022,closed_uniform,labour_intensive,0.19949464619139887,0.15170569672346487,0.6935483870967742,0.015152182912829909,-0.034056234797628634
MEX,2022,closed_uniform,capital_intensive,0.19949464619139887,0.2441997225939586,0.5161290322580645,0.0029477309464596146,-0.1233997791293134
NLD,2010,open,all,0.29724543168954065,0.24089701431656632,0.9516129032258065,0.23870974952435367,-0.03613825455983147
NLD,2010,open,labour_intensive,0.29724543168954065,0.15240717124332812,1.0,0.23217441741912673,0.009028062093964617
NLD,2010,open,capital_intensive,0.29724543168954065,0.28403427958735983,0.7580645161290323,0.19131034190420193,-0.10141465638865507
NLD,2010,closed_uniform,all,0.29724543168954065,0.2408970143165663,0.4032258064516129,-0.007809661600893747,-0.04996624831949806
NLD,2010,closed_uniform,labour_intensive,0.29724543168954065,0.15240717124332814,0.4838709677419355,-0.0011040963620009836,-0.04067276160318302
NLD,2010,closed_uniform,capital_intensive,0.29724543168954065,0.28403427958736005,0.5161290322580645,0.0024237417896549873,-0.07340087971640533
NLD,2011,open,all,0.28923571267801623,0.23561472880474194,0.9516129032258065,0.23676988118647735,-0.046075644832568874
NLD,2011,open,labour_intensive,0.28923571267801623,0.14911505597002714,1.0,0.24148986430361866,0.033514096588827785
NLD,2011,open,capital_intensive,0.28923571267801623,0.27083552645044695,0.7580645161290323,0.17627347135418547,-0.1030992902111966
NLD,2011,closed_uniform,all,0.28923571267801623,0.23561472880474194,0.3870967741935484,-0.00696577936785886,-0.052112753694431024
NLD,2011,closed_uniform,labour_intensive,0.28923571267801623,0.14911505597002706,0.5483870967741935,0.001978233606793056,-0.0411255421032881
NLD,2011,closed_uniform,capital_intensive,0.28923571267801623,0.27083552645044695,0.532258064516129,0.002219370631674933,-0.07010932503869141
NLD,2012,open,all,0.28887790042679246,0.24974327220146872,0.935483870967742,0.2379768628250726,-0.06096929565539011
NLD,2012,open,labour_intensive,0.28887790042679246,0.15261168705937364,1.0,0.24078807597796417,0.024258961612472374
NLD,2012,open,capital_intensive,0.28887790042679246,0.2952061366488958,0.7580645161290323,0.17234297788239322,-0.11771590713719585
NLD,2012,closed_uniform,all,0.28887790042679246,0.2497432722014687,0.3709677419354839,-0.009129718432992373,-0.05472182947055221
NLD,2012,closed_uniform,labour_intensive,0.28887790042679246,0.15261168705937367,0.4838709677419355,-0.0001840513219358575,-0.038107934574511684
NLD,2012,closed_uniform,capital_intensive,0.28887790042679246,0.29520613664889583,0.5161290322580645,0.0018659564380659743,-0.06758822148369603
NLD,2013,open,all,0.2889445875568715,0.24779162787636558,0.967741935483871,0.22827903529419832,-0.04755035382599043
NLD,2013,open,labour_intensive,0.2889445875568715,0.15743642236809638,1.0,0.21862528470653955,0.023990682450698464
NLD,2013,open,capital_intensive,0.2889445875568715,0.29220360395899697,0.7580645161290323,0.1520672316634717,-0.10462055118032962
NLD,2013,closed_uniform,all,0.2889445875568715,0.2477916278763656,0.3709677419354839,-0.009847920848176872,-0.05653758953538873
NLD,2013,closed_uniform,labour_intensive,0.2889445875568715,0.15743642236809635,0.4354838709677419,-0.0020712574088645463,-0.03865407107901145
NLD,2013,closed_uniform,capital_intensive,0.2889445875568715,0.29220360395899697,0.532258064516129,0.0019453461976763342,-0.07341192549868347
NLD,2014,open,all,0.28884640931318234,0.23374829321639592,0.967741935483871,0.2728959663480012,-0.044351101666150444
NLD,2014,open,labour_intensive,0.28884640931318234,0.15811209983448463,1.0,0.22079288901023705,0.02354762614909789
NLD,2014,open,capital_intensive,0.28884640931318234,0.26158364759710745,0.7741935483870968,0.1905893664501253,-0.08414118317516234
NLD,2014,closed_uniform,all,0.28884640931318234,0.23374829321639604,0.3870967741935484,-0.006831740112724444,-0.056973667729196875
NLD,2014,closed_uniform,labour_intensive,0.28884640931318234,0.15811209983448457,0.4354838709677419,-0.00116911466884001,-0.04261028676979253
NLD,2014,closed_uniform,capital_intensive,0.28884640931318234,0.26158364759710745,0.564516129032258,0.004186852463738011,-0.08489173072251058
NLD,2015,open,all,0.2825291116169845,0.22297293282701938,0.935483870967742,0.23199049737757135,-0.06135147917059469
NLD,2015,open,labour_intensive,0.2825291116169845,0.16140454377616723,0.967741935483871,0.22043502345133567,-0.026411792377340426
NLD,2015,open,capital_intensive,0.2825291116169845,0.228274346827774,0.8064516129032258,0.1486606948484617,-0.1054539801464432
NLD,2015,closed_uniform,all,0.2825291116169845,0.22297293282701922,0.4354838709677419,-0.006785897766326321,-0.06273982649855556
NLD,2015,closed_uniform,labour_intensive,0.2825291116169845,0.16140454377616723,0.4193548387096774,-0.0019718485037736044,-0.07136336326193522
NLD,2015,closed_uniform,capital_intensive,0.2825291116169845,0.22827434682777403,0.6129032258064516,0.003857104028165026,-0.07640474812073864
NLD,2016,open,all,0.287791342042005,0.20945557529593858,0.9516129032258065,0.23709277122219127,-0.046175500382382356
NLD,2016,open,labour_intensive,0.287791342042005,0.15588866482335598,0.9838709677419355,0.2152847662224842,-0.014946282373654196
NLD,2016,open,capital_intensive,0.287791342042005,0.22543362534039446,0.8064516129032258,0.18209571152527315,-0.10046437176819029
NLD,2016,closed_uniform,all,0.287791342042005,0.2094555752959386,0.4354838709677419,-0.004749058117108795,-0.05668762616410142
NLD,2016,closed_uniform,labour_intensive,0.287791342042005,0.15588866482335595,0.4032258064516129,-0.0018896110363112728,-0.06551655090783766
NLD,2016,closed_uniform,capital_intensive,0.287791342042005,0.22543362534039446,0.5806451612903225,0.0033656405006702306,-0.07915965219351745
NLD,2017,open,all,0.2815806118078607,0.20494351128889562,0.935483870967742,0.23904089679100163,-0.03848021888944134
NLD,2017,open,labour_intensive,0.2815806118078607,0.15295927910140272,0.9838709677419355,0.2212351123445664,-0.004126746013453697
NLD,2017,open,capital_intensive,0.2815806118078607,0.21188700264156787,0.8064516129032258,0.1665582390618869,-0.08372162823225654
NLD,2017,closed_uniform,all,0.2815806118078607,0.20494351128889562,0.4193548387096774,-0.0049793046105901795,-0.0580320277044028
NLD,2017,closed_uniform,labour_intensive,0.2815806118078607,0.1529592791014027,0.4516129032258065,-0.002967863958090372,-0.06656688350308566
NLD,2017,closed_uniform,capital_intensive,0.2815806118078607,0.21188700264156787,0.5483870967741935,0.002137034052989456,-0.07498428021686879
NLD,2018,open,all,0.27853765050336554,0.19162742056756885,0.9516129032258065,0.23449157856520733,-0.029061617755337082
NLD,2018,open,labour_intensive,0.27853765050336554,0.149922783743989,0.9838709677419355,0.22227039582519395,-0.004802916209690061
NLD,2018,open,capital_intensive,0.27853765050336554,0.19600088034866026,0.7903225806451613,0.15604909580669213,-0.07635087517970243
NLD,2018,closed_uniform,all,0.27853765050336554,0.1916274205675689,0.4193548387096774,-0.0049775620949174815,-0.05516705309087774
NLD,2018,closed_uniform,labour_intensive,0.27853765050336554,0.149922783743989,0.4193548387096774,-0.0020283105579899374,-0.06201119352817493
NLD,2018,closed_uniform,capital_intensive,0.27853765050336554,0.19600088034866026,0.5967741935483871,0.002919011999748977,-0.05548095383326984
NLD,2019,open,all,0.28219835754312095,0.18999311185989465,0.967741935483871,0.2355301761998282,-0.030816754543503244
NLD,2019,open,labour_intensive,0.28219835754312095,0.14757144817897433,0.9838709677419355,0.23140297872561089,-0.009943558487766097
NLD,2019,open,capital_intensive,0.28219835754312095,0.1967079462988357,0.8064516129032258,0.15729362425849425,-0.07879967640225705
NLD,2019,closed_uniform,all,0.28219835754312095,0.18999311185989465,0.4193548387096774,-0.0041266684357613714,-0.054491905771498456
NLD,2019,closed_uniform,labour_intensive,0.28219835754312095,0.14757144817897433,0.467741935483871,-0.0017144011573134166,-0.06057943180301635
NLD,2019,closed_uniform,capital_intensive,0.28219835754312095,0.1967079462988357,0.5967741935483871,0.006688029569690501,-0.05594633062764778
NLD,2020,open,all,0.2948598461544083,0.18765467893226995,0.967741935483871,0.2217384579078736,-0.037355295318812154
NLD,2020,open,labour_intensive,0.2948598461544083,0.15637594001091507,0.9838709677419355,0.20222862292436897,-0.020273590354748766
NLD,2020,open,capital_intensive,0.2948598461544083,0.19599686528899285,0.8064516129032258,0.163399125949661,-0.0808233917460526
NLD,2020,closed_uniform,all,0.2948598461544083,0.18765467893226995,0.4354838709677419,-0.0034405518298799564,-0.05276548429893982
NLD,2020,closed_uniform,labour_intensive,0.2948598461544083,0.15637594001091507,0.4032258064516129,-0.0024195292656509493,-0.05772086086175929
NLD,2020,closed_uniform,capital_intensive,0.2948598461544083,0.19599686528899288,0.6290322580645161,0.005982960811188431,-0.060703751522944965
NLD,2021,open,all,0.2832179749719357,0.18056851600908674,1.0,0.27756158085252214,0.009727545355736694
NLD,2021,open,labour_intensive,0.2832179749719357,0.16086450216837817,1.0,0.2401600248759035,0.04061685259692477
NLD,2021,open,capital_intensive,0.2832179749719357,0.16809163730473448,0.9193548387096774,0.1827838904826835,-0.03554359787693814
NLD,2021,closed_uniform,all,0.2832179749719357,0.18056851600908663,0.467741935483871,-0.0030858148884160552,-0.0448565710385318
NLD,2021,closed_uniform,labour_intensive,0.2832179749719357,0.1608645021683782,0.3870967741935484,-0.003353050692656706,-0.050207620025379734
NLD,2021,closed_uniform,capital_intensive,0.2832179749719357,0.16809163730473453,0.6612903225806452,0.005731235590409639,-0.025321841838897075
NLD,2022,open,all,0.2638467753018666,0.18996335149478158,0.9838709677419355,0.2362621054418995,-0.00939609181840162
NLD,2022,open,labour_intensive,0.2638467753018666,0.15752215365293193,1.0,0.22857661236613874,0.02765708335972547
NLD,2022,open,capital_intensive,0.2638467753018666,0.17210849850556584,0.9032258064516129,0.16744774994544645,-0.03336940975378422
NLD,2022,closed_uniform,all,0.2638467753018666,0.18996335149478158,0.3870967741935484,-0.006248651816976952,-0.0525126669640322
NLD,2022,closed_uniform,labour_intensive,0.2638467753018666,0.15752215365293193,0.4193548387096774,-0.002549277490840607,-0.051283228288573304
NLD,2022,closed_uniform,capital_intensive,0.2638467753018666,0.17210849850556584,0.6290322580645161,0.005663988107046186,-0.0389318462720501
POL,2010,open,all,0.2223531820712738,0.22319816825375188,1.0,0.25271749512024727,0.014598131197679304
POL,2010,open,labour_intensive,0.2223531820712738,0.28260551856184707,1.0,0.21296332945442037,0.005179409880633257
POL,2010,open,capital_intensive,0.2223531820712738,0.16869058831371003,0.9838709677419355,0.16574804294774814,-0.053713426541171255
POL,2010,closed_uniform,all,0.2223531820712738,0.22319816825375188,0.5161290322580645,0.00551629380351043,-0.06642460487153176
POL,2010,closed_uniform,labour_intensive,0.2223531820712738,0.282605518561847,0.3709677419354839,-0.009084136013724264,-0.0779940607014396
POL,2010,closed_uniform,capital_intensive,0.2223531820712738,0.16869058831371003,0.6612903225806452,0.017926538265142955,-0.04158006172454426
POL,2011,open,all,0.2152789006037327,0.2255066162050111,1.0,0.2626185398305747,0.01154825588438424
POL,2011,open,labour_intensive,0.2152789006037327,0.30722507169863933,1.0,0.22260804771926168,0.0002507317340812998
POL,2011,open,capital_intensive,0.2152789006037327,0.15834760415340468,0.9838709677419355,0.15875875531485692,-0.045797804295126365
POL,2011,closed_uniform,all,0.2152789006037327,0.22550661620501108,0.5161290322580645,0.0040279135799347054,-0.06381381959723131
POL,2011,closed_uniform,labour_intensive,0.2152789006037327,0.3072250716986393,0.3548387096774194,-0.021140328333060565,-0.09110128978222523
POL,2011,closed_uniform,capital_intensive,0.2152789006037327,0.15834760415340468,0.7096774193548387,0.023205319680814157,-0.03358048415696928
POL,2012,open,all,0.216975540114433,0.2352241684965994,0.9838709677419355,0.24853608221602488,-0.0005114215929249155
POL,2012,open,labour_intensive,0.216975540114433,0.29536936307144773,0.967741935483871,0.19569060290341372,-0.005810983387977975
POL,2012,open,capital_intensive,0.216975540114433,0.17612348572004086,0.9516129032258065,0.1583938439836821,-0.05406016830805059
POL,2012,closed_uniform,all,0.216975540114433,0.2352241684965994,0.5,0.0009718917115437986,-0.07766437066686904
POL,2012,closed_uniform,labour_intensive,0.216975540114433,0.29536936307144773,0.27419354838709675,-0.020549270666789465,-0.0990274818433231
POL,2012,closed_uniform,capital_intensive,0.216975540114433,0.17612348572004086,0.5967741935483871,0.008303426993257562,-0.03883241815094843
POL,2013,open,all,0.21983711370372547,0.22745026885662514,1.0,0.27806514949259387,0.01910929082169799
POL,2013,open,labour_intensive,0.21983711370372547,0.3113227098130437,0.9516129032258065,0.13149284934493016,-0.02988974934847588
POL,2013,open,capital_intensive,0.21983711370372547,0.1612756064565188,0.9516129032258065,0.18791256064319425,-0.05132717453508606
POL,2013,closed_uniform,all,0.21983711370372547,0.2274502688566252,0.5161290322580645,0.0060256404989029455,-0.0600399463592827
POL,2013,closed_uniform,labour_intensive,0.21983711370372547,0.3113227098130438,0.19354838709677424,-0.04205326938369791,-0.1124433069160681
POL,2013,closed_uniform,capital_intensive,0.21983711370372547,0.16127560645651878,0.7258064516129032,0.03310382431260192,-0.04685663092001614
POL,2014,open,all,0.22288873830899947,0.2101018149317111,1.0,0.28642797565517575,0.03823333537442128
POL,2014,open,labour_intensive,0.22288873830899947,0.2932231904526855,1.0,0.18820616702437554,0.02780150052606728
POL,2014,open,capital_intensive,0.22288873830899947,0.14235725284788806,0.9516129032258065,0.19731762065432842,-0.02706613129903107
POL,2014,closed_uniform,all,0.22288873830899947,0.2101018149317111,0.564516129032258,0.015869636535103038,-0.049792959221945654
POL,2014,closed_uniform,labour_intensive,0.22288873830899947,0.29322319045268547,0.22580645161290325,-0.02924947888443774,-0.09517928721963853
POL,2014,closed_uniform,capital_intensive,0.22288873830899947,0.14235725284788806,0.7741935483870968,0.04056091990382871,-0.03813568043716435
POL,2015,open,all,0.2207988564254865,0.2230804248763263,1.0,0.26775507002993826,0.018061584066253855
POL,2015,open,labour_intensive,0.2207988564254865,0.3030797357375447,0.9838709677419355,0.17090018453313466,-0.0005891469894928059
POL,2015,open,capital_intensive,0.2207988564254865,0.1484134086525585,0.9516129032258065,0.19868554144613312,-0.022809462410040227
POL,2015,closed_uniform,all,0.2207988564254865,0.22308042487632623,0.564516129032258,0.008155664092304116,-0.059413738949170264
POL,2015,closed_uniform,labour_intensive,0.2207988564254865,0.30307973573754465,0.22580645161290325,-0.03277518814236585,-0.11374637303548654
POL,2015,closed_uniform,capital_intensive,0.2207988564254865,0.1484134086525585,0.7741935483870968,0.03918284601360325,-0.03884765278667787
POL,2016,open,all,0.22806938760112158,0.21575129701509002,1.0,0.25494867295874724,0.019652556964058904
POL,2016,open,labour_intensive,0.22806938760112158,0.29239369874267124,1.0,0.14627746961814292,0.0034581674504710613
POL,2016,open,capital_intensive,0.22806938760112158,0.14736599040414905,0.9516129032258065,0.19580865877964665,-0.027970597380505183
POL,2016,closed_uniform,all,0.22806938760112158,0.21575129701509002,0.5161290322580645,0.003584596603029483,-0.05612268503583101
POL,2016,closed_uniform,labour_intensive,0.22806938760112158,0.29239369874267124,0.19354838709677424,-0.045474968255219295,-0.10580817221874775
POL,2016,closed_uniform,capital_intensive,0.22806938760112158,0.14736599040414902,0.7258064516129032,0.03246148001860072,-0.045078572545928786
POL,2017,open,all,0.22749714672980365,0.21081376404479887,1.0,0.2826998834062412,0.030451428637150085
POL,2017,open,labour_intensive,0.22749714672980365,0.2947502194742665,0.9838709677419355,0.13751654570793947,-0.0026656118546666274
POL,2017,open,capital_intensive,0.22749714672980365,0.14550082063961556,0.9516129032258065,0.20130885245599867,-0.02915751144232903
POL,2017,closed_uniform,all,0.22749714672980365,0.21081376404479887,0.5161290322580645,0.011276428357217844,-0.05931479817423696
POL,2017,closed_uniform,labour_intensive,0.22749714672980365,0.2947502194742665,0.17741935483870963,-0.04299778823159717,-0.11723489134887566
POL,2017,closed_uniform,capital_intensive,0.22749714672980365,0.14550082063961556,0.7096774193548387,0.031017851586229217,-0.04877951415691392
POL,2018,open,all,0.22983875908505214,0.21495152675414497,1.0,0.27415829791229673,0.011166588605838357
POL,2018,open,labour_intensive,0.22983875908505214,0.297546157820206,1.0,0.12827309759880057,0.009846520545193638
POL,2018,open,capital_intensive,0.22983875908505214,0.15789361973557514,0.9516129032258065,0.17729491421764892,-0.045227146967627224
POL,2018,closed_uniform,all,0.22983875908505214,0.214951526754145,0.5483870967741935,0.01463684486253225,-0.053861387649559694
POL,2018,closed_uniform,labour_intensive,0.22983875908505214,0.29754615782020605,0.17741935483870963,-0.03836493387732398,-0.1124801591279502
POL,2018,closed_uniform,capital_intensive,0.22983875908505214,0.1578936197355751,0.6935483870967742,0.023150539384895058,-0.049698399610368246
POL,2019,open,all,0.23214158340592642,0.20944153004878738,1.0,0.3106531939782561,0.0383805659529457
POL,2019,open,labour_intensive,0.23214158340592642,0.2753446145178622,1.0,0.18809827738334178,0.025606444136113626
POL,2019,open,capital_intensive,0.23214158340592642,0.15834077896345228,0.9516129032258065,0.2092146231607212,-0.020366963335451016
POL,2019,closed_uniform,all,0.23214158340592642,0.20944153004878724,0.5967741935483871,0.02687465851848936,-0.06273257170452154
POL,2019,closed_uniform,labour_intensive,0.23214158340592642,0.2753446145178622,0.29032258064516125,-0.025085037031111423,-0.09146483115210655
POL,2019,closed_uniform,capital_intensive,0.23214158340592642,0.15834077896345228,0.7741935483870968,0.03617070962429125,-0.06920084036669033
POL,2020,open,all,0.24327497616933996,0.21726015896209594,1.0,0.30548748008148063,0.049651787544357284
POL,2020,open,labour_intensive,0.24327497616933996,0.2745701132740039,1.0,0.19713167446708318,0.029896722138265608
POL,2020,open,capital_intensive,0.24327497616933996,0.16834873949959026,0.9516129032258065,0.17706514419031985,-0.015162129895267162
POL,2020,closed_uniform,all,0.24327497616933996,0.2172601589620959,0.5967741935483871,0.02065206718112686,-0.061351291008166164
POL,2020,closed_uniform,labour_intensive,0.24327497616933996,0.2745701132740039,0.30645161290322576,-0.023314449565298878,-0.08711524569838094
POL,2020,closed_uniform,capital_intensive,0.24327497616933996,0.16834873949959026,0.7580645161290323,0.02653585397695024,-0.0694950538419685
POL,2021,open,all,0.22454978921672952,0.21839898373988745,1.0,0.28689486640865636,0.019161511404168163
POL,2021,open,labour_intensive,0.22454978921672952,0.30445543666506375,0.9838709677419355,0.1991160691052501,-0.01208525049884479
POL,2021,open,capital_intensive,0.22454978921672952,0.16154348533671004,0.9032258064516129,0.140762895693319,-0.04264821282946568
POL,2021,closed_uniform,all,0.22454978921672952,0.21839898373988745,0.564516129032258,0.012675886235144512,-0.06311111277703504
POL,2021,closed_uniform,labour_intensive,0.22454978921672952,0.30445543666506386,0.24193548387096775,-0.03773318917811869,-0.10425669702635026
POL,2021,closed_uniform,capital_intensive,0.22454978921672952,0.16154348533671004,0.6612903225806452,0.010263171544440564,-0.07789329643573037
POL,2022,open,all,0.20588649431555284,0.21686207244539737,1.0,0.2724570745517374,0.0028789018229501695
POL,2022,open,labour_intensive,0.20588649431555284,0.2742846253026642,0.967741935483871,0.1424970211789473,-0.06563582557911671
POL,2022,open,capital_intensive,0.20588649431555284,0.18366202527940975,0.8870967741935484,0.18977427736395905,-0.04879371856553677
POL,2022,closed_uniform,all,0.20588649431555284,0.21686207244539737,0.5967741935483871,0.01609707211896219,-0.08396325057924947
POL,2022,closed_uniform,labour_intensive,0.20588649431555284,0.27428462530266423,0.20967741935483875,-0.03820924538065995,-0.10395499335309397
POL,2022,closed_uniform,capital_intensive,0.20588649431555284,0.18366202527940978,0.6612903225806452,0.027550932386652044,-0.10114184649689428
USA,2010,open,all,0.3248947807869571,0.3061372377113821,0.8431372549019608,0.14591286065025277,-0.10821713810539543
USA,2010,open,labour_intensive,0.3248947807869571,0.23857637393764122,0.8823529411764706,0.1820572625792403,-0.043848767413417034
USA,2010,open,capital_intensive,0.3248947807869571,0.2653887279609093,0.7058823529411764,0.11605556406607281,-0.13398877903838163
USA,2010,closed_uniform,all,0.3248947807869571,0.30613723771138224,0.33333333333333337,-0.024065664377627805,-0.14758472018057228
USA,2010,closed_uniform,labour_intensive,0.3248947807869571,0.23857637393764125,0.3529411764705882,-0.01195070321104369,-0.07733659131102982
USA,2010,closed_uniform,capital_intensive,0.3248947807869571,0.2653887279609093,0.47058823529411764,-0.00040151753865896866,-0.18742990201012186
USA,2011,open,all,0.3176636625673599,0.3036736274067946,0.8431372549019608,0.14659878934062331,-0.11908475104291813
USA,2011,open,labour_intensive,0.3176636625673599,0.24135722933898562,0.8823529411764706,0.15374330654664664,-0.047334688651811035
USA,2011,open,capital_intensive,0.3176636625673599,0.27117771038534955,0.7058823529411764,0.1399101314261998,-0.1490602571014418
USA,2011,closed_uniform,all,0.3176636625673599,0.3036736274067946,0.3137254901960784,-0.02077885754669423,-0.1492787605354163
USA,2011,closed_uniform,labour_intensive,0.3176636625673599,0.2413572293389856,0.2941176470588235,-0.015160038527528286,-0.07992789929864147
USA,2011,closed_uniform,capital_intensive,0.3176636625673599,0.2711777103853495,0.4901960784313726,-0.0003901077283688381,-0.1965648045402063
USA,2012,open,all,0.31748412996745096,0.308446611336687,0.8235294117647058,0.15821194389777288,-0.11948406625406813
USA,2012,open,labour_intensive,0.31748412996745096,0.2582860077137492,0.8431372549019608,0.1206524315651536,-0.0660304147440968
USA,2012,open,capital_intensive,0.31748412996745096,0.2620796799782302,0.7058823529411764,0.2039959293073788,-0.11703044451443503
USA,2012,closed_uniform,all,0.31748412996745096,0.308446611336687,0.33333333333333337,-0.02129379164110423,-0.14554340250452563
USA,2012,closed_uniform,labour_intensive,0.31748412996745096,0.2582860077137492,0.27450980392156865,-0.016450140918792266,-0.08828165829788484
USA,2012,closed_uniform,capital_intensive,0.31748412996745096,0.2620796799782302,0.5098039215686274,0.002220118432650575,-0.18310682010557056
USA,2013,open,all,0.31495726893051784,0.30488900321836004,0.803921568627451,0.154454006441349,-0.12544094609846682
USA,2013,open,labour_intensive,0.31495726893051784,0.25699853768321257,0.8627450980392157,0.1194152700779022,-0.06344996589281468
USA,2013,open,capital_intensive,0.31495726893051784,0.25570633250245384,0.7254901960784313,0.16978087042858192,-0.1278134464202221
USA,2013,closed_uniform,all,0.31495726893051784,0.30488900321836004,0.3137254901960784,-0.02228754209271261,-0.14354028887786677
USA,2013,closed_uniform,labour_intensive,0.31495726893051784,0.2569985376832125,0.3137254901960784,-0.016175874768267012,-0.09317017210335019
USA,2013,closed_uniform,capital_intensive,0.31495726893051784,0.25570633250245384,0.4901960784313726,-0.00044135475148093795,-0.1899739048348159
USA,2014,open,all,0.3148436417470197,0.30237476900484556,0.8235294117647058,0.1688070918784334,-0.11681391233688293
USA,2014,open,labour_intensive,0.3148436417470197,0.26253764998466117,0.8235294117647058,0.11341523870097925,-0.08207105347694085
USA,2014,open,capital_intensive,0.3148436417470197,0.23400823046972627,0.7450980392156863,0.23729582019724302,-0.07905562017622786
USA,2014,closed_uniform,all,0.3148436417470197,0.30237476900484556,0.33333333333333337,-0.02087057269497755,-0.13618283186059835
USA,2014,closed_uniform,labour_intensive,0.3148436417470197,0.2625376499846612,0.33333333333333337,-0.01738584434878432,-0.09977597459653911
USA,2014,closed_uniform,capital_intensive,0.3148436417470197,0.2340082304697263,0.5490196078431373,0.012847403655546985,-0.1485833487429662
USA,2015,open,all,0.32562852973808665,0.3058480744130114,0.8235294117647058,0.20796315831289608,-0.11347238137853538
USA,2015,open,labour_intensive,0.32562852973808665,0.27091598702679176,0.7843137254901961,0.117270590196691,-0.08929285951914986
USA,2015,open,capital_intensive,0.32562852973808665,0.24398428435809094,0.8235294117647058,0.2912785853124765,-0.0767733197513662
USA,2015,closed_uniform,all,0.32562852973808665,0.3058480744130113,0.37254901960784315,-0.020809089335909747,-0.13218264486648218
USA,2015,closed_uniform,labour_intensive,0.32562852973808665,0.27091598702679176,0.33333333333333337,-0.0178892657477025,-0.10350289700367346
USA,2015,closed_uniform,capital_intensive,0.32562852973808665,0.24398428435809094,0.5882352941176471,0.014906172067819135,-0.146846626271684
USA,2016,open,all,0.3280051495082808,0.30971648092185733,0.803921568627451,0.21458515852029758,-0.11377718117954153
USA,2016,open,labour_intensive,0.3280051495082808,0.2675037659849233,0.8235294117647058,0.12014113880345895,-0.08642392604568658
USA,2016,open,capital_intensive,0.3280051495082808,0.24812217586570676,0.8235294117647058,0.2591621405184905,-0.05591490824389292
USA,2016,closed_uniform,all,0.3280051495082808,0.30971648092185733,0.3921568627450981,-0.022015791063246082,-0.13321694087359487
USA,2016,closed_uniform,labour_intensive,0.3280051495082808,0.26750376598492337,0.37254901960784315,-0.015849233515403183,-0.09558271717981795
USA,2016,closed_uniform,capital_intensive,0.3280051495082808,0.24812217586570678,0.5882352941176471,0.021387517720890092,-0.14086408858698504
USA,2017,open,all,0.32715897829162605,0.31065985578201977,0.8235294117647058,0.19244263351836294,-0.11009573389971897
USA,2017,open,labour_intensive,0.32715897829162605,0.2778808736118493,0.7843137254901961,0.1036503101418258,-0.09017599927947459
USA,2017,open,capital_intensive,0.32715897829162605,0.251716263843239,0.7647058823529411,0.27434226964937625,-0.08585140869898802
USA,2017,closed_uniform,all,0.32715897829162605,0.3106598557820197,0.3921568627450981,-0.022958902713213325,-0.1348364704309909
USA,2017,closed_uniform,labour_intensive,0.32715897829162605,0.27788087361184927,0.3137254901960784,-0.016826051828912947,-0.10262891579220462
USA,2017,closed_uniform,capital_intensive,0.32715897829162605,0.251716263843239,0.5490196078431373,0.008182035599224646,-0.14437906667026423
USA,2018,open,all,0.3245078805350104,0.31188943311098133,0.8235294117647058,0.21175546431526077,-0.11466022372319618
USA,2018,open,labour_intensive,0.3245078805350104,0.2866048084924404,0.7647058823529411,0.10895451538590573,-0.09211583562183584
USA,2018,open,capital_intensive,0.3245078805350104,0.22390590362094745,0.9019607843137255,0.2940870820127093,-0.06110382328225983
USA,2018,closed_uniform,all,0.3245078805350104,0.3118894331109814,0.37254901960784315,-0.02449383344434336,-0.13911864365556664
USA,2018,closed_uniform,labour_intensive,0.3245078805350104,0.28660480849244047,0.2941176470588235,-0.018239434822622858,-0.11119656543656647
USA,2018,closed_uniform,capital_intensive,0.3245078805350104,0.22390590362094745,0.6470588235294117,0.015128991723092428,-0.12070277789316626
USA,2019,open,all,0.3273720369533755,0.31747153427173064,0.803921568627451,0.21778041995600567,-0.10440782531928758
USA,2019,open,labour_intensive,0.3273720369533755,0.29086219024601556,0.7647058823529411,0.10350545928777205,-0.10457732040817519
USA,2019,open,capital_intensive,0.3273720369533755,0.24547994196746964,0.8235294117647058,0.28098063715053384,-0.05398226515169033
USA,2019,closed_uniform,all,0.3273720369533755,0.3174715342717308,0.37254901960784315,-0.024974035926937033,-0.14049132877417925
USA,2019,closed_uniform,labour_intensive,0.3273720369533755,0.2908621902460156,0.27450980392156865,-0.020417428542975125,-0.10553712443292693
USA,2019,closed_uniform,capital_intensive,0.3273720369533755,0.24547994196746972,0.5882352941176471,0.01609619323355624,-0.140041452728604
USA,2020,open,all,0.339806371072955,0.3271642106939023,0.803921568627451,0.2307090075881812,-0.10979696010497961
USA,2020,open,labour_intensive,0.339806371072955,0.3098902590488008,0.7450980392156863,0.09611655987352502,-0.11875084481480144
USA,2020,open,capital_intensive,0.339806371072955,0.26757783405733165,0.7647058823529411,0.2599156789655876,-0.09985728182883577
USA,2020,closed_uniform,all,0.339806371072955,0.3271642106939023,0.37254901960784315,-0.02411382438835985,-0.13772727149488834
USA,2020,closed_uniform,labour_intensive,0.339806371072955,0.3098902590488008,0.2549019607843137,-0.020667911996992583,-0.11043443886167059
USA,2020,closed_uniform,capital_intensive,0.339806371072955,0.26757783405733165,0.47058823529411764,-0.0014285562515922168,-0.1527787152881734
USA,2021,open,all,0.32426449939504115,0.3246070067901023,0.803921568627451,0.19735648711826476,-0.11705554375071103
USA,2021,open,labour_intensive,0.32426449939504115,0.3186941638500337,0.6862745098039216,0.08960368354613779,-0.12276419032225946
USA,2021,open,capital_intensive,0.32426449939504115,0.2176613450254182,0.9019607843137255,0.24600649312426384,-0.061932244441417345
USA,2021,closed_uniform,all,0.32426449939504115,0.3246070067901023,0.3529411764705882,-0.028770930667215644,-0.1498650299903907
USA,2021,closed_uniform,labour_intensive,0.32426449939504115,0.31869416385003374,0.2549019607843137,-0.024759176427012974,-0.12193424977822526
USA,2021,closed_uniform,capital_intensive,0.32426449939504115,0.2176613450254182,0.5098039215686274,0.00116959523802182,-0.1267927093513575
USA,2022,open,all,0.31077119887458804,0.3390245103640752,0.803921568627451,0.17599183070532753,-0.12707131599519553
USA,2022,open,labour_intensive,0.31077119887458804,0.3003972968190971,0.7058823529411764,0.11248786712032471,-0.11082496421044269
USA,2022,open,capital_intensive,0.31077119887458804,0.23797296361673836,0.8431372549019608,0.2192321100437029,-0.0849060862750465
USA,2022,closed_uniform,all,0.31077119887458804,0.3390245103640752,0.27450980392156865,-0.03212926748240019,-0.1596300137152673
USA,2022,closed_uniform,labour_intensive,0.31077119887458804,0.3003972968190971,0.23529411764705888,-0.024355827359119064,-0.11501627302509343
USA,2022,closed_uniform,capital_intensive,0.31077119887458804,0.23797296361673825,0.47058823529411764,-0.001022570509403159,-0.10759468490462007
