country,basis,kind,subset,T,adf_share_reject10,fisher_p,n_ind,rho_A,se_rho_A,half_life_A,n_A,rho_B,se_rho_B,half_life_B,n_B
USA_BEA,PPa,PPa,all,26,0.15942028985507245,0.0010361655734325052,69,-0.19851558650331827,0.05622491152234665,3.1323058058221736,1725,-0.022703725108439068,0.037440799172996114,30.18220793042708,1725
USA_BEA,PPb,PPb,all,26,0.13043478260869565,0.08236678587122839,69,-0.10381003733226432,0.04094046410678174,6.324169604260455,1725,-0.022754397794255306,0.017644344137089863,30.11421620700532,1725
USA_BEA,PPc_edu_years,PPc_edu_years,all,26,0.11594202898550725,0.06775274140949965,69,-0.10251871349893807,0.040246718917139296,6.408357011859029,1725,-0.02143150042940325,0.017409201091706104,31.99462267301486,1725
USA_BEA,k:111CA,commodity_open,all,26,0.2028985507246377,0.0001179768140462126,69,-0.05803048747396652,0.02530351618642008,11.594508310047434,1725,0.0014755415991503096,0.0061457287709216985,,1725
USA_BEA,k:113FF,commodity_open,all,26,0.13043478260869565,0.06132826757671677,69,-0.07430976536462262,0.030422319045752592,8.976774121238513,1725,-0.009996772440216161,0.010167176747675645,68.9899430874283,1725
USA_BEA,k:211,commodity_open,all,26,0.15942028985507245,0.0031547044371561016,69,-0.05058362815349304,0.025942132032971993,13.353422773751275,1725,-0.015568188628461967,0.014133805254798727,44.175823156472354,1725
USA_BEA,k:212,commodity_open,all,26,0.10144927536231885,0.04011449009173284,69,-0.048813460490096765,0.020717974179332792,13.850454720551381,1725,-0.0031075615083698523,0.00725696015066723,222.70504421936528,1725
USA_BEA,k:213,commodity_open,all,26,0.37681159420289856,2.228193475560577e-14,69,-0.0879756736882376,0.03673992128531771,7.526958413601012,1725,-0.045648839996668196,0.032855429559049076,14.83506049429316,1725
USA_BEA,k:22,commodity_open,all,26,0.11594202898550725,0.011106836349095194,69,-0.02188284880413956,0.011320807565013797,31.32751143762223,1725,0.0033131580259197864,0.004881648781012004,,1725
USA_BEA,k:23,commodity_open,all,26,0.2898550724637681,2.349193213122995e-09,69,-0.10428660097637217,0.043683792575792336,6.293626348244139,1725,-0.013599206229163836,0.01647539316812694,50.622314824973465,1725
USA_BEA,k:311FT,commodity_open,all,26,0.2318840579710145,0.00031754526652853505,69,-0.05175450965072903,0.02229386102341956,13.043338272245073,1725,-0.007499453614529008,0.006999576610716,92.07934905604976,1725
USA_BEA,k:313TT,commodity_open,all,26,0.13043478260869565,0.29972973056813357,69,-0.03174702632975317,0.013556238281191235,21.485015081200054,1725,-0.005468043222526851,0.004443831709561435,126.416405514107,1725
USA_BEA,k:315AL,commodity_open,all,26,0.2608695652173913,5.07166437688898e-05,69,-0.02333411656911363,0.013049510259060468,29.357373229515133,1725,-0.0035589513599106723,0.0042647933806310035,194.4148540140172,1725
USA_BEA,k:321,commodity_open,all,26,0.18840579710144928,9.701103324109455e-06,69,-0.07219695434999517,0.02767875215712317,9.249879809779157,1725,-0.01844663148259479,0.010703229822675908,37.22816424415983,1725
USA_BEA,k:322,commodity_open,all,26,0.17391304347826086,0.0011683758196174854,69,-0.04813179301907242,0.019937243235194312,14.051602728428524,1725,-0.006019435028658972,0.005627148358799214,114.80461219407935,1725
USA_BEA,k:323,commodity_open,all,26,0.14492753623188406,0.06386764867247778,69,-0.05260332140643803,0.02153625032000976,12.827176243425159,1725,-0.0057548162216141735,0.0063389197503817924,120.0995423893388,1725
USA_BEA,k:324,commodity_open,all,26,0.2318840579710145,5.28670045482655e-07,69,-0.043028612856976,0.02118766504167503,15.759868714284668,1725,-0.0005887817476763984,0.00750952211042597,1176.9099620707227,1725
USA_BEA,k:325,commodity_open,all,26,0.2608695652173913,4.8146912794424345e-05,69,-0.04718088224530574,0.020957873309593922,14.341906990189143,1725,0.010029615350104092,0.006693265859902146,,1725
USA_BEA,k:326,commodity_open,all,26,0.10144927536231885,0.10085107152520176,69,-0.054575881753072535,0.02464850745021787,12.350798366129608,1725,0.0032321618530189353,0.008272296512147571,,1725
USA_BEA,k:327,commodity_open,all,26,0.2608695652173913,1.232169215709131e-08,69,-0.0939009085383918,0.0357375671364286,7.02941928076164,1725,-0.006796568458933893,0.011146306061983411,101.63790687354734,1725
USA_BEA,k:331,commodity_open,all,26,0.18840579710144928,0.0010576487448937578,69,-0.08271514538968411,0.02260365154599574,8.028370627679585,1725,-0.013008722436096954,0.010107798938582649,52.93593319928252,1725
USA_BEA,k:332,commodity_open,all,26,0.21739130434782608,0.0007185146303206522,69,-0.07020001497277581,0.026854713095490045,9.523111864033307,1725,-0.005518098967147465,0.00990217041667741,125.26650819561802,1725
USA_BEA,k:333,commodity_open,all,26,0.3333333333333333,5.058171093321558e-11,69,-0.11271115022618564,0.04256608581235845,5.7962864043865165,1725,-0.02872499897219447,0.02086579685646731,23.7821939290214,1725
USA_BEA,k:334,commodity_open,all,26,0.2318840579710145,0.00020879595864817694,69,-0.08060108873355121,0.033558845016463446,8.248297704604784,1725,-0.008219807982578013,0.01496817818719001,83.97939402158838,1725
USA_BEA,k:335,commodity_open,all,26,0.2608695652173913,4.6747408435758627e-07,69,-0.07405940012195755,0.03232119281048944,9.008323327175267,1725,-0.001314939607886869,0.011550884970664813,526.7856813528562,1725
USA_BEA,k:3361MV,commodity_open,all,26,0.2318840579710145,1.3015951160842173e-06,69,-0.08503414897996434,0.038730554183232846,7.799691703677596,1725,0.0016312061566122029,0.012509239187765076,,1725
USA_BEA,k:3364OT,commodity_open,all,26,0.2898550724637681,4.7989342031109296e-06,69,-0.07793796153982621,0.033144025806209884,8.542315886521719,1725,-0.004254014522696326,0.009441526698041932,162.59272276838325,1725
USA_BEA,k:337,commodity_open,all,26,0.3333333333333333,5.370613242004359e-10,69,-0.06892411879349154,0.03439219998576828,9.705972608370033,1725,-0.011761586674862365,0.009168298968719103,58.58587845373702,1725
USA_BEA,k:339,commodity_open,all,26,0.2318840579710145,3.0615505453255964e-09,69,-0.09319648272733508,0.03621533764404855,7.085258649562299,1725,-0.004395896989764481,0.0073313074923412325,157.3336594818015,1725
USA_BEA,k:42,commodity_open,all,26,0.21739130434782608,2.762263018159441e-06,69,-0.10330413908091739,0.03938191097303409,6.356900963835146,1725,-0.013966400865716997,0.017019428389835438,49.282234913276525,1725
USA_BEA,k:441,commodity_open,all,26,0.18840579710144928,0.0006911246656987038,69,-0.05506271034094087,0.024321647323396117,12.23847807492125,1725,0.00196925084618881,0.007766169255857205,,1725
USA_BEA,k:445,commodity_open,all,26,0.10144927536231885,0.46810423759292324,69,-0.06372103243556798,0.029576812128289155,10.527463278736548,1725,-0.022412630269162404,0.018752777767393623,30.57874962710916,1725
USA_BEA,k:452,commodity_open,all,26,0.2898550724637681,4.452429657532834e-13,69,-0.09443908135931493,0.03833898066759756,6.9873195167076725,1725,-0.012970571916944767,0.013421270115740028,53.09265821667123,1725
USA_BEA,k:481,commodity_open,all,26,0.08695652173913043,0.44936723540233714,69,-0.053484663066130755,0.02076144088704627,12.60998874331924,1725,-0.01325425595760396,0.0071819086599925665,51.94885269058776,1725
USA_BEA,k:482,commodity_open,all,26,0.17391304347826086,0.026808584145701416,69,-0.03340463676857699,0.01912565903842843,20.401492922631068,1725,0.006874793732168144,0.009121893740926429,,1725
USA_BEA,k:483,commodity_open,all,26,0.13043478260869565,0.010481824383469172,69,-0.04561884270012441,0.020421351868083935,14.845046976261859,1725,-0.009725932283350018,0.00781969453538233,70.92080414593596,1725
USA_BEA,k:484,commodity_open,all,26,0.18840579710144928,0.0005480110235163647,69,-0.06913008008312774,0.02833261094930614,9.675997696046716,1725,-0.009554992168625015,0.010153646542315714,72.1958073355687,1725
USA_BEA,k:485,commodity_open,all,26,0.2028985507246377,0.1046150264521242,69,-0.05065151607959582,0.02467939132405635,13.335052601692938,1725,-0.0019329221411425418,0.008225949782057918,358.2539875946303,1725
USA_BEA,k:486,commodity_open,all,26,0.08695652173913043,0.01633248262128958,69,-0.03436160284625809,0.018318793880779307,19.823550158772598,1725,-0.005926160590413527,0.008900043570189371,116.61703807303407,1725
USA_BEA,k:487OS,commodity_open,all,26,0.2028985507246377,0.029340482854677438,69,-0.05126715542573119,0.024157469010047904,13.170683886493896,1725,-0.0031832076598828493,0.007162574147972227,217.40440856144434,1725
USA_BEA,k:493,commodity_open,all,26,0.14492753623188406,0.1361444101209395,69,-0.02081524307406535,0.011600908161904807,32.95219151326392,1725,-0.0003273113280240275,0.0047137499646899604,2117.3533500735084,1725
USA_BEA,k:4A0,commodity_open,all,26,0.36231884057971014,1.5953965064713513e-10,69,-0.11846979066795013,0.04733582001191017,5.496979603634585,1725,-0.011053202857743128,0.017363325931923246,62.36285943091677,1725
USA_BEA,k:511,commodity_open,all,26,0.2028985507246377,0.0008050009960637305,69,-0.09043517469475153,0.03536783357428652,7.312527017961915,1725,-0.007062624331767209,0.009149929809270447,97.79602278171711,1725
USA_BEA,k:512,commodity_open,all,26,0.2753623188405797,0.00010400686436150855,69,-0.07270917050390992,0.03476981606038048,9.182213050144039,1725,-0.004472394232371189,0.008732856246968405,154.6366382145317,1725
USA_BEA,k:513,commodity_open,all,26,0.14492753623188406,0.0005933858994028327,69,-0.05424267945152504,0.023964770234567705,12.42883613219924,1725,0.0026353695939731426,0.005037637532033104,,1725
USA_BEA,k:514,commodity_open,all,26,0.13043478260869565,0.2710289969723403,69,-0.05420377584275604,0.025165987351643212,12.438010098733242,1725,-0.0019237989836492465,0.00815931840935489,359.9545662205662,1725
USA_BEA,k:521CI,commodity_open,all,26,0.2028985507246377,6.308580982581503e-05,69,-0.07162696811338484,0.03518798503371622,9.326315455138602,1725,-0.022883488360334544,0.021999164065831786,29.942365360815113,1725
USA_BEA,k:523,commodity_open,all,26,0.18840579710144928,0.00018494718399328226,69,-0.029782462208389104,0.015069210998452013,22.92534943658158,1725,0.0023182148575867684,0.006775677304537126,,1725
USA_BEA,k:524,commodity_open,all,26,0.13043478260869565,0.3045267581446534,69,-0.030663159472959695,0.017500510028865476,22.256838240413444,1725,-0.00906936450780638,0.011659419596976368,76.08021542594608,1725
USA_BEA,k:525,commodity_open,all,26,0.13043478260869565,0.09107319371219726,69,-0.03759905980104233,0.019722596588294443,18.086439193558597,1725,-0.00640735881990587,0.010441867523938145,107.83291518629841,1725
USA_BEA,k:532RL,commodity_open,all,26,0.2318840579710145,7.618922956993465e-06,69,-0.03934540047960826,0.022276490378065526,17.268089074414874,1725,-0.01760161962335002,0.015430595665181058,39.03213930004332,1725
USA_BEA,k:5411,commodity_open,all,26,0.2463768115942029,0.00011269177476171408,69,-0.052117465306369265,0.021853656095238476,12.95004496591967,1725,-0.008189391623358681,0.006160501497555741,84.2925940794957,1725
USA_BEA,k:5412OP,commodity_open,all,26,0.18840579710144928,0.08143972016046279,69,-0.06891332106224604,0.03007977985907672,9.707549014485746,1725,-0.00040645248304321206,0.006454022109037919,1705.0118629624683,1725
USA_BEA,k:5415,commodity_open,all,26,0.15942028985507245,0.006586393028468019,69,-0.08693991118964342,0.03689903088744064,7.620888983878059,1725,-0.01761135326179902,0.018306064033468596,39.010373896126005,1725
USA_BEA,k:55,commodity_open,all,26,0.18840579710144928,0.01716523173308775,69,-0.026495933475948107,0.010510787764845188,25.81238713020077,1725,0.018542490435796307,0.009106753801885466,,1725
USA_BEA,k:561,commodity_open,all,26,0.08695652173913043,0.3624963921590296,69,-0.03912146418608106,0.020910679178758544,17.368944403226045,1725,0.0007255125887168901,0.007319921790226122,,1725
USA_BEA,k:562,commodity_open,all,26,0.10144927536231885,0.5976994143362905,69,-0.020139609053500245,0.0140139901100485,34.069363240822895,1725,0.012217038950396986,0.005714781149480668,,1725
USA_BEA,k:61,commodity_open,all,26,0.14492753623188406,0.08525936373150579,69,-0.061880384796240265,0.029320466804836753,10.851140784281025,1725,-0.004998588590480311,0.010504913429649067,138.32171669870306,1725
USA_BEA,k:621,commodity_open,all,26,0.2028985507246377,0.0001628907653860708,69,-0.07543901970174903,0.0327804572243367,8.83707473980216,1725,-0.023870650647479286,0.0179564497025228,28.689663357078327,1725
USA_BEA,k:622,commodity_open,all,26,0.15942028985507245,0.005752973638656518,69,-0.05553557807062474,0.03313799183814357,12.131263612941769,1725,-0.009304694677309289,0.0066405933129661185,74.14723628645532,1725
USA_BEA,k:623,commodity_open,all,26,0.10144927536231885,0.24727668337300734,69,-0.07246044358035998,0.03205051924003471,9.21495191159031,1725,-0.020530652103539798,0.02125552624069308,33.41380462839574,1725
USA_BEA,k:624,commodity_open,all,26,0.13043478260869565,0.01855379020546057,69,-0.031461169921200044,0.01693894659702475,21.68341102895745,1725,-0.004022522479466243,0.005002990883993599,171.9697397629754,1725
USA_BEA,k:711AS,commodity_open,all,26,0.14492753623188406,0.1615570761775102,69,-0.06819778695997114,0.031239337068405638,9.813124930886058,1725,-0.006664291652006256,0.013207734274251252,103.662170742487,1725
USA_BEA,k:713,commodity_open,all,26,0.10144927536231885,0.09750145611620116,69,-0.046117776015968434,0.020805582923816963,14.680634363463504,1725,-0.001383979766880637,0.00613061977825997,500.4895559781161,1725
USA_BEA,k:721,commodity_open,all,26,0.13043478260869565,0.266085895681766,69,-0.05391041423405027,0.025546038514895876,12.507614755794867,1725,-0.0031642285393772406,0.00996403936532743,218.71048650562707,1725
USA_BEA,k:722,commodity_open,all,26,0.07246376811594203,0.8717303513149984,69,-0.037233052731156346,0.018790441398283807,18.267682481596598,1725,0.000364198634487652,0.007362924533295428,,1725
USA_BEA,k:81,commodity_open,all,26,0.10144927536231885,0.15548320675415728,69,-0.026378341138132318,0.017255785890768264,25.929015380510624,1725,0.005398293622085427,0.005418615388629246,,1725
USA_BEA,k:GFE,commodity_open,all,26,0.14492753623188406,0.13197750207074216,69,-0.04406743278659577,0.02076794070663317,15.38006223144075,1725,-0.0034031250628873046,0.006370588022134292,203.33283802420294,1725
USA_BEA,k:GFGD+GFGN,commodity_open,all,26,0.15942028985507245,0.014921565217617224,69,-0.07699373449771142,0.03572370410204635,8.651443017459417,1725,-0.0008114183779704082,0.01048331083217122,853.894791077385,1725
USA_BEA,k:GSLE,commodity_open,all,26,0.2028985507246377,0.00025731502843756945,69,-0.035922474605750404,0.018370776955271857,18.946954494665306,1725,0.004169180109955844,0.005740548121939094,,1725
USA_BEA,k:GSLG,commodity_open,all,26,0.15942028985507245,0.022866019111640705,69,-0.059681934812541186,0.029608436419341706,11.263892045238808,1725,-0.0014554005145234956,0.007156716392499689,475.9120584511279,1725
USA_BEA,k:HS+ORE,commodity_open,all,26,0.17391304347826086,0.003998186216085835,69,-0.05689550040319142,0.02621475065850791,11.832854915427514,1725,-0.004866446349999135,0.009079690553565082,142.08709554448248,1725
USA_BEA,labour,labour,all,26,0.11594202898550725,0.37245579901506376,69,-0.09792520259080961,0.039727657402324396,6.725807481678247,1725,-0.041838910279931495,0.022786223918366526,16.218004464256943,1725
USA_BEA,placebo_perm_000,placebo_perm,all,26,0.2028985507246377,0.0014214866026328445,69,-0.06517886837143262,0.02851881708940916,10.284071954297044,1725,-0.00325230224422796,0.010408742816340681,212.7783196498504,1725
USA_BEA,placebo_perm_001,placebo_perm,all,26,0.08695652173913043,0.21054999121046789,69,-0.07073983350767195,0.03689911232036384,9.447730278306896,1725,0.006300575957201908,0.00995819076331571,,1725
USA_BEA,placebo_perm_002,placebo_perm,all,26,0.21739130434782608,0.00032679159017090617,69,-0.04107213832178657,0.007795940143252092,16.52733933133906,1725,0.03724584122061345,0.013553713487071434,,1725
USA_BEA,placebo_perm_003,placebo_perm,all,26,0.15942028985507245,0.008806419202330652,69,-0.0668305106880006,0.030972955774159896,10.021148952568156,1725,-0.004223144075702799,0.010821070285542397,163.78378421111128,1725
USA_BEA,placebo_perm_004,placebo_perm,all,26,0.14492753623188406,0.009754419618443167,69,-0.06868392390908705,0.027210057701984574,9.741156736683065,1725,2.4934986638382707e-05,0.006835259679424668,,1725
USA_BEA,placebo_perm_005,placebo_perm,all,26,0.10144927536231885,0.07237127809987388,69,-0.06387995194171113,0.028967351263238978,10.50039176278194,1725,-0.0063544341321585,0.008321725680243383,108.7339245832398,1725
USA_BEA,placebo_perm_006,placebo_perm,all,26,0.07246376811594203,0.5031087360417387,69,-0.06361013689857725,0.02895443878764985,10.54643413796619,1725,0.006070564664190239,0.010667413883945475,,1725
USA_BEA,placebo_perm_007,placebo_perm,all,26,0.10144927536231885,0.6679304628678115,69,-0.0635956685223146,0.030120967880031494,10.54891411509699,1725,-0.001422282266491497,0.01565564901040469,487.00188034220736,1725
USA_BEA,placebo_perm_008,placebo_perm,all,26,0.2463768115942029,0.0015863121857170375,69,-0.07897875058851166,0.03808319937020523,8.425050331163863,1725,-0.008392778658520656,0.011290837549972855,82.24146106380826,1725
USA_BEA,placebo_perm_009,placebo_perm,all,26,0.2028985507246377,0.00829935945135316,69,-0.05297114428835687,0.023113122517107683,12.735655799277488,1725,0.01903039583740539,0.010925301751924268,,1725
USA_BEA,placebo_perm_010,placebo_perm,all,26,0.08695652173913043,0.48900478781782764,69,-0.05522891388173978,0.033842535719560814,12.200585153082761,1725,0.01325734865284972,0.014537121003421414,,1725
USA_BEA,placebo_perm_011,placebo_perm,all,26,0.15942028985507245,0.1356781957284338,69,-0.07401262200821138,0.0328056772599597,9.01424161807025,1725,-0.017693536326818984,0.01910823507051992,38.827558863443556,1725
USA_BEA,placebo_perm_012,placebo_perm,all,26,0.07246376811594203,0.9180624569688548,69,-0.060450608789857294,0.022734518622184806,11.116164006163539,1725,0.00028471015789917933,0.008366858410561312,,1725
USA_BEA,placebo_perm_013,placebo_perm,all,26,0.043478260869565216,0.5237207690788347,69,-0.06457312350418426,0.029038427566998717,10.383869397660053,1725,1.3867638203432487e-05,0.01285438234234108,,1725
USA_BEA,placebo_perm_014,placebo_perm,all,26,0.15942028985507245,0.03281293996111281,69,-0.07211254399882817,0.036461406760281916,9.261123126505728,1725,0.014977094483956423,0.01572999555440326,,1725
USA_BEA,placebo_perm_015,placebo_perm,all,26,0.11594202898550725,0.25149543306121147,69,-0.07852263341845397,0.030850230206638574,8.476058560367546,1725,-0.014529092487608935,0.01145941734090345,47.36011548549058,1725
USA_BEA,placebo_perm_016,placebo_perm,all,26,0.07246376811594203,0.545745082511075,69,-0.05958464344728884,0.023640636442956258,11.282861695961747,1725,0.0056903781402802564,0.009954949883997368,,1725
USA_BEA,placebo_perm_017,placebo_perm,all,26,0.14492753623188406,0.0008606191221220607,69,-0.07444967257161314,0.03336421233340522,8.959236404211286,1725,-0.0014098479741615569,0.02089290872189661,491.30009922120786,1725
USA_BEA,placebo_perm_018,placebo_perm,all,26,0.15942028985507245,0.0763772901558849,69,-0.0474281790875806,0.020821737944330166,14.265289748758294,1725,0.02741683135741797,0.020360894525609134,,1725
USA_BEA,placebo_perm_019,placebo_perm,all,26,0.15942028985507245,0.18430526141557424,69,-0.05246762519700838,0.025274824865495468,12.861263653101263,1725,0.011350799603463085,0.01153330116584177,,1725
USA_BEA,placebo_perm_020,placebo_perm,all,26,0.13043478260869565,0.0013385625218091815,69,-0.054501969731379385,0.0280084019116856,12.368026625872206,1725,0.018586640221524803,0.007267813240715485,,1725
USA_BEA,placebo_perm_021,placebo_perm,all,26,0.08695652173913043,0.26107356198052967,69,-0.05993816147235476,0.027409429835521235,11.214228111389211,1725,0.018828088233519058,0.00921571968977683,,1725
USA_BEA,placebo_perm_022,placebo_perm,all,26,0.15942028985507245,0.025632624264102837,69,-0.07358076387779897,0.03237451715075896,9.069234839678186,1725,-0.005016215279692202,0.011431903532415254,137.8344423383961,1725
USA_BEA,placebo_perm_023,placebo_perm,all,26,0.14492753623188406,0.05380521135893119,69,-0.07835387823964028,0.03476365308080327,8.49508110842251,1725,-0.0006007269590773354,0.009298434530313012,1153.5006930173088,1725
USA_BEA,placebo_perm_024,placebo_perm,all,26,0.10144927536231885,0.4319712241838797,69,-0.06501079260532641,0.02687425200979853,10.31157635884222,1725,0.010784785145984353,0.011142204472494695,,1725
USA_BEA,placebo_perm_025,placebo_perm,all,26,0.13043478260869565,0.11133266630531441,69,-0.06274900809974035,0.026946287754262797,10.6960282559732,1725,0.0030050960877192816,0.01008094736843642,,1725
USA_BEA,placebo_perm_026,placebo_perm,all,26,0.17391304347826086,0.00027368379845290415,69,-0.07303590947884771,0.02879460265100218,9.139544492928827,1725,0.0013945701713315945,0.009536661204917599,,1725
USA_BEA,placebo_perm_027,placebo_perm,all,26,0.13043478260869565,0.2504618919519245,69,-0.07734413774738774,0.030531160890701733,8.610635121602435,1725,0.003293640687236647,0.011956552932615617,,1725
USA_BEA,placebo_perm_028,placebo_perm,all,26,0.14492753623188406,0.05345241263614441,69,-0.06352376040000463,0.02883043531344285,10.561256404964078,1725,0.005230507819917018,0.013303126686338615,,1725
USA_BEA,placebo_perm_029,placebo_perm,all,26,0.18840579710144928,0.024901067216029863,69,-0.0545426199251886,0.03185107070519902,12.358545636837142,1725,0.028901906996454292,0.006475031873222605,,1725
USA_BEA,placebo_perm_030,placebo_perm,all,26,0.14492753623188406,0.10987717722477802,69,-0.07050357738034889,0.028839852679355123,9.480579680880762,1725,0.0016417190793933999,0.008237758887650772,,1725
USA_BEA,placebo_perm_031,placebo_perm,all,26,0.15942028985507245,0.001632124804872703,69,-0.07642009562259801,0.03158507882074898,8.71905623068706,1725,0.003986820934629112,0.012009391911206318,,1725
USA_BEA,placebo_perm_032,placebo_perm,all,26,0.17391304347826086,0.009752280561376893,69,-0.07015819788880687,0.03620534041025723,9.528999692946506,1725,0.0030278209550485763,0.012553990944977472,,1725
USA_BEA,placebo_perm_033,placebo_perm,all,26,0.11594202898550725,0.01922658398563371,69,-0.07920595010093798,0.03182868446795225,8.399861357192707,1725,0.002687312869847964,0.01071403282127482,,1725
USA_BEA,placebo_perm_034,placebo_perm,all,26,0.14492753623188406,0.062190890934040614,69,-0.08444441907826558,0.03734786890373265,7.85665538146921,1725,-0.01062832363564628,0.019114552282365777,64.86979020459448,1725
USA_BEA,placebo_perm_035,placebo_perm,all,26,0.15942028985507245,0.0023880474489466736,69,-0.06648459929191615,0.03162718597294399,10.075133157527995,1725,0.017502258090820438,0.007822119095903052,,1725
USA_BEA,placebo_perm_036,placebo_perm,all,26,0.043478260869565216,0.9968820173426141,69,-0.06951372061473735,0.02509126749350528,9.62063730700974,1725,-2.2947001128137455e-05,0.00986503921069339,30206.092021963843,1725
USA_BEA,placebo_perm_037,placebo_perm,all,26,0.14492753623188406,0.3447748359095468,69,-0.06865114682595787,0.025550451836829153,9.745977058297987,1725,-0.005186707202459813,0.008948677491240613,133.29228350031693,1725
USA_BEA,placebo_perm_038,placebo_perm,all,26,0.15942028985507245,0.016697334223729137,69,-0.06753408874456611,0.0326774759566487,9.913051626121874,1725,0.006831876680221568,0.007728845226528184,,1725
USA_BEA,placebo_perm_039,placebo_perm,all,26,0.2463768115942029,0.0007725272024552576,69,-0.0682909559447872,0.028186834015298062,9.799252768436768,1725,-0.003048689195178661,0.010668684798743578,227.01233330139476,1725
USA_BEA,placebo_perm_040,placebo_perm,all,26,0.14492753623188406,0.055378611965845495,69,-0.04129348182902718,0.009096487431880488,16.43686457185364,1725,0.0317681413695499,0.011925454708690515,,1725
USA_BEA,placebo_perm_041,placebo_perm,all,26,0.14492753623188406,0.012262296938195073,69,-0.057452674760001196,0.03245349492663608,11.714672232906388,1725,0.01740683228438637,0.009428588919712565,,1725
USA_BEA,placebo_perm_042,placebo_perm,all,26,0.13043478260869565,0.015062070436049412,69,-0.0771146726493906,0.038430167279564366,8.637316696620863,1725,-0.0025996581756000717,0.013256642708758667,266.283399606661,1725
USA_BEA,placebo_perm_043,placebo_perm,all,26,0.17391304347826086,0.03044266820331011,69,-0.07658887549972603,0.03175190338306407,8.69905751542751,1725,-0.01200596362289726,0.00868141458249985,57.386301998157094,1725
USA_BEA,placebo_perm_044,placebo_perm,all,26,0.18840579710144928,0.008984504295417063,69,-0.07920089024711269,0.03407260301830293,8.400420756558148,1725,-0.01664121574981238,0.017221603873491382,41.304893487372205,1725
USA_BEA,placebo_perm_045,placebo_perm,all,26,0.17391304347826086,0.08774654449092274,69,-0.07091263722405318,0.03397015489101743,9.423841928025121,1725,-0.007249403262745076,0.018849895363779963,95.26738369069109,1725
USA_BEA,placebo_perm_046,placebo_perm,all,26,0.11594202898550725,0.04151841260229804,69,-0.07716395293007762,0.03199612981888319,8.631573147165778,1725,-0.013781141779176992,0.016954035970104742,49.949413869062404,1725
USA_BEA,placebo_perm_047,placebo_perm,all,26,0.13043478260869565,0.09398658939429219,69,-0.07168496295346136,0.03176384022914285,9.318482777534143,1725,-0.003374251529215514,0.010567827828230411,205.07572993095584,1725
USA_BEA,placebo_perm_048,placebo_perm,all,26,0.17391304347826086,0.14785254865209904,69,-0.06998480345704657,0.03425472016504514,9.553488601647953,1725,0.007330631013322249,0.011541369435085103,,1725
USA_BEA,placebo_perm_049,placebo_perm,all,26,0.13043478260869565,0.3188534773122543,69,-0.06475833372174873,0.03364213217604978,10.353157639543197,1725,0.002007937620718866,0.01791111639945379,,1725
USA_BEA,placebo_random_000,placebo_fixed_nominal,all,26,0.18840579710144928,0.0006848326858046072,69,-0.12337171894637766,0.043200165330229134,5.264186565425474,1725,0.012285034080087033,0.015497439803906013,,1725
USA_BEA,placebo_random_001,placebo_fixed_nominal,all,26,0.18840579710144928,0.00675420407591616,69,-0.13450391170703263,0.034980481312013714,4.7984461701536585,1725,0.013765784656156677,0.030265736203308125,,1725
USA_BEA,placebo_random_002,placebo_fixed_nominal,all,26,0.13043478260869565,0.16666670917419182,69,-0.11693390195387018,0.03306323333128224,5.573928886451243,1725,0.031174223569034844,0.012674722451828362,,1725
USA_BEA,placebo_random_003,placebo_fixed_nominal,all,26,0.10144927536231885,0.05646868301686966,69,-0.11929633445369053,0.037152678903286336,5.456387995570605,1725,0.022093669789158756,0.014994844660038203,,1725
USA_BEA,placebo_random_004,placebo_fixed_nominal,all,26,0.15942028985507245,0.001685762065587604,69,-0.13060282207939994,0.042659953353264224,4.952635905355288,1725,-0.003050278612068179,0.027594745453605025,226.89386259960617,1725
USA_BEA,placebo_random_005,placebo_fixed_nominal,all,26,0.18840579710144928,2.8731475235189132e-05,69,-0.14660025685000655,0.045518264382075346,4.372417732287552,1725,-0.016075758279861338,0.027668276399206923,42.77003215668867,1725
USA_BEA,placebo_random_006,placebo_fixed_nominal,all,26,0.14492753623188406,0.0012051894480818238,69,-0.1353670524959801,0.03795313937294967,4.765529228252575,1725,-0.0007244669148672879,0.016004890491683264,956.4219633956914,1725
USA_BEA,placebo_random_007,placebo_fixed_nominal,all,26,0.14492753623188406,0.004981747557681649,69,-0.13285938033226607,0.030491953221631587,4.862343927977261,1725,0.041401216870781146,0.015336920203378328,,1725
USA_BEA,placebo_random_008,placebo_fixed_nominal,all,26,0.2028985507246377,0.0007152944612940382,69,-0.1376593426112502,0.03633961003605334,4.680109956266996,1725,0.011573544623620055,0.012278018881686156,,1725
USA_BEA,placebo_random_009,placebo_fixed_nominal,all,26,0.18840579710144928,0.004056646905784943,69,-0.1600768915714997,0.04275495568064479,3.973444139949437,1725,0.017189352863871767,0.017488994224316608,,1725
USA_BEA,placebo_random_010,placebo_fixed_nominal,all,26,0.07246376811594203,0.31659001653718405,69,-0.10914602283983238,0.031132231938672657,5.99739278799021,1725,-9.255586461285487e-05,0.02398898119612995,7488.6135583717205,1725
USA_BEA,placebo_random_011,placebo_fixed_nominal,all,26,0.21739130434782608,0.0038161199507831664,69,-0.14399023632863353,0.03492535684003565,4.458298006164545,1725,-0.019188388006457422,0.020883983389458155,35.775569970344705,1725
USA_BEA,placebo_random_012,placebo_fixed_nominal,all,26,0.18840579710144928,0.0002710713244171727,69,-0.12771618883401126,0.03633709810177251,5.072782247186212,1725,0.020316873234012482,0.031183754849929152,,1725
USA_BEA,placebo_random_013,placebo_fixed_nominal,all,26,0.15942028985507245,0.02227777072736744,69,-0.09740626490576053,0.02931210348831247,6.763550924049514,1725,0.029647921347018925,0.011765971628187778,,1725
USA_BEA,placebo_random_014,placebo_fixed_nominal,all,26,0.15942028985507245,0.01306177261008568,69,-0.12610482962271027,0.03715622063477586,5.1422377468318805,1725,0.021953312639879166,0.019558723424138162,,1725
USA_BEA,placebo_random_015,placebo_fixed_nominal,all,26,0.17391304347826086,0.0009910963374467746,69,-0.13001624287359564,0.03644673559061346,4.976619115562904,1725,0.024651773517190268,0.01914925746068874,,1725
USA_BEA,placebo_random_016,placebo_fixed_nominal,all,26,0.2608695652173913,2.4186430378544732e-11,69,-0.168170879841058,0.04775180202167851,3.764480487666452,1725,0.007769354498686839,0.019734106443733357,,1725
USA_BEA,placebo_random_017,placebo_fixed_nominal,all,26,0.2028985507246377,0.005528946987393834,69,-0.11904909790082518,0.03613762291753813,5.468470796071994,1725,0.003951854033461795,0.01684477287209068,,1725
USA_BEA,placebo_random_018,placebo_fixed_nominal,all,26,0.18840579710144928,0.0009970507792913424,69,-0.14087357673201342,0.03545316777447052,4.565008331192045,1725,0.04608633150093508,0.017540580446405055,,1725
USA_BEA,placebo_random_019,placebo_fixed_nominal,all,26,0.13043478260869565,0.013835579897519386,69,-0.13296265740802501,0.034294601470110535,4.858284700024174,1725,0.022440752006877635,0.022534422522223863,,1725
USA_BEA,placebo_random_020,placebo_fixed_nominal,all,26,0.08695652173913043,0.04573310333342202,69,-0.14248116415319756,0.03645643120765271,4.509384924308535,1725,0.006386909930484832,0.01704480117666,,1725
USA_BEA,placebo_random_021,placebo_fixed_nominal,all,26,0.21739130434782608,1.3915400495785527e-05,69,-0.13926506081632958,0.03869630500991957,4.621946443805041,1725,0.010851669913204062,0.014784922341547505,,1725
USA_BEA,placebo_random_022,placebo_fixed_nominal,all,26,0.13043478260869565,0.0072796741488824635,69,-0.11066418698941115,0.030674222420584516,5.910172064757214,1725,0.041934166630182804,0.017304656700373497,,1725
USA_BEA,placebo_random_023,placebo_fixed_nominal,all,26,0.15942028985507245,0.0010464751153328056,69,-0.14557260702198432,0.04406614673120765,4.405864846146846,1725,-0.0022537383820405046,0.022966461388226854,307.20770704779096,1725
USA_BEA,placebo_random_024,placebo_fixed_nominal,all,26,0.17391304347826086,0.010425211356746967,69,-0.14354573632259998,0.03847493328038361,4.473234394914572,1725,-0.0020001470944082966,0.02379272436684897,346.20141339692174,1725
USA_BEA,placebo_random_025,placebo_fixed_nominal,all,26,0.21739130434782608,1.7806298038456466e-07,69,-0.14115394893490374,0.039996634858464664,4.55521627567305,1725,0.018522269475475313,0.0255995550298683,,1725
USA_BEA,placebo_random_026,placebo_fixed_nominal,all,26,0.13043478260869565,0.012321492530636906,69,-0.15050201399379973,0.04170516495576715,4.249576473425793,1725,-0.00431626328665249,0.0288071392905134,160.24281961383917,1725
USA_BEA,placebo_random_027,placebo_fixed_nominal,all,26,0.11594202898550725,0.044885021289429325,69,-0.12419631850384555,0.03408101000535151,5.226829213758895,1725,0.025075142965140945,0.01348430111450519,,1725
USA_BEA,placebo_random_028,placebo_fixed_nominal,all,26,0.14492753623188406,0.020434724045223625,69,-0.14814419649757235,0.03587324719809262,4.323037160108292,1725,-0.002068138783786914,0.02188352601864509,334.8083679820159,1725
USA_BEA,placebo_random_029,placebo_fixed_nominal,all,26,0.10144927536231885,0.15080320325755336,69,-0.12250338926935932,0.03408455960688616,5.304067841474916,1725,0.023178021241999913,0.014045723445970089,,1725
USA_BEA,placebo_random_030,placebo_fixed_nominal,all,26,0.18840579710144928,1.729331749315051e-05,69,-0.15620893409598388,0.04501470225547915,4.080928358679984,1725,0.005284546785846869,0.020158634172242514,,1725
USA_BEA,placebo_random_031,placebo_fixed_nominal,all,26,0.14492753623188406,0.003802058803983242,69,-0.13542484223466159,0.04182604039596752,4.763340303914741,1725,0.008816760707904178,0.01608748522888169,,1725
USA_BEA,placebo_random_032,placebo_fixed_nominal,all,26,0.11594202898550725,0.3417577695067197,69,-0.15214037161749533,0.036434774993241145,4.199869030856127,1725,0.0031440860700644078,0.024648419662045156,,1725
USA_BEA,placebo_random_033,placebo_fixed_nominal,all,26,0.13043478260869565,0.012823987919734874,69,-0.16384372602933275,0.04396526622475039,3.8736343925359886,1725,0.0024989870585613284,0.022255919951407355,,1725
USA_BEA,placebo_random_034,placebo_fixed_nominal,all,26,0.17391304347826086,0.00786920372424187,69,-0.1550726216464967,0.042888012108545,4.113520867652782,1725,-0.004518275471735337,0.02578032547152803,153.0628417980738,1725
USA_BEA,placebo_random_035,placebo_fixed_nominal,all,26,0.14492753623188406,1.2157090247072182e-05,69,-0.18396764632290502,0.04533889461453187,3.409458097139801,1725,-0.012871026867006329,0.025472357572475447,53.50597108576103,1725
USA_BEA,placebo_random_036,placebo_fixed_nominal,all,26,0.21739130434782608,0.0010538859518791086,69,-0.1336370041755745,0.03747668936383571,4.83193395429384,1725,0.027999486125042734,0.020609715198188414,,1725
USA_BEA,placebo_random_037,placebo_fixed_nominal,all,26,0.2318840579710145,7.245188680377762e-05,69,-0.16493011826881857,0.03917816091058832,3.8456929220977307,1725,-0.009067774545627579,0.03137941950450799,76.09361644077063,1725
USA_BEA,placebo_random_038,placebo_fixed_nominal,all,26,0.13043478260869565,0.00305255257914983,69,-0.13509706835675436,0.03601817292009002,4.77578028622797,1725,-0.0018087693797629008,0.020276620016182408,382.86811323837856,1725
USA_BEA,placebo_random_039,placebo_fixed_nominal,all,26,0.2028985507246377,0.00014323554008835844,69,-0.15864597717766152,0.04771260089019766,4.012597742002387,1725,-0.014372589751325649,0.02534313324072551,47.879610694433836,1725
USA_BEA,placebo_random_040,placebo_fixed_nominal,all,26,0.17391304347826086,6.393939733396147e-06,69,-0.1336982350782642,0.03611393231328367,4.829554437856003,1725,0.0156225078011441,0.011847106810101113,,1725
USA_BEA,placebo_random_041,placebo_fixed_nominal,all,26,0.18840579710144928,0.00017795846746841782,69,-0.13159983020132,0.03527463021805279,4.912361340650515,1725,0.0233467842819656,0.017530114071943596,,1725
USA_BEA,placebo_random_042,placebo_fixed_nominal,all,26,0.15942028985507245,0.00031787790532583344,69,-0.1673531138394143,0.035917466255490166,3.7846776346275113,1725,0.028823900897836274,0.015041394381890033,,1725
USA_BEA,placebo_random_043,placebo_fixed_nominal,all,26,0.13043478260869565,0.014280120173344783,69,-0.12525693065259844,0.028869779179111456,5.179501692354276,1725,0.05060671816604529,0.01899308433635674,,1725
USA_BEA,placebo_random_044,placebo_fixed_nominal,all,26,0.15942028985507245,0.0009763299625146747,69,-0.15698251509709216,0.03645053161905153,4.059009215461424,1725,0.030123589631847657,0.016889171964961112,,1725
USA_BEA,placebo_random_045,placebo_fixed_nominal,all,26,0.17391304347826086,0.009749471571745523,69,-0.1260714427704681,0.04040246660012706,5.1436955865872225,1725,-0.008572615816817763,0.024848979103603702,80.50890064801452,1725
USA_BEA,placebo_random_046,placebo_fixed_nominal,all,26,0.17391304347826086,0.007905973555022214,69,-0.1276314913968243,0.04183751086776868,5.076389420944444,1725,0.016209403732190587,0.012329032658462353,,1725
USA_BEA,placebo_random_047,placebo_fixed_nominal,all,26,0.17391304347826086,0.0001477728831557093,69,-0.14114049464190723,0.02914142861554684,4.555685282766476,1725,0.044482396178031534,0.01829455417069404,,1725
USA_BEA,placebo_random_048,placebo_fixed_nominal,all,26,0.15942028985507245,0.025537478966403664,69,-0.1279113898394154,0.03491616070422455,5.064487005264421,1725,-0.00014050511466658048,0.020296080563898887,4932.905721633631,1725
USA_BEA,placebo_random_049,placebo_fixed_nominal,all,26,0.14492753623188406,0.009216463641300623,69,-0.14476509583688965,0.035044014492531535,4.432479491571618,1725,0.017310719680748553,0.014377736410949242,,1725
USA_BEA,symk:111CA,commodity_sym,all,26,0.18840579710144928,0.012755034267523472,69,-0.09249528740932929,0.0375764135924692,7.141685907724017,1725,-0.031719114141566564,0.019096252455147286,21.504229748916796,1725
USA_BEA,symk:113FF,commodity_sym,all,26,0.14492753623188406,0.41256860261597866,69,-0.09213873812501519,0.037160428480955444,7.170707596295569,1725,-0.030787892922921712,0.018328438047532356,22.165248511671965,1725
USA_BEA,symk:211,commodity_sym,all,26,0.10144927536231885,0.20828917547811004,69,-0.08286981402028448,0.03164632726065089,8.012720546907863,1725,-0.03808238966707956,0.021646788216534537,17.852436009459566,1725
USA_BEA,symk:212,commodity_sym,all,26,0.15942028985507245,0.028407683462488027,69,-0.08647347464672805,0.03248892551377517,7.6639231724783,1725,-0.02725902171797439,0.01073721166409362,25.080005248430385,1725
USA_BEA,symk:213,commodity_sym,all,26,0.14492753623188406,0.06457774144715202,69,-0.1124274517738532,0.04279488460814311,5.811823122490341,1725,-0.06940394335575199,0.04073841307161107,9.63641598860756,1725
USA_BEA,symk:22,commodity_sym,all,26,0.15942028985507245,0.020087009367146733,69,-0.08682146053124291,0.03508299096647057,7.631773662399122,1725,-0.01646904152828809,0.010147150513053722,41.740355523274594,1725
USA_BEA,symk:23,commodity_sym,all,26,0.15942028985507245,0.01370803756777044,69,-0.11392551853115407,0.051766625841410396,5.73065504411109,1725,-0.04126434012732863,0.02274117040617727,16.448720847120526,1725
USA_BEA,symk:311FT,commodity_sym,all,26,0.14492753623188406,0.325910754786065,69,-0.09840303572947272,0.03955311622846138,6.691405371924982,1725,-0.041100066690995266,0.02291556245047692,16.515869820445204,1725
USA_BEA,symk:313TT,commodity_sym,all,26,0.10144927536231885,0.7059780961386029,69,-0.05790765583437974,0.02019274451348826,11.619852158652355,1725,-0.025768273662394998,0.01048769624596963,26.551166355035498,1725
USA_BEA,symk:315AL,commodity_sym,all,26,0.17391304347826086,0.0094779050818432,69,-0.09129562382943707,0.03551926941541657,7.240234771720618,1725,-0.031310798832519804,0.015238205250417986,21.789228552040186,1725
USA_BEA,symk:321,commodity_sym,all,26,0.14492753623188406,0.15027752150943569,69,-0.09433818412311364,0.03677384577995881,6.995175873266115,1725,-0.03943253599882043,0.01823305504489015,17.229154946644762,1725
USA_BEA,symk:322,commodity_sym,all,26,0.13043478260869565,0.2508299352008663,69,-0.08693869509650477,0.03154903930440712,7.621000582635291,1725,-0.031241047925059693,0.015846579584369695,21.838658724236556,1725
USA_BEA,symk:323,commodity_sym,all,26,0.10144927536231885,0.15452638711103714,69,-0.09944303070240962,0.03548696145721696,6.617671593317481,1725,-0.03348075678398918,0.01720615295638997,20.35431224419214,1725
USA_BEA,symk:324,commodity_sym,all,26,0.18840579710144928,0.002249904389429566,69,-0.09210587441753976,0.03919416671901665,7.173393871109763,1725,-0.024826350728865427,0.016454157088735617,27.571791758215596,1725
USA_BEA,symk:325,commodity_sym,all,26,0.10144927536231885,0.3659461431691382,69,-0.0856926084598688,0.03321293383647143,7.737015035215708,1725,-0.018897106995144044,0.01502405966440822,36.33239301219646,1725
USA_BEA,symk:326,commodity_sym,all,26,0.07246376811594203,0.44005303956615743,69,-0.09290074986809453,0.036429497999386384,7.108953364674678,1725,-0.02865829862185721,0.01740623356210635,23.838359971115725,1725
USA_BEA,symk:327,commodity_sym,all,26,0.2318840579710145,0.005836156448033417,69,-0.10362725284932861,0.045297269941360546,6.335958832025839,1725,-0.03093692718685202,0.015613902330616517,22.056783414056728,1725
USA_BEA,symk:331,commodity_sym,all,26,0.14492753623188406,0.37192113837357804,69,-0.079962824970661,0.025388718015297164,8.316980832660546,1725,-0.02776738118601752,0.00960357194726259,24.614441285526166,1725
USA_BEA,symk:332,commodity_sym,all,26,0.18840579710144928,0.028397321320358677,69,-0.09334792999851606,0.036973843522236316,7.0731824679707875,1725,-0.02636754180053867,0.014971350545621322,25.939778330130064,1725
USA_BEA,symk:333,commodity_sym,all,26,0.2028985507246377,0.0007539465511752257,69,-0.11778576969001815,0.050407713016735495,5.531002107285503,1725,-0.046715645808290296,0.025027813762588016,14.488244091361938,1725
USA_BEA,symk:334,commodity_sym,all,26,0.2028985507246377,0.02666392375214546,69,-0.09430574300449883,0.04015537166033712,6.99770546725877,1725,-0.03089858378195978,0.01861191041153058,22.084589258137143,1725
USA_BEA,symk:335,commodity_sym,all,26,0.21739130434782608,0.009735975007202483,69,-0.09857392997874119,0.0430697378135493,6.679182553398686,1725,-0.029473654547726758,0.017582698157441554,23.16921567193807,1725
USA_BEA,symk:3361MV,commodity_sym,all,26,0.18840579710144928,0.13059221035512947,69,-0.09927589832799046,0.04181960212405989,6.629416894986469,1725,-0.027900031399502423,0.014792828664430274,24.495748960172588,1725
USA_BEA,symk:3364OT,commodity_sym,all,26,0.10144927536231885,0.20649745306925002,69,-0.09319011185248775,0.03840133951102872,7.085767513294445,1725,-0.028068981363044494,0.013132429280322875,24.34620069640094,1725
USA_BEA,symk:337,commodity_sym,all,26,0.18840579710144928,0.004754411112770237,69,-0.09405887069542632,0.03802984593106954,7.017012433025338,1725,-0.032795993685521795,0.015583659552169463,20.786617829165362,1725
USA_BEA,symk:339,commodity_sym,all,26,0.13043478260869565,0.08897851924070241,69,-0.10835546444046562,0.046492895407864374,6.043778085542134,1725,-0.0359575210400816,0.01837509411938121,18.928145664084344,1725
USA_BEA,symk:42,commodity_sym,all,26,0.13043478260869565,0.4158757823026252,69,-0.10143665308280557,0.0434599403749722,6.48055042331179,1725,-0.036942913558955695,0.02177782804096607,18.41390818899986,1725
USA_BEA,symk:441,commodity_sym,all,26,0.14492753623188406,0.20810166523012447,69,-0.1000650260819394,0.040887027140655785,6.57430497219079,1725,-0.038627020481784034,0.02144976345936191,17.59577043549944,1725
USA_BEA,symk:445,commodity_sym,all,26,0.11594202898550725,0.3865695977644945,69,-0.09866993103069573,0.03988739450232268,6.672334853944441,1725,-0.042601981091254,0.02334160102805964,15.92121568141466,1725
USA_BEA,symk:452,commodity_sym,all,26,0.11594202898550725,0.3567156919791767,69,-0.09885304178139452,0.04032863584868641,6.659310513486073,1725,-0.04168055029328748,0.022825740046594593,16.280958410801396,1725
USA_BEA,symk:481,commodity_sym,all,26,0.14492753623188406,0.14696459255250216,69,-0.10368970121970338,0.04090982606452961,6.331926369537567,1725,-0.04259663884497095,0.022202190549184823,15.923256539593027,1725
USA_BEA,symk:482,commodity_sym,all,26,0.13043478260869565,0.22788503026828957,69,-0.06854107627074267,0.027475788469872437,9.762198171464597,1725,-0.013205863323599909,0.014755042576658809,52.14049393867688,1725
USA_BEA,symk:483,commodity_sym,all,26,0.17391304347826086,0.03861799516021466,69,-0.10013498459876613,0.03792474851157396,6.569461013067764,1725,-0.04596313727262835,0.022446400713276183,14.731210558584392,1725
USA_BEA,symk:484,commodity_sym,all,26,0.14492753623188406,0.19605175219693166,69,-0.09760123794127158,0.041006593238141834,6.74932309392089,1725,-0.033955782086686856,0.01855040398549938,20.064660747958474,1725
USA_BEA,symk:485,commodity_sym,all,26,0.17391304347826086,0.004416984461430863,69,-0.10574738338971977,0.04486252445276934,6.2017172939341805,1725,-0.03628600236622833,0.021458604073154718,18.75362122020924,1725
USA_BEA,symk:486,commodity_sym,all,26,0.08695652173913043,0.6779848371179205,69,-0.06648645673951267,0.02333698726377478,10.0748417779681,1725,-0.01766708859875337,0.010981881755754439,38.88620585236184,1725
USA_BEA,symk:487OS,commodity_sym,all,26,0.13043478260869565,0.24423970570497402,69,-0.08171367717365209,0.03507857570861297,8.131136564846685,1725,-0.01978272581612831,0.015428023205199417,34.69027395729377,1725
USA_BEA,symk:493,commodity_sym,all,26,0.11594202898550725,0.4339680673739011,69,-0.06766238594745858,0.029189133359990037,9.893582359919328,1725,-0.017891145391852423,0.013338702570094996,38.39485457330742,1725
USA_BEA,symk:4A0,commodity_sym,all,26,0.15942028985507245,0.12242199764529724,69,-0.10103338295379785,0.04177600194833756,6.507851134559083,1725,-0.04183469366134294,0.023466844908093032,16.21967455059471,1725
USA_BEA,symk:511,commodity_sym,all,26,0.15942028985507245,0.04288148020240262,69,-0.10877322615845575,0.04603630326347916,6.019182384855415,1725,-0.035337929475718816,0.018195737312370088,19.26616986550091,1725
USA_BEA,symk:512,commodity_sym,all,26,0.11594202898550725,0.19272312540679096,69,-0.08203532638183075,0.03542460498353823,8.09785709915073,1725,-0.02762066843581439,0.015888243189697514,24.747044104888747,1725
USA_BEA,symk:513,commodity_sym,all,26,0.14492753623188406,0.1273099391985324,69,-0.09790023825239004,0.039330428670686424,6.727614038148667,1725,-0.031650391680189176,0.017328637214902583,21.551682516496466,1725
USA_BEA,symk:514,commodity_sym,all,26,0.11594202898550725,0.2832868428752982,69,-0.102075839263235,0.040254295367953906,6.437720064743701,1725,-0.03256973779073697,0.01845534237335917,20.93345305910947,1725
USA_BEA,symk:521CI,commodity_sym,all,26,0.17391304347826086,0.016516177714834435,69,-0.11571155156797662,0.05292703310528176,5.636627420829693,1725,-0.049445290440978416,0.03159364654709563,13.668964602196906,1725
USA_BEA,symk:523,commodity_sym,all,26,0.18840579710144928,0.02698127250731947,69,-0.08762144214467425,0.03613512332288291,7.558833053832483,1725,-0.024562514302857347,0.017968129883675736,27.871706032306196,1725
USA_BEA,symk:524,commodity_sym,all,26,0.10144927536231885,0.11833460529358608,69,-0.09889125652502687,0.032035301023554216,6.656598444689577,1725,-0.03967974678647567,0.0255980527235803,17.11962617183558,1725
USA_BEA,symk:525,commodity_sym,all,26,0.13043478260869565,0.4217602982633621,69,-0.09320810436382843,0.03742112508901517,7.084330568437463,1725,-0.04270744896598917,0.02243677557823679,15.881029105965025,1725
USA_BEA,symk:532RL,commodity_sym,all,26,0.15942028985507245,0.07826432207552292,69,-0.08131535362927068,0.03591687031769262,8.172713816004435,1725,-0.04163241772456178,0.02965258692280574,16.300187775852436,1725
USA_BEA,symk:5411,commodity_sym,all,26,0.13043478260869565,0.11552121982307381,69,-0.10016448859665864,0.037414344136682,6.567420169573857,1725,-0.035432256174232096,0.017590771246114092,19.213946222958715,1725
USA_BEA,symk:5412OP,commodity_sym,all,26,0.13043478260869565,0.05724355306856774,69,-0.1047449287157637,0.042712408975159225,6.264513743210971,1725,-0.02978567900669107,0.016855647543805512,22.922835731776612,1725
USA_BEA,symk:5415,commodity_sym,all,26,0.14492753623188406,0.06377413066292194,69,-0.11465688745495788,0.046645443395825374,5.691797636204158,1725,-0.04216437948530892,0.024442431719430256,16.090102881157538,1725
USA_BEA,symk:55,commodity_sym,all,26,0.21739130434782608,0.026656294617056868,69,-0.07142827400276408,0.023747942277110055,9.353247110996676,1725,0.005656275152572192,0.011664736541580427,,1725
USA_BEA,symk:561,commodity_sym,all,26,0.13043478260869565,0.007101047298886979,69,-0.09211806598773364,0.03771065584654209,7.172397110432175,1725,-0.021716886250633085,0.01734385771444225,31.569587437645573,1725
USA_BEA,symk:562,commodity_sym,all,26,0.13043478260869565,0.11864504156232947,69,-0.08278703824561813,0.032963626469896076,8.021088910355246,1725,-0.01766034491522574,0.011997642511742795,38.90118785842779,1725
USA_BEA,symk:61,commodity_sym,all,26,0.11594202898550725,0.36661906174520187,69,-0.09916200287136004,0.04089404028402521,6.637443610558567,1725,-0.04056013447062835,0.02296022929161774,16.740405665946646,1725
USA_BEA,symk:621,commodity_sym,all,26,0.11594202898550725,0.37335877882366447,69,-0.09828812060804507,0.03984694439741681,6.6996482893233384,1725,-0.04228675877165661,0.022984245130116522,16.042520011762612,1725
USA_BEA,symk:622,commodity_sym,all,26,0.13043478260869565,0.37778936378749733,69,-0.09834914691329688,0.03986272986195633,6.695268446553394,1725,-0.042150757172326775,0.022801453387606,16.095416524029076,1725
USA_BEA,symk:623,commodity_sym,all,26,0.11594202898550725,0.36330506013899866,69,-0.09782805407597962,0.03967568834337262,6.7328428636459385,1725,-0.04200481377310172,0.02279557867490851,16.15256075012957,1725
USA_BEA,symk:624,commodity_sym,all,26,0.14492753623188406,0.35168629213632724,69,-0.0980374808542172,0.039691253608158325,6.717693774314682,1725,-0.04190831331284301,0.022655264212570036,16.190564118219733,1725
USA_BEA,symk:711AS,commodity_sym,all,26,0.07246376811594203,0.22576463800612942,69,-0.0923560565446257,0.03902220428019737,7.152992099526262,1725,-0.03328467831583898,0.021221151455921284,20.476283489007834,1725
USA_BEA,symk:713,commodity_sym,all,26,0.11594202898550725,0.28954282204851695,69,-0.09824746290071429,0.04098213793671041,6.702569300100872,1725,-0.03948340913494209,0.022247762931636904,17.20650311774231,1725
USA_BEA,symk:721,commodity_sym,all,26,0.13043478260869565,0.07250336432451146,69,-0.10211807683955718,0.043150721597125116,6.43490869114191,1725,-0.03982660857575959,0.022459011297216343,17.0552015896921,1725
USA_BEA,symk:722,commodity_sym,all,26,0.11594202898550725,0.3349333309234195,69,-0.09908184429421525,0.03993731457761024,6.643103792653474,1725,-0.04075978980027277,0.02238474029911998,16.65668408798546,1725
USA_BEA,symk:81,commodity_sym,all,26,0.11594202898550725,0.19604420980340298,69,-0.0975200664456807,0.040200260173169515,6.755239541712624,1725,-0.03398660089436832,0.02048943830900188,20.046148333937108,1725
USA_BEA,symk:GFE,commodity_sym,all,26,0.13043478260869565,0.07117318693000835,69,-0.08503890100971448,0.034683922437379416,7.79923589832019,1725,-0.02635827413863197,0.015579479848490325,25.94902179641763,1725
USA_BEA,symk:GFGD+GFGN,commodity_sym,all,26,0.07246376811594203,0.10721796892240716,69,-0.10933899645089266,0.04655075264031228,5.986171966243791,1725,-0.034251578125932436,0.02087456846696181,19.888354759220373,1725
USA_BEA,symk:GSLE,commodity_sym,all,26,0.17391304347826086,0.02777727371183531,69,-0.1009249624104025,0.043418346832865266,6.515228199520292,1725,-0.027736468051602667,0.016932571574451195,24.642264742619844,1725
USA_BEA,symk:GSLG,commodity_sym,all,26,0.11594202898550725,0.2878210929897922,69,-0.1013906098485313,0.042268556523482215,6.483656501815852,1725,-0.03810015613033975,0.02146325794632866,17.843947526549126,1725
USA_BEA,symk:HS+ORE,commodity_sym,all,26,0.10144927536231885,0.19400911550299807,69,-0.1041338730581568,0.044830064874295736,6.303384366417549,1725,-0.03878153393582783,0.022819900290705172,17.524266168485063,1725
USA_BEA,PPa,PPa,core,26,0.2222222222222222,0.005471545249456103,54,-0.15424919297374204,0.05239351211669715,4.137438315867534,1350,-0.007713723228473165,0.019563274087855687,89.51194346637807,1350
USA_BEA,PPb,PPb,core,26,0.1111111111111111,0.012669614856328153,54,-0.12248017053705847,0.03984291185674422,5.305141998895535,1350,-0.005952897726291361,0.015557163013403649,116.09169889374309,1350
USA_BEA,PPc_edu_years,PPc_edu_years,core,26,0.12962962962962962,0.01328588008276531,54,-0.11979664401666279,0.039348716531130465,5.432089516623963,1350,-0.0036393004781060142,0.01519687901874927,190.11486764047774,1350
USA_BEA,k:111CA,commodity_open,core,26,0.18518518518518517,0.0030151632423015564,54,-0.036220536823628545,0.02110398716942209,18.788150981400918,1350,0.007415585837214389,0.007171579782226618,,1350
USA_BEA,k:113FF,commodity_open,core,26,0.09259259259259259,0.5850050910035158,54,-0.04346128977619809,0.020364266118677987,15.599470340613374,1350,0.0002712458847384468,0.007120806208524744,,1350
USA_BEA,k:211,commodity_open,core,26,0.14814814814814814,0.019117200409521105,54,-0.027260788264194705,0.013041663693631215,25.078357353809068,1350,-0.010574873910883218,0.013423913805809288,65.1994265399056,1350
USA_BEA,k:212,commodity_open,core,26,0.1111111111111111,0.3299521395766916,54,-0.028802168990886164,0.013235274847054593,23.717536314554298,1350,-0.0015729135096906243,0.007688035813411222,440.3305731631151,1350
USA_BEA,k:213,commodity_open,core,26,0.3148148148148148,4.9026784045855164e-08,54,-0.0713141678284529,0.02473913035472486,9.368781245194054,1350,-0.025789931426016557,0.02105644749592715,26.528575730101505,1350
USA_BEA,k:22,commodity_open,core,26,0.07407407407407407,0.18734640744407097,54,-0.012684227911975881,0.00838053084852479,54.29907237279392,1350,0.0008994968281416487,0.005115355571539676,,1350
USA_BEA,k:23,commodity_open,core,26,0.24074074074074073,5.4362362590022954e-05,54,-0.06800072977605091,0.03230048380334683,9.842590436456256,1350,-0.007653271467207134,0.014793909637798624,90.2217261539887,1350
USA_BEA,k:311FT,commodity_open,core,26,0.16666666666666666,0.0025131906697137257,54,-0.03861376867038164,0.020749608588139564,17.601929623324033,1350,-0.005158329683447949,0.00909872271514057,134.02747424299415,1350
USA_BEA,k:313TT,commodity_open,core,26,0.018518518518518517,0.9855394223346953,54,-0.020291634856540248,0.01012716185202499,33.81149979172938,1350,-0.0023369031187976067,0.004604300243914626,296.2625837037569,1350
USA_BEA,k:315AL,commodity_open,core,26,0.16666666666666666,0.09772622726060967,54,-0.01171057984423709,0.008353866081523635,58.84257175243574,1350,0.00032211185364766556,0.0039043011253501385,,1350
USA_BEA,k:321,commodity_open,core,26,0.09259259259259259,0.17250396190861328,54,-0.05472544856055451,0.019859330253720685,12.31607795162769,1350,-0.0163716625947465,0.008920345046219117,41.99070073284856,1350
USA_BEA,k:322,commodity_open,core,26,0.12962962962962962,0.218166055952767,54,-0.03335461260624139,0.014085882667145971,20.432616129805215,1350,-0.00565787234658252,0.005853512529362824,122.16331772443965,1350
USA_BEA,k:323,commodity_open,core,26,0.2037037037037037,0.0014014227255909762,54,-0.03885783548372494,0.015940474006668832,17.489165777441823,1350,-0.007259770800210517,0.006613128051077862,95.13083805474201,1350
USA_BEA,k:324,commodity_open,core,26,0.18518518518518517,2.5187507370455554e-06,54,-0.025632155350275902,0.011961262829331918,26.69402156989855,1350,-0.0018086525480920789,0.008650552722191581,382.8928673774007,1350
USA_BEA,k:325,commodity_open,core,26,0.16666666666666666,0.005018546838898012,54,-0.027091569969219353,0.008756922137572652,25.237185572901254,1350,0.013160169251061267,0.007040330774160479,,1350
USA_BEA,k:326,commodity_open,core,26,0.037037037037037035,0.7282535213837908,54,-0.03669273656500283,0.01682253049119655,18.541850005206882,1350,0.0027912341737888566,0.008674670488288731,,1350
USA_BEA,k:327,commodity_open,core,26,0.24074074074074073,1.043201318995463e-06,54,-0.07129405273696351,0.02993105212048794,9.371524817345698,1350,-0.008443035680100111,0.013841364930216853,81.7498514127848,1350
USA_BEA,k:331,commodity_open,core,26,0.1111111111111111,0.03511813917159411,54,-0.05498006148163866,0.016795022244532387,12.257406541292742,1350,-0.00491811293523731,0.00804845775997293,140.59077150465728,1350
USA_BEA,k:332,commodity_open,core,26,0.14814814814814814,0.050293008810098475,54,-0.04329081942278931,0.017001468707420034,15.662282984397748,1350,0.0011677176048003096,0.006886899236199427,,1350
USA_BEA,k:333,commodity_open,core,26,0.2222222222222222,4.156558144874616e-07,54,-0.07544852361048726,0.028606576971009757,8.835916752995677,1350,-0.012997361807588242,0.011410780070549223,52.98250726627293,1350
USA_BEA,k:334,commodity_open,core,26,0.16666666666666666,0.0358244243270736,54,-0.047718530082507794,0.02307059600456219,14.176346855666143,1350,0.00046580672456913096,0.013010435909997689,,1350
USA_BEA,k:335,commodity_open,core,26,0.2222222222222222,0.0007225406596085054,54,-0.04605732560043924,0.022309400332901005,14.700364870660884,1350,0.0040114319438072366,0.011302134417887412,,1350
USA_BEA,k:3361MV,commodity_open,core,26,0.25925925925925924,0.0008081302365011843,54,-0.05106019769304171,0.027774023093643636,13.225497095358413,1350,0.0066982277890408875,0.011350282284183314,,1350
USA_BEA,k:3364OT,commodity_open,core,26,0.16666666666666666,0.00153121556582674,54,-0.05557538637606046,0.02403112554465004,12.122321017157732,1350,-0.0045211021618680606,0.010689224829187272,152.966926610547,1350
USA_BEA,k:337,commodity_open,core,26,0.2777777777777778,2.82257878483985e-07,54,-0.045286237545696086,0.023418883570059796,14.95666189432915,1350,-0.008896693432005928,0.006766479031284491,77.56356161382618,1350
USA_BEA,k:339,commodity_open,core,26,0.2037037037037037,0.0003632392118010207,54,-0.0660390375655484,0.027683660860664747,10.145502201595765,1350,0.0024988064984377426,0.008373613159058138,,1350
USA_BEA,k:42,commodity_open,core,26,0.14814814814814814,0.005987005060935692,54,-0.06846916612313399,0.02807854561210372,9.772823734036777,1350,-0.004123516431642691,0.012862808973857276,167.749324138291,1350
USA_BEA,k:441,commodity_open,core,26,0.16666666666666666,0.0023873861851534976,54,-0.043104993593838195,0.02028252139305391,15.731319477119756,1350,-0.0013556179095850223,0.008842687222616307,510.9679121783499,1350
USA_BEA,k:445,commodity_open,core,26,0.14814814814814814,0.05188291058109823,54,-0.04723587041889822,0.021491895982477662,14.324801268138373,1350,-0.009853618732278434,0.010565059453683459,69.99728314191337,1350
USA_BEA,k:452,commodity_open,core,26,0.2962962962962963,9.073548321337057e-11,54,-0.07129336699897355,0.028631319610788318,9.371618374976794,1350,-0.01219408000527915,0.01111941963658602,56.49564316494434,1350
USA_BEA,k:481,commodity_open,core,26,0.09259259259259259,0.7064024663865885,54,-0.03647219614475226,0.015332936388602588,18.6560909818618,1350,-0.009314766701936221,0.007097095042822584,74.06668521949264,1350
USA_BEA,k:482,commodity_open,core,26,0.1111111111111111,0.2948700848319168,54,-0.014126755034448912,0.008028827450346455,48.71887487070441,1350,0.008149843145152826,0.010117567691352566,,1350
USA_BEA,k:483,commodity_open,core,26,0.12962962962962962,0.03836969806960997,54,-0.03297651565952106,0.01753617102461152,20.67090794930185,1350,-0.007391493175036861,0.00878504370647621,93.42933834446985,1350
USA_BEA,k:484,commodity_open,core,26,0.1111111111111111,0.09018534069697108,54,-0.04252985802350041,0.019315231089353905,15.948811571130449,1350,-0.006183497189342808,0.010759257356074615,111.74937210244494,1350
USA_BEA,k:485,commodity_open,core,26,0.14814814814814814,0.08615474032047518,54,-0.03730900202544518,0.019636017916879654,18.22978074232246,1350,2.7366515221465673e-06,0.007872139924257466,,1350
USA_BEA,k:486,commodity_open,core,26,0.037037037037037035,0.06571777748884615,54,-0.01687325532894637,0.010043102640662665,40.73207907615506,1350,-0.0036772551696699104,0.009750580043538485,188.14902055949793,1350
USA_BEA,k:487OS,commodity_open,core,26,0.16666666666666666,0.09465171835166192,54,-0.03264270194239345,0.016713770233277428,20.8858785400359,1350,-0.0015070887533216051,0.006791386423241809,459.5779316765194,1350
USA_BEA,k:493,commodity_open,core,26,0.14814814814814814,0.24340224220855036,54,-0.010440325633323472,0.007626591318931046,66.0441574758045,1350,0.0014295337958259958,0.004522602185204929,,1350
USA_BEA,k:4A0,commodity_open,core,26,0.3148148148148148,3.019201135939304e-05,54,-0.08058991787467634,0.033186144937153356,8.249490445011151,1350,-0.0046384940824584974,0.011185428164548568,149.08682495581732,1350
USA_BEA,k:511,commodity_open,core,26,0.16666666666666666,0.027087267426177564,54,-0.06460804063273404,0.026322916626612902,10.378065938060004,1350,-0.005469302781931745,0.009526661151770654,126.38721234124492,1350
USA_BEA,k:512,commodity_open,core,26,0.2222222222222222,3.5161718539568805e-05,54,-0.059400307287006994,0.030646130610816565,11.318973493784865,1350,-0.0026343923182855365,0.008511138384501958,262.7679118067514,1350
USA_BEA,k:513,commodity_open,core,26,0.18518518518518517,0.0012777554784452103,54,-0.03858565479528864,0.01951863042909074,17.615010419742287,1350,0.0008855137754757734,0.005521362736437907,,1350
USA_BEA,k:514,commodity_open,core,26,0.12962962962962962,0.34462104281968853,54,-0.035960532285801886,0.019468669185585825,18.926531289399488,1350,0.0035352793029676424,0.0076656567453121365,,1350
USA_BEA,k:521CI,commodity_open,core,26,0.24074074074074073,1.3104130292155016e-06,54,-0.04999882903767249,0.023759393374078102,13.513732072450582,1350,-0.011977018347086674,0.010359638732216386,57.52583042011988,1350
USA_BEA,k:523,commodity_open,core,26,0.24074074074074073,0.00024054917198412595,54,-0.02292353439394472,0.0106168439830242,29.889447705930266,1350,0.0016095180357191688,0.006579814457425795,,1350
USA_BEA,k:524,commodity_open,core,26,0.12962962962962962,0.44295620315049705,54,-0.017060754874663284,0.013645772837929936,40.28059840991765,1350,0.004455773025272997,0.0073649777140495296,,1350
USA_BEA,k:525,commodity_open,core,26,0.16666666666666666,0.029732645553854534,54,-0.019767614983465097,0.016600783486843816,34.71705872533143,1350,0.008586168072857472,0.009276142236529148,,1350
USA_BEA,k:532RL,commodity_open,core,26,0.12962962962962962,0.09256708375436391,54,-0.021146108196081106,0.012827185626136675,32.43113985358952,1350,-0.006271465753550019,0.00712697732414788,110.17701511802673,1350
USA_BEA,k:5411,commodity_open,core,26,0.24074074074074073,0.0009490935029143891,54,-0.03614722620228438,0.018904026700018416,18.826967060020095,1350,-0.0031017443956601934,0.006002958372377698,223.12336318012123,1350
USA_BEA,k:5412OP,commodity_open,core,26,0.16666666666666666,0.16765374246541934,54,-0.046751734242920596,0.022114138014069758,14.476788531380613,1350,0.0015610889773979176,0.005539393778677696,,1350
USA_BEA,k:5415,commodity_open,core,26,0.16666666666666666,0.04836363969667113,54,-0.06375743478904265,0.0274513361889258,10.521250322917112,1350,-0.008679800175136705,0.015092534941035376,79.51042724339526,1350
USA_BEA,k:55,commodity_open,core,26,0.14814814814814814,0.045880553003186546,54,-0.023152290632815018,0.010089438025629541,29.590673896882183,1350,0.009629869061706634,0.006509845999753254,,1350
USA_BEA,k:561,commodity_open,core,26,0.037037037037037035,0.7077024432371272,54,-0.02483233753193788,0.01539941342609831,27.565060243133214,1350,0.0017070746217473845,0.0073704117353636505,,1350
USA_BEA,k:562,commodity_open,core,26,0.1111111111111111,0.12065294671832706,54,-0.012654266034869854,0.012948048306296086,54.42846197135872,1350,0.014553826751290026,0.006487131835810721,,1350
USA_BEA,k:61,commodity_open,core,26,0.16666666666666666,0.22367705422207337,54,-0.03777382186964128,0.020936048103962983,18.001137406181932,1350,0.003203123056448178,0.0077389826249530825,,1350
USA_BEA,k:621,commodity_open,core,26,0.12962962962962962,0.05124950428633331,54,-0.07051954780333275,0.026747823628022003,9.478352196328098,1350,-0.015081143295197405,0.010425582411710013,45.613731240148944,1350
USA_BEA,k:622,commodity_open,core,26,0.18518518518518517,0.025144130504991653,54,-0.0683678036170891,0.030019875108787352,9.787839168628741,1350,-0.009683806920934804,0.01222658151764043,71.23082805652278,1350
USA_BEA,k:623,commodity_open,core,26,0.07407407407407407,0.5568975572124276,54,-0.054705206467769114,0.023335310032281186,12.320765842216117,1350,-0.004286255387790374,0.010092753073037081,161.36710288509565,1350
USA_BEA,k:624,commodity_open,core,26,0.07407407407407407,0.4356813016241321,54,-0.06602935034874284,0.02899777759525252,10.147042680015637,1350,-0.019742229597240635,0.016031982793173905,34.762147992037164,1350
USA_BEA,k:711AS,commodity_open,core,26,0.14814814814814814,0.07125398442280331,54,-0.05260377129608792,0.024719502183394367,12.827063521838424,1350,0.00013413677194361217,0.008067680184901843,,1350
USA_BEA,k:713,commodity_open,core,26,0.07407407407407407,0.3181524445552265,54,-0.03856380997083125,0.018054289130598936,17.625187523846957,1350,-0.0011863614007483845,0.007737159411822775,583.9164501196603,1350
USA_BEA,k:721,commodity_open,core,26,0.14814814814814814,0.0908117083608393,54,-0.04130138383340328,0.02100756707480769,16.433652531509257,1350,0.0006483061605096209,0.009238362734247293,,1350
USA_BEA,k:722,commodity_open,core,26,0.14814814814814814,0.23557324639564406,54,-0.03248616927832147,0.015836682221818346,20.98820442316304,1350,-7.033262545817878e-05,0.007583649656682992,9854.925794796392,1350
USA_BEA,k:81,commodity_open,core,26,0.16666666666666666,0.002375585084835036,54,-0.018730303299050427,0.012718725196536688,36.659059101755766,1350,0.004099115443642704,0.005126869609734987,,1350
USA_BEA,k:GFE,commodity_open,core,26,0.14814814814814814,0.10136923429036485,54,-0.030577629871399524,0.017136329964978173,22.320073046440257,1350,-0.000527408545082212,0.006782271947177943,1313.9043443209055,1350
USA_BEA,k:GFGD+GFGN,commodity_open,core,26,0.16666666666666666,0.026935558870402228,54,-0.04903100761127124,0.02503412713596042,13.787437471563054,1350,0.005634496325205184,0.007566726354764321,,1350
USA_BEA,k:GSLE,commodity_open,core,26,0.18518518518518517,0.0034571691047570485,54,-0.022676797489778085,0.013817905159843782,30.218462573389854,1350,0.0016689151166825499,0.006863991556303983,,1350
USA_BEA,k:GSLG,commodity_open,core,26,0.16666666666666666,0.08079772861102083,54,-0.03810486659966722,0.02100347028062857,17.841698280032784,1350,0.002724268052004238,0.006089701976910721,,1350
USA_BEA,k:HS+ORE,commodity_open,core,26,0.16666666666666666,0.016518405239406057,54,-0.03696739664828962,0.017833461672190215,18.40148042541988,1350,-0.0006639558653750495,0.0064423819361168685,1043.6191344258543,1350
USA_BEA,labour,labour,core,26,0.09259259259259259,0.04878583794676524,54,-0.13614274934893836,0.0368222009164856,4.736302497296237,1350,-0.041279373650225264,0.022165167711684485,16.442602381682207,1350
USA_BEA,placebo_perm_000,placebo_perm,core,26,0.09259259259259259,0.12701817121575787,54,-0.0435858845802612,0.02026923880512551,15.553872048008946,1350,0.00242732059649453,0.009528197319468988,,1350
USA_BEA,placebo_perm_001,placebo_perm,core,26,0.018518518518518517,0.7813864802959614,54,-0.05172845680496529,0.0325731322395025,13.050085184460464,1350,0.009345688609662523,0.008090942663875183,,1350
USA_BEA,placebo_perm_002,placebo_perm,core,26,0.18518518518518517,0.03429150623885764,54,-0.031129757904403248,0.009202810544517213,21.917984928572007,1350,0.03892122514199309,0.018421497245686442,,1350
USA_BEA,placebo_perm_003,placebo_perm,core,26,0.1111111111111111,0.3162661205959111,54,-0.04854040923571217,0.02602404511008067,13.930349191693615,1350,-0.001901111720825165,0.012314996822413105,364.2542881068595,1350
USA_BEA,placebo_perm_004,placebo_perm,core,26,0.09259259259259259,0.08830251097141593,54,-0.04718904232784273,0.02293271885333695,14.339366033044675,1350,0.0037782765406586096,0.007751188652113278,,1350
USA_BEA,placebo_perm_005,placebo_perm,core,26,0.12962962962962962,0.4284078349422859,54,-0.0427360706133126,0.022059082317316896,15.87015757121497,1350,-0.0036180261710947316,0.009087627444884078,191.23479987022503,1350
USA_BEA,placebo_perm_006,placebo_perm,core,26,0.09259259259259259,0.48982926234195495,54,-0.07708481339267526,0.024761817597616708,8.64080032305858,1350,0.01118781215135415,0.015602754297437038,,1350
USA_BEA,placebo_perm_007,placebo_perm,core,26,0.1111111111111111,0.6712967754889768,54,-0.06326867141833017,0.025059362773923052,10.60526601157079,1350,0.02425244537704939,0.013220765616567199,,1350
USA_BEA,placebo_perm_008,placebo_perm,core,26,0.2037037037037037,0.11382189639309531,54,-0.05260328126543994,0.0293095227487726,12.827186301000724,1350,0.00024277441490747385,0.009571419196739123,,1350
USA_BEA,placebo_perm_009,placebo_perm,core,26,0.12962962962962962,0.5103155301143971,54,-0.034627013131531124,0.017398644692428283,19.66891816363042,1350,0.018578495345148306,0.01271737248485909,,1350
USA_BEA,placebo_perm_010,placebo_perm,core,26,0.09259259259259259,0.7320658703198988,54,-0.032554658496570514,0.029511916491802088,20.943311738184615,1350,0.023324804289803543,0.007953177101569278,,1350
USA_BEA,placebo_perm_011,placebo_perm,core,26,0.05555555555555555,0.4126891528870889,54,-0.0695584417655666,0.027758536775784572,9.614223645498239,1350,0.009761247705816021,0.011401291602555742,,1350
USA_BEA,placebo_perm_012,placebo_perm,core,26,0.018518518518518517,0.9935546104614815,54,-0.041405553981062986,0.018581210825525954,16.39142360047441,1350,0.0077445818353013614,0.008453811007337634,,1350
USA_BEA,placebo_perm_013,placebo_perm,core,26,0.07407407407407407,0.6705692528970495,54,-0.043533639354570317,0.024804053985638907,15.572960601382487,1350,0.004758140277494316,0.012166474831201772,,1350
USA_BEA,placebo_perm_014,placebo_perm,core,26,0.14814814814814814,0.204509460317247,54,-0.08505518985730584,0.035648664356979144,7.797673890299332,1350,0.029850656507907514,0.01862639668505149,,1350
USA_BEA,placebo_perm_015,placebo_perm,core,26,0.14814814814814814,0.07100121927143715,54,-0.08340306264762487,0.02553821057285599,7.95920875718469,1350,-0.010504829407044381,0.010995957680098964,65.63648485347443,1350
USA_BEA,placebo_perm_016,placebo_perm,core,26,0.12962962962962962,0.26784705944259474,54,-0.05816742204904158,0.021940653349799326,11.56638074097889,1350,0.016543554209204003,0.012509796265424181,,1350
USA_BEA,placebo_perm_017,placebo_perm,core,26,0.16666666666666666,0.06060418943198958,54,-0.04979656672028012,0.020695506310487846,13.570053807199479,1350,0.008752508844844327,0.015881887883386594,,1350
USA_BEA,placebo_perm_018,placebo_perm,core,26,0.14814814814814814,0.11662994584932951,54,-0.05806181198515505,0.023057647524481945,11.58806227929936,1350,0.027749787466457194,0.022125625192352835,,1350
USA_BEA,placebo_perm_019,placebo_perm,core,26,0.09259259259259259,0.5875345794434975,54,-0.02797964693074336,0.01774733736679104,24.425051241748083,1350,0.018459366171109024,0.008921954501581002,,1350
USA_BEA,placebo_perm_020,placebo_perm,core,26,0.1111111111111111,0.2154276088143701,54,-0.03381307148850023,0.02187957249123828,20.15082484331357,1350,0.01821599669498849,0.007115895563978022,,1350
USA_BEA,placebo_perm_021,placebo_perm,core,26,0.05555555555555555,0.8213524031066506,54,-0.04087101084085986,0.019659627105318274,16.610400401129375,1350,0.016507008720925063,0.009919772734150114,,1350
USA_BEA,placebo_perm_022,placebo_perm,core,26,0.12962962962962962,0.314292562989558,54,-0.07061116904297926,0.024351951232883272,9.46559273017733,1350,0.007140266987186367,0.010947801502988302,,1350
USA_BEA,placebo_perm_023,placebo_perm,core,26,0.1111111111111111,0.6997680531695815,54,-0.05014654372214265,0.026708088288860246,13.472886612147448,1350,0.004180384861859991,0.009025709986175768,,1350
USA_BEA,placebo_perm_024,placebo_perm,core,26,0.1111111111111111,0.5139608579490677,54,-0.0457821880362537,0.02017020313439761,14.790825594351848,1350,0.010805629442285242,0.011869509459222117,,1350
USA_BEA,placebo_perm_025,placebo_perm,core,26,0.07407407407407407,0.33343022213696755,54,-0.045544314786014686,0.019795523461356143,14.869915199683605,1350,0.0047268306984354054,0.009919467365918963,,1350
USA_BEA,placebo_perm_026,placebo_perm,core,26,0.16666666666666666,0.06403043029738142,54,-0.08073803689001414,0.025149177440130472,8.233702218131524,1350,0.0016434403805016167,0.011672231905257497,,1350
USA_BEA,placebo_perm_027,placebo_perm,core,26,0.09259259259259259,0.623100133048243,54,-0.05367320225123621,0.024909006838450935,12.56445324847531,1350,0.00800355749878,0.00998342014210587,,1350
USA_BEA,placebo_perm_028,placebo_perm,core,26,0.14814814814814814,0.05258896333438109,54,-0.0736487765776135,0.02740369003703085,9.060531273350241,1350,0.023791442611678336,0.013113402042494286,,1350
USA_BEA,placebo_perm_029,placebo_perm,core,26,0.12962962962962962,0.28620372774409275,54,-0.058848114940944635,0.02558977614362237,11.428502465407462,1350,0.02327427172399405,0.008373066878988809,,1350
USA_BEA,placebo_perm_030,placebo_perm,core,26,0.07407407407407407,0.6981022689939068,54,-0.052190625536468215,0.025972872518166937,12.93139712453091,1350,-0.00027759415717114474,0.009933105995120607,2496.6338498161667,1350
USA_BEA,placebo_perm_031,placebo_perm,core,26,0.1111111111111111,0.03639088888600259,54,-0.049494686270784884,0.024709127719065242,13.65497113299816,1350,0.008940007966569076,0.010431872379130805,,1350
USA_BEA,placebo_perm_032,placebo_perm,core,26,0.1111111111111111,0.29866940466816083,54,-0.042587010423940905,0.02669039579436994,15.926936105701158,1350,0.009079740225225905,0.010215731320703842,,1350
USA_BEA,placebo_perm_033,placebo_perm,core,26,0.09259259259259259,0.07776644618378403,54,-0.052039211506281824,0.023081240744190146,12.970049130805897,1350,0.003089910962327665,0.009918488447228854,,1350
USA_BEA,placebo_perm_034,placebo_perm,core,26,0.1111111111111111,0.41844975834975856,54,-0.053326419515423336,0.028022259781459134,12.648455786696811,1350,0.005496327201585635,0.009546502683244513,,1350
USA_BEA,placebo_perm_035,placebo_perm,core,26,0.05555555555555555,0.7415754168731726,54,-0.04206738273003938,0.02319837741644759,16.12801328986215,1350,0.014436301881516508,0.007895887012264596,,1350
USA_BEA,placebo_perm_036,placebo_perm,core,26,0.09259259259259259,0.387100503093379,54,-0.06843619854189745,0.02142063338036441,9.777702540506445,1350,0.012867797279384616,0.01104992458940014,,1350
USA_BEA,placebo_perm_037,placebo_perm,core,26,0.037037037037037035,0.9819706202870294,54,-0.045949764073037004,0.019807572468178408,14.735600390973948,1350,0.0032080060331013513,0.008426953355972565,,1350
USA_BEA,placebo_perm_038,placebo_perm,core,26,0.1111111111111111,0.10642823969723965,54,-0.092750016314069,0.027274080648958983,7.121088528374994,1350,0.008181200317957793,0.01175371972833048,,1350
USA_BEA,placebo_perm_039,placebo_perm,core,26,0.12962962962962962,0.17462328693498197,54,-0.04791791107586155,0.023052415677632287,14.115894786228761,1350,0.0018024231499357338,0.009329528207673191,,1350
USA_BEA,placebo_perm_040,placebo_perm,core,26,0.16666666666666666,0.03314845877012258,54,-0.0407233621502696,0.0142221010901686,16.671898096974253,1350,0.030650530640732556,0.016380410769221525,,1350
USA_BEA,placebo_perm_041,placebo_perm,core,26,0.14814814814814814,0.2297931827894283,54,-0.03638200125908734,0.027429179022153215,18.70321135343808,1350,0.021271255453777917,0.008981042336227294,,1350
USA_BEA,placebo_perm_042,placebo_perm,core,26,0.12962962962962962,0.15862974760962065,54,-0.05039471955472999,0.031284888020195904,13.404801024882017,1350,0.0017050643237729796,0.012597496615387189,,1350
USA_BEA,placebo_perm_043,placebo_perm,core,26,0.1111111111111111,0.33591104039043895,54,-0.05384129463386993,0.02579607221629204,12.524124848615436,1350,-0.0086295768500663,0.007737648037083141,79.97519332923906,1350
USA_BEA,placebo_perm_044,placebo_perm,core,26,0.12962962962962962,0.12194750469466248,54,-0.05530263210170464,0.027867944102424116,12.183850952615119,1350,-0.011469972418065993,0.01465753389801806,60.084220153266024,1350
USA_BEA,placebo_perm_045,placebo_perm,core,26,0.16666666666666666,0.13640842871657538,54,-0.04145238808107096,0.02410673853277716,16.372506948398968,1350,0.008383359381537711,0.009954301864374085,,1350
USA_BEA,placebo_perm_046,placebo_perm,core,26,0.07407407407407407,0.5022488814828574,54,-0.07319249708760642,0.025594125781769197,9.119230819576044,1350,0.004417027776475603,0.0076950779755246435,,1350
USA_BEA,placebo_perm_047,placebo_perm,core,26,0.12962962962962962,0.3623560483330397,54,-0.04795276021327524,0.024360208985972215,14.105380172235876,1350,0.005364862439271278,0.008387031595654086,,1350
USA_BEA,placebo_perm_048,placebo_perm,core,26,0.12962962962962962,0.5084096419988167,54,-0.050655395205658774,0.028057295239338365,13.334004414168986,1350,0.0035168322248693537,0.009807175672389274,,1350
USA_BEA,placebo_perm_049,placebo_perm,core,26,0.12962962962962962,0.5673839896470572,54,-0.036194783622036264,0.023474949924907496,18.801768721584793,1350,0.013334680083846967,0.007737230568033685,,1350
USA_BEA,placebo_random_000,placebo_fixed_nominal,core,26,0.05555555555555555,0.5684609443519562,54,-0.08489714826453981,0.03793773311561898,7.812854469295167,1350,0.014889267550258534,0.015130589802079146,,1350
USA_BEA,placebo_random_001,placebo_fixed_nominal,core,26,0.1111111111111111,0.11925241862841335,54,-0.09369034715477445,0.027745427918207038,7.046022434272031,1350,0.036494096772687126,0.017470568784427896,,1350
USA_BEA,placebo_random_002,placebo_fixed_nominal,core,26,0.16666666666666666,0.04088147917416896,54,-0.08268686418976635,0.02895004378625092,8.031238576478435,1350,0.027550742942150954,0.012331788597794414,,1350
USA_BEA,placebo_random_003,placebo_fixed_nominal,core,26,0.1111111111111111,0.05586464963765195,54,-0.08310389235760665,0.03193317110833127,7.989146151376737,1350,0.03382582656532008,0.0139631584932152,,1350
USA_BEA,placebo_random_004,placebo_fixed_nominal,core,26,0.12962962962962962,0.04002082606814016,54,-0.08846033948681871,0.0388658576832877,7.483760249049974,1350,0.020855290348157373,0.01628244679441809,,1350
USA_BEA,placebo_random_005,placebo_fixed_nominal,core,26,0.09259259259259259,0.04489124010855405,54,-0.10174869712959679,0.03708728866594,6.4595739280782265,1350,0.00568729672747828,0.012995612825447062,,1350
USA_BEA,placebo_random_006,placebo_fixed_nominal,core,26,0.07407407407407407,0.29680188354609294,54,-0.10012539758502562,0.03269467171396801,6.570124422346225,1350,0.006114146864047247,0.014729067097033668,,1350
USA_BEA,placebo_random_007,placebo_fixed_nominal,core,26,0.14814814814814814,0.08172387064409026,54,-0.09621448696461835,0.026619545775068237,6.851771243118422,1350,0.03378759467984268,0.015488905656267624,,1350
USA_BEA,placebo_random_008,placebo_fixed_nominal,core,26,0.16666666666666666,0.01626543945955995,54,-0.09890345430155519,0.03012673704749119,6.6557332193853,1350,0.015528720473585287,0.010599801455610739,,1350
USA_BEA,placebo_random_009,placebo_fixed_nominal,core,26,0.07407407407407407,0.35948278588509053,54,-0.11782805551599622,0.03880430054393991,5.5288874145317575,1350,0.02312589919533818,0.0167295124397469,,1350
USA_BEA,placebo_random_010,placebo_fixed_nominal,core,26,0.14814814814814814,0.12654665752861907,54,-0.08031690626079446,0.029075689098005317,8.278743652131093,1350,0.020547788834271663,0.016003698444893365,,1350
USA_BEA,placebo_random_011,placebo_fixed_nominal,core,26,0.16666666666666666,0.03302111233087546,54,-0.10951103334508068,0.030847693805704623,5.976201853069103,1350,-0.005627455904515608,0.01083880962362103,122.82548815931914,1350
USA_BEA,placebo_random_012,placebo_fixed_nominal,core,26,0.07407407407407407,0.09385144757637036,54,-0.08225266006533531,0.019038990324359115,8.075517904092628,1350,0.04171808359572923,0.0217453626324106,,1350
USA_BEA,placebo_random_013,placebo_fixed_nominal,core,26,0.12962962962962962,0.15661724498068658,54,-0.07304623822764458,0.02685934205377757,9.138201891628535,1350,0.021397227119453997,0.012731397048330517,,1350
USA_BEA,placebo_random_014,placebo_fixed_nominal,core,26,0.16666666666666666,0.06097015947023658,54,-0.09094848419828175,0.035503772694794,7.269235879473331,1350,0.036240790207312974,0.015885916822434277,,1350
USA_BEA,placebo_random_015,placebo_fixed_nominal,core,26,0.14814814814814814,0.006647059452483685,54,-0.09172177327981515,0.027169582231084535,7.204932854452658,1350,0.03737371953907778,0.015723696901434773,,1350
USA_BEA,placebo_random_016,placebo_fixed_nominal,core,26,0.25925925925925924,2.393254584307036e-07,54,-0.12314599100151305,0.04037292645825299,5.2744999460337025,1350,0.01295315574469366,0.017666418079591812,,1350
USA_BEA,placebo_random_017,placebo_fixed_nominal,core,26,0.09259259259259259,0.35023279415428765,54,-0.07711262274088192,0.026347716998609345,8.63755576960453,1350,0.016584298239671186,0.011580590560810173,,1350
USA_BEA,placebo_random_018,placebo_fixed_nominal,core,26,0.18518518518518517,0.03862444746205108,54,-0.10274672105034506,0.030084271836774232,6.393338464249621,1350,0.04470313013071867,0.01983415599588663,,1350
USA_BEA,placebo_random_019,placebo_fixed_nominal,core,26,0.1111111111111111,0.13722921382695075,54,-0.09145825136693549,0.03046280943812768,7.226724036278524,1350,0.032031584878794886,0.018720553605126467,,1350
USA_BEA,placebo_random_020,placebo_fixed_nominal,core,26,0.037037037037037035,0.4704071367723183,54,-0.10635049789530172,0.03211614161526277,6.164506335672003,1350,0.012309653770957184,0.012403441145641838,,1350
USA_BEA,placebo_random_021,placebo_fixed_nominal,core,26,0.16666666666666666,0.006073777665621499,54,-0.10774375616408016,0.0385757603193645,6.080136088656228,1350,0.016259761399674198,0.013308128848273686,,1350
USA_BEA,placebo_random_022,placebo_fixed_nominal,core,26,0.09259259259259259,0.24091394574835115,54,-0.07992919203418011,0.02736275060111475,8.320630455174141,1350,0.027323171958762812,0.014192332361571466,,1350
USA_BEA,placebo_random_023,placebo_fixed_nominal,core,26,0.12962962962962962,0.1558698807494171,54,-0.10360279703270642,0.035660554897064385,6.337539334406742,1350,0.008897412406502039,0.01406447298565585,,1350
USA_BEA,placebo_random_024,placebo_fixed_nominal,core,26,0.12962962962962962,0.12199870372524403,54,-0.10604204802797551,0.03543955907090498,6.183484252200371,1350,0.01159193392240215,0.019191167851359596,,1350
USA_BEA,placebo_random_025,placebo_fixed_nominal,core,26,0.18518518518518517,0.0014753978475049864,54,-0.09714896848116783,0.029623937274411916,6.782414027380196,1350,0.032623026752136804,0.018129120252827525,,1350
USA_BEA,placebo_random_026,placebo_fixed_nominal,core,26,0.07407407407407407,0.3286589171742716,54,-0.11262224003933896,0.039540349988929316,5.801147151178125,1350,0.01122257518482655,0.01876330961594309,,1350
USA_BEA,placebo_random_027,placebo_fixed_nominal,core,26,0.09259259259259259,0.057808225932326096,54,-0.08843138697949122,0.03057819237172489,7.486327491825363,1350,0.029890994325903177,0.012909514398503756,,1350
USA_BEA,placebo_random_028,placebo_fixed_nominal,core,26,0.1111111111111111,0.2629818031217941,54,-0.11649528238938893,0.033110174445806745,5.596276031223907,1350,0.013712680523224823,0.014604176698032946,,1350
USA_BEA,placebo_random_029,placebo_fixed_nominal,core,26,0.14814814814814814,0.052707663073465263,54,-0.08299073984978705,0.0305101146769941,8.000525323522218,1350,0.030564995482358664,0.01293082902489658,,1350
USA_BEA,placebo_random_030,placebo_fixed_nominal,core,26,0.12962962962962962,0.007692087149181201,54,-0.11627883127037135,0.04066445641029787,5.607366000405291,1350,0.008521553427497242,0.01612775896093006,,1350
USA_BEA,placebo_random_031,placebo_fixed_nominal,core,26,0.07407407407407407,0.16634665066233625,54,-0.09401295074252286,0.0345996850049744,7.020614836751565,1350,0.01681972375055043,0.011399779143423367,,1350
USA_BEA,placebo_random_032,placebo_fixed_nominal,core,26,0.05555555555555555,0.702993205956457,54,-0.11937380749439468,0.03727198687033973,5.452612062531543,1350,0.011922389001110565,0.021967756438796306,,1350
USA_BEA,placebo_random_033,placebo_fixed_nominal,core,26,0.18518518518518517,0.08700445069653964,54,-0.11722066295262343,0.04047027481333093,5.559409041181067,1350,0.013267258355825748,0.017937001063758107,,1350
USA_BEA,placebo_random_034,placebo_fixed_nominal,core,26,0.05555555555555555,0.36257207519998014,54,-0.11263130270617905,0.03734513710530322,5.8006513416418315,1350,0.007469645954617338,0.02337552692802977,,1350
USA_BEA,placebo_random_035,placebo_fixed_nominal,core,26,0.12962962962962962,0.010176450369075517,54,-0.12736249389205415,0.034663545086597546,5.087877500596801,1350,0.0022211332598936,0.017280544374484067,,1350
USA_BEA,placebo_random_036,placebo_fixed_nominal,core,26,0.1111111111111111,0.020143450394933243,54,-0.09380811593231096,0.024739952150100858,7.03672697096558,1350,0.03491258128875942,0.017539726288823766,,1350
USA_BEA,placebo_random_037,placebo_fixed_nominal,core,26,0.12962962962962962,0.0427534397455253,54,-0.1276257794615891,0.03932359014850313,5.076632858231111,1350,0.010074454688095239,0.023697735163995988,,1350
USA_BEA,placebo_random_038,placebo_fixed_nominal,core,26,0.1111111111111111,0.03490768455014315,54,-0.0996261367600214,0.03345301600734311,6.604848927778149,1350,0.0143179499254316,0.014151097573987399,,1350
USA_BEA,placebo_random_039,placebo_fixed_nominal,core,26,0.12962962962962962,0.04035162197492632,54,-0.11045063196398273,0.041034569773870024,5.9222963648369165,1350,-0.002502039079528334,0.018180521180075116,276.68619707061197,1350
USA_BEA,placebo_random_040,placebo_fixed_nominal,core,26,0.09259259259259259,0.03006265178547816,54,-0.09901490205337282,0.03294573900021063,6.64783775458159,1350,0.017392663599563277,0.012743134227270157,,1350
USA_BEA,placebo_random_041,placebo_fixed_nominal,core,26,0.12962962962962962,0.013980343667929744,54,-0.09159279154922145,0.028124991810354362,7.21558297107521,1350,0.03108782525587524,0.014944274157105624,,1350
USA_BEA,placebo_random_042,placebo_fixed_nominal,core,26,0.2037037037037037,0.0017796079667034895,54,-0.13238727218192733,0.032449472407380456,4.880980285663338,1350,0.025375203335460356,0.01801716810045475,,1350
USA_BEA,placebo_random_043,placebo_fixed_nominal,core,26,0.1111111111111111,0.08520256846024153,54,-0.09702664382474115,0.028923422485995068,6.79141703718788,1350,0.049087530063696136,0.022103524093563323,,1350
USA_BEA,placebo_random_044,placebo_fixed_nominal,core,26,0.09259259259259259,0.03190996760636408,54,-0.11966096170924997,0.034132683546347777,5.43865913325551,1350,0.02272595347170792,0.01820972050542677,,1350
USA_BEA,placebo_random_045,placebo_fixed_nominal,core,26,0.16666666666666666,0.11829799989217786,54,-0.0847881768131441,0.03497716630968722,7.823354589195314,1350,0.013702628392825126,0.013914305356515387,,1350
USA_BEA,placebo_random_046,placebo_fixed_nominal,core,26,0.09259259259259259,0.19117613470373973,54,-0.08790490022165919,0.036708469427438495,7.533306266811873,1350,0.01937891159739903,0.01377615706050121,,1350
USA_BEA,placebo_random_047,placebo_fixed_nominal,core,26,0.1111111111111111,0.0807374839735195,54,-0.11004219728802567,0.025978215612660883,5.945615603682684,1350,0.029553902041826025,0.01598821451255025,,1350
USA_BEA,placebo_random_048,placebo_fixed_nominal,core,26,0.14814814814814814,0.01164867201884839,54,-0.09065882173225591,0.031550876532279844,7.293605012908408,1350,0.015531027580668945,0.011934511689987163,,1350
USA_BEA,placebo_random_049,placebo_fixed_nominal,core,26,0.1111111111111111,0.12226962743299094,54,-0.11270216814556566,0.033045602735629225,5.796777109635931,1350,0.019525845321636356,0.01592937504758862,,1350
USA_BEA,symk:111CA,commodity_sym,core,26,0.16666666666666666,0.006333657041169459,54,-0.11140724163756113,0.034879444307804534,5.868347928032211,1350,-0.02008327304343294,0.015235221174255775,34.16591072375142,1350
USA_BEA,symk:113FF,commodity_sym,core,26,0.1111111111111111,0.24219019458946583,54,-0.10109908324164274,0.032041242562960294,6.503388498957226,1350,-0.01643320565819508,0.01282842792219032,41.83213863085789,1350
USA_BEA,symk:211,commodity_sym,core,26,0.1111111111111111,0.030309657931449276,54,-0.07573900038751362,0.026575570387876418,8.800664233636855,1350,-0.03674995127574297,0.026048515523464467,18.512436488427987,1350
USA_BEA,symk:212,commodity_sym,core,26,0.16666666666666666,0.011848599434849016,54,-0.0954370266563882,0.028278613746035873,6.910508480979773,1350,-0.026031980504404466,0.013854814183432488,26.278658361853708,1350
USA_BEA,symk:213,commodity_sym,core,26,0.2777777777777778,0.0004391705649186047,54,-0.14565121503083447,0.028679206053165353,4.403289743270138,1350,-0.06729202419807243,0.030237284660074075,9.949987322525553,1350
USA_BEA,symk:22,commodity_sym,core,26,0.2222222222222222,0.0013595334433366768,54,-0.09869364853664887,0.03936419218066472,6.670645148188219,1350,-0.011825467598177337,0.013209178148469823,58.26751918124789,1350
USA_BEA,symk:23,commodity_sym,core,26,0.18518518518518517,0.0006041507496883175,54,-0.15204273095706308,0.04867269764893454,4.2028014828379545,1350,-0.04276452106367813,0.024968151132067226,15.859365482910738,1350
USA_BEA,symk:311FT,commodity_sym,core,26,0.1111111111111111,0.09638516634476246,54,-0.13336306365243472,0.03670058707105447,4.84260636257292,1350,-0.03773927004426765,0.021753447290066744,18.017939586575938,1350
USA_BEA,symk:313TT,commodity_sym,core,26,0.05555555555555555,0.6852352366913077,54,-0.04997852074162317,0.017459701128974433,13.519366514136776,1350,-0.0184822322415597,0.007537612210473674,37.15578304174717,1350
USA_BEA,symk:315AL,commodity_sym,core,26,0.16666666666666666,0.008321189697179184,54,-0.08951535746418765,0.03196931406883342,7.391342902657909,1350,-0.02295456446839765,0.010429690093420147,29.848570883093053,1350
USA_BEA,symk:321,commodity_sym,core,26,0.12962962962962962,0.07446341812748213,54,-0.09965101318432049,0.028780440717040372,6.60311049833772,1350,-0.03607578183287539,0.014720886208527057,18.864946774586116,1350
USA_BEA,symk:322,commodity_sym,core,26,0.14814814814814814,0.1536665063935702,54,-0.08844914191506453,0.02671680038119635,7.484752947839246,1350,-0.024512617335674593,0.012868340415224158,27.929151985694286,1350
USA_BEA,symk:323,commodity_sym,core,26,0.2037037037037037,0.00982740181896422,54,-0.0945283350874383,0.031618106210758265,6.980383749014456,1350,-0.02855878150332219,0.01414948557949275,23.92264756702124,1350
USA_BEA,symk:324,commodity_sym,core,26,0.16666666666666666,3.557823748309025e-05,54,-0.10715079088266627,0.0415401822907091,6.115775851009704,1350,-0.02043583915182505,0.021152299485188923,33.570448500520286,1350
USA_BEA,symk:325,commodity_sym,core,26,0.16666666666666666,0.07769716561799288,54,-0.1001033700686213,0.019641798555332445,6.571649179667732,1350,-0.0075909248980176,0.017246951455610022,90.96559835095056,1350
USA_BEA,symk:326,commodity_sym,core,26,0.07407407407407407,0.3498273190143825,54,-0.10388722357636104,0.030464732918857703,6.319203693188314,1350,-0.021938059027029767,0.015684819150989,31.247792653945933,1350
USA_BEA,symk:327,commodity_sym,core,26,0.18518518518518517,0.001717140349365481,54,-0.13579487765084233,0.04363951690824774,4.749368402842655,1350,-0.036374411869271706,0.02008425851431696,18.70718692387974,1350
USA_BEA,symk:331,commodity_sym,core,26,0.16666666666666666,0.16609706695927304,54,-0.09163731181890053,0.021142749323882652,7.211903514102353,1350,-0.0273503944510676,0.01032106743324636,24.99504887712302,1350
USA_BEA,symk:332,commodity_sym,core,26,0.2222222222222222,0.01938274539745555,54,-0.10624566475328481,0.029495833119356555,6.170944030155355,1350,-0.018396788546732573,0.013352009779043925,37.32997238342293,1350
USA_BEA,symk:333,commodity_sym,core,26,0.14814814814814814,0.0022743467128299257,54,-0.15194133292177803,0.043403593756576486,4.205850759862654,1350,-0.04194142754833385,0.021046573467026587,16.177503516403927,1350
USA_BEA,symk:334,commodity_sym,core,26,0.16666666666666666,0.03587652526855875,54,-0.11136159670065714,0.034157416188561836,5.87090106340585,1350,-0.022211008942143555,0.02032064854486399,30.85949928945285,1350
USA_BEA,symk:335,commodity_sym,core,26,0.2222222222222222,0.0021279679882253446,54,-0.1253052969265197,0.03821958968108849,5.177362522737073,1350,-0.022432944281457406,0.01994230095532077,30.55074300830505,1350
USA_BEA,symk:3361MV,commodity_sym,core,26,0.14814814814814814,0.06936949281270394,54,-0.12658884807128082,0.03587787777218474,5.121189283618145,1350,-0.024819987284386672,0.016370241449804108,27.578950326073326,1350
USA_BEA,symk:3364OT,commodity_sym,core,26,0.1111111111111111,0.03638775413720143,54,-0.12206745774526351,0.03729651496719145,5.324303221450606,1350,-0.032602581437474576,0.016419643538925437,20.912011799114268,1350
USA_BEA,symk:337,commodity_sym,core,26,0.16666666666666666,0.00827969366662486,54,-0.10344834633815014,0.03522631647781751,6.347538240589107,1350,-0.03016380370063531,0.013520421059228039,22.631092755839358,1350
USA_BEA,symk:339,commodity_sym,core,26,0.16666666666666666,0.015023154607994938,54,-0.14758395537744093,0.04126187525826835,4.340836465525393,1350,-0.03550736475959968,0.019816727873856774,19.172561028924594,1350
USA_BEA,symk:42,commodity_sym,core,26,0.07407407407407407,0.32675129531692254,54,-0.13656693867033678,0.03954499938473544,4.720460034547466,1350,-0.032472531714345214,0.020925497679509457,20.997166054324804,1350
USA_BEA,symk:441,commodity_sym,core,26,0.12962962962962962,0.0517333074553649,54,-0.1352604743151729,0.039345313322295315,4.769571027645598,1350,-0.037586529568025,0.021298626952968303,18.092585702697303,1350
USA_BEA,symk:445,commodity_sym,core,26,0.09259259259259259,0.05147808721123122,54,-0.13640929409264246,0.03688050968238908,4.726336202433936,1350,-0.04195465579285746,0.022407458314265983,16.17229192012686,1350
USA_BEA,symk:452,commodity_sym,core,26,0.12962962962962962,0.03420738778791261,54,-0.13763524037995348,0.03771318104712415,4.680993322787196,1350,-0.041223563534609285,0.022453052286381253,16.46533890090003,1350
USA_BEA,symk:481,commodity_sym,core,26,0.2222222222222222,0.006544702151209963,54,-0.13588126299430817,0.0402343810104904,4.74611757608818,1350,-0.04235387034681092,0.022411495751928717,16.016542768364918,1350
USA_BEA,symk:482,commodity_sym,core,26,0.14814814814814814,0.025989724112345392,54,-0.06762377555713076,0.021774283471854693,9.899433768992377,1350,-0.003551651781660122,0.02014310516787503,194.8151408029575,1350
USA_BEA,symk:483,commodity_sym,core,26,0.18518518518518517,0.003938747526636524,54,-0.11689354158908591,0.04114159550049186,5.575978202665538,1350,-0.04315162918879045,0.02281414864224678,15.713937925611274,1350
USA_BEA,symk:484,commodity_sym,core,26,0.09259259259259259,0.03729639491253875,54,-0.1240129915211172,0.038244982448068746,5.235091710801172,1350,-0.030641509089570515,0.01935818857804616,22.272811703277153,1350
USA_BEA,symk:485,commodity_sym,core,26,0.18518518518518517,8.709611200302267e-06,54,-0.13968564486031373,0.04451120151874484,4.606932293312891,1350,-0.029400911253915418,0.0193097617587843,23.227406689691744,1350
USA_BEA,symk:486,commodity_sym,core,26,0.09259259259259259,0.11109469834655106,54,-0.06153869034544123,0.01989688236584368,10.913357768852858,1350,-0.01951204479117848,0.015472843397950832,35.176354913571004,1350
USA_BEA,symk:487OS,commodity_sym,core,26,0.14814814814814814,0.006849018517891167,54,-0.07619561694445993,0.03338570699531396,8.745791896578076,1350,-0.008006235938947148,0.012838231133093554,86.2288743977451,1350
USA_BEA,symk:493,commodity_sym,core,26,0.09259259259259259,0.0675741286878946,54,-0.05929620622877966,0.025972579501961038,11.33946625477577,1350,-0.005650228623111721,0.011873100851879648,122.329052035054,1350
USA_BEA,symk:4A0,commodity_sym,core,26,0.14814814814814814,0.023800503762891688,54,-0.1389825321857809,0.03939113912383277,4.632083166391918,1350,-0.04007265942478943,0.02255647363017802,16.94832342392823,1350
USA_BEA,symk:511,commodity_sym,core,26,0.2037037037037037,0.0026098042818837558,54,-0.14072941377336778,0.04397119621685047,4.570058408649228,1350,-0.034778721640703156,0.020228676548561902,19.581590487859312,1350
USA_BEA,symk:512,commodity_sym,core,26,0.12962962962962962,0.009273050026111727,54,-0.09085308730053317,0.037508298372728816,7.277244417314468,1350,-0.018956630607633654,0.015539145409565755,36.21721449409844,1350
USA_BEA,symk:513,commodity_sym,core,26,0.16666666666666666,0.00453546385613218,54,-0.1251340946017454,0.039101992513838425,5.18494197248218,1350,-0.029289114276625856,0.017790922477338076,23.317402148963385,1350
USA_BEA,symk:514,commodity_sym,core,26,0.12962962962962962,0.025773767015805596,54,-0.11736642849095973,0.038067821652503206,5.552055516949448,1350,-0.022396792846391934,0.017029252587599502,30.600619683035212,1350
USA_BEA,symk:521CI,commodity_sym,core,26,0.16666666666666666,0.004046867743272005,54,-0.14678133261009743,0.04151772214189381,4.366572648194335,1350,-0.041559043081583966,0.020585082105874848,16.329587253593182,1350
USA_BEA,symk:523,commodity_sym,core,26,0.18518518518518517,0.001442046860865525,54,-0.10274867593521432,0.03152355974001723,6.393209986533148,1350,-0.028331898118941233,0.01669697561571452,24.11702370365384,1350
USA_BEA,symk:524,commodity_sym,core,26,0.14814814814814814,0.006612605413016346,54,-0.1034892276082573,0.036757791794175654,6.344888747187506,1350,-0.014637386489275418,0.018391394659143065,47.00714723287791,1350
USA_BEA,symk:525,commodity_sym,core,26,0.1111111111111111,0.05425420947996076,54,-0.1343899367531197,0.03624087571633271,4.802824289401331,1350,-0.03889124634280499,0.021547332053445733,17.473839399372295,1350
USA_BEA,symk:532RL,commodity_sym,core,26,0.16666666666666666,0.024383844337382676,54,-0.06420755975779424,0.028009705680739867,10.445007356452082,1350,-0.01797276710487664,0.014177221726475387,38.2189043087619,1350
USA_BEA,symk:5411,commodity_sym,core,26,0.12962962962962962,0.011593556191755852,54,-0.12117721140493264,0.04777040340177918,5.3660788816588685,1350,-0.028585928455923244,0.019916010749002375,23.899596821194983,1350
USA_BEA,symk:5412OP,commodity_sym,core,26,0.16666666666666666,0.0022074648121077596,54,-0.12283265018964834,0.045182118993158264,5.2888790410311435,1350,-0.023279537802468032,0.01713253806370136,29.427020417959202,1350
USA_BEA,symk:5415,commodity_sym,core,26,0.16666666666666666,0.0003708636648347987,54,-0.14786560103557542,0.04374425472149691,4.331871538990154,1350,-0.03825500845493261,0.02356016305188615,17.77029579386156,1350
USA_BEA,symk:55,commodity_sym,core,26,0.2222222222222222,0.002378891653911951,54,-0.09183362398565473,0.02733621873991386,7.195721459824471,1350,-0.0031466961128220577,0.013901369147447594,219.93100735865892,1350
USA_BEA,symk:561,commodity_sym,core,26,0.14814814814814814,0.031008320160607495,54,-0.09399208460826705,0.03694127654768894,7.02225293958543,1350,-0.012431473929701497,0.01665989566345769,55.41014535417922,1350
USA_BEA,symk:562,commodity_sym,core,26,0.2777777777777778,1.2323412158942564e-05,54,-0.12280907961845607,0.03923806691473837,5.289963648711588,1350,-0.010008226634118737,0.015215755056613147,68.91058764600588,1350
USA_BEA,symk:61,commodity_sym,core,26,0.14814814814814814,0.02864253644011996,54,-0.13249020379734178,0.038927944041986816,4.876905783099834,1350,-0.03562043761134693,0.022023658103069367,19.110586452005215,1350
USA_BEA,symk:621,commodity_sym,core,26,0.09259259259259259,0.0494868992054598,54,-0.1362510802537954,0.03687072470117316,4.732247234368117,1350,-0.04140861694791495,0.022210521005457635,16.390185137137895,1350
USA_BEA,symk:622,commodity_sym,core,26,0.1111111111111111,0.04609756372372107,54,-0.13652281907400132,0.03708368300091506,4.722103218181117,1350,-0.04136876377797639,0.02225866984510149,16.406313479222288,1350
USA_BEA,symk:623,commodity_sym,core,26,0.09259259259259259,0.04836232782272817,54,-0.13625294904026694,0.036893382798296404,4.732177334620083,1350,-0.04142077215301096,0.02221374314598471,16.38527217313753,1350
USA_BEA,symk:624,commodity_sym,core,26,0.09259259259259259,0.047594248517782003,54,-0.1361823362151233,0.036847999276398695,4.734819854531907,1350,-0.04145662191664017,0.0222174091904744,16.370798975974008,1350
USA_BEA,symk:711AS,commodity_sym,core,26,0.14814814814814814,0.012115926309435086,54,-0.10630286272832544,0.03787870385360607,6.167429989640557,1350,-0.021399015912558324,0.01858073433436887,32.04372165120994,1350
USA_BEA,symk:713,commodity_sym,core,26,0.12962962962962962,0.022182656899213612,54,-0.13549610990198271,0.037519011481206475,4.760643437125662,1350,-0.037165055471155714,0.021477115127867753,18.301747250847843,1350
USA_BEA,symk:721,commodity_sym,core,26,0.16666666666666666,0.0010271216218704492,54,-0.13624768287723335,0.03929245951404192,4.732374314123016,1350,-0.03775194418723123,0.021240035161461234,18.011772716159992,1350
USA_BEA,symk:722,commodity_sym,core,26,0.14814814814814814,0.021254971839025416,54,-0.1335454468748628,0.03604560101225603,4.835496059162075,1350,-0.040577049788590155,0.021482977074586025,16.733280617109187,1350
USA_BEA,symk:81,commodity_sym,core,26,0.16666666666666666,0.0026513208798716282,54,-0.12804223257302583,0.041474680084988905,5.058940860789714,1350,-0.03069058144788478,0.01913117937592945,22.236638894547365,1350
USA_BEA,symk:GFE,commodity_sym,core,26,0.2037037037037037,0.00042551630308232006,54,-0.09703956859532951,0.0451662499831747,6.790464711605681,1350,-0.016548406659470605,0.01616783012155206,41.538499962088096,1350
USA_BEA,symk:GFGD+GFGN,commodity_sym,core,26,0.16666666666666666,0.0010218803006368626,54,-0.13154287000470644,0.04840563034218165,4.914645857732621,1350,-0.023959850576971458,0.018988535549178977,28.58155411687297,1350
USA_BEA,symk:GSLE,commodity_sym,core,26,0.18518518518518517,0.0002486830997943297,54,-0.12919563136704895,0.04674420090490665,5.0105359128811715,1350,-0.021099510243799104,0.017259743425476107,32.50353441876634,1350
USA_BEA,symk:GSLG,commodity_sym,core,26,0.14814814814814814,0.022597420162955406,54,-0.13726670762667284,0.03983450211773,4.694538909250154,1350,-0.033329793333685354,0.02005457966914403,20.4480924463823,1350
USA_BEA,symk:HS+ORE,commodity_sym,core,26,0.16666666666666666,0.014738297102654145,54,-0.13942586506747923,0.04019669178904476,4.616195325660669,1350,-0.033547723912652865,0.020826369488669078,20.3129817243116,1350
DEU,PPa,PPa,all,14,0.1774193548387097,0.0004866535264809155,62,-0.34939227345477986,0.07012424804190853,1.6125387423214417,806,-0.15134377221713766,0.08424635059124311,4.223903601278908,806
DEU,PPb,PPb,all,14,0.1774193548387097,0.00106111370171351,62,-0.31213414483779073,0.06797860113387424,1.8525350560587481,806,-0.14798267355450911,0.06825927888097225,4.328155077630473,806
DEU,PPc_edu_years,PPc_edu_years,all,14,0.16129032258064516,0.00023320075170800804,62,-0.312135654995715,0.06729387281312436,1.8525241861987325,806,-0.1494093788133354,0.06784660297092367,4.283331272729952,806
DEU,k:A01,commodity_open,all,14,0.12903225806451613,0.753984393058127,62,-0.07749265330394654,0.03156255520038659,8.59345032275086,806,-0.02870297459913138,0.017898366692931496,23.80071102196761,806
DEU,k:A02,commodity_open,all,14,0.0967741935483871,0.5635665252229988,62,-0.13214475047333205,0.04765410702164725,4.890605451775277,806,-0.04899408324850832,0.025805913465084256,13.798093991827768,806
DEU,k:A03,commodity_open,all,14,0.0967741935483871,0.9992551825499061,62,-0.03649446277407439,0.0241697463853474,18.644494105150763,806,-0.003666775136817652,0.014629427467978762,188.6877622067135,806
DEU,k:B,commodity_open,all,14,0.0967741935483871,0.5309674025658417,62,-0.06224964938339701,0.05101342729581818,10.784671380244228,806,0.019996853103227543,0.030979503773878134,,806
DEU,k:C10-12,commodity_open,all,14,0.06451612903225806,0.7528011855488018,62,-0.06359435008776256,0.035479975917904936,10.549140159737451,806,-0.012395363313688875,0.021602877001969955,55.572582040284026,806
DEU,k:C13-15,commodity_open,all,14,0.0967741935483871,0.05044916693419329,62,-0.06181789409103018,0.037869643413893615,10.862467948312286,806,0.003944391830864692,0.013750210492009713,,806
DEU,k:C16,commodity_open,all,14,0.1774193548387097,0.32609095123178394,62,-0.17094721700461593,0.06272126520425642,3.697347843441368,806,-0.05569208356182554,0.035522049726707416,12.096179639807534,806
DEU,k:C17,commodity_open,all,14,0.2903225806451613,8.764316155610445e-13,62,-0.16316024650913405,0.06738917526343415,3.8914032712356286,806,-0.036265525834752864,0.034966392246055564,18.76440815771038,806
DEU,k:C18,commodity_open,all,14,0.24193548387096775,3.065030623234352e-05,62,-0.0674024901819702,0.039196227255373736,9.933098848217572,806,-0.012446935752770808,0.020889906917625073,55.34088148321392,806
DEU,k:C19,commodity_open,all,14,0.0967741935483871,0.6811578638678223,62,-0.020448357187972176,0.01654325741908427,33.54968377463161,806,0.0004596989783689495,0.011464086111165903,,806
DEU,k:C20,commodity_open,all,14,0.12903225806451613,0.5849406050034786,62,-0.09908113759281001,0.04184693827821546,6.6431537351588865,806,-0.034027687307060614,0.02329560841831965,20.021520464440655,806
DEU,k:C21,commodity_open,all,14,0.11290322580645161,0.9342015754273534,62,-0.07711513863515743,0.03270926879031143,8.637262352256434,806,-0.03407710973346468,0.01668229965319036,19.991974526648672,806
DEU,k:C22,commodity_open,all,14,0.16129032258064516,0.00019181753804809167,62,-0.18683287619861705,0.07036225334028169,3.3514736714011133,806,-0.046591566367964486,0.0403500312592683,14.527766028979615,806
DEU,k:C23,commodity_open,all,14,0.11290322580645161,0.1837911571116371,62,-0.21301787252693138,0.07426872732605089,2.8935417716312015,806,-0.05484510049243636,0.04511171866446818,12.288438278848046,806
DEU,k:C24,commodity_open,all,14,0.11290322580645161,0.782996778502907,62,-0.15093222489287073,0.06325162807668333,4.2364197356585915,806,-0.03821300013826361,0.03585571725590689,17.79021703090701,806
DEU,k:C25,commodity_open,all,14,0.0967741935483871,0.12663552386341664,62,-0.1890012971914582,0.07276986378730424,3.3087549307867734,806,-0.05256445923703731,0.04498828668954032,12.836920590201784,806
DEU,k:C26,commodity_open,all,14,0.1935483870967742,0.0003025528017724651,62,-0.16742893174048776,0.055783586859759565,3.782796815140115,806,-0.05767871116890511,0.031072255975332586,11.66737831699307,806
DEU,k:C27,commodity_open,all,14,0.11290322580645161,0.07973843067621456,62,-0.17810001958670416,0.06535099216961411,3.534002770447845,806,-0.05326384585380545,0.04099502027190467,12.663729711143208,806
DEU,k:C28,commodity_open,all,14,0.12903225806451613,0.17164949954273498,62,-0.16042390833481987,0.06092570570796869,3.9640537885388136,806,-0.048746168616825104,0.03771419152671707,13.870061149840694,806
DEU,k:C29,commodity_open,all,14,0.11290322580645161,0.056138598308259506,62,-0.13124076869867118,0.053510760530521166,4.92679540197828,806,-0.05169902440237668,0.03932095625741309,13.057715479735503,806
DEU,k:C30,commodity_open,all,14,0.1935483870967742,0.0005053311384545463,62,-0.17370794222299593,0.07060500515467295,3.6327138279898366,806,-0.042108577150864836,0.03048390588529447,16.11189144576219,806
DEU,k:C31_32,commodity_open,all,14,0.11290322580645161,3.610402486229545e-05,62,-0.16180910657898817,0.06476419537174996,3.9269701735857874,806,-0.04226135508334391,0.028848252385448945,16.052374678465497,806
DEU,k:C33,commodity_open,all,14,0.14516129032258066,0.461069069323063,62,-0.1339061063158359,0.051692019738567574,4.821492482083854,806,-0.052353417268715306,0.03478524716927231,12.89009003627511,806
DEU,k:D35,commodity_open,all,14,0.11290322580645161,0.09539840649170085,62,-0.19939496347811222,0.07300618992645067,3.1168435779078107,806,-0.05448106526698869,0.05234023938650432,12.372907755494374,806
DEU,k:E36,commodity_open,all,14,0.12903225806451613,0.00023571025228316873,62,-0.17519163424278056,0.07391974056269275,3.5988164730959933,806,-0.04446051978341003,0.03903639915637512,15.240972191947082,806
DEU,k:E37-39,commodity_open,all,14,0.16129032258064516,6.973034400921453e-06,62,-0.18834251882733913,0.07154892712628945,3.3216295137127267,806,-0.05415920293983478,0.03698641617372365,12.448537153300704,806
DEU,k:F,commodity_open,all,14,0.20967741935483872,7.180434107735476e-05,62,-0.29173004176623063,0.08135062869273658,2.009530220290673,806,-0.11362760000780821,0.058169828064651055,5.746626557108848,806
DEU,k:G45,commodity_open,all,14,0.08064516129032258,0.06340133735241582,62,-0.18604854681953753,0.069071771551667,3.367169514201047,806,-0.05772972368413502,0.03921026531961225,11.656756103667997,806
DEU,k:G46,commodity_open,all,14,0.0967741935483871,0.3162708303097575,62,-0.1359848079354064,0.04776645322042261,4.742226436562552,806,-0.023288749495811386,0.03247165217597613,29.415242609210043,806
DEU,k:G47,commodity_open,all,14,0.11290322580645161,0.5818962013368992,62,-0.14588368408863925,0.05740252527554028,4.395690541866179,806,-0.03692190607886508,0.024961161055134816,18.42458484908041,806
DEU,k:H49,commodity_open,all,14,0.20967741935483872,0.003536982288375261,62,-0.04180071196129049,0.03510024161168798,16.23314606222841,806,-0.01517836859252992,0.02062996924890345,45.319320403786776,806
DEU,k:H50,commodity_open,all,14,0.12903225806451613,0.07514146397731622,62,-0.06454196374081687,0.034975890526606365,10.389053658200664,806,-0.03499091568086239,0.023011824525805875,19.460715804426922,806
DEU,k:H51,commodity_open,all,14,0.06451612903225806,0.9919206115630221,62,-0.030195321226760205,0.01982838279829882,22.60710521050147,806,-0.005528529764686723,0.00798670928843774,125.0295100489993,806
DEU,k:H52,commodity_open,all,14,0.14516129032258066,0.37676376137653544,62,-0.09795458490455385,0.054670513160034094,6.723682394862589,806,-0.034111404796428865,0.03566170904102067,19.97152241018503,806
DEU,k:H53,commodity_open,all,14,0.16129032258064516,0.0001711517372341305,62,-0.1292642443455697,0.07243097805564408,5.007683591993441,806,-0.035511068365734845,0.033754691947531404,19.170524852597648,806
DEU,k:I,commodity_open,all,14,0.11290322580645161,0.44774540218362996,62,-0.05668396638072745,0.030128950835791746,11.878331856335349,806,-0.020669655678403967,0.014412743052643714,33.18674959953378,806
DEU,k:J58,commodity_open,all,14,0.22580645161290322,0.0002214265355396567,62,-0.18788443223505813,0.05820825386142086,3.3306349555240624,806,-0.06984559281478377,0.030514742552682328,9.573237608347668,806
DEU,k:J59_60,commodity_open,all,14,0.1935483870967742,0.0012957209431388955,62,-0.17225509218891552,0.06047799257887259,3.666470498517544,806,-0.04722939522432996,0.03175059325525862,14.326813503148978,806
DEU,k:J61,commodity_open,all,14,0.20967741935483872,8.850747255267265e-09,62,-0.13937010794333862,0.05613460383024028,4.618187963295981,806,-0.042638493984722255,0.026923538054163528,15.90728062553844,806
DEU,k:J62_63,commodity_open,all,14,0.24193548387096775,1.2303491717611428e-06,62,-0.2896520044444614,0.07575140019083973,2.0267443971020715,806,-0.09138926331783345,0.048291962188081766,7.232449542745101,806
DEU,k:K64,commodity_open,all,14,0.1935483870967742,0.0012032494753731321,62,-0.1593718291067048,0.06336669116613519,3.99264888819195,806,-0.04578394663151602,0.03233954695144064,14.790243945236119,806
DEU,k:K65,commodity_open,all,14,0.16129032258064516,7.99317340166204e-06,62,-0.1555659982224802,0.0673423770058627,4.099311161348283,806,-0.040207508477967446,0.03973377920075993,16.890303283420778,806
DEU,k:K66,commodity_open,all,14,0.14516129032258066,0.000300762862507721,62,-0.19236156845404226,0.07213151480528467,3.2444512473504963,806,-0.044345287712819356,0.04038173314245926,15.281490515744835,806
DEU,k:L,commodity_open,all,14,0.2903225806451613,6.35731117829371e-10,62,-0.2871719964417467,0.08549806003157066,2.047610715021717,806,-0.07571426548089118,0.0436369697336238,8.803655553600136,806
DEU,k:M69_70,commodity_open,all,14,0.12903225806451613,0.008553037631330508,62,-0.24532653993929213,0.07301713739738122,2.462595903617346,806,-0.08744852442217715,0.0494458217236937,7.5744863486487475,806
DEU,k:M71,commodity_open,all,14,0.16129032258064516,0.003426733654693413,62,-0.22132088931409638,0.07942601993411823,2.7708570181692735,806,-0.07120406046043379,0.05532754878336198,9.383818170366059,806
DEU,k:M72,commodity_open,all,14,0.12903225806451613,0.07857429286758313,62,-0.22069902171888114,0.06247884083332471,2.7797276989694746,806,-0.10160978656774944,0.038542995965229386,6.468895999250459,806
DEU,k:M73,commodity_open,all,14,0.25806451612903225,0.00033019258057637646,62,-0.2086907812100835,0.06630686776171323,2.9613262918855487,806,-0.09737714905320745,0.05255238477994811,6.765680489437197,806
DEU,k:M74_75,commodity_open,all,14,0.20967741935483872,0.000865609087528559,62,-0.20835638368208884,0.06422751834300189,2.966681258590282,806,-0.08302514588921898,0.038494887824733134,7.997062003566603,806
DEU,k:N77,commodity_open,all,14,0.06451612903225806,0.31607077820587026,62,-0.19974905177742378,0.05214025452420728,3.110655855432451,806,-0.09141954114824041,0.04466862721929057,7.229935639801408,806
DEU,k:N78,commodity_open,all,14,0.0967741935483871,0.9261427277855452,62,-0.04928103990479868,0.025581129484812944,13.715697230429807,806,-0.0002528043297254706,0.014377257355122762,2741.486122156936,806
DEU,k:N79,commodity_open,all,14,0.0967741935483871,0.21011291410891456,62,-0.02528712604818365,0.01666668316038017,27.063016934067537,806,-0.010049010753113515,0.007139636836746757,68.62950128005123,806
DEU,k:N80-82,commodity_open,all,14,0.12903225806451613,0.30165804415663167,62,-0.20045035993506463,0.06612449105570928,3.0984646650133527,806,-0.08123287271716458,0.04002637754084645,8.181374148899444,806
DEU,k:O84,commodity_open,all,14,0.1935483870967742,6.792593040439301e-12,62,-0.22386706299328482,0.07266095142285411,2.7350478612297686,806,-0.07431882153463189,0.047068950909510396,8.975636910057275,806
DEU,k:P85,commodity_open,all,14,0.1774193548387097,0.0007331544656766829,62,-0.21966873822846103,0.06469685807998167,2.7945341443616836,806,-0.07883338320457112,0.03962580635378032,8.441242927735011,806
DEU,k:Q86,commodity_open,all,14,0.08064516129032258,0.9779051797274119,62,-0.04853006951441214,0.027503868038218464,13.933392244789525,806,-0.027517763267071088,0.015848506974950004,24.84089612409271,806
DEU,k:Q87_88,commodity_open,all,14,0.03225806451612903,0.999582538044083,62,-0.03490352616339063,0.018275646038485034,19.510318580888608,806,0.008427011304074248,0.014644258641464738,,806
DEU,k:R90-92,commodity_open,all,14,0.14516129032258066,0.038110415578332626,62,-0.10183857053846333,0.04277648072615981,6.453556199515389,806,-0.044157636367489324,0.01919119634205249,15.347925675547788,806
DEU,k:R93,commodity_open,all,14,0.11290322580645161,0.38434597845984503,62,-0.12511096147703085,0.05500338185537456,5.18596770780892,806,-0.023463394720073943,0.022196668941426273,29.19369584698078,806
DEU,k:S94,commodity_open,all,14,0.1935483870967742,0.0090266835989081,62,-0.21556354893280127,0.06825457960370093,2.8549280946493223,806,-0.09081338957623034,0.04930655741584878,7.280581981746575,806
DEU,k:S95,commodity_open,all,14,0.14516129032258066,0.008498218145229853,62,-0.10395513709418419,0.04130830458346425,6.314840451291525,806,-0.04968876280243129,0.026688664903821272,13.6002600448732,806
DEU,k:S96,commodity_open,all,14,0.0967741935483871,0.8300415594258445,62,-0.10683532983164469,0.03468074523790923,6.134897455153327,806,-0.046420638002788416,0.021401760318877642,14.582556276071172,806
DEU,labour,labour,all,14,0.16129032258064516,0.010386147948640718,62,-0.2716440220216831,0.06637529003628613,2.18682306375059,806,-0.14126867579295552,0.06222595777662858,4.551220600155907,806
DEU,placebo_perm_000,placebo_perm,all,14,0.14516129032258066,0.16473920792034752,62,-0.232357049232591,0.06243260273863921,2.621282411008498,806,-0.04613788277224403,0.05474707929491373,14.674083143644125,806
DEU,placebo_perm_001,placebo_perm,all,14,0.14516129032258066,0.0018380584539979324,62,-0.24708688909222154,0.054469798223420705,2.4423321837734915,806,-0.07962680921962041,0.04903877880379688,8.353581408182732,806
DEU,placebo_perm_002,placebo_perm,all,14,0.11290322580645161,0.6506806378493184,62,-0.29286668710589,0.08057614500334191,2.000216547713545,806,-0.14920981662955915,0.09810002801396694,4.289549614889792,806
DEU,placebo_perm_003,placebo_perm,all,14,0.12903225806451613,0.7163379542257021,62,-0.23439473507207353,0.07635835804084647,2.5951960479495773,806,-0.026401141764398853,0.0774835350695816,25.906320498296637,806
DEU,placebo_perm_004,placebo_perm,all,14,0.1935483870967742,0.00014616748016729682,62,-0.24591949556304848,0.06177703141812931,2.4557381239084983,806,-0.07249568181930018,0.05503652268594121,9.210300000619535,806
DEU,placebo_perm_005,placebo_perm,all,14,0.1935483870967742,2.1259288428886765e-06,62,-0.23526296769970767,0.06642652614839374,2.584217338068777,806,-0.06812607698367691,0.052601805907680675,9.823827837603742,806
DEU,placebo_perm_006,placebo_perm,all,14,0.11290322580645161,0.23653074821195755,62,-0.3055720768216047,0.05802090271856937,1.9007679940730933,806,-0.11956679502502267,0.058808302309164846,5.443227352559887,806
DEU,placebo_perm_007,placebo_perm,all,14,0.16129032258064516,0.028563060807579407,62,-0.24318707839830628,0.060747347462442126,2.487615568531851,806,-0.0651559054016426,0.06531920370341221,10.287821315296439,806
DEU,placebo_perm_008,placebo_perm,all,14,0.0967741935483871,0.4866300294475643,62,-0.2193808330320297,0.059506840864356945,2.798696413350684,806,-0.03625322421568921,0.06435232510791422,18.770894449557414,806
DEU,placebo_perm_009,placebo_perm,all,14,0.1935483870967742,0.00010984825353167323,62,-0.24521629917629417,0.07703638151680003,2.4638745124242383,806,-0.1096971893981303,0.09753862064992665,5.965448672761459,806
DEU,placebo_perm_010,placebo_perm,all,14,0.11290322580645161,0.6559440901324862,62,-0.24330389479329,0.062040999955812824,2.486238202649993,806,-0.09442127257559794,0.06385531256372143,6.988704977268189,806
DEU,placebo_perm_011,placebo_perm,all,14,0.11290322580645161,0.46243620451027395,62,-0.2813981111818372,0.07361885006939577,2.097599775955162,806,-0.1344148694911703,0.0670447557973633,4.801865915014553,806
DEU,placebo_perm_012,placebo_perm,all,14,0.1774193548387097,0.001275911042526811,62,-0.18942158586236435,0.08712931183936845,3.3005877812043063,806,-0.07301531520787251,0.06805814472246738,9.142222610077837,806
DEU,placebo_perm_013,placebo_perm,all,14,0.12903225806451613,0.1885879476511521,62,-0.2481322426351651,0.06197929624536754,2.4304339337259298,806,-0.06441583559458434,0.05127381233360226,10.410089670926983,806
DEU,placebo_perm_014,placebo_perm,all,14,0.1774193548387097,0.003678366986689123,62,-0.21930776072472163,0.06426778068440826,2.799754554428108,806,-0.032001056700220874,0.04974247081743907,21.311681900673406,806
DEU,placebo_perm_015,placebo_perm,all,14,0.14516129032258066,0.026543634201711575,62,-0.2548192251073239,0.06920151812665791,2.356613942209821,806,-0.10815629636343,0.07403810675126517,6.055570904194536,806
DEU,placebo_perm_016,placebo_perm,all,14,0.14516129032258066,0.0012978598328439424,62,-0.293576125721357,0.07539120621217582,1.9944395273223225,806,-0.12199352709360285,0.06977387459441381,5.327749308175453,806
DEU,placebo_perm_017,placebo_perm,all,14,0.16129032258064516,0.00010896426469826256,62,-0.28255335785901853,0.06188758221525442,2.087436210694242,806,-0.10936624766460123,0.055545020540561284,5.984590579011101,806
DEU,placebo_perm_018,placebo_perm,all,14,0.22580645161290322,0.00011381694702965631,62,-0.2926563527004519,0.06802208787630815,2.0019346376258005,806,-0.09002881629281423,0.051306395503881504,7.347148001612765,806
DEU,placebo_perm_019,placebo_perm,all,14,0.11290322580645161,0.39972576158677514,62,-0.20264857581923518,0.060101284989176336,3.06079618470238,806,-0.02494018847312781,0.037690597982232434,27.44434696293169,806
DEU,placebo_perm_020,placebo_perm,all,14,0.1774193548387097,0.0369711048550123,62,-0.2373054341073592,0.05965438697609747,2.558705178111934,806,-0.0679172736786208,0.053235236625130244,9.855120952819378,806
DEU,placebo_perm_021,placebo_perm,all,14,0.11290322580645161,0.6184077680470526,62,-0.22478407694818006,0.07108581048845121,2.722348563065528,806,-0.02511724921317224,0.06041498004266578,27.24841775528451,806
DEU,placebo_perm_022,placebo_perm,all,14,0.11290322580645161,0.4040416216820955,62,-0.23858909619560917,0.0702792566007777,2.5428931097390945,806,-0.06514064910493289,0.058606478923251444,10.290313802653298,806
DEU,placebo_perm_023,placebo_perm,all,14,0.1774193548387097,0.05103817678645586,62,-0.2761020206082807,0.06676747635252536,2.1452703931399344,806,-0.11612187332101447,0.06406537699113928,5.615433635287101,806
DEU,placebo_perm_024,placebo_perm,all,14,0.1935483870967742,0.002733411618250858,62,-0.2681070857185318,0.06370066523033253,2.2207638391567572,806,-0.10345007587318743,0.06558034508363615,6.3474261079648375,806
DEU,placebo_perm_025,placebo_perm,all,14,0.14516129032258066,0.13803154155853045,62,-0.1741983954904173,0.04849000744419131,3.621444952262533,806,-0.016935322117204835,0.032492403403407276,40.581521396409464,806
DEU,placebo_perm_026,placebo_perm,all,14,0.1774193548387097,0.0005277230854624019,62,-0.2431176899334971,0.07890324538840995,2.4884343402316116,806,-0.08562737769790704,0.07917697569719506,7.743181157436944,806
DEU,placebo_perm_027,placebo_perm,all,14,0.1935483870967742,0.0007932992549958017,62,-0.1831929630666089,0.05226054196616091,3.4254458612928516,806,-0.06363630781732124,0.03394747360620407,10.541951129934779,806
DEU,placebo_perm_028,placebo_perm,all,14,0.14516129032258066,0.2822853936207914,62,-0.2814872457709199,0.07029828330770145,2.0968126546923678,806,-0.05042161995461226,0.07242883189711843,13.39746131001422,806
DEU,placebo_perm_029,placebo_perm,all,14,0.24193548387096775,0.0010974355206952934,62,-0.28547294597900236,0.07475359134948396,2.062113081316235,806,-0.09755212531418281,0.07453416748713743,6.752901651745402,806
DEU,placebo_perm_030,placebo_perm,all,14,0.22580645161290322,0.00016150303730843538,62,-0.2672147286439574,0.08117149896510488,2.2294675525031327,806,-0.11130981678721927,0.0653919774737791,5.873799888666047,806
DEU,placebo_perm_031,placebo_perm,all,14,0.14516129032258066,0.06728551189831089,62,-0.21483190479501418,0.06228570802085546,2.865932723022302,806,-0.07058659480017852,0.05352845535666082,9.469011768463579,806
DEU,placebo_perm_032,placebo_perm,all,14,0.20967741935483872,0.004567855890358233,62,-0.2157693768230505,0.06546338381513492,2.8518456224709805,806,-0.04457067532038395,0.05207529368830795,15.202434731888719,806
DEU,placebo_perm_033,placebo_perm,all,14,0.11290322580645161,0.05931919917979438,62,-0.22628224085620688,0.07316329459514084,2.7018212774729253,806,-0.08259939091907516,0.08206998678193089,8.040121516418688,806
DEU,placebo_perm_034,placebo_perm,all,14,0.11290322580645161,0.7898695016839172,62,-0.2018999508854314,0.06093708576858444,3.073532902687329,806,-0.05692828099724133,0.056116192074342965,11.825837768890205,806
DEU,placebo_perm_035,placebo_perm,all,14,0.14516129032258066,0.0001817884441897806,62,-0.28874180803581834,0.07251275961104113,2.034361459393017,806,-0.05796627016128119,0.07160588869167901,11.607744872309691,806
DEU,placebo_perm_036,placebo_perm,all,14,0.1774193548387097,0.1381037962337446,62,-0.2161686924031208,0.06289658138418923,2.8458821322761834,806,-0.041739355599449114,0.06315913461643967,16.257525378859274,806
DEU,placebo_perm_037,placebo_perm,all,14,0.12903225806451613,0.012785420533571358,62,-0.27590840055008836,0.07004848428747507,2.147047498343938,806,-0.0772042891364788,0.07339319569853826,8.62687747124479,806
DEU,placebo_perm_038,placebo_perm,all,14,0.1935483870967742,0.0015707732488479823,62,-0.2270304983710556,0.059840154651319595,2.691669746641216,806,-0.0995222987172262,0.0589208962287779,6.612114777036065,806
DEU,placebo_perm_039,placebo_perm,all,14,0.12903225806451613,0.005344094404664213,62,-0.2733096792339622,0.05142077048637705,2.1711405697650026,806,-0.1294645105216957,0.0571620550678834,4.999375556244451,806
DEU,placebo_perm_040,placebo_perm,all,14,0.14516129032258066,0.1481043092542682,62,-0.23890238393492128,0.06757511654966898,2.539059664890857,806,-0.060392191261997914,0.06484437828666241,11.12725901723696,806
DEU,placebo_perm_041,placebo_perm,all,14,0.22580645161290322,0.03173094469000306,62,-0.2713732541445984,0.06537601750411114,2.1893904081653464,806,-0.10217868958161232,0.06400712464598136,6.430878305697801,806
DEU,placebo_perm_042,placebo_perm,all,14,0.1774193548387097,0.007073473546326429,62,-0.2984270389498336,0.06832344335544988,1.9556652710129225,806,-0.07733267286219747,0.0665868406270692,8.611964471238565,806
DEU,placebo_perm_043,placebo_perm,all,14,0.14516129032258066,0.1689801532256636,62,-0.21543139980789455,0.05958999321577154,2.856910243459386,806,-0.06882806790935125,0.05409488947244719,9.720012841818788,806
DEU,placebo_perm_044,placebo_perm,all,14,0.1774193548387097,0.003911163914635983,62,-0.265429861930629,0.07003165541652158,2.2470503992617794,806,-0.06108778655843003,0.06820911768401079,10.996524875135396,806
DEU,placebo_perm_045,placebo_perm,all,14,0.24193548387096775,5.9362393791066e-08,62,-0.24871454712985624,0.06418500076664593,2.423849159941271,806,-0.10172410542449034,0.06281693277915938,6.461222386291551,806
DEU,placebo_perm_046,placebo_perm,all,14,0.11290322580645161,0.00015358173516791723,62,-0.26229996122590093,0.0684973547381256,2.2784556031903325,806,-0.0739927314923144,0.05843095857315886,9.016760400060493,806
DEU,placebo_perm_047,placebo_perm,all,14,0.0967741935483871,0.3573762356421675,62,-0.23600039262155198,0.07382426637800915,2.574955685192054,806,-0.0867025411572129,0.08699366369663016,7.642731308089819,806
DEU,placebo_perm_048,placebo_perm,all,14,0.11290322580645161,0.150608647459763,62,-0.2652070660043318,0.06075718969470692,2.249261637073615,806,-0.09903832989511865,0.058248504967526996,6.646180278048926,806
DEU,placebo_perm_049,placebo_perm,all,14,0.08064516129032258,0.17347107832602335,62,-0.22113985956682258,0.07259469413582842,2.7734342142752024,806,-0.05754509353882103,0.06749616469909477,11.695290435701837,806
DEU,placebo_random_000,placebo_fixed_nominal,all,14,0.08064516129032258,0.7226807220289422,62,-0.35233467310308714,0.07065844598289217,1.595711788373358,806,-0.1406280748614998,0.11542169568957761,4.573614529662359,806
DEU,placebo_random_001,placebo_fixed_nominal,all,14,0.08064516129032258,0.528678082164216,62,-0.33412305752184485,0.08192384499508644,1.7045284755902232,806,-0.13445084321570153,0.10856254626279056,4.800483768077669,806
DEU,placebo_random_002,placebo_fixed_nominal,all,14,0.06451612903225806,0.8825363014529378,62,-0.2615799376350586,0.07070289568396665,2.285785631798917,806,-0.06022980445477274,0.07901519218772327,11.158213532301245,806
DEU,placebo_random_003,placebo_fixed_nominal,all,14,0.16129032258064516,0.05640039220247526,62,-0.3485121354132376,0.07574371216382926,1.6176262005350857,806,-0.12123014162885548,0.09773236723485776,5.3635779507826955,806
DEU,placebo_random_004,placebo_fixed_nominal,all,14,0.08064516129032258,0.8805609109874949,62,-0.30904473633037177,0.05428778430056233,1.8749913652822592,806,-0.08810872785527639,0.08506512376716216,7.515052032296669,806
DEU,placebo_random_005,placebo_fixed_nominal,all,14,0.06451612903225806,0.9653955048899524,62,-0.31968082931627045,0.0718221400567104,1.7994791716736864,806,-0.167239827774243,0.11896159479347881,3.7874910971941556,806
DEU,placebo_random_006,placebo_fixed_nominal,all,14,0.16129032258064516,0.061641109269200134,62,-0.3801305481166372,0.07236246727971421,1.4493516373372513,806,-0.18066651028879102,0.09394608921770904,3.4785354057672437,806
DEU,placebo_random_007,placebo_fixed_nominal,all,14,0.08064516129032258,0.8561963917619902,62,-0.29928811962407015,0.06862978033636258,1.9489122360553022,806,-0.12320496473037161,0.08584307390709685,5.271801828841374,806
DEU,placebo_random_008,placebo_fixed_nominal,all,14,0.16129032258064516,0.1720175516672734,62,-0.34051742378890815,0.058947672519723375,1.665019541985668,806,-0.18847204899977646,0.09203538616921962,3.3190910106327536,806
DEU,placebo_random_009,placebo_fixed_nominal,all,14,0.0967741935483871,0.7433789558858541,62,-0.28178628518994187,0.0717429389984223,2.0941755243436604,806,-0.1360641823899734,0.12009323065709482,4.7392476077191565,806
DEU,placebo_random_010,placebo_fixed_nominal,all,14,0.0967741935483871,0.8375610358007083,62,-0.2650532893846706,0.07416058602050672,2.2507900101978886,806,-0.09627500781052917,0.08371402283571538,6.847238647090464,806
DEU,placebo_random_011,placebo_fixed_nominal,all,14,0.11290322580645161,0.614283401969295,62,-0.30674844586473204,0.04144631591719523,1.8919716381694995,806,-0.14458163468014668,0.07088892139422423,4.438567513906445,806
DEU,placebo_random_012,placebo_fixed_nominal,all,14,0.1935483870967742,0.003921114662079301,62,-0.3099934679517913,0.07693538579234134,1.8680482611470353,806,-0.13166352908261073,0.08664080923449873,4.909808890518477,806
DEU,placebo_random_013,placebo_fixed_nominal,all,14,0.11290322580645161,0.28301825002221914,62,-0.29622186317553184,0.05750677437347936,1.9731361535684,806,-0.13347758520845668,0.07864958543357041,4.83813941528266,806
DEU,placebo_random_014,placebo_fixed_nominal,all,14,0.12903225806451613,9.90870310753691e-05,62,-0.3885855355806706,0.07037831119007429,1.4088923979846422,806,-0.1763389304632635,0.10018484179601025,3.5729943883387354,806
DEU,placebo_random_015,placebo_fixed_nominal,all,14,0.12903225806451613,0.42080462889441417,62,-0.31694322899471733,0.058258248665475174,1.818437707254709,806,-0.13650653894121703,0.09042526140567292,4.722709820771305,806
DEU,placebo_random_016,placebo_fixed_nominal,all,14,0.08064516129032258,0.020416022345203386,62,-0.32876064510777747,0.07069409873399218,1.738825637872978,806,-0.13099983306313126,0.08731486371817575,4.936525154907999,806
DEU,placebo_random_017,placebo_fixed_nominal,all,14,0.14516129032258066,0.13093541107484252,62,-0.20142750763008943,0.07096514099724602,3.0816193022431073,806,-0.09661251716199291,0.05960472755139309,6.822065557627077,806
DEU,placebo_random_018,placebo_fixed_nominal,all,14,0.04838709677419355,0.9693652624629338,62,-0.2761999554355916,0.06489396206461316,2.1443724559176216,806,-0.1485467564885887,0.08831440559785537,4.310330213339838,806
DEU,placebo_random_019,placebo_fixed_nominal,all,14,0.11290322580645161,0.8758604311736298,62,-0.26089489458297876,0.07026732182349382,2.2927967712345394,806,-0.07314520259299563,0.07717220228660383,9.125357039457775,806
DEU,placebo_random_020,placebo_fixed_nominal,all,14,0.12903225806451613,0.3348162631720179,62,-0.3395095226093875,0.06137714408720592,1.6711499908329936,806,-0.1619998327105226,0.10464137918675617,3.921913710357918,806
DEU,placebo_random_021,placebo_fixed_nominal,all,14,0.016129032258064516,0.9995932506915098,62,-0.2587580132939179,0.055858636119944176,2.3149032763315858,806,-0.07391212919737297,0.08245519094617294,9.026981125316428,806
DEU,placebo_random_022,placebo_fixed_nominal,all,14,0.06451612903225806,0.6059225031569744,62,-0.26075786772811255,0.06642582178600687,2.294203567748945,806,-0.10918168116469991,0.08551853493312951,5.995316382136769,806
DEU,placebo_random_023,placebo_fixed_nominal,all,14,0.06451612903225806,0.9864239279577403,62,-0.34554052204109154,0.0666602302937129,1.6349908257713004,806,-0.18783071908635365,0.10797381407324418,3.3316937582829698,806
DEU,placebo_random_024,placebo_fixed_nominal,all,14,0.08064516129032258,0.9319590054778646,62,-0.22178086712947778,0.06817152140802853,2.764327444798671,806,-0.10151999161109679,0.0718895212337071,6.47493556047591,806
DEU,placebo_random_025,placebo_fixed_nominal,all,14,0.1774193548387097,0.008434905926242268,62,-0.2639702637050966,0.08389783514387704,2.2616040809469724,806,-0.08680454524563465,0.0712708635444703,7.633330465548439,806
DEU,placebo_random_026,placebo_fixed_nominal,all,14,0.14516129032258066,0.5639630619698306,62,-0.30498648930054556,0.056766187320263686,1.9051717106772157,806,-0.0881458526765736,0.07292283700051258,7.511736318633333,806
DEU,placebo_random_027,placebo_fixed_nominal,all,14,0.1935483870967742,0.024806947355623978,62,-0.32562204524409805,0.06465953729535764,1.7594150547698963,806,-0.09897312951171965,0.06413955068152245,6.650795029769743,806
DEU,placebo_random_028,placebo_fixed_nominal,all,14,0.0967741935483871,0.6873600249239268,62,-0.33782940091577646,0.06984588893454328,1.6814490147905918,806,-0.1613075684957385,0.11522843004653134,3.9403236738084777,806
DEU,placebo_random_029,placebo_fixed_nominal,all,14,0.0967741935483871,0.7243519842993678,62,-0.2525946180849589,0.06897800854332299,2.3807418407505594,806,-0.09087253888190144,0.0636390768307595,7.275610099895064,806
DEU,placebo_random_030,placebo_fixed_nominal,all,14,0.016129032258064516,0.9994949038269099,62,-0.27496930355698573,0.05323058862833835,2.155701966356391,806,-0.051980251149949044,0.0530026843597484,12.985161053425754,806
DEU,placebo_random_031,placebo_fixed_nominal,all,14,0.11290322580645161,0.9368015764223337,62,-0.2776416615120436,0.06655378252924914,2.131226403606875,806,-0.10363775412627427,0.07884874557331358,6.335280396253707,806
DEU,placebo_random_032,placebo_fixed_nominal,all,14,0.0967741935483871,0.7330757294665226,62,-0.3838769287096063,0.06810774324313673,1.431209894288735,806,-0.15984751390266463,0.1245521359615056,3.9796734708459893,806
DEU,placebo_random_033,placebo_fixed_nominal,all,14,0.1774193548387097,0.009275922072064815,62,-0.36501080358689375,0.06463929428206008,1.5262607310197123,806,-0.18089381168225757,0.10455781516720891,3.4736985322360643,806
DEU,placebo_random_034,placebo_fixed_nominal,all,14,0.11290322580645161,0.5408308513406261,62,-0.2823676479259938,0.06858499163471532,2.089064490072721,806,-0.11189547929476512,0.06458797859679052,5.841168645923673,806
DEU,placebo_random_035,placebo_fixed_nominal,all,14,0.0967741935483871,0.6464206993952369,62,-0.26313304081809014,0.07732306332406585,2.2700242431978026,806,-0.09059147538402096,0.06038146911069041,7.299293132204462,806
DEU,placebo_random_036,placebo_fixed_nominal,all,14,0.11290322580645161,0.9807718688227147,62,-0.30329776784739165,0.06240825221670333,1.9179651426031077,806,-0.1494799781590559,0.09621783655461905,4.281135369114386,806
DEU,placebo_random_037,placebo_fixed_nominal,all,14,0.06451612903225806,0.9503424501226653,62,-0.2940337194996867,0.07232695920159697,1.9907279137168452,806,-0.15684007598707492,0.09043563019850671,4.063028978734404,806
DEU,placebo_random_038,placebo_fixed_nominal,all,14,0.08064516129032258,0.8866674959103731,62,-0.2503222927892795,0.05478859086816486,2.4058263756489784,806,-0.07110001441427061,0.05418344972248427,9.398070102709953,806
DEU,placebo_random_039,placebo_fixed_nominal,all,14,0.08064516129032258,0.8488992095159289,62,-0.3414566087394644,0.06195377318782777,1.6593390463024278,806,-0.16809313478802562,0.11641650336820514,3.7663922041356,806
DEU,placebo_random_040,placebo_fixed_nominal,all,14,0.14516129032258066,0.12744415593326022,62,-0.3830646983385512,0.07321099646201482,1.4351137146984019,806,-0.2150991595250401,0.12773059575333476,2.861904325497874,806
DEU,placebo_random_041,placebo_fixed_nominal,all,14,0.12903225806451613,0.5354843060991387,62,-0.2832604985597329,0.0821796142109573,2.0812554279474758,806,-0.10428652492063212,0.09120882522983359,6.29363120045529,806
DEU,placebo_random_042,placebo_fixed_nominal,all,14,0.14516129032258066,0.04747621822617787,62,-0.34480332661986957,0.07259289752605336,1.6393440933541792,806,-0.18099133335409587,0.10564782524019396,3.4716270247363488,806
DEU,placebo_random_043,placebo_fixed_nominal,all,14,0.04838709677419355,0.9986540532070666,62,-0.32151885341769765,0.06836102858211619,1.7869288617852903,806,-0.14110393056620232,0.10173558314685259,4.5569603313405125,806
DEU,placebo_random_044,placebo_fixed_nominal,all,14,0.08064516129032258,0.6981083746249684,62,-0.3137389152130079,0.06533267296883573,1.8410423844230759,806,-0.15396292131098124,0.10415070015436693,4.145813189242351,806
DEU,placebo_random_045,placebo_fixed_nominal,all,14,0.12903225806451613,0.1748406438797626,62,-0.3470751554518125,0.059486512649622035,1.6259867646053352,806,-0.1288648631855038,0.08660172953317488,5.024328871552,806
DEU,placebo_random_046,placebo_fixed_nominal,all,14,0.03225806451612903,0.988881111236591,62,-0.28290040024708585,0.06549562667947374,2.084399058220287,806,-0.11278829620335797,0.09819382680336278,5.792075012128631,806
DEU,placebo_random_047,placebo_fixed_nominal,all,14,0.0967741935483871,0.8547912760811464,62,-0.2648557969713288,0.06863325086896255,2.252755450190633,806,-0.1179354382936547,0.08904228217682739,5.523524061789104,806
DEU,placebo_random_048,placebo_fixed_nominal,all,14,0.12903225806451613,0.1677474801324912,62,-0.3209139430707136,0.062399905379087114,1.7910436517601442,806,-0.16976596673308794,0.09338858567896147,3.725643296316506,806
DEU,placebo_random_049,placebo_fixed_nominal,all,14,0.06451612903225806,0.5810481078745138,62,-0.35352838732928343,0.05913761700743154,1.588963507190514,806,-0.1598318306038432,0.07943280151407776,3.98010004173533,806
DEU,symk:A01,commodity_sym,all,14,0.14516129032258066,0.0003387995797666085,62,-0.26564001214147087,0.06623693090758007,2.2449680373795937,806,-0.12548711211074098,0.052371454565372955,5.169335829672656,806
DEU,symk:A02,commodity_sym,all,14,0.12903225806451613,0.0006121263201550779,62,-0.2511589045454181,0.06978407030444135,2.3965385288440455,806,-0.08583397250357185,0.050285040045659146,7.72368433994538,806
DEU,symk:A03,commodity_sym,all,14,0.0967741935483871,0.017202740325283926,62,-0.18740145553554127,0.075886502731052,3.34017719510412,806,-0.0637983119208486,0.056814311263744664,10.514282084023122,806
DEU,symk:B,commodity_sym,all,14,0.11290322580645161,5.141257407908905e-05,62,-0.20881576575205657,0.07679038202415726,2.9593291981096668,806,-0.037266716251718485,0.06346631349101725,18.250863977117607,806
DEU,symk:C10-12,commodity_sym,all,14,0.11290322580645161,0.0004775925541656931,62,-0.25652006138963196,0.06490401326630231,2.3384467655887873,806,-0.12779663758265808,0.06055462881046515,5.069360440746883,806
DEU,symk:C13-15,commodity_sym,all,14,0.1935483870967742,0.002407156049380463,62,-0.28433515205388676,0.07819852592886806,2.0719206082535995,806,-0.0969891336419374,0.06288314516143756,6.794182306023503,806
DEU,symk:C16,commodity_sym,all,14,0.12903225806451613,0.002293576279447235,62,-0.25482385571341354,0.06684224535392475,2.356564154769923,806,-0.11574069776402007,0.05861915589471006,5.635117021116731,806
DEU,symk:C17,commodity_sym,all,14,0.1935483870967742,4.040960657215628e-06,62,-0.2592151858331206,0.07050774924134917,2.310143348086919,806,-0.1070071090995892,0.056569427309025075,6.124471126350959,806
DEU,symk:C18,commodity_sym,all,14,0.22580645161290322,6.910081970601611e-06,62,-0.2942760239463555,0.08143545252679806,1.9887671631347728,806,-0.12686653996510797,0.06268413953657347,5.10918570961874,806
DEU,symk:C19,commodity_sym,all,14,0.11290322580645161,0.04107343998245887,62,-0.24235554229465678,0.05290390158973772,2.4974581750324765,806,-0.11966875564109587,0.04044588524902294,5.4382813552954135,806
DEU,symk:C20,commodity_sym,all,14,0.12903225806451613,0.004723729148935583,62,-0.2328859652074287,0.06876017160612007,2.614467680155683,806,-0.09812281979129679,0.053572843896053546,6.711539226373902,806
DEU,symk:C21,commodity_sym,all,14,0.1774193548387097,0.0001962262370586192,62,-0.26711149546583063,0.066961387545985,2.230478167289651,806,-0.13269077523834213,0.057759652888131924,4.868984378381114,806
DEU,symk:C22,commodity_sym,all,14,0.12903225806451613,1.1124355015376237e-05,62,-0.26621454404658085,0.06991655712209893,2.239291670557106,806,-0.1218579660586613,0.06342713946417193,5.334078982948368,806
DEU,symk:C23,commodity_sym,all,14,0.11290322580645161,0.0018771843138577454,62,-0.2529843952500783,0.07020226274339747,2.37648394358682,806,-0.10325377983136828,0.06058248386160165,6.360176716150661,806
DEU,symk:C24,commodity_sym,all,14,0.1774193548387097,0.005179374599512687,62,-0.25031835292000143,0.07144307138148814,2.4058702607496816,806,-0.10624357687887671,0.06036636473590314,6.171072373244548,806
DEU,symk:C25,commodity_sym,all,14,0.16129032258064516,0.004536605721256404,62,-0.2655907884727307,0.07195598225631784,2.245455498039451,806,-0.12127135580439284,0.06409530390071494,5.361632107786471,806
DEU,symk:C26,commodity_sym,all,14,0.16129032258064516,4.830138261394268e-06,62,-0.27986356215531627,0.06965505927954771,2.1112286997538,806,-0.12935475117508036,0.05818433882873009,5.003925738709034,806
DEU,symk:C27,commodity_sym,all,14,0.1774193548387097,8.265388458115792e-06,62,-0.2603899992310396,0.06959389645489712,2.297987575493486,806,-0.11576063971348895,0.06217662518376486,5.634084036937351,806
DEU,symk:C28,commodity_sym,all,14,0.1774193548387097,8.842107408219518e-05,62,-0.26922806827802875,0.07026190476675008,2.2099111878462696,806,-0.1223605275543146,0.062480830276687604,5.310683439138587,806
DEU,symk:C29,commodity_sym,all,14,0.14516129032258066,0.0022664431990090804,62,-0.2767620910937433,0.06914272244416104,2.1392305564316425,806,-0.13119368279323482,0.06358687848791315,4.928694077072678,806
DEU,symk:C30,commodity_sym,all,14,0.16129032258064516,0.0003097890601361527,62,-0.2559326578764408,0.06690475589117886,2.3446939448492126,806,-0.10886162983452154,0.05084254320281798,6.01400179470766,806
DEU,symk:C31_32,commodity_sym,all,14,0.12903225806451613,0.06872065421404473,62,-0.2758387125775124,0.06696891638998029,2.1476877205716782,806,-0.13755069091525443,0.06221531430182763,4.684094572863758,806
DEU,symk:C33,commodity_sym,all,14,0.14516129032258066,0.009302487366585723,62,-0.22483637642877946,0.06417928768955077,2.721627395346541,806,-0.10268989187220186,0.05217773658448513,6.397075491628451,806
DEU,symk:D35,commodity_sym,all,14,0.12903225806451613,0.0007306396184783139,62,-0.25893239734848467,0.07213879930880479,2.3130856820004153,806,-0.11169238919454594,0.06892772225077759,5.8524454667722345,806
DEU,symk:E36,commodity_sym,all,14,0.16129032258064516,0.0016087379517261207,62,-0.2699930769179079,0.06827561321343671,2.2025560936540067,806,-0.13166679560500116,0.06372477748516431,4.90967806557469,806
DEU,symk:E37-39,commodity_sym,all,14,0.14516129032258066,0.0003273598783577052,62,-0.2812903763844775,0.07115468083208994,2.0985518088486397,806,-0.1305964430616475,0.06299157297667603,4.952895564787357,806
DEU,symk:F,commodity_sym,all,14,0.16129032258064516,6.447433545652692e-06,62,-0.28882093314585394,0.06928317221711461,2.03369741028491,806,-0.13993997836046657,0.06473689193312962,4.59789671029021,806
DEU,symk:G45,commodity_sym,all,14,0.14516129032258066,0.0012909466896301107,62,-0.27730451853650184,0.06873254877540215,2.1342884893377807,806,-0.13013770954770473,0.061294841959870665,4.971635041372617,806
DEU,symk:G46,commodity_sym,all,14,0.12903225806451613,8.225278399005861e-06,62,-0.26444095788770533,0.06681450539226239,2.256893390822902,806,-0.11741904104065971,0.06212113263406027,5.549405817135452,806
DEU,symk:G47,commodity_sym,all,14,0.16129032258064516,0.005025785681146869,62,-0.2694481445578714,0.06673870013512097,2.2077910499476827,806,-0.13601717210509637,0.06201593044149002,4.741011428798205,806
DEU,symk:H49,commodity_sym,all,14,0.14516129032258066,0.00408935369361488,62,-0.18928229870293034,0.08063604627668752,3.303290440639847,806,-0.08929862938086858,0.0640199552322643,7.4101497394367595,806
DEU,symk:H50,commodity_sym,all,14,0.12903225806451613,0.013461481597785152,62,-0.17197468345481784,0.06758198269009545,3.673051184724099,806,-0.09065877482826004,0.04276180082590969,7.293608971513961,806
DEU,symk:H51,commodity_sym,all,14,0.0967741935483871,0.7600556668317566,62,-0.07995925528625832,0.050842710227890955,8.317368045511529,806,-0.020528656573914943,0.02276299860487967,33.41708660846847,806
DEU,symk:H52,commodity_sym,all,14,0.08064516129032258,0.0979639457782573,62,-0.22598878883302825,0.06038988062800066,2.7058207468518205,806,-0.10681921535181596,0.0559300690152721,6.135877259468695,806
DEU,symk:H53,commodity_sym,all,14,0.16129032258064516,0.0002537231751303953,62,-0.2739253112395398,0.06794848232937974,2.165392065431454,806,-0.1303806206751259,0.061270406492419514,4.9616956120761735,806
DEU,symk:I,commodity_sym,all,14,0.16129032258064516,0.036872328110315544,62,-0.21428453167120742,0.07241960115921173,2.874214608290784,806,-0.10242503941571603,0.057878362803930675,6.414546554864768,806
DEU,symk:J58,commodity_sym,all,14,0.16129032258064516,0.010595032352734748,62,-0.2906446161427466,0.06599721046355597,2.0184913892056566,806,-0.14891799489615312,0.06070992797431728,4.298672691131874,806
DEU,symk:J59_60,commodity_sym,all,14,0.16129032258064516,0.0001085818399934401,62,-0.28631570523551275,0.07085487659179533,2.054898378222805,806,-0.1270484950146654,0.0590087245385212,5.101348887464783,806
DEU,symk:J61,commodity_sym,all,14,0.1935483870967742,0.002013430976695064,62,-0.2847443614022703,0.06995047797785935,2.06838439088148,806,-0.1386183501367281,0.060811202163433005,4.645210333494506,806
DEU,symk:J62_63,commodity_sym,all,14,0.1935483870967742,9.212221703948905e-11,62,-0.31314536618520966,0.06793663353333056,1.8452795944086038,806,-0.15215594815383807,0.06446120924480211,4.199401566374872,806
DEU,symk:K64,commodity_sym,all,14,0.20967741935483872,7.100193327828407e-07,62,-0.2672143532867762,0.06794599343917389,2.2294712257105522,806,-0.1285807232722701,0.059782106195501075,5.036234008449195,806
DEU,symk:K65,commodity_sym,all,14,0.16129032258064516,0.0015518916127404898,62,-0.25798700251983964,0.06819441039821006,2.3229686669508403,806,-0.10936137369235675,0.06020236659760223,5.984873357690749,806
DEU,symk:K66,commodity_sym,all,14,0.16129032258064516,0.0006897350304242252,62,-0.25230662830402195,0.06730727624779717,2.3838962016760075,806,-0.11041933775110524,0.05855644059346167,5.9240769867239536,806
DEU,symk:L,commodity_sym,all,14,0.14516129032258066,0.005761085246434804,62,-0.287651021000475,0.06871357265686577,2.043552577686429,806,-0.1449072380768666,0.06458983723308823,4.4277731822230875,806
DEU,symk:M69_70,commodity_sym,all,14,0.24193548387096775,3.8982190721608945e-07,62,-0.29014872267955183,0.06975924570247918,2.0226074881575564,806,-0.138975188213845,0.06319805518763082,4.632347206064088,806
DEU,symk:M71,commodity_sym,all,14,0.14516129032258066,0.00032295188833997583,62,-0.2700565693207207,0.07085779018087154,2.201947507385376,806,-0.12026449387912631,0.06569744968785447,5.409550158714015,806
DEU,symk:M72,commodity_sym,all,14,0.1774193548387097,1.6442324568928236e-07,62,-0.30402244110365567,0.06919498121961418,1.9124579768833274,806,-0.155130919522405,0.06382566113040762,4.11183713753626,806
DEU,symk:M73,commodity_sym,all,14,0.1774193548387097,7.65709706323897e-05,62,-0.3230998258047748,0.07016020250808325,1.7762462374906627,806,-0.17446750447099113,0.07098264357879722,3.61528861162877,806
DEU,symk:M74_75,commodity_sym,all,14,0.1935483870967742,1.4117003421907328e-05,62,-0.27625474494872776,0.06628703160603541,2.1438703809637443,806,-0.13658149129756642,0.05957124037531612,4.719918271058422,806
DEU,symk:N77,commodity_sym,all,14,0.1774193548387097,8.932877866185729e-06,62,-0.2770760968603164,0.06120530412460328,2.1363673095710625,806,-0.13702678947772126,0.061152049059680844,4.703396288059426,806
DEU,symk:N78,commodity_sym,all,14,0.11290322580645161,0.14899652662766041,62,-0.2117622434215009,0.049711698224861156,2.912927595450596,806,-0.07930491898380662,0.04289033197439418,8.388934055299416,806
DEU,symk:N79,commodity_sym,all,14,0.06451612903225806,0.4402852877003485,62,-0.046468785777281175,0.03213791157163985,14.567081972834405,806,-0.017760767753369804,0.012997789564407636,38.679261650824074,806
DEU,symk:N80-82,commodity_sym,all,14,0.14516129032258066,9.026084162529139e-06,62,-0.2943526086156352,0.0694471277129563,1.988148096003902,806,-0.14941804567715564,0.06534199083779017,4.28306158939013,806
DEU,symk:O84,commodity_sym,all,14,0.16129032258064516,0.00016214520128736648,62,-0.2738392100786415,0.07182294463581444,2.1661945015894326,806,-0.12378480404580033,0.0673394249714301,5.245410194162643,806
DEU,symk:P85,commodity_sym,all,14,0.1774193548387097,1.223979866914405e-05,62,-0.2830497949669521,0.06845944473745606,2.0830938936865486,806,-0.14381450111068805,0.06329176868274025,4.4641921675817136,806
DEU,symk:Q86,commodity_sym,all,14,0.16129032258064516,0.04117758965277056,62,-0.2672769734124467,0.0644058199650542,2.228858572857319,806,-0.14188318628464627,0.05907778575647591,4.5299283679136995,806
DEU,symk:Q87_88,commodity_sym,all,14,0.16129032258064516,0.0068417421583773265,62,-0.26681871097717536,0.06556003939977308,2.233348633633198,806,-0.13810496832909616,0.06092122403778,4.66383285015277,806
DEU,symk:R90-92,commodity_sym,all,14,0.14516129032258066,0.0018525224965960188,62,-0.2424174674885787,0.06083199842614487,2.49672287806116,806,-0.13143731770045666,0.0507300875346921,4.918884495808136,806
DEU,symk:R93,commodity_sym,all,14,0.12903225806451613,0.02231187502764338,62,-0.27035921610936137,0.06794554398111563,2.199050473252429,806,-0.12897720248976474,0.05865120515705812,5.01963642793428,806
DEU,symk:S94,commodity_sym,all,14,0.16129032258064516,0.00011906516258388018,62,-0.2813882706806342,0.06662062347715371,2.0976867047549304,806,-0.14515301205613973,0.06382611041036255,4.419657340000334,806
DEU,symk:S95,commodity_sym,all,14,0.20967741935483872,1.0196537734907861e-07,62,-0.29601956084520403,0.0659513257359962,1.9747518018174772,806,-0.1560492049863637,0.06469044484873436,4.085481223691141,806
DEU,symk:S96,commodity_sym,all,14,0.1935483870967742,3.730323642500376e-06,62,-0.2805772935882933,0.06643341231192941,2.104871428603378,806,-0.14798724246929706,0.06308509171339535,4.328010156597955,806
MEX,PPa,PPa,all,14,0.06451612903225806,0.30422872752271796,62,-0.2540315043884346,0.060730216598853304,2.365109569105631,806,-0.05563368528663089,0.0416495637402434,12.109247753162231,806
MEX,PPb,PPb,all,14,0.0967741935483871,0.6895278122957373,62,-0.25956003170558684,0.051086555507656436,2.3065639250427976,806,-0.0899192018453019,0.044800080966981064,7.356540496361103,806
MEX,PPc_edu_years,PPc_edu_years,all,14,0.08064516129032258,0.6462179238850506,62,-0.2509645715530686,0.04934558803046787,2.398690486339221,806,-0.09334127275476785,0.043858430776112386,7.073712484008396,806
MEX,k:A01,commodity_open,all,14,0.0967741935483871,0.016299941160803137,62,-0.07591343523315532,0.028732147951567262,8.77962424394826,806,-0.021385977370778287,0.014682696297253595,32.06347080552138,806
MEX,k:A02,commodity_open,all,14,0.06451612903225806,0.3344181279332271,62,-0.05349757421230638,0.016919722720747297,12.606860242443709,806,-0.027432525626617126,0.011043129645003612,24.919168054760025,806
MEX,k:A03,commodity_open,all,14,0.08064516129032258,0.0032093363635213455,62,-0.03607000674486798,0.022457962211082032,18.868023373928096,806,-0.00999283806709528,0.0061696256960940485,69.01724266967179,806
MEX,k:B,commodity_open,all,14,0.08064516129032258,0.047860336699714866,62,-0.06423011913065668,0.026993869019883113,10.441214319931492,806,-0.006337972221638422,0.016538363109774114,109.0172463562448,806
MEX,k:C10-12,commodity_open,all,14,0.03225806451612903,0.9983060710783371,62,-0.018467236861964904,0.008853264002615102,37.18623667877472,806,-0.0027748532388646233,0.0038353709912778418,249.449244608346,806
MEX,k:C13-15,commodity_open,all,14,0.016129032258064516,0.9999931651221815,62,-0.01754814205641873,0.008823995998956814,39.15215130914039,806,-0.0053305696839486974,0.004079747892641801,129.6855948183843,806
MEX,k:C16,commodity_open,all,14,0.06451612903225806,0.6589456195256332,62,-0.0523202233964482,0.012248054187208084,12.898491855542918,806,-0.028617763315935123,0.009131223029068696,23.872621234950074,806
MEX,k:C17,commodity_open,all,14,0.016129032258064516,0.9999914211718859,62,-0.011081690914018382,0.01008402931629829,62.20164697699778,806,0.005731364440240898,0.006583756359370199,,806
MEX,k:C18,commodity_open,all,14,0.016129032258064516,0.999989078992106,62,-0.006036575971596512,0.005521278350842461,114.4776367853552,806,0.001966918156848449,0.0020911168287874584,,806
MEX,k:C19,commodity_open,all,14,0.016129032258064516,0.9011061554492049,62,-0.04057886908667531,0.02017009761912214,16.73251464841799,806,0.003154730775525143,0.012294264562378207,,806
MEX,k:C20,commodity_open,all,14,0.08064516129032258,0.8512890111942018,62,-0.01803787249470656,0.020097716490794268,38.0796995464927,806,0.014935649408431052,0.016804160041441803,,806
MEX,k:C21,commodity_open,all,14,0.06451612903225806,0.9797170443136242,62,-0.0175166361444059,0.007336235326539412,39.22319851280947,806,-0.005541278475949301,0.003585507427801198,124.74105826260592,806
MEX,k:C22,commodity_open,all,14,0.04838709677419355,0.9994074598619164,62,-0.02130632158318475,0.01254666497041099,32.184648327238044,806,0.000948121252520923,0.006427848208408256,,806
MEX,k:C23,commodity_open,all,14,0.0967741935483871,0.05231589326518925,62,-0.08767727295959744,0.030936588645313692,7.55379217208842,806,-0.02301840300001158,0.018034717684108165,29.764821103018395,806
MEX,k:C24,commodity_open,all,14,0.06451612903225806,0.9907257332913946,62,-0.06464645208808927,0.01863748479493303,10.371688936916382,806,-0.031422797582847016,0.012018002650730823,21.710317760565268,806
MEX,k:C25,commodity_open,all,14,0.06451612903225806,0.35874020925140987,62,-0.03822552772769925,0.01768677275556737,17.784271600427306,806,-0.010699728340293663,0.009271506197525318,64.4345601011465,806
MEX,k:C26,commodity_open,all,14,0.03225806451612903,0.9999815394839102,62,-0.0051339480725166005,0.006260800305744855,134.6656322957172,806,0.007197331685923091,0.005264964483478094,,806
MEX,k:C27,commodity_open,all,14,0.03225806451612903,0.9847545483124216,62,-0.028667362910758335,0.01795756100254671,23.830711904532134,806,0.0026803527132779692,0.013499369752025387,,806
MEX,k:C28,commodity_open,all,14,0.11290322580645161,0.7389945447763313,62,-0.058419106882560176,0.025742511118062816,11.515026261964248,806,-0.014215853139958382,0.013203532390397106,48.41134595243271,806
MEX,k:C29,commodity_open,all,14,0.08064516129032258,0.16999770769813874,62,-0.09043294009442174,0.03477645380796415,7.312716551657539,806,-0.026318469509502944,0.020134567412995175,25.988796525086386,806
MEX,k:C30,commodity_open,all,14,0.0967741935483871,0.2776612530983055,62,-0.018493677709729026,0.01136627738577233,37.13257203820557,806,-0.009998529626187256,0.00514119207738564,68.97775737574841,806
MEX,k:C31_32,commodity_open,all,14,0.0,0.9999912770490652,62,-0.040922952623801974,0.015948458946501615,16.58887143981784,806,-0.012073234158306927,0.007906688754304754,57.06461388884893,806
MEX,k:C33,commodity_open,all,14,0.03225806451612903,0.9999966464329769,62,-0.011761979682890025,0.0059283177680552294,58.58390927285628,806,-0.004358673721521649,0.0035878163629523407,158.68026004712632,806
MEX,k:D35,commodity_open,all,14,0.04838709677419355,0.9978678487291754,62,-0.05851602544810776,0.017581645469670237,11.495368500428665,806,-0.019289903319843697,0.009729069345268362,35.585461207243824,806
MEX,k:E36,commodity_open,all,14,0.016129032258064516,0.9923122867383319,62,-0.02550868353922934,0.01259620183353754,26.82492299950558,806,-0.006139587770032443,0.0041750576737862935,112.5510707615585,806
MEX,k:E37-39,commodity_open,all,14,0.03225806451612903,0.9999686464436573,62,-0.004705069179417895,0.0033727947593873747,146.97238653309802,806,0.000263564493455273,0.0034965898951796917,,806
MEX,k:F,commodity_open,all,14,0.16129032258064516,0.20831157552378426,62,-0.11648073864727271,0.041812828364003816,5.597019896412525,806,-0.04473165603521115,0.026456529903622704,15.146457601052301,806
MEX,k:G45,commodity_open,all,14,0.0967741935483871,0.6932643939174618,62,-0.025323454847107785,0.010309875774309493,27.02369110860657,806,-0.010285504292779923,0.0038455249755550936,67.04351428822974,806
MEX,k:G46,commodity_open,all,14,0.03225806451612903,0.996538894805374,62,-0.02819456625664438,0.01821738001209881,24.23619877745173,806,0.023440096501444834,0.011754121639298587,,806
MEX,k:G47,commodity_open,all,14,0.03225806451612903,0.9982208193592607,62,-0.10426345871743303,0.031684524220620514,6.295103106506693,806,-0.041048444018907705,0.02144285845321491,16.5370822483251,806
MEX,k:H49,commodity_open,all,14,0.06451612903225806,0.9717416430279704,62,-0.07665920193153757,0.0284733649423337,8.69075051862608,806,-0.018597213147449485,0.01536481645160609,36.92390396134843,806
MEX,k:H50,commodity_open,all,14,0.04838709677419355,0.9702964457072722,62,-0.025658723247148362,0.019027968533629085,26.666019708844214,806,-0.009897439400808561,0.011848184075880959,69.68583236448842,806
MEX,k:H51,commodity_open,all,14,0.016129032258064516,0.9999968350431864,62,-0.030580115806317296,0.010885859096598257,22.318230123500182,806,-0.011685099404739545,0.006660073732058716,58.97164212861667,806
MEX,k:H52,commodity_open,all,14,0.04838709677419355,0.9986262402102233,62,-0.04836182702508816,0.015607717209420698,13.983090000739923,806,-0.01764526590432308,0.009165979790565423,38.93472935280987,806
MEX,k:H53,commodity_open,all,14,0.03225806451612903,0.999962190279624,62,-0.025685596744024215,0.011845696789962333,26.637754680862525,806,-0.011844566358749638,0.006249588788108344,58.17300471472298,806
MEX,k:I,commodity_open,all,14,0.03225806451612903,0.9999916402312186,62,-0.03225938634666669,0.011091173454434382,21.138214493356895,806,-0.010958933583415813,0.006405918963971843,62.90230002143696,806
MEX,k:J58,commodity_open,all,14,0.04838709677419355,0.914281485955399,62,-0.030902044812140893,0.009155071158205028,22.082076557728712,806,-0.017137437383698474,0.006143440797418886,40.09880069645375,806
MEX,k:J59_60,commodity_open,all,14,0.04838709677419355,0.9998010932616901,62,-0.009496455882687124,0.0044926264030706155,72.64296641106273,806,-0.005223086016330198,0.003722741800601754,132.36148415049925,806
MEX,k:J61,commodity_open,all,14,0.04838709677419355,0.9933232805538135,62,-0.047289916464374464,0.017255288186754553,14.308027379733034,806,-0.013304682887178213,0.010480540210467395,51.75063857756593,806
MEX,k:J62_63,commodity_open,all,14,0.03225806451612903,0.9991443836273056,62,-0.01878372949570923,0.008990793789036305,36.553798448701166,806,-0.004352843421060989,0.0060471215519444866,158.89326499013282,806
MEX,k:K64,commodity_open,all,14,0.016129032258064516,0.9999974421717145,62,-0.03803995842562638,0.013750494165065998,17.872740938161353,806,-0.0114424525470848,0.00798929848662622,60.22956350322502,806
MEX,k:K65,commodity_open,all,14,0.016129032258064516,0.9999999749398808,62,-0.016995288856732366,0.006845736849236065,40.43710234718583,806,-0.011079124570670841,0.004818401343981579,62.21613580428331,806
MEX,k:K66,commodity_open,all,14,0.03225806451612903,0.998299579534674,62,-0.034990390307661524,0.015783902141355558,19.46101326896152,806,-0.004191878806807189,0.009947688290175708,165.0079596351538,806
MEX,k:L,commodity_open,all,14,0.03225806451612903,0.9979565043124264,62,-0.03809882562126208,0.012135656483429959,17.844582944626335,806,-0.010958069086810211,0.006965892927685517,62.907289909675946,806
MEX,k:M69_70,commodity_open,all,14,0.016129032258064516,0.9999989791114579,62,-0.04867685822090418,0.018666248658866274,13.890312363994529,806,-0.009323498334890531,0.010313100710542127,73.99699477647188,806
MEX,k:M71,commodity_open,all,14,0.04838709677419355,0.9969464239577039,62,-0.02938399480123057,0.019729369172726437,23.24098029885756,806,0.0013971949252901757,0.01221249108324884,,806
MEX,k:M72,commodity_open,all,14,0.0967741935483871,0.46585333985884925,62,-0.022573455627198494,0.012036547924805397,30.35840227081613,806,-0.004492195781605221,0.006318085439542767,153.95347164380922,806
MEX,k:M73,commodity_open,all,14,0.0,0.9999998952239305,62,-0.012968532116554514,0.006171939316573958,53.10106382890314,806,-0.005262042142755033,0.0035595532940347753,131.3790109164477,806
MEX,k:M74_75,commodity_open,all,14,0.04838709677419355,0.9943725424766431,62,-0.020007860787691192,0.00732456598557322,34.296001672905916,806,-0.006740526730210719,0.004321058021348334,102.4858273494248,806
MEX,k:N77,commodity_open,all,14,0.016129032258064516,0.9999835068786331,62,-0.01654958032190488,0.007763228875225117,41.53552942093224,806,-0.00015992670994532295,0.0031672346956085075,4333.808611114627,806
MEX,k:N78,commodity_open,all,14,0.04838709677419355,0.9859361696389857,62,-0.06823256613347398,0.020303887778823568,9.80794214357527,806,-0.025054600867173843,0.010316482015166077,27.317425664135897,806
MEX,k:N79,commodity_open,all,14,0.03225806451612903,0.9999405756870802,62,-0.0026607374156344013,0.0019722538652041247,260.1626998963727,806,0.000988091603998088,0.0013938626928476766,,806
MEX,k:N80-82,commodity_open,all,14,0.0,0.9999999727200358,62,-0.03503417412092738,0.010713570233312956,19.4362536280068,806,-0.015044939726340282,0.00621890735536438,45.72433259924117,806
MEX,k:O84,commodity_open,all,14,0.04838709677419355,0.9995981294518096,62,-0.021265583011864462,0.014266498696819167,32.246973320173694,806,-0.0030812830644797707,0.008468080958085154,224.60732282099912,806
MEX,k:P85,commodity_open,all,14,0.06451612903225806,0.9902143099044176,62,-0.008107048702753451,0.004907436839153969,85.15227983037845,806,-0.0018950395114090113,0.0036996905872010697,365.42256671297395,806
MEX,k:Q86,commodity_open,all,14,0.06451612903225806,0.8455643932830886,62,-0.009236980576960138,0.005761409286241601,74.69334053621782,806,-0.0013954563706062568,0.002723066391748036,496.37054534042477,806
MEX,k:Q87_88,commodity_open,all,14,0.0967741935483871,0.9380281327503113,62,-0.07764148776826663,0.039192081368442634,8.57629454114659,806,0.008947459882297283,0.02295250567604058,,806
MEX,k:R90-92,commodity_open,all,14,0.016129032258064516,0.999998019511028,62,-0.006026179053506475,0.0029480714829845586,114.67574327649095,806,-0.0016776511519947437,0.0015605097300956552,412.8185930932838,806
MEX,k:R93,commodity_open,all,14,0.04838709677419355,0.999995845577787,62,-0.004591438107420979,0.003005295042216324,150.61831885422606,806,-0.00012101120160374417,0.001588926521873811,5727.612247804579,806
MEX,k:S94,commodity_open,all,14,0.0,0.9999999867827082,62,-0.006897023919249422,0.0036234642276383754,100.15248679701331,806,0.0012540572114222712,0.0032190722555867123,,806
MEX,k:S95,commodity_open,all,14,0.03225806451612903,0.9999388852205002,62,-0.007600866856331995,0.0040814806432013144,90.84616058175818,806,-0.0007464222278017832,0.0022107822092642605,928.2795076657158,806
MEX,k:S96,commodity_open,all,14,0.06451612903225806,0.9999073923245739,62,-0.005637983384134308,0.004576738974742263,122.59549488675924,806,1.3199557735059952e-05,0.003423993734157155,,806
MEX,labour,labour,all,14,0.0967741935483871,0.3964301517464004,62,-0.23956603145122324,0.0489831305665172,2.5309720341125193,806,-0.11380185973191666,0.04329016180640259,5.7372742960695815,806
MEX,placebo_perm_000,placebo_perm,all,14,0.04838709677419355,0.17040043701435248,62,-0.18065982210534606,0.0462175911412122,3.4786779110236266,806,-0.04739743877043632,0.035472991643323584,14.27477017507752,806
MEX,placebo_perm_001,placebo_perm,all,14,0.11290322580645161,0.6066930313674246,62,-0.2123357876812166,0.04805256003995707,2.9040442772941426,806,-0.050464909660938834,0.034383371488703844,13.385666233473952,806
MEX,placebo_perm_002,placebo_perm,all,14,0.06451612903225806,0.9502052806724243,62,-0.1664191644139619,0.0344548388189523,3.8079863241713228,806,-0.04629244118895868,0.03017710955470659,14.623914610416021,806
MEX,placebo_perm_003,placebo_perm,all,14,0.04838709677419355,0.8015909646469447,62,-0.1193653313432978,0.04034317771478938,5.45302494041928,806,0.02484275325667451,0.025652295536153353,,806
MEX,placebo_perm_004,placebo_perm,all,14,0.11290322580645161,0.42888552316951933,62,-0.14632325864521,0.04122703571904782,4.381387099094581,806,0.025232000891340572,0.027659474076496878,,806
MEX,placebo_perm_005,placebo_perm,all,14,0.08064516129032258,0.970903118727968,62,-0.14670543037790432,0.03864993361182007,4.3690210023796965,806,-0.029234858674805953,0.028368329919709324,23.361325425508614,806
MEX,placebo_perm_006,placebo_perm,all,14,0.11290322580645161,0.27602845602317405,62,-0.22443416220860027,0.04179458819106808,2.7271821994641816,806,-0.06979838400600298,0.03102329732159557,9.57995272739468,806
MEX,placebo_perm_007,placebo_perm,all,14,0.11290322580645161,0.0797217851400083,62,-0.20908222513569552,0.05096757507022038,2.955079446803349,806,-0.03306655064314759,0.03835339389464325,20.61367002198998,806
MEX,placebo_perm_008,placebo_perm,all,14,0.0967741935483871,0.9830325874460532,62,-0.14294030632112248,0.03959258714612512,4.493727569507128,806,0.0006241766974898572,0.02423979129053461,,806
MEX,placebo_perm_009,placebo_perm,all,14,0.12903225806451613,0.19812185963198595,62,-0.1751010310123589,0.047040827252549634,3.6008700381214904,806,-0.003738069032857702,0.024898842949570094,185.08241817891553,806
MEX,placebo_perm_010,placebo_perm,all,14,0.12903225806451613,0.29305319034917476,62,-0.1641887390347298,0.037856616518286,3.8647208790035057,806,-0.006219608525907646,0.03063348329385924,111.09853364567395,806
MEX,placebo_perm_011,placebo_perm,all,14,0.08064516129032258,0.4459290078612359,62,-0.10184028246986193,0.0339015230743058,6.4534416752815265,806,0.0033695242317431265,0.0197931006215262,,806
MEX,placebo_perm_012,placebo_perm,all,14,0.11290322580645161,0.29095592276495424,62,-0.18383292580654453,0.03692663163703492,3.4122287910704725,806,-0.04922404787099477,0.03244251872602264,13.731985492487967,806
MEX,placebo_perm_013,placebo_perm,all,14,0.16129032258064516,0.02545204036448089,62,-0.1964612091513401,0.05202950782260384,3.1689652014266145,806,-0.022409573906732545,0.03936981554572551,30.58296778159072,806
MEX,placebo_perm_014,placebo_perm,all,14,0.03225806451612903,0.9696302679113323,62,-0.1651610426393848,0.039043395452860924,3.8398008934374874,806,-0.059166252158866034,0.0286529127305439,11.365149464435646,806
MEX,placebo_perm_015,placebo_perm,all,14,0.11290322580645161,0.8280480850798618,62,-0.1432362061791236,0.043926256314101145,4.483690070159445,806,-0.05812402433601541,0.03173339655332259,11.575280672871605,806
MEX,placebo_perm_016,placebo_perm,all,14,0.11290322580645161,0.13415731397811625,62,-0.13699711734899206,0.03988613440512263,4.704493885141129,806,0.010731806444381856,0.02003763826284187,,806
MEX,placebo_perm_017,placebo_perm,all,14,0.06451612903225806,0.799363576852372,62,-0.18940483601546135,0.03803375066203654,3.3009125775763497,806,-0.08235351260101673,0.03411526730053316,8.06519154648644,806
MEX,placebo_perm_018,placebo_perm,all,14,0.11290322580645161,0.4566048691726001,62,-0.23401528804151114,0.04700705426592033,2.600019522223213,806,-0.07318435709635683,0.04067701650210293,9.120284657032927,806
MEX,placebo_perm_019,placebo_perm,all,14,0.04838709677419355,0.9925520308008792,62,-0.1555146872217506,0.04805987073612289,4.100784776162667,806,0.0049994730868733045,0.033737703067627814,,806
MEX,placebo_perm_020,placebo_perm,all,14,0.0967741935483871,0.33500469426263335,62,-0.13969143444204216,0.0394333198443067,4.606726244434742,806,0.01403504893650196,0.032584944892427914,,806
MEX,placebo_perm_021,placebo_perm,all,14,0.06451612903225806,0.9738970684538778,62,-0.18529949519318437,0.04180699431789315,3.3822829409945654,806,-0.03752489449518769,0.0371089853779467,18.122879568433127,806
MEX,placebo_perm_022,placebo_perm,all,14,0.0967741935483871,0.7570607705883566,62,-0.15693440862646463,0.0422630367301201,4.06036601061026,806,-0.003580114607772704,0.032769117256561765,193.26355201158904,806
MEX,placebo_perm_023,placebo_perm,all,14,0.06451612903225806,0.9900435656070529,62,-0.1697555499644658,0.0403367924779046,3.725894563708993,806,-0.02602656145369044,0.03285505350746424,26.28420270173666,806
MEX,placebo_perm_024,placebo_perm,all,14,0.06451612903225806,0.9898015852380587,62,-0.14916153985033717,0.035230341162277544,4.291056409142183,806,-0.04926588903929207,0.02686541584695574,13.720023654799112,806
MEX,placebo_perm_025,placebo_perm,all,14,0.04838709677419355,0.9894185940836863,62,-0.18478278200769216,0.04508497891316499,3.3927796704433066,806,-0.043347984437552146,0.03597697634551638,15.641164534204666,806
MEX,placebo_perm_026,placebo_perm,all,14,0.08064516129032258,0.7831629353031347,62,-0.18423651724559378,0.04641562853711277,3.4039405014592927,806,-0.04501373311893913,0.038050324481077785,15.049337407586439,806
MEX,placebo_perm_027,placebo_perm,all,14,0.11290322580645161,0.26432891955638804,62,-0.1009099215532987,0.031972988850041226,6.516252848498193,806,0.0019227570268861096,0.02124306574514981,,806
MEX,placebo_perm_028,placebo_perm,all,14,0.11290322580645161,0.6536983425516197,62,-0.1924473565567559,0.04293776601587643,3.242838841702323,806,-0.04907512644165917,0.033033875194441335,13.774725621541617,806
MEX,placebo_perm_029,placebo_perm,all,14,0.08064516129032258,0.3249870016929007,62,-0.08389049743706772,0.029944169484371497,7.910889154275608,806,0.018887418534013625,0.0198073132021214,,806
MEX,placebo_perm_030,placebo_perm,all,14,0.0967741935483871,0.8209049718004433,62,-0.13559650386300212,0.040773053903342335,4.756849191580752,806,0.010174713160807614,0.02677515917139998,,806
MEX,placebo_perm_031,placebo_perm,all,14,0.11290322580645161,0.5709951259741142,62,-0.19521360362933926,0.04628963958075617,3.1916030099879844,806,-0.05340844077738434,0.0351786775954469,12.628488987959685,806
MEX,placebo_perm_032,placebo_perm,all,14,0.0967741935483871,0.9111256232770721,62,-0.13555654439305906,0.036938844517959,4.758358730338449,806,-0.034839070438430875,0.03031082126482031,19.5470634486724,806
MEX,placebo_perm_033,placebo_perm,all,14,0.03225806451612903,0.6058554620207056,62,-0.12244006925586196,0.033697178079216454,5.306998143782949,806,-0.0012178441640257134,0.023898677280138076,568.8125317477063,806
MEX,placebo_perm_034,placebo_perm,all,14,0.16129032258064516,0.03681725965264109,62,-0.17418595411151075,0.038581602884423756,3.6217300291602954,806,-0.053655171258287414,0.033861491774791405,12.568794211802714,806
MEX,placebo_perm_035,placebo_perm,all,14,0.11290322580645161,0.8230386021729049,62,-0.18597212095349522,0.04434973035679452,3.368705984273409,806,-0.04469830185929342,0.03684375509847527,15.158022594992824,806
MEX,placebo_perm_036,placebo_perm,all,14,0.08064516129032258,0.8854943458116402,62,-0.15960654361293847,0.04286207822551936,3.986236860505755,806,-0.030302190866328488,0.03813626944379364,22.5261396612148,806
MEX,placebo_perm_037,placebo_perm,all,14,0.12903225806451613,0.1490826282251017,62,-0.12332369718777804,0.040865260891095954,5.266377495341553,806,0.012355415618615253,0.039027939148026394,,806
MEX,placebo_perm_038,placebo_perm,all,14,0.06451612903225806,0.9130169262987302,62,-0.12535889927373964,0.03324749780208693,5.174993694572311,806,-0.004064135929750529,0.023189883205290827,170.205355903825,806
MEX,placebo_perm_039,placebo_perm,all,14,0.0967741935483871,0.7218162615768859,62,-0.17464397387380104,0.043427023144493045,3.6112618292925096,806,-0.042605771631347183,0.03883932068428373,15.919767920236666,806
MEX,placebo_perm_040,placebo_perm,all,14,0.03225806451612903,0.9703403769522188,62,-0.20853270368198545,0.050948594275896555,2.963855580418017,806,-0.08612696627690508,0.04037444149880398,7.696194134332422,806
MEX,placebo_perm_041,placebo_perm,all,14,0.12903225806451613,0.17694907061376067,62,-0.17417481301235235,0.05304327866595713,3.621985346403599,806,-0.04691210890473577,0.03241009659214581,14.426093920950366,806
MEX,placebo_perm_042,placebo_perm,all,14,0.08064516129032258,0.8619939971495796,62,-0.1107335621335843,0.0371913927166213,5.906243435343604,806,0.03067213914220255,0.021337090496732894,,806
MEX,placebo_perm_043,placebo_perm,all,14,0.11290322580645161,0.006580239103171197,62,-0.13868334387467282,0.033714691882035776,4.642862550063246,806,-0.014351339193740117,0.026086842619016844,47.95102346887536,806
MEX,placebo_perm_044,placebo_perm,all,14,0.08064516129032258,0.8158525568836007,62,-0.16253981900948508,0.04800725438401393,3.9076619616023813,806,-0.03177753502315659,0.02848559441096764,21.464051594529494,806
MEX,placebo_perm_045,placebo_perm,all,14,0.06451612903225806,0.7545532703749268,62,-0.19172462094873455,0.049587164246248906,3.256467748695036,806,-0.06395244399725471,0.038021645274879286,10.48808760101961,806
MEX,placebo_perm_046,placebo_perm,all,14,0.1774193548387097,0.22417590300754453,62,-0.16946669964306113,0.040416532163702557,3.7328743126978425,806,-0.04134871606248253,0.028059470181559427,16.41443842266857,806
MEX,placebo_perm_047,placebo_perm,all,14,0.06451612903225806,0.7420446646980647,62,-0.17538758287394365,0.03949530324321115,3.5943824363143224,806,-0.047912035623330476,0.03483256163511508,14.117669022830775,806
MEX,placebo_perm_048,placebo_perm,all,14,0.14516129032258066,0.1297433854331818,62,-0.1460997090417655,0.03665655627832613,4.3886505124255395,806,0.00898652528989261,0.03944165609733645,,806
MEX,placebo_perm_049,placebo_perm,all,14,0.12903225806451613,0.11882460644387523,62,-0.17280391095790673,0.045304166507779374,3.653652317406031,806,-0.04535099359242901,0.035203498537642056,14.934802879546048,806
MEX,placebo_random_000,placebo_fixed_nominal,all,14,0.06451612903225806,0.4126372785264797,62,-0.27767702642992975,0.046605085087289035,2.1309056297702536,806,-0.07020956521419772,0.054640123195701946,9.521768177160567,806
MEX,placebo_random_001,placebo_fixed_nominal,all,14,0.06451612903225806,0.5167207017597681,62,-0.1814061908473293,0.04013343493689697,3.4628396239380392,806,-0.0030151648728264885,0.03517579544465859,229.54024317525477,806
MEX,placebo_random_002,placebo_fixed_nominal,all,14,0.04838709677419355,0.06572258822136272,62,-0.24739114016278319,0.05657288730926383,2.4388588944271907,806,-0.08169480424899896,0.0472300403083672,8.133097387854646,806
MEX,placebo_random_003,placebo_fixed_nominal,all,14,0.0967741935483871,0.11913978385975085,62,-0.15456074836240333,0.048147584378159324,4.128358932149707,806,0.018177658066285667,0.04298784776240698,,806
MEX,placebo_random_004,placebo_fixed_nominal,all,14,0.06451612903225806,0.012597491909305219,62,-0.2623529024766911,0.04969217330985706,2.2779182210687465,806,-0.0701236479714894,0.05292063743455916,9.533869602968391,806
MEX,placebo_random_005,placebo_fixed_nominal,all,14,0.08064516129032258,0.34947356345497466,62,-0.2781293017053172,0.046337018797463096,2.126810431280573,806,-0.09296454954684112,0.04867923647903841,7.103828862854006,806
MEX,placebo_random_006,placebo_fixed_nominal,all,14,0.04838709677419355,0.9787131585194861,62,-0.24478170379408662,0.045573984391107394,2.4689262273004693,806,-0.049796018373923175,0.054250692646696665,13.570207120850757,806
MEX,placebo_random_007,placebo_fixed_nominal,all,14,0.11290322580645161,0.002483279420685298,62,-0.214316935046146,0.051118518704876506,2.873723165963901,806,-0.03875771821108142,0.04866852938195623,17.535250222602876,806
MEX,placebo_random_008,placebo_fixed_nominal,all,14,0.03225806451612903,0.9969682098439543,62,-0.2679768965289887,0.06266656777495763,2.222030077927567,806,-0.02638632849898485,0.04609755768966996,25.921060600165227,806
MEX,placebo_random_009,placebo_fixed_nominal,all,14,0.0967741935483871,0.5910045806789489,62,-0.2653823642151472,0.057325163658590736,2.247521503075187,806,-0.045966954438182175,0.04800389735997436,14.7299580197655,806
MEX,placebo_random_010,placebo_fixed_nominal,all,14,0.06451612903225806,0.14109588279777785,62,-0.21245817509633888,0.05015436212011199,2.902154860606378,806,-0.0542533968654122,0.037890601517085065,12.426311140373151,806
MEX,placebo_random_011,placebo_fixed_nominal,all,14,0.06451612903225806,0.38409557036477104,62,-0.28807018124877043,0.056572563242433704,2.040012536790917,806,-0.08041341852286868,0.04380407450147579,8.26837967454455,806
MEX,placebo_random_012,placebo_fixed_nominal,all,14,0.14516129032258066,2.1037759049410912e-06,62,-0.231189502478083,0.05326686537164386,2.636435123917765,806,-0.029427489606231042,0.041581456998216484,23.206111977847407,806
MEX,placebo_random_013,placebo_fixed_nominal,all,14,0.11290322580645161,0.1858232484768936,62,-0.20867339050032824,0.05650742632067711,2.9616043618951577,806,0.01880815785653048,0.032508454286248746,,806
MEX,placebo_random_014,placebo_fixed_nominal,all,14,0.03225806451612903,0.9849303132560319,62,-0.3310658248393085,0.05961343320915782,1.7239481721054475,806,-0.05628149291451007,0.057020476086897094,11.965801872657615,806
MEX,placebo_random_015,placebo_fixed_nominal,all,14,0.08064516129032258,0.28210201508998034,62,-0.17856834172706387,0.05034082530744042,3.523762826603779,806,-0.03929461900798766,0.03366806982914813,17.29085901651892,806
MEX,placebo_random_016,placebo_fixed_nominal,all,14,0.0967741935483871,0.1739049818013479,62,-0.22746012752686384,0.03819086420641264,2.6858710074923517,806,-0.0621402008657155,0.060844696396452215,10.804290296155422,806
MEX,placebo_random_017,placebo_fixed_nominal,all,14,0.06451612903225806,0.7865822203282451,62,-0.24808741141647941,0.0584555539463041,2.430942162350067,806,-0.010339160995285092,0.052136019912408654,66.69377659479606,806
MEX,placebo_random_018,placebo_fixed_nominal,all,14,0.08064516129032258,0.4832698091305607,62,-0.23015887429735735,0.06304213864655223,2.6499377760373077,806,-0.044164862563729555,0.048839961975731344,15.345356898937366,806
MEX,placebo_random_019,placebo_fixed_nominal,all,14,0.08064516129032258,0.0003250689943238481,62,-0.2803308741960762,0.058403822303159936,2.1070626887622126,806,-0.06872961233785983,0.045010890220495606,9.734445291379807,806
MEX,placebo_random_020,placebo_fixed_nominal,all,14,0.06451612903225806,0.37925616938220547,62,-0.13974967224811985,0.03799569322592087,4.604654532082577,806,0.0001715132425246041,0.029651220123802904,,806
MEX,placebo_random_021,placebo_fixed_nominal,all,14,0.06451612903225806,0.01868020112929288,62,-0.26305454520320815,0.04726204348620513,2.2708164165718503,806,-0.063523662852324,0.042658509106453656,10.56127316699214,806
MEX,placebo_random_022,placebo_fixed_nominal,all,14,0.03225806451612903,0.9019526721304464,62,-0.23486408527699978,0.041445018971012236,2.5892511535578984,806,-0.050715325304613604,0.04147837378040893,13.317830935224013,806
MEX,placebo_random_023,placebo_fixed_nominal,all,14,0.11290322580645161,0.025977363039360338,62,-0.21471247043913042,0.0441678591208458,2.8677362113227463,806,-0.05989762562114383,0.03841252074325507,11.222056815858387,806
MEX,placebo_random_024,placebo_fixed_nominal,all,14,0.0967741935483871,0.006097631487198691,62,-0.29328291736574735,0.060922558367138745,1.9968238005196246,806,-0.028425508090714306,0.05748544376017673,24.036449937594316,806
MEX,placebo_random_025,placebo_fixed_nominal,all,14,0.08064516129032258,0.008367899260654753,62,-0.27766866422308256,0.059730758625605354,2.130981471004749,806,-0.048564203224145244,0.04251308861370773,13.923351373524612,806
MEX,placebo_random_026,placebo_fixed_nominal,all,14,0.03225806451612903,0.03475904511299682,62,-0.3465197872364106,0.0630259004427654,1.629236206590781,806,-0.08322275074511565,0.0561748808735166,7.977226469018131,806
MEX,placebo_random_027,placebo_fixed_nominal,all,14,0.0967741935483871,0.5572462846974452,62,-0.3260877711454441,0.0700699671575796,1.7563352209367116,806,-0.1264938979324535,0.05743872973547186,5.125305691548563,806
MEX,placebo_random_028,placebo_fixed_nominal,all,14,0.11290322580645161,0.019301722841212666,62,-0.32497320797539386,0.05888314633962927,1.76372028256083,806,-0.10456904692236609,0.05246343386124892,6.275655468248348,806
MEX,placebo_random_029,placebo_fixed_nominal,all,14,0.12903225806451613,0.002005803058297782,62,-0.20359624893943337,0.06400341458852131,3.0448066556714832,806,-0.007007028274602096,0.036118461788284824,98.57472476590335,806
MEX,placebo_random_030,placebo_fixed_nominal,all,14,0.08064516129032258,0.0197266071125366,62,-0.29407129392468684,0.05935747345865955,1.9904236487776004,806,-0.07111585437356759,0.057939939586183146,9.395897700145118,806
MEX,placebo_random_031,placebo_fixed_nominal,all,14,0.08064516129032258,0.11322048351181521,62,-0.2556810707205363,0.048743585922705224,2.3473783409777886,806,-0.0812826730893837,0.050905084024284175,8.176143107121769,806
MEX,placebo_random_032,placebo_fixed_nominal,all,14,0.12903225806451613,0.03146073590758442,62,-0.2518962246892251,0.06086781325043588,2.388403726260207,806,-0.08304313651572154,0.050985579417309565,7.995252204785129,806
MEX,placebo_random_033,placebo_fixed_nominal,all,14,0.08064516129032258,0.8143106576670779,62,-0.21873947225946502,0.05706099843467138,2.808007780943277,806,0.0003672070710718052,0.04168746013265156,,806
MEX,placebo_random_034,placebo_fixed_nominal,all,14,0.04838709677419355,0.8997704069346959,62,-0.21743714661022434,0.04604375149905667,2.8270831706445723,806,-0.062137437450391915,0.049159278197704145,10.804786539363834,806
MEX,placebo_random_035,placebo_fixed_nominal,all,14,0.06451612903225806,0.9876797404466654,62,-0.2158770630179999,0.060518404508918856,2.850235246389407,806,-0.015603029613911166,0.045174775268481474,44.076402230500285,806
MEX,placebo_random_036,placebo_fixed_nominal,all,14,0.04838709677419355,0.47500867078309567,62,-0.33633321122386783,0.06043519093691961,1.690705643002822,806,-0.06959242701606315,0.05044709280639692,9.60935517758155,806
MEX,placebo_random_037,placebo_fixed_nominal,all,14,0.11290322580645161,0.24602755655462138,62,-0.3235382974682246,0.05641257016520182,1.7733016942028823,806,-0.11163122103940601,0.05192309607740094,5.85584993197863,806
MEX,placebo_random_038,placebo_fixed_nominal,all,14,0.14516129032258066,0.0003801663017857949,62,-0.232040310208649,0.05879760408293687,2.625378156345501,806,-0.06154238707628839,0.042597090696813444,10.91268095895004,806
MEX,placebo_random_039,placebo_fixed_nominal,all,14,0.08064516129032258,0.7930527603035351,62,-0.26617115448642514,0.04976208860395429,2.239719511305505,806,-0.09747402788038416,0.048632953096693465,6.758599587224659,806
MEX,placebo_random_040,placebo_fixed_nominal,all,14,0.11290322580645161,0.07209500403038688,62,-0.2327568589540293,0.06274021183330585,2.6161282901976692,806,-0.00021020642658424536,0.04427694735141785,3297.1129250121326,806
MEX,placebo_random_041,placebo_fixed_nominal,all,14,0.0967741935483871,0.29288556291932566,62,-0.2717984952447648,0.06526740404562191,2.185360661379651,806,-0.10632777231139248,0.055092255729148984,6.165900813737862,806
MEX,placebo_random_042,placebo_fixed_nominal,all,14,0.0967741935483871,0.09972953587427875,62,-0.19720559031773632,0.05840783483902322,3.1555942309415186,806,0.007691282017060298,0.034973738584363735,,806
MEX,placebo_random_043,placebo_fixed_nominal,all,14,0.11290322580645161,0.5193542132683151,62,-0.1779140656858762,0.050184534031813735,3.5380835836113103,806,0.003902512211274476,0.04810741701276768,,806
MEX,placebo_random_044,placebo_fixed_nominal,all,14,0.08064516129032258,0.3354505405824727,62,-0.3345457233599604,0.04311345859565144,1.7018711393222197,806,-0.05126569425207151,0.067209682965663,13.171069330649898,806
MEX,placebo_random_045,placebo_fixed_nominal,all,14,0.04838709677419355,0.542895617485655,62,-0.3042217862071859,0.05480436799772278,1.910947591561403,806,-0.058559335331056436,0.054709889833901626,11.486605089150242,806
MEX,placebo_random_046,placebo_fixed_nominal,all,14,0.03225806451612903,0.9172979477897453,62,-0.29571400771429657,0.035083278986686645,1.977196181888495,806,-0.1469671020419252,0.05293263520157821,4.360590987569878,806
MEX,placebo_random_047,placebo_fixed_nominal,all,14,0.04838709677419355,0.6987926151948177,62,-0.23575104984435852,0.05603450155785811,2.5780808550674967,806,-0.050880424605305556,0.045438906208618304,13.27347220416814,806
MEX,placebo_random_048,placebo_fixed_nominal,all,14,0.06451612903225806,0.5968472548636051,62,-0.28721981754004017,0.05178881762365173,2.047204989221644,806,-0.08229487211379073,0.044404725050368736,8.07119270681029,806
MEX,placebo_random_049,placebo_fixed_nominal,all,14,0.08064516129032258,0.014308920337276355,62,-0.23259587206407384,0.05594621263123391,2.618201525449129,806,-0.004650625313925506,0.03226986356361751,148.69702411051418,806
MEX,symk:A01,commodity_sym,all,14,0.0967741935483871,0.014076806249157227,62,-0.25645864145545116,0.050210000785496936,2.339098653188049,806,-0.10802651037508962,0.044019636972745274,6.063278956297671,806
MEX,symk:A02,commodity_sym,all,14,0.08064516129032258,0.7847060867598687,62,-0.09547551031809035,0.030504163106093465,6.907578551310594,806,-0.04972786286229285,0.020251654227560405,13.589289227501181,806
MEX,symk:A03,commodity_sym,all,14,0.06451612903225806,0.5585473056195905,62,-0.12365410368857063,0.06300675164452618,5.251337502657474,806,-0.05149555641856812,0.030594344822782883,13.110702684082959,806
MEX,symk:B,commodity_sym,all,14,0.06451612903225806,0.7759314951579193,62,-0.14409174769624214,0.038395596720379364,4.454899850327521,806,-0.037555644556730355,0.02639384138788878,18.107753372001604,806
MEX,symk:C10-12,commodity_sym,all,14,0.08064516129032258,0.7762934650082842,62,-0.2178330913121022,0.04676427886646423,2.821259706734203,806,-0.09413840816824241,0.03990170859347407,7.010781055471327,806
MEX,symk:C13-15,commodity_sym,all,14,0.06451612903225806,0.7070051212508114,62,-0.0887138810415017,0.03531283480082709,7.461350045276713,806,-0.03302572821771094,0.019282143426430004,20.639583388541123,806
MEX,symk:C16,commodity_sym,all,14,0.04838709677419355,0.9470384575400239,62,-0.10337724597015908,0.02013613532657398,6.352151203944291,806,-0.055704489276577285,0.01359610847193605,12.093407070240959,806
MEX,symk:C17,commodity_sym,all,14,0.03225806451612903,0.9932737650872914,62,-0.05593026524639663,0.029060611635065955,12.04316292207796,806,-0.0009213231860246338,0.018143516627501965,751.9921735733801,806
MEX,symk:C18,commodity_sym,all,14,0.016129032258064516,0.9998813851914407,62,-0.02680792030906409,0.015532792624135204,25.507916232978936,806,-0.004110673378530378,0.005875475653172306,168.2745107612855,806
MEX,symk:C19,commodity_sym,all,14,0.06451612903225806,0.5836711164282264,62,-0.11237813836868585,0.042052700375829255,5.814531759080024,806,-0.012194977939069896,0.028700493049997045,56.491457685963475,806
MEX,symk:C20,commodity_sym,all,14,0.016129032258064516,0.9990873658860843,62,-0.06963675005223892,0.03943250270966064,9.603012934123667,806,0.011832920458180593,0.03446486798761435,,806
MEX,symk:C21,commodity_sym,all,14,0.0967741935483871,0.2490665475315874,62,-0.10761674589587669,0.04051574183063462,6.08773693661313,806,-0.0410399545515779,0.02215087132089791,16.54057578976993,806
MEX,symk:C22,commodity_sym,all,14,0.03225806451612903,0.9786178152085265,62,-0.07884429046686386,0.03364142729651747,8.440025887730092,806,-0.014962575321815101,0.017551741500653993,45.9779485084091,806
MEX,symk:C23,commodity_sym,all,14,0.04838709677419355,0.04260449304853691,62,-0.221753345780239,0.05230235783131754,2.7647173642520437,806,-0.07642448459555844,0.035753413235409,8.718535063579404,806
MEX,symk:C24,commodity_sym,all,14,0.06451612903225806,0.6502820956860048,62,-0.12837277783778353,0.03172803466813334,5.044980025224201,806,-0.06094743167950298,0.020237936060309398,11.022663734101283,806
MEX,symk:C25,commodity_sym,all,14,0.016129032258064516,0.9925417252943809,62,-0.08899203013988469,0.041582445621875824,7.436911589402622,806,-0.029780486675266716,0.020998035519817444,22.926893447859936,806
MEX,symk:C26,commodity_sym,all,14,0.03225806451612903,0.45575752645862133,62,-0.027055409434786147,0.015645772251151425,25.271383460544097,806,0.0027463363292624535,0.009235152117832489,,806
MEX,symk:C27,commodity_sym,all,14,0.04838709677419355,0.9617931027128386,62,-0.09908871546631254,0.03867371870977605,6.6426182448272995,806,-0.018893342445044516,0.0280353263559323,36.33970183770537,806
MEX,symk:C28,commodity_sym,all,14,0.04838709677419355,0.11411342649358905,62,-0.14099999813017575,0.04829175679962296,4.560588227644968,806,-0.04414813977937691,0.02624054390812468,15.35130281220314,806
MEX,symk:C29,commodity_sym,all,14,0.08064516129032258,0.26124771117192425,62,-0.21377784368121527,0.04999548919586027,2.881918510117573,806,-0.08559851642283736,0.037479438576893793,7.745912347873765,806
MEX,symk:C30,commodity_sym,all,14,0.04838709677419355,0.16401102293644954,62,-0.036820215533026654,0.02248673475183919,18.476439376161533,806,-0.018472294941722395,0.009996467013929259,37.175958860408656,806
MEX,symk:C31_32,commodity_sym,all,14,0.04838709677419355,0.9711049952600334,62,-0.1335557117588249,0.042542012840147005,4.835096453582648,806,-0.054421970676338256,0.024332651968670894,12.386726442734808,806
MEX,symk:C33,commodity_sym,all,14,0.016129032258064516,0.9999993556872814,62,-0.02706318420984577,0.013422142297484996,25.264022957033365,806,-0.00834318917045609,0.006898103398635655,82.73234608590343,806
MEX,symk:D35,commodity_sym,all,14,0.03225806451612903,0.99592367675892,62,-0.12443298898858472,0.03257370212467612,5.216198486448105,806,-0.05254827689036147,0.020127491790928355,12.840982420406538,806
MEX,symk:E36,commodity_sym,all,14,0.04838709677419355,0.980544429837675,62,-0.06837057057564824,0.03744434103785803,9.787428691668888,806,-0.023919924801371204,0.013556193640185846,28.629844000265138,806
MEX,symk:E37-39,commodity_sym,all,14,0.06451612903225806,0.9998573898212745,62,-0.021774080485833038,0.008546025702383081,31.48574617102547,806,-0.006675578894695857,0.0058970428576531645,103.48630873880398,806
MEX,symk:F,commodity_sym,all,14,0.08064516129032258,0.11722248690898589,62,-0.23474642431979442,0.060840259983278314,2.5907392559753766,806,-0.09037218585418055,0.04169769899223675,7.317873176351113,806
MEX,symk:G45,commodity_sym,all,14,0.08064516129032258,0.4846746476447861,62,-0.23144720208441463,0.046957637690062545,2.6330775736090546,806,-0.1123926383700998,0.03866100070956953,5.81373507135645,806
MEX,symk:G46,commodity_sym,all,14,0.016129032258064516,0.995245036320467,62,-0.08671604310088478,0.03468567084936256,7.641485680591822,806,0.018434603387537263,0.022305784839532845,,806
MEX,symk:G47,commodity_sym,all,14,0.03225806451612903,0.7665139167874482,62,-0.23054341339486537,0.04447829262627069,2.6448857565569384,806,-0.10217443583619841,0.03829473571052102,6.4311609985110385,806
MEX,symk:H49,commodity_sym,all,14,0.08064516129032258,0.20845374307872702,62,-0.24811672823698236,0.04589884210615328,2.4306097919139327,806,-0.1003714494761885,0.03972275873920326,6.553138014725537,806
MEX,symk:H50,commodity_sym,all,14,0.06451612903225806,0.9014273797605039,62,-0.04958775914998636,0.0321758006767069,13.628680019254524,806,-0.019898204388157672,0.01964376952070724,34.48692526643152,806
MEX,symk:H51,commodity_sym,all,14,0.04838709677419355,0.9669592496521207,62,-0.1665834666045857,0.039808772006574795,3.8038669269580194,806,-0.07339605216189347,0.029641269337815336,9.092953696478274,806
MEX,symk:H52,commodity_sym,all,14,0.04838709677419355,0.8639877354044125,62,-0.1389415172136463,0.037344495159566664,4.6335581446522305,806,-0.05218196795728012,0.024203410093747386,12.933601131384473,806
MEX,symk:H53,commodity_sym,all,14,0.06451612903225806,0.9715342817943624,62,-0.055574733086173944,0.032618534241182204,12.12246766978295,806,-0.021038837923318433,0.01491586255163874,32.59827550384514,806
MEX,symk:I,commodity_sym,all,14,0.04838709677419355,0.8534369874215596,62,-0.1625237599184479,0.039746219584050856,3.9080844434899964,806,-0.06308439919598542,0.027557125516148872,10.637279188748316,806
MEX,symk:J58,commodity_sym,all,14,0.03225806451612903,0.9949007944761714,62,-0.07003266407763654,0.024914006528392704,9.546717021328774,806,-0.03761713781241839,0.014993995460881452,18.077578523525357,806
MEX,symk:J59_60,commodity_sym,all,14,0.04838709677419355,0.9967321176236151,62,-0.04792615129278491,0.020684404558042362,14.113407183915065,806,-0.021941479381998114,0.011740800134073782,31.24286715370104,806
MEX,symk:J61,commodity_sym,all,14,0.06451612903225806,0.8616515051403558,62,-0.15920075692695612,0.041586488538551306,3.997334187927336,806,-0.05461681538322907,0.032366715102560666,12.341277144776722,806
MEX,symk:J62_63,commodity_sym,all,14,0.016129032258064516,0.9991480766444572,62,-0.04086983236585131,0.017904799382160424,16.610889493200286,806,-0.011329046875606102,0.010457452125671519,60.835954140542505,806
MEX,symk:K64,commodity_sym,all,14,0.08064516129032258,0.6585579340916089,62,-0.1943877989940814,0.04531218794632522,3.2067463607468363,806,-0.08642563018445956,0.03336282468678398,7.668363627989738,806
MEX,symk:K65,commodity_sym,all,14,0.03225806451612903,0.8807652609080664,62,-0.15496615850980022,0.03282303185481993,4.116598943498832,806,-0.09049760659317502,0.02455302665301772,7.3072354678379225,806
MEX,symk:K66,commodity_sym,all,14,0.08064516129032258,0.16831998494618133,62,-0.11354335812924009,0.04463128556919939,5.751157973725504,806,-0.027701112355826576,0.030911409793337924,24.674162862114244,806
MEX,symk:L,commodity_sym,all,14,0.11290322580645161,0.20964521880571316,62,-0.2169122764546224,0.04253841684977819,2.834835425189166,806,-0.10390347091131329,0.03611601989909616,6.318159331650666,806
MEX,symk:M69_70,commodity_sym,all,14,0.03225806451612903,0.9919132157849728,62,-0.11125763112460323,0.038356404303596284,5.876724155913775,806,-0.03383240642142788,0.02353245895111458,20.139108462861333,806
MEX,symk:M71,commodity_sym,all,14,0.03225806451612903,0.9998709292807341,62,-0.08685438588189826,0.0420329445468659,7.628745105990846,806,-0.016298838152859308,0.024203917118227513,42.179875413925636,806
MEX,symk:M72,commodity_sym,all,14,0.08064516129032258,0.8717149006096733,62,-0.06115709087376686,0.028733525862458725,10.9836622832883,806,-0.016874469795578034,0.014494988504919497,40.729122476549165,806
MEX,symk:M73,commodity_sym,all,14,0.0,0.9999285673593638,62,-0.02466671765113896,0.012234556011955276,27.75248704422415,806,-0.009786527020803206,0.005485362083072219,70.47953454815607,806
MEX,symk:M74_75,commodity_sym,all,14,0.016129032258064516,0.9949892374938598,62,-0.04201640046970953,0.015613463565962625,16.148009467010482,806,-0.015100412542736981,0.008418892604392122,45.555080228693036,806
MEX,symk:N77,commodity_sym,all,14,0.03225806451612903,0.7754445993747667,62,-0.05132303047748393,0.01993839925909003,13.155961024710622,806,-0.009622063474064031,0.007405012533782563,71.69013752413073,806
MEX,symk:N78,commodity_sym,all,14,0.06451612903225806,0.8668543874238952,62,-0.12770975960082084,0.03437774899820924,5.073055893858809,806,-0.054277930342782686,0.01917583809483226,12.420534876646396,806
MEX,symk:N79,commodity_sym,all,14,0.04838709677419355,0.571366301029583,62,-0.02596889119952223,0.01768627918025937,26.343349635818978,806,-0.003787047232311123,0.007669966472665776,182.68424383998573,806
MEX,symk:N80-82,commodity_sym,all,14,0.016129032258064516,0.9999704753363862,62,-0.06762704083289078,0.018852609709826683,9.898938657553037,806,-0.03137034315134474,0.01033118354764801,21.747205356893765,806
MEX,symk:O84,commodity_sym,all,14,0.0967741935483871,0.6857973414890961,62,-0.04148410096839222,0.03195733749932063,16.3597221193826,806,-0.006221256395966619,0.015874315319464524,111.06901416705466,806
MEX,symk:P85,commodity_sym,all,14,0.12903225806451613,0.3150717254340939,62,-0.2245692694419556,0.04685295327876223,2.7253140870164234,806,-0.1067441346396801,0.04077396189452415,6.140446267242422,806
MEX,symk:Q86,commodity_sym,all,14,0.04838709677419355,0.7202114964902558,62,-0.050231747059409415,0.03312932407931922,13.449435754202282,806,-0.021405233689274526,0.011326574289702997,32.03431221186035,806
MEX,symk:Q87_88,commodity_sym,all,14,0.06451612903225806,0.349553709565777,62,-0.22667199651681202,0.04988531259973935,2.696525192869254,806,-0.09815496612401131,0.040559773611255914,6.709223641427738,806
MEX,symk:R90-92,commodity_sym,all,14,0.06451612903225806,0.40682770888166564,62,-0.06303665496369025,0.03352999212877697,10.645604199263023,806,-0.0187844534060205,0.014380075006184647,36.55237630707048,806
MEX,symk:R93,commodity_sym,all,14,0.0967741935483871,0.5911797272337643,62,-0.07850414782624922,0.03993805060478685,8.478138320864263,806,-0.02852922737497756,0.018232412211374793,23.947792141079002,806
MEX,symk:S94,commodity_sym,all,14,0.0,0.9993868062392881,62,-0.05613767314613909,0.01889555665985646,11.997362465248361,806,-0.013826747498336475,0.010101368146856264,49.78351381424482,806
MEX,symk:S95,commodity_sym,all,14,0.06451612903225806,0.7532614766228671,62,-0.22458073335289044,0.049552795097286585,2.7251556796321785,806,-0.10076463795785749,0.03959870511961769,6.52616593432402,806
MEX,symk:S96,commodity_sym,all,14,0.11290322580645161,0.34357963244622425,62,-0.18948956859630398,0.04948427972850662,3.2992701147065495,806,-0.08344036944573377,0.04018322696614032,7.95549058229079,806
USA,PPa,PPa,all,14,0.1568627450980392,1.475575627041708e-07,51,-0.36072173608572106,0.08802784090580146,1.5492249498038049,663,-0.21541136204481146,0.13746217100457891,2.857211007713104,663
USA,PPb,PPb,all,14,0.11764705882352941,0.0012134146135700792,51,-0.25418029195331726,0.0789834554135966,2.3635008840115206,663,-0.13613450431934954,0.07673047067856814,4.736611405819009,663
USA,PPc_edu_years,PPc_edu_years,all,14,0.13725490196078433,0.0010897785811084,51,-0.25266358269389505,0.07867597809275634,2.3799875277042424,663,-0.13419853063019518,0.07591917115855215,4.810193471691529,663
USA,k:A01,commodity_open,all,14,0.1568627450980392,1.1445407646675979e-05,51,-0.1267490802139918,0.05226909679843428,5.114256643875869,663,-0.049007456340914544,0.028457989073279923,13.794232608978986,663
USA,k:A02+A03,commodity_open,all,14,0.21568627450980393,5.418502173934383e-05,51,-0.14176610651246527,0.06688636890438752,4.53397087165867,663,-0.07544909648561197,0.04483196496975561,8.835846961365506,663
USA,k:B,commodity_open,all,14,0.1568627450980392,0.007460062812451979,51,-0.15581983788672019,0.0476004742631729,4.092035309416799,663,-0.10059202183434796,0.05416261576480126,6.537981176264263,663
USA,k:C10-12,commodity_open,all,14,0.1568627450980392,6.890636819048043e-09,51,-0.12964097101441824,0.04763159796152996,4.992076334693031,663,-0.059911845572598724,0.03133817371459582,11.219309305286684,663
USA,k:C13-15,commodity_open,all,14,0.17647058823529413,1.6663467825518506e-06,51,-0.08380419562986414,0.03958670797762314,7.919403364098955,663,-0.04684715549849251,0.026281234640699393,14.44658395314738,663
USA,k:C16,commodity_open,all,14,0.0784313725490196,0.11005185633382276,51,-0.1858788437286539,0.06563895198126538,3.3705829404027807,663,-0.10781476270403405,0.05247752504675868,6.075894543425628,663
USA,k:C17,commodity_open,all,14,0.2549019607843137,3.675472213340038e-08,51,-0.1501332200165926,0.06270694056634314,4.260914833754843,663,-0.04938195887655499,0.03715880943543899,13.686946907689737,663
USA,k:C18,commodity_open,all,14,0.1568627450980392,0.0004092501958753988,51,-0.13971820441240396,0.05843644304859351,4.605773733559135,663,-0.0304987986096376,0.030030692237275926,22.378669616933504,663
USA,k:C19,commodity_open,all,14,0.17647058823529413,0.02039659518260278,51,-0.1053496686777418,0.04798628861121606,6.22648835234695,663,-0.027269309246217715,0.02409206208139184,25.070411689378453,663
USA,k:C20+C21,commodity_open,all,14,0.17647058823529413,0.0162979170282074,51,-0.1455442359531511,0.06939322902946964,4.406794929506673,663,-0.06107511085794734,0.05605560397054559,10.998880588987081,663
USA,k:C22,commodity_open,all,14,0.1568627450980392,0.004285435759204503,51,-0.12565370580590612,0.055111150252410555,5.162001488159636,663,-0.04287101745765005,0.03180027208445381,15.81909542374269,663
USA,k:C23,commodity_open,all,14,0.11764705882352941,0.07073854274646026,51,-0.16979399392398087,0.07518434348715206,3.7249673928772826,663,-0.08093255119702374,0.05367853238493591,8.213056370842715,663
USA,k:C24,commodity_open,all,14,0.17647058823529413,6.19382209118113e-07,51,-0.17982633126093503,0.058391824936723125,3.4965197874300125,663,-0.09211814171457822,0.05159478543543466,7.172390919966459,663
USA,k:C25,commodity_open,all,14,0.17647058823529413,0.012493965726805775,51,-0.18454513347505347,0.07201483463588715,3.3976270206486294,663,-0.08799944818030421,0.05429882134321765,7.52482830799114,663
USA,k:C26,commodity_open,all,14,0.09803921568627451,0.12295284155552298,51,-0.17133761365545253,0.06365080441768835,3.6880818587849213,663,-0.09696376262616097,0.04096234835945791,6.796053881415866,663
USA,k:C27,commodity_open,all,14,0.11764705882352941,0.10807753008569093,51,-0.08098141814717806,0.03851400387263922,8.207885186595767,663,-0.038879890967883884,0.023595550224222304,17.47904543300658,663
USA,k:C28,commodity_open,all,14,0.11764705882352941,0.21999165558534972,51,-0.17260838313773072,0.06926300100412149,3.658209738111196,663,-0.09011598377933165,0.053585692311587156,7.3396952089675604,663
USA,k:C29,commodity_open,all,14,0.17647058823529413,3.8279342758296137e-13,51,-0.1662499163059411,0.06838902925512971,3.8122382136300446,663,-0.07077924773662381,0.047532291358201605,9.442271399801562,663
USA,k:C30,commodity_open,all,14,0.19607843137254902,2.210293177282467e-06,51,-0.15382950547444774,0.06505033173130755,4.149726889209152,663,-0.043039519356487546,0.03443983388964815,15.755785933029967,663
USA,k:C31_32,commodity_open,all,14,0.27450980392156865,2.437241404226095e-09,51,-0.1520302732770894,0.07049105178827632,4.203175895901385,663,-0.0727912034979947,0.04357189849061811,9.171464437814267,663
USA,k:C33,commodity_open,all,14,0.11764705882352941,0.0546507751213782,51,-0.12664107810701708,0.0474269115066625,5.118927563157459,663,-0.05452371302730439,0.02836336766249911,12.362953601699463,663
USA,k:D35,commodity_open,all,14,0.1568627450980392,0.008847790003379326,51,-0.1081693025027865,0.04919623447966661,6.054799481845257,663,-0.02898522894347518,0.02455757582049303,23.56553477468591,663
USA,k:E36,commodity_open,all,14,0.09803921568627451,0.7754244716156238,51,-0.1119434771859837,0.04259186560791671,5.838509476024088,663,-0.026665122110315624,0.02245681642724552,25.646390179366197,663
USA,k:E37-39,commodity_open,all,14,0.11764705882352941,0.21542750359107937,51,-0.09575047385420578,0.044452746469842666,6.886712842680105,663,-0.00996848343951393,0.021222655135674347,69.18671260118413,663
USA,k:F,commodity_open,all,14,0.1568627450980392,0.0012938512325794025,51,-0.2357118983423052,0.08514706367254428,2.578572161914031,663,-0.1262224557952735,0.06534317806166094,5.137107724920534,663
USA,k:G45,commodity_open,all,14,0.19607843137254902,8.204073626178556e-07,51,-0.15660293882234078,0.06241030139589125,4.069737386399763,663,-0.05530508888596176,0.04023513005311549,12.183294025039794,663
USA,k:G46,commodity_open,all,14,0.13725490196078433,0.10268752558727243,51,-0.21119839667261872,0.07645870234794198,2.9217074945624555,663,-0.09471290452112759,0.061176439830304526,6.966082576751218,663
USA,k:G47,commodity_open,all,14,0.1568627450980392,0.005358296922090897,51,-0.16803511246458153,0.0649869530306951,3.767820096601391,663,-0.08249119688477266,0.05015778298915562,8.051134701227019,663
USA,k:H49,commodity_open,all,14,0.11764705882352941,9.802705886592506e-10,51,-0.18562164134289902,0.0729378705441129,3.37576818839519,663,-0.07068808333963736,0.05943718824250201,9.454906926112445,663
USA,k:H50,commodity_open,all,14,0.11764705882352941,0.18214906671315897,51,-0.12961641912603727,0.05043375124609327,4.993090726074226,663,-0.06906750606436111,0.042936254001350024,9.685085610161314,663
USA,k:H51,commodity_open,all,14,0.13725490196078433,7.660532161759545e-06,51,-0.06695795689649425,0.036640280486784506,10.001399780616563,663,-0.018238510015584974,0.017711833102589402,37.65695786433014,663
USA,k:H52,commodity_open,all,14,0.0784313725490196,8.712782165829601e-06,51,-0.05286933701266504,0.02798739414890574,12.760859716687891,663,-0.02447014851226056,0.017893629891533223,27.97823052761656,663
USA,k:H53,commodity_open,all,14,0.0784313725490196,0.8772404212381734,51,-0.08238152917076465,0.040706804806157675,8.062327395957002,663,-0.03556025812561369,0.028797868581655554,19.14352142458352,663
USA,k:I,commodity_open,all,14,0.11764705882352941,0.024582215300344913,51,-0.0905549221730533,0.03955104672893479,7.302383981240214,663,-0.020099834243088324,0.017485433170614375,34.13747232145836,663
USA,k:J58,commodity_open,all,14,0.23529411764705882,0.0023421452571456744,51,-0.22345766649056878,0.07684645728882643,2.7407508501133586,663,-0.09709542439690351,0.054223107328953295,6.786352045777624,663
USA,k:J59_60+J61,commodity_open,all,14,0.27450980392156865,5.624554361507474e-10,51,-0.16384886179765856,0.05792531793967717,3.873501434009449,663,-0.05863081480246594,0.036659747592993806,11.472170092975627,663
USA,k:J62_63,commodity_open,all,14,0.23529411764705882,0.0019665084201307267,51,-0.2048048544003195,0.06331642324026843,3.0246282307828443,663,-0.10567958895538791,0.05007500448621576,6.205926599937615,663
USA,k:K64,commodity_open,all,14,0.13725490196078433,0.024771886972025946,51,-0.13357874618813625,0.05535824070308587,4.834199960633498,663,-0.03141659269340823,0.026451263768331842,21.714674809749983,663
USA,k:K65,commodity_open,all,14,0.13725490196078433,0.01587169981327513,51,-0.10195105701018597,0.03960446881532871,6.446039283910191,663,-0.0030902064663807763,0.013389272202718709,223.9577360580709,663
USA,k:K66,commodity_open,all,14,0.27450980392156865,1.043130144395845e-07,51,-0.11685507347183939,0.04416682599598954,5.577932754948572,663,-0.014600645624596035,0.01744717497692333,47.126311784391156,663
USA,k:L,commodity_open,all,14,0.1568627450980392,5.612824644442845e-06,51,-0.17543245611805752,0.06757339667782929,3.59336840823213,663,-0.0677295021568748,0.040194218949949234,9.883426761768403,663
USA,k:M69_70,commodity_open,all,14,0.13725490196078433,0.11906625930141965,51,-0.1536541367890662,0.05542598336998436,4.154881571137348,663,-0.05574266158190643,0.03430622188260821,12.084883629903768,663
USA,k:M71+M72+M73+M74_75,commodity_open,all,14,0.17647058823529413,0.0029850433336602667,51,-0.17218320167558285,0.05836884862241606,3.668155602450125,663,-0.05272383699177369,0.031175988951022866,12.797049344793068,663
USA,k:N77,commodity_open,all,14,0.1568627450980392,0.13926969757031504,51,-0.1372765689442498,0.06006642258173317,4.69417550694763,663,-0.019368633999650643,0.02689550111267057,35.439393501928954,663
USA,k:N78+N79+N80-82,commodity_open,all,14,0.1568627450980392,0.0001908390061394316,51,-0.1072332723238372,0.04058477276742495,6.110794788620037,663,-0.039111241669904824,0.021258993903859123,17.373575930061655,663
USA,k:O84,commodity_open,all,14,0.13725490196078433,0.14847089137423147,51,-0.1808310707098953,0.0718264150345669,3.4750324219723043,663,-0.0462851764833372,0.0484295870348562,14.62626517812832,663
USA,k:P85,commodity_open,all,14,0.11764705882352941,0.008475460459029029,51,-0.16475755885231533,0.0735455796667225,3.850106520998793,663,-0.09049682364400072,0.053627400007233844,7.307301783211739,663
USA,k:Q86,commodity_open,all,14,0.21568627450980393,0.0005431451741210168,51,-0.24054461756016968,0.07341784533147994,2.5191271964715463,663,-0.10899477912368061,0.05883109740950042,6.006214885448992,663
USA,k:Q87_88,commodity_open,all,14,0.19607843137254902,5.833781072992335e-05,51,-0.18082306761457617,0.07088321032840009,3.4752026362277944,663,-0.07922049579075091,0.046605156477661634,8.398253635426482,663
USA,k:R90-92+R93,commodity_open,all,14,0.17647058823529413,0.020162346367344822,51,-0.13449352456248467,0.0497451380677763,4.798844864738,663,-0.04187903353017681,0.030161879285111715,16.20212957424884,663
USA,k:S94+S95+S96,commodity_open,all,14,0.11764705882352941,0.002062890508108635,51,-0.09839314187178737,0.04236749821066037,6.692114306349728,663,-0.020328741188901624,0.01890739176999911,33.74914623895205,663
USA,labour,labour,all,14,0.13725490196078433,0.011825905517885342,51,-0.23106911713732503,0.07427696649294066,2.6380061657014005,663,-0.1383964687094105,0.0674398319951856,4.653241987057429,663
USA,placebo_perm_000,placebo_perm,all,14,0.3137254901960784,8.880378228181915e-08,51,-0.25251702125046604,0.09156870333441959,2.381591058915503,663,-0.07676715137215014,0.08593579843388037,8.67802906668761,663
USA,placebo_perm_001,placebo_perm,all,14,0.21568627450980393,3.253840319235556e-05,51,-0.25579943858478144,0.06360344352866204,2.3461147219434615,663,-0.11892641285288695,0.06268500100803058,5.474485211414352,663
USA,placebo_perm_002,placebo_perm,all,14,0.13725490196078433,0.3100770356096663,51,-0.22229991431758273,0.06998485431879496,2.7569916144539452,663,-0.07925787575066517,0.06675471836137518,8.394124767900808,663
USA,placebo_perm_003,placebo_perm,all,14,0.2549019607843137,0.0006937273999696864,51,-0.24378413186772857,0.07361156286111452,2.4805895584422246,663,-0.0838792233264796,0.06293810462677155,7.9120004211537855,663
USA,placebo_perm_004,placebo_perm,all,14,0.17647058823529413,0.0003148958498602673,51,-0.2674142168547173,0.07604597453027968,2.2275168263205605,663,-0.07975105121365296,0.06744415997859293,8.34001241222655,663
USA,placebo_perm_005,placebo_perm,all,14,0.29411764705882354,4.933192449820213e-07,51,-0.2717994723117988,0.08666557746475693,2.1853514166966495,663,-0.09079280475192458,0.08157870107525969,7.282313787749823,663
USA,placebo_perm_006,placebo_perm,all,14,0.17647058823529413,0.07328137832473472,51,-0.18595266692030965,0.05999230712901867,3.369097290161899,663,-0.004964189539848308,0.039099883637529406,139.28261421689626,663
USA,placebo_perm_007,placebo_perm,all,14,0.19607843137254902,0.0016533541946736731,51,-0.2381711075335943,0.05828447864674493,2.5480232857695104,663,-0.09361331098973877,0.053201301046914964,7.052115523964521,663
USA,placebo_perm_008,placebo_perm,all,14,0.21568627450980393,0.0011010619407426708,51,-0.22203604681904762,0.0633366002000867,2.7607166627503563,663,-0.0480726205896076,0.04692804965003153,14.069332493284525,663
USA,placebo_perm_009,placebo_perm,all,14,0.0784313725490196,0.13642780686741873,51,-0.248695587610126,0.0756559093537902,2.4240630747826253,663,-0.07659628416753539,0.0630997548035503,8.698181681069496,663
USA,placebo_perm_010,placebo_perm,all,14,0.13725490196078433,0.0017406309347993163,51,-0.24827060489110075,0.07850749313837525,2.428866539841614,663,-0.07333768221586581,0.06928349467536475,9.100473820278077,663
USA,placebo_perm_011,placebo_perm,all,14,0.1568627450980392,0.08986799731892671,51,-0.23286611453019065,0.08505171136822602,2.614722887557018,663,-0.10579176605150513,0.08608439852738757,6.198964526272315,663
USA,placebo_perm_012,placebo_perm,all,14,0.09803921568627451,0.0029526323256737277,51,-0.20971012464527555,0.07138213212796986,2.9451075880020725,663,-0.05958991972679967,0.06848446459807868,11.2818313508688,663
USA,placebo_perm_013,placebo_perm,all,14,0.17647058823529413,0.006359728067858664,51,-0.20508622639586369,0.05988745169110164,3.019964511763188,663,-0.042433261823593416,0.05414919305485004,15.985918358205879,663
USA,placebo_perm_014,placebo_perm,all,14,0.19607843137254902,0.00012961041228903692,51,-0.2606219100224682,0.07764240774758042,2.2956008368220533,663,-0.08636187709367292,0.07917136710514909,7.674288207429282,663
USA,placebo_perm_015,placebo_perm,all,14,0.11764705882352941,1.360626010342845e-05,51,-0.23376859376989517,0.06630204099233922,2.6031638056232755,663,-0.08396123728514375,0.05714505449346144,7.903923273181105,663
USA,placebo_perm_016,placebo_perm,all,14,0.3137254901960784,1.8758118608078365e-05,51,-0.22939396999723613,0.07114209344306283,2.660037005102053,663,0.03003502264158328,0.03447524704579287,,663
USA,placebo_perm_017,placebo_perm,all,14,0.19607843137254902,4.95533420595168e-05,51,-0.22681744194273645,0.06055424236225578,2.6945534830298823,663,-0.06849211664429422,0.056945895648651976,9.769430103946117,663
USA,placebo_perm_018,placebo_perm,all,14,0.0784313725490196,0.1855429617670659,51,-0.2172657875727822,0.06431771397397483,2.829610023482767,663,-0.0634228934425363,0.06442167836169965,10.578616326665937,663
USA,placebo_perm_019,placebo_perm,all,14,0.09803921568627451,2.029777816054578e-05,51,-0.2540247309822775,0.07762598092586519,2.365182847371821,663,-0.116189653248899,0.07860794857591129,5.6119470782592815,663
USA,placebo_perm_020,placebo_perm,all,14,0.21568627450980393,0.011745703375655258,51,-0.18854857881896034,0.060987930812954866,3.3175928290055934,663,-0.02631919238075547,0.04154886120767483,25.98807312430928,663
USA,placebo_perm_021,placebo_perm,all,14,0.1568627450980392,2.062081213697786e-08,51,-0.27082333189151697,0.07541850826332418,2.194620261164411,663,-0.09592833770493331,0.07183713100310209,6.873279236325474,663
USA,placebo_perm_022,placebo_perm,all,14,0.09803921568627451,0.019122468139660082,51,-0.23773359351479906,0.05965038591614319,2.5534122925952287,663,-0.07436853232382305,0.04676711043077849,8.96939950326448,663
USA,placebo_perm_023,placebo_perm,all,14,0.19607843137254902,0.0021812328867379014,51,-0.28668303235291964,0.07038884366865052,2.051766884517717,663,-0.11080264759986984,0.0754086976554117,5.90233609285935,663
USA,placebo_perm_024,placebo_perm,all,14,0.21568627450980393,0.0006735889093737546,51,-0.19398789221346202,0.06295918386126052,3.214125861676656,663,-0.003394162890492445,0.04296164684852538,203.87064766588904,663
USA,placebo_perm_025,placebo_perm,all,14,0.21568627450980393,8.772079716458095e-05,51,-0.25476657995482005,0.08155338005123156,2.357180099564436,663,-0.019997959626518593,0.051107813439781866,34.31315467033869,663
USA,placebo_perm_026,placebo_perm,all,14,0.11764705882352941,0.0042643632721410364,51,-0.16933638451962169,0.06023115170119223,3.7360310037413047,663,-0.014012376890331494,0.048760313936975185,49.119392418332055,663
USA,placebo_perm_027,placebo_perm,all,14,0.17647058823529413,0.0006290915248413187,51,-0.17590890657874042,0.05941221716951362,3.5826335653721935,663,0.003522939798358643,0.04027817864078488,,663
USA,placebo_perm_028,placebo_perm,all,14,0.1568627450980392,0.0007589820455755167,51,-0.21006192497289244,0.06446950918527368,2.939546464548908,663,-0.0699758507044432,0.06471783014415751,9.554756313621041,663
USA,placebo_perm_029,placebo_perm,all,14,0.11764705882352941,0.037719557818492906,51,-0.1545256169737237,0.04896399812483827,4.1293809084399085,663,-0.03211523782606661,0.03305084517487064,21.234665584308836,663
USA,placebo_perm_030,placebo_perm,all,14,0.21568627450980393,6.468469660364947e-07,51,-0.2635931341901778,0.07271098387140013,2.265390407772237,663,-0.10466713136187501,0.0625131891295094,6.269437421216717,663
USA,placebo_perm_031,placebo_perm,all,14,0.17647058823529413,0.00014535658725606747,51,-0.24318737697946632,0.07565942803155887,2.4876120463286737,663,-0.11468414333426818,0.07124279456996714,5.69035910616866,663
USA,placebo_perm_032,placebo_perm,all,14,0.17647058823529413,0.035133317346006984,51,-0.27454562307426816,0.06795943909705357,2.1596256767190942,663,-0.10695100295598794,0.06594170690798563,6.127872870542153,663
USA,placebo_perm_033,placebo_perm,all,14,0.1568627450980392,0.14290131456934294,51,-0.2225870108584246,0.06929548602250504,2.7529486113350354,663,-0.0014788682060459595,0.04493233840917713,468.35445825534714,663
USA,placebo_perm_034,placebo_perm,all,14,0.13725490196078433,2.882475465558111e-05,51,-0.25091744545931055,0.0758582076774126,2.399212837963836,663,-0.06618652992967948,0.05914390615896139,10.122103381175174,663
USA,placebo_perm_035,placebo_perm,all,14,0.3333333333333333,9.727433643082315e-11,51,-0.25651836401646394,0.08731030559541764,2.33846477669726,663,-0.09648574985664775,0.09119068987497635,6.831499847394311,663
USA,placebo_perm_036,placebo_perm,all,14,0.13725490196078433,0.0009231000749983887,51,-0.15479776348161614,0.061790661989201044,4.121476224643514,663,-0.013468191820360008,0.04842082224307521,51.11813978893775,663
USA,placebo_perm_037,placebo_perm,all,14,0.17647058823529413,0.01730133294566227,51,-0.2411497978905979,0.08164758965366858,2.511849835095085,663,-0.08901661876047401,0.08733847877283125,7.434758550500647,663
USA,placebo_perm_038,placebo_perm,all,14,0.13725490196078433,0.0014453195488002173,51,-0.21643926947819453,0.05731296736770222,2.8418536957495553,663,-0.04918127244351754,0.04387579269617489,13.744235457885916,663
USA,placebo_perm_039,placebo_perm,all,14,0.09803921568627451,0.006822369263331558,51,-0.2266291142115222,0.06684173461727971,2.6971070006753353,663,-0.09373745713322659,0.06702471760058759,7.042301253678089,663
USA,placebo_perm_040,placebo_perm,all,14,0.19607843137254902,0.00013527510061412678,51,-0.22530948651725963,0.06656773870702684,2.71511870785066,663,-0.02032044207438708,0.04100277309973661,33.76307231746644,663
USA,placebo_perm_041,placebo_perm,all,14,0.11764705882352941,0.023948798361703275,51,-0.20351041399485073,0.06815858653823535,3.046248794470135,663,-0.06870033006056657,0.06692317789641797,9.738745712651701,663
USA,placebo_perm_042,placebo_perm,all,14,0.17647058823529413,0.031567146128178035,51,-0.19187956192518163,0.06603842458594815,3.253537356927047,663,-0.06430481756440663,0.05973900210116106,10.428673832952859,663
USA,placebo_perm_043,placebo_perm,all,14,0.19607843137254902,0.09735202190478395,51,-0.266127875259583,0.07927261194151752,2.2401464017980293,663,-0.17680274358089423,0.10043321995223806,3.5626501897510945,663
USA,placebo_perm_044,placebo_perm,all,14,0.21568627450980393,2.4783814260543977e-05,51,-0.2374238929646043,0.06618054004165727,2.5572388988093806,663,-0.057469691169416116,0.05398481898087319,11.7110989203014,663
USA,placebo_perm_045,placebo_perm,all,14,0.13725490196078433,0.550758450744471,51,-0.23194954792574024,0.05885977064519556,2.626553849635394,663,-0.06450192901427047,0.049508711375612656,10.395721855519787,663
USA,placebo_perm_046,placebo_perm,all,14,0.17647058823529413,1.3378137532522074e-06,51,-0.28405727133332814,0.089453119090196,2.0743276822514556,663,-0.04226004577203229,0.07507834142154494,16.05288291101578,663
USA,placebo_perm_047,placebo_perm,all,14,0.13725490196078433,0.00020475075382638978,51,-0.22325866668089522,0.06070674150094527,2.7435304722917597,663,-0.019881715280576688,0.04704893062645799,34.51581672600327,663
USA,placebo_perm_048,placebo_perm,all,14,0.27450980392156865,3.586261174758953e-10,51,-0.19237493258243096,0.06455525705094615,3.244199971551007,663,-0.024090373705447882,0.04261571772255447,28.424804424899527,663
USA,placebo_perm_049,placebo_perm,all,14,0.21568627450980393,8.556579354207558e-05,51,-0.19328714648774173,0.061642892513500275,3.227130074288947,663,-0.026940508953042203,0.032051921781091806,25.38065687492562,663
USA,placebo_random_000,placebo_fixed_nominal,all,14,0.09803921568627451,0.008346552232954194,51,-0.28114750050642423,0.06348975715691207,2.099815490436302,663,-0.12677144113997105,0.10209921416878062,5.113290562250916,663
USA,placebo_random_001,placebo_fixed_nominal,all,14,0.11764705882352941,0.042588244286968044,51,-0.2798847113006198,0.05492727995967896,2.1110398611999157,663,-0.1123081715899873,0.06320720367000644,5.8183788996802095,663
USA,placebo_random_002,placebo_fixed_nominal,all,14,0.1568627450980392,0.0801523106670619,51,-0.2912961195477324,0.07426031968127278,2.0131047220378546,663,-0.1533365398481828,0.11476695334552987,4.164246761436397,663
USA,placebo_random_003,placebo_fixed_nominal,all,14,0.23529411764705882,1.3223830574422747e-08,51,-0.3082347654596088,0.060556593518139114,1.8809523312881802,663,-0.07504723623929974,0.08977623979733508,8.88506601225066,663
USA,placebo_random_004,placebo_fixed_nominal,all,14,0.11764705882352941,0.005021483574387886,51,-0.3550532963073647,0.07678620673520103,1.5804076257914377,663,-0.163801851096057,0.11354964957385727,3.8747187916565307,663
USA,placebo_random_005,placebo_fixed_nominal,all,14,0.1568627450980392,0.002678813878115855,51,-0.321071358540606,0.06524671430719461,1.7899713926692646,663,-0.18796137651888348,0.10753235657270863,3.3291192667662233,663
USA,placebo_random_006,placebo_fixed_nominal,all,14,0.21568627450980393,0.0009875369670458273,51,-0.2160137745771866,0.04488893180942319,2.848193115293772,663,-0.04081300748560621,0.05005924463218651,16.634506533088338,663
USA,placebo_random_007,placebo_fixed_nominal,all,14,0.0784313725490196,0.00010667275483886834,51,-0.2485810534516303,0.07460899400916164,2.425356019456712,663,-0.07245536663125501,0.08825384101035337,9.215622508380353,663
USA,placebo_random_008,placebo_fixed_nominal,all,14,0.1568627450980392,7.271877518112458e-05,51,-0.2897889912614757,0.06254433004517025,2.0256021050524717,663,-0.14433001764930872,0.09472095519364897,4.446942352909745,663
USA,placebo_random_009,placebo_fixed_nominal,all,14,0.09803921568627451,0.0011619269483933187,51,-0.3563661463695481,0.08319778111366782,1.5730990387762271,663,-0.16780514266806038,0.13069107100275318,3.7734891897674716,663
USA,placebo_random_010,placebo_fixed_nominal,all,14,0.17647058823529413,5.8789896948924314e-06,51,-0.2760476192031028,0.05747976351644569,2.145769456943528,663,-0.0732292305842627,0.052020197067915566,9.114478059539257,663
USA,placebo_random_011,placebo_fixed_nominal,all,14,0.19607843137254902,3.469642766977068e-08,51,-0.29057360619334976,0.059831139312037415,2.0190799462372238,663,-0.07195393261989472,0.08436189764202745,9.282321215514527,663
USA,placebo_random_012,placebo_fixed_nominal,all,14,0.1568627450980392,1.482588421864331e-07,51,-0.33944342639683833,0.07723019722657613,1.6715532632088927,663,-0.18392144233418134,0.12979585459415433,3.410407883692676,663
USA,placebo_random_013,placebo_fixed_nominal,all,14,0.13725490196078433,2.760850637315178e-08,51,-0.3456537996807089,0.07569064446969094,1.634323516888058,663,-0.17871904693881205,0.13120962786035614,3.5204790043294323,663
USA,placebo_random_014,placebo_fixed_nominal,all,14,0.1568627450980392,7.126965173063185e-06,51,-0.27075071415817414,0.06805538308070871,2.1953124403927426,663,-0.12895483783533632,0.10798628203124452,5.020569955009815,663
USA,placebo_random_015,placebo_fixed_nominal,all,14,0.1568627450980392,0.00016168705544296645,51,-0.24664367731672251,0.05453703429477543,2.4474070443193634,663,-0.10965036108218774,0.07993401770145941,5.968150246178167,663
USA,placebo_random_016,placebo_fixed_nominal,all,14,0.13725490196078433,2.2543191352544416e-05,51,-0.3169975983312609,0.06619875137380213,1.8180580469166456,663,-0.1778444379441475,0.10107477964971945,3.539613773066754,663
USA,placebo_random_017,placebo_fixed_nominal,all,14,0.09803921568627451,0.0013267398416304695,51,-0.30705945627033426,0.06917951872321763,1.8896571568429785,663,-0.14398896436647027,0.11630583910914191,4.458340616213263,663
USA,placebo_random_018,placebo_fixed_nominal,all,14,0.1568627450980392,0.0014472139171782584,51,-0.29112685275818206,0.06348020402321473,2.014501938468958,663,-0.03698053491860637,0.06395097525897889,18.394818144104548,663
USA,placebo_random_019,placebo_fixed_nominal,all,14,0.1568627450980392,9.29021221738787e-05,51,-0.27421679910916835,0.05676641382565821,2.1626791918243384,663,-0.07258523303769795,0.07729669235813634,9.19849837654096,663
USA,placebo_random_020,placebo_fixed_nominal,all,14,0.13725490196078433,2.1703350228454753e-08,51,-0.3096376006657606,0.060111545468848546,1.8706476875636135,663,-0.1149013916103175,0.10644716591447519,5.678917390474318,663
USA,placebo_random_021,placebo_fixed_nominal,all,14,0.17647058823529413,0.0003290707126085058,51,-0.262762591412725,0.06899596172724917,2.273766914187154,663,-0.12500516324279473,0.07487536055736238,5.190663689821499,663
USA,placebo_random_022,placebo_fixed_nominal,all,14,0.1568627450980392,2.998870426357315e-06,51,-0.29951282226464926,0.06956336897741285,1.9471563109971302,663,-0.08107495235304438,0.06858075567968762,8.198004611071969,663
USA,placebo_random_023,placebo_fixed_nominal,all,14,0.11764705882352941,9.143533500839563e-08,51,-0.26337004373826894,0.06035775902281859,2.2676352621660785,663,-0.11176479759199816,0.09738941865849138,5.848420208629259,663
USA,placebo_random_024,placebo_fixed_nominal,all,14,0.17647058823529413,6.070006184790873e-07,51,-0.32919415151182896,0.0713125550357802,1.7360121715319392,663,-0.17394052002683455,0.13645955705383025,3.6273621194375627,663
USA,placebo_random_025,placebo_fixed_nominal,all,14,0.11764705882352941,1.1061582556354685e-07,51,-0.3391800894516321,0.07807667458768529,1.6731614920285547,663,-0.10943972814585035,0.10605711117795748,5.980330428700628,663
USA,placebo_random_026,placebo_fixed_nominal,all,14,0.11764705882352941,0.0033229419700812235,51,-0.28444088097647285,0.07565500812425055,2.0710059787540382,663,-0.20529901678971302,0.13192343101040654,3.0164459752615524,663
USA,placebo_random_027,placebo_fixed_nominal,all,14,0.1568627450980392,0.001222975596798273,51,-0.25080988701237045,0.05261172973719307,2.400405758837263,663,0.021740216609664215,0.057616824597996684,,663
USA,placebo_random_028,placebo_fixed_nominal,all,14,0.13725490196078433,4.100727230291334e-07,51,-0.2621312219636502,0.06652653535491174,2.2801698327508655,663,-0.10634999738661635,0.09474670578328372,6.164537041271969,663
USA,placebo_random_029,placebo_fixed_nominal,all,14,0.19607843137254902,8.119451751546922e-08,51,-0.26158852215363076,0.05301530591183794,2.2856980036035734,663,-0.04350330458746236,0.04733092940032969,15.584064885096893,663
USA,placebo_random_030,placebo_fixed_nominal,all,14,0.09803921568627451,0.0361492883262691,51,-0.3544724525559804,0.07625306363755881,1.5836580877055875,663,-0.19834814575673135,0.13548991192811996,3.1352654105699935,663
USA,placebo_random_031,placebo_fixed_nominal,all,14,0.13725490196078433,2.6609996678532016e-05,51,-0.36796016454031855,0.07842321698248816,1.5107734650045628,663,-0.1743199448491949,0.12415466150201833,3.6186619513125753,663
USA,placebo_random_032,placebo_fixed_nominal,all,14,0.11764705882352941,1.8616527004160984e-06,51,-0.23134699678096765,0.04305179623636618,2.6343822586263737,663,-0.04470368306809166,0.05136505633996648,15.1561555849204,663
USA,placebo_random_033,placebo_fixed_nominal,all,14,0.09803921568627451,8.184571362458614e-06,51,-0.28080137244165543,0.07099421525516558,2.102882132557901,663,-0.10058753186789803,0.08286216645642339,6.538289046424035,663
USA,placebo_random_034,placebo_fixed_nominal,all,14,0.23529411764705882,5.7625733740940976e-09,51,-0.3114371954737162,0.06733944048733796,1.857562670917556,663,-0.1485675061858531,0.11829935358116388,4.309677103741235,663
USA,placebo_random_035,placebo_fixed_nominal,all,14,0.1568627450980392,7.359579020862481e-07,51,-0.2926670111924577,0.07174362747147775,2.0018475163944984,663,-0.03872527555302656,0.07061721765647011,17.55023484050716,663
USA,placebo_random_036,placebo_fixed_nominal,all,14,0.13725490196078433,0.0001399753584337544,51,-0.282959391974048,0.06970915086156895,2.083883522998307,663,-0.1676183874771729,0.09038083176771762,3.7781043898180426,663
USA,placebo_random_037,placebo_fixed_nominal,all,14,0.17647058823529413,1.6763188771725296e-09,51,-0.32028666331418804,0.06355939399817122,1.7953267710581648,663,-0.092531554738518,0.09640782357915609,7.13874641355257,663
USA,placebo_random_038,placebo_fixed_nominal,all,14,0.19607843137254902,6.4901482845804375e-09,51,-0.28386038340869046,0.0768858626275918,2.0760359969217985,663,-0.07747418826579139,0.08546072736036756,8.595583335711902,663
USA,placebo_random_039,placebo_fixed_nominal,all,14,0.19607843137254902,1.6965929145466998e-05,51,-0.2600914936802354,0.060412152109817444,2.3010658920713087,663,-0.02810112126128779,0.06002437791645994,24.317955212038967,663
USA,placebo_random_040,placebo_fixed_nominal,all,14,0.21568627450980393,9.683875923626198e-05,51,-0.29899009482620587,0.06060717270238862,1.9512451527959846,663,-0.17797903268551302,0.1318035191936415,3.536656897903078,663
USA,placebo_random_041,placebo_fixed_nominal,all,14,0.1568627450980392,8.156435112921619e-07,51,-0.2664158294898522,0.05136374287948746,2.237308710534997,663,-0.028118840616058374,0.05857971937335495,24.302410534133546,663
USA,placebo_random_042,placebo_fixed_nominal,all,14,0.13725490196078433,3.5143776676145534e-08,51,-0.22739988698398836,0.0619629704938927,2.686682766508927,663,-0.06603128169366329,0.06524151187235529,10.146735518056795,663
USA,placebo_random_043,placebo_fixed_nominal,all,14,0.09803921568627451,0.22169905778929958,51,-0.35403223021027475,0.07832713671260336,1.5861285806223449,663,-0.20327969364674506,0.14377871837198766,3.0501312039008024,663
USA,placebo_random_044,placebo_fixed_nominal,all,14,0.0784313725490196,8.42632154060222e-06,51,-0.2863194795079021,0.05790920553468799,2.0548661618473916,663,-0.09606181227099198,0.1031928956561709,6.863230883915136,663
USA,placebo_random_045,placebo_fixed_nominal,all,14,0.0784313725490196,3.406414558510522e-05,51,-0.2155693694195494,0.04910674842486991,2.8548408467929995,663,-0.009016903157532537,0.049089720363690754,76.52488114542705,663
USA,placebo_random_046,placebo_fixed_nominal,all,14,0.19607843137254902,8.86353759812934e-08,51,-0.32231279034367216,0.07563891536066693,1.7815513349860397,663,-0.06536027770445219,0.09266695305681993,10.254544278875809,663
USA,placebo_random_047,placebo_fixed_nominal,all,14,0.09803921568627451,5.1247712068407845e-05,51,-0.3344958058619574,0.08163240153818564,1.7021846311167619,663,-0.14827651421798443,0.13093850135682758,4.318852910578286,663
USA,placebo_random_048,placebo_fixed_nominal,all,14,0.09803921568627451,7.128103986856695e-05,51,-0.2451890599791825,0.06199567733018609,2.4641906174322115,663,-0.11248608538087457,0.07405838994315214,5.8086056420492325,663
USA,placebo_random_049,placebo_fixed_nominal,all,14,0.11764705882352941,0.032893043511738024,51,-0.2820786983336017,0.05851535830240319,2.0916021775119606,663,-0.14705818106816063,0.08621839338052775,4.357663807782118,663
USA,symk:A01,commodity_sym,all,14,0.17647058823529413,0.1597632749572294,51,-0.20406166341900775,0.0713857342821917,3.037008107933944,663,-0.1085187466870058,0.059674222044681674,6.03414233425905,663
USA,symk:A02+A03,commodity_sym,all,14,0.13725490196078433,0.07222946130860951,51,-0.18783083143320392,0.07075438907980668,3.331691543053232,663,-0.1142788861639779,0.06486703082260842,5.7118187105879645,663
USA,symk:B,commodity_sym,all,14,0.11764705882352941,0.2656932335499012,51,-0.22342942505527408,0.04416065869357625,2.741145025807445,663,-0.18006934269170286,0.07078544456233801,3.491300838715465,663
USA,symk:C10-12,commodity_sym,all,14,0.1568627450980392,0.02226441920860963,51,-0.23258948627744744,0.07365213175376725,2.618283822220581,663,-0.1385278403712893,0.06941605058059212,4.648483500948457,663
USA,symk:C13-15,commodity_sym,all,14,0.09803921568627451,0.00672325120847655,51,-0.20770492530595036,0.07106099043822106,2.97716282861385,663,-0.11936362444334049,0.06453644155516908,5.4531080915189865,663
USA,symk:C16,commodity_sym,all,14,0.09803921568627451,0.005345069504039769,51,-0.2644065899943398,0.07899631130627265,2.257236781049236,663,-0.1639682610842973,0.07893766301749436,3.8704126788049398,663
USA,symk:C17,commodity_sym,all,14,0.13725490196078433,0.0005277215180166415,51,-0.2200831008093552,0.07709463949418609,2.788562674768404,663,-0.1086220909286329,0.0648478913879208,6.028058648131875,663
USA,symk:C18,commodity_sym,all,14,0.11764705882352941,0.00023988780477815396,51,-0.2571103997585166,0.08033130768802157,2.332196888574921,663,-0.11634243412609867,0.07170996250997196,5.604103004428106,663
USA,symk:C19,commodity_sym,all,14,0.17647058823529413,0.07134955210220625,51,-0.22490958560580407,0.08023531979426515,2.720618459629198,663,-0.11179843760752249,0.06102848084546298,5.84655189686824,663
USA,symk:C20+C21,commodity_sym,all,14,0.19607843137254902,0.004641471464508904,51,-0.22457944177633096,0.08395256980930638,2.725173525728086,663,-0.12094017105321851,0.0835980748444273,5.377305752646074,663
USA,symk:C22,commodity_sym,all,14,0.11764705882352941,0.01753784061544535,51,-0.22551589288681997,0.07804931090514615,2.712287629920165,663,-0.10605557687918987,0.06333406085766456,6.182649553872634,663
USA,symk:C23,commodity_sym,all,14,0.17647058823529413,0.000818004419797698,51,-0.2697389033384032,0.08492428770209383,2.2049952351960798,663,-0.14386256110614226,0.08213800318312589,4.4625788072836094,663
USA,symk:C24,commodity_sym,all,14,0.17647058823529413,0.03635800901597379,51,-0.23706104671258502,0.07300233399252723,2.561734793745277,663,-0.13083304190735504,0.07191510179944684,4.943281669736683,663
USA,symk:C25,commodity_sym,all,14,0.1568627450980392,8.544071470129508e-05,51,-0.25334599729331125,0.08476563578821666,2.3725454485767266,663,-0.12841188992497207,0.07557118623734857,5.043332843283267,663
USA,symk:C26,commodity_sym,all,14,0.11764705882352941,0.06813430394757027,51,-0.2315494529957392,0.06896306673120946,2.6317474108993104,663,-0.14898758586378827,0.06721165325299172,4.296493866196705,663
USA,symk:C27,commodity_sym,all,14,0.09803921568627451,0.05063008932086341,51,-0.20008454947685786,0.06643779154331081,3.1048131179786935,663,-0.11402813645945864,0.056224344327078166,5.725172961442479,663
USA,symk:C28,commodity_sym,all,14,0.13725490196078433,0.07069515724801828,51,-0.2689283356370278,0.08370981737539078,2.212804234824853,663,-0.15398779120294762,0.0844153241685266,4.145084388964541,663
USA,symk:C29,commodity_sym,all,14,0.0196078431372549,0.34867399000063604,51,-0.2451336389914893,0.07451322049111504,2.4648339812654245,663,-0.13976934569803662,0.07310805800409563,4.603955071393137,663
USA,symk:C30,commodity_sym,all,14,0.11764705882352941,0.12423487197912948,51,-0.22764480009134147,0.0769975016489442,2.683385150777194,663,-0.10280145675021973,0.05578424297568305,6.389743003970119,663
USA,symk:C31_32,commodity_sym,all,14,0.0784313725490196,0.006629626327674444,51,-0.24855913828925194,0.07551969252494521,2.425603548449531,663,-0.14807786161419323,0.07217177486299664,4.325137658806577,663
USA,symk:C33,commodity_sym,all,14,0.1568627450980392,0.0850387232125741,51,-0.22639795632757678,0.07239077078189382,2.7002470191670187,663,-0.1336451804201691,0.06418914995151892,4.83161608836684,663
USA,symk:D35,commodity_sym,all,14,0.17647058823529413,3.1565940990332235e-07,51,-0.2244367034756787,0.07943568932534402,2.727147041024094,663,-0.10833002649712499,0.06474411798863924,6.045281863281786,663
USA,symk:E36,commodity_sym,all,14,0.09803921568627451,0.049010504611167474,51,-0.22720421180947722,0.07361187642507667,2.689322498194103,663,-0.10934121110786942,0.06210003286613293,5.986043420363837,663
USA,symk:E37-39,commodity_sym,all,14,0.11764705882352941,0.0006170562154955672,51,-0.22345218508136436,0.07347953369567213,2.740827348333562,663,-0.11279842956018693,0.06330779544730973,5.791522260538767,663
USA,symk:F,commodity_sym,all,14,0.1568627450980392,0.08349225799936849,51,-0.29450338777742624,0.082697412620872,1.9869302121541987,663,-0.18743997888103608,0.09073925573355887,3.339414286353107,663
USA,symk:G45,commodity_sym,all,14,0.19607843137254902,6.174652560650808e-05,51,-0.2602909461229066,0.07967631601084985,2.2990082775804805,663,-0.15032767473995595,0.07448060979217018,4.25492951759974,663
USA,symk:G46,commodity_sym,all,14,0.17647058823529413,0.00020769703008652562,51,-0.26498825960909195,0.08344166499746844,2.25143686451729,663,-0.15331531739098525,0.08565503669072973,4.164873941526262,663
USA,symk:G47,commodity_sym,all,14,0.1568627450980392,0.0006184754024210709,51,-0.241585327069956,0.07622110673776124,2.506634944975867,663,-0.14446946583859077,0.07119656486691629,4.442297353775066,663
USA,symk:H49,commodity_sym,all,14,0.13725490196078433,0.3585754713307714,51,-0.26234808963863365,0.08837099994951846,2.277967065077714,663,-0.15818200302471844,0.09245150210245162,4.025444967537091,663
USA,symk:H50,commodity_sym,all,14,0.13725490196078433,0.09736574678672606,51,-0.25923276413987467,0.07862561120735487,2.309960660864403,663,-0.18953343495731229,0.09225061936461461,3.298420380366168,663
USA,symk:H51,commodity_sym,all,14,0.13725490196078433,0.003493155862725406,51,-0.19782471515631128,0.06527331955776527,3.144549489964977,663,-0.12138153723639916,0.06275006238078525,5.35643659549408,663
USA,symk:H52,commodity_sym,all,14,0.11764705882352941,0.22398443603080817,51,-0.14098792181913128,0.0563844405430812,4.5610101130573115,663,-0.0722383390349945,0.045897721661804836,9.244377033902618,663
USA,symk:H53,commodity_sym,all,14,0.13725490196078433,0.13735152605850184,51,-0.13132924945694144,0.0675865070503166,4.923231212211989,663,-0.07872174762356662,0.053431513465540086,8.453718683415127,663
USA,symk:I,commodity_sym,all,14,0.13725490196078433,0.014268798028737774,51,-0.21311253651136935,0.06800110506569883,2.8920894525318848,663,-0.1304144833064209,0.06170430557974369,4.960312957539001,663
USA,symk:J58,commodity_sym,all,14,0.11764705882352941,0.03773057078901997,51,-0.27417635909160665,0.0758221395674578,2.1630552253556123,663,-0.15646435512457285,0.07765081408261264,4.0736671900658274,663
USA,symk:J59_60+J61,commodity_sym,all,14,0.13725490196078433,0.004239903795225867,51,-0.233381747852787,0.07132721186704531,2.60810770952055,663,-0.13747964718916747,0.06838372185875657,4.6867033797233795,663
USA,symk:J62_63,commodity_sym,all,14,0.13725490196078433,0.01219236465350826,51,-0.24394887530875892,0.06989652508080992,2.4786568981576935,663,-0.1503914422924759,0.07160627639468264,4.252970114399017,663
USA,symk:K64,commodity_sym,all,14,0.09803921568627451,0.0011288482840598043,51,-0.2174277693547373,0.0689792704316218,2.827221344810887,663,-0.12109486474926379,0.06075288972631849,5.369974066663555,663
USA,symk:K65,commodity_sym,all,14,0.11764705882352941,0.007127664833442249,51,-0.2147836730710301,0.06764474945218465,2.866660793866268,663,-0.1114972977368791,0.05711594860991854,5.863316791260925,663
USA,symk:K66,commodity_sym,all,14,0.19607843137254902,0.005014958997938191,51,-0.2093802461625069,0.06285361488135996,2.950339068124223,663,-0.10250018449700807,0.05184444603282009,6.409580424547164,663
USA,symk:L,commodity_sym,all,14,0.17647058823529413,0.0021616503939509836,51,-0.25070482094734103,0.07934751941282962,2.4015720172581294,663,-0.1491332090051356,0.07366222707877876,4.291941112560069,663
USA,symk:M69_70,commodity_sym,all,14,0.1568627450980392,0.34886040570395616,51,-0.2297666470607825,0.06977420569820544,2.6551081083023353,663,-0.1286734324057243,0.06564193980776192,5.032343832819805,663
USA,symk:M71+M72+M73+M74_75,commodity_sym,all,14,0.1568627450980392,0.00024420068500485365,51,-0.23663265828702781,0.07102465255572549,2.567060421862032,663,-0.12345283148357487,0.06245346420506085,5.260489777012515,663
USA,symk:N77,commodity_sym,all,14,0.17647058823529413,1.5693966971658114e-05,51,-0.22433346344066146,0.07414631841035373,2.7285760045387515,663,-0.10386377243958955,0.06048560944705843,6.320711683049963,663
USA,symk:N78+N79+N80-82,commodity_sym,all,14,0.17647058823529413,6.877855301389539e-08,51,-0.18711290504622277,0.06523054228244705,3.345901541165044,663,-0.10995291847922826,0.05220267837587438,5.950735948819716,663
USA,symk:O84,commodity_sym,all,14,0.11764705882352941,0.0073789190463383015,51,-0.24029709680593045,0.07683295857035155,2.5221141465637653,663,-0.13520316201913846,0.07141383508989042,4.771747130337997,663
USA,symk:P85,commodity_sym,all,14,0.1568627450980392,0.0029607932549086786,51,-0.23795984785533766,0.07403189038203918,2.5506229853619287,663,-0.14780704922428584,0.07211769656929048,4.333732466785908,663
USA,symk:Q86,commodity_sym,all,14,0.1568627450980392,0.01107269795342926,51,-0.23144395486273292,0.07420161509022823,2.6331198352280505,663,-0.1388233419471305,0.06757434357089304,4.637812820846114,663
USA,symk:Q87_88,commodity_sym,all,14,0.17647058823529413,0.008802047364093676,51,-0.23025089823910874,0.07424559906328193,2.6487272527806467,663,-0.137762334966323,0.06717604769352076,4.676338677683045,663
USA,symk:R90-92+R93,commodity_sym,all,14,0.1568627450980392,0.0013578641167852911,51,-0.2201239483178803,0.07181133240884707,2.7879752226513466,663,-0.12955431196649167,0.06526781887451646,4.995658473011498,663
USA,symk:S94+S95+S96,commodity_sym,all,14,0.17647058823529413,0.0006333978696225875,51,-0.23291370318834553,0.0745482351967429,2.6141111431332043,663,-0.13821321901177935,0.06738902341491806,4.659894655702174,663
DEU,PPa,PPa,core,14,0.1509433962264151,0.026330586270483135,53,-0.37132540655788754,0.07974903608644601,1.4933962746917884,689,-0.14719857521709417,0.09230564981375701,4.353158773362763,689
DEU,PPb,PPb,core,14,0.20754716981132076,0.00032620652818659364,53,-0.3269651475622047,0.08028800633499579,1.7505566082191943,689,-0.13295289579291406,0.07735727922621295,4.858668103606313,689
DEU,PPc_edu_years,PPc_edu_years,core,14,0.22641509433962265,2.8391420441283988e-05,53,-0.3278267264985797,0.07965396232261485,1.7449116622506051,689,-0.13471064477143319,0.0771227822344885,4.790523804656131,689
DEU,k:A01,commodity_open,core,14,0.11320754716981132,0.6116426717007754,53,-0.07234138667883956,0.03407133849160817,9.23070249449078,689,-0.024518952717551064,0.019585380302849526,27.921845156514962,689
DEU,k:A02,commodity_open,core,14,0.07547169811320754,0.8608215975334363,53,-0.13177696157233515,0.050686307977054805,4.905269685417576,689,-0.04760428907180213,0.027120935591742997,14.211212738352927,689
DEU,k:A03,commodity_open,core,14,0.05660377358490566,0.9996376972120642,53,-0.03187358079603153,0.025973541829928403,21.398317526144922,689,0.0008046632208092915,0.01585479705965131,,689
DEU,k:B,commodity_open,core,14,0.1509433962264151,0.309784132778809,53,-0.06337520895912946,0.05631348438744456,10.586842395544839,689,0.02190897047625795,0.032811837738608206,,689
DEU,k:C10-12,commodity_open,core,14,0.09433962264150944,0.4463629627735615,53,-0.05605624880240358,0.03715474841843179,12.015302443362865,689,-0.006129007831864891,0.02351558658050998,112.74595673030662,689
DEU,k:C13-15,commodity_open,core,14,0.18867924528301888,0.00031556495666977975,53,-0.06113223162088334,0.043208652860847074,10.98827270372012,689,0.004992484644560049,0.015189717034362813,,689
DEU,k:C16,commodity_open,core,14,0.09433962264150944,0.1495274590878496,53,-0.1807539402005003,0.07078458835470636,3.476673501359081,689,-0.05770956575881775,0.03958477988088522,11.660951296471621,689
DEU,k:C17,commodity_open,core,14,0.22641509433962265,2.0210061705300097e-10,53,-0.18035183106016145,0.07235665742631459,3.485251690476302,689,-0.04413155320989703,0.03540665970444264,15.35720474372625,689
DEU,k:C18,commodity_open,core,14,0.09433962264150944,0.4568698042175614,53,-0.08928732743628681,0.04751869273043478,7.4111329818804395,689,-0.024990755193686987,0.0254587921463839,27.388108392583224,689
DEU,k:C19,commodity_open,core,14,0.1320754716981132,0.19013068109815065,53,-0.0358620949606317,0.015526993338531827,18.97944544900528,689,-0.005579222004049167,0.009807704459280232,123.89034994777775,689
DEU,k:C20,commodity_open,core,14,0.16981132075471697,0.16944819105112383,53,-0.09584574829676276,0.04369353535951681,6.879510810165874,689,-0.029161843591441562,0.023387893723307688,23.420693621371043,689
DEU,k:C21,commodity_open,core,14,0.1509433962264151,0.44396457070157946,53,-0.09105924575878972,0.044135178530489406,7.259958518189441,689,-0.03930809545333307,0.02376871813763074,17.284810569091224,689
DEU,k:C22,commodity_open,core,14,0.1320754716981132,0.23461137777251942,53,-0.19212834439914261,0.08030003641668451,3.248841990654938,689,-0.043655511676869575,0.04201337211104296,15.528503781554653,689
DEU,k:C23,commodity_open,core,14,0.07547169811320754,0.3251137236327685,53,-0.22428700134627846,0.0845979913470674,2.7292195211823795,689,-0.0532026319820377,0.04733790484813707,12.67870647445164,689
DEU,k:C24,commodity_open,core,14,0.11320754716981132,0.3396728167999137,53,-0.14314140855713958,0.06733636790410802,4.486901281958071,689,-0.0281437843088445,0.03505458244860217,24.280561322380358,689
DEU,k:C25,commodity_open,core,14,0.18867924528301888,0.001982007102726905,53,-0.1823439980524396,0.07968094915193774,3.4431220565122365,689,-0.042548327264559045,0.04644726884536533,15.941735918961362,689
DEU,k:C26,commodity_open,core,14,0.1509433962264151,0.0003318867058973353,53,-0.18819416990808613,0.06069099474814393,3.3245410978250542,689,-0.06721719661406915,0.03280630093068544,9.961458780565707,689
DEU,k:C27,commodity_open,core,14,0.1509433962264151,0.1720281239209961,53,-0.17571097458961935,0.07196175949640435,3.5870861004497927,689,-0.04538710817440732,0.042421212347481564,14.922639150053445,689
DEU,k:C28,commodity_open,core,14,0.1320754716981132,0.0924370803537892,53,-0.1626319568216216,0.070293170887197,3.905239611941944,689,-0.038382439716909245,0.03970873415986905,17.710131916646425,689
DEU,k:C29,commodity_open,core,14,0.20754716981132076,0.004193787458652517,53,-0.1378779640944783,0.06268503291449769,4.672111377719886,689,-0.03799878722408327,0.039839803738132853,17.892486232256452,689
DEU,k:C30,commodity_open,core,14,0.20754716981132076,0.04910295318353276,53,-0.1942758069044471,0.08493281376127386,3.2088099072840053,689,-0.044264790491948085,0.03792979547358307,15.309920379490032,689
DEU,k:C31_32,commodity_open,core,14,0.11320754716981132,0.0012263054797043884,53,-0.19769535525343662,0.07825823633634561,3.146851486199045,689,-0.05604885402935629,0.034543652104849186,12.016934292346248,689
DEU,k:C33,commodity_open,core,14,0.11320754716981132,0.3193157671401895,53,-0.15275127567467972,0.061264070577243555,4.181606581813434,689,-0.05360850100017611,0.04244263553391763,12.580043638314772,689
DEU,k:D35,commodity_open,core,14,0.11320754716981132,0.535785569585596,53,-0.19964695542424318,0.07460786469926962,3.1124377561794194,689,-0.0533998524984039,0.05266838034245535,12.630576796445881,689
DEU,k:E36,commodity_open,core,14,0.09433962264150944,0.0760021127979203,53,-0.1839892146366543,0.07875189861748813,3.409014893468835,689,-0.04995124526809045,0.0441654555810264,13.526941173772567,689
DEU,k:E37-39,commodity_open,core,14,0.1509433962264151,0.0005678996002038009,53,-0.18662504551506914,0.07672897045114375,3.3556199404386895,689,-0.05171269384873376,0.038884774170175614,13.05417062140945,689
DEU,k:F,commodity_open,core,14,0.20754716981132076,0.00030775123117999956,53,-0.3050166619395222,0.08958399574855946,1.904944399681781,689,-0.1167102492109852,0.06248261434024853,5.585302768204623,689
DEU,k:G45,commodity_open,core,14,0.22641509433962265,0.000130852259923269,53,-0.18372993841612387,0.07236717020494045,3.4143495839237117,689,-0.05160467042812187,0.03811341483674689,13.082235232665337,689
DEU,k:G46,commodity_open,core,14,0.2641509433962264,0.0034798590336038984,53,-0.13059906623979153,0.05233157479955419,4.952788784632855,689,-0.01818412762329507,0.032670776090775726,37.77061956966641,689
DEU,k:G47,commodity_open,core,14,0.07547169811320754,0.6653492730463391,53,-0.14081922622452853,0.06014482050994773,4.566911036173773,689,-0.0326949959496657,0.025511883975605564,20.851912108559915,689
DEU,k:H49,commodity_open,core,14,0.11320754716981132,0.10832575460018272,53,-0.040040485614248215,0.036064368386107826,16.962224260691805,689,-0.014026944164553684,0.020809320248011482,49.068019280499676,689
DEU,k:H50,commodity_open,core,14,0.09433962264150944,0.024823254403706432,53,-0.06803065109674918,0.0365056541265651,9.838105383437357,689,-0.03785271139314101,0.023134221028084715,17.96288923746049,689
DEU,k:H51,commodity_open,core,14,0.05660377358490566,0.9561693895986871,53,-0.02803084171193899,0.019786112650655958,24.37980297130625,689,-0.004271784762157944,0.008095004870225549,161.91490793112195,689
DEU,k:H52,commodity_open,core,14,0.16981132075471697,0.04483638905317824,53,-0.0957002567277529,0.057424560513498354,6.89051464632336,689,-0.03187588112283529,0.03589168948942331,21.39674803119304,689
DEU,k:H53,commodity_open,core,14,0.16981132075471697,0.000306839079512547,53,-0.12530955278828615,0.07430143467280977,5.177174371109047,689,-0.035438782487847674,0.034329590138873135,19.210343234188144,689
DEU,k:I,commodity_open,core,14,0.07547169811320754,0.9264300228009854,53,-0.053729796196644475,0.03105957266824893,12.550847169278976,689,-0.01929580754913412,0.015603195498398604,35.574465848553835,689
DEU,k:J58,commodity_open,core,14,0.1509433962264151,0.0049223521593066335,53,-0.21361923760032012,0.0659359939114338,2.8843374945011893,689,-0.08852269765871715,0.035304938306300805,7.47823659758749,689
DEU,k:J59_60,commodity_open,core,14,0.1509433962264151,0.0026223549084584343,53,-0.19494384185478153,0.06603917216754177,3.1965357699215136,689,-0.06265264392730811,0.03675671639385998,10.713024248465464,689
DEU,k:J61,commodity_open,core,14,0.16981132075471697,5.3309735498985054e-05,53,-0.1391096728503234,0.05990658415968839,4.627516456316945,689,-0.04171289618234623,0.02881334112576006,16.268060884727287,689
DEU,k:J62_63,commodity_open,core,14,0.24528301886792453,1.110764020149434e-05,53,-0.2956302283597893,0.0793943243453647,1.9778672762295593,689,-0.09603938231628584,0.04909889356758435,6.864917525277552,689
DEU,k:K64,commodity_open,core,14,0.24528301886792453,0.00010950819571938302,53,-0.2698793603500624,0.07713190528928496,2.203646796493784,689,-0.10338713383311433,0.04918237762173513,6.351509303934828,689
DEU,k:K65,commodity_open,core,14,0.16981132075471697,2.820444892738089e-07,53,-0.2068268093497801,0.08461073771101464,2.9913951343635157,689,-0.0736401833078206,0.05369372310509306,9.061630064833036,689
DEU,k:K66,commodity_open,core,14,0.18867924528301888,2.755304542499536e-06,53,-0.22204493820599183,0.0884856667896074,2.760590998726784,689,-0.05607538395468774,0.051390912755670634,12.011081771601557,689
DEU,k:L,commodity_open,core,14,0.3018867924528302,7.684658831278301e-08,53,-0.3086849945470245,0.0923830650667779,1.8776350698476183,689,-0.08857472132666999,0.0477828696421654,7.47363431703605,689
DEU,k:M69_70,commodity_open,core,14,0.22641509433962265,0.0034083449798565577,53,-0.3015839881323571,0.08117393579628716,1.931092962934574,689,-0.11616007526274,0.05488171225139295,5.613468051642038,689
DEU,k:M71,commodity_open,core,14,0.22641509433962265,0.015506503347980575,53,-0.22799688156393216,0.08881476251638934,2.678656908238942,689,-0.07023280582868023,0.0585507898787172,9.518499826774127,689
DEU,k:M72,commodity_open,core,14,0.1509433962264151,0.04609109416144509,53,-0.24318942329668344,0.06958807482491637,2.4875879072435945,689,-0.11109928190869178,0.041944252375800906,5.885614180872977,689
DEU,k:M73,commodity_open,core,14,0.20754716981132076,8.601897891447206e-09,53,-0.21509672112654027,0.0665574339284061,2.8619410350888415,689,-0.10538523885939144,0.051045585955739686,6.224265312716616,689
DEU,k:M74_75,commodity_open,core,14,0.18867924528301888,3.8654224555365384e-05,53,-0.219578296713198,0.06773758515097131,2.7958404957396934,689,-0.09273886281196234,0.03954274727995382,7.121988033782542,689
DEU,k:N77,commodity_open,core,14,0.1320754716981132,0.08667375161518127,53,-0.21375590523899443,0.056315621948602256,2.8822528920227954,689,-0.09296819879076997,0.04778751594860331,7.103535961675377,689
DEU,k:N78,commodity_open,core,14,0.09433962264150944,0.2248944584445656,53,-0.06899934689372025,0.034452680852362354,9.695003429193914,689,-0.011037295298431827,0.01838782079202895,62.453241582152735,689
DEU,k:N79,commodity_open,core,14,0.1509433962264151,0.2816142658456488,53,-0.02527868959855296,0.017220391777567852,27.07216553916267,689,-0.010419000921381252,0.007466336081555332,66.18004278024272,689
DEU,k:N80-82,commodity_open,core,14,0.16981132075471697,0.06895034897646049,53,-0.23531383677947743,0.07760115018743648,2.5835765991239437,689,-0.0980315397386641,0.04754596739155266,6.718122639455715,689
DEU,k:O84,commodity_open,core,14,0.20754716981132076,5.664954247654906e-10,53,-0.23383227442877616,0.07835681270133989,2.6023515221013884,689,-0.07948369036910005,0.05117365388575249,8.369264571342274,689
DEU,k:P85,commodity_open,core,14,0.18867924528301888,0.011042466065097898,53,-0.2478839986516204,0.07898202667143087,2.4332504402053114,689,-0.08991482424659047,0.05362696585095779,7.356916073304179,689
DEU,k:Q86,commodity_open,core,14,0.09433962264150944,0.6899967539421765,53,-0.12184542474247488,0.04620331634031644,5.334665278239402,689,-0.06067670199210753,0.03172061604345631,11.073424295812965,689
DEU,k:Q87_88,commodity_open,core,14,0.11320754716981132,0.9214210614763096,53,-0.06473964534651495,0.025537977476474658,10.35624859817069,689,0.009396414910710386,0.01991513183844352,,689
DEU,k:R90-92,commodity_open,core,14,0.1320754716981132,0.3414218943259804,53,-0.1121183721135483,0.0458675484160758,5.828839219860989,689,-0.0542471845673161,0.021658267567456254,12.427774618385326,689
DEU,k:R93,commodity_open,core,14,0.09433962264150944,0.125207672910516,53,-0.1510117834730558,0.06198181330721047,4.233994863418292,689,-0.03972795293110473,0.03569157605661475,17.098426839547383,689
DEU,k:S94,commodity_open,core,14,0.1509433962264151,0.1610181438816896,53,-0.2480899182103127,0.07649931568841038,2.43091373929876,689,-0.11334259577696615,0.05584850846709317,5.761984210041985,689
DEU,k:S95,commodity_open,core,14,0.07547169811320754,0.08824537106291855,53,-0.1091345476025125,0.04533635194921731,5.998061286258542,689,-0.05384872098944021,0.029411020895502377,12.522348937675414,689
DEU,k:S96,commodity_open,core,14,0.07547169811320754,0.8380025100988299,53,-0.11250172668759496,0.03768185944758735,5.807747901628428,689,-0.050145858676631426,0.023332508484354565,13.473075482850799,689
DEU,labour,labour,core,14,0.16981132075471697,5.661748293143146e-08,53,-0.28970898854967253,0.07924528930340831,2.0262690940157047,689,-0.12806596565915845,0.07119073567896829,5.0579360780803055,689
DEU,placebo_perm_000,placebo_perm,core,14,0.16981132075471697,0.137525174238638,53,-0.26756045649648164,0.07507305932883176,2.2260886298263474,689,-0.04035915093949745,0.06616589370604752,16.825520696299186,689
DEU,placebo_perm_001,placebo_perm,core,14,0.09433962264150944,0.7037770229706843,53,-0.26152647163344545,0.0557647932919836,2.2863315250678,689,-0.0747581195592817,0.05535951229178469,8.92080357265045,689
DEU,placebo_perm_002,placebo_perm,core,14,0.09433962264150944,0.6268364627767641,53,-0.32009930196059366,0.08617353092595195,1.7966092967190521,689,-0.15969783264467946,0.10538414295978596,3.9837480660368443,689
DEU,placebo_perm_003,placebo_perm,core,14,0.09433962264150944,0.9336798397592382,53,-0.2450428403981401,0.08321145945757968,2.4658886561507045,689,-0.05309985086605929,0.08697560132432147,12.703930844131513,689
DEU,placebo_perm_004,placebo_perm,core,14,0.16981132075471697,0.008529754395216898,53,-0.2498192835654344,0.0642207726877092,2.411440357962928,689,-0.06757260574347597,0.05741369189357354,9.90719885913286,689
DEU,placebo_perm_005,placebo_perm,core,14,0.20754716981132076,2.10276529815458e-05,53,-0.24592648724579338,0.07049825725506097,2.4556574579326793,689,-0.0786130070740047,0.059670671602261666,8.465904953353633,689
DEU,placebo_perm_006,placebo_perm,core,14,0.09433962264150944,0.3121432286043169,53,-0.3220263365297408,0.06480600676873023,1.7834885452153733,689,-0.12638141466160172,0.06488795367239873,5.130190210649661,689
DEU,placebo_perm_007,placebo_perm,core,14,0.18867924528301888,0.04828874171725819,53,-0.2315121921090313,0.06138527856796552,2.632231995534582,689,-0.08424209235422213,0.08314964975745431,7.876382315138205,689
DEU,placebo_perm_008,placebo_perm,core,14,0.11320754716981132,0.5957264656056395,53,-0.20323025305669984,0.057818274194309266,3.0509642987896473,689,-0.015334571420703736,0.06305112025754077,44.85413490263891,689
DEU,placebo_perm_009,placebo_perm,core,14,0.07547169811320754,0.678143581499426,53,-0.2803795860104522,0.08821429945744609,2.106629221569975,689,-0.14565336516894012,0.12277984861613889,4.403219346324039,689
DEU,placebo_perm_010,placebo_perm,core,14,0.1320754716981132,0.605610788600305,53,-0.24455837858066226,0.06952809471041636,2.471529079015822,689,-0.09621385657419208,0.07428066760936866,6.851818485015049,689
DEU,placebo_perm_011,placebo_perm,core,14,0.16981132075471697,0.17896061008684128,53,-0.29252978759137177,0.0778940310765797,2.00296964510815,689,-0.1596081763370525,0.07701232688266162,3.986192322942234,689
DEU,placebo_perm_012,placebo_perm,core,14,0.20754716981132076,4.2343421147930695e-05,53,-0.19684953714736447,0.09923063182507877,3.161977287097331,689,-0.07269381735515594,0.0756334162689909,9.18422743492571,689
DEU,placebo_perm_013,placebo_perm,core,14,0.09433962264150944,0.6382643183736867,53,-0.27416836944014683,0.06203404264608895,2.1631295305213243,689,-0.09104894323031494,0.05113682888653881,7.260820504095092,689
DEU,placebo_perm_014,placebo_perm,core,14,0.20754716981132076,0.005049797931582809,53,-0.21090208354887058,0.06815997556540614,2.9263402314469062,689,-0.02306633585061007,0.05445116151112676,29.702242684120435,689
DEU,placebo_perm_015,placebo_perm,core,14,0.11320754716981132,0.010618285601232135,53,-0.2651097789068127,0.07325530907663337,2.2502283613744862,689,-0.12086616126885322,0.08445566603837894,5.380820063408927,689
DEU,placebo_perm_016,placebo_perm,core,14,0.16981132075471697,0.035222055144576075,53,-0.30837497195406754,0.08210168099709898,1.8799182737344537,689,-0.12090298244863933,0.07637747458919435,5.379071094494862,689
DEU,placebo_perm_017,placebo_perm,core,14,0.18867924528301888,0.0022131433726792545,53,-0.3066493052389038,0.06553337490925777,1.892710397673283,689,-0.1381786173381595,0.0633262465582923,4.6611528060357434,689
DEU,placebo_perm_018,placebo_perm,core,14,0.22641509433962265,2.455547821403653e-05,53,-0.3668952023594148,0.07192824832009188,1.5163375516411515,689,-0.14175812301925467,0.05688711713467184,4.534246766573104,689
DEU,placebo_perm_019,placebo_perm,core,14,0.11320754716981132,0.3801850345874819,53,-0.20307418632082996,0.0634873465340479,3.0535967378668896,689,-0.022718265318764957,0.04061037270708496,30.162667102401358,689
DEU,placebo_perm_020,placebo_perm,core,14,0.18867924528301888,0.007732727099711547,53,-0.2321602270792873,0.06363567856570726,2.6238262080652945,689,-0.05796218591451247,0.06032898722273845,11.60858771468019,689
DEU,placebo_perm_021,placebo_perm,core,14,0.09433962264150944,0.6299616580618085,53,-0.2550213080150814,0.07726570792096284,2.354442851497154,689,-0.04605870500925449,0.0737475347532789,14.699914065911418,689
DEU,placebo_perm_022,placebo_perm,core,14,0.11320754716981132,0.13131962139828074,53,-0.24063565067927625,0.07565443239898685,2.518030191091617,689,-0.060311925870695046,0.06306180431353196,11.142538548895569,689
DEU,placebo_perm_023,placebo_perm,core,14,0.18867924528301888,0.005126850141767299,53,-0.2883714240910522,0.0707224332368443,2.0374746570268822,689,-0.12468379365625727,0.06868874887231989,5.20497685802061,689
DEU,placebo_perm_024,placebo_perm,core,14,0.16981132075471697,0.00047975912462118497,53,-0.27699338812573226,0.06907823356684539,2.1371208620378255,689,-0.11014098600051234,0.07844367461135693,5.939959506452138,689
DEU,placebo_perm_025,placebo_perm,core,14,0.18867924528301888,0.010106216738153241,53,-0.19750626649774664,0.05285973997564517,3.1502217751767265,689,-0.025885885262870435,0.037416346405287945,26.428943604133984,689
DEU,placebo_perm_026,placebo_perm,core,14,0.18867924528301888,4.263851677278219e-05,53,-0.260947507128362,0.08832898231206024,2.2922570096414576,689,-0.08927618659477178,0.08888958111781547,7.412102452202327,689
DEU,placebo_perm_027,placebo_perm,core,14,0.1320754716981132,0.002622233339865636,53,-0.18602596406046779,0.05439404065320798,3.3676233884156983,689,-0.07176205020656135,0.038285174157358236,9.308091101743527,689
DEU,placebo_perm_028,placebo_perm,core,14,0.11320754716981132,0.591816076390326,53,-0.2747568650914677,0.0737551125593032,2.1576678644163203,689,-0.04451179669476631,0.0758470855224244,15.223009451202238,689
DEU,placebo_perm_029,placebo_perm,core,14,0.20754716981132076,0.0032382947488825346,53,-0.3263467956056482,0.08049878641706378,1.7546260423759346,689,-0.13724112847456027,0.08608556358883114,4.695481777019464,689
DEU,placebo_perm_030,placebo_perm,core,14,0.18867924528301888,0.0002240362530240024,53,-0.2986663634373053,0.0901618251821654,1.9537845078763814,689,-0.12853455939570377,0.0750061529286125,5.038173184047216,689
DEU,placebo_perm_031,placebo_perm,core,14,0.16981132075471697,0.02380861864167431,53,-0.21652551414581703,0.0670809870576629,2.840571762203151,689,-0.06759351899441546,0.05631880745794342,9.904023824328933,689
DEU,placebo_perm_032,placebo_perm,core,14,0.16981132075471697,0.00035029856470931606,53,-0.21259945783525488,0.07263811440668748,2.8999764285148113,689,-0.04807251866081528,0.058134381882995405,14.069363071737255,689
DEU,placebo_perm_033,placebo_perm,core,14,0.18867924528301888,0.006224648273305037,53,-0.2511287811138203,0.08055645721402178,2.396871886025277,689,-0.09535366022811978,0.09259718053032766,6.91686363577635,689
DEU,placebo_perm_034,placebo_perm,core,14,0.1509433962264151,0.45018551320999,53,-0.22968766697340112,0.07228300158981664,2.656151344358616,689,-0.07021321271721742,0.06782277521135605,9.521255082162495,689
DEU,placebo_perm_035,placebo_perm,core,14,0.18867924528301888,0.0003088461461556137,53,-0.31570133378306475,0.07717130070912999,1.8271449291066122,689,-0.09111306046128255,0.07919486150289055,7.25545914720458,689
DEU,placebo_perm_036,placebo_perm,core,14,0.11320754716981132,0.46012475403352654,53,-0.21110518031798448,0.06793739862580742,2.9231635001823224,689,-0.028715700785143964,0.0707530232409882,23.790007958250197,689
DEU,placebo_perm_037,placebo_perm,core,14,0.1320754716981132,0.05664672368652547,53,-0.2737309543529084,0.07830709765321602,2.1672041205932837,689,-0.05965511249254101,0.08840529956471639,11.269115624862478,689
DEU,placebo_perm_038,placebo_perm,core,14,0.22641509433962265,0.06361925352410785,53,-0.25407081619231187,0.06726261212720987,2.3646843498615397,689,-0.11832969930755707,0.06818354219318169,5.503915619502311,689
DEU,placebo_perm_039,placebo_perm,core,14,0.16981132075471697,0.051368298804410135,53,-0.29995312301233557,0.05234807949792818,1.9437231393291092,689,-0.12640914384905277,0.06147308856183446,5.128985281167484,689
DEU,placebo_perm_040,placebo_perm,core,14,0.1509433962264151,0.2761815983199472,53,-0.2439028754267019,0.06943857463056471,2.479196277373902,689,-0.07942377316233946,0.07084424701864414,8.37584715697027,689
DEU,placebo_perm_041,placebo_perm,core,14,0.18867924528301888,0.060213222562595724,53,-0.28862972236938306,0.07455702330539206,2.035302742480931,689,-0.08667043074919847,0.07244437486650851,7.645695225192806,689
DEU,placebo_perm_042,placebo_perm,core,14,0.22641509433962265,0.0016452426755982584,53,-0.30763181574345916,0.0727159585761972,1.8854098303373814,689,-0.08801759309374833,0.07228517345279557,7.523203365273218,689
DEU,placebo_perm_043,placebo_perm,core,14,0.1320754716981132,0.28246965233388305,53,-0.2165575823681118,0.06275543729379847,2.840095361775655,689,-0.06491240718453949,0.054918171305478436,10.327742497639088,689
DEU,placebo_perm_044,placebo_perm,core,14,0.1509433962264151,0.03231146589741759,53,-0.28424840341385293,0.07335987995573394,2.0726715475022504,689,-0.08095826069162668,0.07547208913273228,8.21033497042063,689
DEU,placebo_perm_045,placebo_perm,core,14,0.2641509433962264,4.939933940348725e-09,53,-0.26614477405946324,0.06622425311156568,2.239979701838182,689,-0.12084506434090746,0.06613036325900831,5.381822625780036,689
DEU,placebo_perm_046,placebo_perm,core,14,0.11320754716981132,0.14535038356920438,53,-0.30149842052620385,0.07494358332368238,1.9317522852072095,689,-0.10158249187276736,0.06896215487843509,6.470730697596095,689
DEU,placebo_perm_047,placebo_perm,core,14,0.11320754716981132,0.26217495442459937,53,-0.2432631820781239,0.08096321453242984,2.4867180915598177,689,-0.09705524438828234,0.09843660218847086,6.789310024688755,689
DEU,placebo_perm_048,placebo_perm,core,14,0.20754716981132076,0.017225885413680756,53,-0.2597412913635169,0.06091263230184671,2.304686267812234,689,-0.10346584517732295,0.06252615607699318,6.34640389409085,689
DEU,placebo_perm_049,placebo_perm,core,14,0.11320754716981132,0.12479706385855001,53,-0.2175378286927573,0.07927334527469768,2.8256003631857225,689,-0.06633166447053081,0.08124069909050798,10.099180150356746,689
DEU,placebo_random_000,placebo_fixed_nominal,core,14,0.16981132075471697,0.3180308254020183,53,-0.35077987710251934,0.07869809418777854,1.6045688435098917,689,-0.13878525460170874,0.1228967474131306,4.639185624280122,689
DEU,placebo_random_001,placebo_fixed_nominal,core,14,0.22641509433962265,4.338968570263389e-05,53,-0.3399604769637866,0.09270997678591959,1.6684026965768213,689,-0.13867058425532586,0.1175657964707209,4.643323295395881,689
DEU,placebo_random_002,placebo_fixed_nominal,core,14,0.1320754716981132,0.7685428940842692,53,-0.26445126650598166,0.08047030622042181,2.2567904084785972,689,-0.050926762273643116,0.08484897027349407,13.261073918824966,689
DEU,placebo_random_003,placebo_fixed_nominal,core,14,0.11320754716981132,0.3424184538744378,53,-0.36491248911430973,0.08202461530755926,1.5267812032622075,689,-0.13174383848281815,0.1033465206781911,4.9065943588674115,689
DEU,placebo_random_004,placebo_fixed_nominal,core,14,0.11320754716981132,0.45287654924203596,53,-0.3083723842880481,0.05907534722506944,1.8799373500103251,689,-0.08905843707321619,0.08911649490610028,7.431099566517731,689
DEU,placebo_random_005,placebo_fixed_nominal,core,14,0.1320754716981132,0.003250349695615259,53,-0.38296245646698546,0.07588197477951587,1.4356062636318345,689,-0.20338678170625712,0.14268157548194144,3.0483281067712933,689
DEU,placebo_random_006,placebo_fixed_nominal,core,14,0.18867924528301888,0.01875351435891191,53,-0.38398473922063625,0.0782636896704008,1.430692935486753,689,-0.1849443762791121,0.09984325631421391,3.3894906974565937,689
DEU,placebo_random_007,placebo_fixed_nominal,core,14,0.07547169811320754,0.956409336924897,53,-0.3148739323219437,0.07498761226348652,1.8329836038217369,689,-0.1374702066589346,0.09064131935609568,4.687050249351978,689
DEU,placebo_random_008,placebo_fixed_nominal,core,14,0.1509433962264151,0.040250659522965596,53,-0.3751367177565281,0.06429565759135815,1.4740837063980143,689,-0.19084114954014061,0.11031257239751546,3.273267339585092,689
DEU,placebo_random_009,placebo_fixed_nominal,core,14,0.11320754716981132,0.8025436371774236,53,-0.3124106445045087,0.0775517618529208,1.850546585536667,689,-0.1406172427491548,0.1331867813622483,4.573994945890538,689
DEU,placebo_random_010,placebo_fixed_nominal,core,14,0.1320754716981132,0.5875374752566426,53,-0.25430556584653286,0.08070571782046493,2.362147875323107,689,-0.08154198462621766,0.08552022635943865,8.149008158375521,689
DEU,placebo_random_011,placebo_fixed_nominal,core,14,0.1320754716981132,0.43403427950466644,53,-0.3375330872426091,0.04330142520056825,1.683275844975708,689,-0.17020689283749413,0.0714238050547619,3.715035640394857,689
DEU,placebo_random_012,placebo_fixed_nominal,core,14,0.18867924528301888,0.0009428806696597083,53,-0.30750812414253,0.085331333952263,1.8863263915280095,689,-0.12600463432485823,0.09366769006028734,5.146615098986104,689
DEU,placebo_random_013,placebo_fixed_nominal,core,14,0.1509433962264151,0.06542615774519286,53,-0.31291658916104564,0.06756832118514756,1.846917011640617,689,-0.15046875187158895,0.08935734451904614,4.2505968234998734,689
DEU,placebo_random_014,placebo_fixed_nominal,core,14,0.16981132075471697,2.2772044360554633e-06,53,-0.4018197547495186,0.07738044421820041,1.3488944890051329,689,-0.19106224267431884,0.10502255711144944,3.269048643827117,689
DEU,placebo_random_015,placebo_fixed_nominal,core,14,0.11320754716981132,0.35014195377701735,53,-0.320039069600956,0.06435345433242551,1.7970219133307967,689,-0.136551634543301,0.09496751355423794,4.721029899114175,689
DEU,placebo_random_016,placebo_fixed_nominal,core,14,0.11320754716981132,0.09577844938095786,53,-0.3553025221090298,0.07611192065954343,1.57901612544009,689,-0.15273231045862495,0.09242509220823991,4.182171338707789,689
DEU,placebo_random_017,placebo_fixed_nominal,core,14,0.20754716981132076,0.01665807038265163,53,-0.20960599734366026,0.0765901849148706,2.946757153774891,689,-0.10499403423395048,0.06301355628185935,6.248797261679736,689
DEU,placebo_random_018,placebo_fixed_nominal,core,14,0.1320754716981132,7.985069759601873e-05,53,-0.287614649374557,0.06820688153842464,2.043860237216323,689,-0.14658981797912882,0.09644019397402948,4.372755135882918,689
DEU,placebo_random_019,placebo_fixed_nominal,core,14,0.11320754716981132,0.5469505172207276,53,-0.24941907227510157,0.0759797157448507,2.415923079764456,689,-0.0577685164479755,0.07780329167333457,11.648690933366769,689
DEU,placebo_random_020,placebo_fixed_nominal,core,14,0.1320754716981132,0.0019207961806445345,53,-0.36562451606573887,0.06451182667188086,1.5230179556447898,689,-0.17486643073788363,0.11688579476340061,3.606197219285555,689
DEU,placebo_random_021,placebo_fixed_nominal,core,14,0.11320754716981132,0.20294122994800742,53,-0.25089420232769144,0.05969718919545312,2.399470539471019,689,-0.07017210257653408,0.08322780907382882,9.527041140015466,689
DEU,placebo_random_022,placebo_fixed_nominal,core,14,0.09433962264150944,0.6961988752276027,53,-0.27584794348466635,0.06961609525754622,2.1476028979872357,689,-0.12336030731450343,0.09011933117666897,5.264707051927332,689
DEU,placebo_random_023,placebo_fixed_nominal,core,14,0.11320754716981132,0.8387297470557273,53,-0.3487771171914467,0.0699118610329894,1.6160918776077078,689,-0.1925372517313078,0.11317874180977688,3.2411507779264053,689
DEU,placebo_random_024,placebo_fixed_nominal,core,14,0.16981132075471697,0.25292737053708747,53,-0.24472809298126688,0.07609106031128689,2.469550630416068,689,-0.11212495512855736,0.0820160403810752,5.828475821470138,689
DEU,placebo_random_025,placebo_fixed_nominal,core,14,0.22641509433962265,0.0021215174374469626,53,-0.2601269976522698,0.09051167238471139,2.300699393054082,689,-0.07649747045285833,0.07405087330139316,8.709877143949335,689
DEU,placebo_random_026,placebo_fixed_nominal,core,14,0.11320754716981132,0.2482179259053478,53,-0.33947660298270615,0.060460120381689866,1.6713508238479067,689,-0.09370117519179912,0.07946142801344339,7.045166805142295,689
DEU,placebo_random_027,placebo_fixed_nominal,core,14,0.16981132075471697,0.172555063218489,53,-0.32203454109725754,0.0703336778789522,1.7834330127234281,689,-0.09191406492373158,0.0684532806534687,7.189110644987916,689
DEU,placebo_random_028,placebo_fixed_nominal,core,14,0.1320754716981132,0.011048286905025347,53,-0.35395713693684827,0.07489734242506763,1.5865505994258826,689,-0.16932453301409675,0.12376831267403186,3.736318329206244,689
DEU,placebo_random_029,placebo_fixed_nominal,core,14,0.11320754716981132,0.8868407557768646,53,-0.2606037642758712,0.07183551280367616,2.2957874341942652,689,-0.09897207751836083,0.06356475358305538,6.6508695375342555,689
DEU,placebo_random_030,placebo_fixed_nominal,core,14,0.09433962264150944,0.9278158717534772,53,-0.267149653968678,0.05800157139254966,2.2301045194663742,689,-0.03728841578060296,0.056945231333549035,18.24003885163637,689
DEU,placebo_random_031,placebo_fixed_nominal,core,14,0.11320754716981132,0.07963407694523478,53,-0.3243497654095214,0.07705433290937745,1.7678729798117634,689,-0.1286298001720234,0.09087004314113092,5.034173991238197,689
DEU,placebo_random_032,placebo_fixed_nominal,core,14,0.07547169811320754,0.3000671835025429,53,-0.4197687617215553,0.07360261846193282,1.2733984968682641,689,-0.18776723269681417,0.13999179108897125,3.3329459908295633,689
DEU,placebo_random_033,placebo_fixed_nominal,core,14,0.11320754716981132,0.12279561381411414,53,-0.3611827089585421,0.07092261921185769,1.5467312398562953,689,-0.16096951179490876,0.11375427767109937,3.9493712805053462,689
DEU,placebo_random_034,placebo_fixed_nominal,core,14,0.16981132075471697,0.25532782041897145,53,-0.2871091004899582,0.07709179492358957,2.048144542981801,689,-0.11128816003698022,0.06770485056042864,5.8750131102811265,689
DEU,placebo_random_035,placebo_fixed_nominal,core,14,0.07547169811320754,0.6103770344648107,53,-0.2586189357054102,0.07811082894455076,2.3163546152337,689,-0.08641743337988443,0.06169862767005156,7.669124868290537,689
DEU,placebo_random_036,placebo_fixed_nominal,core,14,0.09433962264150944,0.8948395854436858,53,-0.33401923140183465,0.0642233601252873,1.7051822507191257,689,-0.1780735574874747,0.10226059293184935,3.5345829707326466,689
DEU,placebo_random_037,placebo_fixed_nominal,core,14,0.11320754716981132,0.7716668271588248,53,-0.31037724983910875,0.07881132022398113,1.8652515210344296,689,-0.17026532651658333,0.0996384982169944,3.713633971875218,689
DEU,placebo_random_038,placebo_fixed_nominal,core,14,0.11320754716981132,0.028326894158981767,53,-0.2691526239308166,0.06847201453570571,2.2106387826255305,689,-0.0619011976921404,0.0617322021780812,10.847373281033246,689
DEU,placebo_random_039,placebo_fixed_nominal,core,14,0.09433962264150944,0.844508377493873,53,-0.3705966664487716,0.06770130305692156,1.4971331206509861,689,-0.1980822937315126,0.12831080429197733,3.139974719386702,689
DEU,placebo_random_040,placebo_fixed_nominal,core,14,0.20754716981132076,0.1343449561678169,53,-0.40359880421696975,0.07830135333529224,1.3411208741610237,689,-0.21332570020540778,0.14176536889133493,2.8888238241657067,689
DEU,placebo_random_041,placebo_fixed_nominal,core,14,0.16981132075471697,0.2077195320266105,53,-0.2778917226068551,0.09098198349074352,2.1289599843854368,689,-0.1036035658552772,0.09806272589815412,6.337489636478223,689
DEU,placebo_random_042,placebo_fixed_nominal,core,14,0.3018867924528302,0.0033272878983762644,53,-0.3817049979024144,0.07542912005002234,1.4416850969907729,689,-0.19262492766400746,0.11985504234452882,3.239505898656806,689
DEU,placebo_random_043,placebo_fixed_nominal,core,14,0.07547169811320754,0.9102081718626953,53,-0.32309295963613954,0.07394414969614636,1.7762924096097454,689,-0.13354892188521716,0.1080934277601634,4.835360772294533,689
DEU,placebo_random_044,placebo_fixed_nominal,core,14,0.1509433962264151,0.013924862725157939,53,-0.32753301378359045,0.06871854888828835,1.7468327444528495,689,-0.1620259299744665,0.11286259315967753,3.9212227522423087,689
DEU,placebo_random_045,placebo_fixed_nominal,core,14,0.11320754716981132,0.33514762426943007,53,-0.3569791196412878,0.06628220398087595,1.569704677212036,689,-0.13332435422412434,0.09063273011833284,4.844117967440203,689
DEU,placebo_random_046,placebo_fixed_nominal,core,14,0.11320754716981132,0.4513871551083735,53,-0.3069653888592945,0.0709169539662894,1.8903567008804942,689,-0.11200740425519717,0.1108539416537808,5.834971335539191,689
DEU,placebo_random_047,placebo_fixed_nominal,core,14,0.1320754716981132,0.7466877411037247,53,-0.31324082750213067,0.07208262253078368,1.8445970498664215,689,-0.14371038561990238,0.10091040088676761,4.467690987782348,689
DEU,placebo_random_048,placebo_fixed_nominal,core,14,0.1320754716981132,0.18860166080775315,53,-0.36296708027902447,0.0670724581006581,1.5371368413882536,689,-0.18330703729370526,0.10680833926515441,3.4230831672279116,689
DEU,placebo_random_049,placebo_fixed_nominal,core,14,0.1320754716981132,0.25526182218136434,53,-0.3630828608319169,0.06556795262087155,1.5365174890361113,689,-0.16664263372119467,0.08555330750596914,3.802385467722355,689
DEU,symk:A01,commodity_sym,core,14,0.18867924528301888,9.754582492490195e-05,53,-0.26983548441183874,0.07605890718313288,2.2040678722441807,689,-0.10857922280557963,0.05791567238955862,6.030580812050767,689
DEU,symk:A02,commodity_sym,core,14,0.16981132075471697,0.0005359072001241657,53,-0.26201861650853586,0.08282097085740621,2.281315013800448,689,-0.07361399486193561,0.05659330282900826,9.06498027159139,689
DEU,symk:A03,commodity_sym,core,14,0.18867924528301888,3.1745167157296565e-05,53,-0.17841108651704263,0.08246532198019228,3.527195264990838,689,-0.046761548137869,0.05500672085064497,14.473676361871911,689
DEU,symk:B,commodity_sym,core,14,0.16981132075471697,0.01287522115641801,53,-0.20384961055917536,0.08535465612149057,3.0405568994844994,689,-0.020115091738199576,0.06902151921411288,34.111314044170875,689
DEU,symk:C10-12,commodity_sym,core,14,0.20754716981132076,1.6428613164802435e-07,53,-0.2648192567159124,0.07685020930296318,2.2531194163843233,689,-0.11006027379530814,0.06789274862744155,5.944579884427615,689
DEU,symk:C13-15,commodity_sym,core,14,0.18867924528301888,1.4496781809056372e-06,53,-0.2909712930203492,0.09200225449955801,2.0157874263598887,689,-0.07864026081449267,0.06757310788013342,8.462847534732711,689
DEU,symk:C16,commodity_sym,core,14,0.16981132075471697,0.016718471636627444,53,-0.262602312956446,0.0787239804810132,2.2753894593952433,689,-0.10088200054524549,0.06493018023118227,6.518155758927145,689
DEU,symk:C17,commodity_sym,core,14,0.24528301886792453,3.5450666229988744e-07,53,-0.2630541054394265,0.07955814426613339,2.2708208559631125,689,-0.09455157583599633,0.06056054047011259,6.978579893643666,689
DEU,symk:C18,commodity_sym,core,14,0.2830188679245283,1.3242199514576689e-05,53,-0.2874417864777851,0.08948500110939184,2.0453234984321367,689,-0.1175967156208103,0.06646045002280881,5.540475178842959,689
DEU,symk:C19,commodity_sym,core,14,0.20754716981132076,0.0002886438121627709,53,-0.23628005135527017,0.06147867280479628,2.5714583396738355,689,-0.10679855754866889,0.04417794306366447,6.137133742220299,689
DEU,symk:C20,commodity_sym,core,14,0.24528301886792453,0.0005242679379931189,53,-0.22712011202128374,0.07524713650511956,2.6904584247034102,689,-0.08032536176856941,0.05554579371767644,8.277834661915785,689
DEU,symk:C21,commodity_sym,core,14,0.20754716981132076,1.5800714064271991e-10,53,-0.2804360514592432,0.07908165745311942,2.106126944287455,689,-0.11948626116775958,0.06394164504913129,5.447139919398819,689
DEU,symk:C22,commodity_sym,core,14,0.20754716981132076,0.00029194454168763575,53,-0.2646424712019846,0.08233166539095278,2.2548817286254543,689,-0.10046241841998166,0.06920601187113677,6.5468789413168365,689
DEU,symk:C23,commodity_sym,core,14,0.18867924528301888,4.297639778421825e-05,53,-0.25510473275314316,0.08069801182041789,2.353547567150996,689,-0.08340750462543087,0.06474514947232261,7.958765873992664,689
DEU,symk:C24,commodity_sym,core,14,0.20754716981132076,0.0001060950360138171,53,-0.23240905406963547,0.08011171318341508,2.6206109974663665,689,-0.07890105902114578,0.06332467180681856,8.433697042397299,689
DEU,symk:C25,commodity_sym,core,14,0.16981132075471697,0.0020224719265280753,53,-0.2571052412117463,0.08358048283482106,2.33225137856075,689,-0.09639240583600657,0.06947973901301902,6.838462554701227,689
DEU,symk:C26,commodity_sym,core,14,0.22641509433962265,1.493868643340954e-07,53,-0.28397219531270185,0.07965947430844673,2.075065564067789,689,-0.11357696839092345,0.06259033578980254,5.749349254494412,689
DEU,symk:C27,commodity_sym,core,14,0.1509433962264151,0.001954955371445393,53,-0.2548358174261664,0.08043341314745756,2.3564355528996543,689,-0.09178616283139879,0.06644002724304399,7.199627353623474,689
DEU,symk:C28,commodity_sym,core,14,0.24528301886792453,3.4597642144955146e-06,53,-0.2660318625782054,0.08270087206284375,2.241093927062163,689,-0.09816870977974124,0.06783379334437316,6.7082341120843445,689
DEU,symk:C29,commodity_sym,core,14,0.18867924528301888,0.0007331428618831911,53,-0.26891225829155274,0.08008704112919363,2.2129595953336336,689,-0.10427200980503484,0.06862453376322364,6.294557366590672,689
DEU,symk:C30,commodity_sym,core,14,0.20754716981132076,1.2871058939108309e-06,53,-0.2620599756209886,0.07735393411892791,2.280894284334925,689,-0.09638064758042934,0.05556810739607185,6.839340580832059,689
DEU,symk:C31_32,commodity_sym,core,14,0.16981132075471697,8.536624542006418e-07,53,-0.29130855069590944,0.08010208073669584,2.0130021721023823,689,-0.12337179014817307,0.07050995081130645,5.264183318201081,689
DEU,symk:C33,commodity_sym,core,14,0.20754716981132076,0.00024399361824050902,53,-0.2582627430444985,0.07570031421184523,2.3200787164598116,689,-0.09917004006567753,0.06443130781840165,6.636876589961197,689
DEU,symk:D35,commodity_sym,core,14,0.1509433962264151,0.0009584764493758598,53,-0.26898416953345095,0.08414739570093399,2.212264836964798,689,-0.09385365391732367,0.07546880576646499,7.033138916814004,689
DEU,symk:E36,commodity_sym,core,14,0.1320754716981132,2.6603895415519748e-05,53,-0.2837317233817846,0.08073331594852129,2.0771535932312855,689,-0.11748286072986022,0.07180591427256505,5.5461948786671265,689
DEU,symk:E37-39,commodity_sym,core,14,0.1509433962264151,4.419983979450129e-07,53,-0.291522644218736,0.08375574428739868,2.011237377944712,689,-0.11529379065512314,0.07075486558111976,5.65836022396456,689
DEU,symk:F,commodity_sym,core,14,0.18867924528301888,5.416594533523384e-06,53,-0.29630275568691367,0.0812501562956555,1.9724907311118987,689,-0.12055291102494446,0.07096991113164217,5.395742277458865,689
DEU,symk:G45,commodity_sym,core,14,0.24528301886792453,0.0006672693394621444,53,-0.28743157112661977,0.0817437688599535,2.0454100244594016,689,-0.11412092350858447,0.06833064233874438,5.720224543151825,689
DEU,symk:G46,commodity_sym,core,14,0.1509433962264151,0.003813413269100157,53,-0.27072234998776246,0.08068113600207333,2.195582902448806,689,-0.09814299641489663,0.06924658822278106,6.710085673985962,689
DEU,symk:G47,commodity_sym,core,14,0.1320754716981132,8.932632925496088e-07,53,-0.2836848161254767,0.07906961695994821,2.0775612992200823,689,-0.1219955832389305,0.07014051210661129,5.327653409881192,689
DEU,symk:H49,commodity_sym,core,14,0.1320754716981132,0.00023571265856914313,53,-0.18280848236431527,0.08908656756295981,3.433430822873897,689,-0.07452381963038675,0.06453862233816521,8.949968568395086,689
DEU,symk:H50,commodity_sym,core,14,0.1320754716981132,0.0009684319448478944,53,-0.16880488250146772,0.07104814235623101,3.7489561717950335,689,-0.08522245303703366,0.04405981432098486,7.781668823094701,689
DEU,symk:H51,commodity_sym,core,14,0.16981132075471697,0.5499735217582482,53,-0.07034271229563083,0.050856289865104154,9.503072815355864,689,-0.011231740274017724,0.020646985008323505,61.36602264232881,689
DEU,symk:H52,commodity_sym,core,14,0.18867924528301888,0.02371209671218426,53,-0.2245743176156744,0.07080801424203058,2.7252443297840325,689,-0.09107409203917312,0.06063610645787203,7.258716711044535,689
DEU,symk:H53,commodity_sym,core,14,0.20754716981132076,6.553397262536267e-05,53,-0.2824157398312625,0.07808074489218825,2.0886426235641236,689,-0.11916339047062437,0.06672981380145619,5.462878933637188,689
DEU,symk:I,commodity_sym,core,14,0.16981132075471697,0.0003223953175697877,53,-0.21022573612103013,0.08471069510972372,2.936963319270833,689,-0.08448681658402926,0.061784892277534885,7.8525335740719715,689
DEU,symk:J58,commodity_sym,core,14,0.18867924528301888,4.102006673774806e-06,53,-0.3195177564661972,0.0779312849639028,1.800599526016675,689,-0.14688660676683588,0.06944007652529477,4.363181032171664,689
DEU,symk:J59_60,commodity_sym,core,14,0.20754716981132076,2.5417349507768304e-08,53,-0.3008359023272518,0.08294347508299789,1.9368697035345106,689,-0.11452278802432372,0.06552770516505842,5.698885189376491,689
DEU,symk:J61,commodity_sym,core,14,0.22641509433962265,5.111789129348233e-07,53,-0.2947811783635189,0.08135899727277354,1.9846896455220535,689,-0.12496054631318006,0.06732655898828709,5.192646445952564,689
DEU,symk:J62_63,commodity_sym,core,14,0.2641509433962264,1.548938645473172e-10,53,-0.32921585171327894,0.07831357823158319,1.7358715283010602,689,-0.14098068415190618,0.07063595850672286,4.561262995221236,689
DEU,symk:K64,commodity_sym,core,14,0.22641509433962265,1.596064451948635e-09,53,-0.30503572315538663,0.07871629023059021,1.9048008214582235,689,-0.1357025135906433,0.07322022943080972,4.752848788477182,689
DEU,symk:K65,commodity_sym,core,14,0.20754716981132076,4.943360023931223e-07,53,-0.28938775014564583,0.08022814467274328,2.028950954368047,689,-0.12581722176167207,0.07274098190604451,5.154821502574911,689
DEU,symk:K66,commodity_sym,core,14,0.20754716981132076,1.4900428036110796e-08,53,-0.290307182677234,0.08090569921447566,2.0212907006945424,689,-0.12147412454981517,0.07209716540538885,5.352077995817624,689
DEU,symk:L,commodity_sym,core,14,0.18867924528301888,3.7531965001710615e-07,53,-0.3027808947347497,0.08115385440507246,1.921909023266124,689,-0.1309975347143078,0.07272812426368862,4.93661814162973,689
DEU,symk:M69_70,commodity_sym,core,14,0.24528301886792453,1.0631568818621629e-07,53,-0.32551073482808957,0.08028321058798579,1.760152432003458,689,-0.1415000339395416,0.07306240732303798,4.543182588748032,689
DEU,symk:M71,commodity_sym,core,14,0.16981132075471697,0.0006644024135423357,53,-0.27882834333712797,0.08423414781097795,2.1205067105550386,689,-0.10394216127187852,0.07248069600552402,6.315673669196415,689
DEU,symk:M72,commodity_sym,core,14,0.2641509433962264,5.8297926295541707e-08,53,-0.3054746051168087,0.08008416284020789,1.9014998420084197,689,-0.1336134599828977,0.06881806061045768,4.832849493204118,689
DEU,symk:M73,commodity_sym,core,14,0.22641509433962265,1.4199333994566891e-06,53,-0.34307001510125223,0.0792265232917388,1.6496519434597683,689,-0.16729940234966897,0.07816152083078835,3.7860110874130815,689
DEU,symk:M74_75,commodity_sym,core,14,0.16981132075471697,9.268069437629361e-06,53,-0.3004608220002169,0.07700307258987846,1.939776772934852,689,-0.13715521956187382,0.06747709033644324,4.698651016484631,689
DEU,symk:N77,commodity_sym,core,14,0.18867924528301888,3.339300363801189e-05,53,-0.2999727522363038,0.07001780656070725,1.943570315422311,689,-0.1269422724194458,0.06929916893196707,5.1059211803287345,689
DEU,symk:N78,commodity_sym,core,14,0.18867924528301888,0.14512316575271889,53,-0.21824517205030203,0.05949458891111969,2.815221229423308,689,-0.07169879885638576,0.050044950670423936,9.316615996848961,689
DEU,symk:N79,commodity_sym,core,14,0.07547169811320754,0.4748716871064534,53,-0.044383019085055105,0.0310847818305172,15.268200109179393,689,-0.016539551350655306,0.011824810716250153,41.560926350249886,689
DEU,symk:N80-82,commodity_sym,core,14,0.20754716981132076,7.947380373281837e-07,53,-0.32830201750759663,0.0819051569174081,1.7418100983295655,689,-0.14548543987995016,0.07609243923069,4.408723582282793,689
DEU,symk:O84,commodity_sym,core,14,0.16981132075471697,0.00010652579240849658,53,-0.28127792119099754,0.08372410010517263,2.098661919662277,689,-0.10464844579075766,0.07386820615045639,6.270621092158384,689
DEU,symk:P85,commodity_sym,core,14,0.22641509433962265,2.57700603420547e-10,53,-0.30143716554462485,0.08219540293491327,1.9322244988574178,689,-0.12950477845223124,0.07278052721232582,4.997708139854078,689
DEU,symk:Q86,commodity_sym,core,14,0.16981132075471697,2.2377061114220995e-08,53,-0.2959795663847225,0.07901514708946152,1.9750714680681656,689,-0.1340663490664727,0.07161672328927172,4.815294754218793,689
DEU,symk:Q87_88,commodity_sym,core,14,0.18867924528301888,3.54627304110641e-08,53,-0.2898168676036968,0.0792542145101738,2.0253697832781197,689,-0.12775202213790773,0.07112796147504884,5.07125758232879,689
DEU,symk:R90-92,commodity_sym,core,14,0.1509433962264151,0.00011963481291613936,53,-0.25930611641498524,0.07017455968055043,2.3091985928504113,689,-0.1271424285528283,0.05615327120327319,5.097311925048786,689
DEU,symk:R93,commodity_sym,core,14,0.18867924528301888,2.2959880541747016e-08,53,-0.2859357037875811,0.07928500198946531,2.0581462931607155,689,-0.1201466661292694,0.06722024989071804,5.4152101712014815,689
DEU,symk:S94,commodity_sym,core,14,0.18867924528301888,1.4656395105585373e-06,53,-0.3024479357201475,0.0771309917158082,1.9244566354302504,689,-0.1370282644320939,0.07193618189313662,4.70334174062998,689
DEU,symk:S95,commodity_sym,core,14,0.24528301886792453,5.802497597844151e-05,53,-0.32016462319538797,0.07646501826667447,1.7961619920353014,689,-0.15111597707389443,0.07372808607803476,4.230822990658573,689
DEU,symk:S96,commodity_sym,core,14,0.16981132075471697,6.800418384541389e-11,53,-0.29842873162645966,0.07863973938824378,1.95565195843055,689,-0.1346102350530024,0.07222284380417679,4.794368643641254,689
MEX,PPa,PPa,core,14,0.07547169811320754,0.8735997246974366,53,-0.23223708430651235,0.07733895710621717,2.6228323691824698,689,-0.021931209847524308,0.03923975731240533,31.257660469443824,689
MEX,PPb,PPb,core,14,0.03773584905660377,0.8836505838341869,53,-0.25872026438785023,0.07011934033107434,2.315297050667738,689,-0.06115438498789564,0.0481457112669265,10.984163937698701,689
MEX,PPc_edu_years,PPc_edu_years,core,14,0.03773584905660377,0.9396103136675986,53,-0.2501742291718017,0.06734891111030884,2.4074765573359063,689,-0.06539687821165951,0.04742850048780231,10.248606731268714,689
MEX,k:A01,commodity_open,core,14,0.05660377358490566,0.9585486393347707,53,-0.07619216275891477,0.031086818026804283,8.746204524049972,689,-0.017419073740162334,0.015261015295499808,39.444836107026525,689
MEX,k:A02,commodity_open,core,14,0.03773584905660377,0.9999245044488038,53,-0.04517908652567003,0.01674504537251045,14.99296933399997,689,-0.019117940224887768,0.008382517387540324,35.90868488766615,689
MEX,k:A03,commodity_open,core,14,0.07547169811320754,0.9414935299448528,53,-0.030118139701838516,0.021371426156518124,22.66593603733633,689,-0.005699328944867559,0.005198295503058406,121.27218287120436,689
MEX,k:B,commodity_open,core,14,0.05660377358490566,0.9343732533744341,53,-0.047654308990243185,0.02623256801637131,14.195926297901373,689,0.008984078151454716,0.01419384243400663,,689
MEX,k:C10-12,commodity_open,core,14,0.03773584905660377,0.9978812783747782,53,-0.017831061173513282,0.008994322195252206,38.525406202828755,689,-0.0034425017208061554,0.004085682107097622,201.0030700888239,689
MEX,k:C13-15,commodity_open,core,14,0.0,0.9999998658534344,53,-0.015671442941577293,0.008700998874057415,43.88246676019877,689,-0.004214036407206262,0.0037001712314102507,164.13851520945545,689
MEX,k:C16,commodity_open,core,14,0.018867924528301886,0.9997531917952556,53,-0.04549157390726344,0.014365533315951954,14.887562823256193,689,-0.020514014312399322,0.008239834766107934,33.441187771272844,689
MEX,k:C17,commodity_open,core,14,0.018867924528301886,0.9999955078632821,53,-0.00972603682665513,0.010462916823402335,70.92003809439035,689,0.006831713487970705,0.006614737122214957,,689
MEX,k:C18,commodity_open,core,14,0.018867924528301886,0.9999906940174145,53,-0.0056205777645090505,0.0054630281624073315,122.97621984720853,689,0.00223455825843203,0.0018996275762789405,,689
MEX,k:C19,commodity_open,core,14,0.018867924528301886,0.9999475879756926,53,-0.030421461015093583,0.02095945396204565,22.436451002526823,689,0.01287390367715176,0.012027236297537302,,689
MEX,k:C20,commodity_open,core,14,0.03773584905660377,0.9972660100779249,53,-0.011628008323416763,0.01953038717046345,59.26288879287804,689,0.01987843923778804,0.017281279796744403,,689
MEX,k:C21,commodity_open,core,14,0.07547169811320754,0.9830289548623272,53,-0.014915428381191085,0.007279170556280051,46.12438357735289,689,-0.0031275133293076868,0.0032301700401305136,221.28209484317426,689
MEX,k:C22,commodity_open,core,14,0.018867924528301886,0.994926559644204,53,-0.01692007274287795,0.011587373231170732,40.61841001123105,689,0.002863380651452158,0.005657425779352908,,689
MEX,k:C23,commodity_open,core,14,0.09433962264150944,0.3084562801562205,53,-0.07351395233006444,0.031971367804174804,9.077800367363858,689,-0.013578398038965038,0.018139112149954437,50.70042443139665,689
MEX,k:C24,commodity_open,core,14,0.0,0.9998944108233971,53,-0.05445109165549201,0.019010221767690398,12.379913041454158,689,-0.022481023041022275,0.010953584616268957,30.484659203888935,689
MEX,k:C25,commodity_open,core,14,0.018867924528301886,0.9999706585358176,53,-0.035156402198581745,0.017455892325918577,19.367460299040108,689,-0.009911759509263896,0.008516168988104231,69.58465071698323,689
MEX,k:C26,commodity_open,core,14,0.018867924528301886,0.9999996065920772,53,-0.003490773945612074,0.005948553313772882,198.21869768366457,689,0.00780972843062005,0.005429565368738316,,689
MEX,k:C27,commodity_open,core,14,0.0,0.9998564470382416,53,-0.021504909117553667,0.016551115600682603,31.884214866839063,689,0.006682956603537409,0.013050384547102082,,689
MEX,k:C28,commodity_open,core,14,0.1320754716981132,0.7570106870379358,53,-0.04897598288989018,0.02513577646178506,13.803323696184501,689,-0.008858397258634578,0.01195297303573362,77.90038321903289,689
MEX,k:C29,commodity_open,core,14,0.05660377358490566,0.9260772850087323,53,-0.07502905570020764,0.03567486329775272,8.887305188227096,689,-0.014731615722632603,0.018479074146914902,46.70424315712694,689
MEX,k:C30,commodity_open,core,14,0.11320754716981132,0.7199625624264738,53,-0.014768915063761278,0.010010567892147047,46.58541054637626,689,-0.007436428838984289,0.004358580411783323,92.86267904350593,689
MEX,k:C31_32,commodity_open,core,14,0.018867924528301886,0.9996661715532423,53,-0.037710891100672175,0.016713591611262953,18.031762987812264,689,-0.007857641866007419,0.007767569498015389,87.86610037848197,689
MEX,k:C33,commodity_open,core,14,0.0,0.9999999204604733,53,-0.014123209443213389,0.007009106743042989,48.73119302490244,689,-0.005913478757986036,0.0038531717376707295,116.86787547273283,689
MEX,k:D35,commodity_open,core,14,0.018867924528301886,0.9999866033710682,53,-0.05225268810647566,0.018774224001288184,12.915618898074872,689,-0.012106535799266342,0.010124119653866559,56.90668814345366,689
MEX,k:E36,commodity_open,core,14,0.0,0.9999999994154984,53,-0.019848103940143493,0.011042482518494351,34.57485762863714,689,-0.0008781693607840137,0.004333109036120416,788.9626040566975,689
MEX,k:E37-39,commodity_open,core,14,0.05660377358490566,0.998943041633723,53,-0.008053679776018475,0.0035289359742007747,85.71885713340897,689,-0.00273876827230424,0.0035562401285796127,252.740463275476,689
MEX,k:F,commodity_open,core,14,0.1509433962264151,0.3218681696966618,53,-0.09806099492697352,0.04559742472315073,6.715996897732211,689,-0.026408187806923705,0.025976125031329938,25.899315059755747,689
MEX,k:G45,commodity_open,core,14,0.03773584905660377,0.9987598911759145,53,-0.03816394998524225,0.017990272062941647,17.81353314874076,689,-0.008044386918178667,0.008804508146243863,85.8182808078737,689
MEX,k:G46,commodity_open,core,14,0.11320754716981132,0.20405942125325943,53,-0.02795034856829763,0.021060508088444188,24.451021033386905,689,0.02738442236088967,0.014818234589040713,,689
MEX,k:G47,commodity_open,core,14,0.018867924528301886,0.9993776617687229,53,-0.08641507658789889,0.034212278769458475,7.669343771153628,689,-0.02297492802052111,0.016901730668366956,29.82180538589303,689
MEX,k:H49,commodity_open,core,14,0.05660377358490566,0.9855124403196573,53,-0.06310996179769442,0.02928733274228217,10.632827094433033,689,-0.0033063742192478607,0.011814298435351518,209.29289916366793,689
MEX,k:H50,commodity_open,core,14,0.05660377358490566,0.9635744049759494,53,-0.018741017567766024,0.018142539798320277,36.63790166926352,689,-0.0022793175625152595,0.006273331625376491,303.75623837634225,689
MEX,k:H51,commodity_open,core,14,0.03773584905660377,0.993766941403726,53,-0.03617836476611035,0.013837462396061028,18.810460779263707,689,-0.010719313500737107,0.006716839534680693,64.31619680070072,689
MEX,k:H52,commodity_open,core,14,0.05660377358490566,0.9955071741685614,53,-0.04553593262520459,0.01742735019088765,14.872717222476677,689,-0.012990947674281743,0.00890953095677244,53.00883864453077,689
MEX,k:H53,commodity_open,core,14,0.05660377358490566,0.9542221360833295,53,-0.02112585520031628,0.012007190844796093,32.46256566502636,689,-0.0066230556890985925,0.005271006546944045,104.30974683609045,689
MEX,k:I,commodity_open,core,14,0.05660377358490566,0.9849116023316901,53,-0.03432788822464252,0.015132561840716643,19.84336394407214,689,-0.0031220727239607473,0.008587536412056809,221.66831137102704,689
MEX,k:J58,commodity_open,core,14,0.09433962264150944,0.8671829776688386,53,-0.02535049962950953,0.008686999560594502,26.99448838825349,689,-0.011452922181174517,0.0054191906227481525,60.17418689750629,689
MEX,k:J59_60,commodity_open,core,14,0.03773584905660377,0.9993226438557383,53,-0.00909662712437034,0.004766760702011945,75.85116096224615,689,-0.005583233434211766,0.0042845268467348995,123.8010879913176,689
MEX,k:J61,commodity_open,core,14,0.018867924528301886,0.9999946178992981,53,-0.04341543424177736,0.01873297665947066,15.616318087825992,689,-0.005911083254163943,0.009096760940728553,116.91537764655217,689
MEX,k:J62_63,commodity_open,core,14,0.07547169811320754,0.9931500353671291,53,-0.023617086833527638,0.012475371697738383,29.001439623139618,689,-0.005439706997633784,0.008691692146178414,127.07673560401147,689
MEX,k:K64,commodity_open,core,14,0.018867924528301886,0.9999876843268124,53,-0.036175689688823766,0.019071406838846176,18.811877698773,689,0.004117798768191639,0.010465618799722033,,689
MEX,k:K65,commodity_open,core,14,0.0,0.9999999726922251,53,-0.022660161504571084,0.00972783461274018,30.24090388786414,689,-0.013060062615086743,0.00654494842118668,52.726469310171076,689
MEX,k:K66,commodity_open,core,14,0.018867924528301886,0.999958450398208,53,-0.02906578986073538,0.016468469073476183,23.499248685273685,689,0.003039999087361134,0.01007214768175376,,689
MEX,k:L,commodity_open,core,14,0.018867924528301886,0.9966566760566118,53,-0.03321966598184382,0.01242702002921517,20.517042438526975,689,-0.006307627254404516,0.007437604994735219,109.54338140985747,689
MEX,k:M69_70,commodity_open,core,14,0.018867924528301886,0.9999833546663913,53,-0.053236389711757426,0.0231406644500519,12.67044295190222,689,-0.007524610966712823,0.01330116094889025,91.7703346162118,689
MEX,k:M71,commodity_open,core,14,0.03773584905660377,0.8975915269106072,53,-0.03428416912420563,0.023041267886598365,19.86911529776475,689,-0.003069150152884041,0.01431210092079909,225.49660810280662,689
MEX,k:M72,commodity_open,core,14,0.09433962264150944,0.8678206020491469,53,-0.029787014274382764,0.017405234015486232,22.92179247211277,689,-0.007458275523398735,0.006291215209424765,92.58964916925562,689
MEX,k:M73,commodity_open,core,14,0.018867924528301886,0.9999949059519515,53,-0.011359719823485227,0.005674387543274906,60.67074856705412,689,-0.0035927873478630006,0.0027461710046423555,192.58063487016173,689
MEX,k:M74_75,commodity_open,core,14,0.05660377358490566,0.9998230033504365,53,-0.020896974223441396,0.00815916530677008,32.82194555643032,689,-0.006850192320026374,0.00487942500009709,100.8395578862444,689
MEX,k:N77,commodity_open,core,14,0.05660377358490566,0.9999250794344149,53,-0.021728017076911875,0.013311231100331639,31.553236123176507,689,0.00702685003287972,0.004957375672403856,,689
MEX,k:N78,commodity_open,core,14,0.05660377358490566,0.9907629573003388,53,-0.05923223002649737,0.020538224660421305,11.35209598283467,689,-0.014874041907904804,0.01052769164643656,46.25369214451971,689
MEX,k:N79,commodity_open,core,14,0.018867924528301886,0.9999664388333166,53,-0.0044168428111430605,0.003065214171569374,156.58589624100068,689,-0.0002212567122657107,0.0017315583338631754,3132.426984481707,689
MEX,k:N80-82,commodity_open,core,14,0.07547169811320754,0.9185413741155981,53,-0.03868643190428338,0.014908939958143424,17.568209003727958,689,-0.010283484431881042,0.008878352208631096,67.05675114611306,689
MEX,k:O84,commodity_open,core,14,0.0,0.9999586796743504,53,-0.05087692796378149,0.02428414844314834,13.274408695255,689,-0.0065903255742998405,0.012581615270728496,104.82951455448179,689
MEX,k:P85,commodity_open,core,14,0.03773584905660377,0.9989870346398223,53,-0.01069516530335401,0.005714964658279642,64.46219916818073,689,-0.0046462740605714556,0.0044346071210783185,148.8366045120946,689
MEX,k:Q86,commodity_open,core,14,0.07547169811320754,0.9879562785346816,53,-0.026088937370639678,0.02192475651285661,26.220523963510914,689,0.01956597945420531,0.013483258003575326,,689
MEX,k:Q87_88,commodity_open,core,14,0.05660377358490566,0.9974524979918526,53,-0.07179014309504725,0.045218177118225046,9.304309611666913,689,0.021162644091681598,0.025023374796684345,,689
MEX,k:R90-92,commodity_open,core,14,0.03773584905660377,0.9994638964852126,53,-0.00387475675258755,0.002875832721124922,178.54112334325347,689,0.0007751640968989393,0.0013013081221559064,,689
MEX,k:R93,commodity_open,core,14,0.018867924528301886,0.9999982297291592,53,-0.004578404569814265,0.0030810589431747508,151.04807850090756,689,0.0005636269857290233,0.0015801666318848446,,689
MEX,k:S94,commodity_open,core,14,0.018867924528301886,0.9999999651236129,53,-0.0042497909777391984,0.0037595549600628565,162.75465626777077,689,0.004622724458112477,0.003487699535374793,,689
MEX,k:S95,commodity_open,core,14,0.018867924528301886,0.9999981637120978,53,-0.008750850336426823,0.005055070476885962,78.86204170621677,689,0.0003893966628736217,0.0032568225241070012,,689
MEX,k:S96,commodity_open,core,14,0.05660377358490566,0.9745190692432393,53,-0.006457220757061299,0.005188755377222613,106.99755949608344,689,5.061998775819382e-05,0.003975567166182426,,689
MEX,labour,labour,core,14,0.1320754716981132,0.061046399966023325,53,-0.2523228690067208,0.06418489999268302,2.383718126746134,689,-0.1016171873390196,0.05001971669730304,6.468398702927708,689
MEX,placebo_perm_000,placebo_perm,core,14,0.03773584905660377,0.9994817334333848,53,-0.15524174244896116,0.05682707500060895,4.108639883057703,689,-0.009072886619499126,0.03029205342765787,76.05054599274584,689
MEX,placebo_perm_001,placebo_perm,core,14,0.09433962264150944,0.8686728083890284,53,-0.20358545064163838,0.057751729775169125,3.0449880145852237,689,-0.011349587183899907,0.03042165207805039,60.72522455191171,689
MEX,placebo_perm_002,placebo_perm,core,14,0.05660377358490566,0.9810017149912901,53,-0.14877803386426464,0.0414574731181176,4.303060891293856,689,-0.021516530450591157,0.031044547046356057,31.866805271861992,689
MEX,placebo_perm_003,placebo_perm,core,14,0.07547169811320754,0.7212327299351575,53,-0.11164772979009109,0.04608039968239897,5.854930729481055,689,0.04763730372771751,0.026423133994341316,,689
MEX,placebo_perm_004,placebo_perm,core,14,0.09433962264150944,0.20022942811491237,53,-0.16672910777847544,0.05200349033437832,3.8002221676820853,689,0.04675864678006753,0.026762379149694975,,689
MEX,placebo_perm_005,placebo_perm,core,14,0.09433962264150944,0.9699100349540171,53,-0.12257294730487059,0.04115029918600964,5.300852342392751,689,-0.007248889954918692,0.019356863103063778,95.27415435835327,689
MEX,placebo_perm_006,placebo_perm,core,14,0.09433962264150944,0.4279270733131528,53,-0.2137279042797409,0.04919646449056227,2.8826797769333083,689,-0.05562478072580953,0.03420920571254101,12.111242787540162,689
MEX,placebo_perm_007,placebo_perm,core,14,0.11320754716981132,0.17866724378697574,53,-0.1898263271912469,0.05906165724968907,3.2927567951661896,689,0.0035862858292272106,0.032135588135146984,,689
MEX,placebo_perm_008,placebo_perm,core,14,0.03773584905660377,0.976995504953172,53,-0.16451223705095,0.051670718274816924,3.856397074331307,689,0.0047734356491203455,0.027933371278638913,,689
MEX,placebo_perm_009,placebo_perm,core,14,0.09433962264150944,0.46529766722495147,53,-0.14834763463063735,0.05450786681682132,4.316606964955638,689,0.02424280490361008,0.018621505988221383,,689
MEX,placebo_perm_010,placebo_perm,core,14,0.09433962264150944,0.7930316672836949,53,-0.14471016207722737,0.04210408826520107,4.434300812103822,689,0.027440699678056648,0.024138888248539686,,689
MEX,placebo_perm_011,placebo_perm,core,14,0.05660377358490566,0.8969153663330205,53,-0.09056312957012938,0.03855655963437855,7.301689767013448,689,0.02156174277401018,0.017038320543655602,,689
MEX,placebo_perm_012,placebo_perm,core,14,0.05660377358490566,0.9203406785869526,53,-0.17388848063186066,0.04137857331097475,3.6285583277078355,689,-0.03248613522361577,0.03247229847005521,20.988226792108726,689
MEX,placebo_perm_013,placebo_perm,core,14,0.16981132075471697,0.004098001585177259,53,-0.1729597963597934,0.06075572023630717,3.650026251915846,689,0.009632815043964876,0.039887605440553656,,689
MEX,placebo_perm_014,placebo_perm,core,14,0.03773584905660377,0.9734892113345052,53,-0.13969713520591065,0.04583285855210603,4.606523373202335,689,-0.023489278162250656,0.027988000162005484,29.161141619051723,689
MEX,placebo_perm_015,placebo_perm,core,14,0.07547169811320754,0.8991607618438563,53,-0.15808780075889067,0.051685562562149345,4.028062568760492,689,-0.040477348661584305,0.03264112932471202,16.7753624789687,689
MEX,placebo_perm_016,placebo_perm,core,14,0.018867924528301886,0.922271287309681,53,-0.12642566622961277,0.04351196402083541,5.128267577249041,689,0.01972291424008511,0.01600016518777085,,689
MEX,placebo_perm_017,placebo_perm,core,14,0.018867924528301886,0.9864095899863755,53,-0.18318822565040288,0.04715562392293497,3.4255440455851818,689,-0.06020461109718949,0.03315346707773562,11.16303090110937,689
MEX,placebo_perm_018,placebo_perm,core,14,0.11320754716981132,0.32004285234298985,53,-0.21700250229621465,0.05852305958589614,2.8335001487790197,689,-0.0421589257078313,0.04551268948154758,16.092229818911107,689
MEX,placebo_perm_019,placebo_perm,core,14,0.07547169811320754,0.9145116251635143,53,-0.138694305733823,0.05388922775006886,4.642466788778938,689,0.029015618037022198,0.032934264760246114,,689
MEX,placebo_perm_020,placebo_perm,core,14,0.09433962264150944,0.36481253625944454,53,-0.12427258665730058,0.04161098124893501,5.223398998092598,689,0.04373027675748695,0.030317769783103094,,689
MEX,placebo_perm_021,placebo_perm,core,14,0.05660377358490566,0.9891691443486664,53,-0.16390134090999053,0.05213124996863148,3.8721432925568156,689,-0.0011384762811198525,0.03712994523796759,608.4909728258721,689
MEX,placebo_perm_022,placebo_perm,core,14,0.11320754716981132,0.7886540770263699,53,-0.13674612963653807,0.049693258986776304,4.713797150431631,689,0.028337027413689337,0.031084394040933525,,689
MEX,placebo_perm_023,placebo_perm,core,14,0.05660377358490566,0.8941961024212424,53,-0.16034280216506488,0.05073531547798384,3.9662449100303414,689,0.007780972176349506,0.03085093806964245,,689
MEX,placebo_perm_024,placebo_perm,core,14,0.09433962264150944,0.6710742431419986,53,-0.13054572811723328,0.04215943665399634,4.954960829905089,689,-0.01776697408309344,0.02122055724796736,38.66562848465928,689
MEX,placebo_perm_025,placebo_perm,core,14,0.03773584905660377,0.9941084811963031,53,-0.14795747039306262,0.05279531506982637,4.328954655122655,689,0.006462990438478371,0.03594857141940987,,689
MEX,placebo_perm_026,placebo_perm,core,14,0.05660377358490566,0.9398023027015252,53,-0.18809199162911944,0.057778116131645914,3.326549169821413,689,0.00024061693365519005,0.03375209768750555,,689
MEX,placebo_perm_027,placebo_perm,core,14,0.09433962264150944,0.35626538828864457,53,-0.0890076069464912,0.037340682536197586,7.43554750866921,689,0.02435510142365878,0.020947595537881385,,689
MEX,placebo_perm_028,placebo_perm,core,14,0.07547169811320754,0.9721541044707354,53,-0.17719297772171172,0.0533534308160274,3.5539887900482063,689,-0.026975892959839636,0.038798598328877734,25.34690655657196,689
MEX,placebo_perm_029,placebo_perm,core,14,0.03773584905660377,0.969373697061518,53,-0.08452910725780613,0.033803988288460485,7.848426269047747,689,0.030348299727705044,0.019631583191379372,,689
MEX,placebo_perm_030,placebo_perm,core,14,0.11320754716981132,0.7468694519597044,53,-0.1251440880186843,0.04933517735210033,5.184498976050479,689,0.037263642340652894,0.028717522318808118,,689
MEX,placebo_perm_031,placebo_perm,core,14,0.09433962264150944,0.8978514312449278,53,-0.1583317979366117,0.04989538668170263,4.02128900888836,689,-0.009044307818229338,0.033693134914564805,76.2919539870582,689
MEX,placebo_perm_032,placebo_perm,core,14,0.07547169811320754,0.8356733506615646,53,-0.12191302930026865,0.043409768483433815,5.331506251061746,689,-0.009373770584593662,0.02995067386615442,73.59827869134956,689
MEX,placebo_perm_033,placebo_perm,core,14,0.05660377358490566,0.8922676037466865,53,-0.1132701926077015,0.038933283216911044,5.765898000395575,689,0.016195514562475245,0.024422965064318933,,689
MEX,placebo_perm_034,placebo_perm,core,14,0.16981132075471697,0.026453907074292664,53,-0.17068484164080872,0.053103567358161505,3.7035990085252437,689,-0.020205663549772004,0.036262364956790284,33.95684609084001,689
MEX,placebo_perm_035,placebo_perm,core,14,0.11320754716981132,0.7505493644989787,53,-0.15650532940165254,0.04583384428736567,4.072504563954033,689,-0.01259160126828935,0.03273555396732491,54.70106884642174,689
MEX,placebo_perm_036,placebo_perm,core,14,0.11320754716981132,0.8088707469873057,53,-0.139573769077065,0.05064024758994217,4.610917257110569,689,0.006184898040135595,0.035693611882098346,,689
MEX,placebo_perm_037,placebo_perm,core,14,0.0,0.9971912587481085,53,-0.11506234746819377,0.044640442265419064,5.670468228570447,689,0.03709956645169886,0.03875208370028093,,689
MEX,placebo_perm_038,placebo_perm,core,14,0.09433962264150944,0.926003708408547,53,-0.11656880256335153,0.037508133543908403,5.5925185499635175,689,0.010477989564711592,0.022997399697884485,,689
MEX,placebo_perm_039,placebo_perm,core,14,0.1320754716981132,0.022628751057007113,53,-0.15698118749929305,0.05196087578497278,4.0590466479084055,689,0.004558448002980236,0.039327106063570254,,689
MEX,placebo_perm_040,placebo_perm,core,14,0.05660377358490566,0.9509214088607767,53,-0.18901692993621802,0.06398615572296006,3.308450503872577,689,-0.05063767490340588,0.04366779425217807,13.33879396606624,689
MEX,placebo_perm_041,placebo_perm,core,14,0.11320754716981132,0.8567138657815331,53,-0.16042587956611495,0.060804508986320636,3.9640005622951766,689,-0.028683555634619138,0.03252187073789364,23.81706119340784,689
MEX,placebo_perm_042,placebo_perm,core,14,0.09433962264150944,0.9876565269272963,53,-0.10125689324083482,0.043118761011861385,6.492693027653891,689,0.04534420105775485,0.02402885370370849,,689
MEX,placebo_perm_043,placebo_perm,core,14,0.09433962264150944,0.30065486847807815,53,-0.11823214321704352,0.037203168731591484,5.508755380818975,689,0.002226339227556698,0.01965088643050905,,689
MEX,placebo_perm_044,placebo_perm,core,14,0.11320754716981132,0.7639941095488427,53,-0.14543104105957674,0.05673021689231722,4.410509380360585,689,-0.0007314199566974127,0.023900578760936708,947.3267067191564,689
MEX,placebo_perm_045,placebo_perm,core,14,0.1320754716981132,0.8527572031668742,53,-0.1722796373132794,0.0577927128510494,3.66589548510999,689,-0.031615294226373325,0.030877336602709308,21.575996837674115,689
MEX,placebo_perm_046,placebo_perm,core,14,0.1320754716981132,0.13543647018115423,53,-0.16634035525634694,0.050688512456095645,3.809965112558157,689,-0.019116056447296935,0.03181243077426386,35.912257856001744,689
MEX,placebo_perm_047,placebo_perm,core,14,0.05660377358490566,0.9581406482215663,53,-0.16185130351152205,0.04993359114872303,3.9258504398379803,689,-0.01259351207180408,0.02914876564578415,54.69271628882573,689
MEX,placebo_perm_048,placebo_perm,core,14,0.1320754716981132,0.1622145835130524,53,-0.13957541572290236,0.04166446986690635,4.610858558118726,689,0.013775530723970957,0.041463534182686536,,689
MEX,placebo_perm_049,placebo_perm,core,14,0.07547169811320754,0.744568398177301,53,-0.17394158410232965,0.05837359994193192,3.6273376674120654,689,-0.02845222560696319,0.0373316994441236,24.013550374937264,689
MEX,placebo_random_000,placebo_fixed_nominal,core,14,0.07547169811320754,0.18770257552926248,53,-0.2674492180137755,0.06304554931541867,2.2271748593486964,689,-0.006887728568781518,0.04334592491742522,100.28811662308226,689
MEX,placebo_random_001,placebo_fixed_nominal,core,14,0.0,0.999811400418977,53,-0.15455545351308647,0.045189879725693306,4.12851293028969,689,0.03526684889890076,0.03162463818398437,,689
MEX,placebo_random_002,placebo_fixed_nominal,core,14,0.05660377358490566,0.8898592629586751,53,-0.22410770570717597,0.0780964514037002,2.731705316282242,689,-0.028885530207904034,0.04234291013145646,23.648079482469964,689
MEX,placebo_random_003,placebo_fixed_nominal,core,14,0.07547169811320754,0.8324892850627706,53,-0.12829896384342546,0.04716887081384878,5.048091388576257,689,0.04614044463554277,0.04102899100565921,,689
MEX,placebo_random_004,placebo_fixed_nominal,core,14,0.05660377358490566,0.5145991265399306,53,-0.24465057762399176,0.0611330262501386,2.470453929082943,689,-0.01199208125010601,0.04604453861677954,57.453136828822096,689
MEX,placebo_random_005,placebo_fixed_nominal,core,14,0.05660377358490566,0.9576064942093611,53,-0.27135581197957626,0.06387746546977778,2.1895559637685844,689,-0.03879518522266855,0.048445948733491014,17.517976136109382,689
MEX,placebo_random_006,placebo_fixed_nominal,core,14,0.03773584905660377,0.8393272895899713,53,-0.21708552121798955,0.06003907162970147,2.832272504472714,689,0.015838863614171497,0.04496951481892086,,689
MEX,placebo_random_007,placebo_fixed_nominal,core,14,0.09433962264150944,0.6121237813760926,53,-0.18270499654035197,0.057278893978371,3.435585752779821,689,0.00859709853548191,0.04281075183142579,,689
MEX,placebo_random_008,placebo_fixed_nominal,core,14,0.018867924528301886,0.5633016812075787,53,-0.2634624627123629,0.08083494130286448,2.2667048364096876,689,0.0432734456176337,0.0458225082820797,,689
MEX,placebo_random_009,placebo_fixed_nominal,core,14,0.1320754716981132,0.06744371296740988,53,-0.23775516165328417,0.07498246358003897,2.5531461691176855,689,0.005254119935976716,0.03925710725148167,,689
MEX,placebo_random_010,placebo_fixed_nominal,core,14,0.03773584905660377,0.8431588506335986,53,-0.1920787053255284,0.06576574896626426,3.249777880557712,689,-0.012656947115333515,0.02924260501429452,54.4168588387994,689
MEX,placebo_random_011,placebo_fixed_nominal,core,14,0.09433962264150944,0.37305265434979507,53,-0.2891887973031642,0.07804254122948505,2.0306148662362684,689,-0.034879712840996335,0.03916461277911155,19.52387824386729,689
MEX,placebo_random_012,placebo_fixed_nominal,core,14,0.1509433962264151,0.05783626446374674,53,-0.2015140593865815,0.058854453955459136,3.080135047796049,689,0.0037946190159320946,0.04001708942857053,,689
MEX,placebo_random_013,placebo_fixed_nominal,core,14,0.11320754716981132,0.6938186161613443,53,-0.19034476307453194,0.059780684628242146,3.282774482683902,689,0.038542916704552045,0.029823470697306998,,689
MEX,placebo_random_014,placebo_fixed_nominal,core,14,0.03773584905660377,0.993368505924521,53,-0.3109296857961222,0.0806142545711876,1.8612376986696926,689,0.007536557998569042,0.042905512370702975,,689
MEX,placebo_random_015,placebo_fixed_nominal,core,14,0.03773584905660377,0.7329137487343168,53,-0.15530093538283596,0.060373068127660405,4.106934024653948,689,-0.00443410349092886,0.027592022167093534,155.97500162177752,689
MEX,placebo_random_016,placebo_fixed_nominal,core,14,0.1320754716981132,0.0965482588521482,53,-0.23090596986639528,0.04977320950104966,2.640137852469808,689,-0.02359151914483028,0.06224589621765724,29.033249013642727,689
MEX,placebo_random_017,placebo_fixed_nominal,core,14,0.07547169811320754,0.28379270342703466,53,-0.2084190864439887,0.07539565662733913,2.9656758484429595,689,0.06568348354760295,0.03886841707188082,,689
MEX,placebo_random_018,placebo_fixed_nominal,core,14,0.1320754716981132,0.38524420318300256,53,-0.20376076031206153,0.07177434735697305,3.042046029957005,689,0.004886762987008898,0.03699632420733553,,689
MEX,placebo_random_019,placebo_fixed_nominal,core,14,0.03773584905660377,0.5308028044166393,53,-0.25277988322327233,0.07463325974483363,2.378716394023153,689,-0.015812024531677394,0.03496762442956583,43.489218727777384,689
MEX,placebo_random_020,placebo_fixed_nominal,core,14,0.11320754716981132,0.382574048331327,53,-0.11892640509376481,0.041687334412209634,5.47448559218332,689,0.02317017950319408,0.02370791142340017,,689
MEX,placebo_random_021,placebo_fixed_nominal,core,14,0.018867924528301886,0.9900297889068953,53,-0.2523266219488049,0.06864181669054277,2.3836769799812014,689,-0.011603220543148341,0.03479479476344259,59.39023445566718,689
MEX,placebo_random_022,placebo_fixed_nominal,core,14,0.03773584905660377,0.9701356008894426,53,-0.22143611275869607,0.05198175117536716,2.7692188427809388,689,-0.01407041695812534,0.03025419177909828,48.9153399598406,689
MEX,placebo_random_023,placebo_fixed_nominal,core,14,0.16981132075471697,0.000163064076451462,53,-0.19030371326612688,0.05497674625161145,3.2835629086611173,689,-0.023757245061891804,0.03216162370614232,28.82828166580961,689
MEX,placebo_random_024,placebo_fixed_nominal,core,14,0.018867924528301886,0.9791346966959086,53,-0.27367214534872675,0.07940027782098229,2.1677529190036724,689,0.0221998897374345,0.05007374797202399,,689
MEX,placebo_random_025,placebo_fixed_nominal,core,14,0.11320754716981132,0.3822101536480256,53,-0.2648011915580492,0.08079287885382029,2.253299394603949,689,-0.0036854927763412,0.03682442756441847,187.72770483018164,689
MEX,placebo_random_026,placebo_fixed_nominal,core,14,0.07547169811320754,0.26627470459033664,53,-0.32679238968833146,0.08363282440532492,1.751692018999117,689,-0.03721521214614928,0.05006497712587851,18.27660808298425,689
MEX,placebo_random_027,placebo_fixed_nominal,core,14,0.09433962264150944,0.8162779487286614,53,-0.31893007487519104,0.0899504768461997,1.8046464180442663,689,-0.0715872276346727,0.05650119487399872,9.331690056137747,689
MEX,placebo_random_028,placebo_fixed_nominal,core,14,0.11320754716981132,0.6486723740410442,53,-0.31014973179135225,0.08154184398180099,1.8669086933199617,689,-0.05142663687580002,0.051879284823370835,13.128745777041214,689
MEX,placebo_random_029,placebo_fixed_nominal,core,14,0.1320754716981132,0.26098444655698844,53,-0.16824004751035043,0.0755237766402003,3.7627811658637795,689,0.03650204074065578,0.028359498817978473,,689
MEX,placebo_random_030,placebo_fixed_nominal,core,14,0.03773584905660377,0.880512756387181,53,-0.2621783837210462,0.08068182593274387,2.2796904942114633,689,-0.0029334388653624453,0.05629305704190866,235.94493088460507,689
MEX,placebo_random_031,placebo_fixed_nominal,core,14,0.07547169811320754,0.8246001824207587,53,-0.27686351406526755,0.07880627121872943,2.1383050330550994,689,-0.026492203460020444,0.05563716845730483,25.81607066633439,689
MEX,placebo_random_032,placebo_fixed_nominal,core,14,0.16981132075471697,0.13196601289977097,53,-0.23522290572125837,0.08424195834676623,2.5847221461923016,689,-0.03673407476844595,0.05311385858995644,18.52058925991011,689
MEX,placebo_random_033,placebo_fixed_nominal,core,14,0.07547169811320754,0.8024460938151035,53,-0.20062792517665692,0.06614937942582097,3.0953914183814373,689,0.04056395620997403,0.037961908374304236,,689
MEX,placebo_random_034,placebo_fixed_nominal,core,14,0.018867924528301886,0.9770319890994082,53,-0.2350352319230986,0.06073801669419515,2.5870892390882667,689,-0.043393688165357006,0.05548107633668024,15.624320242129087,689
MEX,placebo_random_035,placebo_fixed_nominal,core,14,0.03773584905660377,0.9998399356607349,53,-0.20052158428074568,0.07256181465385793,3.097231284437742,689,0.029348923265404007,0.042120899007479534,,689
MEX,placebo_random_036,placebo_fixed_nominal,core,14,0.05660377358490566,0.5492356527250398,53,-0.33339573285927837,0.08180586898915401,1.7091167331149932,689,-0.020966522137535425,0.04137133505325921,32.7119143281346,689
MEX,placebo_random_037,placebo_fixed_nominal,core,14,0.09433962264150944,0.4334596553632925,53,-0.32249939175234416,0.08035628471205777,1.7802912223753473,689,-0.04360589103968912,0.05343055818561539,15.546574506458596,689
MEX,placebo_random_038,placebo_fixed_nominal,core,14,0.1320754716981132,0.06180003752663736,53,-0.20607556534113522,0.06805997440041653,3.0036669126442024,689,-0.031363288983921,0.040520604268430814,21.752175479614767,689
MEX,placebo_random_039,placebo_fixed_nominal,core,14,0.07547169811320754,0.8853126512812284,53,-0.27600794226828246,0.07754576078424179,2.1461335652257296,689,-0.05581677988873391,0.0501410599799577,12.068367142453104,689
MEX,placebo_random_040,placebo_fixed_nominal,core,14,0.07547169811320754,0.6817252920875968,53,-0.2019111355583317,0.07178022523977096,3.0733419207570063,689,0.042905630913652945,0.035726244425614,,689
MEX,placebo_random_041,placebo_fixed_nominal,core,14,0.1509433962264151,0.02678357968041509,53,-0.269232591638609,0.09187382387752259,2.2098675768202347,689,-0.052355925278121045,0.05933874803657008,12.889455657854487,689
MEX,placebo_random_042,placebo_fixed_nominal,core,14,0.07547169811320754,0.7133055493660404,53,-0.16960330760430853,0.05946009948470406,3.72957037847762,689,0.02808369107156638,0.03315936577448502,,689
MEX,placebo_random_043,placebo_fixed_nominal,core,14,0.07547169811320754,0.6714814189489688,53,-0.15419548169158123,0.05335465320177362,4.139007274776216,689,0.02816345893006466,0.04710350640395078,,689
MEX,placebo_random_044,placebo_fixed_nominal,core,14,0.11320754716981132,0.40186537609863615,53,-0.35062946303871045,0.061635660144116027,1.6054297785342162,689,0.014761744377000273,0.067997755046497,,689
MEX,placebo_random_045,placebo_fixed_nominal,core,14,0.03773584905660377,0.9637344843198696,53,-0.2745251111352788,0.07110795868227837,2.159815942301536,689,0.00027112171194710916,0.046085521791485604,,689
MEX,placebo_random_046,placebo_fixed_nominal,core,14,0.07547169811320754,0.8149918759549758,53,-0.30466502679840035,0.05180851458232003,1.907596264240087,689,-0.09998071196660091,0.0681299434073682,6.5801519186893165,689
MEX,placebo_random_047,placebo_fixed_nominal,core,14,0.05660377358490566,0.6811659540981256,53,-0.2162458598593312,0.06746368953501036,2.8447322171250944,689,-0.0119795534030071,0.03791082974005828,57.51358344268338,689
MEX,placebo_random_048,placebo_fixed_nominal,core,14,0.03773584905660377,0.8950951990919075,53,-0.28492063328454037,0.07056834377695895,2.0668642178987517,689,-0.027505683773340166,0.04039344492143979,24.851958967978312,689
MEX,placebo_random_049,placebo_fixed_nominal,core,14,0.05660377358490566,0.9015305789380869,53,-0.21042282932947154,0.06555297823677643,2.933860650447108,689,0.023244054844198003,0.02589396543473945,,689
MEX,symk:A01,commodity_sym,core,14,0.1320754716981132,0.00884485675290016,53,-0.2734423076369902,0.06723076434942239,2.1698999777078893,689,-0.09328881687191504,0.05143239186701564,7.077891399885594,689
MEX,symk:A02,commodity_sym,core,14,0.03773584905660377,0.9311948334295888,53,-0.08587279411695029,0.03275764152237627,7.720031119915013,689,-0.03750212498247737,0.017355319121003777,18.13409605264169,689
MEX,symk:A03,commodity_sym,core,14,0.1509433962264151,0.15549115404600455,53,-0.11555585521894221,0.06864653659726831,5.644708728689774,689,-0.03915415878909379,0.02732813337669217,17.354147657280226,689
MEX,symk:B,commodity_sym,core,14,0.05660377358490566,0.8746691938012108,53,-0.12248105614038854,0.040517084633409674,5.305101021181155,689,-0.01335915939739835,0.023191483713686976,51.53818815475636,689
MEX,symk:C10-12,commodity_sym,core,14,0.11320754716981132,0.5854852672888445,53,-0.22142075223213886,0.057751147075631254,2.7694371312984996,689,-0.08252063754643331,0.04278162654762158,8.048135047102692,689
MEX,symk:C13-15,commodity_sym,core,14,0.03773584905660377,0.8744936730457709,53,-0.07364761206029,0.03305915935044003,9.060680161112975,689,-0.023919962487060784,0.015265884383759568,28.629798343741893,689
MEX,symk:C16,commodity_sym,core,14,0.05660377358490566,0.9087458984324507,53,-0.10293326860964686,0.028373551178755594,6.381100266329374,689,-0.045155685905065863,0.01576845445050847,15.00092140516768,689
MEX,symk:C17,commodity_sym,core,14,0.018867924528301886,0.999991731419487,53,-0.04779248317782147,0.029678831655698235,14.153865534940055,689,0.005691493939163991,0.016618120874406513,,689
MEX,symk:C18,commodity_sym,core,14,0.03773584905660377,0.9993391149272307,53,-0.023327512251555077,0.015365390778423816,29.365783574075753,689,-0.0013176778529435365,0.00467376374401609,525.6902560143292,689
MEX,symk:C19,commodity_sym,core,14,0.09433962264150944,0.865233907125761,53,-0.09870675225514783,0.04551599438817882,6.669711948176133,689,0.00803811230658571,0.026205419973863945,,689
MEX,symk:C20,commodity_sym,core,14,0.0,0.9999062136864661,53,-0.05349211586768121,0.03871782611843356,12.608182670146414,689,0.026571149339214273,0.03261734769640616,,689
MEX,symk:C21,commodity_sym,core,14,0.11320754716981132,0.3310649433118473,53,-0.09438969993153332,0.04097787177817827,6.991162501530411,689,-0.025566667273268465,0.018951947705549838,26.76329278275279,689
MEX,symk:C22,commodity_sym,core,14,0.03773584905660377,0.9987240225007677,53,-0.06454035084113308,0.03185875924747832,10.38932214343933,689,-0.005644713645201532,0.014278538798513096,122.44890877560147,689
MEX,symk:C23,commodity_sym,core,14,0.09433962264150944,0.19938821960104372,53,-0.20993464856230404,0.06361120809187892,2.9415562602558643,689,-0.05849021807704333,0.03811337757660937,11.500596586011934,689
MEX,symk:C24,commodity_sym,core,14,0.018867924528301886,0.9998287589473127,53,-0.11315155781974554,0.03498429792978383,5.772321677763279,689,-0.045328611940314574,0.018982519325849684,14.942350956020817,689
MEX,symk:C25,commodity_sym,core,14,0.018867924528301886,0.9985124981754914,53,-0.07774492327680776,0.039935476663251285,8.564410450766813,689,-0.023647400433883976,0.01765501324902225,28.963814844791887,689
MEX,symk:C26,commodity_sym,core,14,0.018867924528301886,0.9999245639195877,53,-0.02050832531506349,0.014201791863406152,33.45056114392864,689,0.006256975666662066,0.008756463647482393,,689
MEX,symk:C27,commodity_sym,core,14,0.0,0.9993399978510823,53,-0.08135490853811635,0.03787928934979538,8.168566854749912,689,-0.004807725568710524,0.026083852314396895,143.82676415631965,689
MEX,symk:C28,commodity_sym,core,14,0.09433962264150944,0.9752871372355125,53,-0.1219022432925825,0.05024803747165037,5.332010025287348,689,-0.030931212197781884,0.023403342391786267,22.0609234344831,689
MEX,symk:C29,commodity_sym,core,14,0.03773584905660377,0.9885583845303749,53,-0.20508892476915558,0.06374684091582737,3.0199198480794607,689,-0.0653525936104528,0.04005327314197872,10.255791681758796,689
MEX,symk:C30,commodity_sym,core,14,0.09433962264150944,0.8835012717797871,53,-0.030111443457311555,0.020186991031072646,22.671054398002077,689,-0.013785394825318247,0.008136944535711024,49.933896141708445,689
MEX,symk:C31_32,commodity_sym,core,14,0.05660377358490566,0.9194197728887079,53,-0.11549104985154783,0.04382850891055817,5.648078818541597,689,-0.03901250070862491,0.021130537372816467,17.41843754222974,689
MEX,symk:C33,commodity_sym,core,14,0.0,0.9999695837186348,53,-0.02760236226783357,0.014805227277749184,24.76368860826901,689,-0.008911508049075943,0.006645742085083559,77.43404098117468,689
MEX,symk:D35,commodity_sym,core,14,0.018867924528301886,0.999881396832547,53,-0.11874896279551822,0.035796855360398436,5.483206339134773,689,-0.041323789817416225,0.020323951212417368,16.42455153064782,689
MEX,symk:E36,commodity_sym,core,14,0.018867924528301886,0.99802497693864,53,-0.05843635983968076,0.035248702107306115,11.511522116641794,689,-0.013795728453052143,0.009118959714369435,49.89623257841462,689
MEX,symk:E37-39,commodity_sym,core,14,0.05660377358490566,0.9661983263053684,53,-0.02618488817982912,0.01002770138206417,26.12316131612018,689,-0.010452871792938299,0.005910368325061684,65.9644699041708,689
MEX,symk:F,commodity_sym,core,14,0.05660377358490566,0.86398955481827,53,-0.22687246456936605,0.0785699733923094,2.693808231722672,689,-0.06709805934877397,0.04548401012663818,9.979775919272717,689
MEX,symk:G45,commodity_sym,core,14,0.11320754716981132,0.0618336119698334,53,-0.2554576128392839,0.06411095073177987,2.3497669983615666,689,-0.10544477270087581,0.050532136650894774,6.220547961663764,689
MEX,symk:G46,commodity_sym,core,14,0.03773584905660377,0.9696847218022665,53,-0.10071590572711255,0.043844613765605174,6.52949746299937,689,0.02212382454669412,0.03004903901888791,,689
MEX,symk:G47,commodity_sym,core,14,0.07547169811320754,0.7859698017735166,53,-0.2268601377098617,0.05981444156030799,2.693975161050449,689,-0.07751845475917486,0.04104049002405755,8.590471535036114,689
MEX,symk:H49,commodity_sym,core,14,0.07547169811320754,0.5336293195070432,53,-0.25570116924251485,0.06438790184816899,2.3471637003485717,689,-0.07602610291334426,0.04387622168748856,8.76608578111358,689
MEX,symk:H50,commodity_sym,core,14,0.07547169811320754,0.7449429024026992,53,-0.04134376642686686,0.03616607119047813,16.41644562498345,689,-0.008737199518379453,0.013344121826550922,78.98579718111377,689
MEX,symk:H51,commodity_sym,core,14,0.11320754716981132,0.5057301997541147,53,-0.1813925927404431,0.05151903742013308,3.463127020604091,689,-0.06675011565429986,0.03164569969506605,10.03364580974324,689
MEX,symk:H52,commodity_sym,core,14,0.03773584905660377,0.9856204673239285,53,-0.13321440746329738,0.04443985680747651,4.848416175573667,689,-0.038335722192680596,0.023106592720702722,17.732142138684107,689
MEX,symk:H53,commodity_sym,core,14,0.018867924528301886,0.97229954002354,53,-0.04534484668351026,0.02949823101362191,14.936875145250577,689,-0.012137445621605826,0.010719297426576877,56.76088054216403,689
MEX,symk:I,commodity_sym,core,14,0.11320754716981132,0.03651317237877547,53,-0.1745596028037972,0.05241422561374823,3.613186045526813,689,-0.04829658708177565,0.030650349410870813,14.002454608282777,689
MEX,symk:J58,commodity_sym,core,14,0.03773584905660377,0.9921390952861533,53,-0.06012649158999525,0.024792245425758832,11.177994245899795,689,-0.026996678049020298,0.012475082099374719,25.327122366216454,689
MEX,symk:J59_60,commodity_sym,core,14,0.09433962264150944,0.8238886540773469,53,-0.04399763807684471,0.020413053916471843,15.405018189156632,689,-0.0203403791266169,0.012151114459426444,33.72963668976173,689
MEX,symk:J61,commodity_sym,core,14,0.05660377358490566,0.9371608940056284,53,-0.15791127125343357,0.05038984030596765,4.032976186645078,689,-0.036000806379819936,0.03212482878982921,18.90496569182998,689
MEX,symk:J62_63,commodity_sym,core,14,0.03773584905660377,0.9944957154011781,53,-0.05869041272710333,0.026778737248196478,11.460161399566516,689,-0.015846254433973465,0.016186830994166353,43.394523906221664,689
MEX,symk:K64,commodity_sym,core,14,0.11320754716981132,0.4663773775140491,53,-0.23195975159231633,0.06153986765100397,2.6264216303854804,689,-0.07079875638993116,0.04802755044431831,9.439571695136245,689
MEX,symk:K65,commodity_sym,core,14,0.1320754716981132,0.20703567559364866,53,-0.17773116955673798,0.046012967564963335,3.542105593384772,689,-0.09143212955513776,0.03395575374566648,7.228890941155462,689
MEX,symk:K66,commodity_sym,core,14,0.09433962264150944,0.5498494518987269,53,-0.10454454507780352,0.04992473130110838,6.277210578074549,689,-0.01039124068028076,0.030944080317936464,66.3577721389106,689
MEX,symk:L,commodity_sym,core,14,0.09433962264150944,0.1804171954406826,53,-0.2171821894451354,0.05292834849860124,2.8308441967484557,689,-0.08674585550756893,0.04014357249655734,7.6387366967970705,689
MEX,symk:M69_70,commodity_sym,core,14,0.03773584905660377,0.9953083017840607,53,-0.15062867989921228,0.04691960342769121,4.245694981056245,689,-0.042267988353156,0.03241760687130837,16.04980034017552,689
MEX,symk:M71,commodity_sym,core,14,0.018867924528301886,0.9997282728776686,53,-0.08732651691078351,0.046344439428360404,7.585568294282262,689,-0.019329482714492106,0.026770721918820708,35.511881494940134,689
MEX,symk:M72,commodity_sym,core,14,0.1320754716981132,0.8055820404391749,53,-0.08203365651271935,0.04433077352111206,8.098029198827197,689,-0.02408337880295364,0.016604226999894167,28.433161757506827,689
MEX,symk:M73,commodity_sym,core,14,0.018867924528301886,0.9999919842074031,53,-0.021520469650448584,0.011711326425525212,31.860908333135082,689,-0.006845520282926333,0.0037349962841219187,100.90861751295697,689
MEX,symk:M74_75,commodity_sym,core,14,0.018867924528301886,0.96213611841118,53,-0.04669463937131764,0.01791109713004241,14.494920321065301,689,-0.015338493471171869,0.009224854570466783,44.84257662997714,689
MEX,symk:N77,commodity_sym,core,14,0.03773584905660377,0.9996948153635149,53,-0.07069841180121514,0.03188638040231306,9.453473749326438,689,1.4130749015924007e-05,0.012024113002860746,,689
MEX,symk:N78,commodity_sym,core,14,0.07547169811320754,0.8690991417624517,53,-0.11760490558897779,0.0367021969008576,5.540064167828155,689,-0.039436906152202654,0.01872495113190462,17.227206793121418,689
MEX,symk:N79,commodity_sym,core,14,0.05660377358490566,0.4967239438302788,53,-0.1059885571788888,0.058791847627048546,6.186786596427636,689,-0.03960485752302563,0.021991111466544363,17.152662128416612,689
MEX,symk:N80-82,commodity_sym,core,14,0.03773584905660377,0.8922081494265586,53,-0.07937277218582549,0.027074833480101635,8.381458018656279,689,-0.026185838898232016,0.014889109171592394,26.122200178387477,689
MEX,symk:O84,commodity_sym,core,14,0.1320754716981132,0.3676079439955521,53,-0.23737669394079158,0.061932505268239846,2.557822952407643,689,-0.09345399346806962,0.04421467127034446,7.064748408148028,689
MEX,symk:P85,commodity_sym,core,14,0.18867924528301888,0.03645012770689904,53,-0.23213322604902492,0.058485080665972924,2.624175512885631,689,-0.09698613098981002,0.04529995653336333,6.794403755372266,689
MEX,symk:Q86,commodity_sym,core,14,0.09433962264150944,0.006469187608922319,53,-0.2504049657761397,0.06551600655401531,2.4049058203682954,689,-0.08890985211607182,0.05176422319559921,7.444115929644868,689
MEX,symk:Q87_88,commodity_sym,core,14,0.11320754716981132,0.0888289104575459,53,-0.2540827281576625,0.065307047462662,2.3645555289037703,689,-0.09447014046822842,0.05048654708657798,6.984904476412076,689
MEX,symk:R90-92,commodity_sym,core,14,0.05660377358490566,0.18084997958575652,53,-0.053640832659087576,0.03268859589197113,12.57224831355166,689,-0.00937131165625787,0.011562013722435299,73.61768128732801,689
MEX,symk:R93,commodity_sym,core,14,0.09433962264150944,0.6667834029032277,53,-0.06964353685740818,0.038783590656252365,9.602042513324712,689,-0.021303087455876696,0.015598372956003428,32.189587433026894,689
MEX,symk:S94,commodity_sym,core,14,0.0,0.9990124540236468,53,-0.05098637310475352,0.020882345231874707,13.245157350208673,689,-0.001250270088519096,0.011582193708330867,554.0513093758954,689
MEX,symk:S95,commodity_sym,core,14,0.09433962264150944,0.688908262764327,53,-0.22841031411222837,0.06262797380345556,2.6731232473929993,689,-0.086749286181408,0.04437296747950754,7.638420477597033,689
MEX,symk:S96,commodity_sym,core,14,0.11320754716981132,0.0920824561426088,53,-0.1914683213317176,0.060957146270435525,3.261325499435775,689,-0.06821554314151339,0.0437917768811551,9.810478247306005,689
USA,PPa,PPa,core,14,0.21428571428571427,3.220993771812605e-07,42,-0.3570823071468463,0.11719723249442675,1.5691343954005736,546,-0.23632883429379536,0.1862412503415647,2.570849113837123,546
USA,PPb,PPb,core,14,0.11904761904761904,0.02089953376404998,42,-0.249147725062297,0.09385057427702068,2.418970536650145,546,-0.14697570531165471,0.09277611973364389,4.360314333133401,546
USA,PPc_edu_years,PPc_edu_years,core,14,0.11904761904761904,0.019367116099383623,42,-0.24897292582408592,0.09389274986455029,2.4209371687487957,546,-0.14578398627474495,0.09230963106924944,4.398946610961035,546
USA,k:A01,commodity_open,core,14,0.19047619047619047,0.00030132952452436136,42,-0.10435826417752457,0.05402142253611845,6.28905751226216,546,-0.04176163911783768,0.03022457377521132,16.248662970218046,546
USA,k:A02+A03,commodity_open,core,14,0.21428571428571427,0.00021142143478373622,42,-0.1192989610979334,0.07111578042295129,5.456259896219038,546,-0.06546999923069687,0.046881989660028996,10.236764485323251,546
USA,k:B,commodity_open,core,14,0.19047619047619047,0.03232030487681475,42,-0.14196487069910954,0.05144412611079402,4.527111927513337,546,-0.08535826947224244,0.05681997718153222,7.768718942462659,546
USA,k:C10-12,commodity_open,core,14,0.09523809523809523,0.006827659037330559,42,-0.11842037521055648,0.05436333853675629,5.4994243248554096,546,-0.06155037254945991,0.038967110055730045,10.911219229085551,546
USA,k:C13-15,commodity_open,core,14,0.09523809523809523,0.00041017736965066556,42,-0.07305942091388863,0.03658980880933838,9.13648886722566,546,-0.04556707841768468,0.025728919205853667,14.862310880602523,546
USA,k:C16,commodity_open,core,14,0.11904761904761904,0.016412089722371414,42,-0.17974856381076354,0.07240322970387338,3.4981929021960174,546,-0.1082104858114165,0.05664228010445249,6.052358032261931,546
USA,k:C17,commodity_open,core,14,0.2619047619047619,4.176602905187633e-08,42,-0.14413768796954035,0.06746607078439541,4.453363541062204,546,-0.055672660278443746,0.04275828720087931,12.100523056137883,546
USA,k:C18,commodity_open,core,14,0.14285714285714285,0.01746171237127312,42,-0.13702603361071913,0.06492889869382175,4.703424242328838,546,-0.04234065232487063,0.0428804462524664,16.0216526288362,546
USA,k:C19,commodity_open,core,14,0.11904761904761904,0.28365616261342197,42,-0.09894114706614905,0.05018907797620439,6.653060904106907,546,-0.028496433247717914,0.027376442186169036,23.97575433912778,546
USA,k:C20+C21,commodity_open,core,14,0.16666666666666666,0.017295134536196154,42,-0.14036921081486167,0.07368375574832715,4.58272168518392,546,-0.06653160078846164,0.06213084878209337,10.06776498925875,546
USA,k:C22,commodity_open,core,14,0.11904761904761904,0.026801107864046214,42,-0.12805623073624925,0.05971641543582149,5.058348178500578,546,-0.05538601294805417,0.03613490073934142,12.1649769866101,546
USA,k:C23,commodity_open,core,14,0.11904761904761904,0.05553435570567433,42,-0.16546979999198042,0.08139982568360989,3.8319485761402685,546,-0.08555232478283584,0.057834288471872344,7.750287371612569,546
USA,k:C24,commodity_open,core,14,0.19047619047619047,0.0017112307971972884,42,-0.16109072438962482,0.06572133015424593,3.9461228432568167,546,-0.07643577199344459,0.052119708385544625,8.717195020078373,546
USA,k:C25,commodity_open,core,14,0.14285714285714285,0.01739684141241598,42,-0.1691920762529497,0.07498093246717717,3.739532314044126,546,-0.08448086374409251,0.05509448674381899,7.853112048713488,546
USA,k:C26,commodity_open,core,14,0.11904761904761904,0.07345920647347053,42,-0.15160119097858127,0.06623345189507239,4.216109345184951,546,-0.08884169874706464,0.041778392368389074,7.4501008662588175,546
USA,k:C27,commodity_open,core,14,0.09523809523809523,0.1474921169130567,42,-0.06821742445876931,0.03764952487975386,9.810197904444154,546,-0.03332287268735286,0.023322551880863317,20.45241199771361,546
USA,k:C28,commodity_open,core,14,0.14285714285714285,0.2394215965360631,42,-0.16035742009478537,0.07487817984946997,3.9658498364688577,546,-0.07666524262597676,0.052449192928038166,8.690037698840623,546
USA,k:C29,commodity_open,core,14,0.21428571428571427,1.0091651207824997e-16,42,-0.15612844045786203,0.07442740665334346,4.083221561017743,546,-0.06487234822857776,0.049235353981612225,10.3343388016729,546
USA,k:C30,commodity_open,core,14,0.16666666666666666,0.00209858829622689,42,-0.14707544821627144,0.07617612433645089,4.3571092685021755,546,-0.03684518026054275,0.040730162155188224,18.463682737649776,546
USA,k:C31_32,commodity_open,core,14,0.2619047619047619,7.384535291516492e-15,42,-0.13577167145162214,0.07303180871849463,4.750242394964777,546,-0.06220695965109479,0.042813229057929836,10.79231541046958,546
USA,k:C33,commodity_open,core,14,0.11904761904761904,0.1470330556393352,42,-0.13269384655647537,0.05426710918283354,4.868863265006404,546,-0.0687041031648213,0.034779361267535724,9.738191385557064,546
USA,k:D35,commodity_open,core,14,0.21428571428571427,0.05646830395622022,42,-0.1289415021697186,0.059350345772998386,5.021126755291846,546,-0.04253157295603191,0.03290208436198864,15.948154313732255,546
USA,k:E36,commodity_open,core,14,0.11904761904761904,0.9355668431436418,42,-0.11517927324245522,0.04958247185582253,5.664345155488881,546,-0.03833112262591199,0.0315471237816932,17.73431205254459,546
USA,k:E37-39,commodity_open,core,14,0.14285714285714285,0.6407432183883749,42,-0.09915119141674944,0.05374972294919406,6.6382064988834,546,-0.028127666371439864,0.03291669430486037,24.294675260429248,546
USA,k:F,commodity_open,core,14,0.19047619047619047,0.020173736004358202,42,-0.22736496636618084,0.09736836565021198,2.687153527800005,546,-0.11949142032597883,0.07207867753403994,5.44688911474741,546
USA,k:G45,commodity_open,core,14,0.16666666666666666,0.003587090824441528,42,-0.15051734053936608,0.06822406601705439,4.24910646716188,546,-0.06872381316371061,0.049004545251013124,9.735296672359082,546
USA,k:G46,commodity_open,core,14,0.14285714285714285,0.21022497876513557,42,-0.19814614020340063,0.08638432406565454,3.1388425937690863,546,-0.08780064608226397,0.06588494319999263,7.5426757139489125,546
USA,k:G47,commodity_open,core,14,0.11904761904761904,0.021553349331461084,42,-0.15408148244529304,0.0682850520986905,4.142340919246288,546,-0.08252768540161776,0.052730134954970476,8.047417271569051,546
USA,k:H49,commodity_open,core,14,0.16666666666666666,3.748145975474681e-10,42,-0.1723353575935698,0.07784363970076086,3.6645907439303267,546,-0.06473576783091402,0.06552097841138615,10.356890142253931,546
USA,k:H50,commodity_open,core,14,0.047619047619047616,0.9209369301057388,42,-0.12506933001605897,0.05842977435155674,5.1878146237933755,546,-0.06542756698204306,0.04706311577009008,10.243633338220443,546
USA,k:H51,commodity_open,core,14,0.11904761904761904,1.9638403645091875e-07,42,-0.058217690053691894,0.04357323183006054,11.556088441652399,546,-0.013722643002435034,0.022438559618184018,50.16382938993321,546
USA,k:H52,commodity_open,core,14,0.11904761904761904,2.1184029797983995e-05,42,-0.04233408601603596,0.026883972724772536,16.02419223727128,546,-0.018741388031133583,0.017155464974213098,36.637170549094485,546
USA,k:H53,commodity_open,core,14,0.09523809523809523,0.6888043915956324,42,-0.06981692320552202,0.046221338012047065,9.577314575032108,546,-0.03361725975506887,0.03583007271164587,20.27024009819779,546
USA,k:I,commodity_open,core,14,0.11904761904761904,8.311944272475077e-05,42,-0.09638679823079363,0.05196320622650568,6.838881265620707,546,-0.03334253260264543,0.0277130813334864,20.44014586446822,546
USA,k:J58,commodity_open,core,14,0.23809523809523808,0.0028736999243500106,42,-0.22992090288113345,0.09384736159766278,2.6530726199727774,546,-0.09380200129947142,0.06206442765817769,7.037209023578509,546
USA,k:J59_60+J61,commodity_open,core,14,0.19047619047619047,5.295310613045106e-11,42,-0.16732891826260435,0.06779627867727722,3.785278213493521,546,-0.0765396016064905,0.04675025932688275,8.704886864484237,546
USA,k:J62_63,commodity_open,core,14,0.19047619047619047,0.0004738114736483143,42,-0.20075744424120429,0.07613282792196872,3.0931531536599235,546,-0.11335771394557298,0.057946496705457685,5.761167619856479,546
USA,k:K64,commodity_open,core,14,0.14285714285714285,0.06651575962042484,42,-0.11760407888940091,0.05927137167253604,5.5401056528963055,546,-0.029626574618784447,0.029963540936610453,23.047818915470398,546
USA,k:K65,commodity_open,core,14,0.19047619047619047,0.001257120168259187,42,-0.1412350485863117,0.05978262365621741,4.552391088179591,546,-0.014984619443110036,0.028232774162621887,45.909797164694005,546
USA,k:K66,commodity_open,core,14,0.3333333333333333,7.914720617380318e-12,42,-0.1396704343790761,0.06561517827311421,4.607473709430548,546,-0.029593657191980365,0.036520700489738135,23.073844707524632,546
USA,k:L,commodity_open,core,14,0.19047619047619047,0.00019172664421706682,42,-0.1804588999056795,0.0705404712483184,3.4829638714421334,546,-0.09374907073560708,0.05088406996592659,7.041384478382035,546
USA,k:M69_70,commodity_open,core,14,0.11904761904761904,0.12574500199004,42,-0.15978236138361934,0.06525715402159214,3.981446104851267,546,-0.07214109615145145,0.04401462539712337,9.257317084548998,546
USA,k:M71+M72+M73+M74_75,commodity_open,core,14,0.14285714285714285,0.025390109416991293,42,-0.1688053329257359,0.06549577516757939,3.7489451839403203,546,-0.06145015534201645,0.03448884031033708,10.929591375106444,546
USA,k:N77,commodity_open,core,14,0.16666666666666666,0.20685736054091586,42,-0.13579709353228064,0.06594121524387975,4.749284963885713,546,-0.027428266796096588,0.03573108618244342,24.923091608968473,546
USA,k:N78+N79+N80-82,commodity_open,core,14,0.16666666666666666,0.00039530738863094515,42,-0.10382929478912319,0.044951277175669366,6.322929951812796,546,-0.05531841886685943,0.029702741976865885,12.18027311838353,546
USA,k:O84,commodity_open,core,14,0.16666666666666666,0.3301061914263183,42,-0.19321269409301425,0.08973554465059085,3.2285172573478182,546,-0.06392161253983089,0.07027417653337925,10.49331725117455,546
USA,k:P85,commodity_open,core,14,0.14285714285714285,2.1741025089817272e-05,42,-0.14834985030331707,0.08465854471484753,4.31653702967409,546,-0.0804182143131742,0.06123760439943485,8.267865326567577,546
USA,k:Q86,commodity_open,core,14,0.23809523809523808,0.0002085297356439223,42,-0.24052101496546047,0.08634143739860242,2.519411756911282,546,-0.1329629829340096,0.07824317160864959,4.858271915420816,546
USA,k:Q87_88,commodity_open,core,14,0.19047619047619047,0.0011785177635275455,42,-0.19478153403592532,0.08806681982407025,3.1995102228426653,546,-0.102534796859394,0.07518838636515737,6.407295435418265,546
USA,k:R90-92+R93,commodity_open,core,14,0.14285714285714285,0.014018388449289338,42,-0.1418412969958954,0.0582481745298393,4.5313739466515885,546,-0.06717274642207188,0.043263749668492904,9.968285321585093,546
USA,k:S94+S95+S96,commodity_open,core,14,0.19047619047619047,9.650290954374921e-12,42,-0.13928971455263903,0.06349545344067363,4.621063849845033,546,-0.05620855714790952,0.03703761785349848,11.981787115704186,546
USA,labour,labour,core,14,0.11904761904761904,0.013307612989436293,42,-0.2173488411651416,0.08502058920225346,2.828384824099298,546,-0.13467500893805887,0.07454507993678279,4.7918876991899175,546
USA,placebo_perm_000,placebo_perm,core,14,0.23809523809523808,1.8100042133611442e-05,42,-0.23310322099692188,0.10071858210412668,2.6116773841291203,546,-0.0706490192248723,0.09592531499211385,9.460331248501593,546
USA,placebo_perm_001,placebo_perm,core,14,0.21428571428571427,0.00103876894463808,42,-0.21019495739653213,0.06459791287446529,2.937448364772285,546,-0.06306747173860583,0.050011769481095564,10.640229334146841,546
USA,placebo_perm_002,placebo_perm,core,14,0.14285714285714285,0.23622173285478662,42,-0.22046984102489917,0.08535968157228334,2.7830094106692247,546,-0.09351096885243115,0.09052347552089822,7.060225675825949,546
USA,placebo_perm_003,placebo_perm,core,14,0.21428571428571427,1.2237470259630837e-05,42,-0.2630300487642827,0.09685239563123374,2.2710637291916322,546,-0.09068397002116846,0.08094054397918987,7.291483135722497,546
USA,placebo_perm_004,placebo_perm,core,14,0.16666666666666666,0.0006860786726052216,42,-0.26041928056162794,0.09704391430887298,2.2976859906432434,546,-0.08804773162513976,0.08685714967504078,7.520505829612517,546
USA,placebo_perm_005,placebo_perm,core,14,0.2857142857142857,7.429078173775723e-08,42,-0.27241794149757687,0.1028968695540145,2.179512842234557,546,-0.10282975953798969,0.09479513852628897,6.387885359715265,546
USA,placebo_perm_006,placebo_perm,core,14,0.16666666666666666,0.0757166180957041,42,-0.20439478290796265,0.07872956395469377,3.031448013971608,546,-0.0025259029557968674,0.05381021980957695,274.06888246238316,546
USA,placebo_perm_007,placebo_perm,core,14,0.16666666666666666,1.4602447176462006e-05,42,-0.22385360456367898,0.07481749673252336,2.735235010709456,546,-0.07223419700224427,0.0636567312468851,9.244927501596571,546
USA,placebo_perm_008,placebo_perm,core,14,0.23809523809523808,0.003917397474994171,42,-0.21179386435129563,0.07557849395775108,2.912436589426182,546,-0.028734552873651512,0.04715026742715487,23.774170269221425,546
USA,placebo_perm_009,placebo_perm,core,14,0.14285714285714285,0.04355209026425617,42,-0.23849125632064752,0.08369757061427695,2.5440923450588913,546,-0.11119681588447224,0.08258555765622616,5.880135447614742,546
USA,placebo_perm_010,placebo_perm,core,14,0.21428571428571427,0.007949592675251485,42,-0.2661591572700502,0.09573547883513914,2.2398378336893763,546,-0.10405839331133912,0.09654438270045501,6.308217446689735,546
USA,placebo_perm_011,placebo_perm,core,14,0.14285714285714285,0.21344093397189565,42,-0.1939709933024188,0.08101499830040207,3.2144383653469863,546,-0.07532111425410297,0.08423619235209717,8.851465006540364,546
USA,placebo_perm_012,placebo_perm,core,14,0.09523809523809523,0.036374689766426715,42,-0.19283322329152336,0.08389639322495396,3.2356040579927554,546,-0.05698533952783219,0.08498672419260546,11.813642839422084,546
USA,placebo_perm_013,placebo_perm,core,14,0.19047619047619047,0.011718013087794861,42,-0.20797060616639695,0.07076498928362634,2.972880295904324,546,-0.03495585868806774,0.05011060002460512,19.48058456166369,546
USA,placebo_perm_014,placebo_perm,core,14,0.2857142857142857,6.132656720607725e-07,42,-0.2373354793529856,0.08999141331895025,2.558333141616307,546,-0.09200641135077756,0.09000860054433475,7.181535651590017,546
USA,placebo_perm_015,placebo_perm,core,14,0.16666666666666666,3.629128090389494e-06,42,-0.22022113744395422,0.08038523633838497,2.7865783594902704,546,-0.0695037560764134,0.06093706601737237,9.622067490178964,546
USA,placebo_perm_016,placebo_perm,core,14,0.21428571428571427,0.0008313147549802904,42,-0.22649383211803553,0.0905865251314626,2.6989438819405334,546,0.016699196826136523,0.05124547777857039,,546
USA,placebo_perm_017,placebo_perm,core,14,0.19047619047619047,4.1454895334241107e-05,42,-0.2115706270659658,0.0775272320792027,2.915906114111667,546,-0.03747855206110587,0.058445480780035156,18.145722660627495,546
USA,placebo_perm_018,placebo_perm,core,14,0.09523809523809523,0.02520102539062517,42,-0.1996599232255801,0.08042995366300786,3.112211326913499,546,-0.02731305825031744,0.07115519749928505,25.029694586048286,546
USA,placebo_perm_019,placebo_perm,core,14,0.11904761904761904,3.2513248082921595e-05,42,-0.25638692629658927,0.09627465955096737,2.3398602022360815,546,-0.11662925618203554,0.08940039270886578,5.589432420702479,546
USA,placebo_perm_020,placebo_perm,core,14,0.14285714285714285,0.2564923722243435,42,-0.18606597944931674,0.07008763315311647,3.366819223690106,546,-0.0553676438173602,0.057271945177654,12.169130115169661,546
USA,placebo_perm_021,placebo_perm,core,14,0.16666666666666666,1.424493281373715e-07,42,-0.24571713535088066,0.08501826927964977,2.458074812485516,546,-0.09578338229296827,0.08096053482457057,6.884223593499903,546
USA,placebo_perm_022,placebo_perm,core,14,0.11904761904761904,0.0031555425088018547,42,-0.25646206071377725,0.07630989979619782,2.339062354355427,546,-0.08670621143342795,0.06260382978057426,7.642392666845522,546
USA,placebo_perm_023,placebo_perm,core,14,0.11904761904761904,0.05599436765573423,42,-0.25455850759496423,0.07938879653832942,2.3594200273399037,546,-0.08113371500342302,0.06743067466538469,8.191808806979902,546
USA,placebo_perm_024,placebo_perm,core,14,0.21428571428571427,0.001526790411834523,42,-0.17830789360047827,0.07986485835185599,3.529450954071941,546,0.0256640294432531,0.04209217094260063,,546
USA,placebo_perm_025,placebo_perm,core,14,0.21428571428571427,4.9114574765190796e-05,42,-0.2616173054626058,0.09655326646165892,2.2854042337945115,546,-0.06359766157571102,0.08116843936380595,10.548572425334507,546
USA,placebo_perm_026,placebo_perm,core,14,0.14285714285714285,0.0004705023924634278,42,-0.17050984881020834,0.07810480465057464,3.7077789207870553,546,-0.0035197462950710304,0.054940058548637836,196.58422925594803,546
USA,placebo_perm_027,placebo_perm,core,14,0.21428571428571427,1.4324889777813178e-07,42,-0.18399106286624867,0.06797635591516164,3.4089769193232304,546,-0.040396313480789356,0.05403301976152513,16.80971882250652,546
USA,placebo_perm_028,placebo_perm,core,14,0.19047619047619047,0.010095377896729815,42,-0.1927295163529706,0.07589106833019654,3.237545670012143,546,-0.059876902123578775,0.06848672708714384,11.226063246279882,546
USA,placebo_perm_029,placebo_perm,core,14,0.14285714285714285,0.021827968736486823,42,-0.16668811656623628,0.060247715691988724,3.801247355709496,546,-0.03189706088184528,0.03885019132309805,21.382307884168682,546
USA,placebo_perm_030,placebo_perm,core,14,0.16666666666666666,1.6022585995203075e-06,42,-0.26400951048387244,0.09465701096258793,2.2612106646204095,546,-0.08306674552817034,0.07739482950496034,7.992878403178822,546
USA,placebo_perm_031,placebo_perm,core,14,0.14285714285714285,0.0003109036294520263,42,-0.2202757399832903,0.08909058105853254,2.7857941151318726,546,-0.1063937781421589,0.08067129121256002,6.1618522364781,546
USA,placebo_perm_032,placebo_perm,core,14,0.23809523809523808,0.00033543414938563143,42,-0.2993368481268794,0.08898877616398716,1.9485312291209302,546,-0.1138810710550814,0.07449655908040025,5.733032591597504,546
USA,placebo_perm_033,placebo_perm,core,14,0.19047619047619047,4.253567800002513e-06,42,-0.21396431962042753,0.08501819033032222,2.8790790298531213,546,-0.016516921088923803,0.05794316380564478,41.61834755126532,546
USA,placebo_perm_034,placebo_perm,core,14,0.11904761904761904,0.0018280423053896764,42,-0.2580450221957743,0.09423792464622792,2.322360072185047,546,-0.06096745027121173,0.07297203449506894,11.018928234464775,546
USA,placebo_perm_035,placebo_perm,core,14,0.23809523809523808,1.851746156384414e-08,42,-0.233379573988379,0.10605683496321462,2.608135537578549,546,-0.0893697343615984,0.10486042467338295,7.40396947397017,546
USA,placebo_perm_036,placebo_perm,core,14,0.09523809523809523,0.5377717290476314,42,-0.15177249655327704,0.07251920700886128,4.21093708393776,546,-0.030802592629868123,0.06272630652200575,22.154503613422303,546
USA,placebo_perm_037,placebo_perm,core,14,0.16666666666666666,0.013390165866035315,42,-0.23356169321434106,0.09408385360068901,2.6058059782685974,546,-0.09786996148715534,0.10460747788294847,6.729806266482628,546
USA,placebo_perm_038,placebo_perm,core,14,0.16666666666666666,0.024444454508926343,42,-0.20360735648776074,0.06757677210750403,3.044620122825751,546,-0.05295074784249833,0.056057865771966316,12.740697483769377,546
USA,placebo_perm_039,placebo_perm,core,14,0.16666666666666666,0.028533139598591224,42,-0.2214743446766337,0.07630652654974593,2.7686756595015254,546,-0.10117673439185917,0.07382232245279519,6.498121576811683,546
USA,placebo_perm_040,placebo_perm,core,14,0.19047619047619047,1.7058733648063485e-05,42,-0.232016435803972,0.07279583361220068,2.6256873259498525,546,-0.04509017743724619,0.04624020814314156,15.023226581979438,546
USA,placebo_perm_041,placebo_perm,core,14,0.14285714285714285,0.00983147323147234,42,-0.19776901617354575,0.07928967060612846,3.145540301687966,546,-0.0621881774086848,0.07423976654628466,10.795681885007307,546
USA,placebo_perm_042,placebo_perm,core,14,0.09523809523809523,0.008735124039777064,42,-0.19408712991241012,0.08675995517955025,3.2122917986161763,546,-0.06514535168085292,0.08566253942124295,10.289545398016395,546
USA,placebo_perm_043,placebo_perm,core,14,0.23809523809523808,0.011217426045615788,42,-0.2456065826274091,0.09391237616575852,2.4593529979778217,546,-0.15057563003850022,0.10977924876864317,4.247319823994652,546
USA,placebo_perm_044,placebo_perm,core,14,0.16666666666666666,0.005759539943039554,42,-0.22672231451664396,0.0797205011025036,2.6958427797873865,546,-0.04139773634141588,0.057597460669564116,16.394585372982565,546
USA,placebo_perm_045,placebo_perm,core,14,0.14285714285714285,0.11448953214248851,42,-0.206776544993664,0.06334076707482589,2.9922134469454935,546,-0.05481469517935332,0.04809159176383405,12.295450493165946,546
USA,placebo_perm_046,placebo_perm,core,14,0.21428571428571427,1.4841348649066917e-08,42,-0.29410930040529304,0.09921674145739527,1.9901159633344603,546,-0.08048428704344887,0.09232912596687046,8.260785269447705,546
USA,placebo_perm_047,placebo_perm,core,14,0.11904761904761904,0.002005935400820891,42,-0.22141643568567201,0.07259598541838616,2.769498479180463,546,-0.02299928071804725,0.05295765251422734,29.789858855716687,546
USA,placebo_perm_048,placebo_perm,core,14,0.2619047619047619,5.180615267843936e-07,42,-0.18970752146436803,0.07813926781991895,3.2950520128238443,546,-0.01765362675497077,0.04562005151926984,38.91612454213313,546
USA,placebo_perm_049,placebo_perm,core,14,0.19047619047619047,0.007431336160273416,42,-0.19443877820981686,0.07096984286235349,3.205807810585606,546,-0.054955133106408274,0.046721443468868556,12.263126878422172,546
USA,placebo_random_000,placebo_fixed_nominal,core,14,0.11904761904761904,0.010192083155509275,42,-0.2581736051310111,0.07408345681623989,2.321012273744054,546,-0.11989354885873693,0.11786588188920688,5.427406559537786,546
USA,placebo_random_001,placebo_fixed_nominal,core,14,0.14285714285714285,0.001479115970811048,42,-0.2709510723795099,0.06225395180184062,2.1934035532957568,546,-0.13902975193203668,0.078454316217559,4.630386127906527,546
USA,placebo_random_002,placebo_fixed_nominal,core,14,0.16666666666666666,0.0019619161860137567,42,-0.28385905570430237,0.09684710337633154,2.076047524816432,546,-0.1679857904552786,0.14613427890503267,3.769034653088015,546
USA,placebo_random_003,placebo_fixed_nominal,core,14,0.21428571428571427,3.293743625724646e-10,42,-0.31529118455410143,0.07150839131363552,1.8300354300825616,546,-0.10643649113645792,0.10367330161102187,6.1592350370969084,546
USA,placebo_random_004,placebo_fixed_nominal,core,14,0.19047619047619047,0.0004903003301882098,42,-0.3424182440797647,0.0968613589982766,1.6535544710038428,546,-0.19792354822811006,0.14955279357366166,3.1427927459320397,546
USA,placebo_random_005,placebo_fixed_nominal,core,14,0.16666666666666666,0.0004357602273840267,42,-0.31144417463988666,0.08529904566969053,1.8575122150273142,546,-0.1915943804514943,0.1285566783518862,3.258934632410604,546
USA,placebo_random_006,placebo_fixed_nominal,core,14,0.11904761904761904,0.0024140582021778463,42,-0.210398392282529,0.04710042649826488,2.934245027823598,546,-0.029010559278136783,0.04498145258726081,23.544653120898435,546
USA,placebo_random_007,placebo_fixed_nominal,core,14,0.09523809523809523,0.0056337077811732805,42,-0.2547199336662431,0.08784537845986597,2.357681937747119,546,-0.08203348781077682,0.10366796707376147,8.098046585938455,546
USA,placebo_random_008,placebo_fixed_nominal,core,14,0.09523809523809523,0.24641988125948341,42,-0.22247798430658142,0.06445690927791327,2.7544827433470362,546,-0.10907316256690648,0.09097854821211503,6.00163970195555,546
USA,placebo_random_009,placebo_fixed_nominal,core,14,0.11904761904761904,3.492503057635885e-05,42,-0.3355395602220559,0.10419321375993389,1.6956487312758055,546,-0.17591294297438909,0.1674761612968721,3.5825428694214327,546
USA,placebo_random_010,placebo_fixed_nominal,core,14,0.23809523809523808,4.486463041290412e-06,42,-0.24956423103102304,0.05989974399314901,2.414295524357365,546,-0.09006506041793183,0.06282279639591085,7.344047389577773,546
USA,placebo_random_011,placebo_fixed_nominal,core,14,0.14285714285714285,8.375604419212589e-05,42,-0.2640829252651622,0.07208186690005694,2.2604750535596287,546,-0.0528180755107689,0.09378972524375856,12.773587038396274,546
USA,placebo_random_012,placebo_fixed_nominal,core,14,0.21428571428571427,2.632898985007004e-08,42,-0.32990459281259127,0.10005488828544307,1.731417119308238,546,-0.22686280331990968,0.1809214296765975,2.693939062048611,546
USA,placebo_random_013,placebo_fixed_nominal,core,14,0.16666666666666666,2.0590437242015666e-06,42,-0.31484646880952966,0.0922185510968191,1.8331779225329004,546,-0.1508640063698515,0.14898418812451264,4.238501005158737,546
USA,placebo_random_014,placebo_fixed_nominal,core,14,0.16666666666666666,0.0260570689098214,42,-0.22888693631869206,0.07619614426419591,2.6667684624036836,546,-0.1190490159403317,0.11831703152488829,5.468474809906775,546
USA,placebo_random_015,placebo_fixed_nominal,core,14,0.19047619047619047,4.7771215618127776e-08,42,-0.24933202272437976,0.07104345335406188,2.4169000023502414,546,-0.11140236417817159,0.10132934331907092,5.868620647494262,546
USA,placebo_random_016,placebo_fixed_nominal,core,14,0.19047619047619047,9.921242863386441e-09,42,-0.29990805218997996,0.07975586481699297,1.9440741142953737,546,-0.18859453449735444,0.12381340645093676,3.3166937622255523,546
USA,placebo_random_017,placebo_fixed_nominal,core,14,0.11904761904761904,0.002359581322996552,42,-0.2512142667274303,0.07910083062247882,2.3959260769924127,546,-0.12473544578398803,0.12017593845638913,5.202671407529632,546
USA,placebo_random_018,placebo_fixed_nominal,core,14,0.09523809523809523,0.0011713056303372545,42,-0.2698048891909771,0.06457605826501221,2.2043615737041953,546,-0.052495338291386195,0.07010394513812394,12.854287700671652,546
USA,placebo_random_019,placebo_fixed_nominal,core,14,0.19047619047619047,6.538635284715065e-05,42,-0.2531486960304484,0.05901428028234338,2.3746930300573013,546,-0.09745301005488786,0.09005355105406403,6.7601345915927,546
USA,placebo_random_020,placebo_fixed_nominal,core,14,0.16666666666666666,0.0001241316725606608,42,-0.25985101747760897,0.0667313769551424,2.3035508836656513,546,-0.09864727451142034,0.1198277026387385,6.673949729926787,546
USA,placebo_random_021,placebo_fixed_nominal,core,14,0.19047619047619047,4.300870323837403e-06,42,-0.24668205706933272,0.08568577509649056,2.4469668731120024,546,-0.1272902388436169,0.08680474010815968,5.090971556797858,546
USA,placebo_random_022,placebo_fixed_nominal,core,14,0.19047619047619047,0.0021416542323950136,42,-0.2579175099692258,0.08196445555327478,2.3236979631860497,546,-0.08538251070387576,0.08861741160716494,7.766411909531305,546
USA,placebo_random_023,placebo_fixed_nominal,core,14,0.14285714285714285,1.7273411721478266e-05,42,-0.23219720081093737,0.06584066628025333,2.6233480200901136,546,-0.09850106391555101,0.11006546591908116,6.68438894948529,546
USA,placebo_random_024,placebo_fixed_nominal,core,14,0.21428571428571427,1.2152596757446257e-07,42,-0.3034265714251841,0.09201044263427179,1.9169844007687253,546,-0.14484640121328637,0.16896370356839843,4.429786353949625,546
USA,placebo_random_025,placebo_fixed_nominal,core,14,0.16666666666666666,6.395776583008569e-08,42,-0.31252203115233396,0.09067533579255671,1.8497465192898064,546,-0.10963137747935381,0.12049792091329428,5.96924608628839,546
USA,placebo_random_026,placebo_fixed_nominal,core,14,0.11904761904761904,0.0001456211441241494,42,-0.3103735649113459,0.1052484556934915,1.8652783418405972,546,-0.2185153057794848,0.17584677380151417,2.8112750784373612,546
USA,placebo_random_027,placebo_fixed_nominal,core,14,0.16666666666666666,0.0008567581983133407,42,-0.24441153841763155,0.05764474039015501,2.4732430710880813,546,-0.0016897244260103523,0.06285344530801881,409.86647939615455,546
USA,placebo_random_028,placebo_fixed_nominal,core,14,0.16666666666666666,9.269776028228e-05,42,-0.25266213632397233,0.08425331267977942,2.3800033434473926,546,-0.10360098485336587,0.10961487831108244,6.337656479511603,546
USA,placebo_random_029,placebo_fixed_nominal,core,14,0.2619047619047619,7.84663520143831e-08,42,-0.23031173405187702,0.055699688138629175,2.647927519520248,546,-0.037337017094663076,0.05685257916654051,18.215839025022245,546
USA,placebo_random_030,placebo_fixed_nominal,core,14,0.14285714285714285,0.008497017534997084,42,-0.3439099434531979,0.10049802128900699,1.6446442265735939,546,-0.22161482010903463,0.17834742080197463,2.766681442511237,546
USA,placebo_random_031,placebo_fixed_nominal,core,14,0.09523809523809523,0.0020220445897527243,42,-0.3498842420044175,0.09863143348585209,1.6097059572631054,546,-0.21310570504616366,0.17535100320634148,2.8921942167710037,546
USA,placebo_random_032,placebo_fixed_nominal,core,14,0.19047619047619047,0.00015769641216693362,42,-0.22299165162772253,0.049287020453912166,2.747267876137699,546,-0.057722127562909745,0.05890304968051191,11.658336636366208,546
USA,placebo_random_033,placebo_fixed_nominal,core,14,0.09523809523809523,8.141262751670866e-07,42,-0.2660733611048955,0.0883377304142796,2.2406843053023686,546,-0.11730287631362264,0.11562347625357454,5.555259329024903,546
USA,placebo_random_034,placebo_fixed_nominal,core,14,0.14285714285714285,8.023043288208355e-10,42,-0.2707084221131648,0.08559599966307603,2.1957157300376,546,-0.11901180415743756,0.13460108631925763,5.470297745318461,546
USA,placebo_random_035,placebo_fixed_nominal,core,14,0.16666666666666666,8.278281017830663e-05,42,-0.2726095318460592,0.07708727380337092,2.1777094809332804,546,-0.08194796071236778,0.08429378824978333,8.106870570070393,546
USA,placebo_random_036,placebo_fixed_nominal,core,14,0.14285714285714285,0.0002915707571139496,42,-0.2836652810739655,0.08726508466356923,2.0777311322722363,546,-0.17706942151419655,0.11026868015319766,3.5567270527126555,546
USA,placebo_random_037,placebo_fixed_nominal,core,14,0.16666666666666666,1.9529158951328972e-05,42,-0.2957678122923276,0.08032467538107621,1.9767653913068441,546,-0.07861316326950267,0.10758968659262381,8.465887424767464,546
USA,placebo_random_038,placebo_fixed_nominal,core,14,0.2619047619047619,6.84112756936155e-11,42,-0.2660296629352156,0.09033392109815878,2.2411156427307866,546,-0.10641633033177021,0.1145095361026737,6.160470110328304,546
USA,placebo_random_039,placebo_fixed_nominal,core,14,0.16666666666666666,9.053902525561953e-07,42,-0.24719110151891732,0.06295455776618036,2.441141553443496,546,-0.053135708601785986,0.06682729811143459,12.695119617788642,546
USA,placebo_random_040,placebo_fixed_nominal,core,14,0.11904761904761904,0.0005492106956307959,42,-0.32859588713783394,0.08920486742302271,1.739896835986154,546,-0.19620757657583435,0.17823171203308424,3.1735441546460548,546
USA,placebo_random_041,placebo_fixed_nominal,core,14,0.16666666666666666,6.547065056249872e-08,42,-0.23505605564371185,0.05070896999543244,2.5868264084192063,546,-0.04082992101355677,0.06597489570412159,16.62747021614974,546
USA,placebo_random_042,placebo_fixed_nominal,core,14,0.19047619047619047,4.0661303429528596e-07,42,-0.2240578468382223,0.0737962360037721,2.7323972735261624,546,-0.0912551459833167,0.08353675209691623,7.243605060032118,546
USA,placebo_random_043,placebo_fixed_nominal,core,14,0.16666666666666666,3.8034828848249096e-06,42,-0.3459269420836738,0.10470422075092504,1.6327162223208096,546,-0.20578780529529628,0.17288263131956624,3.008391166716834,546
USA,placebo_random_044,placebo_fixed_nominal,core,14,0.11904761904761904,0.06937316346311896,42,-0.23298866382241135,0.07190791878763278,2.61314803988193,546,-0.060050627865974836,0.11079252527402572,11.19256275739699,546
USA,placebo_random_045,placebo_fixed_nominal,core,14,0.19047619047619047,7.654755998264751e-06,42,-0.18966338148894607,0.048168992429269294,3.29590548626961,546,-0.032683059178646875,0.059195078123780706,20.85965580485134,546
USA,placebo_random_046,placebo_fixed_nominal,core,14,0.23809523809523808,1.1132699830284798e-08,42,-0.31174305949511255,0.08647012518544422,1.8553535168891009,546,-0.07734252246416996,0.10170973237516157,8.610822389317681,546
USA,placebo_random_047,placebo_fixed_nominal,core,14,0.19047619047619047,6.379016136765069e-10,42,-0.31278642042469545,0.09868880879518512,1.8478497174004334,546,-0.1554693938119412,0.15926336388206655,4.102086376301232,546
USA,placebo_random_048,placebo_fixed_nominal,core,14,0.11904761904761904,0.0010325227191359339,42,-0.24555793711094295,0.06960973235616658,2.4599157882396803,546,-0.13392744772654536,0.08524015781570925,4.820666203319287,546
USA,placebo_random_049,placebo_fixed_nominal,core,14,0.11904761904761904,0.003628509859335803,42,-0.27107441138343913,0.07375541939029197,2.1922298463672374,546,-0.14117657593557512,0.0990087327798501,4.55442771567629,546
USA,symk:A01,commodity_sym,core,14,0.14285714285714285,0.3372980233626155,42,-0.1776960456739578,0.07903291491232602,3.542878935693705,546,-0.09522234574154402,0.06419655808789282,6.926896495552152,546
USA,symk:A02+A03,commodity_sym,core,14,0.11904761904761904,0.030512033286867704,42,-0.15829545715235824,0.07689221894369498,4.022296538712872,546,-0.10195227673961402,0.06897775102180724,6.445957866226963,546
USA,symk:B,commodity_sym,core,14,0.07142857142857142,0.9043746949840157,42,-0.21400626514289167,0.050520795832507986,2.878441000890756,546,-0.17029027573473385,0.0781004530563215,3.7130357986052385,546
USA,symk:C10-12,commodity_sym,core,14,0.11904761904761904,0.008842225666765307,42,-0.21501305190959338,0.08404676362492101,2.8632011597084115,546,-0.13206307385957736,0.07727927305566293,4.893854964593963,546
USA,symk:C13-15,commodity_sym,core,14,0.09523809523809523,0.009478103846184353,42,-0.20054462605311785,0.08043954336663518,3.0968324604385433,546,-0.12921269403424457,0.07288172506527736,5.00982631556598,546
USA,symk:C16,commodity_sym,core,14,0.07142857142857142,0.017422883313320977,42,-0.2505478758806967,0.09109645318075221,2.4033159521786898,546,-0.16414857960789456,0.0874792709972772,3.865756488490335,546
USA,symk:C17,commodity_sym,core,14,0.11904761904761904,0.006327844039649053,42,-0.20540499669870452,0.08719948966364345,3.014696280033506,546,-0.10973083875617584,0.07257922290405719,5.9635088289439055,546
USA,symk:C18,commodity_sym,core,14,0.07142857142857142,0.003952750714474689,42,-0.2661635444401127,0.0994626863961161,2.239794564058544,546,-0.14036924676264334,0.09181331314529256,4.582720418169587,546
USA,symk:C19,commodity_sym,core,14,0.09523809523809523,0.6328112439666062,42,-0.21538426621697124,0.09266678318160264,2.857617801121183,546,-0.11365129419664116,0.0701559928833723,5.745353242635045,546
USA,symk:C20+C21,commodity_sym,core,14,0.16666666666666666,0.0013919382644936907,42,-0.20818370525916616,0.09332877774000775,2.9694531927417738,546,-0.12375987844167269,0.09415030548156789,5.246539614715585,546
USA,symk:C22,commodity_sym,core,14,0.11904761904761904,0.001339420787961687,42,-0.22221612706314336,0.09062456336555424,2.7581734960882685,546,-0.11694942989685937,0.07387964105852914,5.5731408242201415,546
USA,symk:C23,commodity_sym,core,14,0.14285714285714285,0.0010510341336594433,42,-0.26895120072445694,0.10090683229033308,2.2125833138900277,546,-0.15776416526424303,0.09712289851188304,4.037079191534077,546
USA,symk:C24,commodity_sym,core,14,0.14285714285714285,0.08553341647076138,42,-0.21722019664156614,0.08468079189371523,2.830282972993109,546,-0.12346852325319019,0.07904841978993803,5.25977516811424,546
USA,symk:C25,commodity_sym,core,14,0.19047619047619047,5.925055073058243e-06,42,-0.24049261086611678,0.09684802641764646,2.5197542793461554,546,-0.13171142345146597,0.0850277033194895,4.907891359237823,546
USA,symk:C26,commodity_sym,core,14,0.09523809523809523,0.012392715012254554,42,-0.21184425799525564,0.07728478966420367,2.9116543842676688,546,-0.14745957754736216,0.07332660393831185,4.344806351803026,546
USA,symk:C27,commodity_sym,core,14,0.07142857142857142,0.012374871787779521,42,-0.17968191993688856,0.07349084424605065,3.499627848827811,546,-0.10677596309188721,0.06044557743737992,6.138508575351196,546
USA,symk:C28,commodity_sym,core,14,0.11904761904761904,0.2728726907946581,42,-0.2634471861164303,0.1013984493529725,2.266858588539854,546,-0.14978196121775217,0.09648052145813205,4.271765876125555,546
USA,symk:C29,commodity_sym,core,14,0.07142857142857142,0.0891109311391369,42,-0.238082055024528,0.08847470147189078,2.549118581284754,546,-0.14438708588325783,0.08541677417840224,4.445040336043209,546
USA,symk:C30,commodity_sym,core,14,0.07142857142857142,0.08684518237622502,42,-0.2229852735401248,0.09183724440886708,2.7473572588844855,546,-0.10266552958120354,0.06605073131815582,6.398678796068736,546
USA,symk:C31_32,commodity_sym,core,14,0.11904761904761904,0.001112136014527761,42,-0.23438715099774704,0.08789083313529604,2.5952923036607656,546,-0.14467193473284842,0.07989273257350446,4.435569048306343,546
USA,symk:C33,commodity_sym,core,14,0.11904761904761904,0.1340662507937866,42,-0.22195156142483413,0.08548087137415775,2.7619112136740562,546,-0.1426413238227476,0.07420971980673426,4.503911844454522,546
USA,symk:D35,commodity_sym,core,14,0.047619047619047616,0.3077940880430972,42,-0.23549975640029414,0.09712869360104304,2.581237123213648,546,-0.1222558194185744,0.07981842542950358,5.315542036213726,546
USA,symk:E36,commodity_sym,core,14,0.023809523809523808,0.8828753821750773,42,-0.22030357319350335,0.08517411671115745,2.7853945015193093,546,-0.12008442765918681,0.07350111306808808,5.418204355312251,546
USA,symk:E37-39,commodity_sym,core,14,0.09523809523809523,0.01696339699595683,42,-0.22287760552631802,0.08812548158895686,2.7488668896947557,546,-0.1257137716114147,0.07689039324208943,5.159361831749899,546
USA,symk:F,commodity_sym,core,14,0.09523809523809523,0.2578356380835109,42,-0.2854318294718728,0.10014294420470471,2.0624661497470798,546,-0.19576684310738818,0.1076235929915064,3.1815290284885016,546
USA,symk:G45,commodity_sym,core,14,0.11904761904761904,0.006025855696021357,42,-0.2544795984344053,0.09522355234145957,2.3602704453406305,546,-0.15680602376708902,0.08707745730257561,4.06399104260527,546
USA,symk:G46,commodity_sym,core,14,0.19047619047619047,0.00032005988707589574,42,-0.25290657131304195,0.0976858619913367,2.377333046542867,546,-0.15725655542631953,0.09928363991137396,4.051295971914196,546
USA,symk:G47,commodity_sym,core,14,0.11904761904761904,0.007206952046726226,42,-0.23042859855616127,0.08876004583738943,2.6463924232925886,546,-0.14327331953419833,0.07986787965789857,4.482434032824771,546
USA,symk:H49,commodity_sym,core,14,0.14285714285714285,0.41799688111437283,42,-0.2479835227607307,0.10204538481989536,2.4321205957439798,546,-0.16268429164147322,0.1072388676220575,3.90386492144756,546
USA,symk:H50,commodity_sym,core,14,0.047619047619047616,0.8938459562651523,42,-0.250188551529459,0.09269723839849954,2.4073168487879624,546,-0.18306673914867472,0.10156321358539507,3.42806361721744,546
USA,symk:H51,commodity_sym,core,14,0.09523809523809523,0.012066135686003631,42,-0.18131471888001807,0.0766436395847004,3.4647737157829073,546,-0.12144104157120943,0.07459102477681046,5.353634633613677,546
USA,symk:H52,commodity_sym,core,14,0.07142857142857142,0.5314067438352856,42,-0.11938671132938704,0.05919047332224265,5.4519836221759315,546,-0.06098514782738257,0.04723993024482096,11.015627885249554,546
USA,symk:H53,commodity_sym,core,14,0.11904761904761904,0.27570330898240764,42,-0.10779080281379219,0.0712917750554213,6.077325153236999,546,-0.07021559115129906,0.05939568102837383,9.52092053605253,546
USA,symk:I,commodity_sym,core,14,0.09523809523809523,0.024171225993476857,42,-0.2006656963042314,0.07886522877827258,3.0947383851339523,546,-0.13014763328465126,0.07008163797576852,4.971228256587515,546
USA,symk:J58,commodity_sym,core,14,0.11904761904761904,0.022476234875572612,42,-0.27103132973051347,0.09399988600889915,2.192639695693216,546,-0.15955774272466217,0.0906585293881019,3.9875684741890374,546
USA,symk:J59_60+J61,commodity_sym,core,14,0.14285714285714285,0.009402287311584084,42,-0.22754350475741844,0.08602686616883799,2.6847481794624093,546,-0.14419205196905496,0.08007412725288399,4.4515467920956056,546
USA,symk:J62_63,commodity_sym,core,14,0.11904761904761904,0.008718110859956704,42,-0.24034608712797037,0.08740456332640827,2.5215224723644676,546,-0.1604373244909246,0.08666570019834884,3.963691557685053,546
USA,symk:K64,commodity_sym,core,14,0.11904761904761904,0.008985831528794737,42,-0.1981944084469076,0.07868951729057527,3.1379871832543054,546,-0.11807635457288912,0.06911382332696041,5.516500620647379,546
USA,symk:K65,commodity_sym,core,14,0.09523809523809523,0.13985755411224132,42,-0.22221315075350404,0.08538408205615033,2.7582154954470406,546,-0.12889757050769426,0.0752345109626683,5.022961835125517,546
USA,symk:K66,commodity_sym,core,14,0.11904761904761904,0.013036755230577438,42,-0.216902883856725,0.08348765768500467,2.8349744922436266,546,-0.12021812555521602,0.07322993179566144,5.411776200701019,546
USA,symk:L,commodity_sym,core,14,0.14285714285714285,0.004125216736677784,42,-0.24082983975668523,0.09324299383075232,2.515692843958449,546,-0.14961128252269676,0.08311547359289044,4.277056810937784,546
USA,symk:M69_70,commodity_sym,core,14,0.09523809523809523,0.5778065343721357,42,-0.2209996150625036,0.08158680595013236,2.7754336642156847,546,-0.14134542400781136,0.07821375795123651,4.548551247808422,546
USA,symk:M71+M72+M73+M74_75,commodity_sym,core,14,0.11904761904761904,0.0014488302824466049,42,-0.234173213245407,0.08628226850975543,2.598010114331661,546,-0.13754713093658266,0.07508803877362097,4.684225235340021,546
USA,symk:N77,commodity_sym,core,14,0.16666666666666666,0.00028616107571408095,42,-0.21718174797852247,0.08514193613692118,2.8308507167022494,546,-0.12067481432995636,0.07393430560318041,5.389926009505994,546
USA,symk:N78+N79+N80-82,commodity_sym,core,14,0.19047619047619047,1.0743936031380977e-07,42,-0.17702075967040662,0.07472084934233598,3.5578065459525194,546,-0.11975270828324111,0.0629116639852589,5.4342152182909675,546
USA,symk:O84,commodity_sym,core,14,0.11904761904761904,0.026767810487217415,42,-0.2332301093112218,0.09128972874737472,2.610050099373604,546,-0.1392723813031729,0.08323161290606784,4.621684340735704,546
USA,symk:P85,commodity_sym,core,14,0.11904761904761904,0.019290668694907677,42,-0.22418866536758292,0.08600672748558966,2.7305823839953542,546,-0.1448028172765647,0.08111708582372376,4.431229641408177,546
USA,symk:Q86,commodity_sym,core,14,0.11904761904761904,0.013477448818697186,42,-0.21795124612830286,0.0850951036729592,2.81952598855731,546,-0.13520530136640335,0.07479010986821712,4.771665867924775,546
USA,symk:Q87_88,commodity_sym,core,14,0.11904761904761904,0.013330356920160064,42,-0.21759172679348043,0.08514291945529297,2.824807133155863,546,-0.13493285696830318,0.07475197869355334,4.782035272084792,546
USA,symk:R90-92+R93,commodity_sym,core,14,0.14285714285714285,0.004130940104816169,42,-0.20758678904343766,0.08433355811071903,2.9790705801605166,546,-0.12827384604817516,0.07468753896125085,5.049150954052507,546
USA,symk:S94+S95+S96,commodity_sym,core,14,0.11904761904761904,0.013775465518618631,42,-0.2237371105804399,0.08635732155263767,2.736855881420068,546,-0.14012408346146488,0.07691500478087002,4.5913765209626245,546
