country,capital,subset,basis,mawd,d,cv_w
DEU,False,all,LV_ck_1000_35_all_n,0.3441623677734957,0.38163778934876386,0.3177351284045683
DEU,False,all,LV_ck_1000_35_all_t,0.34413869547937337,0.381615528312687,0.3176261113363998
DEU,False,all,LV_ck_1000_35_b9_n,0.34410521610058453,0.3815832625793315,0.31746801506347216
DEU,False,all,LV_ck_1000_35_b9_t,0.3440757204602688,0.3815547841146956,0.31732839553532166
DEU,False,all,LV_ck_1000_40_all_n,0.34420804719666515,0.3816812465800088,0.31794780671824413
DEU,False,all,LV_ck_1000_40_all_t,0.34418651605402406,0.38166067997906017,0.3178471780216571
DEU,False,all,LV_ck_1000_40_b9_n,0.3441623677734957,0.3816377893487637,0.3177351284045683
DEU,False,all,LV_ck_1000_40_b9_t,0.3441350949724801,0.3816121577980501,0.31760960103372915
DEU,False,all,LV_ck_1000_45_all_n,0.34424936196519645,0.3817166918128972,0.31812113193066127
DEU,False,all,LV_ck_1000_45_all_t,0.34422692279685274,0.38169760207054976,0.31802780036802253
DEU,False,all,LV_ck_1000_45_b9_n,0.3442080471966652,0.3816812465800089,0.31794780671824413
DEU,False,all,LV_ck_1000_45_b9_t,0.34418364992555744,0.38165795343437886,0.3178338343229033
DEU,False,all,LV_ck_1600_35_all_n,0.34397920574780866,0.38145734116714536,0.3168501346267997
DEU,False,all,LV_ck_1600_35_all_t,0.3439532830475719,0.3814294099620337,0.3167129031400195
DEU,False,all,LV_ck_1600_35_b9_n,0.34387444462210937,0.3813410484336973,0.3162783941480793
DEU,False,all,LV_ck_1600_35_b9_t,0.3438378676079724,0.381301115176051,0.31608185892867524
DEU,False,all,LV_ck_1600_40_all_n,0.34403283645222454,0.38151283057929947,0.31712258107442376
DEU,False,all,LV_ck_1600_40_all_t,0.34400663134664056,0.3814864091135367,0.31699288619068905
DEU,False,all,LV_ck_1600_40_b9_n,0.34394359480137243,0.3814183727038517,0.3166586586648519
DEU,False,all,LV_ck_1600_40_b9_t,0.34391123816207125,0.38138188258917244,0.3164792590140238
DEU,False,all,LV_ck_1600_45_all_n,0.34408016479010783,0.38155905635995774,0.3173493454873798
DEU,False,all,LV_ck_1600_45_all_t,0.3440540536660057,0.38153405103337196,0.3172267029707702
DEU,False,all,LV_ck_1600_45_b9_n,0.3440012207268942,0.3814808194420679,0.3169654408104349
DEU,False,all,LV_ck_1600_45_b9_t,0.34396968621265084,0.38144725702969656,0.3168005961949061
DEU,False,all,LV_ck_2000_35_all_n,0.34388974205185063,0.3813579516535568,0.3163615550871714
DEU,False,all,LV_ck_2000_35_all_t,0.3438624103227329,0.38132783360278316,0.31621336684395374
DEU,False,all,LV_ck_2000_35_b9_n,0.3437536391343294,0.38119573476490676,0.3155628054201202
DEU,False,all,LV_ck_2000_35_b9_t,0.34371589352283266,0.3811498842879323,0.3153368153036288
DEU,False,all,LV_ck_2000_40_all_n,0.34394359480137243,0.3814183727038518,0.3166586586648519
DEU,False,all,LV_ck_2000_40_all_t,0.34391803892985573,0.38138950506202063,0.31651674184486556
DEU,False,all,LV_ck_2000_40_b9_n,0.3438248448765758,0.38128514362993615,0.3160032273309246
DEU,False,all,LV_ck_2000_40_b9_t,0.3437915478148043,0.38124284778363593,0.3157949289595443
DEU,False,all,LV_ck_2000_45_all_n,0.34399045526447775,0.38146931079832136,0.3169089252124647
DEU,False,all,LV_ck_2000_45_all_t,0.3439644121488756,0.3814416877263417,0.31677323356280734
DEU,False,all,LV_ck_2000_45_b9_n,0.34388974205185063,0.38135795165355685,0.3163615550871714
DEU,False,all,LV_ck_2000_45_b9_t,0.3438541016948597,0.38131875375723195,0.31616868067732845
DEU,False,all,LV_edu_years,0.3431145923403961,0.38006208346165476,0.31001393244161507
DEU,False,all,LV_hours,0.34415660633387174,0.38211065511566267,0.319268799433529
DEU,False,all,LV_wagebill,0.26857234531767443,0.3430177194795955,0.23728091057859552
DEU,False,all,PPa,0.23940467692152292,0.2927229823286595,0.22520701935654755
DEU,False,all,PPb,0.279960705356802,0.3210270165955849,0.2560771082976447
DEU,False,all,PPc_ck_1000_35_all_n,0.2769113091011947,0.3197480657400181,0.2539574000639795
DEU,False,all,PPc_ck_1000_35_all_t,0.27677620078963866,0.3196921962727144,0.25385318713688193
DEU,False,all,PPc_ck_1000_35_b9_n,0.27657938649247316,0.31961100780162927,0.25370166016870405
DEU,False,all,PPc_ck_1000_35_b9_t,0.2764046910733406,0.31953913989655774,0.25356744394327196
DEU,False,all,PPc_ck_1000_40_all_n,0.2771734916961212,0.3198567970458983,0.25416007472514496
DEU,False,all,PPc_ck_1000_40_all_t,0.27704966793621616,0.319805393633317,0.2540642823522044
DEU,False,all,PPc_ck_1000_40_b9_n,0.2769113091011947,0.3197480657400182,0.2539574000639795
DEU,False,all,PPc_ck_1000_40_b9_t,0.27675569610739015,0.3196837268963201,0.2538373850083536
DEU,False,all,PPc_ck_1000_45_all_n,0.2773858251323161,0.31994515918887145,0.2543246424356228
DEU,False,all,PPc_ck_1000_45_all_t,0.2772716357348128,0.31989760568585374,0.25423609327180935
DEU,False,all,PPc_ck_1000_45_b9_n,0.2771734916961212,0.3198567970458985,0.25416007472514496
DEU,False,all,PPc_ck_1000_45_b9_t,0.2770332178936568,0.3197985716323407,0.25405156611732294
DEU,False,all,PPc_ck_1600_35_all_n,0.2757997737344964,0.3192917106246295,0.2531047633670756
DEU,False,all,PPc_ck_1600_35_all_t,0.2756242732172565,0.319220340697183,0.25297113701611595
DEU,False,all,PPc_ck_1600_35_b9_n,0.2750639711029665,0.3189931989594375,0.252545373098445
DEU,False,all,PPc_ck_1600_35_b9_t,0.2748080739743918,0.31888984926069197,0.25235141192557564
DEU,False,all,PPc_ck_1600_40_all_n,0.2761456256756014,0.319432903062951,0.2533688984325024
DEU,False,all,PPc_ck_1600_40_all_t,0.2759814076668299,0.31936577145462663,0.253243349119633
DEU,False,all,PPc_ck_1600_40_b9_n,0.2755546573386728,0.31919208210936156,0.2529182079035645
DEU,False,all,PPc_ck_1600_40_b9_t,0.27532381734509176,0.3190984273876024,0.25274270831832435
DEU,False,all,PPc_ck_1600_45_all_n,0.2764309576454783,0.31954993390217373,0.2535876072312592
DEU,False,all,PPc_ck_1600_45_all_t,0.2762769200191772,0.31948669311349764,0.2534694477182245
DEU,False,all,PPc_ck_1600_45_b9_n,0.27594655921419653,0.31935154657389814,0.2532167371959672
DEU,False,all,PPc_ck_1600_45_b9_t,0.2757365223551339,0.3192659669684885,0.253056571905064
DEU,False,all,PPc_ck_2000_35_all_n,0.27517177715713625,0.31903681302940695,0.25262718148151225
DEU,False,all,PPc_ck_2000_35_all_t,0.2749794615154934,0.3189590471364045,0.2524812949865845
DEU,False,all,PPc_ck_2000_35_b9_n,0.2741231052526653,0.31861494123681544,0.2518347835725701
DEU,False,all,PPc_ck_2000_35_b9_t,0.27382026038776996,0.31849430760791153,0.25160777200820583
DEU,False,all,PPc_ck_2000_40_all_n,0.2755546573386728,0.3191920821093615,0.2529182079035645
DEU,False,all,PPc_ck_2000_40_all_t,0.27537214837921314,0.3191180203752202,0.252779433937972
DEU,False,all,PPc_ck_2000_40_b9_n,0.2747051778275872,0.31884838912158087,0.25227356091892816
DEU,False,all,PPc_ck_2000_40_b9_t,0.27443119222380846,0.3187382435054387,0.25206662546618064
DEU,False,all,PPc_ck_2000_45_all_n,0.2758746908724994,0.3193222336892128,0.25316188919336097
DEU,False,all,PPc_ck_2000_45_all_t,0.2757015362956504,0.3192517378732065,0.25302993126047574
DEU,False,all,PPc_ck_2000_45_b9_n,0.2751717771571363,0.31903681302940673,0.25262718148151225
DEU,False,all,PPc_ck_2000_45_b9_t,0.2749213234338155,0.31893555360583736,0.2524372054196418
DEU,False,all,PPc_edu_years,0.266011188301742,0.3153866989470684,0.2457175142433142
DEU,False,core,LV_ck_1000_35_all_n,0.19868764110546439,0.28902161241997787,0.24534012652377138
DEU,False,core,LV_ck_1000_35_all_t,0.19860294802652384,0.28900445462501206,0.24518237517734262
DEU,False,core,LV_ck_1000_35_b9_n,0.1984795383398242,0.2889798422647516,0.2449530034772578
DEU,False,core,LV_ck_1000_35_b9_t,0.19836996213735464,0.28895837510922345,0.244749837547216
DEU,False,core,LV_ck_1000_40_all_n,0.1988527644818008,0.2890555163029958,0.24564692275750835
DEU,False,core,LV_ck_1000_40_all_t,0.1987743509677836,0.28903940406288114,0.2455019185053708
DEU,False,core,LV_ck_1000_40_b9_n,0.1986876411054644,0.2890216124199782,0.24534012652377138
DEU,False,core,LV_ck_1000_40_b9_t,0.1985900928429203,0.289001869317672,0.24515845487539
DEU,False,core,LV_ck_1000_45_all_n,0.1989879592462038,0.2890835626525902,0.24589603250764075
DEU,False,core,LV_ck_1000_45_all_t,0.1989152604667144,0.28906841431432767,0.2457619941089668
DEU,False,core,LV_ck_1000_45_b9_n,0.19885276448180078,0.2890555163029958,0.24564692275750835
DEU,False,core,LV_ck_1000_45_b9_t,0.19876404278309656,0.28903727702598303,0.24548266945447633
DEU,False,core,LV_ck_1600_35_all_n,0.1980046215327946,0.28888679578556214,0.2440494969973906
DEU,False,core,LV_ck_1600_35_all_t,0.19790277253122207,0.2888668289935746,0.24384724501589608
DEU,False,core,LV_ck_1600_35_b9_n,0.19759386791460784,0.28880534911079525,0.24320288160121928
DEU,False,core,LV_ck_1600_35_b9_t,0.1974541208203036,0.2887784319268123,0.2429093716302618
DEU,False,core,LV_ck_1600_40_all_n,0.19820828926198358,0.2889271967500158,0.24444930060452882
DEU,False,core,LV_ck_1600_40_all_t,0.19811136455174985,0.28890783926566865,0.24425926231883607
DEU,False,core,LV_ck_1600_40_b9_n,0.19786304736789823,0.28885900842032247,0.24376713551606272
DEU,False,core,LV_ck_1600_40_b9_t,0.19773658144251074,0.28883343732608474,0.24350152223332583
DEU,False,core,LV_ck_1600_45_all_n,0.19838643977614506,0.28896158005706823,0.24478035898395026
DEU,False,core,LV_ck_1600_45_all_t,0.19829005141427777,0.2889428999443742,0.24460150034944708
DEU,False,core,LV_ck_1600_45_b9_n,0.1980908174106871,0.28890377196559497,0.2442189816479808
DEU,False,core,LV_ck_1600_45_b9_t,0.19796791897597485,0.28887955817201366,0.24397655533313434
DEU,False,core,LV_ck_2000_35_all_n,0.19765309845431206,0.28881690782587166,0.24332668489069706
DEU,False,core,LV_ck_2000_35_all_t,0.19754740815359542,0.28879638057223295,0.24310591311223745
DEU,False,core,LV_ck_2000_35_b9_n,0.19710199194031325,0.2887101207288025,0.24212773630140003
DEU,False,core,LV_ck_2000_35_b9_t,0.1969566541198438,0.28868168181673,0.2417843606057963
DEU,False,core,LV_ck_2000_40_all_n,0.19786304736789825,0.2888590084203221,0.2437671355160627
DEU,False,core,LV_ck_2000_40_all_t,0.1977630813915566,0.2888387425376663,0.24355710403972922
DEU,False,core,LV_ck_2000_40_b9_n,0.1973986579931981,0.28876782192870276,0.24279157199355342
DEU,False,core,LV_ck_2000_40_b9_t,0.19725277376331415,0.28874016312866113,0.242478473160141
DEU,False,core,LV_ck_2000_45_all_n,0.19804843770789118,0.28889542872762314,0.24413596265194934
DEU,False,core,LV_ck_2000_45_all_t,0.19794761566369798,0.2888755749254301,0.24393623295741945
DEU,False,core,LV_ck_2000_45_b9_n,0.19765309845431206,0.2888169078258716,0.24332668489069706
DEU,False,core,LV_ck_2000_45_b9_t,0.19751540709431278,0.2887902531938976,0.24303919461232867
DEU,False,core,LV_edu_years,0.1941402041715066,0.28832289842316694,0.23292216467807722
DEU,False,core,LV_hours,0.19958070266528222,0.28916282140778343,0.24751586599683165
DEU,False,core,LV_wagebill,0.11153344382934781,0.240889905003351,0.13993754423190582
DEU,False,core,PPa,0.11752245248717366,0.21515788819819834,0.13682987249429407
DEU,False,core,PPb,0.14341015398604276,0.2392599479314039,0.16852174376123932
DEU,False,core,PPc_ck_1000_35_all_n,0.14135129758291104,0.23787329068852184,0.16657330839574744
DEU,False,core,PPc_ck_1000_35_all_t,0.14124682404845595,0.23781061476307014,0.16647185209467494
DEU,False,core,PPc_ck_1000_35_b9_n,0.14109464579232572,0.23771962444178324,0.16632431798511144
DEU,False,core,PPc_ck_1000_35_b9_t,0.1409595625620851,0.23763916934670273,0.16619362363559978
DEU,False,core,PPc_ck_1000_40_all_n,0.14155399168278887,0.2379954095612748,0.16677059675620517
DEU,False,core,PPc_ck_1000_40_all_t,0.14145826987277257,0.23793765404195627,0.16667735435991513
DEU,False,core,PPc_ck_1000_40_b9_n,0.14135129758291104,0.23787329068852206,0.16657330839574744
DEU,False,core,PPc_ck_1000_40_b9_t,0.1412309674053087,0.23780111792576536,0.16645646720701116
DEU,False,core,PPc_ck_1000_45_all_n,0.14171810786782763,0.23809478626006125,0.166930765847933
DEU,False,core,PPc_ck_1000_45_all_t,0.14162985329712774,0.23804129021186812,0.16684458628301013
DEU,False,core,PPc_ck_1000_45_b9_n,0.14155399168278887,0.23799540956127493,0.16677059675620517
DEU,False,core,PPc_ck_1000_45_b9_t,0.14144555228585104,0.23792999211786134,0.16666497606173364
DEU,False,core,PPc_ck_1600_35_all_n,0.14049362844340846,0.23736283537695296,0.16574298176958063
DEU,False,core,PPc_ck_1600_35_all_t,0.14035866730794092,0.23728332300228866,0.16561280417683819
DEU,False,core,PPc_ck_1600_35_b9_n,0.1399266153282908,0.23703086981489196,0.16519795061545278
DEU,False,core,PPc_ck_1600_35_b9_t,0.13972873918458392,0.23691631524063175,0.16500892262547492
DEU,False,core,PPc_ck_1600_40_all_n,0.1407595257014671,0.2375203951946824,0.166000263180656
DEU,False,core,PPc_ck_1600_40_all_t,0.14063328273863837,0.2374454390291107,0.16587797773732435
DEU,False,core,PPc_ck_1600_40_b9_n,0.14030512604400988,0.23725186514301802,0.16556123777742457
DEU,False,core,PPc_ck_1600_40_b9_t,0.1401272542912282,0.23714770882572384,0.16539024343354305
DEU,False,core,PPc_ck_1600_45_all_n,0.14097987469321954,0.23765124767337184,0.16621325870847162
DEU,False,core,PPc_ck_1600_45_all_t,0.14086074869331242,0.23758050964188168,0.16609819025496161
DEU,False,core,PPc_ck_1600_45_b9_n,0.14060649039238474,0.23742956601210932,0.16585205618865426
DEU,False,core,PPc_ck_1600_45_b9_t,0.14044499025311105,0.23733414442940237,0.16569603548297684
DEU,False,core,PPc_ck_2000_35_all_n,0.14000987579303378,0.2370792716353478,0.16527767152541978
DEU,False,core,PPc_ck_2000_35_all_t,0.13986131763890142,0.23699299339529029,0.1651355047229505
DEU,False,core,PPc_ck_2000_35_b9_n,0.1392044539655416,0.23661259105811988,0.164505331897869
DEU,False,core,PPc_ck_2000_35_b9_t,0.1389733021565615,0.23647978144330223,0.16428400667950657
DEU,False,core,PPc_ck_2000_40_all_n,0.14030512604400988,0.2372518651430179,0.16556123777742457
DEU,False,core,PPc_ck_2000_40_all_t,0.14016452009896083,0.23716948581348699,0.165426027921635
DEU,False,core,PPc_ck_2000_40_b9_n,0.13964928921806666,0.23687041630291472,0.16493304552165608
DEU,False,core,PPc_ck_2000_40_b9_t,0.13943991559325583,0.23674863725711104,0.16473134053848962
DEU,False,core,PPc_ck_2000_45_all_n,0.14055123346416684,0.23739686779567215,0.1657986294949157
DEU,False,core,PPc_ck_2000_45_all_t,0.14041808590331833,0.23731829125361975,0.16567008249937293
DEU,False,core,PPc_ck_2000_45_b9_n,0.1400098757930338,0.2370792716353479,0.16527767152541975
DEU,False,core,PPc_ck_2000_45_b9_t,0.13981634675297056,0.2369669502042775,0.16509253679688446
DEU,False,core,PPc_edu_years,0.1328647603391108,0.23318476737494567,0.15854153342676938
DEU,True,all,LV_ck_1000_35_all_n,0.1577417779118861,0.18047403054993966,0.20379993323888204
DEU,True,all,LV_ck_1000_35_all_t,0.15768238031538603,0.18040288789850326,0.20368797918456752
DEU,True,all,LV_ck_1000_35_b9_n,0.15759672166238975,0.18029968471689836,0.2035255662732375
DEU,True,all,LV_ck_1000_35_b9_t,0.15752058682579478,0.18020850932612786,0.2033820777344175
DEU,True,all,LV_ck_1000_40_all_n,0.15785929354238712,0.18061277180962723,0.2040182488212876
DEU,True,all,LV_ck_1000_40_all_t,0.15780369806708233,0.18054713422438207,0.2039149680354553
DEU,True,all,LV_ck_1000_40_b9_n,0.1577417779118861,0.18047403054994007,0.20379993323888204
DEU,True,all,LV_ck_1000_40_b9_t,0.15767346188132245,0.18039211200689978,0.20367102127156977
DEU,True,all,LV_ck_1000_45_all_n,0.15795469208198498,0.18072579643306758,0.20419607845310442
DEU,True,all,LV_ck_1000_45_all_t,0.15790340615108595,0.18066494007977058,0.20410033134178948
DEU,True,all,LV_ck_1000_45_b9_n,0.15785929354238717,0.18061277180962715,0.20401824882128758
DEU,True,all,LV_ck_1000_45_b9_t,0.15779633932496662,0.18053842942451873,0.20390127061578953
DEU,True,all,LV_ck_1600_35_all_n,0.15725710342287894,0.1798959273945124,0.20289015481019743
DEU,True,all,LV_ck_1600_35_all_t,0.1571870353159379,0.1798061525246635,0.20274888494786783
DEU,True,all,LV_ck_1600_35_b9_n,0.15696458428308815,0.17952162592899054,0.2023012359578267
DEU,True,all,LV_ck_1600_35_b9_t,0.1568626869632373,0.17939277895131003,0.20209857859287506
DEU,True,all,LV_ck_1600_40_all_n,0.15740750420300006,0.18007404543528036,0.20317046195925967
DEU,True,all,LV_ck_1600_40_all_t,0.15733571311168282,0.17998927249711122,0.20303705096359298
DEU,True,all,LV_ck_1600_40_b9_n,0.157159344538684,0.1797706554985363,0.20269302950600904
DEU,True,all,LV_ck_1600_40_b9_t,0.15706771940272043,0.1796532115438913,0.20250824236567452
DEU,True,all,LV_ck_1600_45_all_n,0.15753204036475718,0.1802221923045441,0.20340361164710416
DEU,True,all,LV_ck_1600_45_all_t,0.1574648410622792,0.18014208038350188,0.20327753339365698
DEU,True,all,LV_ck_1600_45_b9_n,0.1573204878186391,0.17997132913279837,0.20300881318016503
DEU,True,all,LV_ck_1600_45_b9_t,0.1572316572231945,0.17986352461463123,0.2028391647174552
DEU,True,all,LV_ck_2000_35_all_n,0.15700740554458467,0.17957611612241475,0.2023869536768312
DEU,True,all,LV_ck_2000_35_all_t,0.1569309789285711,0.17947900554737167,0.20223419545539345
DEU,True,all,LV_ck_2000_35_b9_n,0.15659653315586494,0.17905197671351053,0.20156281045408456
DEU,True,all,LV_ck_2000_35_b9_t,0.15648329563715593,0.17890333682116427,0.2013292912597684
DEU,True,all,LV_ck_2000_40_all_n,0.157159344538684,0.17977065549853605,0.20269302950600904
DEU,True,all,LV_ck_2000_40_all_t,0.15708685476312706,0.1796777557332168,0.20254685842234532
DEU,True,all,LV_ck_2000_40_b9_n,0.1568216396998501,0.1793412001396407,0.20201746603663315
DEU,True,all,LV_ck_2000_40_b9_t,0.1567156735799541,0.1792044825666684,0.20180250760066226
DEU,True,all,LV_ck_2000_45_all_n,0.15728907639448192,0.17993437543342541,0.2029506592202808
DEU,True,all,LV_ck_2000_45_all_t,0.15721775360889215,0.17984562469861012,0.20281099729181148
DEU,True,all,LV_ck_2000_45_b9_n,0.15700740554458464,0.17957611612241475,0.2023869536768312
DEU,True,all,LV_ck_2000_45_b9_t,0.1569078232635897,0.17944971095662537,0.20218811872376416
DEU,True,all,LV_edu_years,0.15451064099295828,0.17530964872014218,0.19577751026790957
DEU,True,all,LV_hours,0.15840844794863645,0.18146587655551044,0.2053656881705322
DEU,True,all,LV_wagebill,0.09356122873027713,0.11445331428228567,0.11834314392649366
DEU,True,all,PPa,0.08174695263954194,0.10472941266245973,0.10073101819471468
DEU,True,all,PPb,0.1257527145159248,0.15024299887739148,0.15940785958030343
DEU,True,all,PPc_ck_1000_35_all_n,0.12353463614470417,0.1482752462516444,0.15734048315713672
DEU,True,all,PPc_ck_1000_35_all_t,0.12341846788995284,0.14817090616485018,0.15722203426878792
DEU,True,all,PPc_ck_1000_35_b9_n,0.1232492221728766,0.148019324649058,0.15704991757163111
DEU,True,all,PPc_ck_1000_35_b9_t,0.12309897554143276,0.1478851896953813,0.15689757411698452
DEU,True,all,PPc_ck_1000_40_all_n,0.12376043695291508,0.14847837632635136,0.15757101642536844
DEU,True,all,PPc_ck_1000_40_all_t,0.12365358667473426,0.14838233453094865,0.15746202882621488
DEU,True,all,PPc_ck_1000_40_b9_n,0.12353463614470417,0.14827524625164432,0.15734048315713672
DEU,True,all,PPc_ck_1000_40_b9_t,0.1234008365814818,0.14815509112369804,0.1572040788266298
DEU,True,all,PPc_ck_1000_45_all_n,0.1239487572229447,0.14864351496769748,0.15775836876820584
DEU,True,all,PPc_ck_1000_45_all_t,0.12384741375949594,0.14855463626845555,0.15765754180336536
DEU,True,all,PPc_ck_1000_45_b9_n,0.12376043695291508,0.14847837632635114,0.15757101642536844
DEU,True,all,PPc_ck_1000_45_b9_t,0.12363944483124831,0.1483695897865953,0.15744756472476484
DEU,True,all,PPc_ck_1600_35_all_n,0.12257864033832523,0.14742373087960878,0.1563732247592808
DEU,True,all,PPc_ck_1600_35_all_t,0.1224276811281647,0.14729073150942157,0.1562220324391221
DEU,True,all,PPc_ck_1600_35_b9_n,0.12194945519136695,0.14686779537761344,0.1557410637585099
DEU,True,all,PPc_ck_1600_35_b9_t,0.12173047519761614,0.14667554555635123,0.15552235224831207
DEU,True,all,PPc_ck_1600_40_all_n,0.12287612941070278,0.14768698894163385,0.156672407149102
DEU,True,all,PPc_ck_1600_40_all_t,0.12273485400674464,0.1475617966876738,0.1565301458399592
DEU,True,all,PPc_ck_1600_40_b9_n,0.12236835716736905,0.14723808499062624,0.15616217665767196
DEU,True,all,PPc_ck_1600_40_b9_t,0.1221715008331916,0.14706366211225008,0.15596383857859172
DEU,True,all,PPc_ck_1600_45_all_n,0.12312156737310707,0.1479053329789773,0.15692045396584978
DEU,True,all,PPc_ck_1600_45_all_t,0.12298907337518432,0.14778733005188863,0.15678640908300798
DEU,True,all,PPc_ck_1600_45_b9_n,0.12270488438912992,0.1475352743453995,0.1565000039005681
DEU,True,all,PPc_ck_1600_45_b9_t,0.12252423611287153,0.14737575127898841,0.15631868532650844
DEU,True,all,PPc_ck_2000_35_all_n,0.12204159791925213,0.14694896173128003,0.15583338723913856
DEU,True,all,PPc_ck_2000_35_all_t,0.12187719250715355,0.14680425314799425,0.15566878077877402
DEU,True,all,PPc_ck_2000_35_b9_n,0.12115723334961097,0.14616478803004335,0.1549410799808169
DEU,True,all,PPc_ck_2000_35_b9_t,0.1209081503884317,0.14594096784005847,0.15468627674313964
DEU,True,all,PPc_ck_2000_40_all_n,0.12236835716736906,0.14723808499062638,0.15616217665767196
DEU,True,all,PPc_ck_2000_40_all_t,0.12221274354153797,0.14710014461250107,0.15600532697046007
DEU,True,all,PPc_ck_2000_40_b9_n,0.12164237556831177,0.14659845663488125,0.15543463946938746
DEU,True,all,PPc_ck_2000_40_b9_t,0.121412380799111,0.1463937576831286,0.15520169632222164
DEU,True,all,PPc_ck_2000_45_all_n,0.12264307520249786,0.14748062634685777,0.15643789414815087
DEU,True,all,PPc_ck_2000_45_all_t,0.12249414252783455,0.14734923465033917,0.15628854171010126
DEU,True,all,PPc_ck_2000_45_b9_n,0.12204159791925213,0.14694896173127986,0.15583338723913856
DEU,True,all,PPc_ck_2000_45_b9_t,0.12182742529413924,0.14676054917841624,0.1556190618747004
DEU,True,all,PPc_edu_years,0.1159410482946465,0.14028063664195092,0.1482545889173552
DEU,True,core,LV_ck_1000_35_all_n,0.13028857034766894,0.15875151568629292,0.17574585390457195
DEU,True,core,LV_ck_1000_35_all_t,0.13018180073356586,0.15866955808936017,0.1755930374444191
DEU,True,core,LV_ck_1000_35_b9_n,0.13002707603776612,0.15855064864535157,0.17537076278897032
DEU,True,core,LV_ck_1000_35_b9_t,0.12988988461159115,0.15844558039720777,0.17517380510056116
DEU,True,core,LV_ck_1000_40_all_n,0.1304957003886081,0.15891131929349972,0.17604292787614334
DEU,True,core,LV_ck_1000_40_all_t,0.13039788679498754,0.15883572202130045,0.1759025392440339
DEU,True,core,LV_ck_1000_40_b9_n,0.13028857034766897,0.1587515156862931,0.17574585390457195
DEU,True,core,LV_ck_1000_40_b9_t,0.13016559501990832,0.15865714320660262,0.1755698616086747
DEU,True,core,LV_ck_1000_45_all_n,0.13066339022231377,0.15904147370599922,0.1762840229585004
DEU,True,core,LV_ck_1000_45_all_t,0.13057321589219992,0.1589713972890824,0.1761543103722112
DEU,True,core,LV_ck_1000_45_b9_n,0.1304957003886081,0.1589113192934997,0.1760429278761433
DEU,True,core,LV_ck_1000_45_b9_t,0.13038489087997499,0.1588256957310056,0.17588390015110414
DEU,True,core,LV_ck_1600_35_all_n,0.12941646342802932,0.15808525007281085,0.1744942974022877
DEU,True,core,LV_ck_1600_35_all_t,0.12927942856075889,0.1579817285374421,0.17429789610332186
DEU,True,core,LV_ck_1600_35_b9_n,0.12884150898732571,0.15765354019467723,0.1736716696553108
DEU,True,core,LV_ck_1600_35_b9_t,0.12864133195532707,0.15750487557545848,0.17338616429221093
DEU,True,core,LV_ck_1600_40_all_n,0.1296864166105061,0.1582905987732619,0.1748823165217596
DEU,True,core,LV_ck_1600_40_all_t,0.1295582528571337,0.15819287303679433,0.17469791587769873
DEU,True,core,LV_ck_1600_40_b9_n,0.12922506177737958,0.1579407920920766,0.17422008325272187
DEU,True,core,LV_ck_1600_40_b9_t,0.12904445961975605,0.1578053356494251,0.1739620001545125
DEU,True,core,LV_ck_1600_45_all_n,0.1299105143864528,0.15846134933375092,0.17520339857237763
DEU,True,core,LV_ck_1600_45_all_t,0.1297895222349781,0.15836901937300504,0.17502995418779652
DEU,True,core,LV_ck_1600_45_b9_n,0.12953105173088691,0.1581721863322391,0.17465882177156758
DEU,True,core,LV_ck_1600_45_b9_t,0.12936707906930844,0.15804788733060912,0.17442347439874448
DEU,True,core,LV_ck_2000_35_all_n,0.12892573133472945,0.15771640297432238,0.17379204810927376
DEU,True,core,LV_ck_2000_35_all_t,0.1287754543449818,0.15760436755214888,0.17357736361413464
DEU,True,core,LV_ck_2000_35_b9_n,0.12810478673229705,0.15711152538245843,0.17262504712595295
DEU,True,core,LV_ck_2000_35_b9_t,0.12786743014797539,0.1569399105356646,0.17229031234711895
DEU,True,core,LV_ck_2000_40_all_n,0.1292250617773796,0.1579407920920767,0.1742200832527219
DEU,True,core,LV_ck_2000_40_all_t,0.12908228019572407,0.15783364620126947,0.17401601700042502
DEU,True,core,LV_ck_2000_40_b9_n,0.1285607891099208,0.1574453558341021,0.17327153157301303
DEU,True,core,LV_ck_2000_40_b9_t,0.12834615236669109,0.15728756873532362,0.17296672178149236
DEU,True,core,LV_ck_2000_45_all_n,0.12947495047018523,0.15812958096546229,0.1745782390095902
DEU,True,core,LV_ck_2000_45_all_t,0.12933976140537565,0.15802724662425846,0.17438431905180904
DEU,True,core,LV_ck_2000_45_b9_n,0.12892573133472945,0.15771640297432235,0.17379204810927376
DEU,True,core,LV_ck_2000_45_b9_t,0.12872996081274124,0.15757056757553642,0.17351246673750934
DEU,True,core,LV_edu_years,0.12211235308595693,0.15278544688603818,0.163561867566033
DEU,True,core,LV_hours,0.13173819456852612,0.15982524159035183,0.1779477615687475
DEU,True,core,LV_wagebill,0.05370912292415285,0.09526146988289459,0.07264492195357163
DEU,True,core,PPa,0.06112629316376561,0.09773687945463971,0.07809981745054954
DEU,True,core,PPb,0.10640419137799571,0.1292496805838521,0.13630849387315372
DEU,True,core,PPc_ck_1000_35_all_n,0.10462871315285474,0.1272289994099612,0.134220576155635
DEU,True,core,PPc_ck_1000_35_all_t,0.10452917176687448,0.1271187883901555,0.1340966464383766
DEU,True,core,PPc_ck_1000_35_b9_n,0.10438412508191632,0.1269586808637727,0.13391637096246917
DEU,True,core,PPc_ck_1000_35_b9_t,0.10425538269099309,0.12681700495207354,0.13375661157640942
DEU,True,core,PPc_ck_1000_40_all_n,0.1048218077987185,0.12744356268537055,0.13446146733466185
DEU,True,core,PPc_ck_1000_40_all_t,0.10473062429769532,0.1273421146677772,0.13434763352840734
DEU,True,core,PPc_ck_1000_40_b9_n,0.10462871315285474,0.12722899940996124,0.134220576155635
DEU,True,core,PPc_ck_1000_40_b9_t,0.10451406277752519,0.12710208361797196,0.13407785067050187
DEU,True,core,PPc_ck_1000_45_all_n,0.10497854369253336,0.1276179984139124,0.13465694031197095
DEU,True,core,PPc_ck_1000_45_all_t,0.10489415420790933,0.127524115795591,0.13455177594902454
DEU,True,core,PPc_ck_1000_45_b9_n,0.10482180779871848,0.1274435626853703,0.13446146733466185
DEU,True,core,PPc_ck_1000_45_b9_t,0.10471850899808886,0.1273286525791205,0.13433251946364497
DEU,True,core,PPc_ck_1600_35_all_n,0.1038097369115818,0.1263296400719563,0.13320531213277118
DEU,True,core,PPc_ck_1600_35_all_t,0.10368035460467977,0.12618918766479964,0.13304593015743754
DEU,True,core,PPc_ck_1600_35_b9_n,0.10326603308947334,0.12574260368987747,0.13253762502309813
DEU,True,core,PPc_ck_1600_35_b9_t,0.10307621152515627,0.12553963592349465,0.13230582227913504
DEU,True,core,PPc_ck_1600_40_all_n,0.1040645868706123,0.1266076694670545,0.13352014478287005
DEU,True,core,PPc_ck_1600_40_all_t,0.10394359821433925,0.12647544983251707,0.133370533107876
DEU,True,core,PPc_ck_1600_40_b9_n,0.10362902124043247,0.12613359292822776,0.13298277939754297
DEU,True,core,PPc_ck_1600_40_b9_t,0.10345846275996232,0.12594941117720793,0.13277330694492337
DEU,True,core,PPc_ck_1600_45_all_n,0.10427472248774461,0.12683828042180556,0.13378061693267645
DEU,True,core,PPc_ck_1600_45_all_t,0.10416129324964034,0.1267136463491498,0.13363991866948363
DEU,True,core,PPc_ck_1600_45_b9_n,0.10391791882874656,0.12644743936668956,0.13333881259878938
DEU,True,core,PPc_ck_1600_45_b9_t,0.10376311146539041,0.1262789709809861,0.13314784038478414
DEU,True,core,PPc_ck_2000_35_all_n,0.10334589205044341,0.1258283013988266,0.13263534943648153
DEU,True,core,PPc_ck_2000_35_all_t,0.10320339793097222,0.12567551657650938,0.13246106180683997
DEU,True,core,PPc_ck_2000_35_b9_n,0.1025686957960907,0.1250005226081414,0.13168768106876486
DEU,True,core,PPc_ck_2000_35_b9_t,0.10234530722927075,0.12476434046676181,0.13141573743330368
DEU,True,core,PPc_ck_2000_40_all_n,0.10362902124043245,0.12613359292822848,0.13298277939754297
DEU,True,core,PPc_ck_2000_40_all_t,0.10349419913051519,0.12598793367828723,0.13281715204517003
DEU,True,core,PPc_ck_2000_40_b9_n,0.10299982924221929,0.12545825562711918,0.13221274092816152
DEU,True,core,PPc_ck_2000_40_b9_t,0.10279625316539497,0.12524218076269333,0.13196520633353653
DEU,True,core,PPc_ck_2000_45_all_n,0.10386495490523605,0.12638972592226488,0.13327342657782767
DEU,True,core,PPc_ck_2000_45_all_t,0.10373731940153838,0.1262509683488336,0.13311606549390484
DEU,True,core,PPc_ck_2000_45_b9_n,0.10334589205044341,0.12582830139882722,0.13263534943648153
DEU,True,core,PPc_ck_2000_45_b9_t,0.10316025812324763,0.12562937580839298,0.13240837230511046
DEU,True,core,PPc_edu_years,0.09636520772849023,0.11882260059805225,0.12430064245072263
MEX,False,all,LV_ck_1000_35_all_n,0.5167626109948136,0.5049468333702671,0.5006844704831538
MEX,False,all,LV_ck_1000_35_all_t,0.5165878480179024,0.5048750532544837,0.5007493122202372
MEX,False,all,LV_ck_1000_35_b9_n,0.516332098612772,0.5047707993343278,0.500846259004991
MEX,False,all,LV_ck_1000_35_b9_t,0.5161039348850965,0.5046785762009486,0.5009348103215769
MEX,False,all,LV_ck_1000_40_all_n,0.5170998930427781,0.5050866054162017,0.500562567349575
MEX,False,all,LV_ck_1000_40_all_t,0.516940904875194,0.5050205157894907,0.5006194978744725
MEX,False,all,LV_ck_1000_40_b9_n,0.5167626109948137,0.5049468333702671,0.5006844704831539
MEX,False,all,LV_ck_1000_40_b9_t,0.5165612681476223,0.5048641745469922,0.5007592741438115
MEX,False,all,LV_ck_1000_45_all_n,0.5173712686043987,0.5052002542085889,0.5004675919348116
MEX,False,all,LV_ck_1000_45_all_t,0.5172255243289725,0.5051390863380126,0.500518254027698
MEX,False,all,LV_ck_1000_45_b9_n,0.5170998930427781,0.5050866054162017,0.500562567349575
MEX,False,all,LV_ck_1000_45_b9_t,0.5169197423906982,0.5050117462002278,0.5006271473744252
MEX,False,all,LV_ck_1600_35_all_n,0.5153296655844777,0.5043616203625961,0.501259960627763
MEX,False,all,LV_ck_1600_35_all_t,0.5151040361004386,0.5042703864665057,0.501359777572829
MEX,False,all,LV_ck_1600_35_b9_n,0.5143873557004369,0.5039807342004943,0.5016962354958121
MEX,False,all,LV_ck_1600_35_b9_t,0.5140714648760677,0.5038493550507266,0.5018591012008233
MEX,False,all,LV_ck_1600_40_all_n,0.5157712901533257,0.5045423730526132,0.50107051121716
MEX,False,all,LV_ck_1600_40_all_t,0.515562145641914,0.5044563911442245,0.5011592741466829
MEX,False,all,LV_ck_1600_40_b9_n,0.5150142326665074,0.5042342900449394,0.5014000668074637
MEX,False,all,LV_ck_1600_40_b9_t,0.5147150363344261,0.5041147780902575,0.501536754272983
MEX,False,all,LV_ck_1600_45_all_n,0.5161383009824292,0.5046924233684791,0.5009213448554141
MEX,False,all,LV_ck_1600_45_all_t,0.5159378411157294,0.5046113161488507,0.5010010796758977
MEX,False,all,LV_ck_1600_45_b9_n,0.5155176360810341,0.5044381812436898,0.5011783867551322
MEX,False,all,LV_ck_1600_45_b9_t,0.5152484561058094,0.5043287006058995,0.5012956471773506
MEX,False,all,LV_ck_2000_35_all_n,0.514523638798903,0.5040362592572892,0.5016293677281071
MEX,False,all,LV_ck_2000_35_all_t,0.5142826067597766,0.5039372888839356,0.5017493633007246
MEX,False,all,LV_ck_2000_35_b9_n,0.5132327051386004,0.5035014240157905,0.5023236089381825
MEX,False,all,LV_ck_2000_35_b9_t,0.512864071705289,0.5033495652267207,0.5025424056433206
MEX,False,all,LV_ck_2000_40_all_n,0.5150142326665074,0.5042342900449391,0.5014000668074637
MEX,False,all,LV_ck_2000_40_all_t,0.514777563691032,0.5041397648204943,0.5015077535790146
MEX,False,all,LV_ck_2000_40_b9_n,0.5139441662485774,0.5037967326775388,0.5019262086756991
MEX,False,all,LV_ck_2000_40_b9_t,0.5136041990478534,0.5036571805966383,0.5021095230697202
MEX,False,all,LV_ck_2000_45_all_n,0.515425702305817,0.5044006672550461,0.501218110090167
MEX,False,all,LV_ck_2000_45_all_t,0.5152034931462633,0.5043105103883629,0.5013155256006326
MEX,False,all,LV_ck_2000_45_b9_n,0.514523638798903,0.5040362592572892,0.5016293677281071
MEX,False,all,LV_ck_2000_45_b9_t,0.514211105962214,0.5039074198253205,0.5017863052010114
MEX,False,all,LV_edu_years,0.5020685152627066,0.49988180950590044,0.5125279436162433
MEX,False,all,LV_hours,0.5199412685867769,0.5063002288479751,0.4997233405027833
MEX,False,all,LV_wagebill,0.5112012145320145,0.512534777684944,0.5359909088997157
MEX,False,all,PPa,0.5381442158373698,0.5263017771507447,0.37472920041781593
MEX,False,all,PPb,0.6107132441513066,0.556738741697353,0.39922822566497135
MEX,False,all,PPc_ck_1000_35_all_n,0.606312186606994,0.555588603290769,0.39792236772362016
MEX,False,all,PPc_ck_1000_35_all_t,0.6060689677313977,0.555526104310859,0.3978516054658065
MEX,False,all,PPc_ck_1000_35_b9_n,0.605713701940771,0.5554350231547847,0.3977485262604238
MEX,False,all,PPc_ck_1000_35_b9_t,0.6053973991018016,0.5553541415185149,0.3976570355324234
MEX,False,all,PPc_ck_1000_40_all_n,0.6067827258460667,0.5557098222485619,0.3980596813457569
MEX,False,all,PPc_ck_1000_40_all_t,0.6065607003738042,0.5556525833316609,0.39799483167521593
MEX,False,all,PPc_ck_1000_40_b9_n,0.606312186606994,0.5555886032907691,0.39792236772362016
MEX,False,all,PPc_ck_1000_40_b9_t,0.6060320086060359,0.5555166172943993,0.39784086626142845
MEX,False,all,PPc_ck_1000_45_all_n,0.6071624230707745,0.5558079311237867,0.3981708793639237
MEX,False,all,PPc_ck_1000_45_all_t,0.6069583915597504,0.5557551768862526,0.3981110801234595
MEX,False,all,PPc_ck_1000_45_b9_n,0.6067827258460667,0.5557098222485619,0.3980596813457569
MEX,False,all,PPc_ck_1000_45_b9_t,0.6065311829975802,0.5556449776991609,0.3979862162241541
MEX,False,all,PPc_ck_1600_35_all_n,0.6042951171640164,0.5550738231517192,0.39734029913251495
MEX,False,all,PPc_ck_1600_35_all_t,0.6039733750820779,0.5549924284984368,0.39724843789836906
MEX,False,all,PPc_ck_1600_35_b9_n,0.6029375082638195,0.5547317650978077,0.3969546085851256
MEX,False,all,PPc_ck_1600_35_b9_t,0.6024600210541039,0.554612343564812,0.396820182071078
MEX,False,all,PPc_ck_1600_40_all_n,0.6049266584314416,0.5552341368187196,0.3975213718216449
MEX,False,all,PPc_ck_1600_40_all_t,0.6046272186850261,0.55515803128817,0.39743538802503237
MEX,False,all,PPc_ck_1600_40_b9_n,0.6038455026160827,0.5549601337302484,0.39721200446253685
MEX,False,all,PPc_ck_1600_40_b9_t,0.6034196880912831,0.5548528300118081,0.39709100869561736
MEX,False,all,PPc_ck_1600_45_all_n,0.6054450153133625,0.5553663047408645,0.3976707913955678
MEX,False,all,PPc_ck_1600_45_all_t,0.6051654809908955,0.5552949641128152,0.3975901238290322
MEX,False,all,PPc_ck_1600_45_b9_n,0.604563570429451,0.5551418775522333,0.3974171429686276
MEX,False,all,PPc_ck_1600_45_b9_t,0.6041792466406731,0.5550444913980834,0.3973071897755905
MEX,False,all,PPc_ck_2000_35_all_n,0.6031378420584186,0.5547820073709749,0.3970112001827366
MEX,False,all,PPc_ck_2000_35_all_t,0.6027801554046294,0.5546923592623079,0.3969102378667128
MEX,False,all,PPc_ck_2000_35_b9_n,0.6011709521757505,0.554292168682918,0.39646041596920895
MEX,False,all,PPc_ck_2000_35_b9_t,0.6005965378469927,0.5541505091527157,0.396301555760138
MEX,False,all,PPc_ck_2000_40_all_n,0.6038455026160827,0.5549601337302483,0.39721200446253696
MEX,False,all,PPc_ck_2000_40_all_t,0.6035090283374512,0.5548753130876735,0.39711635298397463
MEX,False,all,PPc_ck_2000_40_b9_n,0.6022673657572446,0.5545642911794231,0.39676612739285894
MEX,False,all,PPc_ck_2000_40_b9_t,0.6017524529184114,0.5544362279999839,0.39662217011691175
MEX,False,all,PPc_ck_2000_45_all_n,0.604432205367864,0.5551085597365215,0.3973795177603981
MEX,False,all,PPc_ck_2000_45_all_t,0.6041151212509088,0.5550282655800226,0.39728887705657007
MEX,False,all,PPc_ck_2000_45_b9_n,0.6031378420584186,0.5547820073709749,0.3970112001827366
MEX,False,all,PPc_ck_2000_45_b9_t,0.6026716628983125,0.5546652188276784,0.39687968568231574
MEX,False,all,PPc_edu_years,0.5841427512770829,0.5502527018252307,0.3920515797961661
MEX,False,core,LV_ck_1000_35_all_n,0.30613999138277403,0.3940481041323279,0.44506499106549324
MEX,False,core,LV_ck_1000_35_all_t,0.30599724501642006,0.3940683843987546,0.4451885634552491
MEX,False,core,LV_ck_1000_35_b9_n,0.30578845577037894,0.3940990164966601,0.44537035145900067
MEX,False,core,LV_ck_1000_35_b9_t,0.3056022827212314,0.39412730310960375,0.44553349302283224
MEX,False,core,LV_ck_1000_40_all_n,0.30641578554779275,0.3940104596242637,0.44482799801580136
MEX,False,core,LV_ck_1000_40_all_t,0.30628568357163477,0.3940279591651648,0.4449394664940171
MEX,False,core,LV_ck_1000_40_b9_n,0.30613999138277403,0.3940481041323279,0.44506499106549324
MEX,False,core,LV_ck_1000_40_b9_t,0.30597553979808756,0.394071515196107,0.4452074039566735
MEX,False,core,LV_ck_1000_45_all_n,0.3066381589044682,0.39398160018663264,0.44463874566254585
MEX,False,core,LV_ck_1000_45_all_t,0.3065187129507488,0.39399694099145754,0.4447402262744508
MEX,False,core,LV_ck_1000_45_b9_n,0.30641578554779275,0.39401045962426373,0.44482799801580136
MEX,False,core,LV_ck_1000_45_b9_t,0.306268387440912,0.3940303214749815,0.44495433677753826
MEX,False,core,LV_ck_1600_35_all_n,0.30495313875778784,0.3942334333908487,0.446111607206475
MEX,False,core,LV_ck_1600_35_all_t,0.3047631648862296,0.3942666618318846,0.4462832366385743
MEX,False,core,LV_ck_1600_35_b9_n,0.30414998633957524,0.3943806366339581,0.4468445952469543
MEX,False,core,LV_ck_1600_35_b9_t,0.303866462898832,0.39443680468584724,0.4471078707735409
MEX,False,core,LV_ck_1600_40_all_n,0.3053252386551426,0.394171182547465,0.4457785501745265
MEX,False,core,LV_ck_1600_40_all_t,0.30514893626113465,0.3942002111766615,0.44593584405494646
MEX,False,core,LV_ck_1600_40_b9_n,0.3046875773201792,0.3942801532131691,0.44635181142134694
MEX,False,core,LV_ck_1600_40_b9_t,0.3044356707488588,0.39432624993286824,0.446581628871641
MEX,False,core,LV_ck_1600_45_all_n,0.30563032622613173,0.3941229835261879,0.4455088557923256
MEX,False,core,LV_ck_1600_45_all_t,0.3054656797680417,0.3941486537517549,0.4456538859180404
MEX,False,core,LV_ck_1600_45_b9_n,0.3051114309480756,0.3942064939459862,0.4459694200137178
MEX,False,core,LV_ck_1600_45_b9_t,0.30488476678969445,0.39424528048696095,0.44617325840866073
MEX,False,core,LV_ck_2000_35_all_n,0.3042687573426493,0.39435775682493973,0.4467349865813882
MEX,False,core,LV_ck_2000_35_all_t,0.3040566211872781,0.3943988913965885,0.4469310400140581
MEX,False,core,LV_ck_2000_35_b9_n,0.30309948629805056,0.39460014595643517,0.4478332277228339
MEX,False,core,LV_ck_2000_35_b9_t,0.3027587230366516,0.39467854587174134,0.4481634698663613
MEX,False,core,LV_ck_2000_40_all_n,0.3046875773201792,0.3942801532131691,0.44635181142134694
MEX,False,core,LV_ck_2000_40_all_t,0.30448853467717474,0.39431642868269634,0.44653322388251
MEX,False,core,LV_ck_2000_40_b9_n,0.3037518926315688,0.39446012309420453,0.44721490777955963
MEX,False,core,LV_ck_2000_40_b9_t,0.3034452321197369,0.39452431426162254,0.4475032975506844
MEX,False,core,LV_ck_2000_45_all_n,0.3050339818491194,0.3942195875490956,0.4460388828510699
MEX,False,core,LV_ck_2000_45_all_t,0.3048469021185318,0.3942518955733182,0.44620745846512977
MEX,False,core,LV_ck_2000_45_b9_n,0.3042687573426493,0.3943577568249396,0.4467349865813882
MEX,False,core,LV_ck_2000_45_b9_t,0.30399220825210677,0.3944116236283313,0.44699082322468187
MEX,False,core,LV_edu_years,0.29236488214110024,0.39881600031427134,0.46008197208009877
MEX,False,core,LV_hours,0.30871183893658777,0.3937752093755426,0.44295179059241896
MEX,False,core,LV_wagebill,0.3230901239034246,0.4704716111903446,0.38137062000014266
MEX,False,core,PPa,0.32641758197218584,0.4083085650950954,0.30412494330528395
MEX,False,core,PPb,0.3213332971688118,0.38209664732470877,0.29529033007659417
MEX,False,core,PPc_ck_1000_35_all_n,0.3205160058666065,0.3828210582712383,0.29541890093153567
MEX,False,core,PPc_ck_1000_35_all_t,0.32047131867307704,0.3828633130822489,0.29542738840469873
MEX,False,core,PPc_ck_1000_35_b9_n,0.32040594829712893,0.38292545458119137,0.295440050887438
MEX,False,core,PPc_ck_1000_35_b9_t,0.32034765071710913,0.3829812023039695,0.2954515903628721
MEX,False,core,PPc_ck_1000_40_all_n,0.320602289538253,0.38273998901970885,0.29540290064722335
MEX,False,core,PPc_ck_1000_40_all_t,0.32056161048073184,0.38277812463689065,0.29541038044210444
MEX,False,core,PPc_ck_1000_40_b9_n,0.3205160058666065,0.3828210582712384,0.2954189009315357
MEX,False,core,PPc_ck_1000_40_b9_t,0.3204645233839525,0.38286975451392635,0.29542869103434116
MEX,False,core,PPc_ck_1000_45_all_n,0.32067175186773866,0.38267522092889406,0.2953903910124076
MEX,False,core,PPc_ck_1000_45_all_t,0.3206344422555362,0.382709954089788,0.2953970689985779
MEX,False,core,PPc_ck_1000_45_b9_n,0.320602289538253,0.382739989019709,0.29540290064722335
MEX,False,core,PPc_ck_1000_45_b9_t,0.32055619669455643,0.3827832113732545,0.29541138445634907
MEX,False,core,PPc_ck_1600_35_all_n,0.32015127489494694,0.383178605421905,0.29549377630356183
MEX,False,core,PPc_ck_1600_35_all_t,0.3201007370160366,0.38323716727737606,0.2955066764128875
MEX,False,core,PPc_ck_1600_35_b9_n,0.31993813278544275,0.38342857735855784,0.2955500177730017
MEX,False,core,PPc_ck_1600_35_b9_t,0.3198630333670752,0.38351828065086924,0.29557093029259374
MEX,False,core,PPc_ck_1600_40_all_n,0.32026078298167376,0.38306490718305597,0.295469229739783
MEX,False,core,PPc_ck_1600_40_all_t,0.3202065166809191,0.38311861302750966,0.29548074135260255
MEX,False,core,PPc_ck_1600_40_b9_n,0.3200807013882082,0.3832605604020999,0.2955118774211004
MEX,False,core,PPc_ck_1600_40_b9_t,0.32001390767688015,0.3833389367729853,0.29552949924702754
MEX,False,core,PPc_ck_1600_45_all_n,0.32035643265105057,0.3829727846098752,0.29544983716553375
MEX,False,core,PPc_ck_1600_45_all_t,0.32030484818073096,0.3830223303899563,0.2954602109225218
MEX,False,core,PPc_ck_1600_45_b9_n,0.32019564608481144,0.3831300749323776,0.2954832175099388
MEX,False,core,PPc_ck_1600_45_b9_t,0.3201330704190453,0.38319964370501075,0.29549839080160806
MEX,False,core,PPc_ck_2000_35_all_n,0.31996963339262596,0.3833912189379965,0.2955414198775084
MEX,False,core,PPc_ck_2000_35_all_t,0.3199133892931548,0.38345803549823015,0.2955568439283693
MEX,False,core,PPc_ck_2000_35_b9_n,0.31965989617666996,0.38376521142620706,0.2956303840549056
MEX,False,core,PPc_ck_2000_35_b9_t,0.3195690379816133,0.38387753497640537,0.2956583082801813
MEX,False,core,PPc_ck_2000_40_all_n,0.3200807013882082,0.3832605604020999,0.2955118774211004
MEX,False,core,PPc_ck_2000_40_all_t,0.3200279312693769,0.3833224316469936,0.2955257633660143
MEX,False,core,PPc_ck_2000_40_b9_n,0.319832697918765,0.38355473833653236,0.2955795360641545
MEX,False,core,PPc_ck_2000_40_b9_t,0.319751633749676,0.38365293244136967,0.2956030142710969
MEX,False,core,PPc_ck_2000_45_all_n,0.32017319779099473,0.3831537852468331,0.2954883611487684
MEX,False,core,PPc_ck_2000_45_all_t,0.32012298915218523,0.38321131329682273,0.29550096001082704
MEX,False,core,PPc_ck_2000_45_b9_n,0.31996963339262596,0.3833912189379964,0.2955414198775084
MEX,False,core,PPc_ck_2000_45_b9_t,0.31989633115108795,0.38347840539491124,0.29556158789520875
MEX,False,core,PPc_edu_years,0.31724127987034284,0.38790183726030925,0.2969246138305169
MEX,True,all,LV_ck_1000_35_all_n,0.2538759854873921,0.30152719862261085,0.3337861658313731
MEX,True,all,LV_ck_1000_35_all_t,0.25379772280701846,0.30147766621574246,0.3338156245908637
MEX,True,all,LV_ck_1000_35_b9_n,0.253683368190116,0.30140613319775483,0.33386047756323795
MEX,True,all,LV_ck_1000_35_b9_t,0.2535814435457039,0.3013432626270915,0.3339022389566058
MEX,True,all,LV_ck_1000_40_all_n,0.2540271208214196,0.3016242985244907,0.3337320525157663
MEX,True,all,LV_ck_1000_40_all_t,0.2539558696693617,0.30157827965977,0.33375711019461635
MEX,True,all,LV_ck_1000_40_b9_n,0.2538759854873921,0.3015271986226108,0.3337861658313731
MEX,True,all,LV_ck_1000_40_b9_t,0.25378581999391525,0.30147017920398167,0.3338201897741278
MEX,True,all,LV_ck_1000_45_all_n,0.2541487448085596,0.30170387465510834,0.33369114051799054
MEX,True,all,LV_ck_1000_45_all_t,0.2540834247669263,0.3016609762819872,0.33371282094344057
MEX,True,all,LV_ck_1000_45_b9_n,0.25402712082141965,0.30162429852449063,0.3337320525157663
MEX,True,all,LV_ck_1000_45_b9_t,0.25394638580754314,0.3015721875975248,0.3337605061441608
MEX,True,all,LV_ck_1600_35_all_n,0.2532281495549453,0.3011301711969869,0.3340613215675998
MEX,True,all,LV_ck_1600_35_all_t,0.25312785790956877,0.30106971098175533,0.33411176923135644
MEX,True,all,LV_ck_1600_35_b9_n,0.2528054555674033,0.3008804474116711,0.33428658319353033
MEX,True,all,LV_ck_1600_35_b9_t,0.2526678936588364,0.3007959856675902,0.3343735663923236
MEX,True,all,LV_ck_1600_40_all_n,0.2534295564288266,0.3012511200051344,0.3339675918662198
MEX,True,all,LV_ck_1600_40_all_t,0.25333285999663274,0.3011933947005106,0.3340111636762457
MEX,True,all,LV_ck_1600_40_b9_n,0.25308793591920925,0.3010459006137233,0.33413232546707566
MEX,True,all,LV_ck_1600_40_b9_t,0.25295475657849303,0.30096751943660405,0.33420285269142846
MEX,True,all,LV_ck_1600_45_all_n,0.25359679946313146,0.3013526779437162,0.3338958418698183
MEX,True,all,LV_ck_1600_45_all_t,0.2535065877642087,0.30129765402664466,0.3339339566148057
MEX,True,all,LV_ck_1600_45_b9_n,0.2533122836641654,0.30118121360197236,0.3340206262897075
MEX,True,all,LV_ck_1600_45_b9_t,0.25319206167457725,0.3011083094946471,0.3340792772851188
MEX,True,all,LV_ck_2000_35_all_n,0.2528664194085152,0.30091640645202616,0.33425129521613456
MEX,True,all,LV_ck_2000_35_all_t,0.25275947283232364,0.30085241979214,0.3343147997986159
MEX,True,all,LV_ck_2000_35_b9_n,0.25231425860335216,0.30057665789785376,0.3346288510261265
MEX,True,all,LV_ck_2000_35_b9_t,0.2521760722766899,0.3004829857308079,0.33475234576716945
MEX,True,all,LV_ck_2000_40_all_n,0.2530879359192093,0.30104590061372327,0.33413232546707566
MEX,True,all,LV_ck_2000_40_all_t,0.2529827295093897,0.300983848945405,0.3341877903452723
MEX,True,all,LV_ck_2000_40_b9_n,0.25261310323401515,0.3007624039316399,0.3344098127790836
MEX,True,all,LV_ck_2000_40_b9_t,0.25247274434637407,0.30067404747796056,0.3345099535412119
MEX,True,all,LV_ck_2000_45_all_n,0.2532708093223227,0.30115616872124357,0.33404038172386324
MEX,True,all,LV_ck_2000_45_all_t,0.25317207253715546,0.30109625175418087,0.33408931825111765
MEX,True,all,LV_ck_2000_45_b9_n,0.2528664194085151,0.3009164064520263,0.33425129521613456
MEX,True,all,LV_ck_2000_45_b9_t,0.25272844890464363,0.3008332061148776,0.3343345111436603
MEX,True,all,LV_edu_years,0.2507315651160155,0.298862987119174,0.3413494015907883
MEX,True,all,LV_hours,0.2553321725830736,0.3025016042054114,0.33342514283304775
MEX,True,all,LV_wagebill,0.30323162197214837,0.3000007267041555,0.36355074906482726
MEX,True,all,PPa,0.24305180228552456,0.26179314407284754,0.24299193632503857
MEX,True,all,PPb,0.26827034656384025,0.294525984727296,0.26433200132206663
MEX,True,all,PPc_ck_1000_35_all_n,0.2654993072460718,0.2926926885285028,0.2629162239141292
MEX,True,all,PPc_ck_1000_35_all_t,0.2653465620413636,0.29259405701292346,0.26283923217630095
MEX,True,all,PPc_ck_1000_35_b9_n,0.26512349001919183,0.292450509795492,0.2627270278187663
MEX,True,all,PPc_ck_1000_35_b9_t,0.26492496663580983,0.29232322846377745,0.26262738739050284
MEX,True,all,PPc_ck_1000_40_all_n,0.265794830614516,0.2928842886647517,0.2630655451252368
MEX,True,all,PPc_ck_1000_40_all_t,0.26565537327139205,0.2927937668776468,0.262995037838136
MEX,True,all,PPc_ck_1000_40_b9_n,0.2654993072460718,0.2926926885285024,0.2629162239141292
MEX,True,all,PPc_ck_1000_40_b9_t,0.2653233507618385,0.2925790945523507,0.26282754508317563
MEX,True,all,PPc_ck_1000_45_all_n,0.2660333356105518,0.2930396487610446,0.2631863891376647
MEX,True,all,PPc_ck_1000_45_all_t,0.2659051754668791,0.29295607804957485,0.2631214111988335
MEX,True,all,PPc_ck_1000_45_b9_n,0.265794830614516,0.29288428866475164,0.2630655451252368
MEX,True,all,PPc_ck_1000_45_b9_t,0.26563683666750987,0.292781745400057,0.2629856689727796
MEX,True,all,PPc_ck_1600_35_all_n,0.26423342047912235,0.2918835106505558,0.2622820698291156
MEX,True,all,PPc_ck_1600_35_all_t,0.26403224628282196,0.29175624860492083,0.2621818124559362
MEX,True,all,PPc_ck_1600_35_b9_n,0.2633880290440821,0.2913499848327038,0.2618608031077835
MEX,True,all,PPc_ck_1600_35_b9_t,0.26309398352652674,0.2911645233823314,0.2617137767718104
MEX,True,all,PPc_ck_1600_40_all_n,0.2646295336751719,0.2921347145661194,0.26247955173829657
MEX,True,all,PPc_ck_1600_40_all_t,0.2644416850625057,0.292015370257415,0.26238579917590843
MEX,True,all,PPc_ck_1600_40_b9_n,0.2639523061291184,0.2917058077808132,0.2621420356505773
MEX,True,all,PPc_ck_1600_40_b9_t,0.2636860980937737,0.29153842771963445,0.26200988207258874
MEX,True,all,PPc_ck_1600_45_all_n,0.26495485280399017,0.29234235786809887,0.26264237161383364
MEX,True,all,PPc_ck_1600_45_all_t,0.26477940156147534,0.2922302172493195,0.26255448534022924
MEX,True,all,PPc_ck_1600_45_b9_n,0.26440177637918844,0.2919900599089608,0.2623659002382318
MEX,True,all,PPc_ck_1600_45_b9_t,0.2641609457240855,0.2918376280774758,0.2622459398197992
MEX,True,all,PPc_ck_2000_35_all_n,0.26351139762820613,0.2914281369872821,0.2619226680292563
MEX,True,all,PPc_ck_2000_35_all_t,0.263291128486898,0.2912887408904115,0.26181228498441916
MEX,True,all,PPc_ck_2000_35_b9_n,0.2623007502150129,0.290669407557707,0.26131977830259306
MEX,True,all,PPc_ck_2000_35_b9_t,0.26195098003471945,0.29045134946358836,0.2611455646111724
MEX,True,all,PPc_ck_2000_40_all_n,0.2639523061291184,0.29170580778081323,0.2621420356505773
MEX,True,all,PPc_ck_2000_40_all_t,0.2637419522656205,0.29157347078426155,0.26203757045795356
MEX,True,all,PPc_ck_2000_40_b9_n,0.26297534210838164,0.29109001792484307,0.26165462627208064
MEX,True,all,PPc_ck_2000_40_b9_t,0.26265823228575974,0.2908917945501104,0.26149701590519286
MEX,True,all,PPc_ck_2000_45_all_n,0.26431939862835624,0.29193787949670214,0.262324858385097
MEX,True,all,PPc_ck_2000_45_all_t,0.2641208583974374,0.2918122571890355,0.2622259536974185
MEX,True,all,PPc_ck_2000_45_b9_n,0.2635113976282061,0.2914281369872822,0.2619226680292563
MEX,True,all,PPc_ck_2000_45_b9_t,0.26322431681346675,0.29124658637132456,0.261778870467203
MEX,True,all,PPc_edu_years,0.25177332313054945,0.2847369712391492,0.25643061184912713
MEX,True,core,LV_ck_1000_35_all_n,0.1958048953841804,0.24931237252418126,0.3059561555667704
MEX,True,core,LV_ck_1000_35_all_t,0.1957576965162837,0.2492921939450079,0.3060587217197056
MEX,True,core,LV_ck_1000_35_b9_n,0.1956885965656525,0.2492631775427808,0.30620957931011167
MEX,True,core,LV_ck_1000_35_b9_t,0.19562691729040602,0.24923780326768824,0.306344935231746
MEX,True,core,LV_ck_1000_40_all_n,0.19589647556232898,0.24935212225479772,0.3057594050984615
MEX,True,core,LV_ck_1000_40_all_t,0.19585326780575293,0.24933325255490732,0.3058519529980753
MEX,True,core,LV_ck_1000_40_b9_n,0.1958048953841804,0.24931237252418142,0.3059561555667705
MEX,True,core,LV_ck_1000_40_b9_t,0.19575051660236778,0.24928914991755022,0.30607435813463557
MEX,True,core,LV_ck_1000_45_all_n,0.19597077977208718,0.24938487733202774,0.30560224597361374
MEX,True,core,LV_ck_1000_45_all_t,0.1959307532309842,0.24936720022555312,0.3056865223922246
MEX,True,core,LV_ck_1000_45_b9_n,0.195896475562329,0.24935212225479766,0.3057594050984615
MEX,True,core,LV_ck_1000_45_b9_t,0.19584751557524507,0.2493307586812803,0.30586429822340305
MEX,True,core,LV_ck_1600_35_all_n,0.19541079479369355,0.24915278903723959,0.3068243834310678
MEX,True,core,LV_ck_1600_35_all_t,0.1953473422026573,0.24912897510267237,0.3069666622028396
MEX,True,core,LV_ck_1600_35_b9_n,0.19515205910449301,0.2490554386505445,0.30743184343359437
MEX,True,core,LV_ck_1600_35_b9_t,0.19506483799012736,0.24902317122128106,0.30764992160261967
MEX,True,core,LV_ck_1600_40_all_n,0.19553484636197277,0.24920084645464274,0.3065482069500152
MEX,True,core,LV_ck_1600_40_all_t,0.1954761071602044,0.2491778430350742,0.30667865037962605
MEX,True,core,LV_ck_1600_40_b9_n,0.1953220776838463,0.24911963742511065,0.30702350260172934
MEX,True,core,LV_ck_1600_40_b9_t,0.19523985518044687,0.24908906962661861,0.3072139643783274
MEX,True,core,LV_ck_1600_45_all_n,0.19563621200416237,0.24924159532673576,0.30632449578413035
MEX,True,core,LV_ck_1600_45_all_t,0.19558159840371164,0.24921947495318694,0.3064448067226588
MEX,True,core,LV_ck_1600_45_b9_n,0.19546360434040247,0.24917300429217643,0.30670649187765003
MEX,True,core,LV_ck_1600_45_b9_t,0.19538796543048198,0.24914416140840007,0.30687549457052304
MEX,True,core,LV_ck_2000_35_all_n,0.19518857575049112,0.24906928424443994,0.30734103491893644
MEX,True,core,LV_ck_2000_35_all_t,0.19512333746531324,0.24904469083586384,0.3075034541548263
MEX,True,core,LV_ck_2000_35_b9_n,0.194828111651641,0.24894124379249769,0.30825047300905667
MEX,True,core,LV_ck_2000_35_b9_t,0.1947233949183961,0.24890719504930328,0.3085237634262336
MEX,True,core,LV_ck_2000_40_all_n,0.1953220776838463,0.2491196374251107,0.30702350260172934
MEX,True,core,LV_ck_2000_40_all_t,0.19525608668232589,0.24909541576072264,0.3071738523966593
MEX,True,core,LV_ck_2000_40_b9_n,0.1950296087475564,0.24901044573135245,0.30773856730717597
MEX,True,core,LV_ck_2000_40_b9_t,0.19493518958575007,0.2489772666067087,0.30797736077266163
MEX,True,core,LV_ck_2000_45_all_n,0.1954377776010848,0.24916307296595394,0.3067640878373816
MEX,True,core,LV_ck_2000_45_all_t,0.19537531888234155,0.24913941094397307,0.3069038462240609
MEX,True,core,LV_ck_2000_45_b9_n,0.19518857575049112,0.2490692842444401,0.30734103491893644
MEX,True,core,LV_ck_2000_45_b9_t,0.1951035175339538,0.24903734574098935,0.3075529749155703
MEX,True,core,LV_edu_years,0.1917435771929499,0.24866995507402107,0.31835020219120536
MEX,True,core,LV_hours,0.19665778544208626,0.24972017054782294,0.3041995097890748
MEX,True,core,LV_wagebill,0.22623236216151127,0.258710177369105,0.274723629313187
MEX,True,core,PPa,0.21209886972125594,0.2343704974694911,0.21756883055396073
MEX,True,core,PPb,0.18375668445105475,0.24463352489801646,0.20264617570827892
MEX,True,core,PPc_ck_1000_35_all_n,0.1837833583423139,0.24426210746615035,0.2028660400633718
MEX,True,core,PPc_ck_1000_35_all_t,0.18378839195765997,0.24424271781469428,0.20287964877566056
MEX,True,core,PPc_ck_1000_35_b9_n,0.1837957227118692,0.24421461774799108,0.20289980650448333
MEX,True,core,PPc_ck_1000_35_b9_t,0.18380222755816944,0.24418982241741177,0.2029180341121594
MEX,True,core,PPc_ck_1000_40_all_n,0.1837735880706893,0.24429996048273317,0.20284015698433439
MEX,True,core,PPc_ck_1000_40_all_t,0.18377820273157325,0.24428204630470043,0.20285229521587614
MEX,True,core,PPc_ck_1000_40_b9_n,0.18378335834231393,0.24426210746615032,0.2028660400633718
MEX,True,core,PPc_ck_1000_40_b9_t,0.1837891558003339,0.2442397821940075,0.2028817303346131
MEX,True,core,PPc_ck_1000_45_all_n,0.18376712764447753,0.24433083112472767,0.20281969620875695
MEX,True,core,PPc_ck_1000_45_all_t,0.18376993005589198,0.24431420582734562,0.20283064438046733
MEX,True,core,PPc_ck_1000_45_b9_n,0.18377358807068936,0.2442999604827333,0.20284015698433439
MEX,True,core,PPc_ck_1000_45_b9_t,0.1837788157463012,0.2442796713512254,0.20285391931653168
MEX,True,core,PPc_ck_1600_35_all_n,0.1838247331485748,0.244105066259857,0.20298364086928933
MEX,True,core,PPc_ck_1600_35_all_t,0.18383288280151117,0.2440808073279284,0.2030034136349847
MEX,True,core,PPc_ck_1600_35_b9_n,0.18387029294037438,0.244004220064828,0.2030689912912235
MEX,True,core,PPc_ck_1600_35_b9_t,0.18388785073712913,0.2439697071502971,0.20310021013708696
MEX,True,core,PPc_ck_1600_40_all_n,0.18381186982125838,0.2441533116711889,0.20294565358057268
MEX,True,core,PPc_ck_1600_40_all_t,0.1838179790123708,0.24413033191004874,0.20296353025183841
MEX,True,core,PPc_ck_1600_40_b9_n,0.1838375005095709,0.24407122693502567,0.20301135070009968
MEX,True,core,PPc_ck_1600_40_b9_t,0.18385286647990712,0.24403957968297277,0.2030381015363075
MEX,True,core,PPc_ck_1600_45_all_n,0.18380124964691374,0.24419354163472534,0.2029152731780351
MEX,True,core,PPc_ck_1600_45_all_t,0.18380698378155616,0.24417177615950522,0.20293156754887876
MEX,True,core,PPc_ck_1600_45_b9_n,0.18381927511686186,0.2441254720240234,0.2029673610432568
MEX,True,core,PPc_ck_1600_45_b9_t,0.18382708439334627,0.244096305665851,0.20299072821940947
MEX,True,core,PPc_ck_2000_35_all_n,0.1838630277784968,0.24401884939791071,0.2030560800060248
MEX,True,core,PPc_ck_2000_35_all_t,0.1838760527101422,0.24399279112391353,0.20307920983651234
MEX,True,core,PPc_ck_2000_35_b9_n,0.18393692936595904,0.243879031307468,0.20318768105695875
MEX,True,core,PPc_ck_2000_35_b9_t,0.18395937330281642,0.2438398034224108,0.20322818726213562
MEX,True,core,PPc_ck_2000_40_all_n,0.1838375005095709,0.24407122693502595,0.20301135070009965
MEX,True,core,PPc_ck_2000_40_all_t,0.18384964395198086,0.24404618695916663,0.20303244799176498
MEX,True,core,PPc_ck_2000_40_b9_n,0.18389494593017844,0.24395592440736397,0.2031129845833143
MEX,True,core,PPc_ck_2000_40_b9_t,0.18391418399107337,0.2439194899691565,0.20314763445785675
MEX,True,core,PPc_ck_2000_45_all_n,0.18382194771785063,0.24411546796598974,0.20297530271385114
MEX,True,core,PPc_ck_2000_45_all_t,0.18382838474802882,0.24409146841039384,0.20299466720780487
MEX,True,core,PPc_ck_2000_45_b9_n,0.1838630277784968,0.2440188493979105,0.2030560800060248
MEX,True,core,PPc_ck_2000_45_b9_t,0.18388005213210604,0.24398494273851876,0.20308629508737736
MEX,True,core,PPc_edu_years,0.18517656171116315,0.24304450498530278,0.2049024079602205
USA,False,all,LV_ck_1000_35_all_n,0.47989877843923406,0.46069716380474046,0.44579420716844176
USA,False,all,LV_ck_1000_35_all_t,0.47983684498993945,0.46064031491393287,0.4457528850545675
USA,False,all,LV_ck_1000_35_b9_n,0.4797468648631243,0.46055768514284895,0.44569343537400863
USA,False,all,LV_ck_1000_35_b9_t,0.4796673945265089,0.4604845228600619,0.4456414050998449
USA,False,all,LV_ck_1000_40_all_n,0.4800199900204199,0.460807773622481,0.44587558531726934
USA,False,all,LV_ck_1000_40_all_t,0.4799626501188684,0.4607554865743765,0.44583695583296784
USA,False,all,LV_ck_1000_40_b9_n,0.47989877843923406,0.46069716380474046,0.44579420716844176
USA,False,all,LV_ck_1000_40_b9_t,0.4798274624419419,0.4606316961945975,0.4457466502259108
USA,False,all,LV_ck_1000_45_all_n,0.4801187578037589,0.46089763685417656,0.4459426464303823
USA,False,all,LV_ck_1000_45_all_t,0.48006562393984575,0.4608492782706489,0.4459064533274753
USA,False,all,LV_ck_1000_45_b9_n,0.4800199900204199,0.460807773622481,0.44587558531726934
USA,False,all,LV_ck_1000_45_b9_t,0.4799550529218183,0.4607485467090756,0.4458318503248075
USA,False,all,LV_ck_1600_35_all_n,0.47939987214029756,0.4602324938518723,0.4454665784651763
USA,False,all,LV_ck_1600_35_all_t,0.47932414939807566,0.46015975290677674,0.4454174003502109
USA,False,all,LV_ck_1600_35_b9_n,0.4790840871426135,0.45992810330271977,0.44526465397150766
USA,False,all,LV_ck_1600_35_b9_t,0.47898133407796495,0.459822624914713,0.445197068590435
USA,False,all,LV_ck_1600_40_all_n,0.47955204494152015,0.4603763391758148,0.4455655207540912
USA,False,all,LV_ck_1600_40_all_t,0.47947917311483357,0.4603079558225582,0.44551820458457764
USA,False,all,LV_ck_1600_40_b9_n,0.47929413954994804,0.4601309456664649,0.4453980842907124
USA,False,all,LV_ck_1600_40_b9_t,0.47919456697095286,0.4600354482970665,0.44533470130638225
USA,False,all,LV_ck_1600_45_all_n,0.47967929718653485,0.46049551241242115,0.4456491839145183
USA,False,all,LV_ck_1600_45_all_t,0.4796103688575394,0.46043112006403353,0.4456037890025832
USA,False,all,LV_ck_1600_45_b9_n,0.47946372016310373,0.46029346349119626,0.4455082419464443
USA,False,all,LV_ck_1600_45_b9_t,0.47937256993880906,0.4602062580515908,0.44544877466539173
USA,False,all,LV_ck_2000_35_all_n,0.4791295793781156,0.45997260070724433,0.4452935359905652
USA,False,all,LV_ck_2000_35_all_t,0.4790485364916117,0.4598932536464265,0.44524218723852005
USA,False,all,LV_ck_2000_35_b9_n,0.47876174886619527,0.45954179544568,0.44502319825052
USA,False,all,LV_ck_2000_35_b9_t,0.4786832470887003,0.45941843548799627,0.4449496412889202
USA,False,all,LV_ck_2000_40_all_n,0.47929413954994804,0.46013094566646495,0.4453980842907124
USA,False,all,LV_ck_2000_40_all_t,0.47921541254451555,0.46005542991496245,0.445347880512255
USA,False,all,LV_ck_2000_40_b9_n,0.4789415697206413,0.45978029637845685,0.44517029500532573
USA,False,all,LV_ck_2000_40_b9_t,0.4788492653498736,0.45966780198037205,0.445100115349767
USA,False,all,LV_ck_2000_45_all_n,0.47943229349332983,0.4602635969910844,0.445487782289864
USA,False,all,LV_ck_2000_45_all_t,0.47935747381838684,0.4601917557850337,0.44543896550929446
USA,False,all,LV_ck_2000_45_b9_n,0.4791295793781156,0.45997260070724416,0.4452935359905652
USA,False,all,LV_ck_2000_45_b9_t,0.4790251318866031,0.45986927688511703,0.4452268083060899
USA,False,all,LV_edu_years,0.47726660566173995,0.4561973757728804,0.44368376244189983
USA,False,all,LV_hours,0.4811267272380862,0.46176598609360403,0.4466334386268488
USA,False,all,LV_wagebill,0.3363836298688218,0.318588394325939,0.28542543687079774
USA,False,all,PPa,0.221015534575867,0.25312817673306637,0.23696369419441404
USA,False,all,PPb,0.3415464548673185,0.4042282200924175,0.3321251173603426
USA,False,all,PPc_ck_1000_35_all_n,0.34014884020878683,0.403178212135655,0.3306741763787936
USA,False,all,PPc_ck_1000_35_all_t,0.34007828946434865,0.4031221471706593,0.33059808109966493
USA,False,all,PPc_ck_1000_35_b9_n,0.3399755921836631,0.4030406177531475,0.3304876781903578
USA,False,all,PPc_ck_1000_35_b9_t,0.3398845110950237,0.4029683910917334,0.33039012547588287
USA,False,all,PPc_ck_1000_40_all_n,0.3402858660473737,0.4032872338860215,0.33082255482790995
USA,False,all,PPc_ck_1000_40_all_t,0.3402211317432631,0.40323570788099516,0.3307523612270252
USA,False,all,PPc_ck_1000_40_b9_n,0.34014884020878694,0.4031782121356552,0.3306741763787936
USA,False,all,PPc_ck_1000_40_b9_t,0.3400675860110593,0.4031136453871288,0.3305865543236761
USA,False,all,PPc_ck_1000_45_all_n,0.340396954501831,0.40337574585213126,0.33094341262832266
USA,False,all,PPc_ck_1000_45_all_t,0.34033720013048896,0.4033281212349345,0.33087834039177544
USA,False,all,PPc_ck_1000_45_b9_n,0.3402858660473737,0.4032872338860215,0.33082255482790995
USA,False,all,PPc_ck_1000_45_b9_t,0.3402125344085493,0.4032288676327749,0.33074305178490204
USA,False,all,PPc_ck_1600_35_all_n,0.3395713745685258,0.4027193070679735,0.3300555364877998
USA,False,all,PPc_ck_1600_35_all_t,0.33948416409730425,0.40264733594351626,0.32995939294629506
USA,False,all,PPc_ck_1600_35_b9_n,0.3392055241786679,0.4024178985470101,0.3296545088316422
USA,False,all,PPc_ck_1600_35_b9_t,0.3390790287517113,0.40231330672395543,0.3295163443127514
USA,False,all,PPc_ck_1600_40_all_n,0.3397495712619107,0.4028615243438094,0.330246224086746
USA,False,all,PPc_ck_1600_40_all_t,0.3396642553791535,0.4027939324669693,0.33015547921437893
USA,False,all,PPc_ck_1600_40_b9_n,0.3394495888588686,0.40261882364272195,0.3299213710050729
USA,False,all,PPc_ck_1600_40_b9_t,0.33933481696111045,0.4025242637169728,0.3297955441038911
USA,False,all,PPc_ck_1600_45_all_n,0.33989820123438175,0.4029792424238678,0.3304047665892134
USA,False,all,PPc_ck_1600_45_all_t,0.3398179394586019,0.402915648300416,0.3303190392339234
USA,False,all,PPc_ck_1600_45_b9_n,0.3396462409847794,0.4027796037960693,0.33013626944641633
USA,False,all,PPc_ck_1600_45_b9_t,0.33953993569136054,0.40269335306325965,0.3300208377829355
USA,False,all,PPc_ck_2000_35_all_n,0.3392591558219827,0.4024619992826003,0.3297129198899853
USA,False,all,PPc_ck_2000_35_all_t,0.33916372746140855,0.4023833501664266,0.32960881374010087
USA,False,all,PPc_ck_2000_35_b9_n,0.3387409760255603,0.40203446923604236,0.3291505418301817
USA,False,all,PPc_ck_2000_35_b9_t,0.33859284455508204,0.4019118149245586,0.32899081318674156
USA,False,all,PPc_ck_2000_40_all_n,0.33944958885886856,0.4026188236427219,0.3299213710050729
USA,False,all,PPc_ck_2000_40_all_t,0.33935885104546404,0.4025440543089212,0.3298218440411796
USA,False,all,PPc_ck_2000_40_b9_n,0.33902820613739054,0.40227131272080185,0.3294610162943875
USA,False,all,PPc_ck_2000_40_b9_t,0.3388929117820478,0.40215964824308986,0.3293143034318554
USA,False,all,PPc_ck_2000_45_all_n,0.3396090985409138,0.402750070079687,0.330096704920828
USA,False,all,PPc_ck_2000_45_all_t,0.3395225497341949,0.4026790045587223,0.3300016682402943
USA,False,all,PPc_ck_2000_45_b9_n,0.3392591558219827,0.4024619992826003,0.3297129198899853
USA,False,all,PPc_ck_2000_45_b9_t,0.3391349887212791,0.4023595758951526,0.3295774016164242
USA,False,all,PPc_edu_years,0.33482030773476373,0.39867258240094633,0.32505044701936453
USA,False,core,LV_ck_1000_35_all_n,0.4111577856711343,0.4400255997016189,0.3946347484340584
USA,False,core,LV_ck_1000_35_all_t,0.4109909091087239,0.43993030624500645,0.3945504634726732
USA,False,core,LV_ck_1000_35_b9_n,0.41074816579280504,0.43979173759330026,0.394428114302431
USA,False,core,LV_ck_1000_35_b9_t,0.41053304846699507,0.4396689865918913,0.3943199423410096
USA,False,core,LV_ck_1000_40_all_n,0.41148217213922694,0.4402109144320176,0.39479899232308197
USA,False,core,LV_ck_1000_40_all_t,0.41132887909220633,0.4401233289552473,0.3947213102931393
USA,False,core,LV_ck_1000_40_b9_n,0.41115778567113426,0.4400255997016189,0.3946347484340584
USA,False,core,LV_ck_1000_40_b9_t,0.4109656001458029,0.43991585611523576,0.39453769298914054
USA,False,core,LV_ck_1000_45_all_n,0.41174542187840235,0.4403613772821418,0.3949326719325662
USA,False,core,LV_ck_1000_45_all_t,0.41160379047381307,0.44028041828095704,0.39486070742511786
USA,False,core,LV_ck_1000_45_b9_n,0.41148217213922705,0.4402109144320176,0.39479899232308197
USA,False,core,LV_ck_1000_45_b9_t,0.4113085263845589,0.44011170193299815,0.39471100539743087
USA,False,core,LV_ck_1600_35_all_n,0.4097913113728322,0.439245708573467,0.3939484768784105
USA,False,core,LV_ck_1600_35_all_t,0.4095775942061732,0.4391234184996969,0.3938416062696956
USA,False,core,LV_ck_1600_35_b9_n,0.40889583315903666,0.4387336075801791,0.393502317032958
USA,False,core,LV_ck_1600_35_b9_t,0.40858481472944325,0.4385559267809201,0.39334836594255196
USA,False,core,LV_ck_1600_40_all_n,0.4102146359795422,0.43948737507308533,0.39416026735408416
USA,False,core,LV_ck_1600_40_all_t,0.410013167063125,0.43937251488446666,0.3940595086005922
USA,False,core,LV_ck_1600_40_b9_n,0.4094929087887534,0.43907497330643713,0.3937993259299599
USA,False,core,LV_ck_1600_40_b9_t,0.409211977181515,0.43891431324147634,0.3936593411651637
USA,False,core,LV_ck_1600_45_all_n,0.4105653720063745,0.43968742830949836,0.39433618103774987
USA,False,core,LV_ck_1600_45_all_t,0.41037591843029675,0.43957935276461174,0.39424108031628047
USA,False,core,LV_ck_1600_45_b9_n,0.40997045036170165,0.4393481665696372,0.3940381723377479
USA,False,core,LV_ck_1600_45_b9_t,0.40971424907744713,0.4392016080288142,0.3939099134673298
USA,False,core,LV_ck_2000_35_all_n,0.40902692964940573,0.4388085295829821,0.39356736540938375
USA,False,core,LV_ck_2000_35_all_t,0.4087931146886884,0.438674915403242,0.39345141436654574
USA,False,core,LV_ck_2000_35_b9_n,0.40775494133813167,0.4380822945157612,0.3929401754878062
USA,False,core,LV_ck_2000_35_b9_t,0.40738956774469065,0.4378739802684498,0.3927616671825896
USA,False,core,LV_ck_2000_40_all_n,0.40949290878875333,0.4390749733064371,0.3937993259299599
USA,False,core,LV_ck_2000_40_all_t,0.40927078344076456,0.43894793720788006,0.3936886086524275
USA,False,core,LV_ck_2000_40_b9_n,0.4084598989445785,0.4384845906226737,0.393286681914588
USA,False,core,LV_ck_2000_40_b9_t,0.4081276264958468,0.438294912868279,0.3931230197162168
USA,False,core,LV_ck_2000_45_all_n,0.40988264124215934,0.4392979814813231,0.3939942207347354
USA,False,core,LV_ck_2000_45_all_t,0.40967164194317907,0.4391772276540217,0.39388860557339367
USA,False,core,LV_ck_2000_45_b9_n,0.40902692964940573,0.43880852958298233,0.39356736540938375
USA,False,core,LV_ck_2000_45_b9_t,0.40872242041308876,0.4386345274730091,0.39341641466465804
USA,False,core,LV_edu_years,0.3977458910514567,0.43237730598365137,0.38830415484871794
USA,False,core,LV_hours,0.4142758291393256,0.4418110139939749,0.39623502446571984
USA,False,core,LV_wagebill,0.16641233255108662,0.21091164640331286,0.18563250134482315
USA,False,core,PPa,0.13089588224058382,0.1925351744305067,0.16968601337459863
USA,False,core,PPb,0.306160861511199,0.39798542598419545,0.2872852401636405
USA,False,core,PPc_ck_1000_35_all_n,0.3040701366501297,0.3964019874207399,0.2856985042578645
USA,False,core,PPc_ck_1000_35_all_t,0.3039582641660778,0.39631717437164465,0.2856139101666218
USA,False,core,PPc_ck_1000_35_b9_n,0.3037954744197533,0.39619379127439586,0.28549091969138674
USA,False,core,PPc_ck_1000_35_b9_t,0.30365115502012946,0.3960844386546567,0.2853819888549399
USA,False,core,PPc_ck_1000_40_all_n,0.30428756398434226,0.39656683410749105,0.2858630433048403
USA,False,core,PPc_ck_1000_40_all_t,0.3041848029695863,0.39648893679102387,0.28578527201021725
USA,False,core,PPc_ck_1000_40_b9_n,0.3040701366501297,0.39640198742073995,0.2856985042578645
USA,False,core,PPc_ck_1000_40_b9_t,0.303941294490432,0.39630431081647427,0.28560108343769536
USA,False,core,PPc_ck_1000_45_all_n,0.3044641440385258,0.3967005937479119,0.2859966670181335
USA,False,core,PPc_ck_1000_45_all_t,0.3043691518610476,0.396628631598759,0.28592476538811695
USA,False,core,PPc_ck_1000_45_b9_n,0.30428756398434226,0.39656683410749105,0.2858630433048403
USA,False,core,PPc_ck_1000_45_b9_t,0.30417116440040265,0.3964785939466221,0.2857749485024836
USA,False,core,PPc_ck_1600_35_all_n,0.30315269277049134,0.39570697443204444,0.28500651908524294
USA,False,core,PPc_ck_1600_35_all_t,0.30300844631560275,0.39559780863394195,0.2848980873859538
USA,False,core,PPc_ck_1600_35_b9_n,0.3025479418504565,0.3952494975959454,0.2845525971401113
USA,False,core,PPc_ck_1600_35_b9_t,0.30233768046676607,0.3950905636991347,0.28439519501187277
USA,False,core,PPc_ck_1600_40_all_n,0.30343743914789634,0.39592255756520206,0.28522086036078825
USA,False,core,PPc_ck_1600_40_all_t,0.30330215502161123,0.3958201188024044,0.2851189774112911
USA,False,core,PPc_ck_1600_40_b9_n,0.30295127391885285,0.3955545487446706,0.2848551381031464
USA,False,core,PPc_ck_1600_40_b9_t,0.30276155286755974,0.395411028468457,0.28471272879539183
USA,False,core,PPc_ck_1600_45_all_n,0.3036728438380113,0.3961008706654355,0.28539835304130234
USA,False,core,PPc_ck_1600_45_all_t,0.30354570509753753,0.3960045565401894,0.28530245892923495
USA,False,core,PPc_ck_1600_45_b9_n,0.3032734652787196,0.39579839792560156,0.28509738235189536
USA,False,core,PPc_ck_1600_45_b9_t,0.30310068642230764,0.39566761257979494,0.28496741373358947
USA,False,core,PPc_ck_2000_35_all_n,0.30263653477404656,0.39531648288369725,0.28461898298022875
USA,False,core,PPc_ck_2000_35_all_t,0.3024785123529864,0.3951970096925426,0.28450059803374833
USA,False,core,PPc_ck_2000_35_b9_n,0.30177610083175593,0.39466638561096967,0.28397586748156955
USA,False,core,PPc_ck_2000_35_b9_t,0.30152859693784667,0.3944795836493631,0.28379155799209066
USA,False,core,PPc_ck_2000_40_all_n,0.30295127391885285,0.39555454874467044,0.28485513810314633
USA,False,core,PPc_ck_2000_40_all_t,0.30280127401218065,0.3954410724784069,0.2847425299751571
USA,False,core,PPc_ck_2000_40_b9_n,0.30225320050958865,0.39502672430481084,0.2843320144606386
USA,False,core,PPc_ck_2000_40_b9_t,0.3020283978576506,0.39485689673711655,0.2841640619547629
USA,False,core,PPc_ck_2000_45_all_n,0.3032143187718012,0.39575362206122655,0.2850528746681965
USA,False,core,PPc_ck_2000_45_all_t,0.30307192954727535,0.3956458491248998,0.28494579606327036
USA,False,core,PPc_ck_2000_45_b9_n,0.30263653477404656,0.3953164828836972,0.28461898298022875
USA,False,core,PPc_ck_2000_45_b9_t,0.30243072151984823,0.39516088439826963,0.2844648189270863
USA,False,core,PPc_edu_years,0.29489301776226046,0.3894976401562818,0.27896421805175015
USA,True,all,LV_ck_1000_35_all_n,0.31459363496617365,0.3371115877144451,0.3414516680635146
USA,True,all,LV_ck_1000_35_all_t,0.31457798458693603,0.33705814668931344,0.3414354285980941
USA,True,all,LV_ck_1000_35_b9_n,0.31455515781726934,0.33698051915647514,0.34141241032567043
USA,True,all,LV_ck_1000_35_b9_t,0.31453486804509273,0.3369118346024063,0.34139261120845626
USA,True,all,LV_ck_1000_40_all_n,0.3146239593296581,0.33721564502336376,0.34148420158300746
USA,True,all,LV_ck_1000_40_all_t,0.31460964525684326,0.3371664426294339,0.34146866860326275
USA,True,all,LV_ck_1000_40_b9_n,0.3145936349661737,0.337111587714445,0.3414516680635146
USA,True,all,LV_ck_1000_40_b9_t,0.3145756080112915,0.3370500470181467,0.34143299520836307
USA,True,all,LV_ck_1000_45_all_n,0.31464942813969676,0.3373002602485728,0.34151153927066147
USA,True,all,LV_ck_1000_45_all_t,0.31463547786600354,0.33725471742624485,0.3414967272264304
USA,True,all,LV_ck_1000_45_b9_n,0.3146239593296581,0.33721564502336404,0.3414842015830075
USA,True,all,LV_ck_1000_45_b9_t,0.3146077426101567,0.3371599139048332,0.3414666276850012
USA,True,all,LV_ck_1600_35_all_n,0.31446465364408865,0.3366755837661354,0.341328624940294
USA,True,all,LV_ck_1600_35_all_t,0.3144442856171907,0.33660749960804626,0.3413113825529094
USA,True,all,LV_ck_1600_35_b9_n,0.31438070263978296,0.3363909913025515,0.34126017102104667
USA,True,all,LV_ck_1600_35_b9_t,0.31435364236077973,0.3362925659448182,0.3412387328809531
USA,True,all,LV_ck_1600_40_all_n,0.3145047302347446,0.3368103563194126,0.34136434131893606
USA,True,all,LV_ck_1600_40_all_t,0.31448570539875564,0.3367462636686479,0.34134709447040607
USA,True,all,LV_ck_1600_40_b9_n,0.31443619884486157,0.33658054942429716,0.34130470694690324
USA,True,all,LV_ck_1600_40_b9_t,0.3144094524579876,0.33649126069732593,0.3412831995324833
USA,True,all,LV_ck_1600_45_all_n,0.31453792044402956,0.33692214863861975,0.34139555021616375
USA,True,all,LV_ck_1600_45_all_t,0.31452001138167646,0.33686172919286034,0.3413785058272546
USA,True,all,LV_ck_1600_45_b9_n,0.31448166860864957,0.3367326858729141,0.3413435015593516
USA,True,all,LV_ck_1600_45_b9_t,0.31445731596380494,0.33665102219975357,0.34132234241196063
USA,True,all,LV_ck_2000_35_all_n,0.3143926393064899,0.3364325432106957,0.3412695691632078
USA,True,all,LV_ck_2000_35_all_t,0.31437133510350307,0.3363584608852368,0.3412529571013307
USA,True,all,LV_ck_2000_35_b9_n,0.3142896162626771,0.3360310063019744,0.3411874622827647
USA,True,all,LV_ck_2000_35_b9_t,0.3142619988391055,0.33591633983400976,0.3411676365535078
USA,True,all,LV_ck_2000_40_all_n,0.31443619884486157,0.3365805494242971,0.3413047069469033
USA,True,all,LV_ck_2000_40_all_t,0.3144149445887089,0.33650993655554284,0.3412876203906477
USA,True,all,LV_ck_2000_40_b9_n,0.3143434143199543,0.33625309597402026,0.341230463062168
USA,True,all,LV_ck_2000_40_b9_t,0.3143177795522933,0.33614827760208504,0.3412094174635401
USA,True,all,LV_ck_2000_45_all_n,0.31447334016472067,0.33670470986285256,0.34133616585097565
USA,True,all,LV_ck_2000_45_all_t,0.31445325580557887,0.336637447981864,0.3413189004378366
USA,True,all,LV_ck_2000_45_b9_n,0.31439263930648986,0.33643254321069577,0.3412695691632078
USA,True,all,LV_ck_2000_45_b9_t,0.31436488653433253,0.3363360861011766,0.3412480687907116
USA,True,all,LV_edu_years,0.31370220297070756,0.33297645293844585,0.3412754154808552
USA,True,all,LV_hours,0.3149024534673573,0.33812129097082905,0.3418166728112876
USA,True,all,LV_wagebill,0.2001053487255613,0.18903918534655353,0.20787080062128574
USA,True,all,PPa,0.12673750157506578,0.13436417506769355,0.15345558988345576
USA,True,all,PPb,0.22595924049312802,0.2746839584726935,0.2493291607529202
USA,True,all,PPc_ck_1000_35_all_n,0.22529229063218792,0.27356240362261997,0.24851676442567666
USA,True,all,PPc_ck_1000_35_all_t,0.22526331655899656,0.2735028496081109,0.2484753562663188
USA,True,all,PPc_ck_1000_35_b9_n,0.22522110281923902,0.2734163075219474,0.24841550417768965
USA,True,all,PPc_ck_1000_35_b9_t,0.22518362662183802,0.2733397008401316,0.24836284247904336
USA,True,all,PPc_ck_1000_40_all_n,0.22534850488211494,0.2736783076592371,0.24859786586135063
USA,True,all,PPc_ck_1000_40_all_t,0.22532195780368505,0.2736235129011018,0.24855944018352663
USA,True,all,PPc_ck_1000_40_b9_n,0.22529229063218792,0.27356240362261997,0.24851676442567666
USA,True,all,PPc_ck_1000_40_b9_t,0.225258918982732,0.27349382172516357,0.24846909482884402
USA,True,all,PPc_ck_1000_45_all_n,0.22539789390601994,0.27377250161010797,0.24866427179768388
USA,True,all,PPc_ck_1000_45_all_t,0.22537059330259773,0.2737218092614055,0.2486284791113468
USA,True,all,PPc_ck_1000_45_b9_n,0.22534850488211494,0.27367830765923684,0.24859786586135063
USA,True,all,PPc_ck_1000_45_b9_t,0.22531843076592825,0.27361624087455483,0.2485543518939418
USA,True,all,PPc_ck_1600_35_all_n,0.225053811162776,0.2730759519686498,0.24818385087412814
USA,True,all,PPc_ck_1600_35_all_t,0.22501678211328852,0.27299987148079513,0.24813289382934128
USA,True,all,PPc_ck_1600_35_b9_n,0.22490156888707577,0.2727577202224617,0.2479727469475174
USA,True,all,PPc_ck_1600_35_b9_t,0.2248496317275776,0.27264752916314544,0.24790091161199415
USA,True,all,PPc_ck_1600_40_all_n,0.22512803986133334,0.2732264584444581,0.2482855491164429
USA,True,all,PPc_ck_1600_40_all_t,0.22509279734074614,0.2731548990326547,0.2482370487088418
USA,True,all,PPc_ck_1600_40_b9_n,0.2250021482785606,0.27296974715772254,0.24811280148141895
USA,True,all,PPc_ck_1600_40_b9_t,0.2249542222997684,0.2728699060449,0.24804655293993963
USA,True,all,PPc_ck_1600_45_all_n,0.22518926180148102,0.2733512065783142,0.24837073266494297
USA,True,all,PPc_ck_1600_45_all_t,0.22515621289625315,0.2732837957254273,0.2483246018568828
USA,True,all,PPc_ck_1600_45_b9_n,0.2250853179071166,0.27313973578045203,0.24822680581355921
USA,True,all,PPc_ck_1600_45_b9_t,0.22504037544382158,0.27304850941479003,0.24816543536911434
USA,True,all,PPc_ck_2000_35_all_n,0.2249234199255779,0.2728042188554649,0.24800325623208938
USA,True,all,PPc_ck_2000_35_all_t,0.22488443095211227,0.27272130865077177,0.24794893720389996
USA,True,all,PPc_ck_2000_35_b9_n,0.22471198739445916,0.27235437190958695,0.24771301711054008
USA,True,all,PPc_ck_2000_35_b9_t,0.2246596062075147,0.27222570085787906,0.247632045800546
USA,True,all,PPc_ck_2000_40_all_n,0.22500214827856055,0.27296974715772265,0.24811280148141895
USA,True,all,PPc_ck_2000_40_all_t,0.22496400090252952,0.27289079366300417,0.248060368915078
USA,True,all,PPc_ck_2000_40_b9_n,0.22482873354212124,0.2726033218901893,0.24787227681633037
USA,True,all,PPc_ck_2000_40_b9_t,0.22477303760454886,0.2724858697398024,0.2477967156855794
USA,True,all,PPc_ck_2000_45_all_n,0.22506989225330826,0.2731084890307183,0.24820573623529982
USA,True,all,PPc_ck_2000_45_all_t,0.2250330221372972,0.2730333411903153,0.24815527360693077
USA,True,all,PPc_ck_2000_45_b9_n,0.2249234199255779,0.27280421885546463,0.24800325623208938
USA,True,all,PPc_ck_2000_45_b9_t,0.22487262741283573,0.272696260063275,0.24793259924969405
USA,True,all,PPc_edu_years,0.223538203158745,0.2688939243442177,0.2458877493594089
USA,True,core,LV_ck_1000_35_all_n,0.28675527213737706,0.3300944745179838,0.30941616508969727
USA,True,core,LV_ck_1000_35_all_t,0.2866469601860394,0.3300129124987639,0.3093481957474099
USA,True,core,LV_ck_1000_35_b9_n,0.286489333857275,0.3298942815088724,0.3092495709182595
USA,True,core,LV_ck_1000_35_b9_t,0.28634957448306164,0.3297891630802355,0.3091624144691369
USA,True,core,LV_ck_1000_40_all_n,0.2869657000828932,0.33025303848385207,0.309548679569125
USA,True,core,LV_ck_1000_40_all_t,0.28686627878426,0.33017810409063736,0.3094859939682735
USA,True,core,LV_ck_1000_40_b9_n,0.28675527213737706,0.33009447451798396,0.30941616508969727
USA,True,core,LV_ck_1000_40_b9_t,0.28663052973742265,0.3300005431312662,0.30933789930634303
USA,True,core,LV_ck_1000_45_all_n,0.28713635592859355,0.3303817351727116,0.309656596397796
USA,True,core,LV_ck_1000_45_all_t,0.2870445536862967,0.33031249298521365,0.30959849404243817
USA,True,core,LV_ck_1000_45_b9_n,0.2869657000828932,0.3302530384838523,0.309548679569125
USA,True,core,LV_ck_1000_45_b9_t,0.286853076042871,0.3301681554492121,0.30947767984051483
USA,True,core,LV_ck_1600_35_all_n,0.2858669686883805,0.3294264774859855,0.308863410029757
USA,True,core,LV_ck_1600_35_all_t,0.2857285104101299,0.32932163314159774,0.3087774722262396
USA,True,core,LV_ck_1600_35_b9_n,0.285286381411836,0.32898725337863655,0.3085049008087598
USA,True,core,LV_ck_1600_35_b9_t,0.2850844574758796,0.32883474900435733,0.3083813563073216
USA,True,core,LV_ck_1600_40_all_n,0.28614258093617123,0.3296335889966969,0.3090338308216533
USA,True,core,LV_ck_1600_40_all_t,0.28601153327594225,0.3295351653736643,0.30895273485205127
USA,True,core,LV_ck_1600_40_b9_n,0.28567362791616496,0.329280091647174,0.3087434841257704
USA,True,core,LV_ck_1600_40_b9_t,0.2854914883301518,0.3291422964202827,0.3086309978831138
USA,True,core,LV_ck_1600_45_all_n,0.2863705790595651,0.32980495748460076,0.309175495907025
USA,True,core,LV_ck_1600_45_all_t,0.28624744597940516,0.32971238742185566,0.3090988976966136
USA,True,core,LV_ck_1600_45_b9_n,0.285983740080392,0.329514298258661,0.308935566649152
USA,True,core,LV_ck_1600_45_b9_t,0.285817050968504,0.3293886713607189,0.3088323955750318
USA,True,core,LV_ck_2000_35_all_n,0.2853714514783368,0.32905154251658464,0.30855712691251924
USA,True,core,LV_ck_2000_35_all_t,0.2852197086479715,0.32893688376986624,0.30846404247530096
USA,True,core,LV_ck_2000_35_b9_n,0.2845449828432134,0.32842795537228103,0.3080542034484651
USA,True,core,LV_ck_2000_35_b9_t,0.28430714525290335,0.3282489136216204,0.3079113293919283
USA,True,core,LV_ck_2000_40_all_n,0.28567362791616496,0.3292800916471738,0.3087434841257704
USA,True,core,LV_ck_2000_40_all_t,0.28552962438454627,0.32917113890652955,0.3086545104677088
USA,True,core,LV_ck_2000_40_b9_n,0.285003318043798,0.3287735050568913,0.30833187923685984
USA,True,core,LV_ck_2000_40_b9_t,0.2847873784029743,0.3286106180424844,0.30820067200087503
USA,True,core,LV_ck_2000_45_all_n,0.2859264398062387,0.32947128501078904,0.3089002058520485
USA,True,core,LV_ck_2000_45_all_t,0.28578944814261753,0.32936776926785294,0.30881526096090434
USA,True,core,LV_ck_2000_45_b9_n,0.28537145147833676,0.32905154251658475,0.30855712691251924
USA,True,core,LV_ck_2000_45_b9_t,0.2851738132781175,0.3289022193062266,0.30843595441535915
USA,True,core,LV_edu_years,0.2780747917780508,0.32349860367533134,0.30439079950356296
USA,True,core,LV_hours,0.2887770376159553,0.3316195109814785,0.3107107328520843
USA,True,core,LV_wagebill,0.10200186989916181,0.1287378075920085,0.12027080298706427
USA,True,core,PPa,0.06143983128850041,0.09027450509181335,0.08302296758737358
USA,True,core,PPb,0.21295771914816972,0.2714728903608921,0.22287896152009454
USA,True,core,PPc_ck_1000_35_all_n,0.21139607363152635,0.27007334653287146,0.22162776650992647
USA,True,core,PPc_ck_1000_35_all_t,0.21131204406748824,0.2699983999501556,0.2215615100065471
USA,True,core,PPc_ck_1000_35_b9_n,0.21118972532120792,0.2698893737500458,0.22146526408786021
USA,True,core,PPc_ck_1000_35_b9_t,0.21108124114756463,0.2697927489941028,0.22138010384207746
USA,True,core,PPc_ck_1000_40_all_n,0.21155927689424833,0.2702190217304889,0.22175677169576777
USA,True,core,PPc_ck_1000_40_all_t,0.21148217599720212,0.27015018290296633,0.22169577398418916
USA,True,core,PPc_ck_1000_40_b9_n,0.21139607363152635,0.27007334653287157,0.22162776650992647
USA,True,core,PPc_ck_1000_40_b9_t,0.2112992956556346,0.2699870330070944,0.22155146783650242
USA,True,core,PPc_ck_1000_45_all_n,0.21169158623520043,0.2703372303914683,0.22186166688437542
USA,True,core,PPc_ck_1000_45_all_t,0.21162041732870854,0.2702736340474857,0.22180520950204446
USA,True,core,PPc_ck_1000_45_b9_n,0.21155927689424833,0.27021902173048895,0.22175677169576774
USA,True,core,PPc_ck_1000_45_b9_t,0.2114719362269127,0.2701410429210318,0.22168767998206063
USA,True,core,PPc_ck_1600_35_all_n,0.21070623216657566,0.26945924582124914,0.22108717479149062
USA,True,core,PPc_ck_1600_35_all_t,0.2105976190868267,0.269362802052879,0.221002756950231
USA,True,core,PPc_ck_1600_35_b9_n,0.21025059733444013,0.2690551085528076,0.22073431797663826
USA,True,core,PPc_ck_1600_35_b9_t,0.21009201094611776,0.26891472202649885,0.22061229394223814
USA,True,core,PPc_ck_1600_40_all_n,0.2109205162084029,0.26964971603350457,0.2212542809522522
USA,True,core,PPc_ck_1600_40_all_t,0.21081872905580917,0.26955920842640774,0.22117481169388192
USA,True,core,PPc_ck_1600_40_b9_n,0.21055455863605335,0.26932458465824033,0.22096934158741638
USA,True,core,PPc_ck_1600_40_b9_t,0.2104116202431265,0.26919779785686576,0.22085863482494897
USA,True,core,PPc_ck_1600_45_all_n,0.2110975471576107,0.26980726821918016,0.22139289206364965
USA,True,core,PPc_ck_1600_45_all_t,0.21100194888306878,0.26972216675164057,0.22131797844595025
USA,True,core,PPc_ck_1600_45_b9_n,0.21079713836341668,0.2695400178121723,0.2211579763976152
USA,True,core,PPc_ck_1600_45_b9_t,0.21066707776578436,0.2694244707112774,0.22105672070365298
USA,True,core,PPc_ck_2000_35_all_n,0.21031739088609316,0.2691142793561368,0.22078583451255573
USA,True,core,PPc_ck_2000_35_all_t,0.21019824092172096,0.2690087449462724,0.2206939871873092
USA,True,core,PPc_ck_2000_35_b9_n,0.20966858617931744,0.26854008939607416,0.22028806807653423
USA,True,core,PPc_ck_2000_35_b9_t,0.2094822164953852,0.2683751280607026,0.22014595708140994
USA,True,core,PPc_ck_2000_40_all_n,0.21055455863605332,0.2693245846582403,0.22096934158741635
USA,True,core,PPc_ck_2000_40_all_t,0.21044155259924371,0.2692243383835631,0.22088179026857144
USA,True,core,PPc_ck_2000_40_b9_n,0.21002826851950984,0.2688583351004686,0.22056336281016353
USA,True,core,PPc_ck_2000_40_b9_t,0.20985857972425678,0.2687083399692464,0.22043342638738966
USA,True,core,PPc_ck_2000_45_all_n,0.2107526220434703,0.2695004583394404,0.22112328857041813
USA,True,core,PPc_ck_2000_45_all_t,0.21064542506352676,0.26940524350856015,0.2210398899609267
USA,True,core,PPc_ck_2000_45_b9_n,0.21031739088609316,0.2691142793561371,0.2207858345125557
USA,True,core,PPc_ck_2000_45_b9_t,0.21016219654774196,0.26897683531048217,0.22066624766613446
USA,True,core,PPc_edu_years,0.20445610179406384,0.2639822650955114,0.21652026348398803
USA_BEA,False,all,LV_ck_1000_35_all_n,0.4842246314291563,0.38452771704353295,0.873724378467267
USA_BEA,False,all,LV_ck_1000_35_all_t,0.48420892897122997,0.38445924760761085,0.8740539852879904
USA_BEA,False,all,LV_ck_1000_35_b9_n,0.48418612922673965,0.3843597232562446,0.8745339666811099
USA_BEA,False,all,LV_ck_1000_35_b9_t,0.48416609373605773,0.3842715982927127,0.8749598432542626
USA_BEA,False,all,LV_ck_1000_40_all_n,0.48425521478174444,0.38466092960245063,0.8730845095151298
USA_BEA,False,all,LV_ck_1000_40_all_t,0.4842407523770882,0.38459795908474653,0.8733867489209254
USA_BEA,False,all,LV_ck_1000_40_b9_n,0.4842246314291563,0.38452771704353295,0.873724378467267
USA_BEA,False,all,LV_ck_1000_40_b9_t,0.4842065493179741,0.38444886691931945,0.8741040001176353
USA_BEA,False,all,LV_ck_1000_45_all_n,0.48428024078134563,0.3847691486589064,0.8725660562339941
USA_BEA,False,all,LV_ck_1000_45_all_t,0.48426670139086503,0.3847109130152956,0.8728448986919344
USA_BEA,False,all,LV_ck_1000_45_b9_n,0.48425521478174444,0.38466092960245046,0.87308450951513
USA_BEA,False,all,LV_ck_1000_45_b9_t,0.48423883353103325,0.3845896010768119,0.8734268959606035
USA_BEA,False,all,LV_ck_1600_35_all_n,0.484097600459652,0.3839680019458615,0.8764333227442059
USA_BEA,False,all,LV_ck_1600_35_all_t,0.4840780096708173,0.38388037167679456,0.8768604577815773
USA_BEA,False,all,LV_ck_1600_35_b9_n,0.48401743657952284,0.3836012925378719,0.8782262749699729
USA_BEA,False,all,LV_ck_1600_35_b9_t,0.4839902554700592,0.3834742127425167,0.8788509993454018
USA_BEA,False,all,LV_ck_1600_40_all_n,0.48413657175194946,0.3841412835294008,0.8755911143776826
USA_BEA,False,all,LV_ck_1600_40_all_t,0.4841180273589853,0.38405890763408146,0.8759910904617969
USA_BEA,False,all,LV_ck_1600_40_b9_n,0.48407045436587876,0.3838456672747918,0.877029844668378
USA_BEA,False,all,LV_ck_1600_40_b9_t,0.4840454384076206,0.3837306182967431,0.877592307918082
USA_BEA,False,all,LV_ck_1600_45_all_n,0.48416910205535213,0.3842848355771225,0.8748958198094832
USA_BEA,False,all,LV_ck_1600_45_all_t,0.48415148095742605,0.38420727177668257,0.8752712288992904
USA_BEA,False,all,LV_ck_1600_45_b9_n,0.48411409937226624,0.384041449581684,0.8760759508531528
USA_BEA,False,all,LV_ck_1600_45_b9_t,0.4840905162175194,0.38393639621381487,0.8765872832830305
USA_BEA,False,all,LV_ck_2000_35_all_n,0.48402899386990855,0.3836549019684312,0.8779632568460146
USA_BEA,False,all,LV_ck_2000_35_all_t,0.4840084513094797,0.383559306133152,0.8784324859696538
USA_BEA,False,all,LV_ck_2000_35_b9_n,0.4839190354150423,0.3831358632376738,0.880522932428791
USA_BEA,False,all,LV_ck_2000_35_b9_t,0.48388810196452864,0.3829872359060636,0.8812613525060615
USA_BEA,False,all,LV_ck_2000_40_all_n,0.48407045436587876,0.3838456672747918,0.877029844668378
USA_BEA,False,all,LV_ck_2000_40_all_t,0.4840506698527183,0.38375469110852295,0.8774745002943786
USA_BEA,False,all,LV_ck_2000_40_b9_n,0.48397935972485207,0.3834232149340701,0.8791021991083727
USA_BEA,False,all,LV_ck_2000_40_b9_t,0.4839506967046803,0.3832876794632323,0.8797711879804636
USA_BEA,False,all,LV_ck_2000_45_all_n,0.48410600668891524,0.38400547085091474,0.8762509394437527
USA_BEA,False,all,LV_ck_2000_45_all_t,0.48408660132156894,0.38391892549852596,0.8766724340298394
USA_BEA,False,all,LV_ck_2000_45_b9_n,0.48402899386990855,0.3836549019684313,0.8779632568460146
USA_BEA,False,all,LV_ck_2000_45_b9_t,0.4840022721050418,0.3835304190838657,0.8785744723191576
USA_BEA,False,all,LV_edu_years,0.4836082681536059,0.3791113720047875,0.9014312145353458
USA_BEA,False,all,LV_hours,0.4845355750098322,0.38581443784622527,0.867620242343269
USA_BEA,False,all,LV_wagebill,0.3430389725541278,0.3130695345807514,0.2947271561408394
USA_BEA,False,all,PPa,0.2565312943760263,0.2616656672445971,0.26040777578719704
USA_BEA,False,all,PPb,0.348535644818477,0.3271638464645448,0.5948455410952049
USA_BEA,False,all,PPc_ck_1000_35_all_n,0.34738022643557476,0.3260746509075815,0.5983366681129169
USA_BEA,False,all,PPc_ck_1000_35_all_t,0.3473186171360347,0.32601666496764126,0.5985253141122221
USA_BEA,False,all,PPc_ck_1000_35_b9_n,0.3472292990467106,0.32593237448381895,0.5988000495370309
USA_BEA,False,all,PPc_ck_1000_35_b9_t,0.3471509191994662,0.32585773413256763,0.5990438404136947
USA_BEA,False,all,PPc_ck_1000_40_all_n,0.3474999648152069,0.32618745963218376,0.5979704870471729
USA_BEA,False,all,PPc_ck_1000_40_all_t,0.347443390087535,0.3261341353774888,0.5981434446712336
USA_BEA,False,all,PPc_ck_1000_40_b9_n,0.34738022643557476,0.3260746509075815,0.5983366681129169
USA_BEA,False,all,PPc_ck_1000_40_b9_t,0.3473092765844203,0.32600787346579957,0.5985539406235791
USA_BEA,False,all,PPc_ck_1000_45_all_n,0.3475970837269244,0.32627909572682384,0.5976738271840157
USA_BEA,False,all,PPc_ck_1000_45_all_t,0.3475448378554313,0.32622978465443825,0.5978333770862977
USA_BEA,False,all,PPc_ck_1000_45_b9_n,0.3474999648152069,0.3261874596321838,0.5979704870471729
USA_BEA,False,all,PPc_ck_1000_45_b9_t,0.3474358774245382,0.3261270575415726,0.5981664198344274
USA_BEA,False,all,PPc_ck_1600_35_all_n,0.3468809263592357,0.32560056262663917,0.5998875029167042
USA_BEA,False,all,PPc_ck_1600_35_all_t,0.3468030617668975,0.3255263239410473,0.6001321165933082
USA_BEA,False,all,PPc_ck_1600_35_b9_n,0.3465552929459071,0.3252898692401826,0.6009144532626055
USA_BEA,False,all,PPc_ck_1600_35_b9_t,0.34644447828857455,0.32518218690857503,0.6012723719974435
USA_BEA,False,all,PPc_ck_1600_40_all_n,0.34703515298279364,0.32574735233858126,0.5994052505005902
USA_BEA,False,all,PPc_ck_1600_40_all_t,0.3469618682691014,0.3256775722139772,0.599634267507245
USA_BEA,False,all,PPc_ck_1600_40_b9_n,0.3467722271937041,0.32549692201381286,0.6002291282261623
USA_BEA,False,all,PPc_ck_1600_40_b9_t,0.3466699016270996,0.3253994472569686,0.6005512893345262
USA_BEA,False,all,PPc_ck_1600_45_all_n,0.34716267821258734,0.32586894614828943,0.599007189054989
USA_BEA,False,all,PPc_ck_1600_45_all_t,0.3470937993112181,0.32580324810361966,0.5992221060420401
USA_BEA,False,all,PPc_ck_1600_45_b9_n,0.3469463263356036,0.32566278316626407,0.5996828591893053
USA_BEA,False,all,PPc_ck_1600_45_b9_t,0.3468528080878976,0.32557378728512726,0.5999756711034502
USA_BEA,False,all,PPc_ck_2000_35_all_n,0.34660247006275663,0.32533529356147717,0.6007637788962896
USA_BEA,False,all,PPc_ck_2000_35_all_t,0.34651870170232885,0.3252542924334995,0.6010325907907899
USA_BEA,False,all,PPc_ck_2000_35_b9_n,0.3461484906304945,0.32489544940805815,0.6022305012382266
USA_BEA,False,all,PPc_ck_2000_35_b9_t,0.34601803298542166,0.32476947911918386,0.6026537767262681
USA_BEA,False,all,PPc_ck_2000_40_all_n,0.3467722271937041,0.32549692201381286,0.6002291282261621
USA_BEA,False,all,PPc_ck_2000_40_all_t,0.34669132563691313,0.325419843357466,0.6004838095682169
USA_BEA,False,all,PPc_ck_2000_40_b9_n,0.3463999536051713,0.32513897141676856,0.6014163038436006
USA_BEA,False,all,PPc_ck_2000_40_b9_t,0.3462814699565727,0.3250241134002598,0.601799658129008
USA_BEA,False,all,PPc_ck_2000_45_all_n,0.3469142847631873,0.32563230442306745,0.599783061805672
USA_BEA,False,all,PPc_ck_2000_45_all_t,0.346837299278783,0.32555898645859077,0.6000244354459311
USA_BEA,False,all,PPc_ck_2000_45_b9_n,0.34660247006275663,0.32533529356147733,0.6007637788962896
USA_BEA,False,all,PPc_ck_2000_45_b9_t,0.34649351440687803,0.3252298147932192,0.6011139373574902
USA_BEA,False,all,PPc_edu_years,0.34287116217987396,0.32148269773133503,0.6142416073229675
USA_BEA,False,core,LV_ck_1000_35_all_n,0.2826610616106027,0.3292738567495836,0.3327022284348559
USA_BEA,False,core,LV_ck_1000_35_all_t,0.2824926046927937,0.32916151424140605,0.33259564637479794
USA_BEA,False,core,LV_ck_1000_35_b9_n,0.28224747221985624,0.32899817348874283,0.3324408145861161
USA_BEA,False,core,LV_ck_1000_35_b9_t,0.28203014807783267,0.32885349756813503,0.33230380863208353
USA_BEA,False,core,LV_ck_1000_40_all_n,0.28298837548482775,0.32949235687852574,0.33290973698357007
USA_BEA,False,core,LV_ck_1000_40_all_t,0.28283372283978314,0.3293890819664159,0.3328116225212697
USA_BEA,False,core,LV_ck_1000_40_b9_n,0.2826610616106027,0.32927385674958354,0.3327022284348559
USA_BEA,False,core,LV_ck_1000_40_b9_t,0.2824670516316557,0.3291444797665872,0.33257949187158353
USA_BEA,False,core,LV_ck_1000_45_all_n,0.28325386070287,0.3296697931580623,0.3330784514100164
USA_BEA,False,core,LV_ck_1000_45_all_t,0.28311104218515326,0.3295743174472318,0.33298764621092647
USA_BEA,False,core,LV_ck_1000_45_b9_n,0.28298837548482775,0.3294923568785257,0.33290973698357007
USA_BEA,False,core,LV_ck_1000_45_b9_t,0.28281318641399844,0.32937537283261303,0.33279860308160536
USA_BEA,False,core,LV_ck_1600_35_all_n,0.28127968822910754,0.32835476051904416,0.33183248824037226
USA_BEA,False,core,LV_ck_1600_35_all_t,0.2810630207927093,0.32821071206558494,0.33169664473215055
USA_BEA,False,core,LV_ck_1600_35_b9_n,0.28037127651268956,0.3277516765079964,0.3312646311702464
USA_BEA,False,core,LV_ck_1600_35_b9_t,0.2800558024690707,0.32754251076856683,0.3310682277530284
USA_BEA,False,core,LV_ck_1600_40_all_n,0.28170831443627314,0.3286394819701781,0.33210137118732563
USA_BEA,False,core,LV_ck_1600_40_all_t,0.28150458538551804,0.32850414917458004,0.33197350428672145
USA_BEA,False,core,LV_ck_1600_40_b9_n,0.28097714268447666,0.3281536527010083,0.331642871439857
USA_BEA,False,core,LV_ck_1600_40_b9_t,0.28069215829452726,0.32796444747453546,0.3314647099390022
USA_BEA,False,core,LV_ck_1600_45_all_n,0.2820628085899112,0.3288752320383837,0.33232438281198434
USA_BEA,False,core,LV_ck_1600_45_all_t,0.2818713528578539,0.3287478656763346,0.33220385657755214
USA_BEA,False,core,LV_ck_1600_45_b9_n,0.28146137996019704,0.32847546318335524,0.3319464153011651
USA_BEA,False,core,LV_ck_1600_45_b9_t,0.2812015719739841,0.3283028111710665,0.3317834829463954
USA_BEA,False,core,LV_ck_2000_35_all_n,0.28050436038942717,0.3278398876631406,0.3313475450693436
USA_BEA,False,core,LV_ck_2000_35_all_t,0.28026697830659286,0.3276825792832127,0.3311997184840306
USA_BEA,False,core,LV_ck_2000_35_b9_n,0.2792139421903426,0.32698516901591074,0.3305463005217739
USA_BEA,False,core,LV_ck_2000_35_b9_t,0.27884287943704883,0.32674014094607384,0.3303175033307687
USA_BEA,False,core,LV_ck_2000_40_all_n,0.28097714268447666,0.32815365270100827,0.331642871439857
USA_BEA,False,core,LV_ck_2000_40_all_t,0.28075182514672536,0.328004042708363,0.33150197522876995
USA_BEA,False,core,LV_ck_2000_40_b9_n,0.27992916522514466,0.32745854624502174,0.3309894667058625
USA_BEA,False,core,LV_ck_2000_40_b9_t,0.2795921709018673,0.3272353255826647,0.330780305749287
USA_BEA,False,core,LV_ck_2000_45_all_n,0.28137230744427505,0.3284163399638826,0.33189059964703194
USA_BEA,False,core,LV_ck_2000_45_all_t,0.2811583773449979,0.32827409277814523,0.331756399306258
USA_BEA,False,core,LV_ck_2000_45_b9_n,0.28050436038942717,0.3278398876631406,0.3313475450693436
USA_BEA,False,core,LV_ck_2000_45_b9_t,0.2801952705560153,0.32763503407018735,0.3311550706056699
USA_BEA,False,core,LV_edu_years,0.26902184333614954,0.32030303960452894,0.3244741645930777
USA_BEA,False,core,LV_hours,0.28580959717132076,0.3313805487639969,0.3347140895018319
USA_BEA,False,core,LV_wagebill,0.16668782957576506,0.2093521618991071,0.18750722572231954
USA_BEA,False,core,PPa,0.16650149099923087,0.21498498632457494,0.19670723396018913
USA_BEA,False,core,PPb,0.24434866893959264,0.2987813982305313,0.2591885835349976
USA_BEA,False,core,PPc_ck_1000_35_all_n,0.2427525295676412,0.2971448067424729,0.25795161830794294
USA_BEA,False,core,PPc_ck_1000_35_all_t,0.24266702402559287,0.2970574574944375,0.2578858588268036
USA_BEA,False,core,PPc_ck_1000_35_b9_n,0.24254260751423182,0.2969304426381972,0.25779028618076627
USA_BEA,False,core,PPc_ck_1000_35_b9_t,0.2424323131697902,0.2968179287728515,0.25770567303721736
USA_BEA,False,core,PPc_ck_1000_40_all_n,0.24291868068754627,0.2973146750663633,0.25807957825821065
USA_BEA,False,core,PPc_ck_1000_40_all_t,0.24284017379413075,0.29723438967362364,0.2580190874588517
USA_BEA,False,core,PPc_ck_1000_40_b9_n,0.2427525295676412,0.2971448067424729,0.25795161830794294
USA_BEA,False,core,PPc_ck_1000_40_b9_t,0.24265405416978003,0.2970442120988505,0.2578758896100987
USA_BEA,False,core,PPc_ck_1000_45_all_n,0.24305360517676344,0.2974525983313667,0.25818354900896706
USA_BEA,False,core,PPc_ck_1000_45_all_t,0.24298099387246946,0.29737838629292723,0.2581275974313097
USA_BEA,False,core,PPc_ck_1000_45_b9_n,0.24291868068754627,0.2973146750663633,0.25807957825821065
USA_BEA,False,core,PPc_ck_1000_45_b9_t,0.24282974909383329,0.2972237317883412,0.2580110590140027
USA_BEA,False,core,PPc_ck_1600_35_all_n,0.24205141090707835,0.2964299713701104,0.2574142702200063
USA_BEA,False,core,PPc_ck_1600_35_all_t,0.24194119636263614,0.29631789292433147,0.25733018789506534
USA_BEA,False,core,PPc_ck_1600_35_b9_n,0.2415893747307711,0.2959606589308147,0.25706249695339856
USA_BEA,False,core,PPc_ck_1600_35_b9_t,0.24142875535656055,0.29579784243028134,0.2569406492465293
USA_BEA,False,core,PPc_ck_1600_40_all_n,0.24226899329320417,0.29665146769087597,0.2575805738394782
USA_BEA,False,core,PPc_ck_1600_40_all_t,0.24216561641518192,0.29654619254482706,0.25750150900072805
USA_BEA,False,core,PPc_ck_1600_40_b9_n,0.2418975140932109,0.2962734940807751,0.25729689221882796
USA_BEA,False,core,PPc_ck_1600_40_b9_t,0.2417525648611149,0.2961262574671478,0.2571865282889276
USA_BEA,False,core,PPc_ck_1600_45_all_n,0.24244888824210326,0.2968348323506632,0.25771838203600755
USA_BEA,False,core,PPc_ck_1600_45_all_t,0.24235172774724803,0.29673577168314813,0.2576439176622533
USA_BEA,False,core,PPc_ck_1600_45_b9_n,0.24214369386252105,0.2965238764319755,0.257484754096424
USA_BEA,False,core,PPc_ck_1600_45_b9_t,0.24201167373403798,0.2963895529568048,0.2573839426274764
USA_BEA,False,core,PPc_ck_2000_35_all_n,0.24165705466173754,0.296029316205512,0.2571139080424553
USA_BEA,False,core,PPc_ck_2000_35_all_t,0.2415363360113216,0.2959068756332291,0.2570222359144006
USA_BEA,False,core,PPc_ck_2000_35_b9_n,0.24099982044516466,0.29536388909002403,0.2566163791558846
USA_BEA,False,core,PPc_ck_2000_35_b9_t,0.24081080362341603,0.29517305595305066,0.2564740078210646
USA_BEA,False,core,PPc_ck_2000_40_all_n,0.2418975140932109,0.29627349408077513,0.25729689221882796
USA_BEA,False,core,PPc_ck_2000_40_all_t,0.24178291152515777,0.29615707150259635,0.25720961888360744
USA_BEA,False,core,PPc_ck_2000_40_b9_n,0.24136422413547104,0.2957324770877691,0.2568917595311246
USA_BEA,False,core,PPc_ck_2000_40_b9_t,0.24119251467121228,0.2955586843639099,0.2567618506420365
USA_BEA,False,core,PPc_ck_2000_45_all_n,0.24209849920790688,0.2964778803788547,0.2574502260545539
USA_BEA,False,core,PPc_ck_2000_45_all_t,0.241989701394263,0.2963672083936951,0.25736717915547364
USA_BEA,False,core,PPc_ck_2000_45_b9_n,0.24165705466173754,0.2960293162055121,0.2571139080424553
USA_BEA,False,core,PPc_ck_2000_45_b9_t,0.24149982828422178,0.2958698663073012,0.256994537808532
USA_BEA,False,core,PPc_edu_years,0.2358071080910279,0.2901502695119729,0.25278137092982883
USA_BEA,True,all,LV_ck_1000_35_all_n,0.3393172331550731,0.2917506701642336,0.7391711896578761
USA_BEA,True,all,LV_ck_1000_35_all_t,0.33934326866412723,0.2917102281292085,0.7394891458618434
USA_BEA,True,all,LV_ck_1000_35_b9_n,0.33938117771850107,0.29165151839132225,0.7399521592474823
USA_BEA,True,all,LV_ck_1000_35_b9_t,0.339414852979241,0.2915996078768185,0.7403629784657109
USA_BEA,True,all,LV_ck_1000_40_all_n,0.33926831585469475,0.2918294732931107,0.7385539347062944
USA_BEA,True,all,LV_ck_1000_40_all_t,0.3392913674761436,0.291792202788299,0.7388454930606566
USA_BEA,True,all,LV_ck_1000_40_b9_n,0.3393172331550731,0.2917506701642335,0.7391711896578761
USA_BEA,True,all,LV_ck_1000_40_b9_t,0.33934721909520577,0.2917041003624504,0.739537392713128
USA_BEA,True,all,LV_ck_1000_45_all_n,0.33923047708638426,0.2918936073191023,0.7380538009489205
USA_BEA,True,all,LV_ck_1000_45_all_t,0.33925003926714825,0.29185908215836504,0.7383227909118735
USA_BEA,True,all,LV_ck_1000_45_b9_n,0.33926831585469475,0.29182947329311065,0.7385539347062946
USA_BEA,True,all,LV_ck_1000_45_b9_t,0.3392944292976553,0.2917872585682072,0.7388842212376537
USA_BEA,True,all,LV_ck_1600_35_all_n,0.33953364878108805,0.2914213150163979,0.7417843474596127
USA_BEA,True,all,LV_ck_1600_35_all_t,0.3395689653549398,0.2913700102456048,0.7421963727818229
USA_BEA,True,all,LV_ck_1600_35_b9_n,0.3396830649555774,0.29120709551680374,0.7435138641575892
USA_BEA,True,all,LV_ck_1600_35_b9_t,0.3397400681967851,0.2911331547555224,0.744116479263834
USA_BEA,True,all,LV_ck_1600_40_all_n,0.33946483394479315,0.29152297458521165,0.7409719268857107
USA_BEA,True,all,LV_ck_1600_40_all_t,0.3394973372459568,0.2914746124620798,0.7413577571846448
USA_BEA,True,all,LV_ck_1600_40_b9_n,0.33958298379186375,0.2913497116148075,0.7423597672293787
USA_BEA,True,all,LV_ck_1600_40_b9_t,0.33962955062015737,0.2912824997291955,0.7429023302980488
USA_BEA,True,all,LV_ck_1600_45_all_n,0.3394097834152866,0.29160740088253595,0.7403012187627881
USA_BEA,True,all,LV_ck_1600_45_all_t,0.3394395080887138,0.29156176048399834,0.7406633535397706
USA_BEA,True,all,LV_ck_1600_45_b9_n,0.33950429280116456,0.2914643710051518,0.7414396161577148
USA_BEA,True,all,LV_ck_1600_45_b9_t,0.3395463562385137,0.2914028026483104,0.7419328619020464
USA_BEA,True,all,LV_ck_2000_35_all_n,0.33966033102736054,0.2912383337321764,0.7432601534396645
USA_BEA,True,all,LV_ck_2000_35_all_t,0.33970136675045925,0.2911826489959499,0.7437127775954082
USA_BEA,True,all,LV_ck_2000_35_b9_n,0.33990868153847603,0.29093704054711783,0.745729227859978
USA_BEA,True,all,LV_ck_2000_35_b9_t,0.3399839074314687,0.2908512434198421,0.7464415028125265
USA_BEA,True,all,LV_ck_2000_40_all_n,0.33958298379186375,0.29134971161480755,0.7423597672293787
USA_BEA,True,all,LV_ck_2000_40_all_t,0.33961978068801135,0.29129655288409856,0.7427886909803963
USA_BEA,True,all,LV_ck_2000_40_b9_n,0.3397652913398509,0.29110352509308723,0.7443587881177602
USA_BEA,True,all,LV_ck_2000_40_b9_t,0.33983273046491214,0.2910249000736283,0.7450040967024621
USA_BEA,True,all,LV_ck_2000_45_all_n,0.3395186534502024,0.29144327357277283,0.741608415381281
USA_BEA,True,all,LV_ck_2000_45_all_t,0.33955340385045285,0.2913925735276569,0.7420150004911137
USA_BEA,True,all,LV_ck_2000_45_b9_n,0.33966033102736054,0.2912383337321764,0.7432601534396645
USA_BEA,True,all,LV_ck_2000_45_b9_t,0.33971396825826916,0.29116583924876144,0.7438497390231411
USA_BEA,True,all,LV_edu_years,0.34282055017978946,0.288696612160018,0.765896807675731
USA_BEA,True,all,LV_hours,0.3389324986094136,0.29251830346612034,0.7332825720275226
USA_BEA,True,all,LV_wagebill,0.211819260095597,0.19022176025221377,0.2178525562197981
USA_BEA,True,all,PPa,0.15665311947800203,0.16037614888770274,0.17308283574482275
USA_BEA,True,all,PPb,0.24394076860494027,0.24542160634213417,0.5328440672712832
USA_BEA,True,all,PPc_ck_1000_35_all_n,0.24351408444037903,0.2447233950921534,0.5370720137380797
USA_BEA,True,all,PPc_ck_1000_35_all_t,0.24349564528799958,0.2446866166307703,0.5373003987694644
USA_BEA,True,all,PPc_ck_1000_35_b9_n,0.24346881985079977,0.24463322680946334,0.5376329947206429
USA_BEA,True,all,PPc_ck_1000_35_b9_t,0.24344511803487684,0.24458602166578997,0.5379281156199182
USA_BEA,True,all,PPc_ck_1000_40_all_n,0.24355104109886008,0.24479506186723846,0.5366286733944913
USA_BEA,True,all,PPc_ck_1000_40_all_t,0.2435329957877247,0.2447611661864701,0.5368380791063335
USA_BEA,True,all,PPc_ck_1000_40_b9_n,0.24351408444037903,0.24472339509215366,0.5370720137380798
USA_BEA,True,all,PPc_ck_1000_40_b9_t,0.24349284810960903,0.24468104404016605,0.5373350549049687
USA_BEA,True,all,PPc_ck_1000_45_all_n,0.2435835856483174,0.24485339005072934,0.5362694821367116
USA_BEA,True,all,PPc_ck_1000_45_all_t,0.24356555364917348,0.24482199011561392,0.5364626650970326
USA_BEA,True,all,PPc_ck_1000_45_b9_n,0.24355104109886008,0.2447950618672386,0.5366286733944913
USA_BEA,True,all,PPc_ck_1000_45_b9_t,0.2435307399371853,0.24475666971149448,0.536865895438451
USA_BEA,True,all,PPc_ck_1600_35_all_n,0.24336394038677994,0.2444239021508977,0.5389493138884497
USA_BEA,True,all,PPc_ck_1600_35_all_t,0.2433407920185157,0.24437725514975545,0.5392453748275392
USA_BEA,True,all,PPc_ck_1600_35_b9_n,0.2432710660928866,0.2442291433826626,0.5401921694755062
USA_BEA,True,all,PPc_ck_1600_35_b9_t,0.24324324589629812,0.24416192790048452,0.5406252855939111
USA_BEA,True,all,PPc_ck_1600_40_all_n,0.2434100847684148,0.24451633754884675,0.5383655972318319
USA_BEA,True,all,PPc_ck_1600_40_all_t,0.24338807299151488,0.24447236278130283,0.5386428047101981
USA_BEA,True,all,PPc_ck_1600_40_b9_n,0.24333165705767945,0.24435879985868586,0.5393627865383186
USA_BEA,True,all,PPc_ck_1600_40_b9_t,0.24330223746210364,0.24429769366473225,0.5397526792258751
USA_BEA,True,all,PPc_ck_1600_45_all_n,0.24344867447121563,0.24459310818679178,0.5378837481449058
USA_BEA,True,all,PPc_ck_1600_45_all_t,0.24342782571932794,0.24455160587381775,0.5381439069978607
USA_BEA,True,all,PPc_ck_1600_45_b9_n,0.24338342716888145,0.24446305060703472,0.5387016197883377
USA_BEA,True,all,PPc_ck_1600_45_b9_t,0.24335558220477738,0.24440707024516548,0.539056027088732
USA_BEA,True,all,PPc_ck_2000_35_all_n,0.2432834151813221,0.24425754164206484,0.5400098311144353
USA_BEA,True,all,PPc_ck_2000_35_all_t,0.2432614750732376,0.24420691990330554,0.5403351301623963
USA_BEA,True,all,PPc_ck_2000_35_b9_n,0.243173645225718,0.24398367406358373,0.5417845855812924
USA_BEA,True,all,PPc_ck_2000_35_b9_t,0.24314800168869566,0.24390570190709615,0.5422966737376151
USA_BEA,True,all,PPc_ck_2000_40_all_n,0.24333165705767945,0.2443587998586857,0.5393627865383186
USA_BEA,True,all,PPc_ck_2000_40_all_t,0.24330833114015307,0.2443104699234391,0.5396710142055713
USA_BEA,True,all,PPc_ck_2000_40_b9_n,0.24323245212664044,0.24413499447225007,0.5407994495825648
USA_BEA,True,all,PPc_ck_2000_40_b9_t,0.24320386576433017,0.24406352783553384,0.541263304850188
USA_BEA,True,all,PPc_ck_2000_45_all_n,0.24337385932987335,0.24444386771344168,0.5388229028661902
USA_BEA,True,all,PPc_ck_2000_45_all_t,0.24335096769933334,0.244397769773658,0.5391150476693624
USA_BEA,True,all,PPc_ck_2000_45_b9_n,0.2432834151813221,0.24425754164206503,0.5400098311144353
USA_BEA,True,all,PPc_ck_2000_45_b9_t,0.24325524525947892,0.24419163902757818,0.5404335676726726
USA_BEA,True,all,PPc_edu_years,0.24299392047974264,0.24195135686068683,0.5563027206358944
USA_BEA,True,core,LV_ck_1000_35_all_n,0.21331366751952605,0.26001392198159484,0.26978201540979535
USA_BEA,True,core,LV_ck_1000_35_all_t,0.2131906007888959,0.2599296872498234,0.26969888543935805
USA_BEA,True,core,LV_ck_1000_35_b9_n,0.21301163447184615,0.2598072148963158,0.26957817519011057
USA_BEA,True,core,LV_ck_1000_35_b9_t,0.2128530891689034,0.25969873852598674,0.2694714147975246
USA_BEA,True,core,LV_ck_1000_40_all_n,0.21355332624765896,0.2601777553169566,0.26994394828876395
USA_BEA,True,core,LV_ck_1000_40_all_t,0.21343999445066858,0.2601003186770795,0.26986736918699833
USA_BEA,True,core,LV_ck_1000_40_b9_n,0.21331366751952605,0.2600139219815948,0.2697820154097953
USA_BEA,True,core,LV_ck_1000_40_b9_t,0.21317193041697033,0.25991691479878554,0.2696862881124526
USA_BEA,True,core,LV_ck_1000_45_all_n,0.21374782188511013,0.26031079959884246,0.2700756886240148
USA_BEA,True,core,LV_ck_1000_45_all_t,0.21364320120037672,0.2602392104432758,0.2700047745670738
USA_BEA,True,core,LV_ck_1000_45_b9_n,0.21355332624765896,0.2601777553169565,0.26994394828876395
USA_BEA,True,core,LV_ck_1000_45_b9_t,0.21342494780100704,0.260090039445962,0.26985720926811224
USA_BEA,True,core,LV_ck_1600_35_all_n,0.21230509906085646,0.2593248016393395,0.26910452527784184
USA_BEA,True,core,LV_ck_1600_35_all_t,0.21214640601764825,0.2592168024376904,0.26899889217328266
USA_BEA,True,core,LV_ck_1600_35_b9_n,0.211639437188037,0.2588726577441488,0.268663293024957
USA_BEA,True,core,LV_ck_1600_35_b9_t,0.211407786079998,0.25871585146711573,0.2685108947336003
USA_BEA,True,core,LV_ck_1600_40_all_n,0.21261821298634315,0.25953827437753363,0.26931375863823126
USA_BEA,True,core,LV_ck_1600_40_all_t,0.21246947619926912,0.2594368064830418,0.2692142336877199
USA_BEA,True,core,LV_ck_1600_40_b9_n,0.21208349348344283,0.2591740231492866,0.26895709154706
USA_BEA,True,core,LV_ck_1600_40_b9_t,0.2118746665085395,0.25903217203605167,0.268818654829488
USA_BEA,True,core,LV_ck_1600_45_all_n,0.21287691916384144,0.2597150347104852,0.26948744384363416
USA_BEA,True,core,LV_ck_1600_45_all_t,0.21273721251169406,0.2596195377047366,0.26939355955588923
USA_BEA,True,core,LV_ck_1600_45_b9_n,0.2124379277620137,0.2594152988873598,0.26919315467918514
USA_BEA,True,core,LV_ck_1600_45_b9_t,0.21224789007943373,0.25928585280966454,0.2690664125218759
USA_BEA,True,core,LV_ck_2000_35_all_n,0.21173700978456428,0.25893878898977646,0.26872766233863454
USA_BEA,True,core,LV_ck_2000_35_all_t,0.211562956807604,0.2588208567058093,0.2686129122597801
USA_BEA,True,core,LV_ck_2000_35_b9_n,0.21078857933076078,0.2582980552906358,0.26810644545493517
USA_BEA,True,core,LV_ck_2000_35_b9_t,0.21051667372973965,0.2581143917494107,0.26792939825692325
USA_BEA,True,core,LV_ck_2000_40_all_n,0.21208349348344285,0.25917402314928645,0.26895709154706
USA_BEA,True,core,LV_ck_2000_40_all_t,0.21191839514604952,0.2590618571087462,0.2688476037848743
USA_BEA,True,core,LV_ck_2000_40_b9_n,0.21131468114481752,0.25865290693911336,0.2684498112729056
USA_BEA,True,core,LV_ck_2000_40_b9_t,0.21106684085301805,0.2584855728395399,0.26828768204597203
USA_BEA,True,core,LV_ck_2000_45_all_n,0.21237288140454333,0.2593709708957013,0.2691497285709122
USA_BEA,True,core,LV_ck_2000_45_all_t,0.21221625354976778,0.25926432140327493,0.269045351644772
USA_BEA,True,core,LV_ck_2000_45_b9_n,0.21173700978456425,0.25893878898977657,0.26872766233863454
USA_BEA,True,core,LV_ck_2000_45_b9_t,0.21151030565212484,0.25878521318647196,0.26857826655463957
USA_BEA,True,core,LV_edu_years,0.20325347523900897,0.25329588794742774,0.26346808921859294
USA_BEA,True,core,LV_hours,0.21561381846291502,0.2615935393279731,0.27135650584952653
USA_BEA,True,core,LV_wagebill,0.12229273199651022,0.14819399762572877,0.14152020546161737
USA_BEA,True,core,PPa,0.11294791672460762,0.1445793266284064,0.13032537930659016
USA_BEA,True,core,PPb,0.17823264137429426,0.22473768414435963,0.20044388942511676
USA_BEA,True,core,PPc_ck_1000_35_all_n,0.17698218932260387,0.2234167748461165,0.19938134113251388
USA_BEA,True,core,PPc_ck_1000_35_all_t,0.17691706508133354,0.22334637334796772,0.19932521579259757
USA_BEA,True,core,PPc_ck_1000_35_b9_n,0.17682228077263298,0.22324402105323995,0.1992437128090227
USA_BEA,True,core,PPc_ck_1000_35_b9_t,0.17673823135508263,0.2231533728281123,0.1991716233658816
USA_BEA,True,core,PPc_ck_1000_40_all_n,0.1771108961090719,0.22355371466478705,0.19949066219684558
USA_BEA,True,core,PPc_ck_1000_40_all_t,0.17704983033052887,0.22348898748601595,0.1994389648893341
USA_BEA,True,core,PPc_ck_1000_40_b9_n,0.17698218932260387,0.22341677484611658,0.19938134113251388
USA_BEA,True,core,PPc_ck_1000_40_b9_t,0.17690718557684226,0.22333569877791623,0.19931671043108776
USA_BEA,True,core,PPc_ck_1000_45_all_n,0.17721585987166943,0.2236649305698257,0.19957959253351298
USA_BEA,True,core,PPc_ck_1000_45_all_t,0.17715935327500026,0.22360508572100615,0.19953172336634
USA_BEA,True,core,PPc_ck_1000_45_b9_n,0.17711089610907188,0.2235537146647869,0.19949066219684558
USA_BEA,True,core,PPc_ck_1000_45_b9_t,0.1770417206709238,0.22348039561083322,0.19943210591535168
USA_BEA,True,core,PPc_ck_1600_35_all_n,0.17644828262295081,0.2228409473076592,0.19892384268813754
USA_BEA,True,core,PPc_ck_1600_35_all_t,0.17636536968784086,0.22275072981143168,0.19885249066314972
USA_BEA,True,core,PPc_ck_1600_35_b9_n,0.17610261977136848,0.22246329763009134,0.1986257646779146
USA_BEA,True,core,PPc_ck_1600_35_b9_t,0.17598259318187817,0.22233235792583933,0.1985227861243844
USA_BEA,True,core,PPc_ck_1600_40_all_n,0.17661376441010557,0.22301929398878592,0.199065157315976
USA_BEA,True,core,PPc_ck_1600_40_all_t,0.17653515227394648,0.22293451868981493,0.19899794156782186
USA_BEA,True,core,PPc_ck_1600_40_b9_n,0.17633275830215903,0.22271499604411016,0.19882425400991177
USA_BEA,True,core,PPc_ck_1600_40_b9_t,0.17622452137611425,0.22259651550759874,0.19873073239325112
USA_BEA,True,core,PPc_ck_1600_45_all_n,0.1767508637598293,0.22316699027961884,0.19918244722813744
USA_BEA,True,core,PPc_ck_1600_45_all_t,0.1766768073631474,0.22308719314370315,0.1991190487406402
USA_BEA,True,core,PPc_ck_1600_45_b9_n,0.17651847890214384,0.22291655015001327,0.19898370491405082
USA_BEA,True,core,PPc_ck_1600_45_b9_t,0.17641805115320727,0.22280841041922134,0.19889809930349894
USA_BEA,True,core,PPc_ck_2000_35_all_n,0.176153181719954,0.22251852489480367,0.19866925637907146
USA_BEA,True,core,PPc_ck_2000_35_all_t,0.1760629903194129,0.22242003979283617,0.19859172285267024
USA_BEA,True,core,PPc_ck_2000_35_b9_n,0.17566364123336997,0.22198356373867936,0.19824942506061027
USA_BEA,True,core,PPc_ck_2000_35_b9_t,0.17552787729384947,0.2218302728908411,0.19812972924948033
USA_BEA,True,core,PPc_ck_2000_40_all_n,0.17633275830215903,0.2227149960441103,0.19882425400991177
USA_BEA,True,core,PPc_ck_2000_40_all_t,0.17624718495520142,0.22262130875568747,0.1987502898437327
USA_BEA,True,core,PPc_ck_2000_40_b9_n,0.17593435804772814,0.22227980135142492,0.19848150706495685
USA_BEA,True,core,PPc_ck_2000_40_b9_t,0.17580597503069634,0.22214009629263315,0.19837193243262502
USA_BEA,True,core,PPc_ck_2000_45_all_n,0.1764841029440176,0.2228795171991469,0.19895437445989955
USA_BEA,True,core,PPc_ck_2000_45_all_t,0.17640157766009598,0.22279042402712224,0.19888387335216023
USA_BEA,True,core,PPc_ck_2000_45_b9_n,0.176153181719954,0.22251852489480378,0.19866925637907146
USA_BEA,True,core,PPc_ck_2000_45_b9_t,0.17603570963943943,0.22239027577077183,0.19856831223305202
USA_BEA,True,core,PPc_edu_years,0.17204792951558792,0.21781932541829901,0.19510380483477258
